# v5 session 2026-06-25_11-23-57 pid=111721
11:24:03 [v4][main] starting custom_sortingv5
11:24:03 [v4][init] constructing node 'custom_sortingv5'
11:24:03 [v4][init] config_path=/home/ubuntu/ros2_ws/src/stepper/config/ (CHASSIS_TYPE='Slide_Rails')
11:24:03 [v4][init] waiting for kinematics/set_pose_target service...
11:24:03 [v4][init] kinematics/set_pose_target ready
11:24:03 [v4][init] bus_servo/get_state ready (full feedback enabled)
11:24:03 [v4][inference] worker thread starting
11:24:03 [v4][init] inference worker started (engine=/home/ubuntu/third_party_ros2/data/scaff_cube_best.engine)
11:24:03 [v4][engine-load] starting load: /home/ubuntu/third_party_ros2/data/scaff_cube_best.engine
11:24:03 [v4][init] camera subscriptions created (always-on) - topic /depth_cam/rgb/image_raw + camera_info
11:24:03 [v4][init] depth subscribed (candidate): /depth_cam/depth_to_color
11:24:03 [v4][init] depth subscribed (candidate): /depth_cam/depth/image_raw
11:24:03 [v4][main] spinning executor (4 threads)
11:24:03 [v4][startup] spawning sorting + transport threads
11:24:03 [v4][sorting-loop] thread started, waiting for enter+frames
11:24:03 [v4][camera] first camera_info received: fx=453.0 fy=453.0 cx=328.3 cy=243.4
11:24:03 [v4][svc] set_target red=True
11:24:03 [v4][svc] set_target green=True
11:24:03 [v4][svc] set_target blue=True
11:24:03 [v4][svc] set_target scaff=True
11:24:03 [v4][startup] v4 init finish
11:24:03 [v4][camera] depth source = /depth_cam/depth/image_raw (colour-aligned=False)
11:24:03 [v4][camera] FIRST DEPTH FRAME on /depth_cam/depth/image_raw: shape=(400, 640) dtype=uint16
11:24:03 [v4][init] captured endpoint pose t=[0.1271, 0.0000, 0.1821]
11:24:03 [v4][camera] FIRST FRAME received: (480, 640, 3) enc=rgb8
11:24:03 [v4][engine-load] YOLO() constructed in 0.11s task=obb (raw='obb', override='obb')
11:24:04 [v4][init] depth->color TF resolved + composed into hand2cam
11:24:04 [v4][svc] enable_sorting -> False
11:24:05 [v4][engine-load] warmup pass done in 1.80s
11:24:05 [v4][engine-load] engine active: /home/ubuntu/third_party_ros2/data/scaff_cube_best.engine (total load 1.91s, swap #1)
11:24:05 [v4][engine-load] class names from model.names: ['scaff', 'light blue cube', 'dark blue cube', 'red cube', 'green cube']
11:24:05 [v4][inference] first inference complete (60 ms)
11:24:05 [v4][sorting-loop] first inference result reached the loop
11:24:05 [v4][roi] reading transform.yaml from /home/ubuntu/ros2_ws/src/stepper/config/transform.yaml
11:24:05 [v4][roi]   loaded plane: [-0.012859588418433132, 0.020510806387900128, -0.9997069259573159, 0.19858713314415752]
11:24:05 [v4][roi]   yaml loaded: extristric.shape=(4, 3) corners.shape=(5, 3) white_area_center.shape=(4, 4)
11:24:05 [v4][roi]   intrinsic ready after 0.00s (shape=(3, 3)) distortion.shape=(8,)
11:24:05 [v4][roi]   extrinsic plane shift done
11:24:05 [v4][roi]   projected 4 corners to image pixels
11:24:05 [v4][roi]   computed roi (y=0..503 x=0..745) on intrinsic shape=(3, 3)
11:24:05 [v4][sorting-loop] ROI built - detection branch is now live
11:24:08 [v4][heartbeat] enter=False sorting=False cam=LIVE ai=LIVE cam_fps=52.2 pub_fps=0.0 frames=261 result_subs=0 roi=ok intrinsic=ok inference_age_ms=142 target=none transport=False sorting_thread=alive
11:24:09 [v4][publish] first frame published: shape=(480, 640, 3) step=1920 contig=True qos=reliable/depth10 topic=/custom_sortingv5/image_result
11:24:13 [v4][publish] result_subs changed: 0 -> 1
11:24:13 [v4][heartbeat] enter=False sorting=False cam=LIVE ai=LIVE cam_fps=52.8 pub_fps=23.2 frames=525 result_subs=1 roi=ok intrinsic=ok inference_age_ms=96 target=none transport=False sorting_thread=alive
11:24:18 [v4][heartbeat] enter=False sorting=False cam=LIVE ai=LIVE cam_fps=56.0 pub_fps=30.4 frames=805 result_subs=1 roi=ok intrinsic=ok inference_age_ms=148 target=none transport=False sorting_thread=alive
11:24:23 [v4][heartbeat] enter=False sorting=False cam=LIVE ai=LIVE cam_fps=50.2 pub_fps=30.2 frames=1056 result_subs=1 roi=ok intrinsic=ok inference_age_ms=83 target=none transport=False sorting_thread=alive
11:24:28 [v4][heartbeat] enter=False sorting=False cam=LIVE ai=LIVE cam_fps=55.0 pub_fps=30.4 frames=1331 result_subs=1 roi=ok intrinsic=ok inference_age_ms=154 target=none transport=False sorting_thread=alive
11:24:33 [v4][heartbeat] enter=False sorting=False cam=LIVE ai=LIVE cam_fps=52.2 pub_fps=30.2 frames=1592 result_subs=1 roi=ok intrinsic=ok inference_age_ms=91 target=none transport=False sorting_thread=alive
11:24:38 [v4][heartbeat] enter=False sorting=False cam=LIVE ai=LIVE cam_fps=53.4 pub_fps=30.4 frames=1859 result_subs=1 roi=ok intrinsic=ok inference_age_ms=45 target=none transport=False sorting_thread=alive
11:24:42 [v4][enter] enter requested (camera subs were already alive)
11:24:42 [v4][svc] enable_sorting -> True
11:24:42 [v4][sorting-loop] UNHANDLED exception — loop continuing
11:24:42 [v4][sorting-loop] EXCEPTION: TypeError: 'NoneType' object is not subscriptable
Traceback (most recent call last):
  File "/home/ubuntu/ros2_ws/build/app/app/custom_sortingv51.py", line 3737, in sorting_loop
    position, projection_matrix = self.get_object_world_position(
  File "/home/ubuntu/ros2_ws/build/app/app/custom_sortingv51.py", line 3224, in get_object_world_position
    position = white_area_center[:3, 3] + world_pose
TypeError: 'NoneType' object is not subscriptable
11:24:42 [v4][roi] reading transform.yaml from /home/ubuntu/ros2_ws/src/stepper/config/transform.yaml
11:24:42 [v4][roi]   loaded plane: [-0.012859588418433132, 0.020510806387900128, -0.9997069259573159, 0.19858713314415752]
11:24:42 [v4][roi]   yaml loaded: extristric.shape=(4, 3) corners.shape=(5, 3) white_area_center.shape=(4, 4)
11:24:42 [v4][roi]   intrinsic ready after 0.00s (shape=(3, 3)) distortion.shape=(8,)
11:24:42 [v4][roi]   extrinsic plane shift done
11:24:42 [v4][roi]   projected 4 corners to image pixels
11:24:42 [v4][roi]   computed roi (y=0..503 x=0..745) on intrinsic shape=(3, 3)
11:24:42 [v4][sorting-loop] ROI built - detection branch is now live
11:24:43 [v4][sorting-loop] LOCKED on red cube pixel=(190, 363) world=(0.161,0.030,0.025)
11:24:43 [v4][heartbeat] enter=True sorting=True cam=LIVE ai=LIVE cam_fps=54.4 pub_fps=30.2 frames=2131 result_subs=1 roi=ok intrinsic=ok inference_age_ms=118 target=red cube transport=False sorting_thread=alive
11:24:43 [v4][sorting-loop] FIRING TRANSPORT label=red cube pos=(0.161,0.030,0.025) yaw=544
11:24:43 [v4][transport] BEGIN pick red cube at (0.161,0.032,0.025) yaw_pulse=544
11:24:45 [v4][svc] enable_sorting -> False
11:24:45 [v4][pick] descend obj_top_z=0.025 grab_depth=0.030 -> z=-0.005 (worldpos=legacy/table)
11:24:45 [v4][pick] descend IK failed
11:24:45 [v4][transport] pick FAIL in 1.63s
11:24:48 [v4][heartbeat] enter=True sorting=False cam=LIVE ai=LIVE cam_fps=49.4 pub_fps=30.4 frames=2378 result_subs=1 roi=ok intrinsic=ok inference_age_ms=52 target=none transport=False sorting_thread=alive
11:24:53 [v4][heartbeat] enter=True sorting=False cam=LIVE ai=LIVE cam_fps=54.0 pub_fps=30.4 frames=2648 result_subs=1 roi=ok intrinsic=ok inference_age_ms=129 target=none transport=False sorting_thread=alive
11:24:58 [v4][heartbeat] enter=True sorting=False cam=LIVE ai=LIVE cam_fps=51.4 pub_fps=30.2 frames=2905 result_subs=1 roi=ok intrinsic=ok inference_age_ms=66 target=none transport=False sorting_thread=alive
11:25:03 [v4][heartbeat] enter=True sorting=False cam=LIVE ai=LIVE cam_fps=54.8 pub_fps=30.4 frames=3179 result_subs=1 roi=ok intrinsic=ok inference_age_ms=127 target=none transport=False sorting_thread=alive
11:25:08 [v4][heartbeat] enter=True sorting=False cam=LIVE ai=LIVE cam_fps=56.6 pub_fps=30.2 frames=3462 result_subs=1 roi=ok intrinsic=ok inference_age_ms=195 target=none transport=False sorting_thread=alive
11:25:13 [v4][heartbeat] enter=True sorting=False cam=LIVE ai=LIVE cam_fps=51.4 pub_fps=30.2 frames=3719 result_subs=1 roi=ok intrinsic=ok inference_age_ms=136 target=none transport=False sorting_thread=alive
11:25:16 [v4][svc] apply_and_persist (persist=True)
11:25:16 [v4][svc] merged ['grip_offset_x', 'grip_offset_y', 'grip_offset_z'] into /home/ubuntu/jetarm_v5_profiles/default.yaml
11:25:16 [v4][svc] apply_and_persist applied ['grip_offset_x', 'grip_offset_y', 'grip_offset_z']
11:25:18 [v4][heartbeat] enter=True sorting=False cam=LIVE ai=LIVE cam_fps=55.0 pub_fps=30.4 frames=3994 result_subs=1 roi=ok intrinsic=ok inference_age_ms=64 target=none transport=False sorting_thread=alive
11:25:20 [v4][svc] enable_sorting -> False
11:25:21 [v4][enter] enter requested (camera subs were already alive)
11:25:21 [v4][svc] enable_sorting -> True
11:25:21 [v4][sorting-loop] UNHANDLED exception — loop continuing
11:25:21 [v4][sorting-loop] EXCEPTION: TypeError: 'NoneType' object is not subscriptable
Traceback (most recent call last):
  File "/home/ubuntu/ros2_ws/build/app/app/custom_sortingv51.py", line 3737, in sorting_loop
    position, projection_matrix = self.get_object_world_position(
  File "/home/ubuntu/ros2_ws/build/app/app/custom_sortingv51.py", line 3224, in get_object_world_position
    position = white_area_center[:3, 3] + world_pose
TypeError: 'NoneType' object is not subscriptable
11:25:21 [v4][roi] reading transform.yaml from /home/ubuntu/ros2_ws/src/stepper/config/transform.yaml
11:25:21 [v4][roi]   loaded plane: [-0.012859588418433132, 0.020510806387900128, -0.9997069259573159, 0.19858713314415752]
11:25:21 [v4][roi]   yaml loaded: extristric.shape=(4, 3) corners.shape=(5, 3) white_area_center.shape=(4, 4)
11:25:21 [v4][roi]   intrinsic ready after 0.00s (shape=(3, 3)) distortion.shape=(8,)
11:25:21 [v4][roi]   extrinsic plane shift done
11:25:21 [v4][roi]   projected 4 corners to image pixels
11:25:21 [v4][roi]   computed roi (y=0..503 x=0..745) on intrinsic shape=(3, 3)
11:25:21 [v4][sorting-loop] ROI built - detection branch is now live
11:25:21 [v4][sorting-loop] LOCKED on scaff pixel=(250, 80) world=(0.208,-0.011,0.025)
11:25:22 [v4][sorting-loop] LOCKED on scaff pixel=(256, 40) world=(0.218,-0.012,0.025)
11:25:22 [v4][sorting-loop] TRACK scaff e_dist=0.0023 (thresh=0.005) still=3/4 move=0/13
11:25:23 [v4][heartbeat] enter=True sorting=True cam=LIVE ai=LIVE cam_fps=50.7 pub_fps=30.4 frames=4248 result_subs=1 roi=ok intrinsic=ok inference_age_ms=118 target=scaff transport=False sorting_thread=alive
11:25:23 [v4][sorting-loop] FIRING TRANSPORT label=scaff pos=(0.217,-0.021,0.025) yaw=635
11:25:23 [v4][transport] BEGIN pick scaff at (0.217,-0.022,0.025) yaw_pulse=635
11:25:27 [v4][pick] descend obj_top_z=0.025 grab_depth=0.030 -> z=-0.005 (worldpos=legacy/table)
11:25:28 [v4][heartbeat] enter=True sorting=True cam=LIVE ai=LIVE cam_fps=54.2 pub_fps=30.2 frames=4519 result_subs=1 roi=ok intrinsic=ok inference_age_ms=70 target=scaff transport=True sorting_thread=alive
11:25:33 [v4][pick] pick scaff complete (standard)
11:25:33 [v4][transport] pick OK in 9.39s
11:25:33 [v4][heartbeat] enter=True sorting=True cam=LIVE ai=LIVE cam_fps=55.4 pub_fps=30.4 frames=4796 result_subs=1 roi=ok intrinsic=ok inference_age_ms=137 target=scaff transport=True sorting_thread=alive
11:25:38 [v4][transport] place OK in 5.29s
11:25:38 [v4][heartbeat] enter=True sorting=True cam=LIVE ai=LIVE cam_fps=51.4 pub_fps=30.2 frames=5053 result_subs=1 roi=ok intrinsic=ok inference_age_ms=80 target=scaff transport=True sorting_thread=alive
11:25:40 [v4][sorting-loop] LOCKED on red cube pixel=(501, 339) world=(0.144,-0.069,0.025)
11:25:41 [v4][sorting-loop] TRACK red cube e_dist=0.0000 (thresh=0.005) still=5/4 move=0/13
11:25:41 [v4][sorting-loop] FIRING TRANSPORT label=red cube pos=(0.144,-0.069,0.025) yaw=756
11:25:41 [v4][transport] BEGIN pick red cube at (0.144,-0.073,0.025) yaw_pulse=756
11:25:43 [v4][heartbeat] enter=True sorting=True cam=LIVE ai=LIVE cam_fps=53.8 pub_fps=30.4 frames=5322 result_subs=1 roi=ok intrinsic=ok inference_age_ms=154 target=red cube transport=True sorting_thread=alive
11:25:44 [v4][pick] descend obj_top_z=0.025 grab_depth=0.030 -> z=-0.005 (worldpos=legacy/table)
11:25:48 [v4][heartbeat] enter=True sorting=True cam=LIVE ai=LIVE cam_fps=53.6 pub_fps=30.2 frames=5590 result_subs=1 roi=ok intrinsic=ok inference_age_ms=90 target=red cube transport=True sorting_thread=alive
11:25:49 [v4][svc] enable_sorting -> False
11:25:49 [v4][pick] pick red cube complete (standard)
11:25:49 [v4][transport] pick OK in 8.47s
11:25:49 [v4][transport] place FAIL in 0.00s
11:25:53 [v4][heartbeat] enter=True sorting=False cam=LIVE ai=LIVE cam_fps=52.8 pub_fps=30.4 frames=5854 result_subs=1 roi=ok intrinsic=ok inference_age_ms=156 target=none transport=False sorting_thread=alive
11:25:54 [v4][svc] enable_sorting -> False
11:25:54 [v4][calibrate] sorting force-stopped; starting calibration
11:25:55 [v4][calibrate] finished; rebuilding ROI from new transform.yaml
11:25:55 [v4][roi] reading transform.yaml from /home/ubuntu/ros2_ws/src/stepper/config/transform.yaml
11:25:55 [v4][roi]   loaded plane: [-0.07922171209596736, -0.9316092132107796, -0.3547227004201673, 0.0036583334081065387]
11:25:55 [v4][roi]   yaml loaded: extristric.shape=(4, 3) corners.shape=(5, 3) white_area_center.shape=(4, 4)
11:25:55 [v4][roi]   intrinsic ready after 0.00s (shape=(3, 3)) distortion.shape=(8,)
11:25:55 [v4][roi]   extrinsic plane shift done
11:25:55 [v4][roi]   projected 4 corners to image pixels
11:25:55 [v4][roi]   computed roi (y=0..395 x=0..687) on intrinsic shape=(3, 3)
11:25:55 [v4][sorting-loop] ROI built - detection branch is now live
11:25:58 [v4][heartbeat] enter=True sorting=False cam=LIVE ai=LIVE cam_fps=32.1 pub_fps=24.6 frames=6016 result_subs=1 roi=ok intrinsic=ok inference_age_ms=82 target=none transport=False sorting_thread=alive
11:26:03 [v4][heartbeat] enter=True sorting=False cam=LIVE ai=LIVE cam_fps=26.6 pub_fps=25.2 frames=6148 result_subs=1 roi=ok intrinsic=ok inference_age_ms=50 target=none transport=False sorting_thread=alive
11:26:08 [v4][heartbeat] enter=True sorting=False cam=LIVE ai=LIVE cam_fps=52.4 pub_fps=30.2 frames=6410 result_subs=1 roi=ok intrinsic=ok inference_age_ms=112 target=none transport=False sorting_thread=alive
11:26:13 [v4][heartbeat] enter=True sorting=False cam=LIVE ai=LIVE cam_fps=53.6 pub_fps=30.4 frames=6678 result_subs=1 roi=ok intrinsic=ok inference_age_ms=180 target=none transport=False sorting_thread=alive
11:26:18 [v4][heartbeat] enter=True sorting=False cam=LIVE ai=LIVE cam_fps=52.2 pub_fps=30.2 frames=6939 result_subs=1 roi=ok intrinsic=ok inference_age_ms=101 target=none transport=False sorting_thread=alive
11:26:23 [v4][heartbeat] enter=True sorting=False cam=LIVE ai=LIVE cam_fps=55.2 pub_fps=30.4 frames=7215 result_subs=1 roi=ok intrinsic=ok inference_age_ms=153 target=none transport=False sorting_thread=alive
11:26:28 [v4][heartbeat] enter=True sorting=False cam=LIVE ai=LIVE cam_fps=51.8 pub_fps=30.2 frames=7474 result_subs=1 roi=ok intrinsic=ok inference_age_ms=91 target=none transport=False sorting_thread=alive
11:26:33 [v4][heartbeat] enter=True sorting=False cam=LIVE ai=LIVE cam_fps=54.4 pub_fps=30.4 frames=7746 result_subs=1 roi=ok intrinsic=ok inference_age_ms=153 target=none transport=False sorting_thread=alive
11:26:38 [v4][heartbeat] enter=True sorting=False cam=LIVE ai=LIVE cam_fps=56.0 pub_fps=30.2 frames=8026 result_subs=1 roi=ok intrinsic=ok inference_age_ms=100 target=none transport=False sorting_thread=alive
11:26:43 [v4][heartbeat] enter=True sorting=False cam=LIVE ai=LIVE cam_fps=50.4 pub_fps=30.4 frames=8278 result_subs=1 roi=ok intrinsic=ok inference_age_ms=175 target=none transport=False sorting_thread=alive
11:26:48 [v4][heartbeat] enter=True sorting=False cam=LIVE ai=LIVE cam_fps=56.2 pub_fps=30.2 frames=8559 result_subs=1 roi=ok intrinsic=ok inference_age_ms=104 target=none transport=False sorting_thread=alive
11:26:53 [v4][heartbeat] enter=True sorting=False cam=LIVE ai=LIVE cam_fps=52.6 pub_fps=30.4 frames=8822 result_subs=1 roi=ok intrinsic=ok inference_age_ms=55 target=none transport=False sorting_thread=alive
11:26:58 [v4][heartbeat] enter=True sorting=False cam=LIVE ai=LIVE cam_fps=53.2 pub_fps=30.2 frames=9088 result_subs=1 roi=ok intrinsic=ok inference_age_ms=122 target=none transport=False sorting_thread=alive
11:27:03 [v4][heartbeat] enter=True sorting=False cam=LIVE ai=LIVE cam_fps=57.0 pub_fps=30.4 frames=9373 result_subs=1 roi=ok intrinsic=ok inference_age_ms=62 target=none transport=False sorting_thread=alive
11:27:08 [v4][heartbeat] enter=True sorting=False cam=LIVE ai=LIVE cam_fps=50.0 pub_fps=30.2 frames=9623 result_subs=1 roi=ok intrinsic=ok inference_age_ms=131 target=none transport=False sorting_thread=alive
11:27:13 [v4][heartbeat] enter=True sorting=False cam=LIVE ai=LIVE cam_fps=55.2 pub_fps=30.4 frames=9899 result_subs=1 roi=ok intrinsic=ok inference_age_ms=60 target=none transport=False sorting_thread=alive
11:27:18 [v4][heartbeat] enter=True sorting=False cam=LIVE ai=LIVE cam_fps=52.8 pub_fps=30.2 frames=10163 result_subs=1 roi=ok intrinsic=ok inference_age_ms=133 target=none transport=False sorting_thread=alive
11:27:23 [v4][heartbeat] enter=True sorting=False cam=LIVE ai=LIVE cam_fps=52.0 pub_fps=30.4 frames=10423 result_subs=1 roi=ok intrinsic=ok inference_age_ms=75 target=none transport=False sorting_thread=alive
11:27:28 [v4][heartbeat] enter=True sorting=False cam=LIVE ai=LIVE cam_fps=56.8 pub_fps=30.2 frames=10707 result_subs=1 roi=ok intrinsic=ok inference_age_ms=151 target=none transport=False sorting_thread=alive
11:27:33 [v4][heartbeat] enter=True sorting=False cam=LIVE ai=LIVE cam_fps=51.6 pub_fps=30.4 frames=10965 result_subs=1 roi=ok intrinsic=ok inference_age_ms=83 target=none transport=False sorting_thread=alive
11:27:38 [v4][heartbeat] enter=True sorting=False cam=LIVE ai=LIVE cam_fps=54.6 pub_fps=30.2 frames=11238 result_subs=1 roi=ok intrinsic=ok inference_age_ms=161 target=none transport=False sorting_thread=alive
11:27:40 [v4][svc] enable_sorting -> False
11:27:40 [v4][calibrate] sorting force-stopped; starting calibration
11:27:41 [v4][calibrate] finished; rebuilding ROI from new transform.yaml
11:27:41 [v4][roi] reading transform.yaml from /home/ubuntu/ros2_ws/src/stepper/config/transform.yaml
11:27:41 [v4][roi]   loaded plane: [-0.0112729529515747, -0.1096022455519604, -0.9939115998426215, 0.2231795632398251]
11:27:41 [v4][roi]   yaml loaded: extristric.shape=(4, 3) corners.shape=(5, 3) white_area_center.shape=(4, 4)
11:27:41 [v4][roi]   intrinsic ready after 0.00s (shape=(3, 3)) distortion.shape=(8,)
11:27:41 [v4][roi]   extrinsic plane shift done
11:27:41 [v4][roi]   projected 4 corners to image pixels
11:27:41 [v4][roi]   computed roi (y=82..388 x=136..531) on intrinsic shape=(3, 3)
11:27:41 [v4][sorting-loop] ROI built - detection branch is now live
11:27:43 [v4][heartbeat] enter=True sorting=False cam=LIVE ai=LIVE cam_fps=31.7 pub_fps=25.4 frames=11398 result_subs=1 roi=ok intrinsic=ok inference_age_ms=108 target=none transport=False sorting_thread=alive
11:27:48 [v4][heartbeat] enter=True sorting=False cam=LIVE ai=LIVE cam_fps=21.6 pub_fps=23.2 frames=11505 result_subs=1 roi=ok intrinsic=ok inference_age_ms=148 target=none transport=False sorting_thread=alive
11:27:53 [v4][heartbeat] enter=True sorting=False cam=LIVE ai=LIVE cam_fps=54.8 pub_fps=30.4 frames=11779 result_subs=1 roi=ok intrinsic=ok inference_age_ms=79 target=none transport=False sorting_thread=alive
11:27:58 [v4][heartbeat] enter=True sorting=False cam=LIVE ai=LIVE cam_fps=40.5 pub_fps=30.3 frames=11982 result_subs=1 roi=ok intrinsic=ok inference_age_ms=137 target=none transport=False sorting_thread=alive
11:28:03 [v4][heartbeat] enter=True sorting=False cam=LIVE ai=LIVE cam_fps=38.3 pub_fps=30.2 frames=12173 result_subs=1 roi=ok intrinsic=ok inference_age_ms=159 target=none transport=False sorting_thread=alive
11:28:08 [v4][heartbeat] enter=True sorting=False cam=LIVE ai=LIVE cam_fps=39.6 pub_fps=30.4 frames=12371 result_subs=1 roi=ok intrinsic=ok inference_age_ms=56 target=none transport=False sorting_thread=alive
11:28:13 [v4][heartbeat] enter=True sorting=False cam=LIVE ai=LIVE cam_fps=36.2 pub_fps=30.2 frames=12552 result_subs=1 roi=ok intrinsic=ok inference_age_ms=82 target=none transport=False sorting_thread=alive
11:28:18 [v4][heartbeat] enter=True sorting=False cam=LIVE ai=LIVE cam_fps=39.3 pub_fps=30.1 frames=12749 result_subs=1 roi=ok intrinsic=ok inference_age_ms=115 target=none transport=False sorting_thread=alive
11:28:23 [v4][heartbeat] enter=True sorting=False cam=LIVE ai=LIVE cam_fps=38.1 pub_fps=30.4 frames=12939 result_subs=1 roi=ok intrinsic=ok inference_age_ms=177 target=none transport=False sorting_thread=alive
11:28:28 [v4][heartbeat] enter=True sorting=False cam=LIVE ai=LIVE cam_fps=38.7 pub_fps=30.3 frames=13133 result_subs=1 roi=ok intrinsic=ok inference_age_ms=74 target=none transport=False sorting_thread=alive
11:28:33 [v4][heartbeat] enter=True sorting=False cam=LIVE ai=LIVE cam_fps=36.7 pub_fps=30.3 frames=13316 result_subs=1 roi=ok intrinsic=ok inference_age_ms=74 target=none transport=False sorting_thread=alive
11:28:38 [v4][heartbeat] enter=True sorting=False cam=LIVE ai=LIVE cam_fps=38.5 pub_fps=30.3 frames=13509 result_subs=1 roi=ok intrinsic=ok inference_age_ms=122 target=none transport=False sorting_thread=alive
11:28:43 [v4][heartbeat] enter=True sorting=False cam=LIVE ai=LIVE cam_fps=38.2 pub_fps=30.2 frames=13700 result_subs=1 roi=ok intrinsic=ok inference_age_ms=170 target=none transport=False sorting_thread=alive
11:28:48 [v4][heartbeat] enter=True sorting=False cam=LIVE ai=LIVE cam_fps=38.8 pub_fps=30.4 frames=13894 result_subs=1 roi=ok intrinsic=ok inference_age_ms=84 target=none transport=False sorting_thread=alive
11:28:53 [v4][heartbeat] enter=True sorting=False cam=LIVE ai=LIVE cam_fps=38.2 pub_fps=30.2 frames=14085 result_subs=1 roi=ok intrinsic=ok inference_age_ms=238 target=none transport=False sorting_thread=alive
11:28:58 [v4][heartbeat] enter=True sorting=False cam=LIVE ai=LIVE cam_fps=38.4 pub_fps=30.2 frames=14277 result_subs=1 roi=ok intrinsic=ok inference_age_ms=147 target=none transport=False sorting_thread=alive
11:29:03 [v4][heartbeat] enter=True sorting=False cam=LIVE ai=LIVE cam_fps=37.8 pub_fps=30.4 frames=14466 result_subs=1 roi=ok intrinsic=ok inference_age_ms=162 target=none transport=False sorting_thread=alive
11:29:08 [v4][heartbeat] enter=True sorting=False cam=LIVE ai=LIVE cam_fps=38.8 pub_fps=30.4 frames=14660 result_subs=1 roi=ok intrinsic=ok inference_age_ms=55 target=none transport=False sorting_thread=alive
11:29:13 [v4][heartbeat] enter=True sorting=False cam=LIVE ai=LIVE cam_fps=37.0 pub_fps=30.2 frames=14845 result_subs=1 roi=ok intrinsic=ok inference_age_ms=89 target=none transport=False sorting_thread=alive
11:29:18 [v4][heartbeat] enter=True sorting=False cam=LIVE ai=LIVE cam_fps=40.9 pub_fps=30.4 frames=15050 result_subs=1 roi=ok intrinsic=ok inference_age_ms=143 target=none transport=False sorting_thread=alive
11:29:21 [v4][calibrate] plane fit: [-0.01282774162515112, -0.11396955059268872, -0.9934014246932098, 0.22194451531482334]
11:29:21 [v4][calibrate] plane refit: persisted
11:29:21 [v4][roi] reading transform.yaml from /home/ubuntu/ros2_ws/src/stepper/config/transform.yaml
11:29:21 [v4][roi]   loaded plane: [-0.01282774162515112, -0.11396955059268872, -0.9934014246932098, 0.22194451531482334]
11:29:21 [v4][roi]   yaml loaded: extristric.shape=(4, 3) corners.shape=(5, 3) white_area_center.shape=(4, 4)
11:29:21 [v4][roi]   intrinsic ready after 0.00s (shape=(3, 3)) distortion.shape=(8,)
11:29:21 [v4][roi]   extrinsic plane shift done
11:29:21 [v4][roi]   projected 4 corners to image pixels
11:29:21 [v4][roi]   computed roi (y=82..388 x=136..531) on intrinsic shape=(3, 3)
11:29:21 [v4][sorting-loop] ROI built - detection branch is now live
11:29:23 [v4][heartbeat] enter=True sorting=False cam=LIVE ai=LIVE cam_fps=39.5 pub_fps=30.3 frames=15247 result_subs=1 roi=ok intrinsic=ok inference_age_ms=157 target=none transport=False sorting_thread=alive
11:29:28 [v4][heartbeat] enter=True sorting=False cam=LIVE ai=LIVE cam_fps=37.8 pub_fps=30.4 frames=15436 result_subs=1 roi=ok intrinsic=ok inference_age_ms=165 target=none transport=False sorting_thread=alive
11:29:33 [v4][heartbeat] enter=True sorting=False cam=LIVE ai=LIVE cam_fps=40.6 pub_fps=30.2 frames=15639 result_subs=1 roi=ok intrinsic=ok inference_age_ms=78 target=none transport=False sorting_thread=alive
11:29:38 [v4][heartbeat] enter=True sorting=False cam=LIVE ai=LIVE cam_fps=42.8 pub_fps=30.4 frames=15853 result_subs=1 roi=ok intrinsic=ok inference_age_ms=111 target=none transport=False sorting_thread=alive
11:29:43 [v4][heartbeat] enter=True sorting=False cam=LIVE ai=LIVE cam_fps=36.8 pub_fps=30.2 frames=16037 result_subs=1 roi=ok intrinsic=ok inference_age_ms=136 target=none transport=False sorting_thread=alive
11:29:48 [v4][heartbeat] enter=True sorting=False cam=LIVE ai=LIVE cam_fps=39.0 pub_fps=30.4 frames=16232 result_subs=1 roi=ok intrinsic=ok inference_age_ms=174 target=none transport=False sorting_thread=alive
11:29:53 [v4][enter] enter requested (camera subs were already alive)
11:29:53 [v4][svc] enable_sorting -> True
11:29:53 [v4][heartbeat] enter=True sorting=True cam=LIVE ai=LIVE cam_fps=37.4 pub_fps=30.2 frames=16419 result_subs=1 roi=NONE intrinsic=ok inference_age_ms=90 target=none transport=False sorting_thread=alive
11:29:53 [v4][sorting-loop] UNHANDLED exception — loop continuing
11:29:53 [v4][sorting-loop] EXCEPTION: TypeError: 'NoneType' object is not subscriptable
Traceback (most recent call last):
  File "/home/ubuntu/ros2_ws/build/app/app/custom_sortingv51.py", line 3737, in sorting_loop
    position, projection_matrix = self.get_object_world_position(
  File "/home/ubuntu/ros2_ws/build/app/app/custom_sortingv51.py", line 3224, in get_object_world_position
    position = white_area_center[:3, 3] + world_pose
TypeError: 'NoneType' object is not subscriptable
11:29:53 [v4][roi] reading transform.yaml from /home/ubuntu/ros2_ws/src/stepper/config/transform.yaml
11:29:53 [v4][roi]   loaded plane: [-0.01282774162515112, -0.11396955059268872, -0.9934014246932098, 0.22194451531482334]
11:29:53 [v4][roi]   yaml loaded: extristric.shape=(4, 3) corners.shape=(5, 3) white_area_center.shape=(4, 4)
11:29:53 [v4][roi]   intrinsic ready after 0.00s (shape=(3, 3)) distortion.shape=(8,)
11:29:53 [v4][roi]   extrinsic plane shift done
11:29:53 [v4][roi]   projected 4 corners to image pixels
11:29:53 [v4][roi]   computed roi (y=82..388 x=136..531) on intrinsic shape=(3, 3)
11:29:53 [v4][sorting-loop] ROI built - detection branch is now live
11:29:53 [v4][sorting-loop] LOCKED on red cube pixel=(178, 354) world=(0.130,0.041,0.025)
11:29:54 [v4][sorting-loop] FIRING TRANSPORT label=red cube pos=(0.130,0.041,0.025) yaw=572
11:29:54 [v4][transport] BEGIN pick red cube at (0.130,0.043,0.025) yaw_pulse=572
11:29:57 [v4][pick] descend obj_top_z=0.025 grab_depth=0.030 -> z=-0.005 (worldpos=legacy/table)
11:29:58 [v4][heartbeat] enter=True sorting=True cam=LIVE ai=LIVE cam_fps=40.0 pub_fps=30.4 frames=16619 result_subs=1 roi=ok intrinsic=ok inference_age_ms=122 target=red cube transport=True sorting_thread=alive
11:29:58 [v4][svc] enable_sorting -> False
11:29:58 [v4][pick] lift IK failed
11:29:58 [v4][transport] pick FAIL in 4.10s
11:30:03 [v4][svc] enable_sorting -> False
11:30:03 [v4][heartbeat] enter=True sorting=False cam=LIVE ai=LIVE cam_fps=38.0 pub_fps=30.4 frames=16809 result_subs=1 roi=ok intrinsic=ok inference_age_ms=128 target=none transport=False sorting_thread=alive
11:30:03 [v4][calibrate] sorting force-stopped; starting calibration
11:30:08 [v4][heartbeat] enter=True sorting=False cam=LIVE ai=LIVE cam_fps=27.0 pub_fps=30.2 frames=16944 result_subs=1 roi=ok intrinsic=ok inference_age_ms=149 target=none transport=False sorting_thread=alive
11:30:13 [v4][heartbeat] enter=True sorting=False cam=LIVE ai=LIVE cam_fps=37.7 pub_fps=30.3 frames=17133 result_subs=1 roi=ok intrinsic=ok inference_age_ms=202 target=none transport=False sorting_thread=alive
11:30:14 [v4][calibrate] finished; rebuilding ROI from new transform.yaml
11:30:14 [v4][roi] reading transform.yaml from /home/ubuntu/ros2_ws/src/stepper/config/transform.yaml
11:30:14 [v4][roi]   loaded plane: [-0.0112729529515747, -0.1096022455519604, -0.9939115998426215, 0.2231795632398251]
11:30:14 [v4][roi]   yaml loaded: extristric.shape=(4, 3) corners.shape=(5, 3) white_area_center.shape=(4, 4)
11:30:14 [v4][roi]   intrinsic ready after 0.00s (shape=(3, 3)) distortion.shape=(8,)
11:30:14 [v4][roi]   extrinsic plane shift done
11:30:14 [v4][roi]   projected 4 corners to image pixels
11:30:14 [v4][roi]   computed roi (y=0..606 x=0..669) on intrinsic shape=(3, 3)
11:30:14 [v4][sorting-loop] ROI built - detection branch is now live
11:30:18 [v4][heartbeat] enter=True sorting=False cam=LIVE ai=LIVE cam_fps=12.7 pub_fps=19.9 frames=17197 result_subs=1 roi=ok intrinsic=ok inference_age_ms=159 target=none transport=False sorting_thread=alive
11:30:23 [v4][heartbeat] enter=True sorting=False cam=LIVE ai=LIVE cam_fps=32.2 pub_fps=27.8 frames=17357 result_subs=1 roi=ok intrinsic=ok inference_age_ms=139 target=none transport=False sorting_thread=alive
11:30:28 [v4][heartbeat] enter=True sorting=False cam=LIVE ai=LIVE cam_fps=34.6 pub_fps=30.2 frames=17530 result_subs=1 roi=ok intrinsic=ok inference_age_ms=172 target=none transport=False sorting_thread=alive
11:30:33 [v4][heartbeat] enter=True sorting=False cam=LIVE ai=LIVE cam_fps=34.0 pub_fps=30.4 frames=17700 result_subs=1 roi=ok intrinsic=ok inference_age_ms=78 target=none transport=False sorting_thread=alive
11:30:38 [v4][heartbeat] enter=True sorting=False cam=LIVE ai=LIVE cam_fps=40.6 pub_fps=30.2 frames=17903 result_subs=1 roi=ok intrinsic=ok inference_age_ms=115 target=none transport=False sorting_thread=alive
11:30:43 [v4][heartbeat] enter=True sorting=False cam=LIVE ai=LIVE cam_fps=35.7 pub_fps=30.3 frames=18082 result_subs=1 roi=ok intrinsic=ok inference_age_ms=130 target=none transport=False sorting_thread=alive
11:30:48 [v4][heartbeat] enter=True sorting=False cam=LIVE ai=LIVE cam_fps=36.3 pub_fps=30.1 frames=18263 result_subs=1 roi=ok intrinsic=ok inference_age_ms=146 target=none transport=False sorting_thread=alive
11:30:53 [v4][heartbeat] enter=True sorting=False cam=LIVE ai=LIVE cam_fps=38.6 pub_fps=30.6 frames=18456 result_subs=1 roi=ok intrinsic=ok inference_age_ms=78 target=none transport=False sorting_thread=alive
11:30:58 [v4][heartbeat] enter=True sorting=False cam=LIVE ai=LIVE cam_fps=32.3 pub_fps=30.1 frames=18618 result_subs=1 roi=ok intrinsic=ok inference_age_ms=130 target=none transport=False sorting_thread=alive
11:31:03 [v4][heartbeat] enter=True sorting=False cam=LIVE ai=LIVE cam_fps=36.5 pub_fps=30.5 frames=18800 result_subs=1 roi=ok intrinsic=ok inference_age_ms=144 target=none transport=False sorting_thread=alive
11:31:08 [v4][heartbeat] enter=True sorting=False cam=LIVE ai=LIVE cam_fps=34.8 pub_fps=30.2 frames=18974 result_subs=1 roi=ok intrinsic=ok inference_age_ms=120 target=none transport=False sorting_thread=alive
11:31:13 [v4][heartbeat] enter=True sorting=False cam=LIVE ai=LIVE cam_fps=34.9 pub_fps=30.1 frames=19149 result_subs=1 roi=ok intrinsic=ok inference_age_ms=160 target=none transport=False sorting_thread=alive
11:31:18 [v4][heartbeat] enter=True sorting=False cam=LIVE ai=LIVE cam_fps=37.3 pub_fps=30.3 frames=19335 result_subs=1 roi=ok intrinsic=ok inference_age_ms=50 target=none transport=False sorting_thread=alive
11:31:23 [v4][heartbeat] enter=True sorting=False cam=LIVE ai=LIVE cam_fps=34.4 pub_fps=30.2 frames=19507 result_subs=1 roi=ok intrinsic=ok inference_age_ms=76 target=none transport=False sorting_thread=alive
11:31:28 [v4][heartbeat] enter=True sorting=False cam=LIVE ai=LIVE cam_fps=36.8 pub_fps=30.4 frames=19691 result_subs=1 roi=ok intrinsic=ok inference_age_ms=123 target=none transport=False sorting_thread=alive
11:31:33 [v4][heartbeat] enter=True sorting=False cam=LIVE ai=LIVE cam_fps=36.6 pub_fps=30.4 frames=19874 result_subs=1 roi=ok intrinsic=ok inference_age_ms=140 target=none transport=False sorting_thread=alive
11:31:38 [v4][heartbeat] enter=True sorting=False cam=LIVE ai=LIVE cam_fps=35.6 pub_fps=30.2 frames=20052 result_subs=1 roi=ok intrinsic=ok inference_age_ms=145 target=none transport=False sorting_thread=alive
11:31:43 [v4][heartbeat] enter=True sorting=False cam=LIVE ai=LIVE cam_fps=38.6 pub_fps=30.2 frames=20245 result_subs=1 roi=ok intrinsic=ok inference_age_ms=155 target=none transport=False sorting_thread=alive
11:31:48 [v4][heartbeat] enter=True sorting=False cam=LIVE ai=LIVE cam_fps=34.2 pub_fps=30.2 frames=20416 result_subs=1 roi=ok intrinsic=ok inference_age_ms=163 target=none transport=False sorting_thread=alive
11:31:53 [v4][heartbeat] enter=True sorting=False cam=LIVE ai=LIVE cam_fps=38.8 pub_fps=30.6 frames=20610 result_subs=1 roi=ok intrinsic=ok inference_age_ms=131 target=none transport=False sorting_thread=alive
11:31:58 [v4][heartbeat] enter=True sorting=False cam=LIVE ai=LIVE cam_fps=36.6 pub_fps=30.2 frames=20793 result_subs=1 roi=ok intrinsic=ok inference_age_ms=157 target=none transport=False sorting_thread=alive
11:32:03 [v4][heartbeat] enter=True sorting=False cam=LIVE ai=LIVE cam_fps=35.0 pub_fps=30.4 frames=20968 result_subs=1 roi=ok intrinsic=ok inference_age_ms=71 target=none transport=False sorting_thread=alive
11:32:08 [v4][heartbeat] enter=True sorting=False cam=LIVE ai=LIVE cam_fps=38.9 pub_fps=30.1 frames=21163 result_subs=1 roi=ok intrinsic=ok inference_age_ms=195 target=none transport=False sorting_thread=alive
11:32:13 [v4][heartbeat] enter=True sorting=False cam=LIVE ai=LIVE cam_fps=33.8 pub_fps=30.4 frames=21332 result_subs=1 roi=ok intrinsic=ok inference_age_ms=75 target=none transport=False sorting_thread=alive
11:32:18 [v4][heartbeat] enter=True sorting=False cam=LIVE ai=LIVE cam_fps=36.8 pub_fps=30.2 frames=21516 result_subs=1 roi=ok intrinsic=ok inference_age_ms=90 target=none transport=False sorting_thread=alive
11:32:23 [v4][heartbeat] enter=True sorting=False cam=LIVE ai=LIVE cam_fps=36.2 pub_fps=30.4 frames=21697 result_subs=1 roi=ok intrinsic=ok inference_age_ms=129 target=none transport=False sorting_thread=alive
11:32:28 [v4][heartbeat] enter=True sorting=False cam=LIVE ai=LIVE cam_fps=34.0 pub_fps=30.2 frames=21867 result_subs=1 roi=ok intrinsic=ok inference_age_ms=152 target=none transport=False sorting_thread=alive
11:32:33 [v4][heartbeat] enter=True sorting=False cam=LIVE ai=LIVE cam_fps=39.4 pub_fps=30.4 frames=22064 result_subs=1 roi=ok intrinsic=ok inference_age_ms=179 target=none transport=False sorting_thread=alive
11:32:38 [v4][heartbeat] enter=True sorting=False cam=LIVE ai=LIVE cam_fps=33.6 pub_fps=30.2 frames=22232 result_subs=1 roi=ok intrinsic=ok inference_age_ms=59 target=none transport=False sorting_thread=alive
11:32:43 [v4][heartbeat] enter=True sorting=False cam=LIVE ai=LIVE cam_fps=32.8 pub_fps=30.4 frames=22396 result_subs=1 roi=ok intrinsic=ok inference_age_ms=74 target=none transport=False sorting_thread=alive
11:32:48 [v4][heartbeat] enter=True sorting=False cam=LIVE ai=LIVE cam_fps=37.6 pub_fps=30.2 frames=22584 result_subs=1 roi=ok intrinsic=ok inference_age_ms=75 target=none transport=False sorting_thread=alive
11:32:53 [v4][heartbeat] enter=True sorting=False cam=LIVE ai=LIVE cam_fps=34.0 pub_fps=30.4 frames=22754 result_subs=1 roi=ok intrinsic=ok inference_age_ms=81 target=none transport=False sorting_thread=alive
11:32:58 [v4][heartbeat] enter=True sorting=False cam=LIVE ai=LIVE cam_fps=36.6 pub_fps=30.2 frames=22937 result_subs=1 roi=ok intrinsic=ok inference_age_ms=147 target=none transport=False sorting_thread=alive
11:33:03 [v4][heartbeat] enter=True sorting=False cam=LIVE ai=LIVE cam_fps=35.8 pub_fps=30.4 frames=23116 result_subs=1 roi=ok intrinsic=ok inference_age_ms=185 target=none transport=False sorting_thread=alive
11:33:08 [v4][heartbeat] enter=True sorting=False cam=LIVE ai=LIVE cam_fps=34.4 pub_fps=30.4 frames=23288 result_subs=1 roi=ok intrinsic=ok inference_age_ms=74 target=none transport=False sorting_thread=alive
11:33:13 [v4][heartbeat] enter=True sorting=False cam=LIVE ai=LIVE cam_fps=35.4 pub_fps=30.2 frames=23465 result_subs=1 roi=ok intrinsic=ok inference_age_ms=112 target=none transport=False sorting_thread=alive
11:33:18 [v4][heartbeat] enter=True sorting=False cam=LIVE ai=LIVE cam_fps=34.6 pub_fps=30.4 frames=23638 result_subs=1 roi=ok intrinsic=ok inference_age_ms=117 target=none transport=False sorting_thread=alive
11:33:23 [v4][heartbeat] enter=True sorting=False cam=LIVE ai=LIVE cam_fps=40.6 pub_fps=30.0 frames=23841 result_subs=1 roi=ok intrinsic=ok inference_age_ms=144 target=none transport=False sorting_thread=alive
11:33:28 [v4][heartbeat] enter=True sorting=False cam=LIVE ai=LIVE cam_fps=38.0 pub_fps=30.2 frames=24031 result_subs=1 roi=ok intrinsic=ok inference_age_ms=40 target=none transport=False sorting_thread=alive
11:33:33 [v4][heartbeat] enter=True sorting=False cam=LIVE ai=LIVE cam_fps=39.4 pub_fps=30.4 frames=24228 result_subs=1 roi=ok intrinsic=ok inference_age_ms=59 target=none transport=False sorting_thread=alive
11:33:38 [v4][heartbeat] enter=True sorting=False cam=LIVE ai=LIVE cam_fps=40.6 pub_fps=30.4 frames=24431 result_subs=1 roi=ok intrinsic=ok inference_age_ms=66 target=none transport=False sorting_thread=alive
11:33:43 [v4][heartbeat] enter=True sorting=False cam=LIVE ai=LIVE cam_fps=34.4 pub_fps=30.2 frames=24603 result_subs=1 roi=ok intrinsic=ok inference_age_ms=89 target=none transport=False sorting_thread=alive
11:33:48 [v4][heartbeat] enter=True sorting=False cam=LIVE ai=LIVE cam_fps=39.0 pub_fps=30.2 frames=24798 result_subs=1 roi=ok intrinsic=ok inference_age_ms=119 target=none transport=False sorting_thread=alive
11:33:53 [v4][heartbeat] enter=True sorting=False cam=LIVE ai=LIVE cam_fps=37.0 pub_fps=30.4 frames=24983 result_subs=1 roi=ok intrinsic=ok inference_age_ms=150 target=none transport=False sorting_thread=alive
11:33:58 [v4][heartbeat] enter=True sorting=False cam=LIVE ai=LIVE cam_fps=33.2 pub_fps=30.2 frames=25149 result_subs=1 roi=ok intrinsic=ok inference_age_ms=41 target=none transport=False sorting_thread=alive
11:34:03 [v4][heartbeat] enter=True sorting=False cam=LIVE ai=LIVE cam_fps=40.7 pub_fps=30.3 frames=25353 result_subs=1 roi=ok intrinsic=ok inference_age_ms=183 target=none transport=False sorting_thread=alive
11:34:08 [v4][heartbeat] enter=True sorting=False cam=LIVE ai=LIVE cam_fps=37.2 pub_fps=30.4 frames=25539 result_subs=1 roi=ok intrinsic=ok inference_age_ms=180 target=none transport=False sorting_thread=alive
11:34:13 [v4][heartbeat] enter=True sorting=False cam=LIVE ai=LIVE cam_fps=35.1 pub_fps=30.3 frames=25714 result_subs=1 roi=ok intrinsic=ok inference_age_ms=177 target=none transport=False sorting_thread=alive
11:34:18 [v4][heartbeat] enter=True sorting=False cam=LIVE ai=LIVE cam_fps=37.8 pub_fps=30.4 frames=25903 result_subs=1 roi=ok intrinsic=ok inference_age_ms=64 target=none transport=False sorting_thread=alive
11:34:23 [v4][heartbeat] enter=True sorting=False cam=LIVE ai=LIVE cam_fps=37.4 pub_fps=30.2 frames=26090 result_subs=1 roi=ok intrinsic=ok inference_age_ms=229 target=none transport=False sorting_thread=alive
11:34:28 [v4][heartbeat] enter=True sorting=False cam=LIVE ai=LIVE cam_fps=40.4 pub_fps=30.3 frames=26293 result_subs=1 roi=ok intrinsic=ok inference_age_ms=149 target=none transport=False sorting_thread=alive
11:34:33 [v4][heartbeat] enter=True sorting=False cam=LIVE ai=LIVE cam_fps=33.6 pub_fps=30.4 frames=26460 result_subs=1 roi=ok intrinsic=ok inference_age_ms=66 target=none transport=False sorting_thread=alive
11:34:38 [v4][heartbeat] enter=True sorting=False cam=LIVE ai=LIVE cam_fps=37.0 pub_fps=30.4 frames=26645 result_subs=1 roi=ok intrinsic=ok inference_age_ms=94 target=none transport=False sorting_thread=alive
11:34:43 [v4][heartbeat] enter=True sorting=False cam=LIVE ai=LIVE cam_fps=35.9 pub_fps=30.1 frames=26825 result_subs=1 roi=ok intrinsic=ok inference_age_ms=127 target=none transport=False sorting_thread=alive
11:34:48 [v4][heartbeat] enter=True sorting=False cam=LIVE ai=LIVE cam_fps=35.7 pub_fps=30.3 frames=27003 result_subs=1 roi=ok intrinsic=ok inference_age_ms=116 target=none transport=False sorting_thread=alive
11:34:53 [v4][heartbeat] enter=True sorting=False cam=LIVE ai=LIVE cam_fps=38.2 pub_fps=30.2 frames=27194 result_subs=1 roi=ok intrinsic=ok inference_age_ms=103 target=none transport=False sorting_thread=alive
11:34:58 [v4][heartbeat] enter=True sorting=False cam=LIVE ai=LIVE cam_fps=33.6 pub_fps=30.4 frames=27362 result_subs=1 roi=ok intrinsic=ok inference_age_ms=126 target=none transport=False sorting_thread=alive
11:35:03 [v4][heartbeat] enter=True sorting=False cam=LIVE ai=LIVE cam_fps=34.8 pub_fps=30.2 frames=27536 result_subs=1 roi=ok intrinsic=ok inference_age_ms=117 target=none transport=False sorting_thread=alive
11:35:08 [v4][heartbeat] enter=True sorting=False cam=LIVE ai=LIVE cam_fps=39.5 pub_fps=30.4 frames=27733 result_subs=1 roi=ok intrinsic=ok inference_age_ms=121 target=none transport=False sorting_thread=alive
11:35:13 [v4][heartbeat] enter=True sorting=False cam=LIVE ai=LIVE cam_fps=33.2 pub_fps=30.0 frames=27899 result_subs=1 roi=ok intrinsic=ok inference_age_ms=169 target=none transport=False sorting_thread=alive
11:35:18 [v4][heartbeat] enter=True sorting=False cam=LIVE ai=LIVE cam_fps=39.0 pub_fps=30.6 frames=28094 result_subs=1 roi=ok intrinsic=ok inference_age_ms=204 target=none transport=False sorting_thread=alive
11:35:23 [v4][heartbeat] enter=True sorting=False cam=LIVE ai=LIVE cam_fps=37.3 pub_fps=30.4 frames=28281 result_subs=1 roi=ok intrinsic=ok inference_age_ms=120 target=none transport=False sorting_thread=alive
11:35:28 [v4][heartbeat] enter=True sorting=False cam=LIVE ai=LIVE cam_fps=33.2 pub_fps=30.2 frames=28447 result_subs=1 roi=ok intrinsic=ok inference_age_ms=121 target=none transport=False sorting_thread=alive
11:35:33 [v4][heartbeat] enter=True sorting=False cam=LIVE ai=LIVE cam_fps=39.1 pub_fps=30.1 frames=28643 result_subs=1 roi=ok intrinsic=ok inference_age_ms=159 target=none transport=False sorting_thread=alive
11:35:38 [v4][heartbeat] enter=True sorting=False cam=LIVE ai=LIVE cam_fps=33.3 pub_fps=30.5 frames=28809 result_subs=1 roi=ok intrinsic=ok inference_age_ms=142 target=none transport=False sorting_thread=alive
11:35:43 [v4][heartbeat] enter=True sorting=False cam=LIVE ai=LIVE cam_fps=39.0 pub_fps=30.2 frames=29004 result_subs=1 roi=ok intrinsic=ok inference_age_ms=89 target=none transport=False sorting_thread=alive
11:35:48 [v4][heartbeat] enter=True sorting=False cam=LIVE ai=LIVE cam_fps=33.2 pub_fps=30.4 frames=29170 result_subs=1 roi=ok intrinsic=ok inference_age_ms=99 target=none transport=False sorting_thread=alive
11:35:53 [v4][heartbeat] enter=True sorting=False cam=LIVE ai=LIVE cam_fps=33.6 pub_fps=30.2 frames=29338 result_subs=1 roi=ok intrinsic=ok inference_age_ms=109 target=none transport=False sorting_thread=alive
11:35:56 [v4][enter] enter requested (camera subs were already alive)
11:35:56 [v4][roi] reading transform.yaml from /home/ubuntu/ros2_ws/src/stepper/config/transform.yaml
11:35:56 [v4][svc] enable_sorting -> True
11:35:56 [v4][roi]   loaded plane: [-0.0112729529515747, -0.1096022455519604, -0.9939115998426215, 0.2231795632398251]
11:35:56 [v4][roi]   yaml loaded: extristric.shape=(4, 3) corners.shape=(5, 3) white_area_center.shape=(4, 4)
11:35:56 [v4][roi]   intrinsic ready after 0.00s (shape=(3, 3)) distortion.shape=(8,)
11:35:56 [v4][roi]   extrinsic plane shift done
11:35:56 [v4][roi]   projected 4 corners to image pixels
11:35:56 [v4][roi]   computed roi (y=0..606 x=0..669) on intrinsic shape=(3, 3)
11:35:56 [v4][sorting-loop] ROI built - detection branch is now live
11:35:56 [v4][sorting-loop] LOCKED on red cube pixel=(508, 338) world=(0.105,-0.067,0.025)
11:35:57 [v4][sorting-loop] FIRING TRANSPORT label=red cube pos=(0.105,-0.067,0.025) yaw=727
11:35:57 [v4][transport] BEGIN pick red cube at (0.105,-0.072,0.025) yaw_pulse=727
11:35:58 [v4][heartbeat] enter=True sorting=True cam=LIVE ai=LIVE cam_fps=37.6 pub_fps=30.4 frames=29526 result_subs=1 roi=ok intrinsic=ok inference_age_ms=37 target=red cube transport=True sorting_thread=alive
11:36:01 [v4][pick] descend obj_top_z=0.025 grab_depth=0.030 -> z=-0.005 (worldpos=legacy/table)
11:36:01 [v4][pick] descend IK failed
11:36:01 [v4][transport] pick FAIL in 3.63s
11:36:03 [v4][heartbeat] enter=True sorting=True cam=LIVE ai=LIVE cam_fps=36.0 pub_fps=30.4 frames=29706 result_subs=1 roi=ok intrinsic=ok inference_age_ms=84 target=red cube transport=True sorting_thread=alive
11:36:03 [v4][sorting-loop] LOCKED on red cube pixel=(506, 338) world=(0.105,-0.067,0.025)
11:36:05 [v4][sorting-loop] FIRING TRANSPORT label=red cube pos=(0.105,-0.067,0.025) yaw=349
11:36:05 [v4][transport] BEGIN pick red cube at (0.105,-0.071,0.025) yaw_pulse=349
11:36:08 [v4][heartbeat] enter=True sorting=True cam=LIVE ai=LIVE cam_fps=39.4 pub_fps=30.2 frames=29903 result_subs=1 roi=ok intrinsic=ok inference_age_ms=132 target=red cube transport=True sorting_thread=alive
11:36:08 [v4][pick] descend obj_top_z=0.025 grab_depth=0.030 -> z=-0.005 (worldpos=legacy/table)
11:36:08 [v4][pick] descend IK failed
11:36:09 [v4][transport] pick FAIL in 3.65s
11:36:11 [v4][sorting-loop] LOCKED on red cube pixel=(505, 341) world=(0.104,-0.066,0.025)
11:36:12 [v4][sorting-loop] FIRING TRANSPORT label=red cube pos=(0.105,-0.066,0.025) yaw=349
11:36:12 [v4][transport] BEGIN pick red cube at (0.105,-0.071,0.025) yaw_pulse=349
11:36:13 [v4][heartbeat] enter=True sorting=True cam=LIVE ai=LIVE cam_fps=38.2 pub_fps=30.4 frames=30094 result_subs=1 roi=ok intrinsic=ok inference_age_ms=112 target=red cube transport=True sorting_thread=alive
11:36:15 [v4][pick] descend obj_top_z=0.025 grab_depth=0.030 -> z=-0.005 (worldpos=legacy/table)
11:36:15 [v4][pick] descend IK failed
11:36:16 [v4][transport] pick FAIL in 3.63s
11:36:16 [v4][svc] enable_sorting -> False
11:36:18 [v4][heartbeat] enter=True sorting=False cam=LIVE ai=LIVE cam_fps=37.0 pub_fps=30.0 frames=30279 result_subs=1 roi=ok intrinsic=ok inference_age_ms=143 target=none transport=False sorting_thread=alive
11:36:23 [v4][heartbeat] enter=True sorting=False cam=LIVE ai=LIVE cam_fps=34.3 pub_fps=30.3 frames=30451 result_subs=1 roi=ok intrinsic=ok inference_age_ms=56 target=none transport=False sorting_thread=alive
11:36:28 [v4][heartbeat] enter=True sorting=False cam=LIVE ai=LIVE cam_fps=34.7 pub_fps=30.5 frames=30624 result_subs=1 roi=ok intrinsic=ok inference_age_ms=63 target=none transport=False sorting_thread=alive
11:36:33 [v4][heartbeat] enter=True sorting=False cam=LIVE ai=LIVE cam_fps=30.4 pub_fps=30.4 frames=30776 result_subs=1 roi=ok intrinsic=ok inference_age_ms=167 target=none transport=False sorting_thread=alive
11:36:34 [v4][svc] apply_and_persist (persist=True)
11:36:34 [v4][svc] merged ['grip_offset_x', 'grip_offset_y', 'grip_offset_z'] into /home/ubuntu/jetarm_v5_profiles/default.yaml
11:36:34 [v4][svc] apply_and_persist applied ['grip_offset_x', 'grip_offset_y', 'grip_offset_z']
11:36:37 [v4][enter] enter requested (camera subs were already alive)
11:36:38 [v4][roi] reading transform.yaml from /home/ubuntu/ros2_ws/src/stepper/config/transform.yaml
11:36:38 [v4][svc] enable_sorting -> True
11:36:38 [v4][roi]   loaded plane: [-0.0112729529515747, -0.1096022455519604, -0.9939115998426215, 0.2231795632398251]
11:36:38 [v4][roi]   yaml loaded: extristric.shape=(4, 3) corners.shape=(5, 3) white_area_center.shape=(4, 4)
11:36:38 [v4][roi]   intrinsic ready after 0.00s (shape=(3, 3)) distortion.shape=(8,)
11:36:38 [v4][roi]   extrinsic plane shift done
11:36:38 [v4][roi]   projected 4 corners to image pixels
11:36:38 [v4][roi]   computed roi (y=0..606 x=0..669) on intrinsic shape=(3, 3)
11:36:38 [v4][sorting-loop] ROI built - detection branch is now live
11:36:38 [v4][sorting-loop] LOCKED on green cube pixel=(561, 64) world=(0.164,-0.085,0.020)
11:36:38 [v4][heartbeat] enter=True sorting=True cam=LIVE ai=LIVE cam_fps=30.6 pub_fps=30.0 frames=30929 result_subs=1 roi=ok intrinsic=ok inference_age_ms=112 target=green cube transport=False sorting_thread=alive
11:36:38 [v4][sorting-loop] LOCKED on scaff pixel=(234, 154) world=(0.149,-0.011,0.020)
11:36:43 [v4][heartbeat] enter=True sorting=True cam=LIVE ai=LIVE cam_fps=29.4 pub_fps=29.8 frames=31076 result_subs=1 roi=ok intrinsic=ok inference_age_ms=153 target=scaff transport=False sorting_thread=alive
11:36:48 [v4][heartbeat] enter=True sorting=True cam=LIVE ai=LIVE cam_fps=29.8 pub_fps=29.6 frames=31225 result_subs=1 roi=ok intrinsic=ok inference_age_ms=136 target=scaff transport=False sorting_thread=alive
11:36:53 [v4][heartbeat] enter=True sorting=True cam=LIVE ai=LIVE cam_fps=31.7 pub_fps=30.1 frames=31384 result_subs=1 roi=ok intrinsic=ok inference_age_ms=28 target=scaff transport=False sorting_thread=alive
11:36:54 [v4][svc] enable_sorting -> False
11:36:57 [v4][svc] enable_sorting -> False
11:36:58 [v4][calibrate] sorting force-stopped; starting calibration
11:36:58 [v4][heartbeat] enter=True sorting=False cam=LIVE ai=LIVE cam_fps=31.6 pub_fps=30.0 frames=31542 result_subs=1 roi=ok intrinsic=ok inference_age_ms=174 target=none transport=False sorting_thread=alive
11:37:03 [v4][heartbeat] enter=True sorting=False cam=LIVE ai=LIVE cam_fps=31.7 pub_fps=30.3 frames=31700 result_subs=1 roi=ok intrinsic=ok inference_age_ms=55 target=none transport=False sorting_thread=alive
11:37:08 [v4][heartbeat] enter=True sorting=False cam=LIVE ai=LIVE cam_fps=22.6 pub_fps=30.2 frames=31813 result_subs=1 roi=ok intrinsic=ok inference_age_ms=75 target=none transport=False sorting_thread=alive
11:37:11 [v4][svc] enable_sorting -> False
11:37:12 [v4][svc] run_calibration ignored - already calibrating
11:37:13 [v4][heartbeat] enter=True sorting=False cam=LIVE ai=LIVE cam_fps=23.3 pub_fps=30.3 frames=31930 result_subs=1 roi=ok intrinsic=ok inference_age_ms=168 target=none transport=False sorting_thread=alive
11:37:18 [v4][heartbeat] enter=True sorting=False cam=LIVE ai=LIVE cam_fps=27.7 pub_fps=30.1 frames=32068 result_subs=1 roi=ok intrinsic=ok inference_age_ms=152 target=none transport=False sorting_thread=alive
11:37:21 [v4][svc] apply_and_persist (persist=True)
11:37:21 [v4][svc] merged ['grip_offset_x', 'grip_offset_y', 'workspace_scale', 'workspace_size_x', 'workspace_size_y'] into /home/ubuntu/jetarm_v5_profiles/default.yaml
11:37:21 [v4][svc] apply_and_persist applied ['grip_offset_x', 'grip_offset_y', 'workspace_scale', 'workspace_size_x', 'workspace_size_y']
11:37:23 [v4][heartbeat] enter=True sorting=False cam=LIVE ai=LIVE cam_fps=30.2 pub_fps=30.2 frames=32219 result_subs=1 roi=ok intrinsic=ok inference_age_ms=126 target=none transport=False sorting_thread=alive
11:37:28 [v4][heartbeat] enter=True sorting=False cam=LIVE ai=LIVE cam_fps=24.8 pub_fps=30.0 frames=32343 result_subs=1 roi=ok intrinsic=ok inference_age_ms=80 target=none transport=False sorting_thread=alive
11:37:29 [v4][svc] enable_sorting -> False
11:37:33 [v4][calibrate] timed out waiting for /calibration/finish (no AprilTag in view? tag id must be 1/2/3/100; tag must be steady)
11:37:33 [v4][heartbeat] enter=True sorting=False cam=LIVE ai=LIVE cam_fps=28.4 pub_fps=30.6 frames=32485 result_subs=1 roi=ok intrinsic=ok inference_age_ms=43 target=none transport=False sorting_thread=alive
11:37:34 [v4][svc] enable_sorting -> False
11:37:34 [v4][calibrate] sorting force-stopped; starting calibration
11:37:38 [v4][heartbeat] enter=True sorting=False cam=LIVE ai=LIVE cam_fps=30.8 pub_fps=30.0 frames=32639 result_subs=1 roi=ok intrinsic=ok inference_age_ms=45 target=none transport=False sorting_thread=alive
11:37:43 [v4][heartbeat] enter=True sorting=False cam=LIVE ai=LIVE cam_fps=27.4 pub_fps=30.2 frames=32776 result_subs=1 roi=ok intrinsic=ok inference_age_ms=63 target=none transport=False sorting_thread=alive
11:37:48 [v4][heartbeat] enter=True sorting=False cam=LIVE ai=LIVE cam_fps=26.8 pub_fps=30.2 frames=32910 result_subs=1 roi=ok intrinsic=ok inference_age_ms=56 target=none transport=False sorting_thread=alive
11:37:53 [v4][heartbeat] enter=True sorting=False cam=LIVE ai=LIVE cam_fps=24.2 pub_fps=30.4 frames=33031 result_subs=1 roi=ok intrinsic=ok inference_age_ms=163 target=none transport=False sorting_thread=alive
11:37:58 [v4][heartbeat] enter=True sorting=False cam=LIVE ai=LIVE cam_fps=23.4 pub_fps=30.0 frames=33148 result_subs=1 roi=ok intrinsic=ok inference_age_ms=69 target=none transport=False sorting_thread=alive
11:38:03 [v4][heartbeat] enter=True sorting=False cam=LIVE ai=LIVE cam_fps=25.2 pub_fps=30.4 frames=33274 result_subs=1 roi=ok intrinsic=ok inference_age_ms=154 target=none transport=False sorting_thread=alive
11:38:08 [v4][heartbeat] enter=True sorting=False cam=LIVE ai=LIVE cam_fps=33.2 pub_fps=30.2 frames=33440 result_subs=1 roi=ok intrinsic=ok inference_age_ms=140 target=none transport=False sorting_thread=alive
11:38:09 [v4][calibrate] timed out waiting for /calibration/finish (no AprilTag in view? tag id must be 1/2/3/100; tag must be steady)
11:38:13 [v4][heartbeat] enter=True sorting=False cam=LIVE ai=LIVE cam_fps=31.2 pub_fps=30.2 frames=33596 result_subs=1 roi=ok intrinsic=ok inference_age_ms=159 target=none transport=False sorting_thread=alive
11:38:18 [v4][heartbeat] enter=True sorting=False cam=LIVE ai=LIVE cam_fps=34.2 pub_fps=30.2 frames=33767 result_subs=1 roi=ok intrinsic=ok inference_age_ms=135 target=none transport=False sorting_thread=alive
11:38:23 [v4][heartbeat] enter=True sorting=False cam=LIVE ai=LIVE cam_fps=32.2 pub_fps=30.4 frames=33928 result_subs=1 roi=ok intrinsic=ok inference_age_ms=137 target=none transport=False sorting_thread=alive
11:38:28 [v4][heartbeat] enter=True sorting=False cam=LIVE ai=LIVE cam_fps=30.2 pub_fps=30.2 frames=34079 result_subs=1 roi=ok intrinsic=ok inference_age_ms=104 target=none transport=False sorting_thread=alive
11:38:33 [v4][heartbeat] enter=True sorting=False cam=LIVE ai=LIVE cam_fps=33.6 pub_fps=29.8 frames=34247 result_subs=1 roi=ok intrinsic=ok inference_age_ms=131 target=none transport=False sorting_thread=alive
11:38:38 [v4][heartbeat] enter=True sorting=False cam=LIVE ai=LIVE cam_fps=28.2 pub_fps=30.4 frames=34388 result_subs=1 roi=ok intrinsic=ok inference_age_ms=122 target=none transport=False sorting_thread=alive
11:38:43 [v4][heartbeat] enter=True sorting=False cam=LIVE ai=LIVE cam_fps=29.0 pub_fps=30.4 frames=34533 result_subs=1 roi=ok intrinsic=ok inference_age_ms=52 target=none transport=False sorting_thread=alive
11:38:48 [v4][heartbeat] enter=True sorting=False cam=LIVE ai=LIVE cam_fps=29.4 pub_fps=30.2 frames=34680 result_subs=1 roi=ok intrinsic=ok inference_age_ms=156 target=none transport=False sorting_thread=alive
11:38:53 [v4][heartbeat] enter=True sorting=False cam=LIVE ai=LIVE cam_fps=29.8 pub_fps=30.4 frames=34829 result_subs=1 roi=ok intrinsic=ok inference_age_ms=181 target=none transport=False sorting_thread=alive
11:38:58 [v4][heartbeat] enter=True sorting=False cam=LIVE ai=LIVE cam_fps=27.6 pub_fps=30.0 frames=34967 result_subs=1 roi=ok intrinsic=ok inference_age_ms=155 target=none transport=False sorting_thread=alive
11:39:03 [v4][heartbeat] enter=True sorting=False cam=LIVE ai=LIVE cam_fps=28.0 pub_fps=30.2 frames=35107 result_subs=1 roi=ok intrinsic=ok inference_age_ms=151 target=none transport=False sorting_thread=alive
11:39:08 [v4][heartbeat] enter=True sorting=False cam=LIVE ai=LIVE cam_fps=30.4 pub_fps=30.2 frames=35259 result_subs=1 roi=ok intrinsic=ok inference_age_ms=154 target=none transport=False sorting_thread=alive
11:39:13 [v4][heartbeat] enter=True sorting=False cam=LIVE ai=LIVE cam_fps=29.1 pub_fps=30.3 frames=35405 result_subs=1 roi=ok intrinsic=ok inference_age_ms=49 target=none transport=False sorting_thread=alive
11:39:18 [v4][heartbeat] enter=True sorting=False cam=LIVE ai=LIVE cam_fps=28.6 pub_fps=30.4 frames=35548 result_subs=1 roi=ok intrinsic=ok inference_age_ms=63 target=none transport=False sorting_thread=alive
11:39:23 [v4][heartbeat] enter=True sorting=False cam=LIVE ai=LIVE cam_fps=31.3 pub_fps=30.3 frames=35704 result_subs=1 roi=ok intrinsic=ok inference_age_ms=72 target=none transport=False sorting_thread=alive
11:39:28 [v4][heartbeat] enter=True sorting=False cam=LIVE ai=LIVE cam_fps=28.1 pub_fps=30.3 frames=35845 result_subs=1 roi=ok intrinsic=ok inference_age_ms=93 target=none transport=False sorting_thread=alive
11:39:33 [v4][heartbeat] enter=True sorting=False cam=LIVE ai=LIVE cam_fps=27.8 pub_fps=29.9 frames=35984 result_subs=1 roi=ok intrinsic=ok inference_age_ms=64 target=none transport=False sorting_thread=alive
11:39:38 [v4][heartbeat] enter=True sorting=False cam=LIVE ai=LIVE cam_fps=30.4 pub_fps=30.0 frames=36136 result_subs=1 roi=ok intrinsic=ok inference_age_ms=66 target=none transport=False sorting_thread=alive
11:39:43 [v4][heartbeat] enter=True sorting=False cam=LIVE ai=LIVE cam_fps=30.8 pub_fps=30.4 frames=36290 result_subs=1 roi=ok intrinsic=ok inference_age_ms=134 target=none transport=False sorting_thread=alive
11:39:48 [v4][heartbeat] enter=True sorting=False cam=LIVE ai=LIVE cam_fps=29.6 pub_fps=30.4 frames=36438 result_subs=1 roi=ok intrinsic=ok inference_age_ms=138 target=none transport=False sorting_thread=alive
11:39:53 [v4][heartbeat] enter=True sorting=False cam=LIVE ai=LIVE cam_fps=31.6 pub_fps=29.8 frames=36596 result_subs=1 roi=ok intrinsic=ok inference_age_ms=135 target=none transport=False sorting_thread=alive
11:39:58 [v4][heartbeat] enter=True sorting=False cam=LIVE ai=LIVE cam_fps=34.2 pub_fps=30.0 frames=36767 result_subs=1 roi=ok intrinsic=ok inference_age_ms=151 target=none transport=False sorting_thread=alive
11:40:03 [v4][heartbeat] enter=True sorting=False cam=LIVE ai=LIVE cam_fps=34.2 pub_fps=30.4 frames=36938 result_subs=1 roi=ok intrinsic=ok inference_age_ms=141 target=none transport=False sorting_thread=alive
11:40:08 [v4][heartbeat] enter=True sorting=False cam=LIVE ai=LIVE cam_fps=35.9 pub_fps=30.2 frames=37118 result_subs=1 roi=ok intrinsic=ok inference_age_ms=130 target=none transport=False sorting_thread=alive
11:40:13 [v4][heartbeat] enter=True sorting=False cam=LIVE ai=LIVE cam_fps=37.4 pub_fps=30.4 frames=37305 result_subs=1 roi=ok intrinsic=ok inference_age_ms=168 target=none transport=False sorting_thread=alive
11:40:18 [v4][heartbeat] enter=True sorting=False cam=LIVE ai=LIVE cam_fps=36.2 pub_fps=30.4 frames=37486 result_subs=1 roi=ok intrinsic=ok inference_age_ms=207 target=none transport=False sorting_thread=alive
11:40:23 [v4][heartbeat] enter=True sorting=False cam=LIVE ai=LIVE cam_fps=33.4 pub_fps=30.2 frames=37653 result_subs=1 roi=ok intrinsic=ok inference_age_ms=123 target=none transport=False sorting_thread=alive
11:40:28 [v4][heartbeat] enter=True sorting=False cam=LIVE ai=LIVE cam_fps=37.0 pub_fps=30.4 frames=37838 result_subs=1 roi=ok intrinsic=ok inference_age_ms=52 target=none transport=False sorting_thread=alive
11:40:33 [v4][heartbeat] enter=True sorting=False cam=LIVE ai=LIVE cam_fps=34.8 pub_fps=30.0 frames=38012 result_subs=1 roi=ok intrinsic=ok inference_age_ms=62 target=none transport=False sorting_thread=alive
11:40:38 [v4][heartbeat] enter=True sorting=False cam=LIVE ai=LIVE cam_fps=35.2 pub_fps=30.2 frames=38188 result_subs=1 roi=ok intrinsic=ok inference_age_ms=71 target=none transport=False sorting_thread=alive
11:40:43 [v4][heartbeat] enter=True sorting=False cam=LIVE ai=LIVE cam_fps=37.6 pub_fps=30.6 frames=38376 result_subs=1 roi=ok intrinsic=ok inference_age_ms=124 target=none transport=False sorting_thread=alive
11:40:48 [v4][heartbeat] enter=True sorting=False cam=LIVE ai=LIVE cam_fps=37.2 pub_fps=30.2 frames=38562 result_subs=1 roi=ok intrinsic=ok inference_age_ms=117 target=none transport=False sorting_thread=alive
11:40:53 [v4][heartbeat] enter=True sorting=False cam=LIVE ai=LIVE cam_fps=39.8 pub_fps=30.4 frames=38761 result_subs=1 roi=ok intrinsic=ok inference_age_ms=144 target=none transport=False sorting_thread=alive
11:40:58 [v4][heartbeat] enter=True sorting=False cam=LIVE ai=LIVE cam_fps=33.8 pub_fps=30.0 frames=38930 result_subs=1 roi=ok intrinsic=ok inference_age_ms=170 target=none transport=False sorting_thread=alive
11:41:03 [v4][heartbeat] enter=True sorting=False cam=LIVE ai=LIVE cam_fps=35.0 pub_fps=30.6 frames=39105 result_subs=1 roi=ok intrinsic=ok inference_age_ms=85 target=none transport=False sorting_thread=alive
11:41:08 [v4][heartbeat] enter=True sorting=False cam=LIVE ai=LIVE cam_fps=39.2 pub_fps=30.1 frames=39302 result_subs=1 roi=ok intrinsic=ok inference_age_ms=123 target=none transport=False sorting_thread=alive
11:41:13 [v4][heartbeat] enter=True sorting=False cam=LIVE ai=LIVE cam_fps=35.9 pub_fps=30.5 frames=39481 result_subs=1 roi=ok intrinsic=ok inference_age_ms=100 target=none transport=False sorting_thread=alive
11:41:18 [v4][heartbeat] enter=True sorting=False cam=LIVE ai=LIVE cam_fps=39.8 pub_fps=30.2 frames=39680 result_subs=1 roi=ok intrinsic=ok inference_age_ms=115 target=none transport=False sorting_thread=alive
11:41:23 [v4][heartbeat] enter=True sorting=False cam=LIVE ai=LIVE cam_fps=37.6 pub_fps=30.2 frames=39868 result_subs=1 roi=ok intrinsic=ok inference_age_ms=135 target=none transport=False sorting_thread=alive
11:41:28 [v4][heartbeat] enter=True sorting=False cam=LIVE ai=LIVE cam_fps=35.6 pub_fps=30.4 frames=40046 result_subs=1 roi=ok intrinsic=ok inference_age_ms=148 target=none transport=False sorting_thread=alive
11:41:33 [v4][heartbeat] enter=True sorting=False cam=LIVE ai=LIVE cam_fps=34.5 pub_fps=30.3 frames=40219 result_subs=1 roi=ok intrinsic=ok inference_age_ms=67 target=none transport=False sorting_thread=alive
11:41:38 [v4][heartbeat] enter=True sorting=False cam=LIVE ai=LIVE cam_fps=33.5 pub_fps=30.2 frames=40386 result_subs=1 roi=ok intrinsic=ok inference_age_ms=99 target=none transport=False sorting_thread=alive
11:41:43 [v4][heartbeat] enter=True sorting=False cam=LIVE ai=LIVE cam_fps=37.9 pub_fps=30.4 frames=40576 result_subs=1 roi=ok intrinsic=ok inference_age_ms=140 target=none transport=False sorting_thread=alive
11:41:48 [v4][heartbeat] enter=True sorting=False cam=LIVE ai=LIVE cam_fps=34.1 pub_fps=30.2 frames=40746 result_subs=1 roi=ok intrinsic=ok inference_age_ms=176 target=none transport=False sorting_thread=alive
11:41:53 [v4][heartbeat] enter=True sorting=False cam=LIVE ai=LIVE cam_fps=39.4 pub_fps=30.4 frames=40943 result_subs=1 roi=ok intrinsic=ok inference_age_ms=82 target=none transport=False sorting_thread=alive
11:41:58 [v4][heartbeat] enter=True sorting=False cam=LIVE ai=LIVE cam_fps=35.8 pub_fps=30.2 frames=41122 result_subs=1 roi=ok intrinsic=ok inference_age_ms=93 target=none transport=False sorting_thread=alive
11:42:03 [v4][heartbeat] enter=True sorting=False cam=LIVE ai=LIVE cam_fps=37.6 pub_fps=30.2 frames=41310 result_subs=1 roi=ok intrinsic=ok inference_age_ms=149 target=none transport=False sorting_thread=alive
11:42:08 [v4][heartbeat] enter=True sorting=False cam=LIVE ai=LIVE cam_fps=38.2 pub_fps=30.4 frames=41501 result_subs=1 roi=ok intrinsic=ok inference_age_ms=190 target=none transport=False sorting_thread=alive
11:42:13 [v4][heartbeat] enter=True sorting=False cam=LIVE ai=LIVE cam_fps=35.5 pub_fps=30.2 frames=41679 result_subs=1 roi=ok intrinsic=ok inference_age_ms=127 target=none transport=False sorting_thread=alive
11:42:18 [v4][heartbeat] enter=True sorting=False cam=LIVE ai=LIVE cam_fps=38.4 pub_fps=30.4 frames=41871 result_subs=1 roi=ok intrinsic=ok inference_age_ms=121 target=none transport=False sorting_thread=alive
11:42:23 [v4][heartbeat] enter=True sorting=False cam=LIVE ai=LIVE cam_fps=39.4 pub_fps=30.2 frames=42068 result_subs=1 roi=ok intrinsic=ok inference_age_ms=161 target=none transport=False sorting_thread=alive
11:42:28 [v4][heartbeat] enter=True sorting=False cam=LIVE ai=LIVE cam_fps=34.2 pub_fps=30.4 frames=42239 result_subs=1 roi=ok intrinsic=ok inference_age_ms=64 target=none transport=False sorting_thread=alive
11:42:33 [v4][heartbeat] enter=True sorting=False cam=LIVE ai=LIVE cam_fps=40.2 pub_fps=30.4 frames=42440 result_subs=1 roi=ok intrinsic=ok inference_age_ms=99 target=none transport=False sorting_thread=alive
11:42:38 [v4][heartbeat] enter=True sorting=False cam=LIVE ai=LIVE cam_fps=35.0 pub_fps=30.2 frames=42615 result_subs=1 roi=ok intrinsic=ok inference_age_ms=117 target=none transport=False sorting_thread=alive
11:42:43 [v4][heartbeat] enter=True sorting=False cam=LIVE ai=LIVE cam_fps=39.5 pub_fps=30.4 frames=42813 result_subs=1 roi=ok intrinsic=ok inference_age_ms=144 target=none transport=False sorting_thread=alive
11:42:48 [v4][heartbeat] enter=True sorting=False cam=LIVE ai=LIVE cam_fps=39.4 pub_fps=30.2 frames=43010 result_subs=1 roi=ok intrinsic=ok inference_age_ms=188 target=none transport=False sorting_thread=alive
11:42:53 [v4][heartbeat] enter=True sorting=False cam=LIVE ai=LIVE cam_fps=36.2 pub_fps=29.0 frames=43191 result_subs=1 roi=ok intrinsic=ok inference_age_ms=188 target=none transport=False sorting_thread=alive
11:42:58 [v4][heartbeat] enter=True sorting=False cam=LIVE ai=LIVE cam_fps=38.9 pub_fps=30.4 frames=43385 result_subs=1 roi=ok intrinsic=ok inference_age_ms=72 target=none transport=False sorting_thread=alive
11:43:03 [v4][heartbeat] enter=True sorting=False cam=LIVE ai=LIVE cam_fps=37.8 pub_fps=30.4 frames=43574 result_subs=1 roi=ok intrinsic=ok inference_age_ms=113 target=none transport=False sorting_thread=alive
11:43:08 [v4][heartbeat] enter=True sorting=False cam=LIVE ai=LIVE cam_fps=35.6 pub_fps=30.2 frames=43752 result_subs=1 roi=ok intrinsic=ok inference_age_ms=129 target=none transport=False sorting_thread=alive
11:43:13 [v4][heartbeat] enter=True sorting=False cam=LIVE ai=LIVE cam_fps=41.8 pub_fps=30.2 frames=43961 result_subs=1 roi=ok intrinsic=ok inference_age_ms=181 target=none transport=False sorting_thread=alive
11:43:18 [v4][heartbeat] enter=True sorting=False cam=LIVE ai=LIVE cam_fps=36.1 pub_fps=30.4 frames=44141 result_subs=1 roi=ok intrinsic=ok inference_age_ms=74 target=none transport=False sorting_thread=alive
11:43:23 [v4][heartbeat] enter=True sorting=False cam=LIVE ai=LIVE cam_fps=38.1 pub_fps=30.3 frames=44332 result_subs=1 roi=ok intrinsic=ok inference_age_ms=205 target=none transport=False sorting_thread=alive
11:43:28 [v4][heartbeat] enter=True sorting=False cam=LIVE ai=LIVE cam_fps=37.4 pub_fps=30.4 frames=44519 result_subs=1 roi=ok intrinsic=ok inference_age_ms=94 target=none transport=False sorting_thread=alive
11:43:33 [v4][heartbeat] enter=True sorting=False cam=LIVE ai=LIVE cam_fps=37.7 pub_fps=30.1 frames=44708 result_subs=1 roi=ok intrinsic=ok inference_age_ms=124 target=none transport=False sorting_thread=alive
11:43:38 [v4][heartbeat] enter=True sorting=False cam=LIVE ai=LIVE cam_fps=42.8 pub_fps=30.2 frames=44922 result_subs=1 roi=ok intrinsic=ok inference_age_ms=156 target=none transport=False sorting_thread=alive
11:43:43 [v4][heartbeat] enter=True sorting=False cam=LIVE ai=LIVE cam_fps=34.1 pub_fps=30.5 frames=45092 result_subs=1 roi=ok intrinsic=ok inference_age_ms=170 target=none transport=False sorting_thread=alive
11:43:48 [v4][heartbeat] enter=True sorting=False cam=LIVE ai=LIVE cam_fps=40.3 pub_fps=30.4 frames=45294 result_subs=1 roi=ok intrinsic=ok inference_age_ms=57 target=none transport=False sorting_thread=alive
11:43:53 [v4][heartbeat] enter=True sorting=False cam=LIVE ai=LIVE cam_fps=38.2 pub_fps=30.2 frames=45485 result_subs=1 roi=ok intrinsic=ok inference_age_ms=84 target=none transport=False sorting_thread=alive
11:43:58 [v4][heartbeat] enter=True sorting=False cam=LIVE ai=LIVE cam_fps=36.2 pub_fps=30.4 frames=45666 result_subs=1 roi=ok intrinsic=ok inference_age_ms=90 target=none transport=False sorting_thread=alive
11:44:03 [v4][heartbeat] enter=True sorting=False cam=LIVE ai=LIVE cam_fps=40.4 pub_fps=30.2 frames=45868 result_subs=1 roi=ok intrinsic=ok inference_age_ms=116 target=none transport=False sorting_thread=alive
11:44:08 [v4][heartbeat] enter=True sorting=False cam=LIVE ai=LIVE cam_fps=35.6 pub_fps=30.4 frames=46046 result_subs=1 roi=ok intrinsic=ok inference_age_ms=175 target=none transport=False sorting_thread=alive
11:44:13 [v4][heartbeat] enter=True sorting=False cam=LIVE ai=LIVE cam_fps=38.5 pub_fps=30.3 frames=46238 result_subs=1 roi=ok intrinsic=ok inference_age_ms=62 target=none transport=False sorting_thread=alive
11:44:18 [v4][heartbeat] enter=True sorting=False cam=LIVE ai=LIVE cam_fps=40.6 pub_fps=30.2 frames=46441 result_subs=1 roi=ok intrinsic=ok inference_age_ms=90 target=none transport=False sorting_thread=alive
11:44:23 [v4][heartbeat] enter=True sorting=False cam=LIVE ai=LIVE cam_fps=37.8 pub_fps=30.4 frames=46630 result_subs=1 roi=ok intrinsic=ok inference_age_ms=117 target=none transport=False sorting_thread=alive
11:44:28 [v4][heartbeat] enter=True sorting=False cam=LIVE ai=LIVE cam_fps=40.4 pub_fps=30.0 frames=46832 result_subs=1 roi=ok intrinsic=ok inference_age_ms=157 target=none transport=False sorting_thread=alive
11:44:33 [v4][heartbeat] enter=True sorting=False cam=LIVE ai=LIVE cam_fps=38.4 pub_fps=30.4 frames=47024 result_subs=1 roi=ok intrinsic=ok inference_age_ms=59 target=none transport=False sorting_thread=alive
11:44:38 [v4][heartbeat] enter=True sorting=False cam=LIVE ai=LIVE cam_fps=37.0 pub_fps=30.2 frames=47209 result_subs=1 roi=ok intrinsic=ok inference_age_ms=93 target=none transport=False sorting_thread=alive
11:44:43 [v4][heartbeat] enter=True sorting=False cam=LIVE ai=LIVE cam_fps=38.4 pub_fps=30.4 frames=47401 result_subs=1 roi=ok intrinsic=ok inference_age_ms=132 target=none transport=False sorting_thread=alive
11:44:48 [v4][heartbeat] enter=True sorting=False cam=LIVE ai=LIVE cam_fps=37.2 pub_fps=30.2 frames=47587 result_subs=1 roi=ok intrinsic=ok inference_age_ms=130 target=none transport=False sorting_thread=alive
11:44:53 [v4][heartbeat] enter=True sorting=False cam=LIVE ai=LIVE cam_fps=41.5 pub_fps=30.2 frames=47795 result_subs=1 roi=ok intrinsic=ok inference_age_ms=169 target=none transport=False sorting_thread=alive
11:44:58 [v4][heartbeat] enter=True sorting=False cam=LIVE ai=LIVE cam_fps=39.8 pub_fps=30.2 frames=47994 result_subs=1 roi=ok intrinsic=ok inference_age_ms=89 target=none transport=False sorting_thread=alive
11:45:03 [v4][heartbeat] enter=True sorting=False cam=LIVE ai=LIVE cam_fps=37.8 pub_fps=30.4 frames=48183 result_subs=1 roi=ok intrinsic=ok inference_age_ms=86 target=none transport=False sorting_thread=alive
11:45:08 [v4][heartbeat] enter=True sorting=False cam=LIVE ai=LIVE cam_fps=40.1 pub_fps=30.4 frames=48384 result_subs=1 roi=ok intrinsic=ok inference_age_ms=134 target=none transport=False sorting_thread=alive
11:45:13 [v4][heartbeat] enter=True sorting=False cam=LIVE ai=LIVE cam_fps=37.8 pub_fps=30.2 frames=48573 result_subs=1 roi=ok intrinsic=ok inference_age_ms=166 target=none transport=False sorting_thread=alive
11:45:18 [v4][heartbeat] enter=True sorting=False cam=LIVE ai=LIVE cam_fps=41.4 pub_fps=30.4 frames=48780 result_subs=1 roi=ok intrinsic=ok inference_age_ms=96 target=none transport=False sorting_thread=alive
11:45:23 [v4][heartbeat] enter=True sorting=False cam=LIVE ai=LIVE cam_fps=33.4 pub_fps=30.2 frames=48947 result_subs=1 roi=ok intrinsic=ok inference_age_ms=138 target=none transport=False sorting_thread=alive
11:45:28 [v4][heartbeat] enter=True sorting=False cam=LIVE ai=LIVE cam_fps=37.0 pub_fps=30.4 frames=49132 result_subs=1 roi=ok intrinsic=ok inference_age_ms=184 target=none transport=False sorting_thread=alive
11:45:33 [v4][heartbeat] enter=True sorting=False cam=LIVE ai=LIVE cam_fps=44.5 pub_fps=30.2 frames=49354 result_subs=1 roi=ok intrinsic=ok inference_age_ms=206 target=none transport=False sorting_thread=alive
11:45:38 [v4][heartbeat] enter=True sorting=False cam=LIVE ai=LIVE cam_fps=38.6 pub_fps=30.2 frames=49547 result_subs=1 roi=ok intrinsic=ok inference_age_ms=205 target=none transport=False sorting_thread=alive
11:45:43 [v4][heartbeat] enter=True sorting=False cam=LIVE ai=LIVE cam_fps=37.8 pub_fps=30.4 frames=49736 result_subs=1 roi=ok intrinsic=ok inference_age_ms=69 target=none transport=False sorting_thread=alive
11:45:48 [v4][heartbeat] enter=True sorting=False cam=LIVE ai=LIVE cam_fps=38.2 pub_fps=30.4 frames=49927 result_subs=1 roi=ok intrinsic=ok inference_age_ms=88 target=none transport=False sorting_thread=alive
11:45:53 [v4][heartbeat] enter=True sorting=False cam=LIVE ai=LIVE cam_fps=36.0 pub_fps=30.0 frames=50107 result_subs=1 roi=ok intrinsic=ok inference_age_ms=112 target=none transport=False sorting_thread=alive
11:45:58 [v4][heartbeat] enter=True sorting=False cam=LIVE ai=LIVE cam_fps=41.6 pub_fps=30.2 frames=50315 result_subs=1 roi=ok intrinsic=ok inference_age_ms=148 target=none transport=False sorting_thread=alive
11:46:03 [v4][heartbeat] enter=True sorting=False cam=LIVE ai=LIVE cam_fps=37.2 pub_fps=30.4 frames=50501 result_subs=1 roi=ok intrinsic=ok inference_age_ms=52 target=none transport=False sorting_thread=alive
11:46:08 [v4][heartbeat] enter=True sorting=False cam=LIVE ai=LIVE cam_fps=39.6 pub_fps=30.4 frames=50699 result_subs=1 roi=ok intrinsic=ok inference_age_ms=72 target=none transport=False sorting_thread=alive
11:46:13 [v4][heartbeat] enter=True sorting=False cam=LIVE ai=LIVE cam_fps=37.1 pub_fps=30.2 frames=50884 result_subs=1 roi=ok intrinsic=ok inference_age_ms=85 target=none transport=False sorting_thread=alive
11:46:18 [v4][heartbeat] enter=True sorting=False cam=LIVE ai=LIVE cam_fps=34.8 pub_fps=30.4 frames=51058 result_subs=1 roi=ok intrinsic=ok inference_age_ms=138 target=none transport=False sorting_thread=alive
11:46:23 [v4][heartbeat] enter=True sorting=False cam=LIVE ai=LIVE cam_fps=40.8 pub_fps=30.2 frames=51262 result_subs=1 roi=ok intrinsic=ok inference_age_ms=167 target=none transport=False sorting_thread=alive
11:46:28 [v4][heartbeat] enter=True sorting=False cam=LIVE ai=LIVE cam_fps=37.0 pub_fps=30.4 frames=51447 result_subs=1 roi=ok intrinsic=ok inference_age_ms=52 target=none transport=False sorting_thread=alive
11:46:33 [v4][heartbeat] enter=True sorting=False cam=LIVE ai=LIVE cam_fps=36.8 pub_fps=30.2 frames=51631 result_subs=1 roi=ok intrinsic=ok inference_age_ms=77 target=none transport=False sorting_thread=alive
11:46:38 [v4][heartbeat] enter=True sorting=False cam=LIVE ai=LIVE cam_fps=39.4 pub_fps=30.4 frames=51828 result_subs=1 roi=ok intrinsic=ok inference_age_ms=102 target=none transport=False sorting_thread=alive
11:46:43 [v4][heartbeat] enter=True sorting=False cam=LIVE ai=LIVE cam_fps=36.6 pub_fps=30.2 frames=52011 result_subs=1 roi=ok intrinsic=ok inference_age_ms=126 target=none transport=False sorting_thread=alive
11:46:48 [v4][heartbeat] enter=True sorting=False cam=LIVE ai=LIVE cam_fps=41.2 pub_fps=30.2 frames=52217 result_subs=1 roi=ok intrinsic=ok inference_age_ms=133 target=none transport=False sorting_thread=alive
11:46:53 [v4][heartbeat] enter=True sorting=False cam=LIVE ai=LIVE cam_fps=36.4 pub_fps=30.0 frames=52399 result_subs=1 roi=ok intrinsic=ok inference_age_ms=167 target=none transport=False sorting_thread=alive
11:46:58 [v4][heartbeat] enter=True sorting=False cam=LIVE ai=LIVE cam_fps=39.2 pub_fps=30.2 frames=52595 result_subs=1 roi=ok intrinsic=ok inference_age_ms=189 target=none transport=False sorting_thread=alive
11:47:03 [v4][heartbeat] enter=True sorting=False cam=LIVE ai=LIVE cam_fps=41.6 pub_fps=30.4 frames=52803 result_subs=1 roi=ok intrinsic=ok inference_age_ms=90 target=none transport=False sorting_thread=alive
11:47:08 [v4][heartbeat] enter=True sorting=False cam=LIVE ai=LIVE cam_fps=37.1 pub_fps=30.3 frames=52989 result_subs=1 roi=ok intrinsic=ok inference_age_ms=136 target=none transport=False sorting_thread=alive
11:47:13 [v4][heartbeat] enter=True sorting=False cam=LIVE ai=LIVE cam_fps=42.7 pub_fps=30.3 frames=53202 result_subs=1 roi=ok intrinsic=ok inference_age_ms=179 target=none transport=False sorting_thread=alive
11:47:18 [v4][heartbeat] enter=True sorting=False cam=LIVE ai=LIVE cam_fps=38.9 pub_fps=30.4 frames=53397 result_subs=1 roi=ok intrinsic=ok inference_age_ms=88 target=none transport=False sorting_thread=alive
11:47:23 [v4][heartbeat] enter=True sorting=False cam=LIVE ai=LIVE cam_fps=38.5 pub_fps=30.3 frames=53590 result_subs=1 roi=ok intrinsic=ok inference_age_ms=133 target=none transport=False sorting_thread=alive
11:47:28 [v4][heartbeat] enter=True sorting=False cam=LIVE ai=LIVE cam_fps=39.7 pub_fps=30.1 frames=53788 result_subs=1 roi=ok intrinsic=ok inference_age_ms=147 target=none transport=False sorting_thread=alive
11:47:33 [v4][heartbeat] enter=True sorting=False cam=LIVE ai=LIVE cam_fps=34.4 pub_fps=30.4 frames=53960 result_subs=1 roi=ok intrinsic=ok inference_age_ms=158 target=none transport=False sorting_thread=alive
11:47:38 [v4][heartbeat] enter=True sorting=False cam=LIVE ai=LIVE cam_fps=41.6 pub_fps=30.2 frames=54168 result_subs=1 roi=ok intrinsic=ok inference_age_ms=174 target=none transport=False sorting_thread=alive
11:47:43 [v4][heartbeat] enter=True sorting=False cam=LIVE ai=LIVE cam_fps=39.2 pub_fps=30.2 frames=54364 result_subs=1 roi=ok intrinsic=ok inference_age_ms=74 target=none transport=False sorting_thread=alive
11:47:48 [v4][heartbeat] enter=True sorting=False cam=LIVE ai=LIVE cam_fps=39.7 pub_fps=30.4 frames=54563 result_subs=1 roi=ok intrinsic=ok inference_age_ms=104 target=none transport=False sorting_thread=alive
11:47:53 [v4][heartbeat] enter=True sorting=False cam=LIVE ai=LIVE cam_fps=42.1 pub_fps=30.2 frames=54773 result_subs=1 roi=ok intrinsic=ok inference_age_ms=102 target=none transport=False sorting_thread=alive
11:47:58 [v4][heartbeat] enter=True sorting=False cam=LIVE ai=LIVE cam_fps=35.2 pub_fps=29.8 frames=54949 result_subs=1 roi=ok intrinsic=ok inference_age_ms=148 target=none transport=False sorting_thread=alive
11:48:03 [v4][heartbeat] enter=True sorting=False cam=LIVE ai=LIVE cam_fps=41.8 pub_fps=30.2 frames=55158 result_subs=1 roi=ok intrinsic=ok inference_age_ms=175 target=none transport=False sorting_thread=alive
11:48:08 [v4][heartbeat] enter=True sorting=False cam=LIVE ai=LIVE cam_fps=38.2 pub_fps=30.4 frames=55349 result_subs=1 roi=ok intrinsic=ok inference_age_ms=105 target=none transport=False sorting_thread=alive
11:48:13 [v4][heartbeat] enter=True sorting=False cam=LIVE ai=LIVE cam_fps=36.8 pub_fps=30.4 frames=55533 result_subs=1 roi=ok intrinsic=ok inference_age_ms=116 target=none transport=False sorting_thread=alive
11:48:18 [v4][heartbeat] enter=True sorting=False cam=LIVE ai=LIVE cam_fps=43.2 pub_fps=30.0 frames=55749 result_subs=1 roi=ok intrinsic=ok inference_age_ms=156 target=none transport=False sorting_thread=alive
11:48:23 [v4][heartbeat] enter=True sorting=False cam=LIVE ai=LIVE cam_fps=34.8 pub_fps=30.6 frames=55923 result_subs=1 roi=ok intrinsic=ok inference_age_ms=169 target=none transport=False sorting_thread=alive
11:48:28 [v4][heartbeat] enter=True sorting=False cam=LIVE ai=LIVE cam_fps=38.6 pub_fps=30.0 frames=56116 result_subs=1 roi=ok intrinsic=ok inference_age_ms=77 target=none transport=False sorting_thread=alive
11:48:33 [v4][heartbeat] enter=True sorting=False cam=LIVE ai=LIVE cam_fps=36.4 pub_fps=30.4 frames=56298 result_subs=1 roi=ok intrinsic=ok inference_age_ms=92 target=none transport=False sorting_thread=alive
11:48:38 [v4][heartbeat] enter=True sorting=False cam=LIVE ai=LIVE cam_fps=36.2 pub_fps=30.2 frames=56479 result_subs=1 roi=ok intrinsic=ok inference_age_ms=143 target=none transport=False sorting_thread=alive
11:48:43 [v4][heartbeat] enter=True sorting=False cam=LIVE ai=LIVE cam_fps=41.4 pub_fps=30.4 frames=56686 result_subs=1 roi=ok intrinsic=ok inference_age_ms=171 target=none transport=False sorting_thread=alive
11:48:48 [v4][heartbeat] enter=True sorting=False cam=LIVE ai=LIVE cam_fps=38.6 pub_fps=30.2 frames=56879 result_subs=1 roi=ok intrinsic=ok inference_age_ms=164 target=none transport=False sorting_thread=alive
11:48:53 [v4][heartbeat] enter=True sorting=False cam=LIVE ai=LIVE cam_fps=36.0 pub_fps=30.2 frames=57059 result_subs=1 roi=ok intrinsic=ok inference_age_ms=181 target=none transport=False sorting_thread=alive
11:48:58 [v4][heartbeat] enter=True sorting=False cam=LIVE ai=LIVE cam_fps=40.4 pub_fps=30.4 frames=57261 result_subs=1 roi=ok intrinsic=ok inference_age_ms=92 target=none transport=False sorting_thread=alive
11:49:03 [v4][heartbeat] enter=True sorting=False cam=LIVE ai=LIVE cam_fps=35.6 pub_fps=30.4 frames=57439 result_subs=1 roi=ok intrinsic=ok inference_age_ms=140 target=none transport=False sorting_thread=alive
11:49:08 [v4][heartbeat] enter=True sorting=False cam=LIVE ai=LIVE cam_fps=41.8 pub_fps=30.2 frames=57648 result_subs=1 roi=ok intrinsic=ok inference_age_ms=156 target=none transport=False sorting_thread=alive
11:49:13 [v4][heartbeat] enter=True sorting=False cam=LIVE ai=LIVE cam_fps=33.1 pub_fps=30.5 frames=57813 result_subs=1 roi=ok intrinsic=ok inference_age_ms=56 target=none transport=False sorting_thread=alive
11:49:18 [v4][heartbeat] enter=True sorting=False cam=LIVE ai=LIVE cam_fps=39.4 pub_fps=30.2 frames=58010 result_subs=1 roi=ok intrinsic=ok inference_age_ms=79 target=none transport=False sorting_thread=alive
11:49:23 [v4][heartbeat] enter=True sorting=False cam=LIVE ai=LIVE cam_fps=40.2 pub_fps=30.2 frames=58211 result_subs=1 roi=ok intrinsic=ok inference_age_ms=100 target=none transport=False sorting_thread=alive
11:49:28 [v4][heartbeat] enter=True sorting=False cam=LIVE ai=LIVE cam_fps=37.2 pub_fps=30.6 frames=58397 result_subs=1 roi=ok intrinsic=ok inference_age_ms=126 target=none transport=False sorting_thread=alive
11:49:33 [v4][heartbeat] enter=True sorting=False cam=LIVE ai=LIVE cam_fps=42.6 pub_fps=30.2 frames=58610 result_subs=1 roi=ok intrinsic=ok inference_age_ms=93 target=none transport=False sorting_thread=alive
11:49:38 [v4][heartbeat] enter=True sorting=False cam=LIVE ai=LIVE cam_fps=34.8 pub_fps=30.4 frames=58784 result_subs=1 roi=ok intrinsic=ok inference_age_ms=128 target=none transport=False sorting_thread=alive
11:49:43 [v4][heartbeat] enter=True sorting=False cam=LIVE ai=LIVE cam_fps=38.4 pub_fps=30.2 frames=58976 result_subs=1 roi=ok intrinsic=ok inference_age_ms=150 target=none transport=False sorting_thread=alive
11:49:48 [v4][heartbeat] enter=True sorting=False cam=LIVE ai=LIVE cam_fps=39.5 pub_fps=30.3 frames=59174 result_subs=1 roi=ok intrinsic=ok inference_age_ms=174 target=none transport=False sorting_thread=alive
11:49:53 [v4][heartbeat] enter=True sorting=False cam=LIVE ai=LIVE cam_fps=34.5 pub_fps=30.3 frames=59346 result_subs=1 roi=ok intrinsic=ok inference_age_ms=165 target=none transport=False sorting_thread=alive
11:49:58 [v4][heartbeat] enter=True sorting=False cam=LIVE ai=LIVE cam_fps=41.6 pub_fps=30.4 frames=59554 result_subs=1 roi=ok intrinsic=ok inference_age_ms=196 target=none transport=False sorting_thread=alive
11:50:03 [v4][heartbeat] enter=True sorting=False cam=LIVE ai=LIVE cam_fps=36.8 pub_fps=30.2 frames=59738 result_subs=1 roi=ok intrinsic=ok inference_age_ms=95 target=none transport=False sorting_thread=alive
11:50:08 [v4][heartbeat] enter=True sorting=False cam=LIVE ai=LIVE cam_fps=36.2 pub_fps=30.2 frames=59919 result_subs=1 roi=ok intrinsic=ok inference_age_ms=92 target=none transport=False sorting_thread=alive
11:50:13 [v4][heartbeat] enter=True sorting=False cam=LIVE ai=LIVE cam_fps=37.6 pub_fps=30.4 frames=60107 result_subs=1 roi=ok intrinsic=ok inference_age_ms=136 target=none transport=False sorting_thread=alive
11:50:18 [v4][heartbeat] enter=True sorting=False cam=LIVE ai=LIVE cam_fps=36.6 pub_fps=30.4 frames=60290 result_subs=1 roi=ok intrinsic=ok inference_age_ms=56 target=none transport=False sorting_thread=alive
11:50:23 [v4][heartbeat] enter=True sorting=False cam=LIVE ai=LIVE cam_fps=40.0 pub_fps=30.2 frames=60490 result_subs=1 roi=ok intrinsic=ok inference_age_ms=214 target=none transport=False sorting_thread=alive
11:50:28 [v4][heartbeat] enter=True sorting=False cam=LIVE ai=LIVE cam_fps=37.3 pub_fps=30.5 frames=60676 result_subs=1 roi=ok intrinsic=ok inference_age_ms=98 target=none transport=False sorting_thread=alive
11:50:33 [v4][heartbeat] enter=True sorting=False cam=LIVE ai=LIVE cam_fps=36.6 pub_fps=30.2 frames=60859 result_subs=1 roi=ok intrinsic=ok inference_age_ms=78 target=none transport=False sorting_thread=alive
11:50:38 [v4][heartbeat] enter=True sorting=False cam=LIVE ai=LIVE cam_fps=40.6 pub_fps=30.4 frames=61062 result_subs=1 roi=ok intrinsic=ok inference_age_ms=131 target=none transport=False sorting_thread=alive
11:50:43 [v4][heartbeat] enter=True sorting=False cam=LIVE ai=LIVE cam_fps=35.8 pub_fps=30.2 frames=61241 result_subs=1 roi=ok intrinsic=ok inference_age_ms=144 target=none transport=False sorting_thread=alive
11:50:48 [v4][heartbeat] enter=True sorting=False cam=LIVE ai=LIVE cam_fps=40.2 pub_fps=30.2 frames=61442 result_subs=1 roi=ok intrinsic=ok inference_age_ms=170 target=none transport=False sorting_thread=alive
11:50:53 [v4][heartbeat] enter=True sorting=False cam=LIVE ai=LIVE cam_fps=39.7 pub_fps=30.5 frames=61640 result_subs=1 roi=ok intrinsic=ok inference_age_ms=81 target=none transport=False sorting_thread=alive
11:50:58 [v4][heartbeat] enter=True sorting=False cam=LIVE ai=LIVE cam_fps=33.4 pub_fps=30.4 frames=61807 result_subs=1 roi=ok intrinsic=ok inference_age_ms=117 target=none transport=False sorting_thread=alive
11:51:03 [v4][heartbeat] enter=True sorting=False cam=LIVE ai=LIVE cam_fps=42.6 pub_fps=30.2 frames=62020 result_subs=1 roi=ok intrinsic=ok inference_age_ms=159 target=none transport=False sorting_thread=alive
11:51:08 [v4][heartbeat] enter=True sorting=False cam=LIVE ai=LIVE cam_fps=36.1 pub_fps=30.2 frames=62201 result_subs=1 roi=ok intrinsic=ok inference_age_ms=93 target=none transport=False sorting_thread=alive
11:51:13 [v4][heartbeat] enter=True sorting=False cam=LIVE ai=LIVE cam_fps=42.3 pub_fps=30.4 frames=62412 result_subs=1 roi=ok intrinsic=ok inference_age_ms=115 target=none transport=False sorting_thread=alive
11:51:18 [v4][heartbeat] enter=True sorting=False cam=LIVE ai=LIVE cam_fps=37.4 pub_fps=30.4 frames=62599 result_subs=1 roi=ok intrinsic=ok inference_age_ms=158 target=none transport=False sorting_thread=alive
11:51:23 [v4][heartbeat] enter=True sorting=False cam=LIVE ai=LIVE cam_fps=34.6 pub_fps=30.2 frames=62772 result_subs=1 roi=ok intrinsic=ok inference_age_ms=66 target=none transport=False sorting_thread=alive
11:51:28 [v4][heartbeat] enter=True sorting=False cam=LIVE ai=LIVE cam_fps=43.2 pub_fps=30.2 frames=62988 result_subs=1 roi=ok intrinsic=ok inference_age_ms=100 target=none transport=False sorting_thread=alive
11:51:33 [v4][heartbeat] enter=True sorting=False cam=LIVE ai=LIVE cam_fps=37.0 pub_fps=30.2 frames=63173 result_subs=1 roi=ok intrinsic=ok inference_age_ms=149 target=none transport=False sorting_thread=alive
11:51:38 [v4][heartbeat] enter=True sorting=False cam=LIVE ai=LIVE cam_fps=40.0 pub_fps=30.4 frames=63373 result_subs=1 roi=ok intrinsic=ok inference_age_ms=163 target=none transport=False sorting_thread=alive
11:51:43 [v4][heartbeat] enter=True sorting=False cam=LIVE ai=LIVE cam_fps=39.6 pub_fps=30.0 frames=63571 result_subs=1 roi=ok intrinsic=ok inference_age_ms=72 target=none transport=False sorting_thread=alive
11:51:48 [v4][heartbeat] enter=True sorting=False cam=LIVE ai=LIVE cam_fps=35.0 pub_fps=30.4 frames=63746 result_subs=1 roi=ok intrinsic=ok inference_age_ms=123 target=none transport=False sorting_thread=alive
11:51:53 [v4][heartbeat] enter=True sorting=False cam=LIVE ai=LIVE cam_fps=43.4 pub_fps=30.2 frames=63963 result_subs=1 roi=ok intrinsic=ok inference_age_ms=143 target=none transport=False sorting_thread=alive
11:51:58 [v4][heartbeat] enter=True sorting=False cam=LIVE ai=LIVE cam_fps=35.8 pub_fps=30.4 frames=64142 result_subs=1 roi=ok intrinsic=ok inference_age_ms=168 target=none transport=False sorting_thread=alive
11:52:03 [v4][heartbeat] enter=True sorting=False cam=LIVE ai=LIVE cam_fps=37.6 pub_fps=30.2 frames=64330 result_subs=1 roi=ok intrinsic=ok inference_age_ms=73 target=none transport=False sorting_thread=alive
11:52:08 [v4][heartbeat] enter=True sorting=False cam=LIVE ai=LIVE cam_fps=40.6 pub_fps=30.4 frames=64533 result_subs=1 roi=ok intrinsic=ok inference_age_ms=107 target=none transport=False sorting_thread=alive
11:52:13 [v4][heartbeat] enter=True sorting=False cam=LIVE ai=LIVE cam_fps=36.0 pub_fps=30.2 frames=64713 result_subs=1 roi=ok intrinsic=ok inference_age_ms=142 target=none transport=False sorting_thread=alive
11:52:18 [v4][heartbeat] enter=True sorting=False cam=LIVE ai=LIVE cam_fps=43.8 pub_fps=30.4 frames=64932 result_subs=1 roi=ok intrinsic=ok inference_age_ms=172 target=none transport=False sorting_thread=alive
11:52:23 [v4][heartbeat] enter=True sorting=False cam=LIVE ai=LIVE cam_fps=41.0 pub_fps=30.2 frames=65137 result_subs=1 roi=ok intrinsic=ok inference_age_ms=87 target=none transport=False sorting_thread=alive
11:52:28 [v4][heartbeat] enter=True sorting=False cam=LIVE ai=LIVE cam_fps=39.2 pub_fps=30.4 frames=65333 result_subs=1 roi=ok intrinsic=ok inference_age_ms=136 target=none transport=False sorting_thread=alive
11:52:33 [v4][heartbeat] enter=True sorting=False cam=LIVE ai=LIVE cam_fps=42.2 pub_fps=30.2 frames=65544 result_subs=1 roi=ok intrinsic=ok inference_age_ms=185 target=none transport=False sorting_thread=alive
11:52:38 [v4][heartbeat] enter=True sorting=False cam=LIVE ai=LIVE cam_fps=39.0 pub_fps=30.4 frames=65739 result_subs=1 roi=ok intrinsic=ok inference_age_ms=117 target=none transport=False sorting_thread=alive
11:52:43 [v4][heartbeat] enter=True sorting=False cam=LIVE ai=LIVE cam_fps=38.8 pub_fps=30.2 frames=65933 result_subs=1 roi=ok intrinsic=ok inference_age_ms=163 target=none transport=False sorting_thread=alive
11:52:48 [v4][heartbeat] enter=True sorting=False cam=LIVE ai=LIVE cam_fps=38.8 pub_fps=30.4 frames=66127 result_subs=1 roi=ok intrinsic=ok inference_age_ms=80 target=none transport=False sorting_thread=alive
11:52:53 [v4][heartbeat] enter=True sorting=False cam=LIVE ai=LIVE cam_fps=37.2 pub_fps=30.4 frames=66313 result_subs=1 roi=ok intrinsic=ok inference_age_ms=125 target=none transport=False sorting_thread=alive
11:52:58 [v4][heartbeat] enter=True sorting=False cam=LIVE ai=LIVE cam_fps=37.6 pub_fps=30.0 frames=66501 result_subs=1 roi=ok intrinsic=ok inference_age_ms=143 target=none transport=False sorting_thread=alive
11:53:03 [v4][heartbeat] enter=True sorting=False cam=LIVE ai=LIVE cam_fps=36.4 pub_fps=30.6 frames=66683 result_subs=1 roi=ok intrinsic=ok inference_age_ms=68 target=none transport=False sorting_thread=alive
11:53:08 [v4][heartbeat] enter=True sorting=False cam=LIVE ai=LIVE cam_fps=37.6 pub_fps=30.2 frames=66871 result_subs=1 roi=ok intrinsic=ok inference_age_ms=73 target=none transport=False sorting_thread=alive
11:53:13 [v4][heartbeat] enter=True sorting=False cam=LIVE ai=LIVE cam_fps=39.2 pub_fps=30.2 frames=67067 result_subs=1 roi=ok intrinsic=ok inference_age_ms=103 target=none transport=False sorting_thread=alive
11:53:18 [v4][heartbeat] enter=True sorting=False cam=LIVE ai=LIVE cam_fps=38.0 pub_fps=30.4 frames=67257 result_subs=1 roi=ok intrinsic=ok inference_age_ms=112 target=none transport=False sorting_thread=alive
11:53:23 [v4][heartbeat] enter=True sorting=False cam=LIVE ai=LIVE cam_fps=40.4 pub_fps=30.0 frames=67459 result_subs=1 roi=ok intrinsic=ok inference_age_ms=143 target=none transport=False sorting_thread=alive
11:53:28 [v4][heartbeat] enter=True sorting=False cam=LIVE ai=LIVE cam_fps=36.2 pub_fps=30.4 frames=67640 result_subs=1 roi=ok intrinsic=ok inference_age_ms=168 target=none transport=False sorting_thread=alive
11:53:33 [v4][heartbeat] enter=True sorting=False cam=LIVE ai=LIVE cam_fps=38.8 pub_fps=30.2 frames=67834 result_subs=1 roi=ok intrinsic=ok inference_age_ms=105 target=none transport=False sorting_thread=alive
11:53:38 [v4][heartbeat] enter=True sorting=False cam=LIVE ai=LIVE cam_fps=36.8 pub_fps=30.4 frames=68018 result_subs=1 roi=ok intrinsic=ok inference_age_ms=146 target=none transport=False sorting_thread=alive
11:53:43 [v4][heartbeat] enter=True sorting=False cam=LIVE ai=LIVE cam_fps=37.0 pub_fps=30.4 frames=68203 result_subs=1 roi=ok intrinsic=ok inference_age_ms=166 target=none transport=False sorting_thread=alive
11:53:48 [v4][heartbeat] enter=True sorting=False cam=LIVE ai=LIVE cam_fps=39.6 pub_fps=30.2 frames=68401 result_subs=1 roi=ok intrinsic=ok inference_age_ms=49 target=none transport=False sorting_thread=alive
11:53:53 [v4][heartbeat] enter=True sorting=False cam=LIVE ai=LIVE cam_fps=37.6 pub_fps=30.4 frames=68589 result_subs=1 roi=ok intrinsic=ok inference_age_ms=55 target=none transport=False sorting_thread=alive
11:53:58 [v4][heartbeat] enter=True sorting=False cam=LIVE ai=LIVE cam_fps=37.4 pub_fps=30.2 frames=68776 result_subs=1 roi=ok intrinsic=ok inference_age_ms=80 target=none transport=False sorting_thread=alive
11:54:03 [v4][heartbeat] enter=True sorting=False cam=LIVE ai=LIVE cam_fps=39.4 pub_fps=30.2 frames=68973 result_subs=1 roi=ok intrinsic=ok inference_age_ms=87 target=none transport=False sorting_thread=alive
11:54:08 [v4][heartbeat] enter=True sorting=False cam=LIVE ai=LIVE cam_fps=39.4 pub_fps=30.2 frames=69170 result_subs=1 roi=ok intrinsic=ok inference_age_ms=126 target=none transport=False sorting_thread=alive
11:54:13 [v4][heartbeat] enter=True sorting=False cam=LIVE ai=LIVE cam_fps=37.5 pub_fps=30.3 frames=69358 result_subs=1 roi=ok intrinsic=ok inference_age_ms=159 target=none transport=False sorting_thread=alive
11:54:18 [v4][heartbeat] enter=True sorting=False cam=LIVE ai=LIVE cam_fps=37.1 pub_fps=30.3 frames=69543 result_subs=1 roi=ok intrinsic=ok inference_age_ms=49 target=none transport=False sorting_thread=alive
11:54:23 [v4][heartbeat] enter=True sorting=False cam=LIVE ai=LIVE cam_fps=36.8 pub_fps=30.4 frames=69727 result_subs=1 roi=ok intrinsic=ok inference_age_ms=95 target=none transport=False sorting_thread=alive
11:54:28 [v4][heartbeat] enter=True sorting=False cam=LIVE ai=LIVE cam_fps=37.4 pub_fps=30.2 frames=69914 result_subs=1 roi=ok intrinsic=ok inference_age_ms=156 target=none transport=False sorting_thread=alive
11:54:33 [v4][heartbeat] enter=True sorting=False cam=LIVE ai=LIVE cam_fps=37.2 pub_fps=30.4 frames=70100 result_subs=1 roi=ok intrinsic=ok inference_age_ms=184 target=none transport=False sorting_thread=alive
11:54:38 [v4][heartbeat] enter=True sorting=False cam=LIVE ai=LIVE cam_fps=37.6 pub_fps=30.2 frames=70288 result_subs=1 roi=ok intrinsic=ok inference_age_ms=197 target=none transport=False sorting_thread=alive
11:54:43 [v4][heartbeat] enter=True sorting=False cam=LIVE ai=LIVE cam_fps=40.0 pub_fps=30.4 frames=70488 result_subs=1 roi=ok intrinsic=ok inference_age_ms=117 target=none transport=False sorting_thread=alive
11:54:48 [v4][heartbeat] enter=True sorting=False cam=LIVE ai=LIVE cam_fps=37.3 pub_fps=30.1 frames=70675 result_subs=1 roi=ok intrinsic=ok inference_age_ms=148 target=none transport=False sorting_thread=alive
11:54:53 [v4][heartbeat] enter=True sorting=False cam=LIVE ai=LIVE cam_fps=36.2 pub_fps=30.4 frames=70856 result_subs=1 roi=ok intrinsic=ok inference_age_ms=39 target=none transport=False sorting_thread=alive
11:54:58 [v4][heartbeat] enter=True sorting=False cam=LIVE ai=LIVE cam_fps=37.8 pub_fps=30.4 frames=71045 result_subs=1 roi=ok intrinsic=ok inference_age_ms=99 target=none transport=False sorting_thread=alive
11:55:03 [v4][heartbeat] enter=True sorting=False cam=LIVE ai=LIVE cam_fps=41.6 pub_fps=30.2 frames=71253 result_subs=1 roi=ok intrinsic=ok inference_age_ms=136 target=none transport=False sorting_thread=alive
11:55:08 [v4][heartbeat] enter=True sorting=False cam=LIVE ai=LIVE cam_fps=39.8 pub_fps=30.2 frames=71452 result_subs=1 roi=ok intrinsic=ok inference_age_ms=169 target=none transport=False sorting_thread=alive
11:55:13 [v4][heartbeat] enter=True sorting=False cam=LIVE ai=LIVE cam_fps=37.8 pub_fps=30.4 frames=71641 result_subs=1 roi=ok intrinsic=ok inference_age_ms=99 target=none transport=False sorting_thread=alive
11:55:18 [v4][heartbeat] enter=True sorting=False cam=LIVE ai=LIVE cam_fps=45.4 pub_fps=30.4 frames=71868 result_subs=1 roi=ok intrinsic=ok inference_age_ms=139 target=none transport=False sorting_thread=alive
11:55:23 [v4][heartbeat] enter=True sorting=False cam=LIVE ai=LIVE cam_fps=40.2 pub_fps=30.2 frames=72069 result_subs=1 roi=ok intrinsic=ok inference_age_ms=178 target=none transport=False sorting_thread=alive
11:55:28 [v4][heartbeat] enter=True sorting=False cam=LIVE ai=LIVE cam_fps=39.2 pub_fps=30.2 frames=72265 result_subs=1 roi=ok intrinsic=ok inference_age_ms=207 target=none transport=False sorting_thread=alive
11:55:33 [v4][heartbeat] enter=True sorting=False cam=LIVE ai=LIVE cam_fps=39.0 pub_fps=30.4 frames=72460 result_subs=1 roi=ok intrinsic=ok inference_age_ms=97 target=none transport=False sorting_thread=alive
11:55:38 [v4][heartbeat] enter=True sorting=False cam=LIVE ai=LIVE cam_fps=36.4 pub_fps=30.4 frames=72642 result_subs=1 roi=ok intrinsic=ok inference_age_ms=154 target=none transport=False sorting_thread=alive
11:55:43 [v4][heartbeat] enter=True sorting=False cam=LIVE ai=LIVE cam_fps=38.4 pub_fps=30.2 frames=72834 result_subs=1 roi=ok intrinsic=ok inference_age_ms=158 target=none transport=False sorting_thread=alive
11:55:48 [v4][heartbeat] enter=True sorting=False cam=LIVE ai=LIVE cam_fps=39.6 pub_fps=30.4 frames=73032 result_subs=1 roi=ok intrinsic=ok inference_age_ms=75 target=none transport=False sorting_thread=alive
11:55:53 [v4][heartbeat] enter=True sorting=False cam=LIVE ai=LIVE cam_fps=42.8 pub_fps=30.2 frames=73246 result_subs=1 roi=ok intrinsic=ok inference_age_ms=105 target=none transport=False sorting_thread=alive
11:55:58 [v4][heartbeat] enter=True sorting=False cam=LIVE ai=LIVE cam_fps=42.0 pub_fps=30.4 frames=73456 result_subs=1 roi=ok intrinsic=ok inference_age_ms=156 target=none transport=False sorting_thread=alive
11:56:03 [v4][heartbeat] enter=True sorting=False cam=LIVE ai=LIVE cam_fps=37.2 pub_fps=30.2 frames=73642 result_subs=1 roi=ok intrinsic=ok inference_age_ms=63 target=none transport=False sorting_thread=alive
11:56:08 [v4][heartbeat] enter=True sorting=False cam=LIVE ai=LIVE cam_fps=42.7 pub_fps=30.3 frames=73856 result_subs=1 roi=ok intrinsic=ok inference_age_ms=102 target=none transport=False sorting_thread=alive
11:56:13 [v4][heartbeat] enter=True sorting=False cam=LIVE ai=LIVE cam_fps=39.9 pub_fps=30.2 frames=74055 result_subs=1 roi=ok intrinsic=ok inference_age_ms=156 target=none transport=False sorting_thread=alive
11:56:18 [v4][heartbeat] enter=True sorting=False cam=LIVE ai=LIVE cam_fps=42.0 pub_fps=30.4 frames=74265 result_subs=1 roi=ok intrinsic=ok inference_age_ms=179 target=none transport=False sorting_thread=alive
11:56:23 [v4][heartbeat] enter=True sorting=False cam=LIVE ai=LIVE cam_fps=43.5 pub_fps=30.2 frames=74482 result_subs=1 roi=ok intrinsic=ok inference_age_ms=115 target=none transport=False sorting_thread=alive
11:56:28 [v4][heartbeat] enter=True sorting=False cam=LIVE ai=LIVE cam_fps=38.4 pub_fps=30.2 frames=74674 result_subs=1 roi=ok intrinsic=ok inference_age_ms=164 target=none transport=False sorting_thread=alive
11:56:33 [v4][heartbeat] enter=True sorting=False cam=LIVE ai=LIVE cam_fps=46.0 pub_fps=30.4 frames=74904 result_subs=1 roi=ok intrinsic=ok inference_age_ms=94 target=none transport=False sorting_thread=alive
11:56:38 [v4][heartbeat] enter=True sorting=False cam=LIVE ai=LIVE cam_fps=38.0 pub_fps=30.4 frames=75094 result_subs=1 roi=ok intrinsic=ok inference_age_ms=146 target=none transport=False sorting_thread=alive
11:56:43 [v4][heartbeat] enter=True sorting=False cam=LIVE ai=LIVE cam_fps=41.5 pub_fps=30.3 frames=75301 result_subs=1 roi=ok intrinsic=ok inference_age_ms=174 target=none transport=False sorting_thread=alive
11:56:48 [v4][heartbeat] enter=True sorting=False cam=LIVE ai=LIVE cam_fps=45.1 pub_fps=30.4 frames=75527 result_subs=1 roi=ok intrinsic=ok inference_age_ms=92 target=none transport=False sorting_thread=alive
11:56:53 [v4][heartbeat] enter=True sorting=False cam=LIVE ai=LIVE cam_fps=42.6 pub_fps=30.2 frames=75740 result_subs=1 roi=ok intrinsic=ok inference_age_ms=150 target=none transport=False sorting_thread=alive
11:56:58 [v4][heartbeat] enter=True sorting=False cam=LIVE ai=LIVE cam_fps=41.6 pub_fps=30.2 frames=75948 result_subs=1 roi=ok intrinsic=ok inference_age_ms=195 target=none transport=False sorting_thread=alive
11:57:03 [v4][heartbeat] enter=True sorting=False cam=LIVE ai=LIVE cam_fps=40.4 pub_fps=30.4 frames=76150 result_subs=1 roi=ok intrinsic=ok inference_age_ms=114 target=none transport=False sorting_thread=alive
11:57:08 [v4][heartbeat] enter=True sorting=False cam=LIVE ai=LIVE cam_fps=38.4 pub_fps=30.4 frames=76342 result_subs=1 roi=ok intrinsic=ok inference_age_ms=154 target=none transport=False sorting_thread=alive
11:57:13 [v4][heartbeat] enter=True sorting=False cam=LIVE ai=LIVE cam_fps=44.4 pub_fps=30.2 frames=76564 result_subs=1 roi=ok intrinsic=ok inference_age_ms=81 target=none transport=False sorting_thread=alive
11:57:18 [v4][heartbeat] enter=True sorting=False cam=LIVE ai=LIVE cam_fps=36.8 pub_fps=30.4 frames=76748 result_subs=1 roi=ok intrinsic=ok inference_age_ms=129 target=none transport=False sorting_thread=alive
11:57:23 [v4][heartbeat] enter=True sorting=False cam=LIVE ai=LIVE cam_fps=41.1 pub_fps=30.2 frames=76953 result_subs=1 roi=ok intrinsic=ok inference_age_ms=146 target=none transport=False sorting_thread=alive
11:57:28 [v4][heartbeat] enter=True sorting=False cam=LIVE ai=LIVE cam_fps=38.0 pub_fps=30.2 frames=77143 result_subs=1 roi=ok intrinsic=ok inference_age_ms=196 target=none transport=False sorting_thread=alive
11:57:33 [v4][heartbeat] enter=True sorting=False cam=LIVE ai=LIVE cam_fps=41.2 pub_fps=30.4 frames=77349 result_subs=1 roi=ok intrinsic=ok inference_age_ms=82 target=none transport=False sorting_thread=alive
11:57:38 [v4][heartbeat] enter=True sorting=False cam=LIVE ai=LIVE cam_fps=45.2 pub_fps=30.4 frames=77575 result_subs=1 roi=ok intrinsic=ok inference_age_ms=113 target=none transport=False sorting_thread=alive
11:57:43 [v4][heartbeat] enter=True sorting=False cam=LIVE ai=LIVE cam_fps=38.8 pub_fps=30.2 frames=77769 result_subs=1 roi=ok intrinsic=ok inference_age_ms=160 target=none transport=False sorting_thread=alive
11:57:48 [v4][heartbeat] enter=True sorting=False cam=LIVE ai=LIVE cam_fps=41.4 pub_fps=30.4 frames=77976 result_subs=1 roi=ok intrinsic=ok inference_age_ms=56 target=none transport=False sorting_thread=alive
11:57:53 [v4][heartbeat] enter=True sorting=False cam=LIVE ai=LIVE cam_fps=43.0 pub_fps=30.4 frames=78191 result_subs=1 roi=ok intrinsic=ok inference_age_ms=70 target=none transport=False sorting_thread=alive
11:57:58 [v4][heartbeat] enter=True sorting=False cam=LIVE ai=LIVE cam_fps=37.8 pub_fps=30.2 frames=78380 result_subs=1 roi=ok intrinsic=ok inference_age_ms=125 target=none transport=False sorting_thread=alive
11:58:03 [v4][heartbeat] enter=True sorting=False cam=LIVE ai=LIVE cam_fps=46.0 pub_fps=30.2 frames=78610 result_subs=1 roi=ok intrinsic=ok inference_age_ms=174 target=none transport=False sorting_thread=alive
11:58:08 [v4][heartbeat] enter=True sorting=False cam=LIVE ai=LIVE cam_fps=36.2 pub_fps=30.4 frames=78791 result_subs=1 roi=ok intrinsic=ok inference_age_ms=93 target=none transport=False sorting_thread=alive
11:58:13 [v4][heartbeat] enter=True sorting=False cam=LIVE ai=LIVE cam_fps=41.6 pub_fps=30.4 frames=78999 result_subs=1 roi=ok intrinsic=ok inference_age_ms=146 target=none transport=False sorting_thread=alive
11:58:18 [v4][heartbeat] enter=True sorting=False cam=LIVE ai=LIVE cam_fps=41.8 pub_fps=30.2 frames=79208 result_subs=1 roi=ok intrinsic=ok inference_age_ms=181 target=none transport=False sorting_thread=alive
11:58:23 [v4][heartbeat] enter=True sorting=False cam=LIVE ai=LIVE cam_fps=38.6 pub_fps=30.2 frames=79401 result_subs=1 roi=ok intrinsic=ok inference_age_ms=96 target=none transport=False sorting_thread=alive
11:58:28 [v4][heartbeat] enter=True sorting=False cam=LIVE ai=LIVE cam_fps=45.7 pub_fps=30.4 frames=79629 result_subs=1 roi=ok intrinsic=ok inference_age_ms=145 target=none transport=False sorting_thread=alive
11:58:33 [v4][heartbeat] enter=True sorting=False cam=LIVE ai=LIVE cam_fps=39.6 pub_fps=30.4 frames=79827 result_subs=1 roi=ok intrinsic=ok inference_age_ms=56 target=none transport=False sorting_thread=alive
11:58:38 [v4][heartbeat] enter=True sorting=False cam=LIVE ai=LIVE cam_fps=40.8 pub_fps=30.2 frames=80031 result_subs=1 roi=ok intrinsic=ok inference_age_ms=80 target=none transport=False sorting_thread=alive
11:58:43 [v4][heartbeat] enter=True sorting=False cam=LIVE ai=LIVE cam_fps=45.0 pub_fps=30.2 frames=80256 result_subs=1 roi=ok intrinsic=ok inference_age_ms=109 target=none transport=False sorting_thread=alive
11:58:48 [v4][heartbeat] enter=True sorting=False cam=LIVE ai=LIVE cam_fps=38.8 pub_fps=30.4 frames=80450 result_subs=1 roi=ok intrinsic=ok inference_age_ms=135 target=none transport=False sorting_thread=alive
11:58:53 [v4][heartbeat] enter=True sorting=False cam=LIVE ai=LIVE cam_fps=41.4 pub_fps=30.2 frames=80657 result_subs=1 roi=ok intrinsic=ok inference_age_ms=162 target=none transport=False sorting_thread=alive
11:58:58 [v4][heartbeat] enter=True sorting=False cam=LIVE ai=LIVE cam_fps=39.2 pub_fps=30.4 frames=80853 result_subs=1 roi=ok intrinsic=ok inference_age_ms=88 target=none transport=False sorting_thread=alive
11:59:03 [v4][heartbeat] enter=True sorting=False cam=LIVE ai=LIVE cam_fps=40.8 pub_fps=30.4 frames=81057 result_subs=1 roi=ok intrinsic=ok inference_age_ms=129 target=none transport=False sorting_thread=alive
11:59:08 [v4][heartbeat] enter=True sorting=False cam=LIVE ai=LIVE cam_fps=43.8 pub_fps=30.2 frames=81276 result_subs=1 roi=ok intrinsic=ok inference_age_ms=160 target=none transport=False sorting_thread=alive
11:59:13 [v4][heartbeat] enter=True sorting=False cam=LIVE ai=LIVE cam_fps=39.8 pub_fps=30.4 frames=81475 result_subs=1 roi=ok intrinsic=ok inference_age_ms=87 target=none transport=False sorting_thread=alive
11:59:18 [v4][heartbeat] enter=True sorting=False cam=LIVE ai=LIVE cam_fps=44.0 pub_fps=30.2 frames=81695 result_subs=1 roi=ok intrinsic=ok inference_age_ms=129 target=none transport=False sorting_thread=alive
11:59:23 [v4][heartbeat] enter=True sorting=False cam=LIVE ai=LIVE cam_fps=41.8 pub_fps=30.4 frames=81904 result_subs=1 roi=ok intrinsic=ok inference_age_ms=182 target=none transport=False sorting_thread=alive
11:59:28 [v4][heartbeat] enter=True sorting=False cam=LIVE ai=LIVE cam_fps=45.7 pub_fps=30.2 frames=82132 result_subs=1 roi=ok intrinsic=ok inference_age_ms=93 target=none transport=False sorting_thread=alive
11:59:33 [v4][heartbeat] enter=True sorting=False cam=LIVE ai=LIVE cam_fps=45.0 pub_fps=30.4 frames=82357 result_subs=1 roi=ok intrinsic=ok inference_age_ms=99 target=none transport=False sorting_thread=alive
11:59:38 [v4][heartbeat] enter=True sorting=False cam=LIVE ai=LIVE cam_fps=38.4 pub_fps=30.2 frames=82549 result_subs=1 roi=ok intrinsic=ok inference_age_ms=121 target=none transport=False sorting_thread=alive
11:59:43 [v4][heartbeat] enter=True sorting=False cam=LIVE ai=LIVE cam_fps=44.6 pub_fps=30.4 frames=82772 result_subs=1 roi=ok intrinsic=ok inference_age_ms=55 target=none transport=False sorting_thread=alive
11:59:48 [v4][heartbeat] enter=True sorting=False cam=LIVE ai=LIVE cam_fps=37.4 pub_fps=30.2 frames=82959 result_subs=1 roi=ok intrinsic=ok inference_age_ms=93 target=none transport=False sorting_thread=alive
11:59:53 [v4][heartbeat] enter=True sorting=False cam=LIVE ai=LIVE cam_fps=40.1 pub_fps=30.3 frames=83160 result_subs=1 roi=ok intrinsic=ok inference_age_ms=142 target=none transport=False sorting_thread=alive
11:59:58 [v4][heartbeat] enter=True sorting=False cam=LIVE ai=LIVE cam_fps=40.6 pub_fps=30.2 frames=83363 result_subs=1 roi=ok intrinsic=ok inference_age_ms=54 target=none transport=False sorting_thread=alive
12:00:03 [v4][heartbeat] enter=True sorting=False cam=LIVE ai=LIVE cam_fps=39.5 pub_fps=30.4 frames=83560 result_subs=1 roi=ok intrinsic=ok inference_age_ms=100 target=none transport=False sorting_thread=alive
12:00:08 [v4][heartbeat] enter=True sorting=False cam=LIVE ai=LIVE cam_fps=43.4 pub_fps=30.2 frames=83777 result_subs=1 roi=ok intrinsic=ok inference_age_ms=127 target=none transport=False sorting_thread=alive
12:00:13 [v4][heartbeat] enter=True sorting=False cam=LIVE ai=LIVE cam_fps=41.4 pub_fps=30.4 frames=83984 result_subs=1 roi=ok intrinsic=ok inference_age_ms=169 target=none transport=False sorting_thread=alive
12:00:18 [v4][heartbeat] enter=True sorting=False cam=LIVE ai=LIVE cam_fps=37.0 pub_fps=30.2 frames=84169 result_subs=1 roi=ok intrinsic=ok inference_age_ms=85 target=none transport=False sorting_thread=alive
12:00:23 [v4][heartbeat] enter=True sorting=False cam=LIVE ai=LIVE cam_fps=48.8 pub_fps=30.4 frames=84413 result_subs=1 roi=ok intrinsic=ok inference_age_ms=123 target=none transport=False sorting_thread=alive
12:00:28 [v4][heartbeat] enter=True sorting=False cam=LIVE ai=LIVE cam_fps=36.9 pub_fps=30.3 frames=84597 result_subs=1 roi=ok intrinsic=ok inference_age_ms=139 target=none transport=False sorting_thread=alive
12:00:33 [v4][heartbeat] enter=True sorting=False cam=LIVE ai=LIVE cam_fps=44.2 pub_fps=30.4 frames=84818 result_subs=1 roi=ok intrinsic=ok inference_age_ms=190 target=none transport=False sorting_thread=alive
12:00:38 [v4][heartbeat] enter=True sorting=False cam=LIVE ai=LIVE cam_fps=41.2 pub_fps=30.2 frames=85024 result_subs=1 roi=ok intrinsic=ok inference_age_ms=108 target=none transport=False sorting_thread=alive
12:00:43 [v4][heartbeat] enter=True sorting=False cam=LIVE ai=LIVE cam_fps=41.2 pub_fps=30.4 frames=85230 result_subs=1 roi=ok intrinsic=ok inference_age_ms=138 target=none transport=False sorting_thread=alive
12:00:48 [v4][heartbeat] enter=True sorting=False cam=LIVE ai=LIVE cam_fps=44.7 pub_fps=30.3 frames=85454 result_subs=1 roi=ok intrinsic=ok inference_age_ms=59 target=none transport=False sorting_thread=alive
12:00:53 [v4][heartbeat] enter=True sorting=False cam=LIVE ai=LIVE cam_fps=39.1 pub_fps=30.3 frames=85649 result_subs=1 roi=ok intrinsic=ok inference_age_ms=78 target=none transport=False sorting_thread=alive
12:00:58 [v4][heartbeat] enter=True sorting=False cam=LIVE ai=LIVE cam_fps=40.4 pub_fps=30.2 frames=85851 result_subs=1 roi=ok intrinsic=ok inference_age_ms=101 target=none transport=False sorting_thread=alive
12:01:03 [v4][heartbeat] enter=True sorting=False cam=LIVE ai=LIVE cam_fps=40.8 pub_fps=30.4 frames=86055 result_subs=1 roi=ok intrinsic=ok inference_age_ms=125 target=none transport=False sorting_thread=alive
12:01:08 [v4][heartbeat] enter=True sorting=False cam=LIVE ai=LIVE cam_fps=38.4 pub_fps=30.2 frames=86247 result_subs=1 roi=ok intrinsic=ok inference_age_ms=183 target=none transport=False sorting_thread=alive
12:01:13 [v4][heartbeat] enter=True sorting=False cam=LIVE ai=LIVE cam_fps=44.6 pub_fps=30.4 frames=86470 result_subs=1 roi=ok intrinsic=ok inference_age_ms=111 target=none transport=False sorting_thread=alive
12:01:18 [v4][heartbeat] enter=True sorting=False cam=LIVE ai=LIVE cam_fps=41.5 pub_fps=30.3 frames=86678 result_subs=1 roi=ok intrinsic=ok inference_age_ms=148 target=none transport=False sorting_thread=alive
12:01:23 [v4][heartbeat] enter=True sorting=False cam=LIVE ai=LIVE cam_fps=41.9 pub_fps=30.3 frames=86887 result_subs=1 roi=ok intrinsic=ok inference_age_ms=176 target=none transport=False sorting_thread=alive
12:01:28 [v4][heartbeat] enter=True sorting=False cam=LIVE ai=LIVE cam_fps=41.6 pub_fps=30.2 frames=87095 result_subs=1 roi=ok intrinsic=ok inference_age_ms=83 target=none transport=False sorting_thread=alive
12:01:33 [v4][heartbeat] enter=True sorting=False cam=LIVE ai=LIVE cam_fps=38.0 pub_fps=30.4 frames=87285 result_subs=1 roi=ok intrinsic=ok inference_age_ms=137 target=none transport=False sorting_thread=alive
12:01:38 [v4][heartbeat] enter=True sorting=False cam=LIVE ai=LIVE cam_fps=43.1 pub_fps=30.3 frames=87501 result_subs=1 roi=ok intrinsic=ok inference_age_ms=195 target=none transport=False sorting_thread=alive
12:01:43 [v4][heartbeat] enter=True sorting=False cam=LIVE ai=LIVE cam_fps=39.9 pub_fps=30.3 frames=87700 result_subs=1 roi=ok intrinsic=ok inference_age_ms=74 target=none transport=False sorting_thread=alive
12:01:48 [v4][heartbeat] enter=True sorting=False cam=LIVE ai=LIVE cam_fps=40.4 pub_fps=30.2 frames=87902 result_subs=1 roi=ok intrinsic=ok inference_age_ms=130 target=none transport=False sorting_thread=alive
12:01:53 [v4][heartbeat] enter=True sorting=False cam=LIVE ai=LIVE cam_fps=43.4 pub_fps=30.4 frames=88119 result_subs=1 roi=ok intrinsic=ok inference_age_ms=159 target=none transport=False sorting_thread=alive
12:01:58 [v4][heartbeat] enter=True sorting=False cam=LIVE ai=LIVE cam_fps=39.8 pub_fps=30.4 frames=88318 result_subs=1 roi=ok intrinsic=ok inference_age_ms=96 target=none transport=False sorting_thread=alive
12:02:03 [v4][heartbeat] enter=True sorting=False cam=LIVE ai=LIVE cam_fps=44.4 pub_fps=30.2 frames=88540 result_subs=1 roi=ok intrinsic=ok inference_age_ms=128 target=none transport=False sorting_thread=alive
12:02:08 [v4][heartbeat] enter=True sorting=False cam=LIVE ai=LIVE cam_fps=41.1 pub_fps=30.4 frames=88746 result_subs=1 roi=ok intrinsic=ok inference_age_ms=178 target=none transport=False sorting_thread=alive
12:02:13 [v4][heartbeat] enter=True sorting=False cam=LIVE ai=LIVE cam_fps=35.0 pub_fps=30.2 frames=88921 result_subs=1 roi=ok intrinsic=ok inference_age_ms=93 target=none transport=False sorting_thread=alive
12:02:18 [v4][heartbeat] enter=True sorting=False cam=LIVE ai=LIVE cam_fps=44.2 pub_fps=30.4 frames=89142 result_subs=1 roi=ok intrinsic=ok inference_age_ms=136 target=none transport=False sorting_thread=alive
12:02:23 [v4][heartbeat] enter=True sorting=False cam=LIVE ai=LIVE cam_fps=37.8 pub_fps=30.2 frames=89331 result_subs=1 roi=ok intrinsic=ok inference_age_ms=188 target=none transport=False sorting_thread=alive
12:02:28 [v4][heartbeat] enter=True sorting=False cam=LIVE ai=LIVE cam_fps=41.2 pub_fps=30.4 frames=89537 result_subs=1 roi=ok intrinsic=ok inference_age_ms=123 target=none transport=False sorting_thread=alive
12:02:33 [v4][heartbeat] enter=True sorting=False cam=LIVE ai=LIVE cam_fps=43.8 pub_fps=30.2 frames=89756 result_subs=1 roi=ok intrinsic=ok inference_age_ms=171 target=none transport=False sorting_thread=alive
12:02:38 [v4][heartbeat] enter=True sorting=False cam=LIVE ai=LIVE cam_fps=41.1 pub_fps=30.4 frames=89961 result_subs=1 roi=ok intrinsic=ok inference_age_ms=75 target=none transport=False sorting_thread=alive
12:02:43 [v4][heartbeat] enter=True sorting=False cam=LIVE ai=LIVE cam_fps=43.6 pub_fps=30.4 frames=90179 result_subs=1 roi=ok intrinsic=ok inference_age_ms=110 target=none transport=False sorting_thread=alive
12:02:48 [v4][heartbeat] enter=True sorting=False cam=LIVE ai=LIVE cam_fps=40.2 pub_fps=30.2 frames=90380 result_subs=1 roi=ok intrinsic=ok inference_age_ms=154 target=none transport=False sorting_thread=alive
12:02:53 [v4][heartbeat] enter=True sorting=False cam=LIVE ai=LIVE cam_fps=43.9 pub_fps=30.4 frames=90600 result_subs=1 roi=ok intrinsic=ok inference_age_ms=169 target=none transport=False sorting_thread=alive
12:02:58 [v4][heartbeat] enter=True sorting=False cam=LIVE ai=LIVE cam_fps=38.3 pub_fps=30.2 frames=90791 result_subs=1 roi=ok intrinsic=ok inference_age_ms=83 target=none transport=False sorting_thread=alive
12:03:03 [v4][heartbeat] enter=True sorting=False cam=LIVE ai=LIVE cam_fps=40.5 pub_fps=30.4 frames=90994 result_subs=1 roi=ok intrinsic=ok inference_age_ms=122 target=none transport=False sorting_thread=alive
12:03:08 [v4][heartbeat] enter=True sorting=False cam=LIVE ai=LIVE cam_fps=45.0 pub_fps=30.2 frames=91219 result_subs=1 roi=ok intrinsic=ok inference_age_ms=158 target=none transport=False sorting_thread=alive
12:03:13 [v4][heartbeat] enter=True sorting=False cam=LIVE ai=LIVE cam_fps=39.4 pub_fps=30.4 frames=91416 result_subs=1 roi=ok intrinsic=ok inference_age_ms=191 target=none transport=False sorting_thread=alive
12:03:18 [v4][heartbeat] enter=True sorting=False cam=LIVE ai=LIVE cam_fps=40.2 pub_fps=30.2 frames=91617 result_subs=1 roi=ok intrinsic=ok inference_age_ms=119 target=none transport=False sorting_thread=alive
12:03:23 [v4][heartbeat] enter=True sorting=False cam=LIVE ai=LIVE cam_fps=46.2 pub_fps=30.2 frames=91848 result_subs=1 roi=ok intrinsic=ok inference_age_ms=146 target=none transport=False sorting_thread=alive
12:03:28 [v4][heartbeat] enter=True sorting=False cam=LIVE ai=LIVE cam_fps=38.2 pub_fps=30.4 frames=92039 result_subs=1 roi=ok intrinsic=ok inference_age_ms=162 target=none transport=False sorting_thread=alive
12:03:33 [v4][heartbeat] enter=True sorting=False cam=LIVE ai=LIVE cam_fps=42.0 pub_fps=30.2 frames=92249 result_subs=1 roi=ok intrinsic=ok inference_age_ms=194 target=none transport=False sorting_thread=alive
12:03:38 [v4][heartbeat] enter=True sorting=False cam=LIVE ai=LIVE cam_fps=40.8 pub_fps=30.4 frames=92453 result_subs=1 roi=ok intrinsic=ok inference_age_ms=87 target=none transport=False sorting_thread=alive
12:03:43 [v4][heartbeat] enter=True sorting=False cam=LIVE ai=LIVE cam_fps=42.2 pub_fps=30.2 frames=92664 result_subs=1 roi=ok intrinsic=ok inference_age_ms=140 target=none transport=False sorting_thread=alive
12:03:48 [v4][heartbeat] enter=True sorting=False cam=LIVE ai=LIVE cam_fps=41.0 pub_fps=30.4 frames=92869 result_subs=1 roi=ok intrinsic=ok inference_age_ms=167 target=none transport=False sorting_thread=alive
12:03:53 [v4][heartbeat] enter=True sorting=False cam=LIVE ai=LIVE cam_fps=40.4 pub_fps=30.4 frames=93071 result_subs=1 roi=ok intrinsic=ok inference_age_ms=91 target=none transport=False sorting_thread=alive
12:03:58 [v4][heartbeat] enter=True sorting=False cam=LIVE ai=LIVE cam_fps=44.5 pub_fps=30.2 frames=93293 result_subs=1 roi=ok intrinsic=ok inference_age_ms=100 target=none transport=False sorting_thread=alive
12:04:03 [v4][heartbeat] enter=True sorting=False cam=LIVE ai=LIVE cam_fps=38.7 pub_fps=30.2 frames=93487 result_subs=1 roi=ok intrinsic=ok inference_age_ms=138 target=none transport=False sorting_thread=alive
12:04:08 [v4][heartbeat] enter=True sorting=False cam=LIVE ai=LIVE cam_fps=39.4 pub_fps=30.4 frames=93684 result_subs=1 roi=ok intrinsic=ok inference_age_ms=57 target=none transport=False sorting_thread=alive
12:04:13 [v4][heartbeat] enter=True sorting=False cam=LIVE ai=LIVE cam_fps=41.4 pub_fps=30.4 frames=93891 result_subs=1 roi=ok intrinsic=ok inference_age_ms=91 target=none transport=False sorting_thread=alive
12:04:18 [v4][heartbeat] enter=True sorting=False cam=LIVE ai=LIVE cam_fps=39.8 pub_fps=30.2 frames=94090 result_subs=1 roi=ok intrinsic=ok inference_age_ms=140 target=none transport=False sorting_thread=alive
12:04:23 [v4][heartbeat] enter=True sorting=False cam=LIVE ai=LIVE cam_fps=42.0 pub_fps=30.4 frames=94300 result_subs=1 roi=ok intrinsic=ok inference_age_ms=171 target=none transport=False sorting_thread=alive
12:04:28 [v4][heartbeat] enter=True sorting=False cam=LIVE ai=LIVE cam_fps=40.6 pub_fps=30.2 frames=94503 result_subs=1 roi=ok intrinsic=ok inference_age_ms=97 target=none transport=False sorting_thread=alive
12:04:33 [v4][heartbeat] enter=True sorting=False cam=LIVE ai=LIVE cam_fps=39.0 pub_fps=30.2 frames=94698 result_subs=1 roi=ok intrinsic=ok inference_age_ms=147 target=none transport=False sorting_thread=alive
12:04:38 [v4][heartbeat] enter=True sorting=False cam=LIVE ai=LIVE cam_fps=44.8 pub_fps=30.4 frames=94922 result_subs=1 roi=ok intrinsic=ok inference_age_ms=82 target=none transport=False sorting_thread=alive
12:04:43 [v4][heartbeat] enter=True sorting=False cam=LIVE ai=LIVE cam_fps=33.4 pub_fps=30.4 frames=95089 result_subs=1 roi=ok intrinsic=ok inference_age_ms=104 target=none transport=False sorting_thread=alive
12:04:48 [v4][heartbeat] enter=True sorting=False cam=LIVE ai=LIVE cam_fps=45.1 pub_fps=30.2 frames=95315 result_subs=1 roi=ok intrinsic=ok inference_age_ms=142 target=none transport=False sorting_thread=alive
12:04:53 [v4][heartbeat] enter=True sorting=False cam=LIVE ai=LIVE cam_fps=40.5 pub_fps=30.3 frames=95517 result_subs=1 roi=ok intrinsic=ok inference_age_ms=50 target=none transport=False sorting_thread=alive
12:04:58 [v4][heartbeat] enter=True sorting=False cam=LIVE ai=LIVE cam_fps=39.8 pub_fps=30.4 frames=95716 result_subs=1 roi=ok intrinsic=ok inference_age_ms=93 target=none transport=False sorting_thread=alive
12:05:03 [v4][heartbeat] enter=True sorting=False cam=LIVE ai=LIVE cam_fps=44.5 pub_fps=30.4 frames=95939 result_subs=1 roi=ok intrinsic=ok inference_age_ms=119 target=none transport=False sorting_thread=alive
12:05:08 [v4][heartbeat] enter=True sorting=False cam=LIVE ai=LIVE cam_fps=35.8 pub_fps=30.2 frames=96118 result_subs=1 roi=ok intrinsic=ok inference_age_ms=150 target=none transport=False sorting_thread=alive
12:05:13 [v4][heartbeat] enter=True sorting=False cam=LIVE ai=LIVE cam_fps=40.3 pub_fps=30.4 frames=96320 result_subs=1 roi=ok intrinsic=ok inference_age_ms=208 target=none transport=False sorting_thread=alive
12:05:18 [v4][heartbeat] enter=True sorting=False cam=LIVE ai=LIVE cam_fps=44.1 pub_fps=30.2 frames=96540 result_subs=1 roi=ok intrinsic=ok inference_age_ms=93 target=none transport=False sorting_thread=alive
12:05:23 [v4][heartbeat] enter=True sorting=False cam=LIVE ai=LIVE cam_fps=40.4 pub_fps=30.4 frames=96742 result_subs=1 roi=ok intrinsic=ok inference_age_ms=115 target=none transport=False sorting_thread=alive
12:05:28 [v4][heartbeat] enter=True sorting=False cam=LIVE ai=LIVE cam_fps=41.4 pub_fps=30.2 frames=96949 result_subs=1 roi=ok intrinsic=ok inference_age_ms=55 target=none transport=False sorting_thread=alive
12:05:33 [v4][heartbeat] enter=True sorting=False cam=LIVE ai=LIVE cam_fps=39.2 pub_fps=30.4 frames=97145 result_subs=1 roi=ok intrinsic=ok inference_age_ms=122 target=none transport=False sorting_thread=alive
12:05:38 [v4][heartbeat] enter=True sorting=False cam=LIVE ai=LIVE cam_fps=44.0 pub_fps=30.2 frames=97365 result_subs=1 roi=ok intrinsic=ok inference_age_ms=169 target=none transport=False sorting_thread=alive
12:05:43 [v4][heartbeat] enter=True sorting=False cam=LIVE ai=LIVE cam_fps=44.6 pub_fps=30.4 frames=97589 result_subs=1 roi=ok intrinsic=ok inference_age_ms=95 target=none transport=False sorting_thread=alive
12:05:48 [v4][heartbeat] enter=True sorting=False cam=LIVE ai=LIVE cam_fps=39.2 pub_fps=30.2 frames=97784 result_subs=1 roi=ok intrinsic=ok inference_age_ms=120 target=none transport=False sorting_thread=alive
12:05:53 [v4][heartbeat] enter=True sorting=False cam=LIVE ai=LIVE cam_fps=43.6 pub_fps=30.2 frames=98002 result_subs=1 roi=ok intrinsic=ok inference_age_ms=155 target=none transport=False sorting_thread=alive
12:05:58 [v4][heartbeat] enter=True sorting=False cam=LIVE ai=LIVE cam_fps=39.0 pub_fps=30.6 frames=98197 result_subs=1 roi=ok intrinsic=ok inference_age_ms=51 target=none transport=False sorting_thread=alive
12:06:03 [v4][heartbeat] enter=True sorting=False cam=LIVE ai=LIVE cam_fps=42.8 pub_fps=30.2 frames=98411 result_subs=1 roi=ok intrinsic=ok inference_age_ms=96 target=none transport=False sorting_thread=alive
12:06:08 [v4][heartbeat] enter=True sorting=False cam=LIVE ai=LIVE cam_fps=45.2 pub_fps=30.2 frames=98637 result_subs=1 roi=ok intrinsic=ok inference_age_ms=138 target=none transport=False sorting_thread=alive
12:06:13 [v4][heartbeat] enter=True sorting=False cam=LIVE ai=LIVE cam_fps=39.2 pub_fps=30.4 frames=98833 result_subs=1 roi=ok intrinsic=ok inference_age_ms=164 target=none transport=False sorting_thread=alive
12:06:18 [v4][heartbeat] enter=True sorting=False cam=LIVE ai=LIVE cam_fps=45.2 pub_fps=30.2 frames=99059 result_subs=1 roi=ok intrinsic=ok inference_age_ms=58 target=none transport=False sorting_thread=alive
12:06:23 [v4][heartbeat] enter=True sorting=False cam=LIVE ai=LIVE cam_fps=41.4 pub_fps=30.4 frames=99266 result_subs=1 roi=ok intrinsic=ok inference_age_ms=115 target=none transport=False sorting_thread=alive
12:06:28 [v4][heartbeat] enter=True sorting=False cam=LIVE ai=LIVE cam_fps=42.4 pub_fps=30.2 frames=99478 result_subs=1 roi=ok intrinsic=ok inference_age_ms=53 target=none transport=False sorting_thread=alive
12:06:33 [v4][heartbeat] enter=True sorting=False cam=LIVE ai=LIVE cam_fps=42.6 pub_fps=30.4 frames=99691 result_subs=1 roi=ok intrinsic=ok inference_age_ms=105 target=none transport=False sorting_thread=alive
12:06:38 [v4][heartbeat] enter=True sorting=False cam=LIVE ai=LIVE cam_fps=36.6 pub_fps=30.4 frames=99874 result_subs=1 roi=ok intrinsic=ok inference_age_ms=152 target=none transport=False sorting_thread=alive
12:06:43 [v4][heartbeat] enter=True sorting=False cam=LIVE ai=LIVE cam_fps=43.8 pub_fps=30.2 frames=100093 result_subs=1 roi=ok intrinsic=ok inference_age_ms=202 target=none transport=False sorting_thread=alive
12:06:48 [v4][heartbeat] enter=True sorting=False cam=LIVE ai=LIVE cam_fps=39.4 pub_fps=30.2 frames=100290 result_subs=1 roi=ok intrinsic=ok inference_age_ms=117 target=none transport=False sorting_thread=alive
12:06:53 [v4][heartbeat] enter=True sorting=False cam=LIVE ai=LIVE cam_fps=38.4 pub_fps=30.4 frames=100482 result_subs=1 roi=ok intrinsic=ok inference_age_ms=126 target=none transport=False sorting_thread=alive
12:06:58 [v4][heartbeat] enter=True sorting=False cam=LIVE ai=LIVE cam_fps=40.7 pub_fps=30.2 frames=100686 result_subs=1 roi=ok intrinsic=ok inference_age_ms=178 target=none transport=False sorting_thread=alive
12:07:03 [v4][heartbeat] enter=True sorting=False cam=LIVE ai=LIVE cam_fps=40.6 pub_fps=30.4 frames=100889 result_subs=1 roi=ok intrinsic=ok inference_age_ms=84 target=none transport=False sorting_thread=alive
12:07:08 [v4][heartbeat] enter=True sorting=False cam=LIVE ai=LIVE cam_fps=42.8 pub_fps=30.4 frames=101103 result_subs=1 roi=ok intrinsic=ok inference_age_ms=132 target=none transport=False sorting_thread=alive
12:07:13 [v4][heartbeat] enter=True sorting=False cam=LIVE ai=LIVE cam_fps=41.8 pub_fps=30.2 frames=101312 result_subs=1 roi=ok intrinsic=ok inference_age_ms=184 target=none transport=False sorting_thread=alive
12:07:18 [v4][heartbeat] enter=True sorting=False cam=LIVE ai=LIVE cam_fps=37.6 pub_fps=30.4 frames=101500 result_subs=1 roi=ok intrinsic=ok inference_age_ms=69 target=none transport=False sorting_thread=alive
12:07:23 [v4][heartbeat] enter=True sorting=False cam=LIVE ai=LIVE cam_fps=39.4 pub_fps=30.2 frames=101697 result_subs=1 roi=ok intrinsic=ok inference_age_ms=98 target=none transport=False sorting_thread=alive
12:07:28 [v4][heartbeat] enter=True sorting=False cam=LIVE ai=LIVE cam_fps=39.4 pub_fps=30.4 frames=101894 result_subs=1 roi=ok intrinsic=ok inference_age_ms=123 target=none transport=False sorting_thread=alive
12:07:33 [v4][heartbeat] enter=True sorting=False cam=LIVE ai=LIVE cam_fps=36.4 pub_fps=30.2 frames=102076 result_subs=1 roi=ok intrinsic=ok inference_age_ms=146 target=none transport=False sorting_thread=alive
12:07:38 [v4][heartbeat] enter=True sorting=False cam=LIVE ai=LIVE cam_fps=42.5 pub_fps=30.4 frames=102289 result_subs=1 roi=ok intrinsic=ok inference_age_ms=86 target=none transport=False sorting_thread=alive
12:07:43 [v4][heartbeat] enter=True sorting=False cam=LIVE ai=LIVE cam_fps=40.4 pub_fps=30.2 frames=102491 result_subs=1 roi=ok intrinsic=ok inference_age_ms=105 target=none transport=False sorting_thread=alive
12:07:48 [v4][heartbeat] enter=True sorting=False cam=LIVE ai=LIVE cam_fps=39.8 pub_fps=30.4 frames=102690 result_subs=1 roi=ok intrinsic=ok inference_age_ms=154 target=none transport=False sorting_thread=alive
12:07:53 [v4][heartbeat] enter=True sorting=False cam=LIVE ai=LIVE cam_fps=39.0 pub_fps=30.2 frames=102885 result_subs=1 roi=ok intrinsic=ok inference_age_ms=57 target=none transport=False sorting_thread=alive
12:07:58 [v4][heartbeat] enter=True sorting=False cam=LIVE ai=LIVE cam_fps=40.0 pub_fps=30.4 frames=103085 result_subs=1 roi=ok intrinsic=ok inference_age_ms=55 target=none transport=False sorting_thread=alive
12:08:03 [v4][heartbeat] enter=True sorting=False cam=LIVE ai=LIVE cam_fps=40.8 pub_fps=30.2 frames=103289 result_subs=1 roi=ok intrinsic=ok inference_age_ms=114 target=none transport=False sorting_thread=alive
12:08:08 [v4][heartbeat] enter=True sorting=False cam=LIVE ai=LIVE cam_fps=37.8 pub_fps=30.4 frames=103478 result_subs=1 roi=ok intrinsic=ok inference_age_ms=147 target=none transport=False sorting_thread=alive
12:08:13 [v4][heartbeat] enter=True sorting=False cam=LIVE ai=LIVE cam_fps=40.1 pub_fps=30.1 frames=103679 result_subs=1 roi=ok intrinsic=ok inference_age_ms=196 target=none transport=False sorting_thread=alive
12:08:18 [v4][heartbeat] enter=True sorting=False cam=LIVE ai=LIVE cam_fps=40.6 pub_fps=30.4 frames=103882 result_subs=1 roi=ok intrinsic=ok inference_age_ms=86 target=none transport=False sorting_thread=alive
12:08:23 [v4][heartbeat] enter=True sorting=False cam=LIVE ai=LIVE cam_fps=37.0 pub_fps=30.2 frames=104067 result_subs=1 roi=ok intrinsic=ok inference_age_ms=128 target=none transport=False sorting_thread=alive
12:08:28 [v4][heartbeat] enter=True sorting=False cam=LIVE ai=LIVE cam_fps=38.8 pub_fps=30.4 frames=104261 result_subs=1 roi=ok intrinsic=ok inference_age_ms=187 target=none transport=False sorting_thread=alive
12:08:33 [v4][heartbeat] enter=True sorting=False cam=LIVE ai=LIVE cam_fps=40.6 pub_fps=30.2 frames=104464 result_subs=1 roi=ok intrinsic=ok inference_age_ms=123 target=none transport=False sorting_thread=alive
12:08:38 [v4][heartbeat] enter=True sorting=False cam=LIVE ai=LIVE cam_fps=38.8 pub_fps=30.4 frames=104658 result_subs=1 roi=ok intrinsic=ok inference_age_ms=146 target=none transport=False sorting_thread=alive
12:08:43 [v4][heartbeat] enter=True sorting=False cam=LIVE ai=LIVE cam_fps=40.4 pub_fps=30.2 frames=104860 result_subs=1 roi=ok intrinsic=ok inference_age_ms=178 target=none transport=False sorting_thread=alive
12:08:48 [v4][heartbeat] enter=True sorting=False cam=LIVE ai=LIVE cam_fps=38.2 pub_fps=30.4 frames=105051 result_subs=1 roi=ok intrinsic=ok inference_age_ms=99 target=none transport=False sorting_thread=alive
12:08:53 [v4][heartbeat] enter=True sorting=False cam=LIVE ai=LIVE cam_fps=40.6 pub_fps=30.2 frames=105254 result_subs=1 roi=ok intrinsic=ok inference_age_ms=127 target=none transport=False sorting_thread=alive
12:08:58 [v4][heartbeat] enter=True sorting=False cam=LIVE ai=LIVE cam_fps=39.6 pub_fps=30.4 frames=105452 result_subs=1 roi=ok intrinsic=ok inference_age_ms=167 target=none transport=False sorting_thread=alive
12:09:03 [v4][heartbeat] enter=True sorting=False cam=LIVE ai=LIVE cam_fps=40.2 pub_fps=30.4 frames=105653 result_subs=1 roi=ok intrinsic=ok inference_age_ms=74 target=none transport=False sorting_thread=alive
12:09:08 [v4][heartbeat] enter=True sorting=False cam=LIVE ai=LIVE cam_fps=40.4 pub_fps=30.2 frames=105855 result_subs=1 roi=ok intrinsic=ok inference_age_ms=139 target=none transport=False sorting_thread=alive
12:09:13 [v4][heartbeat] enter=True sorting=False cam=LIVE ai=LIVE cam_fps=39.6 pub_fps=30.2 frames=106053 result_subs=1 roi=ok intrinsic=ok inference_age_ms=62 target=none transport=False sorting_thread=alive
12:09:18 [v4][heartbeat] enter=True sorting=False cam=LIVE ai=LIVE cam_fps=41.6 pub_fps=30.4 frames=106261 result_subs=1 roi=ok intrinsic=ok inference_age_ms=90 target=none transport=False sorting_thread=alive
12:09:23 [v4][heartbeat] enter=True sorting=False cam=LIVE ai=LIVE cam_fps=38.8 pub_fps=30.4 frames=106455 result_subs=1 roi=ok intrinsic=ok inference_age_ms=153 target=none transport=False sorting_thread=alive
12:09:28 [v4][heartbeat] enter=True sorting=False cam=LIVE ai=LIVE cam_fps=42.6 pub_fps=30.2 frames=106668 result_subs=1 roi=ok intrinsic=ok inference_age_ms=71 target=none transport=False sorting_thread=alive
12:09:33 [v4][heartbeat] enter=True sorting=False cam=LIVE ai=LIVE cam_fps=41.2 pub_fps=30.4 frames=106874 result_subs=1 roi=ok intrinsic=ok inference_age_ms=92 target=none transport=False sorting_thread=alive
12:09:38 [v4][heartbeat] enter=True sorting=False cam=LIVE ai=LIVE cam_fps=39.5 pub_fps=30.2 frames=107072 result_subs=1 roi=ok intrinsic=ok inference_age_ms=124 target=none transport=False sorting_thread=alive
12:09:43 [v4][heartbeat] enter=True sorting=False cam=LIVE ai=LIVE cam_fps=42.5 pub_fps=30.2 frames=107284 result_subs=1 roi=ok intrinsic=ok inference_age_ms=168 target=none transport=False sorting_thread=alive
12:09:48 [v4][heartbeat] enter=True sorting=False cam=LIVE ai=LIVE cam_fps=39.4 pub_fps=30.4 frames=107481 result_subs=1 roi=ok intrinsic=ok inference_age_ms=100 target=none transport=False sorting_thread=alive
12:09:53 [v4][heartbeat] enter=True sorting=False cam=LIVE ai=LIVE cam_fps=39.0 pub_fps=30.4 frames=107676 result_subs=1 roi=ok intrinsic=ok inference_age_ms=166 target=none transport=False sorting_thread=alive
12:09:58 [v4][heartbeat] enter=True sorting=False cam=LIVE ai=LIVE cam_fps=39.2 pub_fps=30.2 frames=107872 result_subs=1 roi=ok intrinsic=ok inference_age_ms=59 target=none transport=False sorting_thread=alive
12:10:03 [v4][heartbeat] enter=True sorting=False cam=LIVE ai=LIVE cam_fps=39.8 pub_fps=30.4 frames=108071 result_subs=1 roi=ok intrinsic=ok inference_age_ms=103 target=none transport=False sorting_thread=alive
12:10:08 [v4][heartbeat] enter=True sorting=False cam=LIVE ai=LIVE cam_fps=40.6 pub_fps=30.2 frames=108274 result_subs=1 roi=ok intrinsic=ok inference_age_ms=134 target=none transport=False sorting_thread=alive
12:10:13 [v4][heartbeat] enter=True sorting=False cam=LIVE ai=LIVE cam_fps=35.2 pub_fps=30.4 frames=108450 result_subs=1 roi=ok intrinsic=ok inference_age_ms=61 target=none transport=False sorting_thread=alive
12:10:18 [v4][heartbeat] enter=True sorting=False cam=LIVE ai=LIVE cam_fps=41.8 pub_fps=30.2 frames=108659 result_subs=1 roi=ok intrinsic=ok inference_age_ms=96 target=none transport=False sorting_thread=alive
12:10:23 [v4][heartbeat] enter=True sorting=False cam=LIVE ai=LIVE cam_fps=40.8 pub_fps=30.4 frames=108863 result_subs=1 roi=ok intrinsic=ok inference_age_ms=126 target=none transport=False sorting_thread=alive
12:10:28 [v4][heartbeat] enter=True sorting=False cam=LIVE ai=LIVE cam_fps=37.4 pub_fps=30.2 frames=109050 result_subs=1 roi=ok intrinsic=ok inference_age_ms=140 target=none transport=False sorting_thread=alive
12:10:33 [v4][heartbeat] enter=True sorting=False cam=LIVE ai=LIVE cam_fps=40.0 pub_fps=30.4 frames=109250 result_subs=1 roi=ok intrinsic=ok inference_age_ms=165 target=none transport=False sorting_thread=alive
12:10:38 [v4][heartbeat] enter=True sorting=False cam=LIVE ai=LIVE cam_fps=36.6 pub_fps=30.2 frames=109433 result_subs=1 roi=ok intrinsic=ok inference_age_ms=74 target=none transport=False sorting_thread=alive
12:10:43 [v4][heartbeat] enter=True sorting=False cam=LIVE ai=LIVE cam_fps=42.6 pub_fps=30.4 frames=109646 result_subs=1 roi=ok intrinsic=ok inference_age_ms=112 target=none transport=False sorting_thread=alive
12:10:48 [v4][heartbeat] enter=True sorting=False cam=LIVE ai=LIVE cam_fps=42.4 pub_fps=30.2 frames=109858 result_subs=1 roi=ok intrinsic=ok inference_age_ms=160 target=none transport=False sorting_thread=alive
12:10:53 [v4][heartbeat] enter=True sorting=False cam=LIVE ai=LIVE cam_fps=37.4 pub_fps=30.4 frames=110045 result_subs=1 roi=ok intrinsic=ok inference_age_ms=86 target=none transport=False sorting_thread=alive
12:10:58 [v4][heartbeat] enter=True sorting=False cam=LIVE ai=LIVE cam_fps=43.8 pub_fps=30.2 frames=110264 result_subs=1 roi=ok intrinsic=ok inference_age_ms=130 target=none transport=False sorting_thread=alive
12:11:03 [v4][heartbeat] enter=True sorting=False cam=LIVE ai=LIVE cam_fps=41.1 pub_fps=30.3 frames=110470 result_subs=1 roi=ok intrinsic=ok inference_age_ms=192 target=none transport=False sorting_thread=alive
12:11:08 [v4][heartbeat] enter=True sorting=False cam=LIVE ai=LIVE cam_fps=45.7 pub_fps=30.3 frames=110698 result_subs=1 roi=ok intrinsic=ok inference_age_ms=109 target=none transport=False sorting_thread=alive
12:11:13 [v4][heartbeat] enter=True sorting=False cam=LIVE ai=LIVE cam_fps=43.8 pub_fps=30.4 frames=110917 result_subs=1 roi=ok intrinsic=ok inference_age_ms=145 target=none transport=False sorting_thread=alive
12:11:18 [v4][heartbeat] enter=True sorting=False cam=LIVE ai=LIVE cam_fps=38.2 pub_fps=30.2 frames=111108 result_subs=1 roi=ok intrinsic=ok inference_age_ms=167 target=none transport=False sorting_thread=alive
12:11:23 [v4][heartbeat] enter=True sorting=False cam=LIVE ai=LIVE cam_fps=41.4 pub_fps=30.4 frames=111315 result_subs=1 roi=ok intrinsic=ok inference_age_ms=83 target=none transport=False sorting_thread=alive
12:11:28 [v4][heartbeat] enter=True sorting=False cam=LIVE ai=LIVE cam_fps=39.0 pub_fps=30.4 frames=111510 result_subs=1 roi=ok intrinsic=ok inference_age_ms=122 target=none transport=False sorting_thread=alive
12:11:33 [v4][heartbeat] enter=True sorting=False cam=LIVE ai=LIVE cam_fps=41.4 pub_fps=30.0 frames=111717 result_subs=1 roi=ok intrinsic=ok inference_age_ms=170 target=none transport=False sorting_thread=alive
12:11:38 [v4][heartbeat] enter=True sorting=False cam=LIVE ai=LIVE cam_fps=45.7 pub_fps=30.3 frames=111946 result_subs=1 roi=ok intrinsic=ok inference_age_ms=103 target=none transport=False sorting_thread=alive
12:11:43 [v4][heartbeat] enter=True sorting=False cam=LIVE ai=LIVE cam_fps=38.7 pub_fps=30.5 frames=112139 result_subs=1 roi=ok intrinsic=ok inference_age_ms=135 target=none transport=False sorting_thread=alive
12:11:48 [v4][heartbeat] enter=True sorting=False cam=LIVE ai=LIVE cam_fps=43.4 pub_fps=30.2 frames=112356 result_subs=1 roi=ok intrinsic=ok inference_age_ms=65 target=none transport=False sorting_thread=alive
12:11:53 [v4][heartbeat] enter=True sorting=False cam=LIVE ai=LIVE cam_fps=41.9 pub_fps=30.4 frames=112565 result_subs=1 roi=ok intrinsic=ok inference_age_ms=116 target=none transport=False sorting_thread=alive
12:11:58 [v4][heartbeat] enter=True sorting=False cam=LIVE ai=LIVE cam_fps=36.2 pub_fps=30.2 frames=112746 result_subs=1 roi=ok intrinsic=ok inference_age_ms=164 target=none transport=False sorting_thread=alive
12:12:03 [v4][heartbeat] enter=True sorting=False cam=LIVE ai=LIVE cam_fps=43.0 pub_fps=30.4 frames=112961 result_subs=1 roi=ok intrinsic=ok inference_age_ms=99 target=none transport=False sorting_thread=alive
12:12:08 [v4][heartbeat] enter=True sorting=False cam=LIVE ai=LIVE cam_fps=40.4 pub_fps=30.2 frames=113163 result_subs=1 roi=ok intrinsic=ok inference_age_ms=156 target=none transport=False sorting_thread=alive
12:12:13 [v4][heartbeat] enter=True sorting=False cam=LIVE ai=LIVE cam_fps=45.8 pub_fps=30.4 frames=113392 result_subs=1 roi=ok intrinsic=ok inference_age_ms=170 target=none transport=False sorting_thread=alive
12:12:18 [v4][heartbeat] enter=True sorting=False cam=LIVE ai=LIVE cam_fps=43.6 pub_fps=30.4 frames=113610 result_subs=1 roi=ok intrinsic=ok inference_age_ms=78 target=none transport=False sorting_thread=alive
12:12:23 [v4][heartbeat] enter=True sorting=False cam=LIVE ai=LIVE cam_fps=40.3 pub_fps=30.3 frames=113811 result_subs=1 roi=ok intrinsic=ok inference_age_ms=123 target=none transport=False sorting_thread=alive
12:12:28 [v4][heartbeat] enter=True sorting=False cam=LIVE ai=LIVE cam_fps=44.4 pub_fps=30.4 frames=114033 result_subs=1 roi=ok intrinsic=ok inference_age_ms=47 target=none transport=False sorting_thread=alive
12:12:33 [v4][heartbeat] enter=True sorting=False cam=LIVE ai=LIVE cam_fps=37.8 pub_fps=30.2 frames=114222 result_subs=1 roi=ok intrinsic=ok inference_age_ms=114 target=none transport=False sorting_thread=alive
12:12:38 [v4][heartbeat] enter=True sorting=False cam=LIVE ai=LIVE cam_fps=40.4 pub_fps=30.4 frames=114424 result_subs=1 roi=ok intrinsic=ok inference_age_ms=157 target=none transport=False sorting_thread=alive
12:12:43 [v4][heartbeat] enter=True sorting=False cam=LIVE ai=LIVE cam_fps=43.8 pub_fps=30.2 frames=114643 result_subs=1 roi=ok intrinsic=ok inference_age_ms=181 target=none transport=False sorting_thread=alive
12:12:48 [v4][heartbeat] enter=True sorting=False cam=LIVE ai=LIVE cam_fps=40.8 pub_fps=30.4 frames=114847 result_subs=1 roi=ok intrinsic=ok inference_age_ms=135 target=none transport=False sorting_thread=alive
12:12:53 [v4][heartbeat] enter=True sorting=False cam=LIVE ai=LIVE cam_fps=44.7 pub_fps=30.2 frames=115071 result_subs=1 roi=ok intrinsic=ok inference_age_ms=175 target=none transport=False sorting_thread=alive
12:12:58 [v4][heartbeat] enter=True sorting=False cam=LIVE ai=LIVE cam_fps=35.9 pub_fps=30.5 frames=115250 result_subs=1 roi=ok intrinsic=ok inference_age_ms=68 target=none transport=False sorting_thread=alive
12:13:03 [v4][heartbeat] enter=True sorting=False cam=LIVE ai=LIVE cam_fps=40.6 pub_fps=30.2 frames=115453 result_subs=1 roi=ok intrinsic=ok inference_age_ms=83 target=none transport=False sorting_thread=alive
12:13:08 [v4][heartbeat] enter=True sorting=False cam=LIVE ai=LIVE cam_fps=41.8 pub_fps=30.2 frames=115662 result_subs=1 roi=ok intrinsic=ok inference_age_ms=130 target=none transport=False sorting_thread=alive
12:13:13 [v4][heartbeat] enter=True sorting=False cam=LIVE ai=LIVE cam_fps=39.2 pub_fps=30.4 frames=115858 result_subs=1 roi=ok intrinsic=ok inference_age_ms=194 target=none transport=False sorting_thread=alive
12:13:18 [v4][heartbeat] enter=True sorting=False cam=LIVE ai=LIVE cam_fps=37.2 pub_fps=30.4 frames=116044 result_subs=1 roi=ok intrinsic=ok inference_age_ms=117 target=none transport=False sorting_thread=alive
12:13:23 [v4][heartbeat] enter=True sorting=False cam=LIVE ai=LIVE cam_fps=39.7 pub_fps=30.2 frames=116243 result_subs=1 roi=ok intrinsic=ok inference_age_ms=167 target=none transport=False sorting_thread=alive
12:13:28 [v4][heartbeat] enter=True sorting=False cam=LIVE ai=LIVE cam_fps=40.8 pub_fps=30.4 frames=116447 result_subs=1 roi=ok intrinsic=ok inference_age_ms=90 target=none transport=False sorting_thread=alive
12:13:33 [v4][heartbeat] enter=True sorting=False cam=LIVE ai=LIVE cam_fps=45.6 pub_fps=30.2 frames=116675 result_subs=1 roi=ok intrinsic=ok inference_age_ms=145 target=none transport=False sorting_thread=alive
12:13:38 [v4][heartbeat] enter=True sorting=False cam=LIVE ai=LIVE cam_fps=36.2 pub_fps=30.4 frames=116856 result_subs=1 roi=ok intrinsic=ok inference_age_ms=185 target=none transport=False sorting_thread=alive
12:13:43 [v4][heartbeat] enter=True sorting=False cam=LIVE ai=LIVE cam_fps=40.8 pub_fps=30.2 frames=117060 result_subs=1 roi=ok intrinsic=ok inference_age_ms=113 target=none transport=False sorting_thread=alive
12:13:48 [v4][heartbeat] enter=True sorting=False cam=LIVE ai=LIVE cam_fps=42.4 pub_fps=30.4 frames=117272 result_subs=1 roi=ok intrinsic=ok inference_age_ms=124 target=none transport=False sorting_thread=alive
12:13:53 [v4][heartbeat] enter=True sorting=False cam=LIVE ai=LIVE cam_fps=39.8 pub_fps=30.2 frames=117471 result_subs=1 roi=ok intrinsic=ok inference_age_ms=146 target=none transport=False sorting_thread=alive
12:13:58 [v4][heartbeat] enter=True sorting=False cam=LIVE ai=LIVE cam_fps=43.0 pub_fps=30.4 frames=117686 result_subs=1 roi=ok intrinsic=ok inference_age_ms=81 target=none transport=False sorting_thread=alive
12:14:03 [v4][heartbeat] enter=True sorting=False cam=LIVE ai=LIVE cam_fps=37.4 pub_fps=30.2 frames=117873 result_subs=1 roi=ok intrinsic=ok inference_age_ms=145 target=none transport=False sorting_thread=alive
12:14:08 [v4][heartbeat] enter=True sorting=False cam=LIVE ai=LIVE cam_fps=41.9 pub_fps=30.4 frames=118082 result_subs=1 roi=ok intrinsic=ok inference_age_ms=174 target=none transport=False sorting_thread=alive
12:14:13 [v4][heartbeat] enter=True sorting=False cam=LIVE ai=LIVE cam_fps=40.6 pub_fps=30.4 frames=118285 result_subs=1 roi=ok intrinsic=ok inference_age_ms=103 target=none transport=False sorting_thread=alive
12:14:18 [v4][heartbeat] enter=True sorting=False cam=LIVE ai=LIVE cam_fps=40.8 pub_fps=30.2 frames=118489 result_subs=1 roi=ok intrinsic=ok inference_age_ms=115 target=none transport=False sorting_thread=alive
12:14:23 [v4][heartbeat] enter=True sorting=False cam=LIVE ai=LIVE cam_fps=39.6 pub_fps=30.2 frames=118687 result_subs=1 roi=ok intrinsic=ok inference_age_ms=144 target=none transport=False sorting_thread=alive
12:14:28 [v4][heartbeat] enter=True sorting=False cam=LIVE ai=LIVE cam_fps=41.0 pub_fps=30.4 frames=118892 result_subs=1 roi=ok intrinsic=ok inference_age_ms=32 target=none transport=False sorting_thread=alive
12:14:33 [v4][heartbeat] enter=True sorting=False cam=LIVE ai=LIVE cam_fps=42.2 pub_fps=30.2 frames=119103 result_subs=1 roi=ok intrinsic=ok inference_age_ms=60 target=none transport=False sorting_thread=alive
12:14:38 [v4][heartbeat] enter=True sorting=False cam=LIVE ai=LIVE cam_fps=44.9 pub_fps=30.4 frames=119327 result_subs=1 roi=ok intrinsic=ok inference_age_ms=104 target=none transport=False sorting_thread=alive
12:14:43 [v4][heartbeat] enter=True sorting=False cam=LIVE ai=LIVE cam_fps=37.4 pub_fps=30.2 frames=119514 result_subs=1 roi=ok intrinsic=ok inference_age_ms=146 target=none transport=False sorting_thread=alive
12:14:48 [v4][heartbeat] enter=True sorting=False cam=LIVE ai=LIVE cam_fps=42.4 pub_fps=30.2 frames=119726 result_subs=1 roi=ok intrinsic=ok inference_age_ms=65 target=none transport=False sorting_thread=alive
12:14:53 [v4][heartbeat] enter=True sorting=False cam=LIVE ai=LIVE cam_fps=38.6 pub_fps=30.2 frames=119919 result_subs=1 roi=ok intrinsic=ok inference_age_ms=136 target=none transport=False sorting_thread=alive
12:14:58 [v4][heartbeat] enter=True sorting=False cam=LIVE ai=LIVE cam_fps=47.4 pub_fps=30.3 frames=120157 result_subs=1 roi=ok intrinsic=ok inference_age_ms=74 target=none transport=False sorting_thread=alive
12:15:03 [v4][heartbeat] enter=True sorting=False cam=LIVE ai=LIVE cam_fps=39.7 pub_fps=30.5 frames=120355 result_subs=1 roi=ok intrinsic=ok inference_age_ms=86 target=none transport=False sorting_thread=alive
12:15:08 [v4][heartbeat] enter=True sorting=False cam=LIVE ai=LIVE cam_fps=38.3 pub_fps=30.3 frames=120546 result_subs=1 roi=ok intrinsic=ok inference_age_ms=112 target=none transport=False sorting_thread=alive
12:15:13 [v4][heartbeat] enter=True sorting=False cam=LIVE ai=LIVE cam_fps=43.7 pub_fps=30.3 frames=120765 result_subs=1 roi=ok intrinsic=ok inference_age_ms=153 target=none transport=False sorting_thread=alive
12:15:18 [v4][heartbeat] enter=True sorting=False cam=LIVE ai=LIVE cam_fps=39.5 pub_fps=30.2 frames=120962 result_subs=1 roi=ok intrinsic=ok inference_age_ms=41 target=none transport=False sorting_thread=alive
12:15:23 [v4][heartbeat] enter=True sorting=False cam=LIVE ai=LIVE cam_fps=41.8 pub_fps=30.4 frames=121171 result_subs=1 roi=ok intrinsic=ok inference_age_ms=73 target=none transport=False sorting_thread=alive
12:15:28 [v4][heartbeat] enter=True sorting=False cam=LIVE ai=LIVE cam_fps=43.0 pub_fps=30.2 frames=121386 result_subs=1 roi=ok intrinsic=ok inference_age_ms=141 target=none transport=False sorting_thread=alive
12:15:33 [v4][heartbeat] enter=True sorting=False cam=LIVE ai=LIVE cam_fps=38.0 pub_fps=30.2 frames=121576 result_subs=1 roi=ok intrinsic=ok inference_age_ms=194 target=none transport=False sorting_thread=alive
12:15:38 [v4][heartbeat] enter=True sorting=False cam=LIVE ai=LIVE cam_fps=42.6 pub_fps=30.4 frames=121789 result_subs=1 roi=ok intrinsic=ok inference_age_ms=108 target=none transport=False sorting_thread=alive
12:15:43 [v4][heartbeat] enter=True sorting=False cam=LIVE ai=LIVE cam_fps=39.0 pub_fps=30.4 frames=121984 result_subs=1 roi=ok intrinsic=ok inference_age_ms=121 target=none transport=False sorting_thread=alive
12:15:48 [v4][heartbeat] enter=True sorting=False cam=LIVE ai=LIVE cam_fps=40.8 pub_fps=30.2 frames=122188 result_subs=1 roi=ok intrinsic=ok inference_age_ms=168 target=none transport=False sorting_thread=alive
12:15:53 [v4][heartbeat] enter=True sorting=False cam=LIVE ai=LIVE cam_fps=43.2 pub_fps=30.2 frames=122404 result_subs=1 roi=ok intrinsic=ok inference_age_ms=185 target=none transport=False sorting_thread=alive
12:15:58 [v4][heartbeat] enter=True sorting=False cam=LIVE ai=LIVE cam_fps=37.7 pub_fps=30.3 frames=122593 result_subs=1 roi=ok intrinsic=ok inference_age_ms=118 target=none transport=False sorting_thread=alive
12:16:03 [v4][heartbeat] enter=True sorting=False cam=LIVE ai=LIVE cam_fps=43.9 pub_fps=30.3 frames=122812 result_subs=1 roi=ok intrinsic=ok inference_age_ms=159 target=none transport=False sorting_thread=alive
12:16:08 [v4][heartbeat] enter=True sorting=False cam=LIVE ai=LIVE cam_fps=41.8 pub_fps=30.4 frames=123021 result_subs=1 roi=ok intrinsic=ok inference_age_ms=165 target=none transport=False sorting_thread=alive
12:16:13 [v4][heartbeat] enter=True sorting=False cam=LIVE ai=LIVE cam_fps=36.3 pub_fps=30.3 frames=123203 result_subs=1 roi=ok intrinsic=ok inference_age_ms=55 target=none transport=False sorting_thread=alive
12:16:18 [v4][heartbeat] enter=True sorting=False cam=LIVE ai=LIVE cam_fps=45.1 pub_fps=30.3 frames=123428 result_subs=1 roi=ok intrinsic=ok inference_age_ms=89 target=none transport=False sorting_thread=alive
12:16:23 [v4][heartbeat] enter=True sorting=False cam=LIVE ai=LIVE cam_fps=37.0 pub_fps=30.2 frames=123613 result_subs=1 roi=ok intrinsic=ok inference_age_ms=142 target=none transport=False sorting_thread=alive
12:16:28 [v4][heartbeat] enter=True sorting=False cam=LIVE ai=LIVE cam_fps=41.9 pub_fps=30.3 frames=123823 result_subs=1 roi=ok intrinsic=ok inference_age_ms=71 target=none transport=False sorting_thread=alive
12:16:33 [v4][heartbeat] enter=True sorting=False cam=LIVE ai=LIVE cam_fps=38.9 pub_fps=29.2 frames=124021 result_subs=1 roi=ok intrinsic=ok inference_age_ms=342 target=none transport=False sorting_thread=alive
12:16:38 [v4][heartbeat] enter=True sorting=False cam=LIVE ai=LIVE cam_fps=38.6 pub_fps=30.2 frames=124210 result_subs=1 roi=ok intrinsic=ok inference_age_ms=69 target=none transport=False sorting_thread=alive
12:16:43 [v4][heartbeat] enter=True sorting=False cam=LIVE ai=LIVE cam_fps=45.2 pub_fps=30.4 frames=124436 result_subs=1 roi=ok intrinsic=ok inference_age_ms=121 target=none transport=False sorting_thread=alive
12:16:48 [v4][heartbeat] enter=True sorting=False cam=LIVE ai=LIVE cam_fps=37.8 pub_fps=30.2 frames=124625 result_subs=1 roi=ok intrinsic=ok inference_age_ms=50 target=none transport=False sorting_thread=alive
12:16:53 [v4][heartbeat] enter=True sorting=False cam=LIVE ai=LIVE cam_fps=44.6 pub_fps=30.4 frames=124848 result_subs=1 roi=ok intrinsic=ok inference_age_ms=77 target=none transport=False sorting_thread=alive
12:16:58 [v4][heartbeat] enter=True sorting=False cam=LIVE ai=LIVE cam_fps=41.4 pub_fps=30.2 frames=125055 result_subs=1 roi=ok intrinsic=ok inference_age_ms=104 target=none transport=False sorting_thread=alive
12:17:03 [v4][heartbeat] enter=True sorting=False cam=LIVE ai=LIVE cam_fps=40.8 pub_fps=30.4 frames=125259 result_subs=1 roi=ok intrinsic=ok inference_age_ms=137 target=none transport=False sorting_thread=alive
12:17:08 [v4][heartbeat] enter=True sorting=False cam=LIVE ai=LIVE cam_fps=45.9 pub_fps=30.3 frames=125489 result_subs=1 roi=ok intrinsic=ok inference_age_ms=63 target=none transport=False sorting_thread=alive
12:17:13 [v4][heartbeat] enter=True sorting=False cam=LIVE ai=LIVE cam_fps=38.8 pub_fps=30.2 frames=125683 result_subs=1 roi=ok intrinsic=ok inference_age_ms=115 target=none transport=False sorting_thread=alive
12:17:18 [v4][heartbeat] enter=True sorting=False cam=LIVE ai=LIVE cam_fps=45.6 pub_fps=30.2 frames=125911 result_subs=1 roi=ok intrinsic=ok inference_age_ms=164 target=none transport=False sorting_thread=alive
12:17:23 [v4][heartbeat] enter=True sorting=False cam=LIVE ai=LIVE cam_fps=44.3 pub_fps=30.4 frames=126133 result_subs=1 roi=ok intrinsic=ok inference_age_ms=188 target=none transport=False sorting_thread=alive
12:17:28 [v4][heartbeat] enter=True sorting=False cam=LIVE ai=LIVE cam_fps=40.4 pub_fps=30.4 frames=126335 result_subs=1 roi=ok intrinsic=ok inference_age_ms=91 target=none transport=False sorting_thread=alive
12:17:33 [v4][heartbeat] enter=True sorting=False cam=LIVE ai=LIVE cam_fps=45.9 pub_fps=30.3 frames=126564 result_subs=1 roi=ok intrinsic=ok inference_age_ms=125 target=none transport=False sorting_thread=alive
12:17:38 [v4][heartbeat] enter=True sorting=False cam=LIVE ai=LIVE cam_fps=40.8 pub_fps=30.4 frames=126768 result_subs=1 roi=ok intrinsic=ok inference_age_ms=173 target=none transport=False sorting_thread=alive
12:17:43 [v4][heartbeat] enter=True sorting=False cam=LIVE ai=LIVE cam_fps=42.2 pub_fps=30.2 frames=126979 result_subs=1 roi=ok intrinsic=ok inference_age_ms=68 target=none transport=False sorting_thread=alive
12:17:48 [v4][heartbeat] enter=True sorting=False cam=LIVE ai=LIVE cam_fps=43.8 pub_fps=30.4 frames=127198 result_subs=1 roi=ok intrinsic=ok inference_age_ms=94 target=none transport=False sorting_thread=alive
12:17:53 [v4][heartbeat] enter=True sorting=False cam=LIVE ai=LIVE cam_fps=38.9 pub_fps=30.1 frames=127393 result_subs=1 roi=ok intrinsic=ok inference_age_ms=152 target=none transport=False sorting_thread=alive
12:17:58 [v4][heartbeat] enter=True sorting=False cam=LIVE ai=LIVE cam_fps=43.0 pub_fps=30.4 frames=127608 result_subs=1 roi=ok intrinsic=ok inference_age_ms=75 target=none transport=False sorting_thread=alive
12:18:03 [v4][heartbeat] enter=True sorting=False cam=LIVE ai=LIVE cam_fps=39.8 pub_fps=30.2 frames=127807 result_subs=1 roi=ok intrinsic=ok inference_age_ms=101 target=none transport=False sorting_thread=alive
12:18:08 [v4][heartbeat] enter=True sorting=False cam=LIVE ai=LIVE cam_fps=40.8 pub_fps=30.4 frames=128011 result_subs=1 roi=ok intrinsic=ok inference_age_ms=152 target=none transport=False sorting_thread=alive
12:18:13 [v4][heartbeat] enter=True sorting=False cam=LIVE ai=LIVE cam_fps=43.0 pub_fps=30.2 frames=128226 result_subs=1 roi=ok intrinsic=ok inference_age_ms=72 target=none transport=False sorting_thread=alive
12:18:18 [v4][heartbeat] enter=True sorting=False cam=LIVE ai=LIVE cam_fps=34.0 pub_fps=30.0 frames=128397 result_subs=1 roi=ok intrinsic=ok inference_age_ms=116 target=none transport=False sorting_thread=alive
12:18:23 [v4][heartbeat] enter=True sorting=False cam=LIVE ai=LIVE cam_fps=36.0 pub_fps=30.3 frames=128576 result_subs=1 roi=ok intrinsic=ok inference_age_ms=103 target=none transport=False sorting_thread=alive
12:18:28 [v4][heartbeat] enter=True sorting=False cam=LIVE ai=LIVE cam_fps=28.6 pub_fps=30.2 frames=128719 result_subs=1 roi=ok intrinsic=ok inference_age_ms=86 target=none transport=False sorting_thread=alive
12:18:30 [v4][main] KeyboardInterrupt - shutting down
