# v5 session 2026-06-23_18-51-37 pid=73379
18:51:42 [v4][main] starting custom_sortingv5
18:51:42 [v4][init] constructing node 'custom_sortingv5'
18:51:43 [v4][init] waiting for kinematics/set_pose_target service...
18:51:44 [v4][init] kinematics/set_pose_target ready
18:51:44 [v4][init] bus_servo/get_state ready (full feedback enabled)
18:51:44 [v4][inference] worker thread starting
18:51:44 [v4][init] inference worker started (engine=/home/ubuntu/third_party_ros2/data/scaff_cube_best.engine)
18:51:44 [v4][engine-load] starting load: /home/ubuntu/third_party_ros2/data/scaff_cube_best.engine
18:51:44 [v4][init] camera subscriptions created (always-on) - topic /depth_cam/rgb/image_raw + camera_info
18:51:44 [v4][init] depth subscribed: /depth_cam/depth_to_color
18:51:44 [v4][main] spinning executor (4 threads)
18:51:44 [v4][startup] spawning sorting + transport threads
18:51:44 [v4][sorting-loop] thread started, waiting for enter+frames
18:51:44 [v4][svc] set_target red=True
18:51:44 [v4][svc] set_target green=True
18:51:44 [v4][svc] set_target blue=True
18:51:44 [v4][svc] set_target scaff=True
18:51:44 [v4][startup] v4 init finish
18:51:44 [v4][engine-load] YOLO() constructed in 0.04s task=obb (raw='obb', override='obb')
18:51:44 [v4][svc] enable_sorting -> False
18:51:46 [v4][camera] FIRST FRAME received: (480, 640, 3) enc=rgb8
18:51:46 [v4][publish] first frame published: shape=(480, 640, 3) step=1920 contig=True qos=reliable/depth10 topic=/custom_sortingv5/image_result
18:51:46 [v4][init] depth->color TF resolved + composed into hand2cam
18:51:46 [v4][camera] first camera_info received: fx=453.0 fy=453.0 cx=328.3 cy=243.4
18:51:47 [v4][engine-load] warmup pass done in 2.30s
18:51:47 [v4][engine-load] engine active: /home/ubuntu/third_party_ros2/data/scaff_cube_best.engine (total load 2.34s, swap #1)
18:51:47 [v4][engine-load] class names from model.names: ['scaff', 'light blue cube', 'dark blue cube', 'red cube', 'green cube']
18:51:47 [v4][engine-load] class 'dark blue cube' has NO place target - _do_place will refuse it; set one in the Places tab
18:51:47 [v4][engine-load] class 'green cube' has NO place target - _do_place will refuse it; set one in the Places tab
18:51:47 [v4][engine-load] class 'light blue cube' has NO place target - _do_place will refuse it; set one in the Places tab
18:51:47 [v4][engine-load] class 'red cube' has NO place target - _do_place will refuse it; set one in the Places tab
18:51:47 [v4][inference] first inference complete (59 ms)
18:51:47 [v4][sorting-loop] first inference result reached the loop
18:51:47 [v4][roi] reading transform.yaml from /home/ubuntu/ros2_ws/src/app/config/transform.yaml
18:51:47 [v4][roi]   loaded plane: [-0.015408908686640967, -0.08243832166670331, -0.996477038698767, 0.21877395196631844]
18:51:47 [v4][roi]   yaml loaded: extristric.shape=(4, 3) corners.shape=(5, 3) white_area_center.shape=(4, 4)
18:51:47 [v4][roi]   intrinsic ready after 0.00s (shape=(3, 3)) distortion.shape=(8,)
18:51:47 [v4][roi]   extrinsic plane shift done
18:51:47 [v4][roi]   projected 4 corners to image pixels
18:51:47 [v4][roi]   computed roi (y=0..513 x=21..544) on intrinsic shape=(3, 3)
18:51:47 [v4][sorting-loop] ROI built - detection branch is now live
18:51:49 [v4][heartbeat] enter=False sorting=False cam=LIVE ai=LIVE cam_fps=39.6 pub_fps=20.6 frames=198 result_subs=1 roi=ok intrinsic=ok inference_age_ms=59 target=none transport=False sorting_thread=alive
18:51:54 [v4][heartbeat] enter=False sorting=False cam=LIVE ai=LIVE cam_fps=54.8 pub_fps=30.4 frames=472 result_subs=1 roi=ok intrinsic=ok inference_age_ms=92 target=none transport=False sorting_thread=alive
18:51:59 [v4][heartbeat] enter=False sorting=False cam=LIVE ai=LIVE cam_fps=49.7 pub_fps=30.3 frames=721 result_subs=1 roi=ok intrinsic=ok inference_age_ms=76 target=none transport=False sorting_thread=alive
18:52:04 [v4][heartbeat] enter=False sorting=False cam=LIVE ai=LIVE cam_fps=51.7 pub_fps=30.4 frames=979 result_subs=1 roi=ok intrinsic=ok inference_age_ms=58 target=none transport=False sorting_thread=alive
18:52:05 [v4][svc] enable_sorting -> False
18:52:05 [v4][calibrate] sorting force-stopped; starting calibration
18:52:05 [v4][calibrate] finished; rebuilding ROI from new transform.yaml
18:52:05 [v4][roi] reading transform.yaml from /home/ubuntu/ros2_ws/src/app/config/transform.yaml
18:52:05 [v4][roi]   loaded plane: [-0.015408908686640967, -0.08243832166670331, -0.996477038698767, 0.21877395196631844]
18:52:05 [v4][roi]   yaml loaded: extristric.shape=(4, 3) corners.shape=(5, 3) white_area_center.shape=(4, 4)
18:52:05 [v4][roi]   intrinsic ready after 0.00s (shape=(3, 3)) distortion.shape=(8,)
18:52:05 [v4][roi]   extrinsic plane shift done
18:52:06 [v4][roi]   projected 4 corners to image pixels
18:52:06 [v4][roi]   computed roi (y=0..513 x=21..544) on intrinsic shape=(3, 3)
18:52:06 [v4][sorting-loop] ROI built - detection branch is now live
18:52:09 [v4][heartbeat] enter=False sorting=False cam=LIVE ai=LIVE cam_fps=25.5 pub_fps=24.3 frames=1107 result_subs=1 roi=ok intrinsic=ok inference_age_ms=96 target=none transport=False sorting_thread=alive
18:52:14 [v4][heartbeat] enter=False sorting=False cam=LIVE ai=LIVE cam_fps=35.2 pub_fps=28.1 frames=1282 result_subs=1 roi=ok intrinsic=ok inference_age_ms=88 target=none transport=False sorting_thread=alive
18:52:19 [v4][heartbeat] enter=False sorting=False cam=LIVE ai=LIVE cam_fps=54.8 pub_fps=30.4 frames=1556 result_subs=1 roi=ok intrinsic=ok inference_age_ms=67 target=none transport=False sorting_thread=alive
18:52:24 [v4][heartbeat] enter=False sorting=False cam=LIVE ai=LIVE cam_fps=23.2 pub_fps=24.4 frames=1673 result_subs=1 roi=ok intrinsic=ok inference_age_ms=209 target=none transport=False sorting_thread=alive
18:52:29 [v4][heartbeat] enter=False sorting=False cam=LIVE ai=LIVE cam_fps=20.7 pub_fps=22.7 frames=1776 result_subs=1 roi=ok intrinsic=ok inference_age_ms=122 target=none transport=False sorting_thread=alive
18:52:34 [v4][heartbeat] enter=False sorting=False cam=LIVE ai=LIVE cam_fps=18.8 pub_fps=23.2 frames=1871 result_subs=1 roi=ok intrinsic=ok inference_age_ms=144 target=none transport=False sorting_thread=alive
18:52:39 [v4][heartbeat] enter=False sorting=False cam=LIVE ai=LIVE cam_fps=17.7 pub_fps=23.4 frames=1959 result_subs=1 roi=ok intrinsic=ok inference_age_ms=142 target=none transport=False sorting_thread=alive
18:52:44 [v4][publish] result_subs changed: 1 -> 0
18:52:44 [v4][heartbeat] enter=False sorting=False cam=LIVE ai=LIVE cam_fps=19.0 pub_fps=24.0 frames=2054 result_subs=0 roi=ok intrinsic=ok inference_age_ms=253 target=none transport=False sorting_thread=alive
18:52:49 [v4][heartbeat] enter=False sorting=False cam=LIVE ai=LIVE cam_fps=20.3 pub_fps=24.1 frames=2155 result_subs=0 roi=ok intrinsic=ok inference_age_ms=166 target=none transport=False sorting_thread=alive
18:52:54 [v4][heartbeat] enter=False sorting=False cam=LIVE ai=LIVE cam_fps=18.6 pub_fps=22.2 frames=2248 result_subs=0 roi=ok intrinsic=ok inference_age_ms=141 target=none transport=False sorting_thread=alive
18:52:59 [v4][heartbeat] enter=False sorting=False cam=LIVE ai=LIVE cam_fps=19.9 pub_fps=23.1 frames=2348 result_subs=0 roi=ok intrinsic=ok inference_age_ms=84 target=none transport=False sorting_thread=alive
18:53:04 [v4][heartbeat] enter=False sorting=False cam=LIVE ai=LIVE cam_fps=19.1 pub_fps=23.9 frames=2444 result_subs=0 roi=ok intrinsic=ok inference_age_ms=200 target=none transport=False sorting_thread=alive
18:53:09 [v4][svc] apply_and_persist (persist=True)
18:53:09 [v4][heartbeat] enter=False sorting=False cam=LIVE ai=LIVE cam_fps=19.4 pub_fps=22.8 frames=2542 result_subs=0 roi=ok intrinsic=ok inference_age_ms=219 target=none transport=False sorting_thread=alive
18:53:09 [v4][svc] merged ['depth_min_z_m', 'depth_max_z_m', 'depth_window_px', 'use_depth_for_z', 'overlay_depth_view'] into /home/ubuntu/jetarm_v5_profiles/default.yaml
18:53:09 [v4][svc] apply_and_persist applied ['depth_min_z_m', 'depth_max_z_m', 'depth_window_px', 'use_depth_for_z', 'overlay_depth_view']
18:53:14 [v4][heartbeat] enter=False sorting=False cam=LIVE ai=LIVE cam_fps=50.0 pub_fps=30.6 frames=2787 result_subs=0 roi=ok intrinsic=ok inference_age_ms=84 target=none transport=False sorting_thread=alive
18:53:19 [v4][heartbeat] enter=False sorting=False cam=LIVE ai=LIVE cam_fps=51.5 pub_fps=30.4 frames=3044 result_subs=0 roi=ok intrinsic=ok inference_age_ms=106 target=none transport=False sorting_thread=alive
18:53:23 [v4][calibrate] plane refit: no depth / SearchPlane unavail
18:53:24 [v4][heartbeat] enter=False sorting=False cam=LIVE ai=LIVE cam_fps=56.0 pub_fps=30.4 frames=3324 result_subs=0 roi=ok intrinsic=ok inference_age_ms=80 target=none transport=False sorting_thread=alive
18:53:29 [v4][heartbeat] enter=False sorting=False cam=LIVE ai=LIVE cam_fps=49.8 pub_fps=30.2 frames=3573 result_subs=0 roi=ok intrinsic=ok inference_age_ms=98 target=none transport=False sorting_thread=alive
18:53:34 [v4][heartbeat] enter=False sorting=False cam=LIVE ai=LIVE cam_fps=57.0 pub_fps=30.4 frames=3858 result_subs=0 roi=ok intrinsic=ok inference_age_ms=54 target=none transport=False sorting_thread=alive
18:53:37 [v4][calibrate] plane refit: no depth / SearchPlane unavail
18:53:39 [v4][calibrate] plane refit: no depth / SearchPlane unavail
18:53:39 [v4][publish] result_subs changed: 0 -> 1
18:53:39 [v4][heartbeat] enter=False sorting=False cam=LIVE ai=LIVE cam_fps=52.0 pub_fps=30.2 frames=4118 result_subs=1 roi=ok intrinsic=ok inference_age_ms=33 target=none transport=False sorting_thread=alive
18:53:44 [v4][heartbeat] enter=False sorting=False cam=LIVE ai=LIVE cam_fps=51.7 pub_fps=30.1 frames=4377 result_subs=1 roi=ok intrinsic=ok inference_age_ms=54 target=none transport=False sorting_thread=alive
18:53:49 [v4][heartbeat] enter=False sorting=False cam=LIVE ai=LIVE cam_fps=54.1 pub_fps=30.5 frames=4647 result_subs=1 roi=ok intrinsic=ok inference_age_ms=73 target=none transport=False sorting_thread=alive
18:53:54 [v4][heartbeat] enter=False sorting=False cam=LIVE ai=LIVE cam_fps=48.6 pub_fps=30.4 frames=4890 result_subs=1 roi=ok intrinsic=ok inference_age_ms=50 target=none transport=False sorting_thread=alive
18:53:59 [v4][heartbeat] enter=False sorting=False cam=LIVE ai=LIVE cam_fps=56.0 pub_fps=30.2 frames=5170 result_subs=1 roi=ok intrinsic=ok inference_age_ms=116 target=none transport=False sorting_thread=alive
18:54:04 [v4][heartbeat] enter=False sorting=False cam=LIVE ai=LIVE cam_fps=38.8 pub_fps=26.4 frames=5365 result_subs=1 roi=ok intrinsic=ok inference_age_ms=166 target=none transport=False sorting_thread=alive
18:54:07 [v4][svc] enable_sorting -> False
18:54:07 [v4][calibrate] sorting force-stopped; starting calibration
18:54:08 [v4][calibrate] finished; rebuilding ROI from new transform.yaml
18:54:09 [v4][roi] reading transform.yaml from /home/ubuntu/ros2_ws/src/app/config/transform.yaml
18:54:09 [v4][roi]   loaded plane: [-0.015408908686640967, -0.08243832166670331, -0.996477038698767, 0.21877395196631844]
18:54:09 [v4][roi]   yaml loaded: extristric.shape=(4, 3) corners.shape=(5, 3) white_area_center.shape=(4, 4)
18:54:09 [v4][roi]   intrinsic ready after 0.00s (shape=(3, 3)) distortion.shape=(8,)
18:54:09 [v4][roi]   extrinsic plane shift done
18:54:09 [v4][roi]   projected 4 corners to image pixels
18:54:09 [v4][roi]   computed roi (y=0..513 x=21..544) on intrinsic shape=(3, 3)
18:54:09 [v4][sorting-loop] ROI built - detection branch is now live
18:54:09 [v4][heartbeat] enter=False sorting=False cam=LIVE ai=LIVE cam_fps=15.2 pub_fps=21.2 frames=5441 result_subs=1 roi=ok intrinsic=ok inference_age_ms=179 target=none transport=False sorting_thread=alive
18:54:14 [v4][heartbeat] enter=False sorting=False cam=LIVE ai=LIVE cam_fps=16.9 pub_fps=23.5 frames=5525 result_subs=1 roi=ok intrinsic=ok inference_age_ms=112 target=none transport=False sorting_thread=alive
18:54:19 [v4][heartbeat] enter=False sorting=False cam=LIVE ai=LIVE cam_fps=50.2 pub_fps=30.7 frames=5775 result_subs=1 roi=ok intrinsic=ok inference_age_ms=54 target=none transport=False sorting_thread=alive
18:54:24 [v4][heartbeat] enter=False sorting=False cam=LIVE ai=LIVE cam_fps=28.3 pub_fps=24.9 frames=5917 result_subs=1 roi=ok intrinsic=ok inference_age_ms=195 target=none transport=False sorting_thread=alive
18:54:29 [v4][heartbeat] enter=False sorting=False cam=LIVE ai=LIVE cam_fps=19.6 pub_fps=23.3 frames=6015 result_subs=1 roi=ok intrinsic=ok inference_age_ms=138 target=none transport=False sorting_thread=alive
18:54:34 [v4][heartbeat] enter=False sorting=False cam=LIVE ai=LIVE cam_fps=21.4 pub_fps=25.2 frames=6122 result_subs=1 roi=ok intrinsic=ok inference_age_ms=133 target=none transport=False sorting_thread=alive
18:54:39 [v4][heartbeat] enter=False sorting=False cam=LIVE ai=LIVE cam_fps=18.7 pub_fps=23.7 frames=6215 result_subs=1 roi=ok intrinsic=ok inference_age_ms=142 target=none transport=False sorting_thread=alive
18:54:44 [v4][heartbeat] enter=False sorting=False cam=LIVE ai=LIVE cam_fps=17.4 pub_fps=24.4 frames=6302 result_subs=1 roi=ok intrinsic=ok inference_age_ms=167 target=none transport=False sorting_thread=alive
18:54:49 [v4][heartbeat] enter=False sorting=False cam=LIVE ai=LIVE cam_fps=20.2 pub_fps=23.8 frames=6403 result_subs=1 roi=ok intrinsic=ok inference_age_ms=66 target=none transport=False sorting_thread=alive
18:54:54 [v4][heartbeat] enter=False sorting=False cam=LIVE ai=LIVE cam_fps=21.2 pub_fps=24.6 frames=6509 result_subs=1 roi=ok intrinsic=ok inference_age_ms=131 target=none transport=False sorting_thread=alive
18:54:59 [v4][heartbeat] enter=False sorting=False cam=LIVE ai=LIVE cam_fps=18.0 pub_fps=22.0 frames=6599 result_subs=1 roi=ok intrinsic=ok inference_age_ms=97 target=none transport=False sorting_thread=alive
18:55:04 [v4][heartbeat] enter=False sorting=False cam=LIVE ai=LIVE cam_fps=20.9 pub_fps=23.5 frames=6703 result_subs=1 roi=ok intrinsic=ok inference_age_ms=117 target=none transport=False sorting_thread=alive
18:55:09 [v4][heartbeat] enter=False sorting=False cam=LIVE ai=LIVE cam_fps=17.4 pub_fps=21.9 frames=6790 result_subs=1 roi=ok intrinsic=ok inference_age_ms=261 target=none transport=False sorting_thread=alive
18:55:14 [v4][heartbeat] enter=False sorting=False cam=LIVE ai=LIVE cam_fps=17.0 pub_fps=22.8 frames=6876 result_subs=1 roi=ok intrinsic=ok inference_age_ms=180 target=none transport=False sorting_thread=alive
18:55:19 [v4][heartbeat] enter=False sorting=False cam=LIVE ai=LIVE cam_fps=17.6 pub_fps=23.4 frames=6963 result_subs=1 roi=ok intrinsic=ok inference_age_ms=105 target=none transport=False sorting_thread=alive
18:55:24 [v4][heartbeat] enter=False sorting=False cam=LIVE ai=LIVE cam_fps=16.2 pub_fps=22.4 frames=7044 result_subs=1 roi=ok intrinsic=ok inference_age_ms=85 target=none transport=False sorting_thread=alive
18:55:29 [v4][heartbeat] enter=False sorting=False cam=LIVE ai=LIVE cam_fps=21.2 pub_fps=25.6 frames=7150 result_subs=1 roi=ok intrinsic=ok inference_age_ms=24 target=none transport=False sorting_thread=alive
18:55:33 [v4][svc] enable_sorting -> False
18:55:33 [v4][calibrate] sorting force-stopped; starting calibration
18:55:34 [v4][heartbeat] enter=False sorting=False cam=LIVE ai=LIVE cam_fps=18.1 pub_fps=21.2 frames=7242 result_subs=1 roi=ok intrinsic=ok inference_age_ms=219 target=none transport=False sorting_thread=alive
18:55:35 [v4][calibrate] finished; rebuilding ROI from new transform.yaml
18:55:35 [v4][roi] reading transform.yaml from /home/ubuntu/ros2_ws/src/app/config/transform.yaml
18:55:35 [v4][roi]   loaded plane: [-0.015408908686640967, -0.08243832166670331, -0.996477038698767, 0.21877395196631844]
18:55:35 [v4][roi]   yaml loaded: extristric.shape=(4, 3) corners.shape=(5, 3) white_area_center.shape=(4, 4)
18:55:35 [v4][roi]   intrinsic ready after 0.00s (shape=(3, 3)) distortion.shape=(8,)
18:55:35 [v4][roi]   extrinsic plane shift done
18:55:35 [v4][roi]   projected 4 corners to image pixels
18:55:35 [v4][roi]   computed roi (y=0..513 x=21..544) on intrinsic shape=(3, 3)
18:55:35 [v4][sorting-loop] ROI built - detection branch is now live
18:55:39 [v4][heartbeat] enter=False sorting=False cam=LIVE ai=LIVE cam_fps=16.3 pub_fps=22.2 frames=7322 result_subs=1 roi=ok intrinsic=ok inference_age_ms=188 target=none transport=False sorting_thread=alive
18:55:44 [v4][heartbeat] enter=False sorting=False cam=LIVE ai=LIVE cam_fps=43.2 pub_fps=28.0 frames=7538 result_subs=1 roi=ok intrinsic=ok inference_age_ms=62 target=none transport=False sorting_thread=alive
18:55:49 [v4][heartbeat] enter=False sorting=False cam=LIVE ai=LIVE cam_fps=53.2 pub_fps=30.4 frames=7804 result_subs=1 roi=ok intrinsic=ok inference_age_ms=110 target=none transport=False sorting_thread=alive
18:55:54 [v4][heartbeat] enter=False sorting=False cam=LIVE ai=LIVE cam_fps=28.9 pub_fps=24.8 frames=7949 result_subs=1 roi=ok intrinsic=ok inference_age_ms=130 target=none transport=False sorting_thread=alive
18:55:59 [v4][heartbeat] enter=False sorting=False cam=LIVE ai=LIVE cam_fps=19.1 pub_fps=24.3 frames=8045 result_subs=1 roi=ok intrinsic=ok inference_age_ms=109 target=none transport=False sorting_thread=alive
18:56:04 [v4][heartbeat] enter=False sorting=False cam=LIVE ai=LIVE cam_fps=17.9 pub_fps=23.9 frames=8134 result_subs=1 roi=ok intrinsic=ok inference_age_ms=58 target=none transport=False sorting_thread=alive
18:56:09 [v4][heartbeat] enter=False sorting=False cam=LIVE ai=LIVE cam_fps=20.5 pub_fps=23.5 frames=8236 result_subs=1 roi=ok intrinsic=ok inference_age_ms=153 target=none transport=False sorting_thread=alive
18:56:14 [v4][heartbeat] enter=False sorting=False cam=LIVE ai=LIVE cam_fps=17.3 pub_fps=21.2 frames=8325 result_subs=1 roi=ok intrinsic=ok inference_age_ms=319 target=none transport=False sorting_thread=alive
18:56:19 [v4][heartbeat] enter=False sorting=False cam=LIVE ai=LIVE cam_fps=17.6 pub_fps=22.1 frames=8411 result_subs=1 roi=ok intrinsic=ok inference_age_ms=136 target=none transport=False sorting_thread=alive
18:56:24 [v4][heartbeat] enter=False sorting=False cam=LIVE ai=LIVE cam_fps=16.9 pub_fps=22.9 frames=8495 result_subs=1 roi=ok intrinsic=ok inference_age_ms=109 target=none transport=False sorting_thread=alive
18:56:29 [v4][heartbeat] enter=False sorting=False cam=LIVE ai=LIVE cam_fps=19.4 pub_fps=23.6 frames=8593 result_subs=1 roi=ok intrinsic=ok inference_age_ms=118 target=none transport=False sorting_thread=alive
18:56:34 [v4][heartbeat] enter=False sorting=False cam=LIVE ai=LIVE cam_fps=20.6 pub_fps=25.6 frames=8695 result_subs=1 roi=ok intrinsic=ok inference_age_ms=117 target=none transport=False sorting_thread=alive
18:56:39 [v4][heartbeat] enter=False sorting=False cam=LIVE ai=LIVE cam_fps=20.2 pub_fps=25.0 frames=8796 result_subs=1 roi=ok intrinsic=ok inference_age_ms=118 target=none transport=False sorting_thread=alive
18:56:44 [v4][heartbeat] enter=False sorting=False cam=LIVE ai=LIVE cam_fps=15.8 pub_fps=20.7 frames=8875 result_subs=1 roi=ok intrinsic=ok inference_age_ms=208 target=none transport=False sorting_thread=alive
18:56:49 [v4][heartbeat] enter=False sorting=False cam=LIVE ai=LIVE cam_fps=17.3 pub_fps=22.3 frames=8962 result_subs=1 roi=ok intrinsic=ok inference_age_ms=158 target=none transport=False sorting_thread=alive
18:56:53 [v4][calibrate] plane refit: no depth / SearchPlane unavail
18:56:54 [v4][publish] result_subs changed: 1 -> 0
18:56:54 [v4][heartbeat] enter=False sorting=False cam=LIVE ai=LIVE cam_fps=18.9 pub_fps=22.6 frames=9056 result_subs=0 roi=ok intrinsic=ok inference_age_ms=229 target=none transport=False sorting_thread=alive
18:56:59 [v4][heartbeat] enter=False sorting=False cam=LIVE ai=LIVE cam_fps=18.0 pub_fps=23.0 frames=9146 result_subs=0 roi=ok intrinsic=ok inference_age_ms=232 target=none transport=False sorting_thread=alive
18:57:04 [v4][heartbeat] enter=False sorting=False cam=LIVE ai=LIVE cam_fps=16.8 pub_fps=22.4 frames=9230 result_subs=0 roi=ok intrinsic=ok inference_age_ms=96 target=none transport=False sorting_thread=alive
18:57:09 [v4][heartbeat] enter=False sorting=False cam=LIVE ai=LIVE cam_fps=18.5 pub_fps=22.7 frames=9323 result_subs=0 roi=ok intrinsic=ok inference_age_ms=90 target=none transport=False sorting_thread=alive
18:57:14 [v4][heartbeat] enter=False sorting=False cam=LIVE ai=LIVE cam_fps=22.0 pub_fps=24.8 frames=9434 result_subs=0 roi=ok intrinsic=ok inference_age_ms=136 target=none transport=False sorting_thread=alive
18:57:19 [v4][heartbeat] enter=False sorting=False cam=LIVE ai=LIVE cam_fps=19.8 pub_fps=24.2 frames=9532 result_subs=0 roi=ok intrinsic=ok inference_age_ms=96 target=none transport=False sorting_thread=alive
18:57:24 [v4][heartbeat] enter=False sorting=False cam=LIVE ai=LIVE cam_fps=21.2 pub_fps=22.6 frames=9638 result_subs=0 roi=ok intrinsic=ok inference_age_ms=201 target=none transport=False sorting_thread=alive
18:57:29 [v4][heartbeat] enter=False sorting=False cam=LIVE ai=LIVE cam_fps=20.5 pub_fps=24.1 frames=9741 result_subs=0 roi=ok intrinsic=ok inference_age_ms=170 target=none transport=False sorting_thread=alive
18:57:34 [v4][heartbeat] enter=False sorting=False cam=LIVE ai=LIVE cam_fps=21.6 pub_fps=23.4 frames=9849 result_subs=0 roi=ok intrinsic=ok inference_age_ms=122 target=none transport=False sorting_thread=alive
18:57:39 [v4][heartbeat] enter=False sorting=False cam=LIVE ai=LIVE cam_fps=19.7 pub_fps=22.8 frames=9947 result_subs=0 roi=ok intrinsic=ok inference_age_ms=101 target=none transport=False sorting_thread=alive
18:57:44 [v4][heartbeat] enter=False sorting=False cam=LIVE ai=LIVE cam_fps=18.2 pub_fps=23.2 frames=10038 result_subs=0 roi=ok intrinsic=ok inference_age_ms=161 target=none transport=False sorting_thread=alive
18:57:49 [v4][heartbeat] enter=False sorting=False cam=LIVE ai=LIVE cam_fps=21.8 pub_fps=23.4 frames=10148 result_subs=0 roi=ok intrinsic=ok inference_age_ms=148 target=none transport=False sorting_thread=alive
18:57:54 [v4][heartbeat] enter=False sorting=False cam=LIVE ai=LIVE cam_fps=17.5 pub_fps=22.6 frames=10235 result_subs=0 roi=ok intrinsic=ok inference_age_ms=99 target=none transport=False sorting_thread=alive
18:57:59 [v4][heartbeat] enter=False sorting=False cam=LIVE ai=LIVE cam_fps=17.3 pub_fps=22.5 frames=10322 result_subs=0 roi=ok intrinsic=ok inference_age_ms=268 target=none transport=False sorting_thread=alive
18:58:04 [v4][heartbeat] enter=False sorting=False cam=LIVE ai=LIVE cam_fps=20.2 pub_fps=23.0 frames=10423 result_subs=0 roi=ok intrinsic=ok inference_age_ms=190 target=none transport=False sorting_thread=alive
18:58:09 [v4][heartbeat] enter=False sorting=False cam=LIVE ai=LIVE cam_fps=18.3 pub_fps=24.2 frames=10515 result_subs=0 roi=ok intrinsic=ok inference_age_ms=152 target=none transport=False sorting_thread=alive
18:58:14 [v4][heartbeat] enter=False sorting=False cam=LIVE ai=LIVE cam_fps=16.0 pub_fps=21.7 frames=10594 result_subs=0 roi=ok intrinsic=ok inference_age_ms=90 target=none transport=False sorting_thread=alive
18:58:19 [v4][heartbeat] enter=False sorting=False cam=LIVE ai=LIVE cam_fps=19.4 pub_fps=23.4 frames=10691 result_subs=0 roi=ok intrinsic=ok inference_age_ms=116 target=none transport=False sorting_thread=alive
18:58:24 [v4][heartbeat] enter=False sorting=False cam=LIVE ai=LIVE cam_fps=15.9 pub_fps=21.9 frames=10771 result_subs=0 roi=ok intrinsic=ok inference_age_ms=158 target=none transport=False sorting_thread=alive
18:58:29 [v4][heartbeat] enter=False sorting=False cam=LIVE ai=LIVE cam_fps=19.3 pub_fps=22.9 frames=10867 result_subs=0 roi=ok intrinsic=ok inference_age_ms=110 target=none transport=False sorting_thread=alive
18:58:34 [v4][heartbeat] enter=False sorting=False cam=LIVE ai=LIVE cam_fps=20.2 pub_fps=22.2 frames=10968 result_subs=0 roi=ok intrinsic=ok inference_age_ms=116 target=none transport=False sorting_thread=alive
18:58:39 [v4][heartbeat] enter=False sorting=False cam=LIVE ai=LIVE cam_fps=23.4 pub_fps=24.4 frames=11085 result_subs=0 roi=ok intrinsic=ok inference_age_ms=172 target=none transport=False sorting_thread=alive
18:58:44 [v4][heartbeat] enter=False sorting=False cam=LIVE ai=LIVE cam_fps=21.9 pub_fps=25.3 frames=11195 result_subs=0 roi=ok intrinsic=ok inference_age_ms=111 target=none transport=False sorting_thread=alive
18:58:49 [v4][heartbeat] enter=False sorting=False cam=LIVE ai=LIVE cam_fps=20.5 pub_fps=24.5 frames=11298 result_subs=0 roi=ok intrinsic=ok inference_age_ms=152 target=none transport=False sorting_thread=alive
18:58:54 [v4][heartbeat] enter=False sorting=False cam=LIVE ai=LIVE cam_fps=23.4 pub_fps=25.4 frames=11414 result_subs=0 roi=ok intrinsic=ok inference_age_ms=136 target=none transport=False sorting_thread=alive
18:58:59 [v4][heartbeat] enter=False sorting=False cam=LIVE ai=LIVE cam_fps=19.5 pub_fps=24.3 frames=11512 result_subs=0 roi=ok intrinsic=ok inference_age_ms=166 target=none transport=False sorting_thread=alive
18:59:04 [v4][heartbeat] enter=False sorting=False cam=LIVE ai=LIVE cam_fps=21.8 pub_fps=25.0 frames=11620 result_subs=0 roi=ok intrinsic=ok inference_age_ms=52 target=none transport=False sorting_thread=alive
18:59:09 [v4][heartbeat] enter=False sorting=False cam=LIVE ai=LIVE cam_fps=23.7 pub_fps=25.3 frames=11739 result_subs=0 roi=ok intrinsic=ok inference_age_ms=167 target=none transport=False sorting_thread=alive
18:59:14 [v4][heartbeat] enter=False sorting=False cam=LIVE ai=LIVE cam_fps=23.0 pub_fps=25.6 frames=11855 result_subs=0 roi=ok intrinsic=ok inference_age_ms=193 target=none transport=False sorting_thread=alive
18:59:19 [v4][heartbeat] enter=False sorting=False cam=LIVE ai=LIVE cam_fps=20.5 pub_fps=24.5 frames=11957 result_subs=0 roi=ok intrinsic=ok inference_age_ms=165 target=none transport=False sorting_thread=alive
18:59:24 [v4][heartbeat] enter=False sorting=False cam=LIVE ai=LIVE cam_fps=20.5 pub_fps=23.9 frames=12059 result_subs=0 roi=ok intrinsic=ok inference_age_ms=254 target=none transport=False sorting_thread=alive
18:59:29 [v4][heartbeat] enter=False sorting=False cam=LIVE ai=LIVE cam_fps=20.6 pub_fps=24.0 frames=12162 result_subs=0 roi=ok intrinsic=ok inference_age_ms=81 target=none transport=False sorting_thread=alive
18:59:34 [v4][heartbeat] enter=False sorting=False cam=LIVE ai=LIVE cam_fps=17.2 pub_fps=23.0 frames=12248 result_subs=0 roi=ok intrinsic=ok inference_age_ms=117 target=none transport=False sorting_thread=alive
18:59:39 [v4][heartbeat] enter=False sorting=False cam=LIVE ai=LIVE cam_fps=18.2 pub_fps=22.0 frames=12339 result_subs=0 roi=ok intrinsic=ok inference_age_ms=105 target=none transport=False sorting_thread=alive
18:59:44 [v4][heartbeat] enter=False sorting=False cam=LIVE ai=LIVE cam_fps=18.2 pub_fps=23.4 frames=12431 result_subs=0 roi=ok intrinsic=ok inference_age_ms=190 target=none transport=False sorting_thread=alive
18:59:49 [v4][heartbeat] enter=False sorting=False cam=LIVE ai=LIVE cam_fps=21.6 pub_fps=25.2 frames=12538 result_subs=0 roi=ok intrinsic=ok inference_age_ms=97 target=none transport=False sorting_thread=alive
18:59:54 [v4][heartbeat] enter=False sorting=False cam=LIVE ai=LIVE cam_fps=21.8 pub_fps=24.2 frames=12649 result_subs=0 roi=ok intrinsic=ok inference_age_ms=172 target=none transport=False sorting_thread=alive
18:59:59 [v4][heartbeat] enter=False sorting=False cam=LIVE ai=LIVE cam_fps=18.7 pub_fps=23.8 frames=12741 result_subs=0 roi=ok intrinsic=ok inference_age_ms=104 target=none transport=False sorting_thread=alive
19:00:04 [v4][heartbeat] enter=False sorting=False cam=LIVE ai=LIVE cam_fps=19.0 pub_fps=24.0 frames=12837 result_subs=0 roi=ok intrinsic=ok inference_age_ms=164 target=none transport=False sorting_thread=alive
19:00:09 [v4][heartbeat] enter=False sorting=False cam=LIVE ai=LIVE cam_fps=18.4 pub_fps=21.8 frames=12932 result_subs=0 roi=ok intrinsic=ok inference_age_ms=341 target=none transport=False sorting_thread=alive
19:00:14 [v4][heartbeat] enter=False sorting=False cam=LIVE ai=LIVE cam_fps=18.6 pub_fps=23.2 frames=13022 result_subs=0 roi=ok intrinsic=ok inference_age_ms=173 target=none transport=False sorting_thread=alive
19:00:19 [v4][heartbeat] enter=False sorting=False cam=LIVE ai=LIVE cam_fps=19.2 pub_fps=23.6 frames=13119 result_subs=0 roi=ok intrinsic=ok inference_age_ms=132 target=none transport=False sorting_thread=alive
19:00:24 [v4][heartbeat] enter=False sorting=False cam=LIVE ai=LIVE cam_fps=20.4 pub_fps=24.1 frames=13219 result_subs=0 roi=ok intrinsic=ok inference_age_ms=119 target=none transport=False sorting_thread=alive
19:00:29 [v4][heartbeat] enter=False sorting=False cam=LIVE ai=LIVE cam_fps=16.4 pub_fps=22.4 frames=13301 result_subs=0 roi=ok intrinsic=ok inference_age_ms=163 target=none transport=False sorting_thread=alive
19:00:34 [v4][heartbeat] enter=False sorting=False cam=LIVE ai=LIVE cam_fps=18.0 pub_fps=23.2 frames=13391 result_subs=0 roi=ok intrinsic=ok inference_age_ms=166 target=none transport=False sorting_thread=alive
19:00:39 [v4][heartbeat] enter=False sorting=False cam=LIVE ai=LIVE cam_fps=17.1 pub_fps=22.7 frames=13477 result_subs=0 roi=ok intrinsic=ok inference_age_ms=82 target=none transport=False sorting_thread=alive
19:00:44 [v4][heartbeat] enter=False sorting=False cam=LIVE ai=LIVE cam_fps=21.1 pub_fps=23.6 frames=13582 result_subs=0 roi=ok intrinsic=ok inference_age_ms=104 target=none transport=False sorting_thread=alive
19:00:49 [v4][heartbeat] enter=False sorting=False cam=LIVE ai=LIVE cam_fps=21.0 pub_fps=24.5 frames=13687 result_subs=0 roi=ok intrinsic=ok inference_age_ms=158 target=none transport=False sorting_thread=alive
19:00:54 [v4][heartbeat] enter=False sorting=False cam=LIVE ai=LIVE cam_fps=19.2 pub_fps=23.4 frames=13784 result_subs=0 roi=ok intrinsic=ok inference_age_ms=125 target=none transport=False sorting_thread=alive
19:00:59 [v4][heartbeat] enter=False sorting=False cam=LIVE ai=LIVE cam_fps=18.4 pub_fps=22.8 frames=13876 result_subs=0 roi=ok intrinsic=ok inference_age_ms=48 target=none transport=False sorting_thread=alive
19:01:04 [v4][heartbeat] enter=False sorting=False cam=LIVE ai=LIVE cam_fps=19.2 pub_fps=23.8 frames=13971 result_subs=0 roi=ok intrinsic=ok inference_age_ms=189 target=none transport=False sorting_thread=alive
19:01:09 [v4][heartbeat] enter=False sorting=False cam=LIVE ai=LIVE cam_fps=18.2 pub_fps=24.4 frames=14062 result_subs=0 roi=ok intrinsic=ok inference_age_ms=124 target=none transport=False sorting_thread=alive
19:01:14 [v4][heartbeat] enter=False sorting=False cam=LIVE ai=LIVE cam_fps=16.0 pub_fps=22.2 frames=14142 result_subs=0 roi=ok intrinsic=ok inference_age_ms=182 target=none transport=False sorting_thread=alive
19:01:19 [v4][heartbeat] enter=False sorting=False cam=LIVE ai=LIVE cam_fps=17.6 pub_fps=23.8 frames=14231 result_subs=0 roi=ok intrinsic=ok inference_age_ms=80 target=none transport=False sorting_thread=alive
19:01:24 [v4][heartbeat] enter=False sorting=False cam=LIVE ai=LIVE cam_fps=19.0 pub_fps=22.5 frames=14326 result_subs=0 roi=ok intrinsic=ok inference_age_ms=174 target=none transport=False sorting_thread=alive
19:01:29 [v4][heartbeat] enter=False sorting=False cam=LIVE ai=LIVE cam_fps=18.5 pub_fps=24.0 frames=14418 result_subs=0 roi=ok intrinsic=ok inference_age_ms=216 target=none transport=False sorting_thread=alive
19:01:34 [v4][heartbeat] enter=False sorting=False cam=LIVE ai=LIVE cam_fps=19.3 pub_fps=24.5 frames=14515 result_subs=0 roi=ok intrinsic=ok inference_age_ms=210 target=none transport=False sorting_thread=alive
19:01:39 [v4][heartbeat] enter=False sorting=False cam=LIVE ai=LIVE cam_fps=20.1 pub_fps=24.7 frames=14615 result_subs=0 roi=ok intrinsic=ok inference_age_ms=205 target=none transport=False sorting_thread=alive
19:01:44 [v4][heartbeat] enter=False sorting=False cam=LIVE ai=LIVE cam_fps=17.8 pub_fps=24.2 frames=14704 result_subs=0 roi=ok intrinsic=ok inference_age_ms=101 target=none transport=False sorting_thread=alive
19:01:49 [v4][heartbeat] enter=False sorting=False cam=LIVE ai=LIVE cam_fps=18.1 pub_fps=24.1 frames=14795 result_subs=0 roi=ok intrinsic=ok inference_age_ms=108 target=none transport=False sorting_thread=alive
19:01:54 [v4][heartbeat] enter=False sorting=False cam=LIVE ai=LIVE cam_fps=23.5 pub_fps=25.3 frames=14914 result_subs=0 roi=ok intrinsic=ok inference_age_ms=159 target=none transport=False sorting_thread=alive
19:01:59 [v4][heartbeat] enter=False sorting=False cam=LIVE ai=LIVE cam_fps=15.7 pub_fps=23.1 frames=14992 result_subs=0 roi=ok intrinsic=ok inference_age_ms=175 target=none transport=False sorting_thread=alive
19:02:04 [v4][heartbeat] enter=False sorting=False cam=LIVE ai=LIVE cam_fps=16.5 pub_fps=24.2 frames=15074 result_subs=0 roi=ok intrinsic=ok inference_age_ms=133 target=none transport=False sorting_thread=alive
19:02:09 [v4][heartbeat] enter=False sorting=False cam=LIVE ai=LIVE cam_fps=20.9 pub_fps=24.1 frames=15178 result_subs=0 roi=ok intrinsic=ok inference_age_ms=75 target=none transport=False sorting_thread=alive
19:02:14 [v4][heartbeat] enter=False sorting=False cam=LIVE ai=LIVE cam_fps=17.0 pub_fps=23.0 frames=15263 result_subs=0 roi=ok intrinsic=ok inference_age_ms=188 target=none transport=False sorting_thread=alive
19:02:19 [v4][heartbeat] enter=False sorting=False cam=LIVE ai=LIVE cam_fps=21.0 pub_fps=23.6 frames=15369 result_subs=0 roi=ok intrinsic=ok inference_age_ms=192 target=none transport=False sorting_thread=alive
19:02:24 [v4][heartbeat] enter=False sorting=False cam=LIVE ai=LIVE cam_fps=18.3 pub_fps=24.4 frames=15460 result_subs=0 roi=ok intrinsic=ok inference_age_ms=73 target=none transport=False sorting_thread=alive
19:02:29 [v4][heartbeat] enter=False sorting=False cam=LIVE ai=LIVE cam_fps=21.8 pub_fps=25.0 frames=15569 result_subs=0 roi=ok intrinsic=ok inference_age_ms=68 target=none transport=False sorting_thread=alive
19:02:34 [v4][heartbeat] enter=False sorting=False cam=LIVE ai=LIVE cam_fps=18.8 pub_fps=25.3 frames=15663 result_subs=0 roi=ok intrinsic=ok inference_age_ms=89 target=none transport=False sorting_thread=alive
19:02:39 [v4][heartbeat] enter=False sorting=False cam=LIVE ai=LIVE cam_fps=19.4 pub_fps=23.7 frames=15761 result_subs=0 roi=ok intrinsic=ok inference_age_ms=216 target=none transport=False sorting_thread=alive
19:02:44 [v4][heartbeat] enter=False sorting=False cam=LIVE ai=LIVE cam_fps=20.8 pub_fps=24.9 frames=15864 result_subs=0 roi=ok intrinsic=ok inference_age_ms=83 target=none transport=False sorting_thread=alive
19:02:49 [v4][heartbeat] enter=False sorting=False cam=LIVE ai=LIVE cam_fps=18.0 pub_fps=24.0 frames=15955 result_subs=0 roi=ok intrinsic=ok inference_age_ms=233 target=none transport=False sorting_thread=alive
19:02:54 [v4][heartbeat] enter=False sorting=False cam=LIVE ai=LIVE cam_fps=16.3 pub_fps=21.7 frames=16036 result_subs=0 roi=ok intrinsic=ok inference_age_ms=169 target=none transport=False sorting_thread=alive
19:02:59 [v4][heartbeat] enter=False sorting=False cam=LIVE ai=LIVE cam_fps=20.7 pub_fps=25.1 frames=16139 result_subs=0 roi=ok intrinsic=ok inference_age_ms=142 target=none transport=False sorting_thread=alive
19:03:04 [v4][heartbeat] enter=False sorting=False cam=LIVE ai=LIVE cam_fps=20.4 pub_fps=25.6 frames=16241 result_subs=0 roi=ok intrinsic=ok inference_age_ms=143 target=none transport=False sorting_thread=alive
19:03:09 [v4][heartbeat] enter=False sorting=False cam=LIVE ai=LIVE cam_fps=21.1 pub_fps=24.7 frames=16347 result_subs=0 roi=ok intrinsic=ok inference_age_ms=132 target=none transport=False sorting_thread=alive
19:03:14 [v4][heartbeat] enter=False sorting=False cam=LIVE ai=LIVE cam_fps=17.0 pub_fps=22.6 frames=16433 result_subs=0 roi=ok intrinsic=ok inference_age_ms=183 target=none transport=False sorting_thread=alive
19:03:19 [v4][heartbeat] enter=False sorting=False cam=LIVE ai=LIVE cam_fps=17.7 pub_fps=23.3 frames=16521 result_subs=0 roi=ok intrinsic=ok inference_age_ms=121 target=none transport=False sorting_thread=alive
19:03:24 [v4][heartbeat] enter=False sorting=False cam=LIVE ai=LIVE cam_fps=21.8 pub_fps=24.6 frames=16629 result_subs=0 roi=ok intrinsic=ok inference_age_ms=166 target=none transport=False sorting_thread=alive
19:03:29 [v4][heartbeat] enter=False sorting=False cam=LIVE ai=LIVE cam_fps=17.2 pub_fps=23.2 frames=16715 result_subs=0 roi=ok intrinsic=ok inference_age_ms=141 target=none transport=False sorting_thread=alive
19:03:34 [v4][heartbeat] enter=False sorting=False cam=LIVE ai=LIVE cam_fps=17.0 pub_fps=23.1 frames=16800 result_subs=0 roi=ok intrinsic=ok inference_age_ms=90 target=none transport=False sorting_thread=alive
19:03:39 [v4][heartbeat] enter=False sorting=False cam=LIVE ai=LIVE cam_fps=18.4 pub_fps=23.2 frames=16892 result_subs=0 roi=ok intrinsic=ok inference_age_ms=206 target=none transport=False sorting_thread=alive
19:03:44 [v4][heartbeat] enter=False sorting=False cam=LIVE ai=LIVE cam_fps=16.2 pub_fps=22.5 frames=16974 result_subs=0 roi=ok intrinsic=ok inference_age_ms=171 target=none transport=False sorting_thread=alive
19:03:49 [v4][heartbeat] enter=False sorting=False cam=LIVE ai=LIVE cam_fps=18.4 pub_fps=23.5 frames=17065 result_subs=0 roi=ok intrinsic=ok inference_age_ms=143 target=none transport=False sorting_thread=alive
19:03:54 [v4][heartbeat] enter=False sorting=False cam=LIVE ai=LIVE cam_fps=15.0 pub_fps=23.5 frames=17141 result_subs=0 roi=ok intrinsic=ok inference_age_ms=116 target=none transport=False sorting_thread=alive
19:03:59 [v4][heartbeat] enter=False sorting=False cam=LIVE ai=LIVE cam_fps=20.8 pub_fps=25.0 frames=17243 result_subs=0 roi=ok intrinsic=ok inference_age_ms=147 target=none transport=False sorting_thread=alive
19:04:04 [v4][heartbeat] enter=False sorting=False cam=LIVE ai=LIVE cam_fps=19.4 pub_fps=23.6 frames=17341 result_subs=0 roi=ok intrinsic=ok inference_age_ms=101 target=none transport=False sorting_thread=alive
19:04:09 [v4][heartbeat] enter=False sorting=False cam=LIVE ai=LIVE cam_fps=18.7 pub_fps=24.4 frames=17434 result_subs=0 roi=ok intrinsic=ok inference_age_ms=168 target=none transport=False sorting_thread=alive
19:04:14 [v4][heartbeat] enter=False sorting=False cam=LIVE ai=LIVE cam_fps=20.8 pub_fps=23.8 frames=17538 result_subs=0 roi=ok intrinsic=ok inference_age_ms=165 target=none transport=False sorting_thread=alive
19:04:19 [v4][heartbeat] enter=False sorting=False cam=LIVE ai=LIVE cam_fps=15.5 pub_fps=22.3 frames=17617 result_subs=0 roi=ok intrinsic=ok inference_age_ms=144 target=none transport=False sorting_thread=alive
19:04:24 [v4][heartbeat] enter=False sorting=False cam=LIVE ai=LIVE cam_fps=20.4 pub_fps=23.6 frames=17718 result_subs=0 roi=ok intrinsic=ok inference_age_ms=85 target=none transport=False sorting_thread=alive
19:04:29 [v4][heartbeat] enter=False sorting=False cam=LIVE ai=LIVE cam_fps=18.3 pub_fps=23.6 frames=17809 result_subs=0 roi=ok intrinsic=ok inference_age_ms=70 target=none transport=False sorting_thread=alive
19:04:34 [v4][heartbeat] enter=False sorting=False cam=LIVE ai=LIVE cam_fps=18.5 pub_fps=24.5 frames=17902 result_subs=0 roi=ok intrinsic=ok inference_age_ms=77 target=none transport=False sorting_thread=alive
19:04:39 [v4][heartbeat] enter=False sorting=False cam=LIVE ai=LIVE cam_fps=25.1 pub_fps=24.9 frames=18026 result_subs=0 roi=ok intrinsic=ok inference_age_ms=164 target=none transport=False sorting_thread=alive
19:04:44 [v4][heartbeat] enter=False sorting=False cam=LIVE ai=LIVE cam_fps=22.7 pub_fps=25.8 frames=18141 result_subs=0 roi=ok intrinsic=ok inference_age_ms=213 target=none transport=False sorting_thread=alive
19:04:49 [v4][heartbeat] enter=False sorting=False cam=LIVE ai=LIVE cam_fps=19.7 pub_fps=24.1 frames=18238 result_subs=0 roi=ok intrinsic=ok inference_age_ms=101 target=none transport=False sorting_thread=alive
19:04:54 [v4][heartbeat] enter=False sorting=False cam=LIVE ai=LIVE cam_fps=15.7 pub_fps=24.4 frames=18317 result_subs=0 roi=ok intrinsic=ok inference_age_ms=158 target=none transport=False sorting_thread=alive
19:04:59 [v4][heartbeat] enter=False sorting=False cam=LIVE ai=LIVE cam_fps=19.9 pub_fps=22.1 frames=18416 result_subs=0 roi=ok intrinsic=ok inference_age_ms=238 target=none transport=False sorting_thread=alive
19:05:04 [v4][heartbeat] enter=False sorting=False cam=LIVE ai=LIVE cam_fps=19.3 pub_fps=23.9 frames=18513 result_subs=0 roi=ok intrinsic=ok inference_age_ms=76 target=none transport=False sorting_thread=alive
19:05:09 [v4][heartbeat] enter=False sorting=False cam=LIVE ai=LIVE cam_fps=18.5 pub_fps=23.9 frames=18605 result_subs=0 roi=ok intrinsic=ok inference_age_ms=89 target=none transport=False sorting_thread=alive
19:05:14 [v4][heartbeat] enter=False sorting=False cam=LIVE ai=LIVE cam_fps=20.4 pub_fps=22.8 frames=18707 result_subs=0 roi=ok intrinsic=ok inference_age_ms=158 target=none transport=False sorting_thread=alive
19:05:19 [v4][heartbeat] enter=False sorting=False cam=LIVE ai=LIVE cam_fps=14.8 pub_fps=23.2 frames=18781 result_subs=0 roi=ok intrinsic=ok inference_age_ms=189 target=none transport=False sorting_thread=alive
19:05:24 [v4][heartbeat] enter=False sorting=False cam=LIVE ai=LIVE cam_fps=21.1 pub_fps=25.5 frames=18887 result_subs=0 roi=ok intrinsic=ok inference_age_ms=102 target=none transport=False sorting_thread=alive
19:05:29 [v4][heartbeat] enter=False sorting=False cam=LIVE ai=LIVE cam_fps=17.8 pub_fps=24.0 frames=18976 result_subs=0 roi=ok intrinsic=ok inference_age_ms=131 target=none transport=False sorting_thread=alive
19:05:34 [v4][heartbeat] enter=False sorting=False cam=LIVE ai=LIVE cam_fps=15.5 pub_fps=22.5 frames=19053 result_subs=0 roi=ok intrinsic=ok inference_age_ms=146 target=none transport=False sorting_thread=alive
19:05:39 [v4][heartbeat] enter=False sorting=False cam=LIVE ai=LIVE cam_fps=16.1 pub_fps=23.8 frames=19134 result_subs=0 roi=ok intrinsic=ok inference_age_ms=165 target=none transport=False sorting_thread=alive
19:05:44 [v4][heartbeat] enter=False sorting=False cam=LIVE ai=LIVE cam_fps=19.5 pub_fps=24.0 frames=19231 result_subs=0 roi=ok intrinsic=ok inference_age_ms=114 target=none transport=False sorting_thread=alive
19:05:49 [v4][heartbeat] enter=False sorting=False cam=LIVE ai=LIVE cam_fps=16.8 pub_fps=24.8 frames=19315 result_subs=0 roi=ok intrinsic=ok inference_age_ms=165 target=none transport=False sorting_thread=alive
19:05:54 [v4][heartbeat] enter=False sorting=False cam=LIVE ai=LIVE cam_fps=21.0 pub_fps=24.6 frames=19420 result_subs=0 roi=ok intrinsic=ok inference_age_ms=175 target=none transport=False sorting_thread=alive
19:05:59 [v4][heartbeat] enter=False sorting=False cam=LIVE ai=LIVE cam_fps=16.3 pub_fps=23.3 frames=19502 result_subs=0 roi=ok intrinsic=ok inference_age_ms=134 target=none transport=False sorting_thread=alive
19:06:04 [v4][heartbeat] enter=False sorting=False cam=LIVE ai=LIVE cam_fps=19.0 pub_fps=23.4 frames=19597 result_subs=0 roi=ok intrinsic=ok inference_age_ms=92 target=none transport=False sorting_thread=alive
19:06:09 [v4][heartbeat] enter=False sorting=False cam=LIVE ai=LIVE cam_fps=21.3 pub_fps=24.1 frames=19703 result_subs=0 roi=ok intrinsic=ok inference_age_ms=65 target=none transport=False sorting_thread=alive
19:06:14 [v4][heartbeat] enter=False sorting=False cam=LIVE ai=LIVE cam_fps=18.0 pub_fps=24.2 frames=19793 result_subs=0 roi=ok intrinsic=ok inference_age_ms=235 target=none transport=False sorting_thread=alive
19:06:19 [v4][heartbeat] enter=False sorting=False cam=LIVE ai=LIVE cam_fps=17.9 pub_fps=22.5 frames=19883 result_subs=0 roi=ok intrinsic=ok inference_age_ms=214 target=none transport=False sorting_thread=alive
19:06:24 [v4][heartbeat] enter=False sorting=False cam=LIVE ai=LIVE cam_fps=18.8 pub_fps=25.0 frames=19977 result_subs=0 roi=ok intrinsic=ok inference_age_ms=150 target=none transport=False sorting_thread=alive
19:06:29 [v4][heartbeat] enter=False sorting=False cam=LIVE ai=LIVE cam_fps=17.7 pub_fps=24.7 frames=20065 result_subs=0 roi=ok intrinsic=ok inference_age_ms=86 target=none transport=False sorting_thread=alive
19:06:34 [v4][heartbeat] enter=False sorting=False cam=LIVE ai=LIVE cam_fps=21.0 pub_fps=22.8 frames=20170 result_subs=0 roi=ok intrinsic=ok inference_age_ms=189 target=none transport=False sorting_thread=alive
19:06:39 [v4][heartbeat] enter=False sorting=False cam=LIVE ai=LIVE cam_fps=17.4 pub_fps=22.7 frames=20258 result_subs=0 roi=ok intrinsic=ok inference_age_ms=118 target=none transport=False sorting_thread=alive
19:06:44 [v4][heartbeat] enter=False sorting=False cam=LIVE ai=LIVE cam_fps=19.7 pub_fps=24.0 frames=20355 result_subs=0 roi=ok intrinsic=ok inference_age_ms=134 target=none transport=False sorting_thread=alive
19:06:49 [v4][heartbeat] enter=False sorting=False cam=LIVE ai=LIVE cam_fps=17.8 pub_fps=21.4 frames=20444 result_subs=0 roi=ok intrinsic=ok inference_age_ms=189 target=none transport=False sorting_thread=alive
19:06:54 [v4][heartbeat] enter=False sorting=False cam=LIVE ai=LIVE cam_fps=16.2 pub_fps=22.8 frames=20525 result_subs=0 roi=ok intrinsic=ok inference_age_ms=88 target=none transport=False sorting_thread=alive
19:06:59 [v4][heartbeat] enter=False sorting=False cam=LIVE ai=LIVE cam_fps=23.0 pub_fps=24.4 frames=20640 result_subs=0 roi=ok intrinsic=ok inference_age_ms=151 target=none transport=False sorting_thread=alive
19:07:04 [v4][heartbeat] enter=False sorting=False cam=LIVE ai=LIVE cam_fps=18.6 pub_fps=24.2 frames=20733 result_subs=0 roi=ok intrinsic=ok inference_age_ms=97 target=none transport=False sorting_thread=alive
19:07:09 [v4][heartbeat] enter=False sorting=False cam=LIVE ai=LIVE cam_fps=18.9 pub_fps=25.4 frames=20828 result_subs=0 roi=ok intrinsic=ok inference_age_ms=186 target=none transport=False sorting_thread=alive
19:07:14 [v4][heartbeat] enter=False sorting=False cam=LIVE ai=LIVE cam_fps=17.9 pub_fps=22.5 frames=20917 result_subs=0 roi=ok intrinsic=ok inference_age_ms=163 target=none transport=False sorting_thread=alive
19:07:19 [v4][heartbeat] enter=False sorting=False cam=LIVE ai=LIVE cam_fps=17.3 pub_fps=23.4 frames=21004 result_subs=0 roi=ok intrinsic=ok inference_age_ms=185 target=none transport=False sorting_thread=alive
19:07:24 [v4][heartbeat] enter=False sorting=False cam=LIVE ai=LIVE cam_fps=21.0 pub_fps=24.2 frames=21109 result_subs=0 roi=ok intrinsic=ok inference_age_ms=166 target=none transport=False sorting_thread=alive
19:07:29 [v4][heartbeat] enter=False sorting=False cam=LIVE ai=LIVE cam_fps=19.0 pub_fps=24.1 frames=21204 result_subs=0 roi=ok intrinsic=ok inference_age_ms=60 target=none transport=False sorting_thread=alive
19:07:34 [v4][heartbeat] enter=False sorting=False cam=LIVE ai=LIVE cam_fps=19.9 pub_fps=25.3 frames=21303 result_subs=0 roi=ok intrinsic=ok inference_age_ms=157 target=none transport=False sorting_thread=alive
19:07:39 [v4][heartbeat] enter=False sorting=False cam=LIVE ai=LIVE cam_fps=19.3 pub_fps=23.1 frames=21400 result_subs=0 roi=ok intrinsic=ok inference_age_ms=189 target=none transport=False sorting_thread=alive
19:07:44 [v4][heartbeat] enter=False sorting=False cam=LIVE ai=LIVE cam_fps=20.5 pub_fps=25.5 frames=21503 result_subs=0 roi=ok intrinsic=ok inference_age_ms=119 target=none transport=False sorting_thread=alive
19:07:49 [v4][heartbeat] enter=False sorting=False cam=LIVE ai=LIVE cam_fps=20.2 pub_fps=24.0 frames=21604 result_subs=0 roi=ok intrinsic=ok inference_age_ms=170 target=none transport=False sorting_thread=alive
19:07:54 [v4][heartbeat] enter=False sorting=False cam=LIVE ai=LIVE cam_fps=17.4 pub_fps=23.2 frames=21690 result_subs=0 roi=ok intrinsic=ok inference_age_ms=146 target=none transport=False sorting_thread=alive
19:07:59 [v4][heartbeat] enter=False sorting=False cam=LIVE ai=LIVE cam_fps=17.3 pub_fps=21.3 frames=21777 result_subs=0 roi=ok intrinsic=ok inference_age_ms=112 target=none transport=False sorting_thread=alive
19:08:04 [v4][heartbeat] enter=False sorting=False cam=LIVE ai=LIVE cam_fps=17.8 pub_fps=23.8 frames=21867 result_subs=0 roi=ok intrinsic=ok inference_age_ms=118 target=none transport=False sorting_thread=alive
19:08:09 [v4][heartbeat] enter=False sorting=False cam=LIVE ai=LIVE cam_fps=15.5 pub_fps=22.6 frames=21943 result_subs=0 roi=ok intrinsic=ok inference_age_ms=162 target=none transport=False sorting_thread=alive
19:08:14 [v4][heartbeat] enter=False sorting=False cam=LIVE ai=LIVE cam_fps=19.8 pub_fps=23.2 frames=22042 result_subs=0 roi=ok intrinsic=ok inference_age_ms=119 target=none transport=False sorting_thread=alive
19:08:19 [v4][heartbeat] enter=False sorting=False cam=LIVE ai=LIVE cam_fps=18.5 pub_fps=25.3 frames=22135 result_subs=0 roi=ok intrinsic=ok inference_age_ms=129 target=none transport=False sorting_thread=alive
19:08:24 [v4][heartbeat] enter=False sorting=False cam=LIVE ai=LIVE cam_fps=18.2 pub_fps=23.4 frames=22226 result_subs=0 roi=ok intrinsic=ok inference_age_ms=113 target=none transport=False sorting_thread=alive
19:08:29 [v4][heartbeat] enter=False sorting=False cam=LIVE ai=LIVE cam_fps=15.1 pub_fps=21.7 frames=22302 result_subs=0 roi=ok intrinsic=ok inference_age_ms=94 target=none transport=False sorting_thread=alive
19:08:34 [v4][heartbeat] enter=False sorting=False cam=LIVE ai=LIVE cam_fps=19.5 pub_fps=25.2 frames=22399 result_subs=0 roi=ok intrinsic=ok inference_age_ms=183 target=none transport=False sorting_thread=alive
19:08:39 [v4][heartbeat] enter=False sorting=False cam=LIVE ai=LIVE cam_fps=19.8 pub_fps=25.0 frames=22498 result_subs=0 roi=ok intrinsic=ok inference_age_ms=178 target=none transport=False sorting_thread=alive
19:08:44 [v4][heartbeat] enter=False sorting=False cam=LIVE ai=LIVE cam_fps=15.8 pub_fps=22.8 frames=22577 result_subs=0 roi=ok intrinsic=ok inference_age_ms=135 target=none transport=False sorting_thread=alive
19:08:49 [v4][heartbeat] enter=False sorting=False cam=LIVE ai=LIVE cam_fps=21.6 pub_fps=24.4 frames=22686 result_subs=0 roi=ok intrinsic=ok inference_age_ms=171 target=none transport=False sorting_thread=alive
19:08:54 [v4][heartbeat] enter=False sorting=False cam=LIVE ai=LIVE cam_fps=17.1 pub_fps=23.1 frames=22772 result_subs=0 roi=ok intrinsic=ok inference_age_ms=94 target=none transport=False sorting_thread=alive
19:08:59 [v4][heartbeat] enter=False sorting=False cam=LIVE ai=LIVE cam_fps=19.4 pub_fps=23.6 frames=22868 result_subs=0 roi=ok intrinsic=ok inference_age_ms=157 target=none transport=False sorting_thread=alive
19:09:04 [v4][heartbeat] enter=False sorting=False cam=LIVE ai=LIVE cam_fps=19.7 pub_fps=23.4 frames=22967 result_subs=0 roi=ok intrinsic=ok inference_age_ms=162 target=none transport=False sorting_thread=alive
19:09:09 [v4][heartbeat] enter=False sorting=False cam=LIVE ai=LIVE cam_fps=18.8 pub_fps=24.0 frames=23060 result_subs=0 roi=ok intrinsic=ok inference_age_ms=139 target=none transport=False sorting_thread=alive
19:09:14 [v4][heartbeat] enter=False sorting=False cam=LIVE ai=LIVE cam_fps=15.9 pub_fps=21.3 frames=23140 result_subs=0 roi=ok intrinsic=ok inference_age_ms=135 target=none transport=False sorting_thread=alive
19:09:19 [v4][heartbeat] enter=False sorting=False cam=LIVE ai=LIVE cam_fps=19.5 pub_fps=23.2 frames=23240 result_subs=0 roi=ok intrinsic=ok inference_age_ms=99 target=none transport=False sorting_thread=alive
19:09:24 [v4][heartbeat] enter=False sorting=False cam=LIVE ai=LIVE cam_fps=17.3 pub_fps=22.9 frames=23324 result_subs=0 roi=ok intrinsic=ok inference_age_ms=213 target=none transport=False sorting_thread=alive
19:09:29 [v4][heartbeat] enter=False sorting=False cam=LIVE ai=LIVE cam_fps=20.2 pub_fps=24.0 frames=23426 result_subs=0 roi=ok intrinsic=ok inference_age_ms=135 target=none transport=False sorting_thread=alive
19:09:34 [v4][heartbeat] enter=False sorting=False cam=LIVE ai=LIVE cam_fps=16.1 pub_fps=23.3 frames=23506 result_subs=0 roi=ok intrinsic=ok inference_age_ms=65 target=none transport=False sorting_thread=alive
19:09:39 [v4][heartbeat] enter=False sorting=False cam=LIVE ai=LIVE cam_fps=17.4 pub_fps=24.7 frames=23594 result_subs=0 roi=ok intrinsic=ok inference_age_ms=178 target=none transport=False sorting_thread=alive
19:09:44 [v4][heartbeat] enter=False sorting=False cam=LIVE ai=LIVE cam_fps=16.2 pub_fps=21.8 frames=23674 result_subs=0 roi=ok intrinsic=ok inference_age_ms=117 target=none transport=False sorting_thread=alive
19:09:49 [v4][heartbeat] enter=False sorting=False cam=LIVE ai=LIVE cam_fps=21.3 pub_fps=25.8 frames=23780 result_subs=0 roi=ok intrinsic=ok inference_age_ms=129 target=none transport=False sorting_thread=alive
19:09:54 [v4][heartbeat] enter=False sorting=False cam=LIVE ai=LIVE cam_fps=22.1 pub_fps=26.5 frames=23891 result_subs=0 roi=ok intrinsic=ok inference_age_ms=135 target=none transport=False sorting_thread=alive
19:09:59 [v4][heartbeat] enter=False sorting=False cam=LIVE ai=LIVE cam_fps=20.3 pub_fps=23.3 frames=23992 result_subs=0 roi=ok intrinsic=ok inference_age_ms=139 target=none transport=False sorting_thread=alive
19:10:04 [v4][heartbeat] enter=False sorting=False cam=LIVE ai=LIVE cam_fps=17.6 pub_fps=24.0 frames=24081 result_subs=0 roi=ok intrinsic=ok inference_age_ms=169 target=none transport=False sorting_thread=alive
19:10:09 [v4][heartbeat] enter=False sorting=False cam=LIVE ai=LIVE cam_fps=18.7 pub_fps=24.1 frames=24174 result_subs=0 roi=ok intrinsic=ok inference_age_ms=158 target=none transport=False sorting_thread=alive
19:10:14 [v4][heartbeat] enter=False sorting=False cam=LIVE ai=LIVE cam_fps=14.5 pub_fps=22.7 frames=24247 result_subs=0 roi=ok intrinsic=ok inference_age_ms=132 target=none transport=False sorting_thread=alive
19:10:19 [v4][heartbeat] enter=False sorting=False cam=LIVE ai=LIVE cam_fps=17.1 pub_fps=23.1 frames=24333 result_subs=0 roi=ok intrinsic=ok inference_age_ms=147 target=none transport=False sorting_thread=alive
19:10:24 [v4][heartbeat] enter=False sorting=False cam=LIVE ai=LIVE cam_fps=16.4 pub_fps=23.3 frames=24414 result_subs=0 roi=ok intrinsic=ok inference_age_ms=190 target=none transport=False sorting_thread=alive
19:10:29 [v4][heartbeat] enter=False sorting=False cam=LIVE ai=LIVE cam_fps=16.9 pub_fps=22.9 frames=24499 result_subs=0 roi=ok intrinsic=ok inference_age_ms=192 target=none transport=False sorting_thread=alive
19:10:34 [v4][heartbeat] enter=False sorting=False cam=LIVE ai=LIVE cam_fps=19.5 pub_fps=22.3 frames=24596 result_subs=0 roi=ok intrinsic=ok inference_age_ms=178 target=none transport=False sorting_thread=alive
19:10:39 [v4][heartbeat] enter=False sorting=False cam=LIVE ai=LIVE cam_fps=16.9 pub_fps=22.9 frames=24682 result_subs=0 roi=ok intrinsic=ok inference_age_ms=122 target=none transport=False sorting_thread=alive
19:10:44 [v4][heartbeat] enter=False sorting=False cam=LIVE ai=LIVE cam_fps=20.5 pub_fps=23.6 frames=24783 result_subs=0 roi=ok intrinsic=ok inference_age_ms=227 target=none transport=False sorting_thread=alive
19:10:49 [v4][heartbeat] enter=False sorting=False cam=LIVE ai=LIVE cam_fps=18.8 pub_fps=23.6 frames=24877 result_subs=0 roi=ok intrinsic=ok inference_age_ms=115 target=none transport=False sorting_thread=alive
19:10:54 [v4][heartbeat] enter=False sorting=False cam=LIVE ai=LIVE cam_fps=17.2 pub_fps=22.9 frames=24964 result_subs=0 roi=ok intrinsic=ok inference_age_ms=86 target=none transport=False sorting_thread=alive
19:10:59 [v4][heartbeat] enter=False sorting=False cam=LIVE ai=LIVE cam_fps=19.9 pub_fps=23.3 frames=25063 result_subs=0 roi=ok intrinsic=ok inference_age_ms=166 target=none transport=False sorting_thread=alive
19:11:04 [v4][heartbeat] enter=False sorting=False cam=LIVE ai=LIVE cam_fps=16.5 pub_fps=22.6 frames=25145 result_subs=0 roi=ok intrinsic=ok inference_age_ms=117 target=none transport=False sorting_thread=alive
19:11:09 [v4][heartbeat] enter=False sorting=False cam=LIVE ai=LIVE cam_fps=19.6 pub_fps=24.9 frames=25243 result_subs=0 roi=ok intrinsic=ok inference_age_ms=69 target=none transport=False sorting_thread=alive
19:11:14 [v4][heartbeat] enter=False sorting=False cam=LIVE ai=LIVE cam_fps=19.1 pub_fps=24.1 frames=25338 result_subs=0 roi=ok intrinsic=ok inference_age_ms=123 target=none transport=False sorting_thread=alive
19:11:19 [v4][heartbeat] enter=False sorting=False cam=LIVE ai=LIVE cam_fps=17.9 pub_fps=23.5 frames=25428 result_subs=0 roi=ok intrinsic=ok inference_age_ms=86 target=none transport=False sorting_thread=alive
19:11:24 [v4][heartbeat] enter=False sorting=False cam=LIVE ai=LIVE cam_fps=22.0 pub_fps=25.7 frames=25538 result_subs=0 roi=ok intrinsic=ok inference_age_ms=95 target=none transport=False sorting_thread=alive
19:11:29 [v4][heartbeat] enter=False sorting=False cam=LIVE ai=LIVE cam_fps=19.0 pub_fps=22.8 frames=25634 result_subs=0 roi=ok intrinsic=ok inference_age_ms=195 target=none transport=False sorting_thread=alive
19:11:34 [v4][heartbeat] enter=False sorting=False cam=LIVE ai=LIVE cam_fps=15.1 pub_fps=21.3 frames=25709 result_subs=0 roi=ok intrinsic=ok inference_age_ms=122 target=none transport=False sorting_thread=alive
19:11:39 [v4][heartbeat] enter=False sorting=False cam=LIVE ai=LIVE cam_fps=16.3 pub_fps=22.1 frames=25791 result_subs=0 roi=ok intrinsic=ok inference_age_ms=148 target=none transport=False sorting_thread=alive
19:11:44 [v4][heartbeat] enter=False sorting=False cam=LIVE ai=LIVE cam_fps=14.5 pub_fps=21.3 frames=25863 result_subs=0 roi=ok intrinsic=ok inference_age_ms=78 target=none transport=False sorting_thread=alive
19:11:49 [v4][heartbeat] enter=False sorting=False cam=LIVE ai=LIVE cam_fps=18.0 pub_fps=23.6 frames=25953 result_subs=0 roi=ok intrinsic=ok inference_age_ms=178 target=none transport=False sorting_thread=alive
19:11:54 [v4][heartbeat] enter=False sorting=False cam=LIVE ai=LIVE cam_fps=20.9 pub_fps=22.7 frames=26057 result_subs=0 roi=ok intrinsic=ok inference_age_ms=194 target=none transport=False sorting_thread=alive
19:11:59 [v4][heartbeat] enter=False sorting=False cam=LIVE ai=LIVE cam_fps=15.6 pub_fps=23.9 frames=26136 result_subs=0 roi=ok intrinsic=ok inference_age_ms=146 target=none transport=False sorting_thread=alive
19:12:04 [v4][heartbeat] enter=False sorting=False cam=LIVE ai=LIVE cam_fps=16.9 pub_fps=22.7 frames=26221 result_subs=0 roi=ok intrinsic=ok inference_age_ms=134 target=none transport=False sorting_thread=alive
19:12:09 [v4][heartbeat] enter=False sorting=False cam=LIVE ai=LIVE cam_fps=17.6 pub_fps=23.5 frames=26308 result_subs=0 roi=ok intrinsic=ok inference_age_ms=165 target=none transport=False sorting_thread=alive
19:12:14 [v4][heartbeat] enter=False sorting=False cam=LIVE ai=LIVE cam_fps=19.9 pub_fps=25.0 frames=26407 result_subs=0 roi=ok intrinsic=ok inference_age_ms=173 target=none transport=False sorting_thread=alive
19:12:19 [v4][heartbeat] enter=False sorting=False cam=LIVE ai=LIVE cam_fps=19.7 pub_fps=23.6 frames=26507 result_subs=0 roi=ok intrinsic=ok inference_age_ms=140 target=none transport=False sorting_thread=alive
19:12:24 [v4][heartbeat] enter=False sorting=False cam=LIVE ai=LIVE cam_fps=16.1 pub_fps=22.3 frames=26587 result_subs=0 roi=ok intrinsic=ok inference_age_ms=279 target=none transport=False sorting_thread=alive
19:12:29 [v4][heartbeat] enter=False sorting=False cam=LIVE ai=LIVE cam_fps=18.3 pub_fps=24.4 frames=26678 result_subs=0 roi=ok intrinsic=ok inference_age_ms=239 target=none transport=False sorting_thread=alive
19:12:34 [v4][heartbeat] enter=False sorting=False cam=LIVE ai=LIVE cam_fps=21.3 pub_fps=24.7 frames=26784 result_subs=0 roi=ok intrinsic=ok inference_age_ms=88 target=none transport=False sorting_thread=alive
19:12:39 [v4][heartbeat] enter=False sorting=False cam=LIVE ai=LIVE cam_fps=20.9 pub_fps=24.0 frames=26889 result_subs=0 roi=ok intrinsic=ok inference_age_ms=103 target=none transport=False sorting_thread=alive
19:12:44 [v4][heartbeat] enter=False sorting=False cam=LIVE ai=LIVE cam_fps=15.5 pub_fps=22.3 frames=26966 result_subs=0 roi=ok intrinsic=ok inference_age_ms=76 target=none transport=False sorting_thread=alive
19:12:49 [v4][heartbeat] enter=False sorting=False cam=LIVE ai=LIVE cam_fps=15.1 pub_fps=21.2 frames=27042 result_subs=0 roi=ok intrinsic=ok inference_age_ms=203 target=none transport=False sorting_thread=alive
19:12:54 [v4][heartbeat] enter=False sorting=False cam=LIVE ai=LIVE cam_fps=23.4 pub_fps=24.8 frames=27158 result_subs=0 roi=ok intrinsic=ok inference_age_ms=133 target=none transport=False sorting_thread=alive
19:12:59 [v4][heartbeat] enter=False sorting=False cam=LIVE ai=LIVE cam_fps=19.5 pub_fps=22.8 frames=27256 result_subs=0 roi=ok intrinsic=ok inference_age_ms=193 target=none transport=False sorting_thread=alive
19:13:04 [v4][heartbeat] enter=False sorting=False cam=LIVE ai=LIVE cam_fps=18.3 pub_fps=25.8 frames=27347 result_subs=0 roi=ok intrinsic=ok inference_age_ms=153 target=none transport=False sorting_thread=alive
19:13:09 [v4][heartbeat] enter=False sorting=False cam=LIVE ai=LIVE cam_fps=18.6 pub_fps=24.0 frames=27440 result_subs=0 roi=ok intrinsic=ok inference_age_ms=167 target=none transport=False sorting_thread=alive
19:13:14 [v4][heartbeat] enter=False sorting=False cam=LIVE ai=LIVE cam_fps=19.1 pub_fps=23.9 frames=27536 result_subs=0 roi=ok intrinsic=ok inference_age_ms=105 target=none transport=False sorting_thread=alive
19:13:19 [v4][heartbeat] enter=False sorting=False cam=LIVE ai=LIVE cam_fps=20.5 pub_fps=24.5 frames=27638 result_subs=0 roi=ok intrinsic=ok inference_age_ms=115 target=none transport=False sorting_thread=alive
19:13:24 [v4][heartbeat] enter=False sorting=False cam=LIVE ai=LIVE cam_fps=19.4 pub_fps=23.4 frames=27735 result_subs=0 roi=ok intrinsic=ok inference_age_ms=138 target=none transport=False sorting_thread=alive
19:13:29 [v4][heartbeat] enter=False sorting=False cam=LIVE ai=LIVE cam_fps=14.6 pub_fps=22.8 frames=27808 result_subs=0 roi=ok intrinsic=ok inference_age_ms=207 target=none transport=False sorting_thread=alive
19:13:34 [v4][heartbeat] enter=False sorting=False cam=LIVE ai=LIVE cam_fps=21.0 pub_fps=24.6 frames=27914 result_subs=0 roi=ok intrinsic=ok inference_age_ms=78 target=none transport=False sorting_thread=alive
19:13:39 [v4][heartbeat] enter=False sorting=False cam=LIVE ai=LIVE cam_fps=18.9 pub_fps=22.9 frames=28008 result_subs=0 roi=ok intrinsic=ok inference_age_ms=120 target=none transport=False sorting_thread=alive
19:13:44 [v4][heartbeat] enter=False sorting=False cam=LIVE ai=LIVE cam_fps=17.7 pub_fps=24.5 frames=28097 result_subs=0 roi=ok intrinsic=ok inference_age_ms=118 target=none transport=False sorting_thread=alive
19:13:49 [v4][heartbeat] enter=False sorting=False cam=LIVE ai=LIVE cam_fps=19.4 pub_fps=23.5 frames=28193 result_subs=0 roi=ok intrinsic=ok inference_age_ms=181 target=none transport=False sorting_thread=alive
19:13:54 [v4][heartbeat] enter=False sorting=False cam=LIVE ai=LIVE cam_fps=16.8 pub_fps=23.7 frames=28278 result_subs=0 roi=ok intrinsic=ok inference_age_ms=165 target=none transport=False sorting_thread=alive
19:13:59 [v4][heartbeat] enter=False sorting=False cam=LIVE ai=LIVE cam_fps=20.3 pub_fps=23.7 frames=28380 result_subs=0 roi=ok intrinsic=ok inference_age_ms=157 target=none transport=False sorting_thread=alive
19:14:04 [v4][heartbeat] enter=False sorting=False cam=LIVE ai=LIVE cam_fps=19.5 pub_fps=23.3 frames=28477 result_subs=0 roi=ok intrinsic=ok inference_age_ms=110 target=none transport=False sorting_thread=alive
19:14:09 [v4][heartbeat] enter=False sorting=False cam=LIVE ai=LIVE cam_fps=15.8 pub_fps=24.0 frames=28556 result_subs=0 roi=ok intrinsic=ok inference_age_ms=257 target=none transport=False sorting_thread=alive
19:14:14 [v4][heartbeat] enter=False sorting=False cam=LIVE ai=LIVE cam_fps=18.1 pub_fps=22.2 frames=28647 result_subs=0 roi=ok intrinsic=ok inference_age_ms=262 target=none transport=False sorting_thread=alive
19:14:19 [v4][heartbeat] enter=False sorting=False cam=LIVE ai=LIVE cam_fps=22.2 pub_fps=26.9 frames=28756 result_subs=0 roi=ok intrinsic=ok inference_age_ms=118 target=none transport=False sorting_thread=alive
19:14:24 [v4][heartbeat] enter=False sorting=False cam=LIVE ai=LIVE cam_fps=21.9 pub_fps=24.4 frames=28866 result_subs=0 roi=ok intrinsic=ok inference_age_ms=62 target=none transport=False sorting_thread=alive
19:14:29 [v4][heartbeat] enter=False sorting=False cam=LIVE ai=LIVE cam_fps=21.2 pub_fps=25.0 frames=28972 result_subs=0 roi=ok intrinsic=ok inference_age_ms=148 target=none transport=False sorting_thread=alive
19:14:34 [v4][heartbeat] enter=False sorting=False cam=LIVE ai=LIVE cam_fps=22.3 pub_fps=25.5 frames=29084 result_subs=0 roi=ok intrinsic=ok inference_age_ms=141 target=none transport=False sorting_thread=alive
19:14:39 [v4][heartbeat] enter=False sorting=False cam=LIVE ai=LIVE cam_fps=23.6 pub_fps=24.4 frames=29201 result_subs=0 roi=ok intrinsic=ok inference_age_ms=74 target=none transport=False sorting_thread=alive
19:14:44 [v4][heartbeat] enter=False sorting=False cam=LIVE ai=LIVE cam_fps=24.0 pub_fps=26.6 frames=29323 result_subs=0 roi=ok intrinsic=ok inference_age_ms=169 target=none transport=False sorting_thread=alive
19:14:49 [v4][heartbeat] enter=False sorting=False cam=LIVE ai=LIVE cam_fps=19.3 pub_fps=23.6 frames=29419 result_subs=0 roi=ok intrinsic=ok inference_age_ms=168 target=none transport=False sorting_thread=alive
19:14:54 [v4][heartbeat] enter=False sorting=False cam=LIVE ai=LIVE cam_fps=17.0 pub_fps=22.8 frames=29504 result_subs=0 roi=ok intrinsic=ok inference_age_ms=172 target=none transport=False sorting_thread=alive
19:14:59 [v4][heartbeat] enter=False sorting=False cam=LIVE ai=LIVE cam_fps=17.9 pub_fps=25.3 frames=29593 result_subs=0 roi=ok intrinsic=ok inference_age_ms=118 target=none transport=False sorting_thread=alive
19:15:04 [v4][heartbeat] enter=False sorting=False cam=LIVE ai=LIVE cam_fps=30.0 pub_fps=26.8 frames=29742 result_subs=0 roi=ok intrinsic=ok inference_age_ms=98 target=none transport=False sorting_thread=alive
19:15:09 [v4][heartbeat] enter=False sorting=False cam=LIVE ai=LIVE cam_fps=22.2 pub_fps=26.4 frames=29853 result_subs=0 roi=ok intrinsic=ok inference_age_ms=142 target=none transport=False sorting_thread=alive
19:15:14 [v4][heartbeat] enter=False sorting=False cam=LIVE ai=LIVE cam_fps=22.5 pub_fps=25.5 frames=29966 result_subs=0 roi=ok intrinsic=ok inference_age_ms=159 target=none transport=False sorting_thread=alive
19:15:19 [v4][heartbeat] enter=False sorting=False cam=LIVE ai=LIVE cam_fps=23.9 pub_fps=24.3 frames=30085 result_subs=0 roi=ok intrinsic=ok inference_age_ms=78 target=none transport=False sorting_thread=alive
19:15:24 [v4][heartbeat] enter=False sorting=False cam=LIVE ai=LIVE cam_fps=20.7 pub_fps=23.7 frames=30190 result_subs=0 roi=ok intrinsic=ok inference_age_ms=78 target=none transport=False sorting_thread=alive
19:15:29 [v4][heartbeat] enter=False sorting=False cam=LIVE ai=LIVE cam_fps=24.7 pub_fps=24.9 frames=30313 result_subs=0 roi=ok intrinsic=ok inference_age_ms=142 target=none transport=False sorting_thread=alive
19:15:34 [v4][heartbeat] enter=False sorting=False cam=LIVE ai=LIVE cam_fps=18.1 pub_fps=23.5 frames=30404 result_subs=0 roi=ok intrinsic=ok inference_age_ms=219 target=none transport=False sorting_thread=alive
19:15:39 [v4][heartbeat] enter=False sorting=False cam=LIVE ai=LIVE cam_fps=24.4 pub_fps=24.8 frames=30526 result_subs=0 roi=ok intrinsic=ok inference_age_ms=134 target=none transport=False sorting_thread=alive
19:15:44 [v4][heartbeat] enter=False sorting=False cam=LIVE ai=LIVE cam_fps=24.6 pub_fps=24.8 frames=30647 result_subs=0 roi=ok intrinsic=ok inference_age_ms=106 target=none transport=False sorting_thread=alive
19:15:49 [v4][heartbeat] enter=False sorting=False cam=LIVE ai=LIVE cam_fps=20.3 pub_fps=24.1 frames=30749 result_subs=0 roi=ok intrinsic=ok inference_age_ms=157 target=none transport=False sorting_thread=alive
19:15:54 [v4][heartbeat] enter=False sorting=False cam=LIVE ai=LIVE cam_fps=20.4 pub_fps=24.4 frames=30852 result_subs=0 roi=ok intrinsic=ok inference_age_ms=184 target=none transport=False sorting_thread=alive
19:15:59 [v4][heartbeat] enter=False sorting=False cam=LIVE ai=LIVE cam_fps=20.1 pub_fps=24.1 frames=30951 result_subs=0 roi=ok intrinsic=ok inference_age_ms=173 target=none transport=False sorting_thread=alive
19:16:04 [v4][heartbeat] enter=False sorting=False cam=LIVE ai=LIVE cam_fps=21.1 pub_fps=24.5 frames=31057 result_subs=0 roi=ok intrinsic=ok inference_age_ms=196 target=none transport=False sorting_thread=alive
19:16:09 [v4][heartbeat] enter=False sorting=False cam=LIVE ai=LIVE cam_fps=21.1 pub_fps=22.5 frames=31164 result_subs=0 roi=ok intrinsic=ok inference_age_ms=157 target=none transport=False sorting_thread=alive
19:16:14 [v4][heartbeat] enter=False sorting=False cam=LIVE ai=LIVE cam_fps=19.8 pub_fps=25.1 frames=31262 result_subs=0 roi=ok intrinsic=ok inference_age_ms=107 target=none transport=False sorting_thread=alive
19:16:19 [v4][heartbeat] enter=False sorting=False cam=LIVE ai=LIVE cam_fps=20.7 pub_fps=23.3 frames=31365 result_subs=0 roi=ok intrinsic=ok inference_age_ms=129 target=none transport=False sorting_thread=alive
19:16:24 [v4][heartbeat] enter=False sorting=False cam=LIVE ai=LIVE cam_fps=21.8 pub_fps=23.8 frames=31474 result_subs=0 roi=ok intrinsic=ok inference_age_ms=106 target=none transport=False sorting_thread=alive
19:16:29 [v4][heartbeat] enter=False sorting=False cam=LIVE ai=LIVE cam_fps=20.8 pub_fps=26.0 frames=31578 result_subs=0 roi=ok intrinsic=ok inference_age_ms=119 target=none transport=False sorting_thread=alive
19:16:34 [v4][heartbeat] enter=False sorting=False cam=LIVE ai=LIVE cam_fps=30.6 pub_fps=26.0 frames=31733 result_subs=0 roi=ok intrinsic=ok inference_age_ms=120 target=none transport=False sorting_thread=alive
19:16:39 [v4][heartbeat] enter=False sorting=False cam=LIVE ai=LIVE cam_fps=23.4 pub_fps=24.2 frames=31849 result_subs=0 roi=ok intrinsic=ok inference_age_ms=108 target=none transport=False sorting_thread=alive
19:16:44 [v4][heartbeat] enter=False sorting=False cam=LIVE ai=LIVE cam_fps=23.1 pub_fps=25.9 frames=31964 result_subs=0 roi=ok intrinsic=ok inference_age_ms=167 target=none transport=False sorting_thread=alive
19:16:49 [v4][heartbeat] enter=False sorting=False cam=LIVE ai=LIVE cam_fps=19.2 pub_fps=22.6 frames=32060 result_subs=0 roi=ok intrinsic=ok inference_age_ms=68 target=none transport=False sorting_thread=alive
19:16:54 [v4][heartbeat] enter=False sorting=False cam=LIVE ai=LIVE cam_fps=20.2 pub_fps=23.8 frames=32161 result_subs=0 roi=ok intrinsic=ok inference_age_ms=151 target=none transport=False sorting_thread=alive
19:16:59 [v4][heartbeat] enter=False sorting=False cam=LIVE ai=LIVE cam_fps=29.4 pub_fps=27.2 frames=32308 result_subs=0 roi=ok intrinsic=ok inference_age_ms=124 target=none transport=False sorting_thread=alive
19:17:04 [v4][heartbeat] enter=False sorting=False cam=LIVE ai=LIVE cam_fps=19.8 pub_fps=23.6 frames=32407 result_subs=0 roi=ok intrinsic=ok inference_age_ms=121 target=none transport=False sorting_thread=alive
19:17:09 [v4][heartbeat] enter=False sorting=False cam=LIVE ai=LIVE cam_fps=21.6 pub_fps=22.6 frames=32516 result_subs=0 roi=ok intrinsic=ok inference_age_ms=103 target=none transport=False sorting_thread=alive
19:17:14 [v4][heartbeat] enter=False sorting=False cam=LIVE ai=LIVE cam_fps=22.5 pub_fps=24.1 frames=32628 result_subs=0 roi=ok intrinsic=ok inference_age_ms=127 target=none transport=False sorting_thread=alive
19:17:19 [v4][heartbeat] enter=False sorting=False cam=LIVE ai=LIVE cam_fps=20.3 pub_fps=24.1 frames=32729 result_subs=0 roi=ok intrinsic=ok inference_age_ms=141 target=none transport=False sorting_thread=alive
19:17:24 [v4][heartbeat] enter=False sorting=False cam=LIVE ai=LIVE cam_fps=26.2 pub_fps=26.2 frames=32860 result_subs=0 roi=ok intrinsic=ok inference_age_ms=141 target=none transport=False sorting_thread=alive
19:17:29 [v4][heartbeat] enter=False sorting=False cam=LIVE ai=LIVE cam_fps=23.7 pub_fps=24.9 frames=32978 result_subs=0 roi=ok intrinsic=ok inference_age_ms=96 target=none transport=False sorting_thread=alive
19:17:34 [v4][heartbeat] enter=False sorting=False cam=LIVE ai=LIVE cam_fps=26.8 pub_fps=25.8 frames=33112 result_subs=0 roi=ok intrinsic=ok inference_age_ms=181 target=none transport=False sorting_thread=alive
19:17:39 [v4][heartbeat] enter=False sorting=False cam=LIVE ai=LIVE cam_fps=27.7 pub_fps=26.1 frames=33251 result_subs=0 roi=ok intrinsic=ok inference_age_ms=141 target=none transport=False sorting_thread=alive
19:17:44 [v4][heartbeat] enter=False sorting=False cam=LIVE ai=LIVE cam_fps=22.3 pub_fps=24.5 frames=33362 result_subs=0 roi=ok intrinsic=ok inference_age_ms=98 target=none transport=False sorting_thread=alive
19:17:49 [v4][heartbeat] enter=False sorting=False cam=LIVE ai=LIVE cam_fps=23.8 pub_fps=24.2 frames=33482 result_subs=0 roi=ok intrinsic=ok inference_age_ms=102 target=none transport=False sorting_thread=alive
19:17:54 [v4][heartbeat] enter=False sorting=False cam=LIVE ai=LIVE cam_fps=21.5 pub_fps=24.5 frames=33589 result_subs=0 roi=ok intrinsic=ok inference_age_ms=142 target=none transport=False sorting_thread=alive
19:17:59 [v4][heartbeat] enter=False sorting=False cam=LIVE ai=LIVE cam_fps=21.6 pub_fps=24.6 frames=33698 result_subs=0 roi=ok intrinsic=ok inference_age_ms=229 target=none transport=False sorting_thread=alive
19:18:04 [v4][heartbeat] enter=False sorting=False cam=LIVE ai=LIVE cam_fps=21.5 pub_fps=23.9 frames=33804 result_subs=0 roi=ok intrinsic=ok inference_age_ms=73 target=none transport=False sorting_thread=alive
19:18:09 [v4][heartbeat] enter=False sorting=False cam=LIVE ai=LIVE cam_fps=21.4 pub_fps=25.8 frames=33911 result_subs=0 roi=ok intrinsic=ok inference_age_ms=140 target=none transport=False sorting_thread=alive
19:18:14 [v4][heartbeat] enter=False sorting=False cam=LIVE ai=LIVE cam_fps=22.1 pub_fps=24.5 frames=34022 result_subs=0 roi=ok intrinsic=ok inference_age_ms=69 target=none transport=False sorting_thread=alive
19:18:19 [v4][heartbeat] enter=False sorting=False cam=LIVE ai=LIVE cam_fps=20.2 pub_fps=24.2 frames=34123 result_subs=0 roi=ok intrinsic=ok inference_age_ms=79 target=none transport=False sorting_thread=alive
19:18:24 [v4][heartbeat] enter=False sorting=False cam=LIVE ai=LIVE cam_fps=21.9 pub_fps=24.5 frames=34232 result_subs=0 roi=ok intrinsic=ok inference_age_ms=83 target=none transport=False sorting_thread=alive
19:18:29 [v4][heartbeat] enter=False sorting=False cam=LIVE ai=LIVE cam_fps=23.8 pub_fps=24.2 frames=34351 result_subs=0 roi=ok intrinsic=ok inference_age_ms=202 target=none transport=False sorting_thread=alive
19:18:34 [v4][heartbeat] enter=False sorting=False cam=LIVE ai=LIVE cam_fps=19.4 pub_fps=23.0 frames=34448 result_subs=0 roi=ok intrinsic=ok inference_age_ms=139 target=none transport=False sorting_thread=alive
19:18:39 [v4][heartbeat] enter=False sorting=False cam=LIVE ai=LIVE cam_fps=27.6 pub_fps=26.8 frames=34586 result_subs=0 roi=ok intrinsic=ok inference_age_ms=126 target=none transport=False sorting_thread=alive
19:18:44 [v4][heartbeat] enter=False sorting=False cam=LIVE ai=LIVE cam_fps=24.6 pub_fps=24.8 frames=34710 result_subs=0 roi=ok intrinsic=ok inference_age_ms=148 target=none transport=False sorting_thread=alive
19:18:49 [v4][heartbeat] enter=False sorting=False cam=LIVE ai=LIVE cam_fps=19.7 pub_fps=24.7 frames=34808 result_subs=0 roi=ok intrinsic=ok inference_age_ms=76 target=none transport=False sorting_thread=alive
19:18:54 [v4][heartbeat] enter=False sorting=False cam=LIVE ai=LIVE cam_fps=27.2 pub_fps=25.8 frames=34944 result_subs=0 roi=ok intrinsic=ok inference_age_ms=105 target=none transport=False sorting_thread=alive
19:18:59 [v4][heartbeat] enter=False sorting=False cam=LIVE ai=LIVE cam_fps=24.5 pub_fps=25.7 frames=35067 result_subs=0 roi=ok intrinsic=ok inference_age_ms=96 target=none transport=False sorting_thread=alive
19:19:04 [v4][heartbeat] enter=False sorting=False cam=LIVE ai=LIVE cam_fps=22.5 pub_fps=25.1 frames=35180 result_subs=0 roi=ok intrinsic=ok inference_age_ms=125 target=none transport=False sorting_thread=alive
19:19:09 [v4][heartbeat] enter=False sorting=False cam=LIVE ai=LIVE cam_fps=20.0 pub_fps=25.0 frames=35280 result_subs=0 roi=ok intrinsic=ok inference_age_ms=110 target=none transport=False sorting_thread=alive
19:19:14 [v4][heartbeat] enter=False sorting=False cam=LIVE ai=LIVE cam_fps=19.9 pub_fps=24.5 frames=35380 result_subs=0 roi=ok intrinsic=ok inference_age_ms=142 target=none transport=False sorting_thread=alive
19:19:19 [v4][heartbeat] enter=False sorting=False cam=LIVE ai=LIVE cam_fps=23.5 pub_fps=24.5 frames=35497 result_subs=0 roi=ok intrinsic=ok inference_age_ms=110 target=none transport=False sorting_thread=alive
19:19:24 [v4][heartbeat] enter=False sorting=False cam=LIVE ai=LIVE cam_fps=20.1 pub_fps=24.2 frames=35597 result_subs=0 roi=ok intrinsic=ok inference_age_ms=190 target=none transport=False sorting_thread=alive
19:19:29 [v4][heartbeat] enter=False sorting=False cam=LIVE ai=LIVE cam_fps=24.0 pub_fps=25.0 frames=35718 result_subs=0 roi=ok intrinsic=ok inference_age_ms=137 target=none transport=False sorting_thread=alive
19:19:34 [v4][heartbeat] enter=False sorting=False cam=LIVE ai=LIVE cam_fps=21.6 pub_fps=23.8 frames=35825 result_subs=0 roi=ok intrinsic=ok inference_age_ms=99 target=none transport=False sorting_thread=alive
19:19:39 [v4][heartbeat] enter=False sorting=False cam=LIVE ai=LIVE cam_fps=22.0 pub_fps=24.4 frames=35935 result_subs=0 roi=ok intrinsic=ok inference_age_ms=97 target=none transport=False sorting_thread=alive
19:19:44 [v4][heartbeat] enter=False sorting=False cam=LIVE ai=LIVE cam_fps=24.4 pub_fps=24.2 frames=36057 result_subs=0 roi=ok intrinsic=ok inference_age_ms=135 target=none transport=False sorting_thread=alive
19:19:49 [v4][heartbeat] enter=False sorting=False cam=LIVE ai=LIVE cam_fps=21.6 pub_fps=24.8 frames=36165 result_subs=0 roi=ok intrinsic=ok inference_age_ms=74 target=none transport=False sorting_thread=alive
19:19:54 [v4][heartbeat] enter=False sorting=False cam=LIVE ai=LIVE cam_fps=26.3 pub_fps=26.1 frames=36297 result_subs=0 roi=ok intrinsic=ok inference_age_ms=75 target=none transport=False sorting_thread=alive
19:19:59 [v4][heartbeat] enter=False sorting=False cam=LIVE ai=LIVE cam_fps=21.8 pub_fps=25.0 frames=36406 result_subs=0 roi=ok intrinsic=ok inference_age_ms=122 target=none transport=False sorting_thread=alive
19:20:04 [v4][heartbeat] enter=False sorting=False cam=LIVE ai=LIVE cam_fps=19.0 pub_fps=22.8 frames=36501 result_subs=0 roi=ok intrinsic=ok inference_age_ms=117 target=none transport=False sorting_thread=alive
19:20:09 [v4][heartbeat] enter=False sorting=False cam=LIVE ai=LIVE cam_fps=22.2 pub_fps=23.2 frames=36612 result_subs=0 roi=ok intrinsic=ok inference_age_ms=174 target=none transport=False sorting_thread=alive
19:20:14 [v4][heartbeat] enter=False sorting=False cam=LIVE ai=LIVE cam_fps=22.2 pub_fps=24.6 frames=36722 result_subs=0 roi=ok intrinsic=ok inference_age_ms=175 target=none transport=False sorting_thread=alive
19:20:19 [v4][heartbeat] enter=False sorting=False cam=LIVE ai=LIVE cam_fps=23.4 pub_fps=23.6 frames=36840 result_subs=0 roi=ok intrinsic=ok inference_age_ms=130 target=none transport=False sorting_thread=alive
19:20:24 [v4][heartbeat] enter=False sorting=False cam=LIVE ai=LIVE cam_fps=20.6 pub_fps=24.0 frames=36942 result_subs=0 roi=ok intrinsic=ok inference_age_ms=167 target=none transport=False sorting_thread=alive
19:20:29 [v4][heartbeat] enter=False sorting=False cam=LIVE ai=LIVE cam_fps=22.0 pub_fps=23.6 frames=37052 result_subs=0 roi=ok intrinsic=ok inference_age_ms=126 target=none transport=False sorting_thread=alive
19:20:34 [v4][heartbeat] enter=False sorting=False cam=LIVE ai=LIVE cam_fps=22.1 pub_fps=22.7 frames=37163 result_subs=0 roi=ok intrinsic=ok inference_age_ms=114 target=none transport=False sorting_thread=alive
19:20:39 [v4][heartbeat] enter=False sorting=False cam=LIVE ai=LIVE cam_fps=26.9 pub_fps=25.7 frames=37297 result_subs=0 roi=ok intrinsic=ok inference_age_ms=111 target=none transport=False sorting_thread=alive
19:20:44 [v4][heartbeat] enter=False sorting=False cam=LIVE ai=LIVE cam_fps=23.5 pub_fps=23.9 frames=37415 result_subs=0 roi=ok intrinsic=ok inference_age_ms=150 target=none transport=False sorting_thread=alive
19:20:49 [v4][heartbeat] enter=False sorting=False cam=LIVE ai=LIVE cam_fps=25.3 pub_fps=26.3 frames=37540 result_subs=0 roi=ok intrinsic=ok inference_age_ms=190 target=none transport=False sorting_thread=alive
19:20:54 [v4][heartbeat] enter=False sorting=False cam=LIVE ai=LIVE cam_fps=20.8 pub_fps=24.6 frames=37645 result_subs=0 roi=ok intrinsic=ok inference_age_ms=112 target=none transport=False sorting_thread=alive
19:20:59 [v4][heartbeat] enter=False sorting=False cam=LIVE ai=LIVE cam_fps=19.9 pub_fps=22.5 frames=37744 result_subs=0 roi=ok intrinsic=ok inference_age_ms=434 target=none transport=False sorting_thread=alive
19:21:04 [v4][heartbeat] enter=False sorting=False cam=LIVE ai=LIVE cam_fps=21.7 pub_fps=25.1 frames=37852 result_subs=0 roi=ok intrinsic=ok inference_age_ms=130 target=none transport=False sorting_thread=alive
19:21:09 [v4][heartbeat] enter=False sorting=False cam=LIVE ai=LIVE cam_fps=23.6 pub_fps=24.8 frames=37970 result_subs=0 roi=ok intrinsic=ok inference_age_ms=143 target=none transport=False sorting_thread=alive
19:21:14 [v4][heartbeat] enter=False sorting=False cam=LIVE ai=LIVE cam_fps=27.0 pub_fps=25.3 frames=38106 result_subs=0 roi=ok intrinsic=ok inference_age_ms=184 target=none transport=False sorting_thread=alive
19:21:19 [v4][heartbeat] enter=False sorting=False cam=LIVE ai=LIVE cam_fps=19.9 pub_fps=23.7 frames=38205 result_subs=0 roi=ok intrinsic=ok inference_age_ms=83 target=none transport=False sorting_thread=alive
19:21:24 [v4][heartbeat] enter=False sorting=False cam=LIVE ai=LIVE cam_fps=21.1 pub_fps=24.3 frames=38312 result_subs=0 roi=ok intrinsic=ok inference_age_ms=142 target=none transport=False sorting_thread=alive
19:21:29 [v4][heartbeat] enter=False sorting=False cam=LIVE ai=LIVE cam_fps=23.1 pub_fps=26.4 frames=38426 result_subs=0 roi=ok intrinsic=ok inference_age_ms=142 target=none transport=False sorting_thread=alive
19:21:34 [v4][heartbeat] enter=False sorting=False cam=LIVE ai=LIVE cam_fps=22.1 pub_fps=24.3 frames=38537 result_subs=0 roi=ok intrinsic=ok inference_age_ms=136 target=none transport=False sorting_thread=alive
19:21:39 [v4][heartbeat] enter=False sorting=False cam=LIVE ai=LIVE cam_fps=24.6 pub_fps=25.6 frames=38660 result_subs=0 roi=ok intrinsic=ok inference_age_ms=93 target=none transport=False sorting_thread=alive
19:21:44 [v4][heartbeat] enter=False sorting=False cam=LIVE ai=LIVE cam_fps=18.9 pub_fps=23.4 frames=38755 result_subs=0 roi=ok intrinsic=ok inference_age_ms=79 target=none transport=False sorting_thread=alive
19:21:49 [v4][heartbeat] enter=False sorting=False cam=LIVE ai=LIVE cam_fps=22.6 pub_fps=23.0 frames=38867 result_subs=0 roi=ok intrinsic=ok inference_age_ms=192 target=none transport=False sorting_thread=alive
19:21:54 [v4][heartbeat] enter=False sorting=False cam=LIVE ai=LIVE cam_fps=19.3 pub_fps=24.1 frames=38964 result_subs=0 roi=ok intrinsic=ok inference_age_ms=104 target=none transport=False sorting_thread=alive
19:21:59 [v4][heartbeat] enter=False sorting=False cam=LIVE ai=LIVE cam_fps=21.5 pub_fps=24.9 frames=39071 result_subs=0 roi=ok intrinsic=ok inference_age_ms=116 target=none transport=False sorting_thread=alive
19:22:04 [v4][heartbeat] enter=False sorting=False cam=LIVE ai=LIVE cam_fps=19.2 pub_fps=23.7 frames=39168 result_subs=0 roi=ok intrinsic=ok inference_age_ms=177 target=none transport=False sorting_thread=alive
19:22:09 [v4][heartbeat] enter=False sorting=False cam=LIVE ai=LIVE cam_fps=18.4 pub_fps=24.7 frames=39259 result_subs=0 roi=ok intrinsic=ok inference_age_ms=52 target=none transport=False sorting_thread=alive
19:22:14 [v4][heartbeat] enter=False sorting=False cam=LIVE ai=LIVE cam_fps=20.9 pub_fps=22.3 frames=39364 result_subs=0 roi=ok intrinsic=ok inference_age_ms=197 target=none transport=False sorting_thread=alive
19:22:19 [v4][heartbeat] enter=False sorting=False cam=LIVE ai=LIVE cam_fps=23.9 pub_fps=25.5 frames=39483 result_subs=0 roi=ok intrinsic=ok inference_age_ms=152 target=none transport=False sorting_thread=alive
19:22:24 [v4][heartbeat] enter=False sorting=False cam=LIVE ai=LIVE cam_fps=22.4 pub_fps=23.2 frames=39595 result_subs=0 roi=ok intrinsic=ok inference_age_ms=198 target=none transport=False sorting_thread=alive
19:22:29 [v4][heartbeat] enter=False sorting=False cam=LIVE ai=LIVE cam_fps=24.3 pub_fps=25.7 frames=39717 result_subs=0 roi=ok intrinsic=ok inference_age_ms=119 target=none transport=False sorting_thread=alive
19:22:34 [v4][heartbeat] enter=False sorting=False cam=LIVE ai=LIVE cam_fps=20.1 pub_fps=22.5 frames=39817 result_subs=0 roi=ok intrinsic=ok inference_age_ms=90 target=none transport=False sorting_thread=alive
19:22:39 [v4][heartbeat] enter=False sorting=False cam=LIVE ai=LIVE cam_fps=22.8 pub_fps=24.2 frames=39932 result_subs=0 roi=ok intrinsic=ok inference_age_ms=202 target=none transport=False sorting_thread=alive
19:22:44 [v4][heartbeat] enter=False sorting=False cam=LIVE ai=LIVE cam_fps=22.2 pub_fps=24.9 frames=40042 result_subs=0 roi=ok intrinsic=ok inference_age_ms=57 target=none transport=False sorting_thread=alive
19:22:49 [v4][heartbeat] enter=False sorting=False cam=LIVE ai=LIVE cam_fps=19.9 pub_fps=25.5 frames=40142 result_subs=0 roi=ok intrinsic=ok inference_age_ms=219 target=none transport=False sorting_thread=alive
19:22:54 [v4][heartbeat] enter=False sorting=False cam=LIVE ai=LIVE cam_fps=19.3 pub_fps=23.1 frames=40238 result_subs=0 roi=ok intrinsic=ok inference_age_ms=136 target=none transport=False sorting_thread=alive
19:22:59 [v4][heartbeat] enter=False sorting=False cam=LIVE ai=LIVE cam_fps=22.1 pub_fps=25.5 frames=40349 result_subs=0 roi=ok intrinsic=ok inference_age_ms=92 target=none transport=False sorting_thread=alive
19:23:04 [v4][heartbeat] enter=False sorting=False cam=LIVE ai=LIVE cam_fps=19.7 pub_fps=22.6 frames=40448 result_subs=0 roi=ok intrinsic=ok inference_age_ms=159 target=none transport=False sorting_thread=alive
19:23:09 [v4][heartbeat] enter=False sorting=False cam=LIVE ai=LIVE cam_fps=21.7 pub_fps=24.1 frames=40556 result_subs=0 roi=ok intrinsic=ok inference_age_ms=102 target=none transport=False sorting_thread=alive
19:23:14 [v4][heartbeat] enter=False sorting=False cam=LIVE ai=LIVE cam_fps=21.2 pub_fps=23.8 frames=40661 result_subs=0 roi=ok intrinsic=ok inference_age_ms=113 target=none transport=False sorting_thread=alive
19:23:19 [v4][heartbeat] enter=False sorting=False cam=LIVE ai=LIVE cam_fps=22.8 pub_fps=22.2 frames=40776 result_subs=0 roi=ok intrinsic=ok inference_age_ms=104 target=none transport=False sorting_thread=alive
19:23:24 [v4][heartbeat] enter=False sorting=False cam=LIVE ai=LIVE cam_fps=21.3 pub_fps=24.6 frames=40882 result_subs=0 roi=ok intrinsic=ok inference_age_ms=56 target=none transport=False sorting_thread=alive
19:23:29 [v4][heartbeat] enter=False sorting=False cam=LIVE ai=LIVE cam_fps=25.8 pub_fps=25.6 frames=41012 result_subs=0 roi=ok intrinsic=ok inference_age_ms=177 target=none transport=False sorting_thread=alive
19:23:34 [v4][heartbeat] enter=False sorting=False cam=LIVE ai=LIVE cam_fps=22.7 pub_fps=24.5 frames=41125 result_subs=0 roi=ok intrinsic=ok inference_age_ms=119 target=none transport=False sorting_thread=alive
19:23:39 [v4][heartbeat] enter=False sorting=False cam=LIVE ai=LIVE cam_fps=24.3 pub_fps=23.7 frames=41247 result_subs=0 roi=ok intrinsic=ok inference_age_ms=180 target=none transport=False sorting_thread=alive
19:23:44 [v4][heartbeat] enter=False sorting=False cam=LIVE ai=LIVE cam_fps=23.0 pub_fps=24.1 frames=41362 result_subs=0 roi=ok intrinsic=ok inference_age_ms=165 target=none transport=False sorting_thread=alive
19:23:49 [v4][heartbeat] enter=False sorting=False cam=LIVE ai=LIVE cam_fps=21.5 pub_fps=25.5 frames=41468 result_subs=0 roi=ok intrinsic=ok inference_age_ms=122 target=none transport=False sorting_thread=alive
19:23:54 [v4][heartbeat] enter=False sorting=False cam=LIVE ai=LIVE cam_fps=25.1 pub_fps=26.3 frames=41594 result_subs=0 roi=ok intrinsic=ok inference_age_ms=107 target=none transport=False sorting_thread=alive
19:23:59 [v4][heartbeat] enter=False sorting=False cam=LIVE ai=LIVE cam_fps=23.7 pub_fps=24.5 frames=41713 result_subs=0 roi=ok intrinsic=ok inference_age_ms=117 target=none transport=False sorting_thread=alive
19:24:04 [v4][heartbeat] enter=False sorting=False cam=LIVE ai=LIVE cam_fps=18.7 pub_fps=23.5 frames=41806 result_subs=0 roi=ok intrinsic=ok inference_age_ms=124 target=none transport=False sorting_thread=alive
19:24:09 [v4][heartbeat] enter=False sorting=False cam=LIVE ai=LIVE cam_fps=21.5 pub_fps=24.5 frames=41914 result_subs=0 roi=ok intrinsic=ok inference_age_ms=108 target=none transport=False sorting_thread=alive
19:24:14 [v4][heartbeat] enter=False sorting=False cam=LIVE ai=LIVE cam_fps=20.8 pub_fps=24.4 frames=42018 result_subs=0 roi=ok intrinsic=ok inference_age_ms=97 target=none transport=False sorting_thread=alive
19:24:19 [v4][heartbeat] enter=False sorting=False cam=LIVE ai=LIVE cam_fps=21.3 pub_fps=23.9 frames=42124 result_subs=0 roi=ok intrinsic=ok inference_age_ms=137 target=none transport=False sorting_thread=alive
19:24:24 [v4][heartbeat] enter=False sorting=False cam=LIVE ai=LIVE cam_fps=23.9 pub_fps=24.3 frames=42243 result_subs=0 roi=ok intrinsic=ok inference_age_ms=110 target=none transport=False sorting_thread=alive
19:24:29 [v4][heartbeat] enter=False sorting=False cam=LIVE ai=LIVE cam_fps=20.0 pub_fps=24.2 frames=42344 result_subs=0 roi=ok intrinsic=ok inference_age_ms=162 target=none transport=False sorting_thread=alive
19:24:34 [v4][heartbeat] enter=False sorting=False cam=LIVE ai=LIVE cam_fps=21.2 pub_fps=23.2 frames=42450 result_subs=0 roi=ok intrinsic=ok inference_age_ms=155 target=none transport=False sorting_thread=alive
19:24:39 [v4][heartbeat] enter=False sorting=False cam=LIVE ai=LIVE cam_fps=19.7 pub_fps=23.9 frames=42548 result_subs=0 roi=ok intrinsic=ok inference_age_ms=175 target=none transport=False sorting_thread=alive
19:24:44 [v4][heartbeat] enter=False sorting=False cam=LIVE ai=LIVE cam_fps=22.3 pub_fps=24.3 frames=42660 result_subs=0 roi=ok intrinsic=ok inference_age_ms=151 target=none transport=False sorting_thread=alive
19:24:49 [v4][heartbeat] enter=False sorting=False cam=LIVE ai=LIVE cam_fps=23.5 pub_fps=25.3 frames=42777 result_subs=0 roi=ok intrinsic=ok inference_age_ms=132 target=none transport=False sorting_thread=alive
19:24:54 [v4][heartbeat] enter=False sorting=False cam=LIVE ai=LIVE cam_fps=25.6 pub_fps=24.8 frames=42905 result_subs=0 roi=ok intrinsic=ok inference_age_ms=281 target=none transport=False sorting_thread=alive
19:24:59 [v4][heartbeat] enter=False sorting=False cam=LIVE ai=LIVE cam_fps=22.1 pub_fps=24.1 frames=43016 result_subs=0 roi=ok intrinsic=ok inference_age_ms=135 target=none transport=False sorting_thread=alive
19:25:04 [v4][heartbeat] enter=False sorting=False cam=LIVE ai=LIVE cam_fps=28.2 pub_fps=26.9 frames=43156 result_subs=0 roi=ok intrinsic=ok inference_age_ms=112 target=none transport=False sorting_thread=alive
19:25:09 [v4][heartbeat] enter=False sorting=False cam=LIVE ai=LIVE cam_fps=27.1 pub_fps=26.9 frames=43292 result_subs=0 roi=ok intrinsic=ok inference_age_ms=139 target=none transport=False sorting_thread=alive
19:25:14 [v4][heartbeat] enter=False sorting=False cam=LIVE ai=LIVE cam_fps=26.9 pub_fps=26.5 frames=43426 result_subs=0 roi=ok intrinsic=ok inference_age_ms=158 target=none transport=False sorting_thread=alive
19:25:19 [v4][heartbeat] enter=False sorting=False cam=LIVE ai=LIVE cam_fps=22.1 pub_fps=25.9 frames=43537 result_subs=0 roi=ok intrinsic=ok inference_age_ms=135 target=none transport=False sorting_thread=alive
19:25:24 [v4][heartbeat] enter=False sorting=False cam=LIVE ai=LIVE cam_fps=22.4 pub_fps=25.0 frames=43649 result_subs=0 roi=ok intrinsic=ok inference_age_ms=133 target=none transport=False sorting_thread=alive
19:25:29 [v4][heartbeat] enter=False sorting=False cam=LIVE ai=LIVE cam_fps=21.3 pub_fps=23.7 frames=43755 result_subs=0 roi=ok intrinsic=ok inference_age_ms=197 target=none transport=False sorting_thread=alive
19:25:34 [v4][heartbeat] enter=False sorting=False cam=LIVE ai=LIVE cam_fps=18.5 pub_fps=22.9 frames=43849 result_subs=0 roi=ok intrinsic=ok inference_age_ms=224 target=none transport=False sorting_thread=alive
19:25:39 [v4][heartbeat] enter=False sorting=False cam=LIVE ai=LIVE cam_fps=20.2 pub_fps=22.4 frames=43949 result_subs=0 roi=ok intrinsic=ok inference_age_ms=106 target=none transport=False sorting_thread=alive
19:25:44 [v4][heartbeat] enter=False sorting=False cam=LIVE ai=LIVE cam_fps=19.4 pub_fps=24.8 frames=44047 result_subs=0 roi=ok intrinsic=ok inference_age_ms=130 target=none transport=False sorting_thread=alive
19:25:49 [v4][heartbeat] enter=False sorting=False cam=LIVE ai=LIVE cam_fps=25.2 pub_fps=24.8 frames=44172 result_subs=0 roi=ok intrinsic=ok inference_age_ms=102 target=none transport=False sorting_thread=alive
19:25:54 [v4][heartbeat] enter=False sorting=False cam=LIVE ai=LIVE cam_fps=24.3 pub_fps=24.9 frames=44294 result_subs=0 roi=ok intrinsic=ok inference_age_ms=96 target=none transport=False sorting_thread=alive
19:25:59 [v4][heartbeat] enter=False sorting=False cam=LIVE ai=LIVE cam_fps=22.4 pub_fps=26.0 frames=44405 result_subs=0 roi=ok intrinsic=ok inference_age_ms=128 target=none transport=False sorting_thread=alive
19:26:04 [v4][heartbeat] enter=False sorting=False cam=LIVE ai=LIVE cam_fps=20.6 pub_fps=23.6 frames=44508 result_subs=0 roi=ok intrinsic=ok inference_age_ms=155 target=none transport=False sorting_thread=alive
19:26:09 [v4][heartbeat] enter=False sorting=False cam=LIVE ai=LIVE cam_fps=22.8 pub_fps=25.4 frames=44623 result_subs=0 roi=ok intrinsic=ok inference_age_ms=126 target=none transport=False sorting_thread=alive
19:26:14 [v4][heartbeat] enter=False sorting=False cam=LIVE ai=LIVE cam_fps=26.3 pub_fps=25.7 frames=44754 result_subs=0 roi=ok intrinsic=ok inference_age_ms=67 target=none transport=False sorting_thread=alive
19:26:19 [v4][heartbeat] enter=False sorting=False cam=LIVE ai=LIVE cam_fps=22.1 pub_fps=25.2 frames=44864 result_subs=0 roi=ok intrinsic=ok inference_age_ms=132 target=none transport=False sorting_thread=alive
19:26:24 [v4][heartbeat] enter=False sorting=False cam=LIVE ai=LIVE cam_fps=21.8 pub_fps=24.6 frames=44974 result_subs=0 roi=ok intrinsic=ok inference_age_ms=149 target=none transport=False sorting_thread=alive
19:26:29 [v4][heartbeat] enter=False sorting=False cam=LIVE ai=LIVE cam_fps=19.8 pub_fps=22.5 frames=45075 result_subs=0 roi=ok intrinsic=ok inference_age_ms=352 target=none transport=False sorting_thread=alive
19:26:34 [v4][heartbeat] enter=False sorting=False cam=LIVE ai=LIVE cam_fps=19.1 pub_fps=25.1 frames=45168 result_subs=0 roi=ok intrinsic=ok inference_age_ms=110 target=none transport=False sorting_thread=alive
19:26:39 [v4][heartbeat] enter=False sorting=False cam=LIVE ai=LIVE cam_fps=24.3 pub_fps=23.5 frames=45290 result_subs=0 roi=ok intrinsic=ok inference_age_ms=204 target=none transport=False sorting_thread=alive
19:26:44 [v4][heartbeat] enter=False sorting=False cam=LIVE ai=LIVE cam_fps=26.7 pub_fps=25.3 frames=45423 result_subs=0 roi=ok intrinsic=ok inference_age_ms=87 target=none transport=False sorting_thread=alive
19:26:49 [v4][heartbeat] enter=False sorting=False cam=LIVE ai=LIVE cam_fps=18.1 pub_fps=23.2 frames=45515 result_subs=0 roi=ok intrinsic=ok inference_age_ms=142 target=none transport=False sorting_thread=alive
19:26:54 [v4][heartbeat] enter=False sorting=False cam=LIVE ai=LIVE cam_fps=22.4 pub_fps=24.8 frames=45625 result_subs=0 roi=ok intrinsic=ok inference_age_ms=146 target=none transport=False sorting_thread=alive
19:26:59 [v4][heartbeat] enter=False sorting=False cam=LIVE ai=LIVE cam_fps=22.1 pub_fps=25.3 frames=45735 result_subs=0 roi=ok intrinsic=ok inference_age_ms=149 target=none transport=False sorting_thread=alive
19:27:04 [v4][heartbeat] enter=False sorting=False cam=LIVE ai=LIVE cam_fps=24.4 pub_fps=25.2 frames=45858 result_subs=0 roi=ok intrinsic=ok inference_age_ms=99 target=none transport=False sorting_thread=alive
19:27:09 [v4][heartbeat] enter=False sorting=False cam=LIVE ai=LIVE cam_fps=25.7 pub_fps=26.7 frames=45986 result_subs=0 roi=ok intrinsic=ok inference_age_ms=150 target=none transport=False sorting_thread=alive
19:27:14 [v4][heartbeat] enter=False sorting=False cam=LIVE ai=LIVE cam_fps=20.4 pub_fps=25.6 frames=46088 result_subs=0 roi=ok intrinsic=ok inference_age_ms=108 target=none transport=False sorting_thread=alive
19:27:19 [v4][heartbeat] enter=False sorting=False cam=LIVE ai=LIVE cam_fps=24.3 pub_fps=23.7 frames=46209 result_subs=0 roi=ok intrinsic=ok inference_age_ms=139 target=none transport=False sorting_thread=alive
19:27:24 [v4][heartbeat] enter=False sorting=False cam=LIVE ai=LIVE cam_fps=18.9 pub_fps=24.7 frames=46304 result_subs=0 roi=ok intrinsic=ok inference_age_ms=104 target=none transport=False sorting_thread=alive
19:27:29 [v4][heartbeat] enter=False sorting=False cam=LIVE ai=LIVE cam_fps=19.9 pub_fps=24.9 frames=46403 result_subs=0 roi=ok intrinsic=ok inference_age_ms=126 target=none transport=False sorting_thread=alive
19:27:34 [v4][heartbeat] enter=False sorting=False cam=LIVE ai=LIVE cam_fps=18.7 pub_fps=23.7 frames=46497 result_subs=0 roi=ok intrinsic=ok inference_age_ms=76 target=none transport=False sorting_thread=alive
19:27:39 [v4][heartbeat] enter=False sorting=False cam=LIVE ai=LIVE cam_fps=20.3 pub_fps=25.4 frames=46600 result_subs=0 roi=ok intrinsic=ok inference_age_ms=179 target=none transport=False sorting_thread=alive
19:27:44 [v4][heartbeat] enter=False sorting=False cam=LIVE ai=LIVE cam_fps=21.9 pub_fps=23.9 frames=46707 result_subs=0 roi=ok intrinsic=ok inference_age_ms=178 target=none transport=False sorting_thread=alive
19:27:49 [v4][heartbeat] enter=False sorting=False cam=LIVE ai=LIVE cam_fps=23.6 pub_fps=26.2 frames=46825 result_subs=0 roi=ok intrinsic=ok inference_age_ms=88 target=none transport=False sorting_thread=alive
19:27:54 [v4][heartbeat] enter=False sorting=False cam=LIVE ai=LIVE cam_fps=21.7 pub_fps=24.7 frames=46934 result_subs=0 roi=ok intrinsic=ok inference_age_ms=160 target=none transport=False sorting_thread=alive
19:27:59 [v4][heartbeat] enter=False sorting=False cam=LIVE ai=LIVE cam_fps=21.9 pub_fps=24.6 frames=47043 result_subs=0 roi=ok intrinsic=ok inference_age_ms=58 target=none transport=False sorting_thread=alive
19:28:04 [v4][heartbeat] enter=False sorting=False cam=LIVE ai=LIVE cam_fps=20.0 pub_fps=24.6 frames=47143 result_subs=0 roi=ok intrinsic=ok inference_age_ms=123 target=none transport=False sorting_thread=alive
19:28:09 [v4][heartbeat] enter=False sorting=False cam=LIVE ai=LIVE cam_fps=22.2 pub_fps=23.6 frames=47254 result_subs=0 roi=ok intrinsic=ok inference_age_ms=152 target=none transport=False sorting_thread=alive
19:28:14 [v4][heartbeat] enter=False sorting=False cam=LIVE ai=LIVE cam_fps=20.9 pub_fps=24.8 frames=47359 result_subs=0 roi=ok intrinsic=ok inference_age_ms=97 target=none transport=False sorting_thread=alive
19:28:19 [v4][heartbeat] enter=False sorting=False cam=LIVE ai=LIVE cam_fps=18.8 pub_fps=24.0 frames=47453 result_subs=0 roi=ok intrinsic=ok inference_age_ms=125 target=none transport=False sorting_thread=alive
19:28:24 [v4][heartbeat] enter=False sorting=False cam=LIVE ai=LIVE cam_fps=24.3 pub_fps=23.9 frames=47574 result_subs=0 roi=ok intrinsic=ok inference_age_ms=165 target=none transport=False sorting_thread=alive
19:28:29 [v4][heartbeat] enter=False sorting=False cam=LIVE ai=LIVE cam_fps=20.1 pub_fps=25.1 frames=47674 result_subs=0 roi=ok intrinsic=ok inference_age_ms=180 target=none transport=False sorting_thread=alive
19:28:34 [v4][heartbeat] enter=False sorting=False cam=LIVE ai=LIVE cam_fps=25.4 pub_fps=26.4 frames=47801 result_subs=0 roi=ok intrinsic=ok inference_age_ms=89 target=none transport=False sorting_thread=alive
19:28:39 [v4][heartbeat] enter=False sorting=False cam=LIVE ai=LIVE cam_fps=21.7 pub_fps=24.3 frames=47910 result_subs=0 roi=ok intrinsic=ok inference_age_ms=67 target=none transport=False sorting_thread=alive
19:28:44 [v4][heartbeat] enter=False sorting=False cam=LIVE ai=LIVE cam_fps=22.2 pub_fps=24.2 frames=48021 result_subs=0 roi=ok intrinsic=ok inference_age_ms=191 target=none transport=False sorting_thread=alive
19:28:49 [v4][heartbeat] enter=False sorting=False cam=LIVE ai=LIVE cam_fps=23.0 pub_fps=24.2 frames=48137 result_subs=0 roi=ok intrinsic=ok inference_age_ms=216 target=none transport=False sorting_thread=alive
19:28:54 [v4][heartbeat] enter=False sorting=False cam=LIVE ai=LIVE cam_fps=24.8 pub_fps=26.0 frames=48260 result_subs=0 roi=ok intrinsic=ok inference_age_ms=144 target=none transport=False sorting_thread=alive
19:28:59 [v4][heartbeat] enter=False sorting=False cam=LIVE ai=LIVE cam_fps=20.4 pub_fps=23.2 frames=48362 result_subs=0 roi=ok intrinsic=ok inference_age_ms=194 target=none transport=False sorting_thread=alive
19:29:04 [v4][heartbeat] enter=False sorting=False cam=LIVE ai=LIVE cam_fps=18.6 pub_fps=22.2 frames=48455 result_subs=0 roi=ok intrinsic=ok inference_age_ms=177 target=none transport=False sorting_thread=alive
19:29:09 [v4][heartbeat] enter=False sorting=False cam=LIVE ai=LIVE cam_fps=18.8 pub_fps=24.2 frames=48550 result_subs=0 roi=ok intrinsic=ok inference_age_ms=115 target=none transport=False sorting_thread=alive
19:29:14 [v4][heartbeat] enter=False sorting=False cam=LIVE ai=LIVE cam_fps=22.9 pub_fps=23.3 frames=48664 result_subs=0 roi=ok intrinsic=ok inference_age_ms=171 target=none transport=False sorting_thread=alive
19:29:19 [v4][heartbeat] enter=False sorting=False cam=LIVE ai=LIVE cam_fps=21.3 pub_fps=26.1 frames=48770 result_subs=0 roi=ok intrinsic=ok inference_age_ms=94 target=none transport=False sorting_thread=alive
19:29:24 [v4][heartbeat] enter=False sorting=False cam=LIVE ai=LIVE cam_fps=23.9 pub_fps=25.1 frames=48890 result_subs=0 roi=ok intrinsic=ok inference_age_ms=179 target=none transport=False sorting_thread=alive
19:29:29 [v4][heartbeat] enter=False sorting=False cam=LIVE ai=LIVE cam_fps=24.1 pub_fps=25.5 frames=49010 result_subs=0 roi=ok intrinsic=ok inference_age_ms=158 target=none transport=False sorting_thread=alive
19:29:34 [v4][heartbeat] enter=False sorting=False cam=LIVE ai=LIVE cam_fps=17.6 pub_fps=24.0 frames=49098 result_subs=0 roi=ok intrinsic=ok inference_age_ms=103 target=none transport=False sorting_thread=alive
19:29:39 [v4][heartbeat] enter=False sorting=False cam=LIVE ai=LIVE cam_fps=22.2 pub_fps=23.4 frames=49209 result_subs=0 roi=ok intrinsic=ok inference_age_ms=72 target=none transport=False sorting_thread=alive
19:29:44 [v4][heartbeat] enter=False sorting=False cam=LIVE ai=LIVE cam_fps=21.5 pub_fps=24.7 frames=49317 result_subs=0 roi=ok intrinsic=ok inference_age_ms=182 target=none transport=False sorting_thread=alive
19:29:49 [v4][heartbeat] enter=False sorting=False cam=LIVE ai=LIVE cam_fps=26.1 pub_fps=24.9 frames=49447 result_subs=0 roi=ok intrinsic=ok inference_age_ms=78 target=none transport=False sorting_thread=alive
19:29:54 [v4][heartbeat] enter=False sorting=False cam=LIVE ai=LIVE cam_fps=23.0 pub_fps=23.6 frames=49563 result_subs=0 roi=ok intrinsic=ok inference_age_ms=139 target=none transport=False sorting_thread=alive
19:29:59 [v4][heartbeat] enter=False sorting=False cam=LIVE ai=LIVE cam_fps=20.6 pub_fps=26.5 frames=49665 result_subs=0 roi=ok intrinsic=ok inference_age_ms=152 target=none transport=False sorting_thread=alive
19:30:04 [v4][heartbeat] enter=False sorting=False cam=LIVE ai=LIVE cam_fps=23.0 pub_fps=24.2 frames=49780 result_subs=0 roi=ok intrinsic=ok inference_age_ms=165 target=none transport=False sorting_thread=alive
19:30:09 [v4][heartbeat] enter=False sorting=False cam=LIVE ai=LIVE cam_fps=21.0 pub_fps=24.4 frames=49886 result_subs=0 roi=ok intrinsic=ok inference_age_ms=149 target=none transport=False sorting_thread=alive
19:30:14 [v4][heartbeat] enter=False sorting=False cam=LIVE ai=LIVE cam_fps=21.8 pub_fps=25.0 frames=49994 result_subs=0 roi=ok intrinsic=ok inference_age_ms=179 target=none transport=False sorting_thread=alive
19:30:19 [v4][heartbeat] enter=False sorting=False cam=LIVE ai=LIVE cam_fps=22.4 pub_fps=24.4 frames=50106 result_subs=0 roi=ok intrinsic=ok inference_age_ms=142 target=none transport=False sorting_thread=alive
19:30:24 [v4][heartbeat] enter=False sorting=False cam=LIVE ai=LIVE cam_fps=21.1 pub_fps=24.5 frames=50212 result_subs=0 roi=ok intrinsic=ok inference_age_ms=108 target=none transport=False sorting_thread=alive
19:30:29 [v4][heartbeat] enter=False sorting=False cam=LIVE ai=LIVE cam_fps=20.9 pub_fps=24.3 frames=50316 result_subs=0 roi=ok intrinsic=ok inference_age_ms=144 target=none transport=False sorting_thread=alive
19:30:34 [v4][heartbeat] enter=False sorting=False cam=LIVE ai=LIVE cam_fps=19.8 pub_fps=24.4 frames=50415 result_subs=0 roi=ok intrinsic=ok inference_age_ms=110 target=none transport=False sorting_thread=alive
19:30:39 [v4][heartbeat] enter=False sorting=False cam=LIVE ai=LIVE cam_fps=22.6 pub_fps=25.0 frames=50529 result_subs=0 roi=ok intrinsic=ok inference_age_ms=177 target=none transport=False sorting_thread=alive
19:30:44 [v4][heartbeat] enter=False sorting=False cam=LIVE ai=LIVE cam_fps=20.6 pub_fps=23.8 frames=50632 result_subs=0 roi=ok intrinsic=ok inference_age_ms=93 target=none transport=False sorting_thread=alive
19:30:49 [v4][heartbeat] enter=False sorting=False cam=LIVE ai=LIVE cam_fps=16.6 pub_fps=22.8 frames=50715 result_subs=0 roi=ok intrinsic=ok inference_age_ms=117 target=none transport=False sorting_thread=alive
19:30:54 [v4][heartbeat] enter=False sorting=False cam=LIVE ai=LIVE cam_fps=19.3 pub_fps=22.9 frames=50811 result_subs=0 roi=ok intrinsic=ok inference_age_ms=119 target=none transport=False sorting_thread=alive
19:30:59 [v4][heartbeat] enter=False sorting=False cam=LIVE ai=LIVE cam_fps=18.9 pub_fps=23.7 frames=50905 result_subs=0 roi=ok intrinsic=ok inference_age_ms=156 target=none transport=False sorting_thread=alive
19:31:04 [v4][heartbeat] enter=False sorting=False cam=LIVE ai=LIVE cam_fps=19.5 pub_fps=23.1 frames=51003 result_subs=0 roi=ok intrinsic=ok inference_age_ms=94 target=none transport=False sorting_thread=alive
19:31:09 [v4][heartbeat] enter=False sorting=False cam=LIVE ai=LIVE cam_fps=21.9 pub_fps=24.1 frames=51112 result_subs=0 roi=ok intrinsic=ok inference_age_ms=175 target=none transport=False sorting_thread=alive
19:31:14 [v4][heartbeat] enter=False sorting=False cam=LIVE ai=LIVE cam_fps=18.5 pub_fps=23.4 frames=51206 result_subs=0 roi=ok intrinsic=ok inference_age_ms=150 target=none transport=False sorting_thread=alive
19:31:19 [v4][heartbeat] enter=False sorting=False cam=LIVE ai=LIVE cam_fps=23.6 pub_fps=23.8 frames=51322 result_subs=0 roi=ok intrinsic=ok inference_age_ms=203 target=none transport=False sorting_thread=alive
19:31:24 [v4][heartbeat] enter=False sorting=False cam=LIVE ai=LIVE cam_fps=18.3 pub_fps=22.4 frames=51415 result_subs=0 roi=ok intrinsic=ok inference_age_ms=121 target=none transport=False sorting_thread=alive
19:31:29 [v4][heartbeat] enter=False sorting=False cam=LIVE ai=LIVE cam_fps=22.7 pub_fps=23.9 frames=51527 result_subs=0 roi=ok intrinsic=ok inference_age_ms=215 target=none transport=False sorting_thread=alive
19:31:34 [v4][heartbeat] enter=False sorting=False cam=LIVE ai=LIVE cam_fps=22.6 pub_fps=24.6 frames=51640 result_subs=0 roi=ok intrinsic=ok inference_age_ms=167 target=none transport=False sorting_thread=alive
19:31:39 [v4][heartbeat] enter=False sorting=False cam=LIVE ai=LIVE cam_fps=18.7 pub_fps=24.5 frames=51734 result_subs=0 roi=ok intrinsic=ok inference_age_ms=113 target=none transport=False sorting_thread=alive
19:31:44 [v4][heartbeat] enter=False sorting=False cam=LIVE ai=LIVE cam_fps=22.8 pub_fps=24.2 frames=51848 result_subs=0 roi=ok intrinsic=ok inference_age_ms=136 target=none transport=False sorting_thread=alive
19:31:49 [v4][heartbeat] enter=False sorting=False cam=LIVE ai=LIVE cam_fps=24.0 pub_fps=23.8 frames=51969 result_subs=0 roi=ok intrinsic=ok inference_age_ms=81 target=none transport=False sorting_thread=alive
19:31:54 [v4][heartbeat] enter=False sorting=False cam=LIVE ai=LIVE cam_fps=18.3 pub_fps=23.7 frames=52060 result_subs=0 roi=ok intrinsic=ok inference_age_ms=141 target=none transport=False sorting_thread=alive
19:31:59 [v4][heartbeat] enter=False sorting=False cam=LIVE ai=LIVE cam_fps=19.4 pub_fps=23.0 frames=52156 result_subs=0 roi=ok intrinsic=ok inference_age_ms=127 target=none transport=False sorting_thread=alive
19:32:04 [v4][heartbeat] enter=False sorting=False cam=LIVE ai=LIVE cam_fps=22.0 pub_fps=25.5 frames=52267 result_subs=0 roi=ok intrinsic=ok inference_age_ms=137 target=none transport=False sorting_thread=alive
19:32:09 [v4][heartbeat] enter=False sorting=False cam=LIVE ai=LIVE cam_fps=19.6 pub_fps=22.6 frames=52370 result_subs=0 roi=ok intrinsic=ok inference_age_ms=356 target=none transport=False sorting_thread=alive
19:32:14 [v4][heartbeat] enter=False sorting=False cam=LIVE ai=LIVE cam_fps=23.9 pub_fps=25.0 frames=52483 result_subs=0 roi=ok intrinsic=ok inference_age_ms=149 target=none transport=False sorting_thread=alive
19:32:19 [v4][heartbeat] enter=False sorting=False cam=LIVE ai=LIVE cam_fps=19.7 pub_fps=24.4 frames=52581 result_subs=0 roi=ok intrinsic=ok inference_age_ms=112 target=none transport=False sorting_thread=alive
19:32:24 [v4][heartbeat] enter=False sorting=False cam=LIVE ai=LIVE cam_fps=22.2 pub_fps=23.6 frames=52693 result_subs=0 roi=ok intrinsic=ok inference_age_ms=137 target=none transport=False sorting_thread=alive
19:32:29 [v4][heartbeat] enter=False sorting=False cam=LIVE ai=LIVE cam_fps=21.1 pub_fps=25.3 frames=52798 result_subs=0 roi=ok intrinsic=ok inference_age_ms=93 target=none transport=False sorting_thread=alive
19:32:34 [v4][heartbeat] enter=False sorting=False cam=LIVE ai=LIVE cam_fps=20.7 pub_fps=23.7 frames=52901 result_subs=0 roi=ok intrinsic=ok inference_age_ms=85 target=none transport=False sorting_thread=alive
19:32:39 [v4][heartbeat] enter=False sorting=False cam=LIVE ai=LIVE cam_fps=23.9 pub_fps=25.3 frames=53021 result_subs=0 roi=ok intrinsic=ok inference_age_ms=68 target=none transport=False sorting_thread=alive
19:32:44 [v4][heartbeat] enter=False sorting=False cam=LIVE ai=LIVE cam_fps=21.7 pub_fps=25.3 frames=53129 result_subs=0 roi=ok intrinsic=ok inference_age_ms=99 target=none transport=False sorting_thread=alive
19:32:49 [v4][heartbeat] enter=False sorting=False cam=LIVE ai=LIVE cam_fps=23.8 pub_fps=25.4 frames=53248 result_subs=0 roi=ok intrinsic=ok inference_age_ms=145 target=none transport=False sorting_thread=alive
19:32:54 [v4][heartbeat] enter=False sorting=False cam=LIVE ai=LIVE cam_fps=22.0 pub_fps=25.0 frames=53359 result_subs=0 roi=ok intrinsic=ok inference_age_ms=113 target=none transport=False sorting_thread=alive
19:32:59 [v4][heartbeat] enter=False sorting=False cam=LIVE ai=LIVE cam_fps=20.8 pub_fps=25.2 frames=53462 result_subs=0 roi=ok intrinsic=ok inference_age_ms=73 target=none transport=False sorting_thread=alive
19:33:04 [v4][heartbeat] enter=False sorting=False cam=LIVE ai=LIVE cam_fps=18.6 pub_fps=24.0 frames=53555 result_subs=0 roi=ok intrinsic=ok inference_age_ms=173 target=none transport=False sorting_thread=alive
19:33:09 [v4][heartbeat] enter=False sorting=False cam=LIVE ai=LIVE cam_fps=19.0 pub_fps=23.9 frames=53650 result_subs=0 roi=ok intrinsic=ok inference_age_ms=162 target=none transport=False sorting_thread=alive
19:33:14 [v4][heartbeat] enter=False sorting=False cam=LIVE ai=LIVE cam_fps=23.4 pub_fps=25.0 frames=53767 result_subs=0 roi=ok intrinsic=ok inference_age_ms=97 target=none transport=False sorting_thread=alive
19:33:19 [v4][heartbeat] enter=False sorting=False cam=LIVE ai=LIVE cam_fps=22.2 pub_fps=24.2 frames=53878 result_subs=0 roi=ok intrinsic=ok inference_age_ms=131 target=none transport=False sorting_thread=alive
19:33:24 [v4][heartbeat] enter=False sorting=False cam=LIVE ai=LIVE cam_fps=23.7 pub_fps=26.1 frames=53997 result_subs=0 roi=ok intrinsic=ok inference_age_ms=188 target=none transport=False sorting_thread=alive
19:33:29 [v4][heartbeat] enter=False sorting=False cam=LIVE ai=LIVE cam_fps=20.9 pub_fps=23.3 frames=54101 result_subs=0 roi=ok intrinsic=ok inference_age_ms=110 target=none transport=False sorting_thread=alive
19:33:34 [v4][heartbeat] enter=False sorting=False cam=LIVE ai=LIVE cam_fps=19.1 pub_fps=24.1 frames=54198 result_subs=0 roi=ok intrinsic=ok inference_age_ms=229 target=none transport=False sorting_thread=alive
19:33:39 [v4][heartbeat] enter=False sorting=False cam=LIVE ai=LIVE cam_fps=22.9 pub_fps=24.9 frames=54312 result_subs=0 roi=ok intrinsic=ok inference_age_ms=134 target=none transport=False sorting_thread=alive
19:33:44 [v4][heartbeat] enter=False sorting=False cam=LIVE ai=LIVE cam_fps=20.9 pub_fps=23.3 frames=54416 result_subs=0 roi=ok intrinsic=ok inference_age_ms=110 target=none transport=False sorting_thread=alive
19:33:49 [v4][heartbeat] enter=False sorting=False cam=LIVE ai=LIVE cam_fps=15.9 pub_fps=23.9 frames=54495 result_subs=0 roi=ok intrinsic=ok inference_age_ms=94 target=none transport=False sorting_thread=alive
19:33:54 [v4][heartbeat] enter=False sorting=False cam=LIVE ai=LIVE cam_fps=22.7 pub_fps=24.5 frames=54609 result_subs=0 roi=ok intrinsic=ok inference_age_ms=142 target=none transport=False sorting_thread=alive
19:33:59 [v4][heartbeat] enter=False sorting=False cam=LIVE ai=LIVE cam_fps=21.2 pub_fps=25.6 frames=54715 result_subs=0 roi=ok intrinsic=ok inference_age_ms=115 target=none transport=False sorting_thread=alive
19:34:04 [v4][heartbeat] enter=False sorting=False cam=LIVE ai=LIVE cam_fps=22.3 pub_fps=24.5 frames=54826 result_subs=0 roi=ok intrinsic=ok inference_age_ms=63 target=none transport=False sorting_thread=alive
19:34:09 [v4][heartbeat] enter=False sorting=False cam=LIVE ai=LIVE cam_fps=26.4 pub_fps=26.0 frames=54958 result_subs=0 roi=ok intrinsic=ok inference_age_ms=170 target=none transport=False sorting_thread=alive
19:34:14 [v4][heartbeat] enter=False sorting=False cam=LIVE ai=LIVE cam_fps=20.9 pub_fps=24.9 frames=55062 result_subs=0 roi=ok intrinsic=ok inference_age_ms=137 target=none transport=False sorting_thread=alive
19:34:19 [v4][heartbeat] enter=False sorting=False cam=LIVE ai=LIVE cam_fps=21.6 pub_fps=23.6 frames=55170 result_subs=0 roi=ok intrinsic=ok inference_age_ms=114 target=none transport=False sorting_thread=alive
19:34:24 [v4][heartbeat] enter=False sorting=False cam=LIVE ai=LIVE cam_fps=21.8 pub_fps=25.2 frames=55279 result_subs=0 roi=ok intrinsic=ok inference_age_ms=196 target=none transport=False sorting_thread=alive
19:34:29 [v4][heartbeat] enter=False sorting=False cam=LIVE ai=LIVE cam_fps=20.5 pub_fps=25.2 frames=55382 result_subs=0 roi=ok intrinsic=ok inference_age_ms=113 target=none transport=False sorting_thread=alive
19:34:34 [v4][heartbeat] enter=False sorting=False cam=LIVE ai=LIVE cam_fps=19.2 pub_fps=23.0 frames=55478 result_subs=0 roi=ok intrinsic=ok inference_age_ms=139 target=none transport=False sorting_thread=alive
19:34:39 [v4][heartbeat] enter=False sorting=False cam=LIVE ai=LIVE cam_fps=23.6 pub_fps=25.6 frames=55597 result_subs=0 roi=ok intrinsic=ok inference_age_ms=185 target=none transport=False sorting_thread=alive
19:34:44 [v4][heartbeat] enter=False sorting=False cam=LIVE ai=LIVE cam_fps=21.7 pub_fps=24.1 frames=55704 result_subs=0 roi=ok intrinsic=ok inference_age_ms=131 target=none transport=False sorting_thread=alive
19:34:49 [v4][heartbeat] enter=False sorting=False cam=LIVE ai=LIVE cam_fps=19.1 pub_fps=24.4 frames=55801 result_subs=0 roi=ok intrinsic=ok inference_age_ms=128 target=none transport=False sorting_thread=alive
19:34:54 [v4][heartbeat] enter=False sorting=False cam=LIVE ai=LIVE cam_fps=19.3 pub_fps=24.4 frames=55896 result_subs=0 roi=ok intrinsic=ok inference_age_ms=149 target=none transport=False sorting_thread=alive
19:34:59 [v4][heartbeat] enter=False sorting=False cam=LIVE ai=LIVE cam_fps=25.4 pub_fps=25.6 frames=56023 result_subs=0 roi=ok intrinsic=ok inference_age_ms=118 target=none transport=False sorting_thread=alive
19:35:04 [v4][heartbeat] enter=False sorting=False cam=LIVE ai=LIVE cam_fps=19.8 pub_fps=24.7 frames=56122 result_subs=0 roi=ok intrinsic=ok inference_age_ms=80 target=none transport=False sorting_thread=alive
19:35:09 [v4][heartbeat] enter=False sorting=False cam=LIVE ai=LIVE cam_fps=22.0 pub_fps=24.6 frames=56232 result_subs=0 roi=ok intrinsic=ok inference_age_ms=134 target=none transport=False sorting_thread=alive
19:35:14 [v4][heartbeat] enter=False sorting=False cam=LIVE ai=LIVE cam_fps=22.0 pub_fps=25.8 frames=56343 result_subs=0 roi=ok intrinsic=ok inference_age_ms=89 target=none transport=False sorting_thread=alive
19:35:19 [v4][heartbeat] enter=False sorting=False cam=LIVE ai=LIVE cam_fps=19.1 pub_fps=23.5 frames=56439 result_subs=0 roi=ok intrinsic=ok inference_age_ms=137 target=none transport=False sorting_thread=alive
19:35:24 [v4][heartbeat] enter=False sorting=False cam=LIVE ai=LIVE cam_fps=20.6 pub_fps=24.5 frames=56541 result_subs=0 roi=ok intrinsic=ok inference_age_ms=133 target=none transport=False sorting_thread=alive
19:35:29 [v4][heartbeat] enter=False sorting=False cam=LIVE ai=LIVE cam_fps=19.2 pub_fps=24.4 frames=56638 result_subs=0 roi=ok intrinsic=ok inference_age_ms=167 target=none transport=False sorting_thread=alive
19:35:34 [v4][heartbeat] enter=False sorting=False cam=LIVE ai=LIVE cam_fps=22.6 pub_fps=24.8 frames=56750 result_subs=0 roi=ok intrinsic=ok inference_age_ms=127 target=none transport=False sorting_thread=alive
19:35:39 [v4][heartbeat] enter=False sorting=False cam=LIVE ai=LIVE cam_fps=21.7 pub_fps=24.7 frames=56859 result_subs=0 roi=ok intrinsic=ok inference_age_ms=50 target=none transport=False sorting_thread=alive
19:35:44 [v4][heartbeat] enter=False sorting=False cam=LIVE ai=LIVE cam_fps=25.0 pub_fps=25.4 frames=56985 result_subs=0 roi=ok intrinsic=ok inference_age_ms=114 target=none transport=False sorting_thread=alive
19:35:49 [v4][heartbeat] enter=False sorting=False cam=LIVE ai=LIVE cam_fps=25.7 pub_fps=25.7 frames=57112 result_subs=0 roi=ok intrinsic=ok inference_age_ms=113 target=none transport=False sorting_thread=alive
19:35:54 [v4][heartbeat] enter=False sorting=False cam=LIVE ai=LIVE cam_fps=18.2 pub_fps=22.6 frames=57204 result_subs=0 roi=ok intrinsic=ok inference_age_ms=154 target=none transport=False sorting_thread=alive
19:35:59 [v4][heartbeat] enter=False sorting=False cam=LIVE ai=LIVE cam_fps=19.6 pub_fps=23.0 frames=57302 result_subs=0 roi=ok intrinsic=ok inference_age_ms=119 target=none transport=False sorting_thread=alive
19:36:04 [v4][heartbeat] enter=False sorting=False cam=LIVE ai=LIVE cam_fps=18.0 pub_fps=23.5 frames=57392 result_subs=0 roi=ok intrinsic=ok inference_age_ms=192 target=none transport=False sorting_thread=alive
19:36:09 [v4][heartbeat] enter=False sorting=False cam=LIVE ai=LIVE cam_fps=23.7 pub_fps=25.9 frames=57510 result_subs=0 roi=ok intrinsic=ok inference_age_ms=193 target=none transport=False sorting_thread=alive
19:36:14 [v4][heartbeat] enter=False sorting=False cam=LIVE ai=LIVE cam_fps=22.4 pub_fps=25.2 frames=57623 result_subs=0 roi=ok intrinsic=ok inference_age_ms=108 target=none transport=False sorting_thread=alive
19:36:19 [v4][heartbeat] enter=False sorting=False cam=LIVE ai=LIVE cam_fps=17.4 pub_fps=23.2 frames=57710 result_subs=0 roi=ok intrinsic=ok inference_age_ms=118 target=none transport=False sorting_thread=alive
19:36:24 [v4][heartbeat] enter=False sorting=False cam=LIVE ai=LIVE cam_fps=20.8 pub_fps=24.2 frames=57813 result_subs=0 roi=ok intrinsic=ok inference_age_ms=145 target=none transport=False sorting_thread=alive
19:36:29 [v4][heartbeat] enter=False sorting=False cam=LIVE ai=LIVE cam_fps=22.4 pub_fps=23.0 frames=57926 result_subs=0 roi=ok intrinsic=ok inference_age_ms=105 target=none transport=False sorting_thread=alive
19:36:34 [v4][heartbeat] enter=False sorting=False cam=LIVE ai=LIVE cam_fps=17.9 pub_fps=24.5 frames=58015 result_subs=0 roi=ok intrinsic=ok inference_age_ms=184 target=none transport=False sorting_thread=alive
19:36:39 [v4][heartbeat] enter=False sorting=False cam=LIVE ai=LIVE cam_fps=20.5 pub_fps=22.9 frames=58117 result_subs=0 roi=ok intrinsic=ok inference_age_ms=133 target=none transport=False sorting_thread=alive
19:36:44 [v4][heartbeat] enter=False sorting=False cam=LIVE ai=LIVE cam_fps=22.8 pub_fps=26.3 frames=58231 result_subs=0 roi=ok intrinsic=ok inference_age_ms=110 target=none transport=False sorting_thread=alive
19:36:49 [v4][heartbeat] enter=False sorting=False cam=LIVE ai=LIVE cam_fps=21.4 pub_fps=24.4 frames=58338 result_subs=0 roi=ok intrinsic=ok inference_age_ms=176 target=none transport=False sorting_thread=alive
19:36:54 [v4][heartbeat] enter=False sorting=False cam=LIVE ai=LIVE cam_fps=21.2 pub_fps=24.1 frames=58444 result_subs=0 roi=ok intrinsic=ok inference_age_ms=189 target=none transport=False sorting_thread=alive
19:36:59 [v4][heartbeat] enter=False sorting=False cam=LIVE ai=LIVE cam_fps=20.5 pub_fps=24.1 frames=58547 result_subs=0 roi=ok intrinsic=ok inference_age_ms=117 target=none transport=False sorting_thread=alive
19:37:04 [v4][heartbeat] enter=False sorting=False cam=LIVE ai=LIVE cam_fps=26.4 pub_fps=24.4 frames=58679 result_subs=0 roi=ok intrinsic=ok inference_age_ms=130 target=none transport=False sorting_thread=alive
19:37:09 [v4][heartbeat] enter=False sorting=False cam=LIVE ai=LIVE cam_fps=19.5 pub_fps=23.5 frames=58776 result_subs=0 roi=ok intrinsic=ok inference_age_ms=163 target=none transport=False sorting_thread=alive
19:37:14 [v4][heartbeat] enter=False sorting=False cam=LIVE ai=LIVE cam_fps=18.4 pub_fps=23.5 frames=58868 result_subs=0 roi=ok intrinsic=ok inference_age_ms=171 target=none transport=False sorting_thread=alive
19:37:19 [v4][heartbeat] enter=False sorting=False cam=LIVE ai=LIVE cam_fps=23.1 pub_fps=24.5 frames=58983 result_subs=0 roi=ok intrinsic=ok inference_age_ms=95 target=none transport=False sorting_thread=alive
19:37:24 [v4][heartbeat] enter=False sorting=False cam=LIVE ai=LIVE cam_fps=22.1 pub_fps=26.5 frames=59094 result_subs=0 roi=ok intrinsic=ok inference_age_ms=127 target=none transport=False sorting_thread=alive
19:37:29 [v4][heartbeat] enter=False sorting=False cam=LIVE ai=LIVE cam_fps=23.6 pub_fps=23.8 frames=59213 result_subs=0 roi=ok intrinsic=ok inference_age_ms=138 target=none transport=False sorting_thread=alive
19:37:34 [v4][heartbeat] enter=False sorting=False cam=LIVE ai=LIVE cam_fps=21.5 pub_fps=24.4 frames=59322 result_subs=0 roi=ok intrinsic=ok inference_age_ms=124 target=none transport=False sorting_thread=alive
19:37:39 [v4][heartbeat] enter=False sorting=False cam=LIVE ai=LIVE cam_fps=24.9 pub_fps=26.1 frames=59445 result_subs=0 roi=ok intrinsic=ok inference_age_ms=67 target=none transport=False sorting_thread=alive
19:37:44 [v4][heartbeat] enter=False sorting=False cam=LIVE ai=LIVE cam_fps=22.3 pub_fps=25.5 frames=59555 result_subs=0 roi=ok intrinsic=ok inference_age_ms=192 target=none transport=False sorting_thread=alive
19:37:49 [v4][heartbeat] enter=False sorting=False cam=LIVE ai=LIVE cam_fps=18.6 pub_fps=24.0 frames=59648 result_subs=0 roi=ok intrinsic=ok inference_age_ms=184 target=none transport=False sorting_thread=alive
19:37:54 [v4][heartbeat] enter=False sorting=False cam=LIVE ai=LIVE cam_fps=23.1 pub_fps=23.9 frames=59763 result_subs=0 roi=ok intrinsic=ok inference_age_ms=186 target=none transport=False sorting_thread=alive
19:37:59 [v4][heartbeat] enter=False sorting=False cam=LIVE ai=LIVE cam_fps=21.9 pub_fps=25.5 frames=59873 result_subs=0 roi=ok intrinsic=ok inference_age_ms=154 target=none transport=False sorting_thread=alive
19:38:04 [v4][heartbeat] enter=False sorting=False cam=LIVE ai=LIVE cam_fps=23.7 pub_fps=25.1 frames=59992 result_subs=0 roi=ok intrinsic=ok inference_age_ms=140 target=none transport=False sorting_thread=alive
19:38:09 [v4][heartbeat] enter=False sorting=False cam=LIVE ai=LIVE cam_fps=20.9 pub_fps=23.3 frames=60097 result_subs=0 roi=ok intrinsic=ok inference_age_ms=180 target=none transport=False sorting_thread=alive
19:38:14 [v4][heartbeat] enter=False sorting=False cam=LIVE ai=LIVE cam_fps=22.3 pub_fps=25.7 frames=60209 result_subs=0 roi=ok intrinsic=ok inference_age_ms=127 target=none transport=False sorting_thread=alive
19:38:19 [v4][heartbeat] enter=False sorting=False cam=LIVE ai=LIVE cam_fps=19.4 pub_fps=22.9 frames=60305 result_subs=0 roi=ok intrinsic=ok inference_age_ms=86 target=none transport=False sorting_thread=alive
19:38:24 [v4][heartbeat] enter=False sorting=False cam=LIVE ai=LIVE cam_fps=21.8 pub_fps=24.2 frames=60414 result_subs=0 roi=ok intrinsic=ok inference_age_ms=189 target=none transport=False sorting_thread=alive
19:38:29 [v4][heartbeat] enter=False sorting=False cam=LIVE ai=LIVE cam_fps=23.1 pub_fps=27.1 frames=60530 result_subs=0 roi=ok intrinsic=ok inference_age_ms=177 target=none transport=False sorting_thread=alive
19:38:34 [v4][heartbeat] enter=False sorting=False cam=LIVE ai=LIVE cam_fps=19.6 pub_fps=23.4 frames=60628 result_subs=0 roi=ok intrinsic=ok inference_age_ms=144 target=none transport=False sorting_thread=alive
19:38:39 [v4][heartbeat] enter=False sorting=False cam=LIVE ai=LIVE cam_fps=17.9 pub_fps=24.9 frames=60717 result_subs=0 roi=ok intrinsic=ok inference_age_ms=119 target=none transport=False sorting_thread=alive
19:38:44 [v4][heartbeat] enter=False sorting=False cam=LIVE ai=LIVE cam_fps=22.6 pub_fps=25.4 frames=60830 result_subs=0 roi=ok intrinsic=ok inference_age_ms=81 target=none transport=False sorting_thread=alive
19:38:49 [v4][heartbeat] enter=False sorting=False cam=LIVE ai=LIVE cam_fps=24.9 pub_fps=25.5 frames=60954 result_subs=0 roi=ok intrinsic=ok inference_age_ms=102 target=none transport=False sorting_thread=alive
19:38:54 [v4][heartbeat] enter=False sorting=False cam=LIVE ai=LIVE cam_fps=22.1 pub_fps=25.7 frames=61065 result_subs=0 roi=ok intrinsic=ok inference_age_ms=105 target=none transport=False sorting_thread=alive
19:38:59 [v4][heartbeat] enter=False sorting=False cam=LIVE ai=LIVE cam_fps=22.9 pub_fps=24.3 frames=61179 result_subs=0 roi=ok intrinsic=ok inference_age_ms=131 target=none transport=False sorting_thread=alive
19:39:04 [v4][heartbeat] enter=False sorting=False cam=LIVE ai=LIVE cam_fps=18.1 pub_fps=23.7 frames=61269 result_subs=0 roi=ok intrinsic=ok inference_age_ms=212 target=none transport=False sorting_thread=alive
19:39:09 [v4][heartbeat] enter=False sorting=False cam=LIVE ai=LIVE cam_fps=22.8 pub_fps=24.8 frames=61384 result_subs=0 roi=ok intrinsic=ok inference_age_ms=175 target=none transport=False sorting_thread=alive
19:39:14 [v4][heartbeat] enter=False sorting=False cam=LIVE ai=LIVE cam_fps=20.3 pub_fps=24.2 frames=61485 result_subs=0 roi=ok intrinsic=ok inference_age_ms=101 target=none transport=False sorting_thread=alive
19:39:19 [v4][heartbeat] enter=False sorting=False cam=LIVE ai=LIVE cam_fps=22.6 pub_fps=26.0 frames=61598 result_subs=0 roi=ok intrinsic=ok inference_age_ms=114 target=none transport=False sorting_thread=alive
19:39:24 [v4][heartbeat] enter=False sorting=False cam=LIVE ai=LIVE cam_fps=30.9 pub_fps=27.9 frames=61752 result_subs=0 roi=ok intrinsic=ok inference_age_ms=124 target=none transport=False sorting_thread=alive
19:39:29 [v4][heartbeat] enter=False sorting=False cam=LIVE ai=LIVE cam_fps=18.9 pub_fps=25.2 frames=61847 result_subs=0 roi=ok intrinsic=ok inference_age_ms=89 target=none transport=False sorting_thread=alive
19:39:34 [v4][heartbeat] enter=False sorting=False cam=LIVE ai=LIVE cam_fps=23.6 pub_fps=25.8 frames=61965 result_subs=0 roi=ok intrinsic=ok inference_age_ms=179 target=none transport=False sorting_thread=alive
19:39:39 [v4][heartbeat] enter=False sorting=False cam=LIVE ai=LIVE cam_fps=21.7 pub_fps=24.5 frames=62073 result_subs=0 roi=ok intrinsic=ok inference_age_ms=152 target=none transport=False sorting_thread=alive
19:39:44 [v4][heartbeat] enter=False sorting=False cam=LIVE ai=LIVE cam_fps=19.7 pub_fps=24.3 frames=62171 result_subs=0 roi=ok intrinsic=ok inference_age_ms=112 target=none transport=False sorting_thread=alive
19:39:49 [v4][heartbeat] enter=False sorting=False cam=LIVE ai=LIVE cam_fps=25.5 pub_fps=25.3 frames=62299 result_subs=0 roi=ok intrinsic=ok inference_age_ms=109 target=none transport=False sorting_thread=alive
19:39:54 [v4][heartbeat] enter=False sorting=False cam=LIVE ai=LIVE cam_fps=23.7 pub_fps=25.1 frames=62417 result_subs=0 roi=ok intrinsic=ok inference_age_ms=123 target=none transport=False sorting_thread=alive
19:39:59 [v4][heartbeat] enter=False sorting=False cam=LIVE ai=LIVE cam_fps=20.0 pub_fps=25.4 frames=62517 result_subs=0 roi=ok intrinsic=ok inference_age_ms=121 target=none transport=False sorting_thread=alive
19:40:04 [v4][heartbeat] enter=False sorting=False cam=LIVE ai=LIVE cam_fps=22.8 pub_fps=24.0 frames=62631 result_subs=0 roi=ok intrinsic=ok inference_age_ms=118 target=none transport=False sorting_thread=alive
19:40:09 [v4][heartbeat] enter=False sorting=False cam=LIVE ai=LIVE cam_fps=17.8 pub_fps=23.4 frames=62720 result_subs=0 roi=ok intrinsic=ok inference_age_ms=111 target=none transport=False sorting_thread=alive
19:40:14 [v4][heartbeat] enter=False sorting=False cam=LIVE ai=LIVE cam_fps=22.1 pub_fps=23.9 frames=62830 result_subs=0 roi=ok intrinsic=ok inference_age_ms=135 target=none transport=False sorting_thread=alive
19:40:19 [v4][heartbeat] enter=False sorting=False cam=LIVE ai=LIVE cam_fps=18.6 pub_fps=23.6 frames=62923 result_subs=0 roi=ok intrinsic=ok inference_age_ms=96 target=none transport=False sorting_thread=alive
19:40:24 [v4][heartbeat] enter=False sorting=False cam=LIVE ai=LIVE cam_fps=26.2 pub_fps=26.4 frames=63055 result_subs=0 roi=ok intrinsic=ok inference_age_ms=124 target=none transport=False sorting_thread=alive
19:40:29 [v4][heartbeat] enter=False sorting=False cam=LIVE ai=LIVE cam_fps=21.8 pub_fps=26.0 frames=63164 result_subs=0 roi=ok intrinsic=ok inference_age_ms=94 target=none transport=False sorting_thread=alive
19:40:34 [v4][heartbeat] enter=False sorting=False cam=LIVE ai=LIVE cam_fps=20.7 pub_fps=25.5 frames=63267 result_subs=0 roi=ok intrinsic=ok inference_age_ms=88 target=none transport=False sorting_thread=alive
19:40:39 [v4][heartbeat] enter=False sorting=False cam=LIVE ai=LIVE cam_fps=21.2 pub_fps=23.8 frames=63374 result_subs=0 roi=ok intrinsic=ok inference_age_ms=125 target=none transport=False sorting_thread=alive
19:40:44 [v4][heartbeat] enter=False sorting=False cam=LIVE ai=LIVE cam_fps=19.2 pub_fps=25.0 frames=63469 result_subs=0 roi=ok intrinsic=ok inference_age_ms=122 target=none transport=False sorting_thread=alive
19:40:49 [v4][heartbeat] enter=False sorting=False cam=LIVE ai=LIVE cam_fps=23.3 pub_fps=26.1 frames=63586 result_subs=0 roi=ok intrinsic=ok inference_age_ms=156 target=none transport=False sorting_thread=alive
19:40:54 [v4][heartbeat] enter=False sorting=False cam=LIVE ai=LIVE cam_fps=27.2 pub_fps=26.4 frames=63722 result_subs=0 roi=ok intrinsic=ok inference_age_ms=120 target=none transport=False sorting_thread=alive
19:40:59 [v4][heartbeat] enter=False sorting=False cam=LIVE ai=LIVE cam_fps=18.6 pub_fps=23.8 frames=63815 result_subs=0 roi=ok intrinsic=ok inference_age_ms=207 target=none transport=False sorting_thread=alive
19:41:04 [v4][heartbeat] enter=False sorting=False cam=LIVE ai=LIVE cam_fps=20.3 pub_fps=23.1 frames=63916 result_subs=0 roi=ok intrinsic=ok inference_age_ms=95 target=none transport=False sorting_thread=alive
19:41:09 [v4][heartbeat] enter=False sorting=False cam=LIVE ai=LIVE cam_fps=21.3 pub_fps=24.9 frames=64023 result_subs=0 roi=ok intrinsic=ok inference_age_ms=130 target=none transport=False sorting_thread=alive
19:41:14 [v4][heartbeat] enter=False sorting=False cam=LIVE ai=LIVE cam_fps=22.7 pub_fps=25.5 frames=64136 result_subs=0 roi=ok intrinsic=ok inference_age_ms=194 target=none transport=False sorting_thread=alive
19:41:19 [v4][heartbeat] enter=False sorting=False cam=LIVE ai=LIVE cam_fps=23.8 pub_fps=25.2 frames=64255 result_subs=0 roi=ok intrinsic=ok inference_age_ms=93 target=none transport=False sorting_thread=alive
19:41:24 [v4][heartbeat] enter=False sorting=False cam=LIVE ai=LIVE cam_fps=22.6 pub_fps=25.6 frames=64368 result_subs=0 roi=ok intrinsic=ok inference_age_ms=72 target=none transport=False sorting_thread=alive
19:41:29 [v4][heartbeat] enter=False sorting=False cam=LIVE ai=LIVE cam_fps=23.4 pub_fps=25.6 frames=64486 result_subs=0 roi=ok intrinsic=ok inference_age_ms=86 target=none transport=False sorting_thread=alive
19:41:34 [v4][heartbeat] enter=False sorting=False cam=LIVE ai=LIVE cam_fps=21.8 pub_fps=24.8 frames=64594 result_subs=0 roi=ok intrinsic=ok inference_age_ms=104 target=none transport=False sorting_thread=alive
19:41:39 [v4][heartbeat] enter=False sorting=False cam=LIVE ai=LIVE cam_fps=22.6 pub_fps=26.3 frames=64708 result_subs=0 roi=ok intrinsic=ok inference_age_ms=132 target=none transport=False sorting_thread=alive
19:41:44 [v4][heartbeat] enter=False sorting=False cam=LIVE ai=LIVE cam_fps=26.2 pub_fps=25.4 frames=64838 result_subs=0 roi=ok intrinsic=ok inference_age_ms=107 target=none transport=False sorting_thread=alive
19:41:49 [v4][heartbeat] enter=False sorting=False cam=LIVE ai=LIVE cam_fps=20.8 pub_fps=24.7 frames=64944 result_subs=0 roi=ok intrinsic=ok inference_age_ms=193 target=none transport=False sorting_thread=alive
19:41:54 [v4][heartbeat] enter=False sorting=False cam=LIVE ai=LIVE cam_fps=22.3 pub_fps=24.7 frames=65054 result_subs=0 roi=ok intrinsic=ok inference_age_ms=192 target=none transport=False sorting_thread=alive
19:41:59 [v4][heartbeat] enter=False sorting=False cam=LIVE ai=LIVE cam_fps=24.5 pub_fps=25.1 frames=65176 result_subs=0 roi=ok intrinsic=ok inference_age_ms=139 target=none transport=False sorting_thread=alive
19:42:04 [v4][heartbeat] enter=False sorting=False cam=LIVE ai=LIVE cam_fps=23.5 pub_fps=27.1 frames=65293 result_subs=0 roi=ok intrinsic=ok inference_age_ms=123 target=none transport=False sorting_thread=alive
19:42:09 [v4][heartbeat] enter=False sorting=False cam=LIVE ai=LIVE cam_fps=23.7 pub_fps=27.1 frames=65411 result_subs=0 roi=ok intrinsic=ok inference_age_ms=122 target=none transport=False sorting_thread=alive
19:42:14 [v4][heartbeat] enter=False sorting=False cam=LIVE ai=LIVE cam_fps=20.0 pub_fps=23.2 frames=65511 result_subs=0 roi=ok intrinsic=ok inference_age_ms=131 target=none transport=False sorting_thread=alive
19:42:19 [v4][heartbeat] enter=False sorting=False cam=LIVE ai=LIVE cam_fps=19.6 pub_fps=25.4 frames=65609 result_subs=0 roi=ok intrinsic=ok inference_age_ms=124 target=none transport=False sorting_thread=alive
19:42:24 [v4][heartbeat] enter=False sorting=False cam=LIVE ai=LIVE cam_fps=24.2 pub_fps=25.0 frames=65730 result_subs=0 roi=ok intrinsic=ok inference_age_ms=116 target=none transport=False sorting_thread=alive
19:42:29 [v4][heartbeat] enter=False sorting=False cam=LIVE ai=LIVE cam_fps=22.2 pub_fps=26.6 frames=65841 result_subs=0 roi=ok intrinsic=ok inference_age_ms=177 target=none transport=False sorting_thread=alive
19:42:34 [v4][heartbeat] enter=False sorting=False cam=LIVE ai=LIVE cam_fps=22.8 pub_fps=24.2 frames=65957 result_subs=0 roi=ok intrinsic=ok inference_age_ms=167 target=none transport=False sorting_thread=alive
19:42:39 [v4][heartbeat] enter=False sorting=False cam=LIVE ai=LIVE cam_fps=24.6 pub_fps=25.4 frames=66078 result_subs=0 roi=ok intrinsic=ok inference_age_ms=124 target=none transport=False sorting_thread=alive
19:42:44 [v4][heartbeat] enter=False sorting=False cam=LIVE ai=LIVE cam_fps=22.3 pub_fps=25.1 frames=66189 result_subs=0 roi=ok intrinsic=ok inference_age_ms=127 target=none transport=False sorting_thread=alive
19:42:49 [v4][heartbeat] enter=False sorting=False cam=LIVE ai=LIVE cam_fps=23.3 pub_fps=25.2 frames=66306 result_subs=0 roi=ok intrinsic=ok inference_age_ms=73 target=none transport=False sorting_thread=alive
19:42:54 [v4][heartbeat] enter=False sorting=False cam=LIVE ai=LIVE cam_fps=18.8 pub_fps=24.9 frames=66400 result_subs=0 roi=ok intrinsic=ok inference_age_ms=131 target=none transport=False sorting_thread=alive
19:42:59 [v4][heartbeat] enter=False sorting=False cam=LIVE ai=LIVE cam_fps=28.2 pub_fps=26.8 frames=66541 result_subs=0 roi=ok intrinsic=ok inference_age_ms=96 target=none transport=False sorting_thread=alive
19:43:04 [v4][heartbeat] enter=False sorting=False cam=LIVE ai=LIVE cam_fps=20.9 pub_fps=24.1 frames=66646 result_subs=0 roi=ok intrinsic=ok inference_age_ms=186 target=none transport=False sorting_thread=alive
19:43:09 [v4][heartbeat] enter=False sorting=False cam=LIVE ai=LIVE cam_fps=19.9 pub_fps=22.9 frames=66746 result_subs=0 roi=ok intrinsic=ok inference_age_ms=155 target=none transport=False sorting_thread=alive
19:43:14 [v4][heartbeat] enter=False sorting=False cam=LIVE ai=LIVE cam_fps=23.8 pub_fps=25.6 frames=66864 result_subs=0 roi=ok intrinsic=ok inference_age_ms=196 target=none transport=False sorting_thread=alive
19:43:19 [v4][heartbeat] enter=False sorting=False cam=LIVE ai=LIVE cam_fps=17.0 pub_fps=21.2 frames=66949 result_subs=0 roi=ok intrinsic=ok inference_age_ms=149 target=none transport=False sorting_thread=alive
19:43:24 [v4][heartbeat] enter=False sorting=False cam=LIVE ai=LIVE cam_fps=25.4 pub_fps=25.4 frames=67076 result_subs=0 roi=ok intrinsic=ok inference_age_ms=154 target=none transport=False sorting_thread=alive
19:43:29 [v4][heartbeat] enter=False sorting=False cam=LIVE ai=LIVE cam_fps=20.9 pub_fps=23.7 frames=67181 result_subs=0 roi=ok intrinsic=ok inference_age_ms=99 target=none transport=False sorting_thread=alive
19:43:34 [v4][heartbeat] enter=False sorting=False cam=LIVE ai=LIVE cam_fps=21.5 pub_fps=24.9 frames=67288 result_subs=0 roi=ok intrinsic=ok inference_age_ms=67 target=none transport=False sorting_thread=alive
19:43:39 [v4][heartbeat] enter=False sorting=False cam=LIVE ai=LIVE cam_fps=21.5 pub_fps=23.7 frames=67397 result_subs=0 roi=ok intrinsic=ok inference_age_ms=185 target=none transport=False sorting_thread=alive
19:43:44 [v4][heartbeat] enter=False sorting=False cam=LIVE ai=LIVE cam_fps=20.4 pub_fps=23.8 frames=67498 result_subs=0 roi=ok intrinsic=ok inference_age_ms=110 target=none transport=False sorting_thread=alive
19:43:49 [v4][heartbeat] enter=False sorting=False cam=LIVE ai=LIVE cam_fps=20.1 pub_fps=23.5 frames=67599 result_subs=0 roi=ok intrinsic=ok inference_age_ms=216 target=none transport=False sorting_thread=alive
19:43:54 [v4][heartbeat] enter=False sorting=False cam=LIVE ai=LIVE cam_fps=22.8 pub_fps=22.6 frames=67713 result_subs=0 roi=ok intrinsic=ok inference_age_ms=130 target=none transport=False sorting_thread=alive
19:43:59 [v4][heartbeat] enter=False sorting=False cam=LIVE ai=LIVE cam_fps=24.8 pub_fps=26.4 frames=67836 result_subs=0 roi=ok intrinsic=ok inference_age_ms=234 target=none transport=False sorting_thread=alive
19:44:04 [v4][heartbeat] enter=False sorting=False cam=LIVE ai=LIVE cam_fps=24.1 pub_fps=25.1 frames=67957 result_subs=0 roi=ok intrinsic=ok inference_age_ms=121 target=none transport=False sorting_thread=alive
19:44:09 [v4][heartbeat] enter=False sorting=False cam=LIVE ai=LIVE cam_fps=21.6 pub_fps=23.6 frames=68065 result_subs=0 roi=ok intrinsic=ok inference_age_ms=188 target=none transport=False sorting_thread=alive
19:44:14 [v4][heartbeat] enter=False sorting=False cam=LIVE ai=LIVE cam_fps=21.1 pub_fps=24.3 frames=68171 result_subs=0 roi=ok intrinsic=ok inference_age_ms=164 target=none transport=False sorting_thread=alive
19:44:19 [v4][heartbeat] enter=False sorting=False cam=LIVE ai=LIVE cam_fps=22.4 pub_fps=23.4 frames=68282 result_subs=0 roi=ok intrinsic=ok inference_age_ms=102 target=none transport=False sorting_thread=alive
19:44:24 [v4][heartbeat] enter=False sorting=False cam=LIVE ai=LIVE cam_fps=20.4 pub_fps=24.8 frames=68384 result_subs=0 roi=ok intrinsic=ok inference_age_ms=125 target=none transport=False sorting_thread=alive
19:44:29 [v4][heartbeat] enter=False sorting=False cam=LIVE ai=LIVE cam_fps=23.4 pub_fps=23.6 frames=68501 result_subs=0 roi=ok intrinsic=ok inference_age_ms=147 target=none transport=False sorting_thread=alive
19:44:34 [v4][heartbeat] enter=False sorting=False cam=LIVE ai=LIVE cam_fps=22.2 pub_fps=23.8 frames=68612 result_subs=0 roi=ok intrinsic=ok inference_age_ms=144 target=none transport=False sorting_thread=alive
19:44:39 [v4][heartbeat] enter=False sorting=False cam=LIVE ai=LIVE cam_fps=24.4 pub_fps=24.8 frames=68734 result_subs=0 roi=ok intrinsic=ok inference_age_ms=107 target=none transport=False sorting_thread=alive
19:44:44 [v4][heartbeat] enter=False sorting=False cam=LIVE ai=LIVE cam_fps=23.4 pub_fps=23.8 frames=68851 result_subs=0 roi=ok intrinsic=ok inference_age_ms=118 target=none transport=False sorting_thread=alive
19:44:49 [v4][heartbeat] enter=False sorting=False cam=LIVE ai=LIVE cam_fps=20.7 pub_fps=25.2 frames=68956 result_subs=0 roi=ok intrinsic=ok inference_age_ms=137 target=none transport=False sorting_thread=alive
19:44:54 [v4][heartbeat] enter=False sorting=False cam=LIVE ai=LIVE cam_fps=23.2 pub_fps=23.8 frames=69072 result_subs=0 roi=ok intrinsic=ok inference_age_ms=139 target=none transport=False sorting_thread=alive
19:44:59 [v4][heartbeat] enter=False sorting=False cam=LIVE ai=LIVE cam_fps=25.6 pub_fps=25.2 frames=69198 result_subs=0 roi=ok intrinsic=ok inference_age_ms=87 target=none transport=False sorting_thread=alive
19:45:04 [v4][heartbeat] enter=False sorting=False cam=LIVE ai=LIVE cam_fps=21.7 pub_fps=25.7 frames=69306 result_subs=0 roi=ok intrinsic=ok inference_age_ms=150 target=none transport=False sorting_thread=alive
19:45:09 [v4][heartbeat] enter=False sorting=False cam=LIVE ai=LIVE cam_fps=24.8 pub_fps=24.6 frames=69430 result_subs=0 roi=ok intrinsic=ok inference_age_ms=119 target=none transport=False sorting_thread=alive
19:45:14 [v4][heartbeat] enter=False sorting=False cam=LIVE ai=LIVE cam_fps=22.5 pub_fps=25.9 frames=69543 result_subs=0 roi=ok intrinsic=ok inference_age_ms=177 target=none transport=False sorting_thread=alive
19:45:19 [v4][heartbeat] enter=False sorting=False cam=LIVE ai=LIVE cam_fps=21.8 pub_fps=25.3 frames=69652 result_subs=0 roi=ok intrinsic=ok inference_age_ms=117 target=none transport=False sorting_thread=alive
19:45:24 [v4][heartbeat] enter=False sorting=False cam=LIVE ai=LIVE cam_fps=21.5 pub_fps=25.4 frames=69760 result_subs=0 roi=ok intrinsic=ok inference_age_ms=141 target=none transport=False sorting_thread=alive
19:45:29 [v4][heartbeat] enter=False sorting=False cam=LIVE ai=LIVE cam_fps=19.3 pub_fps=23.6 frames=69857 result_subs=0 roi=ok intrinsic=ok inference_age_ms=117 target=none transport=False sorting_thread=alive
19:45:34 [v4][heartbeat] enter=False sorting=False cam=LIVE ai=LIVE cam_fps=21.1 pub_fps=23.9 frames=69961 result_subs=0 roi=ok intrinsic=ok inference_age_ms=133 target=none transport=False sorting_thread=alive
19:45:39 [v4][heartbeat] enter=False sorting=False cam=LIVE ai=LIVE cam_fps=19.3 pub_fps=23.5 frames=70057 result_subs=0 roi=ok intrinsic=ok inference_age_ms=101 target=none transport=False sorting_thread=alive
19:45:44 [v4][heartbeat] enter=False sorting=False cam=LIVE ai=LIVE cam_fps=20.2 pub_fps=22.5 frames=70158 result_subs=0 roi=ok intrinsic=ok inference_age_ms=93 target=none transport=False sorting_thread=alive
19:45:49 [v4][heartbeat] enter=False sorting=False cam=LIVE ai=LIVE cam_fps=22.9 pub_fps=23.9 frames=70273 result_subs=0 roi=ok intrinsic=ok inference_age_ms=164 target=none transport=False sorting_thread=alive
19:45:54 [v4][heartbeat] enter=False sorting=False cam=LIVE ai=LIVE cam_fps=23.4 pub_fps=25.4 frames=70389 result_subs=0 roi=ok intrinsic=ok inference_age_ms=152 target=none transport=False sorting_thread=alive
19:45:59 [v4][heartbeat] enter=False sorting=False cam=LIVE ai=LIVE cam_fps=23.1 pub_fps=24.3 frames=70505 result_subs=0 roi=ok intrinsic=ok inference_age_ms=149 target=none transport=False sorting_thread=alive
19:46:04 [v4][heartbeat] enter=False sorting=False cam=LIVE ai=LIVE cam_fps=24.2 pub_fps=26.6 frames=70626 result_subs=0 roi=ok intrinsic=ok inference_age_ms=167 target=none transport=False sorting_thread=alive
19:46:09 [v4][heartbeat] enter=False sorting=False cam=LIVE ai=LIVE cam_fps=27.9 pub_fps=25.9 frames=70765 result_subs=0 roi=ok intrinsic=ok inference_age_ms=170 target=none transport=False sorting_thread=alive
19:46:14 [v4][heartbeat] enter=False sorting=False cam=LIVE ai=LIVE cam_fps=27.4 pub_fps=25.6 frames=70902 result_subs=0 roi=ok intrinsic=ok inference_age_ms=105 target=none transport=False sorting_thread=alive
19:46:19 [v4][heartbeat] enter=False sorting=False cam=LIVE ai=LIVE cam_fps=23.4 pub_fps=24.6 frames=71019 result_subs=0 roi=ok intrinsic=ok inference_age_ms=105 target=none transport=False sorting_thread=alive
19:46:24 [v4][heartbeat] enter=False sorting=False cam=LIVE ai=LIVE cam_fps=23.1 pub_fps=24.7 frames=71135 result_subs=0 roi=ok intrinsic=ok inference_age_ms=102 target=none transport=False sorting_thread=alive
19:46:29 [v4][heartbeat] enter=False sorting=False cam=LIVE ai=LIVE cam_fps=23.0 pub_fps=25.0 frames=71250 result_subs=0 roi=ok intrinsic=ok inference_age_ms=132 target=none transport=False sorting_thread=alive
19:46:34 [v4][heartbeat] enter=False sorting=False cam=LIVE ai=LIVE cam_fps=22.3 pub_fps=24.5 frames=71362 result_subs=0 roi=ok intrinsic=ok inference_age_ms=153 target=none transport=False sorting_thread=alive
19:46:39 [v4][heartbeat] enter=False sorting=False cam=LIVE ai=LIVE cam_fps=21.5 pub_fps=23.8 frames=71469 result_subs=0 roi=ok intrinsic=ok inference_age_ms=170 target=none transport=False sorting_thread=alive
19:46:44 [v4][heartbeat] enter=False sorting=False cam=LIVE ai=LIVE cam_fps=20.4 pub_fps=24.0 frames=71571 result_subs=0 roi=ok intrinsic=ok inference_age_ms=141 target=none transport=False sorting_thread=alive
19:46:49 [v4][heartbeat] enter=False sorting=False cam=LIVE ai=LIVE cam_fps=21.9 pub_fps=24.0 frames=71681 result_subs=0 roi=ok intrinsic=ok inference_age_ms=120 target=none transport=False sorting_thread=alive
19:46:54 [v4][heartbeat] enter=False sorting=False cam=LIVE ai=LIVE cam_fps=21.4 pub_fps=24.4 frames=71787 result_subs=0 roi=ok intrinsic=ok inference_age_ms=167 target=none transport=False sorting_thread=alive
19:46:59 [v4][heartbeat] enter=False sorting=False cam=LIVE ai=LIVE cam_fps=25.2 pub_fps=25.8 frames=71915 result_subs=0 roi=ok intrinsic=ok inference_age_ms=130 target=none transport=False sorting_thread=alive
19:47:04 [v4][heartbeat] enter=False sorting=False cam=LIVE ai=LIVE cam_fps=24.8 pub_fps=24.8 frames=72037 result_subs=0 roi=ok intrinsic=ok inference_age_ms=85 target=none transport=False sorting_thread=alive
19:47:09 [v4][heartbeat] enter=False sorting=False cam=LIVE ai=LIVE cam_fps=19.5 pub_fps=23.8 frames=72136 result_subs=0 roi=ok intrinsic=ok inference_age_ms=359 target=none transport=False sorting_thread=alive
19:47:14 [v4][heartbeat] enter=False sorting=False cam=LIVE ai=LIVE cam_fps=23.8 pub_fps=24.0 frames=72254 result_subs=0 roi=ok intrinsic=ok inference_age_ms=103 target=none transport=False sorting_thread=alive
19:47:19 [v4][heartbeat] enter=False sorting=False cam=LIVE ai=LIVE cam_fps=22.6 pub_fps=24.4 frames=72366 result_subs=0 roi=ok intrinsic=ok inference_age_ms=152 target=none transport=False sorting_thread=alive
19:47:24 [v4][heartbeat] enter=False sorting=False cam=LIVE ai=LIVE cam_fps=21.6 pub_fps=24.6 frames=72474 result_subs=0 roi=ok intrinsic=ok inference_age_ms=78 target=none transport=False sorting_thread=alive
19:47:29 [v4][heartbeat] enter=False sorting=False cam=LIVE ai=LIVE cam_fps=23.1 pub_fps=25.1 frames=72591 result_subs=0 roi=ok intrinsic=ok inference_age_ms=107 target=none transport=False sorting_thread=alive
19:47:34 [v4][heartbeat] enter=False sorting=False cam=LIVE ai=LIVE cam_fps=23.6 pub_fps=24.9 frames=72709 result_subs=0 roi=ok intrinsic=ok inference_age_ms=200 target=none transport=False sorting_thread=alive
19:47:39 [v4][heartbeat] enter=False sorting=False cam=LIVE ai=LIVE cam_fps=24.2 pub_fps=24.6 frames=72829 result_subs=0 roi=ok intrinsic=ok inference_age_ms=79 target=none transport=False sorting_thread=alive
19:47:44 [v4][heartbeat] enter=False sorting=False cam=LIVE ai=LIVE cam_fps=25.3 pub_fps=25.1 frames=72955 result_subs=0 roi=ok intrinsic=ok inference_age_ms=115 target=none transport=False sorting_thread=alive
19:47:49 [v4][heartbeat] enter=False sorting=False cam=LIVE ai=LIVE cam_fps=19.7 pub_fps=24.9 frames=73054 result_subs=0 roi=ok intrinsic=ok inference_age_ms=152 target=none transport=False sorting_thread=alive
19:47:54 [v4][heartbeat] enter=False sorting=False cam=LIVE ai=LIVE cam_fps=26.1 pub_fps=26.1 frames=73184 result_subs=0 roi=ok intrinsic=ok inference_age_ms=201 target=none transport=False sorting_thread=alive
19:47:59 [v4][heartbeat] enter=False sorting=False cam=LIVE ai=LIVE cam_fps=19.9 pub_fps=23.3 frames=73283 result_subs=0 roi=ok intrinsic=ok inference_age_ms=136 target=none transport=False sorting_thread=alive
19:48:04 [v4][heartbeat] enter=False sorting=False cam=LIVE ai=LIVE cam_fps=21.8 pub_fps=21.8 frames=73392 result_subs=0 roi=ok intrinsic=ok inference_age_ms=97 target=none transport=False sorting_thread=alive
19:48:09 [v4][heartbeat] enter=False sorting=False cam=LIVE ai=LIVE cam_fps=20.1 pub_fps=23.8 frames=73493 result_subs=0 roi=ok intrinsic=ok inference_age_ms=146 target=none transport=False sorting_thread=alive
19:48:14 [v4][heartbeat] enter=False sorting=False cam=LIVE ai=LIVE cam_fps=24.4 pub_fps=25.6 frames=73615 result_subs=0 roi=ok intrinsic=ok inference_age_ms=77 target=none transport=False sorting_thread=alive
19:48:19 [v4][heartbeat] enter=False sorting=False cam=LIVE ai=LIVE cam_fps=23.2 pub_fps=24.4 frames=73731 result_subs=0 roi=ok intrinsic=ok inference_age_ms=120 target=none transport=False sorting_thread=alive
19:48:24 [v4][heartbeat] enter=False sorting=False cam=LIVE ai=LIVE cam_fps=20.4 pub_fps=24.4 frames=73834 result_subs=0 roi=ok intrinsic=ok inference_age_ms=158 target=none transport=False sorting_thread=alive
19:48:29 [v4][heartbeat] enter=False sorting=False cam=LIVE ai=LIVE cam_fps=21.6 pub_fps=25.4 frames=73941 result_subs=0 roi=ok intrinsic=ok inference_age_ms=201 target=none transport=False sorting_thread=alive
19:48:34 [v4][heartbeat] enter=False sorting=False cam=LIVE ai=LIVE cam_fps=22.3 pub_fps=23.3 frames=74052 result_subs=0 roi=ok intrinsic=ok inference_age_ms=151 target=none transport=False sorting_thread=alive
19:48:39 [v4][heartbeat] enter=False sorting=False cam=LIVE ai=LIVE cam_fps=21.5 pub_fps=23.9 frames=74160 result_subs=0 roi=ok intrinsic=ok inference_age_ms=105 target=none transport=False sorting_thread=alive
19:48:44 [v4][heartbeat] enter=False sorting=False cam=LIVE ai=LIVE cam_fps=22.8 pub_fps=24.2 frames=74275 result_subs=0 roi=ok intrinsic=ok inference_age_ms=151 target=none transport=False sorting_thread=alive
19:48:49 [v4][heartbeat] enter=False sorting=False cam=LIVE ai=LIVE cam_fps=21.9 pub_fps=23.9 frames=74383 result_subs=0 roi=ok intrinsic=ok inference_age_ms=86 target=none transport=False sorting_thread=alive
19:48:54 [v4][heartbeat] enter=False sorting=False cam=LIVE ai=LIVE cam_fps=25.4 pub_fps=25.0 frames=74510 result_subs=0 roi=ok intrinsic=ok inference_age_ms=127 target=none transport=False sorting_thread=alive
19:48:59 [v4][heartbeat] enter=False sorting=False cam=LIVE ai=LIVE cam_fps=21.2 pub_fps=23.2 frames=74616 result_subs=0 roi=ok intrinsic=ok inference_age_ms=108 target=none transport=False sorting_thread=alive
19:49:04 [v4][heartbeat] enter=False sorting=False cam=LIVE ai=LIVE cam_fps=20.3 pub_fps=23.7 frames=74719 result_subs=0 roi=ok intrinsic=ok inference_age_ms=106 target=none transport=False sorting_thread=alive
19:49:09 [v4][heartbeat] enter=False sorting=False cam=LIVE ai=LIVE cam_fps=22.0 pub_fps=23.9 frames=74828 result_subs=0 roi=ok intrinsic=ok inference_age_ms=169 target=none transport=False sorting_thread=alive
19:49:14 [v4][heartbeat] enter=False sorting=False cam=LIVE ai=LIVE cam_fps=26.0 pub_fps=25.8 frames=74959 result_subs=0 roi=ok intrinsic=ok inference_age_ms=250 target=none transport=False sorting_thread=alive
19:49:19 [v4][heartbeat] enter=False sorting=False cam=LIVE ai=LIVE cam_fps=21.5 pub_fps=23.7 frames=75066 result_subs=0 roi=ok intrinsic=ok inference_age_ms=195 target=none transport=False sorting_thread=alive
19:49:24 [v4][heartbeat] enter=False sorting=False cam=LIVE ai=LIVE cam_fps=22.8 pub_fps=25.2 frames=75180 result_subs=0 roi=ok intrinsic=ok inference_age_ms=145 target=none transport=False sorting_thread=alive
19:49:29 [v4][heartbeat] enter=False sorting=False cam=LIVE ai=LIVE cam_fps=20.5 pub_fps=23.4 frames=75284 result_subs=0 roi=ok intrinsic=ok inference_age_ms=93 target=none transport=False sorting_thread=alive
19:49:34 [v4][heartbeat] enter=False sorting=False cam=LIVE ai=LIVE cam_fps=23.8 pub_fps=24.4 frames=75401 result_subs=0 roi=ok intrinsic=ok inference_age_ms=122 target=none transport=False sorting_thread=alive
19:49:39 [v4][heartbeat] enter=False sorting=False cam=LIVE ai=LIVE cam_fps=23.8 pub_fps=25.0 frames=75520 result_subs=0 roi=ok intrinsic=ok inference_age_ms=155 target=none transport=False sorting_thread=alive
19:49:44 [v4][heartbeat] enter=False sorting=False cam=LIVE ai=LIVE cam_fps=22.3 pub_fps=24.7 frames=75631 result_subs=0 roi=ok intrinsic=ok inference_age_ms=163 target=none transport=False sorting_thread=alive
19:49:49 [v4][heartbeat] enter=False sorting=False cam=LIVE ai=LIVE cam_fps=22.9 pub_fps=24.5 frames=75746 result_subs=0 roi=ok intrinsic=ok inference_age_ms=154 target=none transport=False sorting_thread=alive
19:49:54 [v4][heartbeat] enter=False sorting=False cam=LIVE ai=LIVE cam_fps=22.1 pub_fps=24.7 frames=75856 result_subs=0 roi=ok intrinsic=ok inference_age_ms=139 target=none transport=False sorting_thread=alive
19:49:59 [v4][heartbeat] enter=False sorting=False cam=LIVE ai=LIVE cam_fps=27.1 pub_fps=24.9 frames=75992 result_subs=0 roi=ok intrinsic=ok inference_age_ms=158 target=none transport=False sorting_thread=alive
19:50:04 [v4][heartbeat] enter=False sorting=False cam=LIVE ai=LIVE cam_fps=26.9 pub_fps=25.5 frames=76126 result_subs=0 roi=ok intrinsic=ok inference_age_ms=170 target=none transport=False sorting_thread=alive
19:50:09 [v4][heartbeat] enter=False sorting=False cam=LIVE ai=LIVE cam_fps=21.8 pub_fps=24.6 frames=76235 result_subs=0 roi=ok intrinsic=ok inference_age_ms=191 target=none transport=False sorting_thread=alive
19:50:14 [v4][heartbeat] enter=False sorting=False cam=LIVE ai=LIVE cam_fps=22.2 pub_fps=23.6 frames=76346 result_subs=0 roi=ok intrinsic=ok inference_age_ms=136 target=none transport=False sorting_thread=alive
19:50:19 [v4][heartbeat] enter=False sorting=False cam=LIVE ai=LIVE cam_fps=19.7 pub_fps=23.0 frames=76445 result_subs=0 roi=ok intrinsic=ok inference_age_ms=66 target=none transport=False sorting_thread=alive
19:50:24 [v4][heartbeat] enter=False sorting=False cam=LIVE ai=LIVE cam_fps=22.4 pub_fps=23.6 frames=76556 result_subs=0 roi=ok intrinsic=ok inference_age_ms=90 target=none transport=False sorting_thread=alive
19:50:29 [v4][heartbeat] enter=False sorting=False cam=LIVE ai=LIVE cam_fps=25.1 pub_fps=25.5 frames=76682 result_subs=0 roi=ok intrinsic=ok inference_age_ms=121 target=none transport=False sorting_thread=alive
19:50:34 [v4][heartbeat] enter=False sorting=False cam=LIVE ai=LIVE cam_fps=22.3 pub_fps=25.3 frames=76793 result_subs=0 roi=ok intrinsic=ok inference_age_ms=106 target=none transport=False sorting_thread=alive
19:50:39 [v4][heartbeat] enter=False sorting=False cam=LIVE ai=LIVE cam_fps=20.9 pub_fps=24.9 frames=76898 result_subs=0 roi=ok intrinsic=ok inference_age_ms=79 target=none transport=False sorting_thread=alive
19:50:44 [v4][heartbeat] enter=False sorting=False cam=LIVE ai=LIVE cam_fps=22.4 pub_fps=24.8 frames=77010 result_subs=0 roi=ok intrinsic=ok inference_age_ms=142 target=none transport=False sorting_thread=alive
19:50:49 [v4][heartbeat] enter=False sorting=False cam=LIVE ai=LIVE cam_fps=24.4 pub_fps=25.6 frames=77134 result_subs=0 roi=ok intrinsic=ok inference_age_ms=127 target=none transport=False sorting_thread=alive
19:50:54 [v4][heartbeat] enter=False sorting=False cam=LIVE ai=LIVE cam_fps=21.7 pub_fps=24.0 frames=77241 result_subs=0 roi=ok intrinsic=ok inference_age_ms=157 target=none transport=False sorting_thread=alive
19:50:59 [v4][heartbeat] enter=False sorting=False cam=LIVE ai=LIVE cam_fps=23.0 pub_fps=24.6 frames=77356 result_subs=0 roi=ok intrinsic=ok inference_age_ms=159 target=none transport=False sorting_thread=alive
19:51:04 [v4][heartbeat] enter=False sorting=False cam=LIVE ai=LIVE cam_fps=23.2 pub_fps=24.8 frames=77472 result_subs=0 roi=ok intrinsic=ok inference_age_ms=149 target=none transport=False sorting_thread=alive
19:51:09 [v4][heartbeat] enter=False sorting=False cam=LIVE ai=LIVE cam_fps=22.1 pub_fps=24.3 frames=77582 result_subs=0 roi=ok intrinsic=ok inference_age_ms=217 target=none transport=False sorting_thread=alive
19:51:14 [v4][heartbeat] enter=False sorting=False cam=LIVE ai=LIVE cam_fps=25.8 pub_fps=24.6 frames=77712 result_subs=0 roi=ok intrinsic=ok inference_age_ms=147 target=none transport=False sorting_thread=alive
19:51:19 [v4][heartbeat] enter=False sorting=False cam=LIVE ai=LIVE cam_fps=25.9 pub_fps=25.1 frames=77841 result_subs=0 roi=ok intrinsic=ok inference_age_ms=195 target=none transport=False sorting_thread=alive
19:51:24 [v4][heartbeat] enter=False sorting=False cam=LIVE ai=LIVE cam_fps=20.3 pub_fps=25.1 frames=77942 result_subs=0 roi=ok intrinsic=ok inference_age_ms=155 target=none transport=False sorting_thread=alive
19:51:29 [v4][heartbeat] enter=False sorting=False cam=LIVE ai=LIVE cam_fps=24.0 pub_fps=25.6 frames=78062 result_subs=0 roi=ok intrinsic=ok inference_age_ms=115 target=none transport=False sorting_thread=alive
19:51:34 [v4][heartbeat] enter=False sorting=False cam=LIVE ai=LIVE cam_fps=21.8 pub_fps=24.8 frames=78171 result_subs=0 roi=ok intrinsic=ok inference_age_ms=195 target=none transport=False sorting_thread=alive
19:51:39 [v4][heartbeat] enter=False sorting=False cam=LIVE ai=LIVE cam_fps=26.2 pub_fps=25.0 frames=78302 result_subs=0 roi=ok intrinsic=ok inference_age_ms=121 target=none transport=False sorting_thread=alive
19:51:44 [v4][heartbeat] enter=False sorting=False cam=LIVE ai=LIVE cam_fps=20.8 pub_fps=23.2 frames=78407 result_subs=0 roi=ok intrinsic=ok inference_age_ms=104 target=none transport=False sorting_thread=alive
19:51:49 [v4][heartbeat] enter=False sorting=False cam=LIVE ai=LIVE cam_fps=20.9 pub_fps=23.7 frames=78513 result_subs=0 roi=ok intrinsic=ok inference_age_ms=93 target=none transport=False sorting_thread=alive
19:51:54 [v4][heartbeat] enter=False sorting=False cam=LIVE ai=LIVE cam_fps=20.4 pub_fps=23.0 frames=78614 result_subs=0 roi=ok intrinsic=ok inference_age_ms=148 target=none transport=False sorting_thread=alive
19:51:59 [v4][heartbeat] enter=False sorting=False cam=LIVE ai=LIVE cam_fps=17.3 pub_fps=23.4 frames=78700 result_subs=0 roi=ok intrinsic=ok inference_age_ms=106 target=none transport=False sorting_thread=alive
19:52:04 [v4][publish] result_subs changed: 0 -> 1
19:52:04 [v4][heartbeat] enter=False sorting=False cam=LIVE ai=LIVE cam_fps=21.5 pub_fps=24.1 frames=78807 result_subs=1 roi=ok intrinsic=ok inference_age_ms=115 target=none transport=False sorting_thread=alive
19:52:09 [v4][heartbeat] enter=False sorting=False cam=LIVE ai=LIVE cam_fps=17.7 pub_fps=22.5 frames=78896 result_subs=1 roi=ok intrinsic=ok inference_age_ms=138 target=none transport=False sorting_thread=alive
19:52:14 [v4][heartbeat] enter=False sorting=False cam=LIVE ai=LIVE cam_fps=16.3 pub_fps=23.3 frames=78977 result_subs=1 roi=ok intrinsic=ok inference_age_ms=109 target=none transport=False sorting_thread=alive
19:52:19 [v4][heartbeat] enter=False sorting=False cam=LIVE ai=LIVE cam_fps=20.4 pub_fps=23.2 frames=79079 result_subs=1 roi=ok intrinsic=ok inference_age_ms=103 target=none transport=False sorting_thread=alive
19:52:24 [v4][heartbeat] enter=False sorting=False cam=LIVE ai=LIVE cam_fps=17.2 pub_fps=22.4 frames=79165 result_subs=1 roi=ok intrinsic=ok inference_age_ms=269 target=none transport=False sorting_thread=alive
19:52:29 [v4][heartbeat] enter=False sorting=False cam=LIVE ai=LIVE cam_fps=17.2 pub_fps=22.8 frames=79252 result_subs=1 roi=ok intrinsic=ok inference_age_ms=94 target=none transport=False sorting_thread=alive
19:52:34 [v4][heartbeat] enter=False sorting=False cam=LIVE ai=LIVE cam_fps=21.5 pub_fps=24.9 frames=79359 result_subs=1 roi=ok intrinsic=ok inference_age_ms=111 target=none transport=False sorting_thread=alive
19:52:39 [v4][heartbeat] enter=False sorting=False cam=LIVE ai=LIVE cam_fps=19.0 pub_fps=23.2 frames=79454 result_subs=1 roi=ok intrinsic=ok inference_age_ms=183 target=none transport=False sorting_thread=alive
19:52:44 [v4][heartbeat] enter=False sorting=False cam=LIVE ai=LIVE cam_fps=18.8 pub_fps=23.2 frames=79548 result_subs=1 roi=ok intrinsic=ok inference_age_ms=121 target=none transport=False sorting_thread=alive
19:52:49 [v4][heartbeat] enter=False sorting=False cam=LIVE ai=LIVE cam_fps=18.0 pub_fps=22.6 frames=79638 result_subs=1 roi=ok intrinsic=ok inference_age_ms=114 target=none transport=False sorting_thread=alive
19:52:54 [v4][heartbeat] enter=False sorting=False cam=LIVE ai=LIVE cam_fps=15.7 pub_fps=22.3 frames=79717 result_subs=1 roi=ok intrinsic=ok inference_age_ms=137 target=none transport=False sorting_thread=alive
19:52:59 [v4][heartbeat] enter=False sorting=False cam=LIVE ai=LIVE cam_fps=18.4 pub_fps=22.2 frames=79809 result_subs=1 roi=ok intrinsic=ok inference_age_ms=140 target=none transport=False sorting_thread=alive
19:53:04 [v4][heartbeat] enter=False sorting=False cam=LIVE ai=LIVE cam_fps=18.1 pub_fps=22.9 frames=79900 result_subs=1 roi=ok intrinsic=ok inference_age_ms=142 target=none transport=False sorting_thread=alive
19:53:09 [v4][heartbeat] enter=False sorting=False cam=LIVE ai=LIVE cam_fps=19.4 pub_fps=23.2 frames=79996 result_subs=1 roi=ok intrinsic=ok inference_age_ms=169 target=none transport=False sorting_thread=alive
19:53:14 [v4][heartbeat] enter=False sorting=False cam=LIVE ai=LIVE cam_fps=21.6 pub_fps=24.2 frames=80104 result_subs=1 roi=ok intrinsic=ok inference_age_ms=146 target=none transport=False sorting_thread=alive
19:53:19 [v4][heartbeat] enter=False sorting=False cam=LIVE ai=LIVE cam_fps=19.7 pub_fps=24.1 frames=80203 result_subs=1 roi=ok intrinsic=ok inference_age_ms=148 target=none transport=False sorting_thread=alive
19:53:24 [v4][heartbeat] enter=False sorting=False cam=LIVE ai=LIVE cam_fps=20.1 pub_fps=23.5 frames=80304 result_subs=1 roi=ok intrinsic=ok inference_age_ms=106 target=none transport=False sorting_thread=alive
19:53:29 [v4][heartbeat] enter=False sorting=False cam=LIVE ai=LIVE cam_fps=19.2 pub_fps=24.8 frames=80400 result_subs=1 roi=ok intrinsic=ok inference_age_ms=93 target=none transport=False sorting_thread=alive
19:53:34 [v4][heartbeat] enter=False sorting=False cam=LIVE ai=LIVE cam_fps=16.9 pub_fps=22.1 frames=80484 result_subs=1 roi=ok intrinsic=ok inference_age_ms=168 target=none transport=False sorting_thread=alive
19:53:39 [v4][heartbeat] enter=False sorting=False cam=LIVE ai=LIVE cam_fps=17.9 pub_fps=23.7 frames=80574 result_subs=1 roi=ok intrinsic=ok inference_age_ms=181 target=none transport=False sorting_thread=alive
19:53:44 [v4][heartbeat] enter=False sorting=False cam=LIVE ai=LIVE cam_fps=17.4 pub_fps=23.0 frames=80661 result_subs=1 roi=ok intrinsic=ok inference_age_ms=155 target=none transport=False sorting_thread=alive
19:53:49 [v4][heartbeat] enter=False sorting=False cam=LIVE ai=LIVE cam_fps=18.3 pub_fps=23.5 frames=80752 result_subs=1 roi=ok intrinsic=ok inference_age_ms=145 target=none transport=False sorting_thread=alive
19:53:54 [v4][heartbeat] enter=False sorting=False cam=LIVE ai=LIVE cam_fps=17.6 pub_fps=22.2 frames=80841 result_subs=1 roi=ok intrinsic=ok inference_age_ms=85 target=none transport=False sorting_thread=alive
19:53:59 [v4][heartbeat] enter=False sorting=False cam=LIVE ai=LIVE cam_fps=19.6 pub_fps=24.1 frames=80938 result_subs=1 roi=ok intrinsic=ok inference_age_ms=172 target=none transport=False sorting_thread=alive
19:54:04 [v4][heartbeat] enter=False sorting=False cam=LIVE ai=LIVE cam_fps=16.8 pub_fps=22.8 frames=81023 result_subs=1 roi=ok intrinsic=ok inference_age_ms=222 target=none transport=False sorting_thread=alive
19:54:09 [v4][heartbeat] enter=False sorting=False cam=LIVE ai=LIVE cam_fps=15.3 pub_fps=21.9 frames=81100 result_subs=1 roi=ok intrinsic=ok inference_age_ms=269 target=none transport=False sorting_thread=alive
19:54:14 [v4][heartbeat] enter=False sorting=False cam=LIVE ai=LIVE cam_fps=17.0 pub_fps=23.7 frames=81184 result_subs=1 roi=ok intrinsic=ok inference_age_ms=131 target=none transport=False sorting_thread=alive
19:54:19 [v4][heartbeat] enter=False sorting=False cam=LIVE ai=LIVE cam_fps=17.6 pub_fps=23.4 frames=81272 result_subs=1 roi=ok intrinsic=ok inference_age_ms=143 target=none transport=False sorting_thread=alive
19:54:24 [v4][heartbeat] enter=False sorting=False cam=LIVE ai=LIVE cam_fps=21.4 pub_fps=24.4 frames=81379 result_subs=1 roi=ok intrinsic=ok inference_age_ms=107 target=none transport=False sorting_thread=alive
19:54:29 [v4][heartbeat] enter=False sorting=False cam=LIVE ai=LIVE cam_fps=19.7 pub_fps=23.3 frames=81478 result_subs=1 roi=ok intrinsic=ok inference_age_ms=168 target=none transport=False sorting_thread=alive
19:54:34 [v4][heartbeat] enter=False sorting=False cam=LIVE ai=LIVE cam_fps=20.5 pub_fps=25.5 frames=81580 result_subs=1 roi=ok intrinsic=ok inference_age_ms=112 target=none transport=False sorting_thread=alive
19:54:39 [v4][heartbeat] enter=False sorting=False cam=LIVE ai=LIVE cam_fps=21.2 pub_fps=24.4 frames=81686 result_subs=1 roi=ok intrinsic=ok inference_age_ms=114 target=none transport=False sorting_thread=alive
19:54:44 [v4][heartbeat] enter=False sorting=False cam=LIVE ai=LIVE cam_fps=18.9 pub_fps=23.1 frames=81781 result_subs=1 roi=ok intrinsic=ok inference_age_ms=189 target=none transport=False sorting_thread=alive
19:54:49 [v4][heartbeat] enter=False sorting=False cam=LIVE ai=LIVE cam_fps=15.4 pub_fps=21.6 frames=81859 result_subs=1 roi=ok intrinsic=ok inference_age_ms=141 target=none transport=False sorting_thread=alive
19:54:54 [v4][heartbeat] enter=False sorting=False cam=LIVE ai=LIVE cam_fps=20.3 pub_fps=24.5 frames=81959 result_subs=1 roi=ok intrinsic=ok inference_age_ms=213 target=none transport=False sorting_thread=alive
19:54:59 [v4][heartbeat] enter=False sorting=False cam=LIVE ai=LIVE cam_fps=18.9 pub_fps=24.9 frames=82055 result_subs=1 roi=ok intrinsic=ok inference_age_ms=136 target=none transport=False sorting_thread=alive
19:55:04 [v4][heartbeat] enter=False sorting=False cam=LIVE ai=LIVE cam_fps=19.3 pub_fps=23.5 frames=82151 result_subs=1 roi=ok intrinsic=ok inference_age_ms=162 target=none transport=False sorting_thread=alive
19:55:09 [v4][heartbeat] enter=False sorting=False cam=LIVE ai=LIVE cam_fps=19.7 pub_fps=25.1 frames=82248 result_subs=1 roi=ok intrinsic=ok inference_age_ms=161 target=none transport=False sorting_thread=alive
19:55:14 [v4][heartbeat] enter=False sorting=False cam=LIVE ai=LIVE cam_fps=16.9 pub_fps=24.6 frames=82333 result_subs=1 roi=ok intrinsic=ok inference_age_ms=142 target=none transport=False sorting_thread=alive
19:55:19 [v4][heartbeat] enter=False sorting=False cam=LIVE ai=LIVE cam_fps=21.3 pub_fps=24.8 frames=82439 result_subs=1 roi=ok intrinsic=ok inference_age_ms=114 target=none transport=False sorting_thread=alive
19:55:24 [v4][heartbeat] enter=False sorting=False cam=LIVE ai=LIVE cam_fps=18.0 pub_fps=24.4 frames=82530 result_subs=1 roi=ok intrinsic=ok inference_age_ms=167 target=none transport=False sorting_thread=alive
19:55:29 [v4][heartbeat] enter=False sorting=False cam=LIVE ai=LIVE cam_fps=17.5 pub_fps=23.2 frames=82617 result_subs=1 roi=ok intrinsic=ok inference_age_ms=105 target=none transport=False sorting_thread=alive
19:55:34 [v4][heartbeat] enter=False sorting=False cam=LIVE ai=LIVE cam_fps=22.0 pub_fps=24.8 frames=82727 result_subs=1 roi=ok intrinsic=ok inference_age_ms=184 target=none transport=False sorting_thread=alive
19:55:39 [v4][heartbeat] enter=False sorting=False cam=LIVE ai=LIVE cam_fps=20.6 pub_fps=24.2 frames=82830 result_subs=1 roi=ok intrinsic=ok inference_age_ms=231 target=none transport=False sorting_thread=alive
19:55:44 [v4][heartbeat] enter=False sorting=False cam=LIVE ai=LIVE cam_fps=18.8 pub_fps=23.0 frames=82924 result_subs=1 roi=ok intrinsic=ok inference_age_ms=127 target=none transport=False sorting_thread=alive
19:55:49 [v4][heartbeat] enter=False sorting=False cam=LIVE ai=LIVE cam_fps=21.1 pub_fps=24.5 frames=83029 result_subs=1 roi=ok intrinsic=ok inference_age_ms=103 target=none transport=False sorting_thread=alive
19:55:54 [v4][heartbeat] enter=False sorting=False cam=LIVE ai=LIVE cam_fps=17.9 pub_fps=22.3 frames=83119 result_subs=1 roi=ok intrinsic=ok inference_age_ms=116 target=none transport=False sorting_thread=alive
19:55:59 [v4][heartbeat] enter=False sorting=False cam=LIVE ai=LIVE cam_fps=19.8 pub_fps=23.4 frames=83218 result_subs=1 roi=ok intrinsic=ok inference_age_ms=159 target=none transport=False sorting_thread=alive
19:56:04 [v4][heartbeat] enter=False sorting=False cam=LIVE ai=LIVE cam_fps=17.8 pub_fps=24.0 frames=83307 result_subs=1 roi=ok intrinsic=ok inference_age_ms=120 target=none transport=False sorting_thread=alive
19:56:09 [v4][heartbeat] enter=False sorting=False cam=LIVE ai=LIVE cam_fps=24.1 pub_fps=24.3 frames=83428 result_subs=1 roi=ok intrinsic=ok inference_age_ms=145 target=none transport=False sorting_thread=alive
19:56:14 [v4][heartbeat] enter=False sorting=False cam=LIVE ai=LIVE cam_fps=21.7 pub_fps=23.1 frames=83537 result_subs=1 roi=ok intrinsic=ok inference_age_ms=131 target=none transport=False sorting_thread=alive
19:56:19 [v4][heartbeat] enter=False sorting=False cam=LIVE ai=LIVE cam_fps=18.6 pub_fps=23.6 frames=83629 result_subs=1 roi=ok intrinsic=ok inference_age_ms=127 target=none transport=False sorting_thread=alive
19:56:24 [v4][heartbeat] enter=False sorting=False cam=LIVE ai=LIVE cam_fps=19.9 pub_fps=23.1 frames=83728 result_subs=1 roi=ok intrinsic=ok inference_age_ms=146 target=none transport=False sorting_thread=alive
19:56:29 [v4][heartbeat] enter=False sorting=False cam=LIVE ai=LIVE cam_fps=19.9 pub_fps=23.7 frames=83829 result_subs=1 roi=ok intrinsic=ok inference_age_ms=156 target=none transport=False sorting_thread=alive
19:56:34 [v4][heartbeat] enter=False sorting=False cam=LIVE ai=LIVE cam_fps=22.2 pub_fps=25.4 frames=83938 result_subs=1 roi=ok intrinsic=ok inference_age_ms=114 target=none transport=False sorting_thread=alive
19:56:39 [v4][heartbeat] enter=False sorting=False cam=LIVE ai=LIVE cam_fps=19.3 pub_fps=24.5 frames=84035 result_subs=1 roi=ok intrinsic=ok inference_age_ms=171 target=none transport=False sorting_thread=alive
19:56:44 [v4][heartbeat] enter=False sorting=False cam=LIVE ai=LIVE cam_fps=19.1 pub_fps=23.0 frames=84131 result_subs=1 roi=ok intrinsic=ok inference_age_ms=146 target=none transport=False sorting_thread=alive
19:56:49 [v4][heartbeat] enter=False sorting=False cam=LIVE ai=LIVE cam_fps=18.9 pub_fps=23.2 frames=84225 result_subs=1 roi=ok intrinsic=ok inference_age_ms=90 target=none transport=False sorting_thread=alive
19:56:54 [v4][heartbeat] enter=False sorting=False cam=LIVE ai=LIVE cam_fps=18.9 pub_fps=24.6 frames=84319 result_subs=1 roi=ok intrinsic=ok inference_age_ms=52 target=none transport=False sorting_thread=alive
19:56:59 [v4][heartbeat] enter=False sorting=False cam=LIVE ai=LIVE cam_fps=19.0 pub_fps=22.6 frames=84414 result_subs=1 roi=ok intrinsic=ok inference_age_ms=185 target=none transport=False sorting_thread=alive
19:57:04 [v4][heartbeat] enter=False sorting=False cam=LIVE ai=LIVE cam_fps=19.6 pub_fps=23.6 frames=84512 result_subs=1 roi=ok intrinsic=ok inference_age_ms=114 target=none transport=False sorting_thread=alive
19:57:09 [v4][heartbeat] enter=False sorting=False cam=LIVE ai=LIVE cam_fps=21.2 pub_fps=25.8 frames=84618 result_subs=1 roi=ok intrinsic=ok inference_age_ms=99 target=none transport=False sorting_thread=alive
19:57:14 [v4][heartbeat] enter=False sorting=False cam=LIVE ai=LIVE cam_fps=20.4 pub_fps=24.0 frames=84721 result_subs=1 roi=ok intrinsic=ok inference_age_ms=106 target=none transport=False sorting_thread=alive
19:57:19 [v4][heartbeat] enter=False sorting=False cam=LIVE ai=LIVE cam_fps=22.0 pub_fps=24.8 frames=84830 result_subs=1 roi=ok intrinsic=ok inference_age_ms=127 target=none transport=False sorting_thread=alive
19:57:24 [v4][heartbeat] enter=False sorting=False cam=LIVE ai=LIVE cam_fps=21.0 pub_fps=25.6 frames=84935 result_subs=1 roi=ok intrinsic=ok inference_age_ms=108 target=none transport=False sorting_thread=alive
19:57:29 [v4][heartbeat] enter=False sorting=False cam=LIVE ai=LIVE cam_fps=20.8 pub_fps=24.0 frames=85040 result_subs=1 roi=ok intrinsic=ok inference_age_ms=232 target=none transport=False sorting_thread=alive
19:57:34 [v4][heartbeat] enter=False sorting=False cam=LIVE ai=LIVE cam_fps=17.4 pub_fps=24.3 frames=85126 result_subs=1 roi=ok intrinsic=ok inference_age_ms=124 target=none transport=False sorting_thread=alive
19:57:39 [v4][heartbeat] enter=False sorting=False cam=LIVE ai=LIVE cam_fps=20.5 pub_fps=23.9 frames=85230 result_subs=1 roi=ok intrinsic=ok inference_age_ms=137 target=none transport=False sorting_thread=alive
19:57:44 [v4][heartbeat] enter=False sorting=False cam=LIVE ai=LIVE cam_fps=18.6 pub_fps=23.7 frames=85323 result_subs=1 roi=ok intrinsic=ok inference_age_ms=127 target=none transport=False sorting_thread=alive
19:57:49 [v4][heartbeat] enter=False sorting=False cam=LIVE ai=LIVE cam_fps=23.2 pub_fps=24.6 frames=85439 result_subs=1 roi=ok intrinsic=ok inference_age_ms=137 target=none transport=False sorting_thread=alive
19:57:54 [v4][heartbeat] enter=False sorting=False cam=LIVE ai=LIVE cam_fps=18.0 pub_fps=22.4 frames=85528 result_subs=1 roi=ok intrinsic=ok inference_age_ms=153 target=none transport=False sorting_thread=alive
19:57:57 [v4][enter] enter requested (camera subs were already alive)
19:57:57 [v4][svc] enable_sorting -> True
19:57:58 [v4][sorting-loop] UNHANDLED exception — loop continuing
19:57:58 [v4][sorting-loop] EXCEPTION: TypeError: 'NoneType' object is not subscriptable
Traceback (most recent call last):
  File "/home/ubuntu/ros2_ws/build/app/app/custom_sortingv5.py", line 2943, in sorting_loop
    position, projection_matrix = self.get_object_world_position(
  File "/home/ubuntu/ros2_ws/build/app/app/custom_sortingv5.py", line 2551, in get_object_world_position
    position = white_area_center[:3, 3] + world_pose
TypeError: 'NoneType' object is not subscriptable
19:57:58 [v4][roi] reading transform.yaml from /home/ubuntu/ros2_ws/src/app/config/transform.yaml
19:57:58 [v4][roi]   loaded plane: [-0.015408908686640967, -0.08243832166670331, -0.996477038698767, 0.21877395196631844]
19:57:58 [v4][roi]   yaml loaded: extristric.shape=(4, 3) corners.shape=(5, 3) white_area_center.shape=(4, 4)
19:57:58 [v4][roi]   intrinsic ready after 0.00s (shape=(3, 3)) distortion.shape=(8,)
19:57:58 [v4][roi]   extrinsic plane shift done
19:57:58 [v4][roi]   projected 4 corners to image pixels
19:57:58 [v4][roi]   computed roi (y=0..513 x=21..544) on intrinsic shape=(3, 3)
19:57:58 [v4][sorting-loop] ROI built - detection branch is now live
19:57:59 [v4][heartbeat] enter=True sorting=True cam=LIVE ai=LIVE cam_fps=19.8 pub_fps=24.8 frames=85627 result_subs=1 roi=ok intrinsic=ok inference_age_ms=57 target=red cube transport=False sorting_thread=alive
19:58:04 [v4][heartbeat] enter=True sorting=True cam=LIVE ai=LIVE cam_fps=22.2 pub_fps=24.4 frames=85739 result_subs=1 roi=ok intrinsic=ok inference_age_ms=129 target=red cube transport=False sorting_thread=alive
19:58:09 [v4][heartbeat] enter=True sorting=True cam=LIVE ai=LIVE cam_fps=19.3 pub_fps=24.1 frames=85835 result_subs=1 roi=ok intrinsic=ok inference_age_ms=143 target=red cube transport=False sorting_thread=alive
19:58:14 [v4][heartbeat] enter=True sorting=True cam=LIVE ai=LIVE cam_fps=16.8 pub_fps=22.9 frames=85919 result_subs=1 roi=ok intrinsic=ok inference_age_ms=172 target=red cube transport=False sorting_thread=alive
19:58:19 [v4][heartbeat] enter=True sorting=True cam=LIVE ai=LIVE cam_fps=18.6 pub_fps=24.4 frames=86012 result_subs=1 roi=ok intrinsic=ok inference_age_ms=160 target=red cube transport=False sorting_thread=alive
19:58:24 [v4][heartbeat] enter=True sorting=True cam=LIVE ai=LIVE cam_fps=16.3 pub_fps=24.1 frames=86093 result_subs=1 roi=ok intrinsic=ok inference_age_ms=159 target=scaff transport=False sorting_thread=alive
19:58:25 [v4][svc] enable_sorting -> False
19:58:29 [v4][heartbeat] enter=True sorting=False cam=LIVE ai=LIVE cam_fps=18.0 pub_fps=23.2 frames=86184 result_subs=1 roi=ok intrinsic=ok inference_age_ms=82 target=scaff transport=False sorting_thread=alive
19:58:34 [v4][heartbeat] enter=True sorting=False cam=LIVE ai=LIVE cam_fps=16.9 pub_fps=23.1 frames=86269 result_subs=1 roi=ok intrinsic=ok inference_age_ms=196 target=scaff transport=False sorting_thread=alive
19:58:39 [v4][heartbeat] enter=True sorting=False cam=LIVE ai=LIVE cam_fps=18.4 pub_fps=23.5 frames=86360 result_subs=1 roi=ok intrinsic=ok inference_age_ms=200 target=scaff transport=False sorting_thread=alive
19:58:40 [v4][svc] enable_sorting -> False
19:58:40 [v4][calibrate] sorting force-stopped; starting calibration
19:58:41 [v4][calibrate] finished; rebuilding ROI from new transform.yaml
19:58:41 [v4][roi] reading transform.yaml from /home/ubuntu/ros2_ws/src/app/config/transform.yaml
19:58:41 [v4][roi]   loaded plane: [-0.015408908686640967, -0.08243832166670331, -0.996477038698767, 0.21877395196631844]
19:58:41 [v4][roi]   yaml loaded: extristric.shape=(4, 3) corners.shape=(5, 3) white_area_center.shape=(4, 4)
19:58:41 [v4][roi]   intrinsic ready after 0.00s (shape=(3, 3)) distortion.shape=(8,)
19:58:41 [v4][roi]   extrinsic plane shift done
19:58:41 [v4][roi]   projected 4 corners to image pixels
19:58:41 [v4][roi]   computed roi (y=0..513 x=21..544) on intrinsic shape=(3, 3)
19:58:41 [v4][sorting-loop] ROI built - detection branch is now live
19:58:44 [v4][heartbeat] enter=True sorting=False cam=LIVE ai=LIVE cam_fps=15.6 pub_fps=21.8 frames=86438 result_subs=1 roi=ok intrinsic=ok inference_age_ms=169 target=none transport=False sorting_thread=alive
19:58:49 [v4][heartbeat] enter=True sorting=False cam=LIVE ai=LIVE cam_fps=30.0 pub_fps=25.4 frames=86588 result_subs=1 roi=ok intrinsic=ok inference_age_ms=81 target=none transport=False sorting_thread=alive
19:58:54 [v4][heartbeat] enter=True sorting=False cam=LIVE ai=LIVE cam_fps=53.4 pub_fps=30.2 frames=86855 result_subs=1 roi=ok intrinsic=ok inference_age_ms=49 target=none transport=False sorting_thread=alive
19:58:59 [v4][heartbeat] enter=True sorting=False cam=LIVE ai=LIVE cam_fps=49.6 pub_fps=30.4 frames=87103 result_subs=1 roi=ok intrinsic=ok inference_age_ms=57 target=none transport=False sorting_thread=alive
19:59:04 [v4][heartbeat] enter=True sorting=False cam=LIVE ai=LIVE cam_fps=53.1 pub_fps=30.4 frames=87369 result_subs=1 roi=ok intrinsic=ok inference_age_ms=91 target=none transport=False sorting_thread=alive
19:59:09 [v4][heartbeat] enter=True sorting=False cam=LIVE ai=LIVE cam_fps=50.9 pub_fps=30.2 frames=87623 result_subs=1 roi=ok intrinsic=ok inference_age_ms=65 target=none transport=False sorting_thread=alive
19:59:14 [v4][heartbeat] enter=True sorting=False cam=LIVE ai=LIVE cam_fps=48.6 pub_fps=30.2 frames=87866 result_subs=1 roi=ok intrinsic=ok inference_age_ms=66 target=none transport=False sorting_thread=alive
19:59:19 [v4][heartbeat] enter=True sorting=False cam=LIVE ai=LIVE cam_fps=55.0 pub_fps=30.4 frames=88141 result_subs=1 roi=ok intrinsic=ok inference_age_ms=89 target=none transport=False sorting_thread=alive
19:59:24 [v4][heartbeat] enter=True sorting=False cam=LIVE ai=LIVE cam_fps=50.8 pub_fps=30.4 frames=88395 result_subs=1 roi=ok intrinsic=ok inference_age_ms=86 target=none transport=False sorting_thread=alive
19:59:29 [v4][heartbeat] enter=True sorting=False cam=LIVE ai=LIVE cam_fps=48.5 pub_fps=30.2 frames=88637 result_subs=1 roi=ok intrinsic=ok inference_age_ms=75 target=none transport=False sorting_thread=alive
19:59:34 [v4][heartbeat] enter=True sorting=False cam=LIVE ai=LIVE cam_fps=52.0 pub_fps=30.4 frames=88897 result_subs=1 roi=ok intrinsic=ok inference_age_ms=72 target=none transport=False sorting_thread=alive
19:59:39 [v4][heartbeat] enter=True sorting=False cam=LIVE ai=LIVE cam_fps=46.8 pub_fps=30.2 frames=89131 result_subs=1 roi=ok intrinsic=ok inference_age_ms=69 target=none transport=False sorting_thread=alive
19:59:44 [v4][heartbeat] enter=True sorting=False cam=LIVE ai=LIVE cam_fps=53.4 pub_fps=30.4 frames=89398 result_subs=1 roi=ok intrinsic=ok inference_age_ms=51 target=none transport=False sorting_thread=alive
19:59:49 [v4][heartbeat] enter=True sorting=False cam=LIVE ai=LIVE cam_fps=48.2 pub_fps=30.2 frames=89639 result_subs=1 roi=ok intrinsic=ok inference_age_ms=49 target=none transport=False sorting_thread=alive
19:59:54 [v4][heartbeat] enter=True sorting=False cam=LIVE ai=LIVE cam_fps=51.8 pub_fps=30.4 frames=89898 result_subs=1 roi=ok intrinsic=ok inference_age_ms=90 target=none transport=False sorting_thread=alive
19:59:59 [v4][heartbeat] enter=True sorting=False cam=LIVE ai=LIVE cam_fps=55.4 pub_fps=30.2 frames=90175 result_subs=1 roi=ok intrinsic=ok inference_age_ms=62 target=none transport=False sorting_thread=alive
20:00:04 [v4][heartbeat] enter=True sorting=False cam=LIVE ai=LIVE cam_fps=50.4 pub_fps=30.4 frames=90427 result_subs=1 roi=ok intrinsic=ok inference_age_ms=50 target=none transport=False sorting_thread=alive
20:00:09 [v4][heartbeat] enter=True sorting=False cam=LIVE ai=LIVE cam_fps=52.2 pub_fps=30.2 frames=90688 result_subs=1 roi=ok intrinsic=ok inference_age_ms=70 target=none transport=False sorting_thread=alive
20:00:14 [v4][heartbeat] enter=True sorting=False cam=LIVE ai=LIVE cam_fps=51.2 pub_fps=30.4 frames=90944 result_subs=1 roi=ok intrinsic=ok inference_age_ms=89 target=none transport=False sorting_thread=alive
20:00:19 [v4][heartbeat] enter=True sorting=False cam=LIVE ai=LIVE cam_fps=51.0 pub_fps=30.2 frames=91199 result_subs=1 roi=ok intrinsic=ok inference_age_ms=78 target=none transport=False sorting_thread=alive
20:00:24 [v4][heartbeat] enter=True sorting=False cam=LIVE ai=LIVE cam_fps=53.2 pub_fps=30.4 frames=91465 result_subs=1 roi=ok intrinsic=ok inference_age_ms=91 target=none transport=False sorting_thread=alive
20:00:29 [v4][heartbeat] enter=True sorting=False cam=LIVE ai=LIVE cam_fps=49.2 pub_fps=30.2 frames=91711 result_subs=1 roi=ok intrinsic=ok inference_age_ms=57 target=none transport=False sorting_thread=alive
20:00:34 [v4][heartbeat] enter=True sorting=False cam=LIVE ai=LIVE cam_fps=55.0 pub_fps=30.4 frames=91986 result_subs=1 roi=ok intrinsic=ok inference_age_ms=79 target=none transport=False sorting_thread=alive
20:00:39 [v4][heartbeat] enter=True sorting=False cam=LIVE ai=LIVE cam_fps=51.2 pub_fps=30.4 frames=92242 result_subs=1 roi=ok intrinsic=ok inference_age_ms=47 target=none transport=False sorting_thread=alive
20:00:44 [v4][heartbeat] enter=True sorting=False cam=LIVE ai=LIVE cam_fps=50.9 pub_fps=30.2 frames=92496 result_subs=1 roi=ok intrinsic=ok inference_age_ms=73 target=none transport=False sorting_thread=alive
20:00:49 [v4][heartbeat] enter=True sorting=False cam=LIVE ai=LIVE cam_fps=53.0 pub_fps=30.4 frames=92761 result_subs=1 roi=ok intrinsic=ok inference_age_ms=105 target=none transport=False sorting_thread=alive
20:00:54 [v4][heartbeat] enter=True sorting=False cam=LIVE ai=LIVE cam_fps=51.0 pub_fps=30.2 frames=93016 result_subs=1 roi=ok intrinsic=ok inference_age_ms=92 target=none transport=False sorting_thread=alive
20:00:59 [v4][heartbeat] enter=True sorting=False cam=LIVE ai=LIVE cam_fps=54.2 pub_fps=30.2 frames=93287 result_subs=1 roi=ok intrinsic=ok inference_age_ms=55 target=none transport=False sorting_thread=alive
20:01:04 [v4][heartbeat] enter=True sorting=False cam=LIVE ai=LIVE cam_fps=50.6 pub_fps=30.4 frames=93540 result_subs=1 roi=ok intrinsic=ok inference_age_ms=56 target=none transport=False sorting_thread=alive
20:01:09 [v4][heartbeat] enter=True sorting=False cam=LIVE ai=LIVE cam_fps=50.2 pub_fps=30.2 frames=93791 result_subs=1 roi=ok intrinsic=ok inference_age_ms=42 target=none transport=False sorting_thread=alive
20:01:14 [v4][heartbeat] enter=True sorting=False cam=LIVE ai=LIVE cam_fps=53.2 pub_fps=30.4 frames=94057 result_subs=1 roi=ok intrinsic=ok inference_age_ms=96 target=none transport=False sorting_thread=alive
20:01:19 [v4][heartbeat] enter=True sorting=False cam=LIVE ai=LIVE cam_fps=49.6 pub_fps=30.2 frames=94305 result_subs=1 roi=ok intrinsic=ok inference_age_ms=45 target=none transport=False sorting_thread=alive
20:01:24 [v4][heartbeat] enter=True sorting=False cam=LIVE ai=LIVE cam_fps=52.6 pub_fps=30.4 frames=94568 result_subs=1 roi=ok intrinsic=ok inference_age_ms=70 target=none transport=False sorting_thread=alive
20:01:29 [v4][heartbeat] enter=True sorting=False cam=LIVE ai=LIVE cam_fps=50.0 pub_fps=30.2 frames=94818 result_subs=1 roi=ok intrinsic=ok inference_age_ms=86 target=none transport=False sorting_thread=alive
20:01:34 [v4][heartbeat] enter=True sorting=False cam=LIVE ai=LIVE cam_fps=48.6 pub_fps=30.4 frames=95061 result_subs=1 roi=ok intrinsic=ok inference_age_ms=51 target=none transport=False sorting_thread=alive
20:01:39 [v4][heartbeat] enter=True sorting=False cam=LIVE ai=LIVE cam_fps=53.6 pub_fps=30.2 frames=95329 result_subs=1 roi=ok intrinsic=ok inference_age_ms=91 target=none transport=False sorting_thread=alive
20:01:44 [v4][heartbeat] enter=True sorting=False cam=LIVE ai=LIVE cam_fps=49.8 pub_fps=30.4 frames=95578 result_subs=1 roi=ok intrinsic=ok inference_age_ms=94 target=none transport=False sorting_thread=alive
20:01:49 [v4][heartbeat] enter=True sorting=False cam=LIVE ai=LIVE cam_fps=48.0 pub_fps=30.2 frames=95818 result_subs=1 roi=ok intrinsic=ok inference_age_ms=73 target=none transport=False sorting_thread=alive
20:01:54 [v4][heartbeat] enter=True sorting=False cam=LIVE ai=LIVE cam_fps=51.0 pub_fps=30.4 frames=96073 result_subs=1 roi=ok intrinsic=ok inference_age_ms=77 target=none transport=False sorting_thread=alive
20:01:59 [v4][heartbeat] enter=True sorting=False cam=LIVE ai=LIVE cam_fps=47.6 pub_fps=30.2 frames=96311 result_subs=1 roi=ok intrinsic=ok inference_age_ms=27 target=none transport=False sorting_thread=alive
20:02:04 [v4][heartbeat] enter=True sorting=False cam=LIVE ai=LIVE cam_fps=52.6 pub_fps=30.4 frames=96574 result_subs=1 roi=ok intrinsic=ok inference_age_ms=49 target=none transport=False sorting_thread=alive
20:02:09 [v4][heartbeat] enter=True sorting=False cam=LIVE ai=LIVE cam_fps=51.6 pub_fps=30.2 frames=96832 result_subs=1 roi=ok intrinsic=ok inference_age_ms=80 target=none transport=False sorting_thread=alive
20:02:14 [v4][heartbeat] enter=True sorting=False cam=LIVE ai=LIVE cam_fps=53.8 pub_fps=30.4 frames=97101 result_subs=1 roi=ok intrinsic=ok inference_age_ms=94 target=none transport=False sorting_thread=alive
20:02:19 [v4][heartbeat] enter=True sorting=False cam=LIVE ai=LIVE cam_fps=52.6 pub_fps=30.4 frames=97364 result_subs=1 roi=ok intrinsic=ok inference_age_ms=60 target=none transport=False sorting_thread=alive
20:02:24 [v4][heartbeat] enter=True sorting=False cam=LIVE ai=LIVE cam_fps=46.4 pub_fps=30.2 frames=97596 result_subs=1 roi=ok intrinsic=ok inference_age_ms=62 target=none transport=False sorting_thread=alive
20:02:29 [v4][heartbeat] enter=True sorting=False cam=LIVE ai=LIVE cam_fps=53.6 pub_fps=30.4 frames=97864 result_subs=1 roi=ok intrinsic=ok inference_age_ms=68 target=none transport=False sorting_thread=alive
20:02:34 [v4][heartbeat] enter=True sorting=False cam=LIVE ai=LIVE cam_fps=47.9 pub_fps=30.2 frames=98103 result_subs=1 roi=ok intrinsic=ok inference_age_ms=68 target=none transport=False sorting_thread=alive
20:02:39 [v4][heartbeat] enter=True sorting=False cam=LIVE ai=LIVE cam_fps=51.8 pub_fps=30.4 frames=98362 result_subs=1 roi=ok intrinsic=ok inference_age_ms=64 target=none transport=False sorting_thread=alive
20:02:44 [v4][heartbeat] enter=True sorting=False cam=LIVE ai=LIVE cam_fps=52.4 pub_fps=30.2 frames=98624 result_subs=1 roi=ok intrinsic=ok inference_age_ms=61 target=none transport=False sorting_thread=alive
20:02:49 [v4][heartbeat] enter=True sorting=False cam=LIVE ai=LIVE cam_fps=48.3 pub_fps=30.3 frames=98866 result_subs=1 roi=ok intrinsic=ok inference_age_ms=83 target=none transport=False sorting_thread=alive
20:02:54 [v4][heartbeat] enter=True sorting=False cam=LIVE ai=LIVE cam_fps=52.3 pub_fps=30.2 frames=99127 result_subs=1 roi=ok intrinsic=ok inference_age_ms=77 target=none transport=False sorting_thread=alive
20:02:59 [v4][heartbeat] enter=True sorting=False cam=LIVE ai=LIVE cam_fps=53.0 pub_fps=30.2 frames=99392 result_subs=1 roi=ok intrinsic=ok inference_age_ms=131 target=none transport=False sorting_thread=alive
20:03:04 [v4][heartbeat] enter=True sorting=False cam=LIVE ai=LIVE cam_fps=51.0 pub_fps=30.4 frames=99647 result_subs=1 roi=ok intrinsic=ok inference_age_ms=81 target=none transport=False sorting_thread=alive
20:03:09 [v4][heartbeat] enter=True sorting=False cam=LIVE ai=LIVE cam_fps=54.4 pub_fps=30.4 frames=99919 result_subs=1 roi=ok intrinsic=ok inference_age_ms=84 target=none transport=False sorting_thread=alive
20:03:14 [v4][heartbeat] enter=True sorting=False cam=LIVE ai=LIVE cam_fps=51.2 pub_fps=30.2 frames=100175 result_subs=1 roi=ok intrinsic=ok inference_age_ms=76 target=none transport=False sorting_thread=alive
20:03:19 [v4][heartbeat] enter=True sorting=False cam=LIVE ai=LIVE cam_fps=51.8 pub_fps=30.4 frames=100434 result_subs=1 roi=ok intrinsic=ok inference_age_ms=91 target=none transport=False sorting_thread=alive
20:03:24 [v4][heartbeat] enter=True sorting=False cam=LIVE ai=LIVE cam_fps=51.8 pub_fps=30.2 frames=100693 result_subs=1 roi=ok intrinsic=ok inference_age_ms=68 target=none transport=False sorting_thread=alive
20:03:29 [v4][heartbeat] enter=True sorting=False cam=LIVE ai=LIVE cam_fps=49.6 pub_fps=30.4 frames=100941 result_subs=1 roi=ok intrinsic=ok inference_age_ms=72 target=none transport=False sorting_thread=alive
20:03:34 [v4][heartbeat] enter=True sorting=False cam=LIVE ai=LIVE cam_fps=54.6 pub_fps=30.2 frames=101214 result_subs=1 roi=ok intrinsic=ok inference_age_ms=46 target=none transport=False sorting_thread=alive
20:03:39 [v4][heartbeat] enter=True sorting=False cam=LIVE ai=LIVE cam_fps=50.6 pub_fps=30.4 frames=101467 result_subs=1 roi=ok intrinsic=ok inference_age_ms=54 target=none transport=False sorting_thread=alive
20:03:44 [v4][heartbeat] enter=True sorting=False cam=LIVE ai=LIVE cam_fps=52.8 pub_fps=30.2 frames=101731 result_subs=1 roi=ok intrinsic=ok inference_age_ms=75 target=none transport=False sorting_thread=alive
20:03:49 [v4][heartbeat] enter=True sorting=False cam=LIVE ai=LIVE cam_fps=53.8 pub_fps=30.4 frames=102000 result_subs=1 roi=ok intrinsic=ok inference_age_ms=74 target=none transport=False sorting_thread=alive
20:03:54 [v4][heartbeat] enter=True sorting=False cam=LIVE ai=LIVE cam_fps=50.7 pub_fps=30.2 frames=102253 result_subs=1 roi=ok intrinsic=ok inference_age_ms=91 target=none transport=False sorting_thread=alive
20:03:59 [v4][heartbeat] enter=True sorting=False cam=LIVE ai=LIVE cam_fps=54.0 pub_fps=30.4 frames=102523 result_subs=1 roi=ok intrinsic=ok inference_age_ms=98 target=none transport=False sorting_thread=alive
20:04:04 [v4][heartbeat] enter=True sorting=False cam=LIVE ai=LIVE cam_fps=49.6 pub_fps=30.2 frames=102771 result_subs=1 roi=ok intrinsic=ok inference_age_ms=83 target=none transport=False sorting_thread=alive
20:04:09 [v4][heartbeat] enter=True sorting=False cam=LIVE ai=LIVE cam_fps=51.9 pub_fps=30.4 frames=103030 result_subs=1 roi=ok intrinsic=ok inference_age_ms=104 target=none transport=False sorting_thread=alive
20:04:14 [v4][heartbeat] enter=True sorting=False cam=LIVE ai=LIVE cam_fps=52.6 pub_fps=30.2 frames=103293 result_subs=1 roi=ok intrinsic=ok inference_age_ms=80 target=none transport=False sorting_thread=alive
20:04:19 [v4][heartbeat] enter=True sorting=False cam=LIVE ai=LIVE cam_fps=51.4 pub_fps=30.4 frames=103550 result_subs=1 roi=ok intrinsic=ok inference_age_ms=109 target=none transport=False sorting_thread=alive
20:04:24 [v4][heartbeat] enter=True sorting=False cam=LIVE ai=LIVE cam_fps=52.3 pub_fps=30.4 frames=103812 result_subs=1 roi=ok intrinsic=ok inference_age_ms=65 target=none transport=False sorting_thread=alive
20:04:29 [v4][heartbeat] enter=True sorting=False cam=LIVE ai=LIVE cam_fps=50.3 pub_fps=30.2 frames=104064 result_subs=1 roi=ok intrinsic=ok inference_age_ms=49 target=none transport=False sorting_thread=alive
20:04:34 [v4][heartbeat] enter=True sorting=False cam=LIVE ai=LIVE cam_fps=51.1 pub_fps=30.4 frames=104319 result_subs=1 roi=ok intrinsic=ok inference_age_ms=86 target=none transport=False sorting_thread=alive
20:04:39 [v4][heartbeat] enter=True sorting=False cam=LIVE ai=LIVE cam_fps=54.1 pub_fps=30.2 frames=104589 result_subs=1 roi=ok intrinsic=ok inference_age_ms=61 target=none transport=False sorting_thread=alive
20:04:44 [v4][heartbeat] enter=True sorting=False cam=LIVE ai=LIVE cam_fps=49.3 pub_fps=30.4 frames=104836 result_subs=1 roi=ok intrinsic=ok inference_age_ms=43 target=none transport=False sorting_thread=alive
20:04:49 [v4][heartbeat] enter=True sorting=False cam=LIVE ai=LIVE cam_fps=54.1 pub_fps=30.0 frames=105106 result_subs=1 roi=ok intrinsic=ok inference_age_ms=75 target=none transport=False sorting_thread=alive
20:04:54 [v4][heartbeat] enter=True sorting=False cam=LIVE ai=LIVE cam_fps=49.8 pub_fps=30.4 frames=105355 result_subs=1 roi=ok intrinsic=ok inference_age_ms=53 target=none transport=False sorting_thread=alive
20:04:59 [v4][heartbeat] enter=True sorting=False cam=LIVE ai=LIVE cam_fps=51.4 pub_fps=30.4 frames=105612 result_subs=1 roi=ok intrinsic=ok inference_age_ms=63 target=none transport=False sorting_thread=alive
20:05:04 [v4][heartbeat] enter=True sorting=False cam=LIVE ai=LIVE cam_fps=49.9 pub_fps=30.4 frames=105862 result_subs=1 roi=ok intrinsic=ok inference_age_ms=56 target=none transport=False sorting_thread=alive
20:05:09 [v4][heartbeat] enter=True sorting=False cam=LIVE ai=LIVE cam_fps=49.2 pub_fps=30.2 frames=106108 result_subs=1 roi=ok intrinsic=ok inference_age_ms=96 target=none transport=False sorting_thread=alive
20:05:14 [v4][heartbeat] enter=True sorting=False cam=LIVE ai=LIVE cam_fps=52.8 pub_fps=30.4 frames=106372 result_subs=1 roi=ok intrinsic=ok inference_age_ms=97 target=none transport=False sorting_thread=alive
20:05:19 [v4][heartbeat] enter=True sorting=False cam=LIVE ai=LIVE cam_fps=50.3 pub_fps=30.2 frames=106623 result_subs=1 roi=ok intrinsic=ok inference_age_ms=53 target=none transport=False sorting_thread=alive
20:05:24 [v4][heartbeat] enter=True sorting=False cam=LIVE ai=LIVE cam_fps=48.8 pub_fps=30.4 frames=106867 result_subs=1 roi=ok intrinsic=ok inference_age_ms=106 target=none transport=False sorting_thread=alive
20:05:29 [v4][heartbeat] enter=True sorting=False cam=LIVE ai=LIVE cam_fps=54.1 pub_fps=30.2 frames=107138 result_subs=1 roi=ok intrinsic=ok inference_age_ms=62 target=none transport=False sorting_thread=alive
20:05:34 [v4][heartbeat] enter=True sorting=False cam=LIVE ai=LIVE cam_fps=46.8 pub_fps=30.4 frames=107372 result_subs=1 roi=ok intrinsic=ok inference_age_ms=57 target=none transport=False sorting_thread=alive
20:05:39 [v4][heartbeat] enter=True sorting=False cam=LIVE ai=LIVE cam_fps=54.6 pub_fps=30.2 frames=107645 result_subs=1 roi=ok intrinsic=ok inference_age_ms=85 target=none transport=False sorting_thread=alive
20:05:44 [v4][heartbeat] enter=True sorting=False cam=LIVE ai=LIVE cam_fps=47.6 pub_fps=30.4 frames=107883 result_subs=1 roi=ok intrinsic=ok inference_age_ms=61 target=none transport=False sorting_thread=alive
20:05:49 [v4][heartbeat] enter=True sorting=False cam=LIVE ai=LIVE cam_fps=50.0 pub_fps=30.2 frames=108133 result_subs=1 roi=ok intrinsic=ok inference_age_ms=83 target=none transport=False sorting_thread=alive
20:05:54 [v4][heartbeat] enter=True sorting=False cam=LIVE ai=LIVE cam_fps=54.8 pub_fps=30.4 frames=108407 result_subs=1 roi=ok intrinsic=ok inference_age_ms=45 target=none transport=False sorting_thread=alive
20:05:59 [v4][heartbeat] enter=True sorting=False cam=LIVE ai=LIVE cam_fps=52.2 pub_fps=30.2 frames=108668 result_subs=1 roi=ok intrinsic=ok inference_age_ms=44 target=none transport=False sorting_thread=alive
20:06:04 [v4][heartbeat] enter=True sorting=False cam=LIVE ai=LIVE cam_fps=53.7 pub_fps=30.4 frames=108937 result_subs=1 roi=ok intrinsic=ok inference_age_ms=58 target=none transport=False sorting_thread=alive
20:06:09 [v4][heartbeat] enter=True sorting=False cam=LIVE ai=LIVE cam_fps=52.0 pub_fps=30.2 frames=109197 result_subs=1 roi=ok intrinsic=ok inference_age_ms=52 target=none transport=False sorting_thread=alive
20:06:14 [v4][heartbeat] enter=True sorting=False cam=LIVE ai=LIVE cam_fps=52.6 pub_fps=30.4 frames=109460 result_subs=1 roi=ok intrinsic=ok inference_age_ms=60 target=none transport=False sorting_thread=alive
20:06:19 [v4][heartbeat] enter=True sorting=False cam=LIVE ai=LIVE cam_fps=54.0 pub_fps=30.2 frames=109730 result_subs=1 roi=ok intrinsic=ok inference_age_ms=52 target=none transport=False sorting_thread=alive
20:06:24 [v4][heartbeat] enter=True sorting=False cam=LIVE ai=LIVE cam_fps=49.5 pub_fps=30.3 frames=109978 result_subs=1 roi=ok intrinsic=ok inference_age_ms=66 target=none transport=False sorting_thread=alive
20:06:29 [v4][heartbeat] enter=True sorting=False cam=LIVE ai=LIVE cam_fps=51.2 pub_fps=30.4 frames=110234 result_subs=1 roi=ok intrinsic=ok inference_age_ms=53 target=none transport=False sorting_thread=alive
20:06:34 [v4][heartbeat] enter=True sorting=False cam=LIVE ai=LIVE cam_fps=51.0 pub_fps=30.2 frames=110489 result_subs=1 roi=ok intrinsic=ok inference_age_ms=71 target=none transport=False sorting_thread=alive
20:06:39 [v4][heartbeat] enter=True sorting=False cam=LIVE ai=LIVE cam_fps=50.8 pub_fps=30.2 frames=110743 result_subs=1 roi=ok intrinsic=ok inference_age_ms=70 target=none transport=False sorting_thread=alive
20:06:44 [v4][heartbeat] enter=True sorting=False cam=LIVE ai=LIVE cam_fps=55.0 pub_fps=30.4 frames=111018 result_subs=1 roi=ok intrinsic=ok inference_age_ms=70 target=none transport=False sorting_thread=alive
20:06:49 [v4][heartbeat] enter=True sorting=False cam=LIVE ai=LIVE cam_fps=50.6 pub_fps=30.2 frames=111271 result_subs=1 roi=ok intrinsic=ok inference_age_ms=51 target=none transport=False sorting_thread=alive
20:06:54 [v4][heartbeat] enter=True sorting=False cam=LIVE ai=LIVE cam_fps=55.2 pub_fps=30.4 frames=111547 result_subs=1 roi=ok intrinsic=ok inference_age_ms=68 target=none transport=False sorting_thread=alive
20:06:59 [v4][heartbeat] enter=True sorting=False cam=LIVE ai=LIVE cam_fps=53.8 pub_fps=30.2 frames=111816 result_subs=1 roi=ok intrinsic=ok inference_age_ms=91 target=none transport=False sorting_thread=alive
20:07:04 [v4][heartbeat] enter=True sorting=False cam=LIVE ai=LIVE cam_fps=49.8 pub_fps=30.4 frames=112065 result_subs=1 roi=ok intrinsic=ok inference_age_ms=91 target=none transport=False sorting_thread=alive
20:07:09 [v4][heartbeat] enter=True sorting=False cam=LIVE ai=LIVE cam_fps=51.8 pub_fps=30.2 frames=112324 result_subs=1 roi=ok intrinsic=ok inference_age_ms=44 target=none transport=False sorting_thread=alive
20:07:14 [v4][heartbeat] enter=True sorting=False cam=LIVE ai=LIVE cam_fps=52.6 pub_fps=30.4 frames=112587 result_subs=1 roi=ok intrinsic=ok inference_age_ms=66 target=none transport=False sorting_thread=alive
20:07:19 [v4][heartbeat] enter=True sorting=False cam=LIVE ai=LIVE cam_fps=51.4 pub_fps=30.2 frames=112844 result_subs=1 roi=ok intrinsic=ok inference_age_ms=88 target=none transport=False sorting_thread=alive
20:07:24 [v4][heartbeat] enter=True sorting=False cam=LIVE ai=LIVE cam_fps=52.2 pub_fps=30.4 frames=113105 result_subs=1 roi=ok intrinsic=ok inference_age_ms=71 target=none transport=False sorting_thread=alive
20:07:29 [v4][heartbeat] enter=True sorting=False cam=LIVE ai=LIVE cam_fps=45.0 pub_fps=30.2 frames=113330 result_subs=1 roi=ok intrinsic=ok inference_age_ms=41 target=none transport=False sorting_thread=alive
20:07:34 [v4][heartbeat] enter=True sorting=False cam=LIVE ai=LIVE cam_fps=53.0 pub_fps=30.4 frames=113595 result_subs=1 roi=ok intrinsic=ok inference_age_ms=52 target=none transport=False sorting_thread=alive
20:07:39 [v4][heartbeat] enter=True sorting=False cam=LIVE ai=LIVE cam_fps=52.4 pub_fps=30.2 frames=113857 result_subs=1 roi=ok intrinsic=ok inference_age_ms=60 target=none transport=False sorting_thread=alive
20:07:44 [v4][heartbeat] enter=True sorting=False cam=LIVE ai=LIVE cam_fps=54.5 pub_fps=30.4 frames=114130 result_subs=1 roi=ok intrinsic=ok inference_age_ms=70 target=none transport=False sorting_thread=alive
20:07:49 [v4][heartbeat] enter=True sorting=False cam=LIVE ai=LIVE cam_fps=53.5 pub_fps=30.4 frames=114397 result_subs=1 roi=ok intrinsic=ok inference_age_ms=59 target=none transport=False sorting_thread=alive
20:07:54 [v4][heartbeat] enter=True sorting=False cam=LIVE ai=LIVE cam_fps=50.2 pub_fps=30.2 frames=114648 result_subs=1 roi=ok intrinsic=ok inference_age_ms=58 target=none transport=False sorting_thread=alive
20:07:59 [v4][heartbeat] enter=True sorting=False cam=LIVE ai=LIVE cam_fps=53.0 pub_fps=30.4 frames=114913 result_subs=1 roi=ok intrinsic=ok inference_age_ms=102 target=none transport=False sorting_thread=alive
20:08:04 [v4][heartbeat] enter=True sorting=False cam=LIVE ai=LIVE cam_fps=51.2 pub_fps=30.2 frames=115169 result_subs=1 roi=ok intrinsic=ok inference_age_ms=58 target=none transport=False sorting_thread=alive
20:08:09 [v4][heartbeat] enter=True sorting=False cam=LIVE ai=LIVE cam_fps=48.0 pub_fps=30.2 frames=115409 result_subs=1 roi=ok intrinsic=ok inference_age_ms=71 target=none transport=False sorting_thread=alive
20:08:14 [v4][heartbeat] enter=True sorting=False cam=LIVE ai=LIVE cam_fps=52.4 pub_fps=30.4 frames=115671 result_subs=1 roi=ok intrinsic=ok inference_age_ms=66 target=none transport=False sorting_thread=alive
20:08:19 [v4][heartbeat] enter=True sorting=False cam=LIVE ai=LIVE cam_fps=51.0 pub_fps=30.4 frames=115926 result_subs=1 roi=ok intrinsic=ok inference_age_ms=85 target=none transport=False sorting_thread=alive
20:08:24 [v4][heartbeat] enter=True sorting=False cam=LIVE ai=LIVE cam_fps=53.2 pub_fps=30.2 frames=116192 result_subs=1 roi=ok intrinsic=ok inference_age_ms=69 target=none transport=False sorting_thread=alive
20:08:29 [v4][heartbeat] enter=True sorting=False cam=LIVE ai=LIVE cam_fps=52.0 pub_fps=30.4 frames=116452 result_subs=1 roi=ok intrinsic=ok inference_age_ms=93 target=none transport=False sorting_thread=alive
20:08:34 [v4][heartbeat] enter=True sorting=False cam=LIVE ai=LIVE cam_fps=47.5 pub_fps=30.2 frames=116690 result_subs=1 roi=ok intrinsic=ok inference_age_ms=88 target=none transport=False sorting_thread=alive
20:08:39 [v4][heartbeat] enter=True sorting=False cam=LIVE ai=LIVE cam_fps=51.3 pub_fps=30.4 frames=116946 result_subs=1 roi=ok intrinsic=ok inference_age_ms=60 target=none transport=False sorting_thread=alive
20:08:44 [v4][heartbeat] enter=True sorting=False cam=LIVE ai=LIVE cam_fps=49.7 pub_fps=30.1 frames=117195 result_subs=1 roi=ok intrinsic=ok inference_age_ms=77 target=none transport=False sorting_thread=alive
20:08:49 [v4][heartbeat] enter=True sorting=False cam=LIVE ai=LIVE cam_fps=53.7 pub_fps=30.5 frames=117463 result_subs=1 roi=ok intrinsic=ok inference_age_ms=69 target=none transport=False sorting_thread=alive
20:08:54 [v4][heartbeat] enter=True sorting=False cam=LIVE ai=LIVE cam_fps=53.6 pub_fps=30.2 frames=117731 result_subs=1 roi=ok intrinsic=ok inference_age_ms=40 target=none transport=False sorting_thread=alive
20:08:59 [v4][heartbeat] enter=True sorting=False cam=LIVE ai=LIVE cam_fps=47.0 pub_fps=30.4 frames=117966 result_subs=1 roi=ok intrinsic=ok inference_age_ms=48 target=none transport=False sorting_thread=alive
20:09:04 [v4][heartbeat] enter=True sorting=False cam=LIVE ai=LIVE cam_fps=51.4 pub_fps=30.2 frames=118223 result_subs=1 roi=ok intrinsic=ok inference_age_ms=55 target=none transport=False sorting_thread=alive
20:09:09 [v4][heartbeat] enter=True sorting=False cam=LIVE ai=LIVE cam_fps=49.6 pub_fps=30.4 frames=118471 result_subs=1 roi=ok intrinsic=ok inference_age_ms=58 target=none transport=False sorting_thread=alive
20:09:14 [v4][heartbeat] enter=True sorting=False cam=LIVE ai=LIVE cam_fps=51.0 pub_fps=30.2 frames=118726 result_subs=1 roi=ok intrinsic=ok inference_age_ms=73 target=none transport=False sorting_thread=alive
20:09:19 [v4][heartbeat] enter=True sorting=False cam=LIVE ai=LIVE cam_fps=52.8 pub_fps=30.4 frames=118990 result_subs=1 roi=ok intrinsic=ok inference_age_ms=93 target=none transport=False sorting_thread=alive
20:09:24 [v4][heartbeat] enter=True sorting=False cam=LIVE ai=LIVE cam_fps=50.2 pub_fps=30.2 frames=119241 result_subs=1 roi=ok intrinsic=ok inference_age_ms=51 target=none transport=False sorting_thread=alive
20:09:29 [v4][heartbeat] enter=True sorting=False cam=LIVE ai=LIVE cam_fps=54.4 pub_fps=30.4 frames=119513 result_subs=1 roi=ok intrinsic=ok inference_age_ms=71 target=none transport=False sorting_thread=alive
20:09:34 [v4][heartbeat] enter=True sorting=False cam=LIVE ai=LIVE cam_fps=52.4 pub_fps=30.4 frames=119775 result_subs=1 roi=ok intrinsic=ok inference_age_ms=45 target=none transport=False sorting_thread=alive
20:09:39 [v4][heartbeat] enter=True sorting=False cam=LIVE ai=LIVE cam_fps=50.0 pub_fps=30.2 frames=120025 result_subs=1 roi=ok intrinsic=ok inference_age_ms=97 target=none transport=False sorting_thread=alive
20:09:44 [v4][heartbeat] enter=True sorting=False cam=LIVE ai=LIVE cam_fps=54.2 pub_fps=30.2 frames=120296 result_subs=1 roi=ok intrinsic=ok inference_age_ms=82 target=none transport=False sorting_thread=alive
20:09:49 [v4][heartbeat] enter=True sorting=False cam=LIVE ai=LIVE cam_fps=49.4 pub_fps=30.4 frames=120543 result_subs=1 roi=ok intrinsic=ok inference_age_ms=40 target=none transport=False sorting_thread=alive
20:09:54 [v4][heartbeat] enter=True sorting=False cam=LIVE ai=LIVE cam_fps=54.3 pub_fps=30.2 frames=120815 result_subs=1 roi=ok intrinsic=ok inference_age_ms=72 target=none transport=False sorting_thread=alive
20:09:59 [v4][heartbeat] enter=True sorting=False cam=LIVE ai=LIVE cam_fps=51.3 pub_fps=30.4 frames=121071 result_subs=1 roi=ok intrinsic=ok inference_age_ms=69 target=none transport=False sorting_thread=alive
20:10:04 [v4][heartbeat] enter=True sorting=False cam=LIVE ai=LIVE cam_fps=49.4 pub_fps=30.4 frames=121318 result_subs=1 roi=ok intrinsic=ok inference_age_ms=51 target=none transport=False sorting_thread=alive
20:10:09 [v4][heartbeat] enter=True sorting=False cam=LIVE ai=LIVE cam_fps=53.0 pub_fps=30.2 frames=121583 result_subs=1 roi=ok intrinsic=ok inference_age_ms=92 target=none transport=False sorting_thread=alive
20:10:14 [v4][heartbeat] enter=True sorting=False cam=LIVE ai=LIVE cam_fps=50.6 pub_fps=30.2 frames=121836 result_subs=1 roi=ok intrinsic=ok inference_age_ms=66 target=none transport=False sorting_thread=alive
20:10:19 [v4][heartbeat] enter=True sorting=False cam=LIVE ai=LIVE cam_fps=53.2 pub_fps=30.4 frames=122102 result_subs=1 roi=ok intrinsic=ok inference_age_ms=70 target=none transport=False sorting_thread=alive
20:10:24 [v4][heartbeat] enter=True sorting=False cam=LIVE ai=LIVE cam_fps=52.2 pub_fps=30.2 frames=122363 result_subs=1 roi=ok intrinsic=ok inference_age_ms=62 target=none transport=False sorting_thread=alive
20:10:29 [v4][heartbeat] enter=True sorting=False cam=LIVE ai=LIVE cam_fps=52.5 pub_fps=30.4 frames=122625 result_subs=1 roi=ok intrinsic=ok inference_age_ms=65 target=none transport=False sorting_thread=alive
20:10:34 [v4][heartbeat] enter=True sorting=False cam=LIVE ai=LIVE cam_fps=54.9 pub_fps=30.4 frames=122900 result_subs=1 roi=ok intrinsic=ok inference_age_ms=80 target=none transport=False sorting_thread=alive
20:10:39 [v4][heartbeat] enter=True sorting=False cam=LIVE ai=LIVE cam_fps=50.1 pub_fps=30.2 frames=123150 result_subs=1 roi=ok intrinsic=ok inference_age_ms=74 target=none transport=False sorting_thread=alive
20:10:44 [v4][heartbeat] enter=True sorting=False cam=LIVE ai=LIVE cam_fps=54.0 pub_fps=30.2 frames=123420 result_subs=1 roi=ok intrinsic=ok inference_age_ms=48 target=none transport=False sorting_thread=alive
20:10:49 [v4][heartbeat] enter=True sorting=False cam=LIVE ai=LIVE cam_fps=55.4 pub_fps=30.4 frames=123697 result_subs=1 roi=ok intrinsic=ok inference_age_ms=59 target=none transport=False sorting_thread=alive
20:10:54 [v4][heartbeat] enter=True sorting=False cam=LIVE ai=LIVE cam_fps=50.2 pub_fps=30.4 frames=123948 result_subs=1 roi=ok intrinsic=ok inference_age_ms=36 target=none transport=False sorting_thread=alive
20:10:59 [v4][heartbeat] enter=True sorting=False cam=LIVE ai=LIVE cam_fps=54.2 pub_fps=30.2 frames=124219 result_subs=1 roi=ok intrinsic=ok inference_age_ms=105 target=none transport=False sorting_thread=alive
20:11:04 [v4][heartbeat] enter=True sorting=False cam=LIVE ai=LIVE cam_fps=53.0 pub_fps=30.2 frames=124484 result_subs=1 roi=ok intrinsic=ok inference_age_ms=89 target=none transport=False sorting_thread=alive
20:11:09 [v4][heartbeat] enter=True sorting=False cam=LIVE ai=LIVE cam_fps=53.8 pub_fps=30.4 frames=124753 result_subs=1 roi=ok intrinsic=ok inference_age_ms=49 target=none transport=False sorting_thread=alive
20:11:14 [v4][heartbeat] enter=True sorting=False cam=LIVE ai=LIVE cam_fps=53.0 pub_fps=30.2 frames=125018 result_subs=1 roi=ok intrinsic=ok inference_age_ms=97 target=none transport=False sorting_thread=alive
20:11:19 [v4][heartbeat] enter=True sorting=False cam=LIVE ai=LIVE cam_fps=49.8 pub_fps=30.4 frames=125267 result_subs=1 roi=ok intrinsic=ok inference_age_ms=67 target=none transport=False sorting_thread=alive
20:11:24 [v4][heartbeat] enter=True sorting=False cam=LIVE ai=LIVE cam_fps=56.0 pub_fps=30.4 frames=125547 result_subs=1 roi=ok intrinsic=ok inference_age_ms=56 target=none transport=False sorting_thread=alive
20:11:29 [v4][heartbeat] enter=True sorting=False cam=LIVE ai=LIVE cam_fps=51.2 pub_fps=30.2 frames=125803 result_subs=1 roi=ok intrinsic=ok inference_age_ms=66 target=none transport=False sorting_thread=alive
20:11:34 [v4][heartbeat] enter=True sorting=False cam=LIVE ai=LIVE cam_fps=53.2 pub_fps=30.4 frames=126069 result_subs=1 roi=ok intrinsic=ok inference_age_ms=77 target=none transport=False sorting_thread=alive
20:11:39 [v4][heartbeat] enter=True sorting=False cam=LIVE ai=LIVE cam_fps=55.6 pub_fps=30.2 frames=126347 result_subs=1 roi=ok intrinsic=ok inference_age_ms=76 target=none transport=False sorting_thread=alive
20:11:44 [v4][heartbeat] enter=True sorting=False cam=LIVE ai=LIVE cam_fps=51.0 pub_fps=30.4 frames=126602 result_subs=1 roi=ok intrinsic=ok inference_age_ms=73 target=none transport=False sorting_thread=alive
20:11:49 [v4][heartbeat] enter=True sorting=False cam=LIVE ai=LIVE cam_fps=56.4 pub_fps=30.2 frames=126884 result_subs=1 roi=ok intrinsic=ok inference_age_ms=27 target=none transport=False sorting_thread=alive
20:11:54 [v4][heartbeat] enter=True sorting=False cam=LIVE ai=LIVE cam_fps=54.2 pub_fps=30.2 frames=127155 result_subs=1 roi=ok intrinsic=ok inference_age_ms=87 target=none transport=False sorting_thread=alive
20:11:59 [v4][heartbeat] enter=True sorting=False cam=LIVE ai=LIVE cam_fps=53.6 pub_fps=30.4 frames=127423 result_subs=1 roi=ok intrinsic=ok inference_age_ms=43 target=none transport=False sorting_thread=alive
20:12:04 [v4][heartbeat] enter=True sorting=False cam=LIVE ai=LIVE cam_fps=54.2 pub_fps=30.4 frames=127694 result_subs=1 roi=ok intrinsic=ok inference_age_ms=90 target=none transport=False sorting_thread=alive
20:12:09 [v4][heartbeat] enter=True sorting=False cam=LIVE ai=LIVE cam_fps=51.5 pub_fps=30.3 frames=127952 result_subs=1 roi=ok intrinsic=ok inference_age_ms=64 target=none transport=False sorting_thread=alive
20:12:14 [v4][heartbeat] enter=True sorting=False cam=LIVE ai=LIVE cam_fps=56.1 pub_fps=30.3 frames=128232 result_subs=1 roi=ok intrinsic=ok inference_age_ms=81 target=none transport=False sorting_thread=alive
20:12:19 [v4][heartbeat] enter=True sorting=False cam=LIVE ai=LIVE cam_fps=54.4 pub_fps=30.2 frames=128504 result_subs=1 roi=ok intrinsic=ok inference_age_ms=74 target=none transport=False sorting_thread=alive
20:12:24 [v4][heartbeat] enter=True sorting=False cam=LIVE ai=LIVE cam_fps=51.8 pub_fps=30.4 frames=128763 result_subs=1 roi=ok intrinsic=ok inference_age_ms=66 target=none transport=False sorting_thread=alive
20:12:29 [v4][heartbeat] enter=True sorting=False cam=LIVE ai=LIVE cam_fps=56.6 pub_fps=30.2 frames=129046 result_subs=1 roi=ok intrinsic=ok inference_age_ms=48 target=none transport=False sorting_thread=alive
20:12:34 [v4][heartbeat] enter=True sorting=False cam=LIVE ai=LIVE cam_fps=50.6 pub_fps=30.4 frames=129299 result_subs=1 roi=ok intrinsic=ok inference_age_ms=49 target=none transport=False sorting_thread=alive
20:12:39 [v4][heartbeat] enter=True sorting=False cam=LIVE ai=LIVE cam_fps=53.6 pub_fps=30.4 frames=129567 result_subs=1 roi=ok intrinsic=ok inference_age_ms=57 target=none transport=False sorting_thread=alive
20:12:44 [v4][heartbeat] enter=True sorting=False cam=LIVE ai=LIVE cam_fps=53.8 pub_fps=30.2 frames=129836 result_subs=1 roi=ok intrinsic=ok inference_age_ms=64 target=none transport=False sorting_thread=alive
20:12:49 [v4][heartbeat] enter=True sorting=False cam=LIVE ai=LIVE cam_fps=49.6 pub_fps=30.2 frames=130084 result_subs=1 roi=ok intrinsic=ok inference_age_ms=45 target=none transport=False sorting_thread=alive
20:12:54 [v4][heartbeat] enter=True sorting=False cam=LIVE ai=LIVE cam_fps=55.0 pub_fps=30.4 frames=130359 result_subs=1 roi=ok intrinsic=ok inference_age_ms=125 target=none transport=False sorting_thread=alive
20:12:59 [v4][heartbeat] enter=True sorting=False cam=LIVE ai=LIVE cam_fps=52.0 pub_fps=30.4 frames=130619 result_subs=1 roi=ok intrinsic=ok inference_age_ms=47 target=none transport=False sorting_thread=alive
20:13:04 [v4][heartbeat] enter=True sorting=False cam=LIVE ai=LIVE cam_fps=54.6 pub_fps=30.2 frames=130892 result_subs=1 roi=ok intrinsic=ok inference_age_ms=68 target=none transport=False sorting_thread=alive
20:13:09 [v4][heartbeat] enter=True sorting=False cam=LIVE ai=LIVE cam_fps=54.4 pub_fps=30.2 frames=131164 result_subs=1 roi=ok intrinsic=ok inference_age_ms=60 target=none transport=False sorting_thread=alive
20:13:14 [v4][heartbeat] enter=True sorting=False cam=LIVE ai=LIVE cam_fps=51.6 pub_fps=30.4 frames=131422 result_subs=1 roi=ok intrinsic=ok inference_age_ms=68 target=none transport=False sorting_thread=alive
20:13:19 [v4][heartbeat] enter=True sorting=False cam=LIVE ai=LIVE cam_fps=55.8 pub_fps=30.4 frames=131701 result_subs=1 roi=ok intrinsic=ok inference_age_ms=75 target=none transport=False sorting_thread=alive
20:13:24 [v4][heartbeat] enter=True sorting=False cam=LIVE ai=LIVE cam_fps=48.8 pub_fps=30.2 frames=131945 result_subs=1 roi=ok intrinsic=ok inference_age_ms=63 target=none transport=False sorting_thread=alive
20:13:29 [v4][heartbeat] enter=True sorting=False cam=LIVE ai=LIVE cam_fps=53.4 pub_fps=30.4 frames=132212 result_subs=1 roi=ok intrinsic=ok inference_age_ms=91 target=none transport=False sorting_thread=alive
20:13:34 [v4][heartbeat] enter=True sorting=False cam=LIVE ai=LIVE cam_fps=54.8 pub_fps=30.2 frames=132486 result_subs=1 roi=ok intrinsic=ok inference_age_ms=54 target=none transport=False sorting_thread=alive
20:13:39 [v4][heartbeat] enter=True sorting=False cam=LIVE ai=LIVE cam_fps=49.4 pub_fps=30.2 frames=132733 result_subs=1 roi=ok intrinsic=ok inference_age_ms=67 target=none transport=False sorting_thread=alive
20:13:44 [v4][heartbeat] enter=True sorting=False cam=LIVE ai=LIVE cam_fps=55.2 pub_fps=30.4 frames=133009 result_subs=1 roi=ok intrinsic=ok inference_age_ms=47 target=none transport=False sorting_thread=alive
20:13:49 [v4][heartbeat] enter=True sorting=False cam=LIVE ai=LIVE cam_fps=51.3 pub_fps=30.4 frames=133265 result_subs=1 roi=ok intrinsic=ok inference_age_ms=69 target=none transport=False sorting_thread=alive
20:13:54 [v4][heartbeat] enter=True sorting=False cam=LIVE ai=LIVE cam_fps=53.2 pub_fps=30.2 frames=133531 result_subs=1 roi=ok intrinsic=ok inference_age_ms=70 target=none transport=False sorting_thread=alive
20:13:59 [v4][heartbeat] enter=True sorting=False cam=LIVE ai=LIVE cam_fps=56.2 pub_fps=30.4 frames=133812 result_subs=1 roi=ok intrinsic=ok inference_age_ms=65 target=none transport=False sorting_thread=alive
20:14:04 [v4][heartbeat] enter=True sorting=False cam=LIVE ai=LIVE cam_fps=50.8 pub_fps=30.2 frames=134066 result_subs=1 roi=ok intrinsic=ok inference_age_ms=67 target=none transport=False sorting_thread=alive
20:14:09 [v4][heartbeat] enter=True sorting=False cam=LIVE ai=LIVE cam_fps=55.0 pub_fps=30.4 frames=134341 result_subs=1 roi=ok intrinsic=ok inference_age_ms=67 target=none transport=False sorting_thread=alive
20:14:14 [v4][heartbeat] enter=True sorting=False cam=LIVE ai=LIVE cam_fps=53.7 pub_fps=30.2 frames=134609 result_subs=1 roi=ok intrinsic=ok inference_age_ms=34 target=none transport=False sorting_thread=alive
20:14:19 [v4][heartbeat] enter=True sorting=False cam=LIVE ai=LIVE cam_fps=53.3 pub_fps=30.2 frames=134876 result_subs=1 roi=ok intrinsic=ok inference_age_ms=95 target=none transport=False sorting_thread=alive
20:14:24 [v4][heartbeat] enter=True sorting=False cam=LIVE ai=LIVE cam_fps=54.6 pub_fps=30.4 frames=135149 result_subs=1 roi=ok intrinsic=ok inference_age_ms=111 target=none transport=False sorting_thread=alive
20:14:29 [v4][heartbeat] enter=True sorting=False cam=LIVE ai=LIVE cam_fps=50.6 pub_fps=30.4 frames=135402 result_subs=1 roi=ok intrinsic=ok inference_age_ms=77 target=none transport=False sorting_thread=alive
20:14:34 [v4][heartbeat] enter=True sorting=False cam=LIVE ai=LIVE cam_fps=56.1 pub_fps=30.2 frames=135683 result_subs=1 roi=ok intrinsic=ok inference_age_ms=121 target=none transport=False sorting_thread=alive
20:14:39 [v4][heartbeat] enter=True sorting=False cam=LIVE ai=LIVE cam_fps=53.3 pub_fps=30.5 frames=135949 result_subs=1 roi=ok intrinsic=ok inference_age_ms=79 target=none transport=False sorting_thread=alive
20:14:44 [v4][heartbeat] enter=True sorting=False cam=LIVE ai=LIVE cam_fps=50.4 pub_fps=30.2 frames=136201 result_subs=1 roi=ok intrinsic=ok inference_age_ms=68 target=none transport=False sorting_thread=alive
20:14:49 [v4][heartbeat] enter=True sorting=False cam=LIVE ai=LIVE cam_fps=57.4 pub_fps=30.4 frames=136488 result_subs=1 roi=ok intrinsic=ok inference_age_ms=83 target=none transport=False sorting_thread=alive
20:14:54 [v4][heartbeat] enter=True sorting=False cam=LIVE ai=LIVE cam_fps=49.6 pub_fps=30.4 frames=136736 result_subs=1 roi=ok intrinsic=ok inference_age_ms=54 target=none transport=False sorting_thread=alive
20:14:59 [v4][heartbeat] enter=True sorting=False cam=LIVE ai=LIVE cam_fps=54.4 pub_fps=30.2 frames=137008 result_subs=1 roi=ok intrinsic=ok inference_age_ms=30 target=none transport=False sorting_thread=alive
20:15:04 [v4][heartbeat] enter=True sorting=False cam=LIVE ai=LIVE cam_fps=53.0 pub_fps=30.2 frames=137273 result_subs=1 roi=ok intrinsic=ok inference_age_ms=56 target=none transport=False sorting_thread=alive
20:15:09 [v4][heartbeat] enter=True sorting=False cam=LIVE ai=LIVE cam_fps=51.0 pub_fps=30.4 frames=137528 result_subs=1 roi=ok intrinsic=ok inference_age_ms=93 target=none transport=False sorting_thread=alive
20:15:14 [v4][heartbeat] enter=True sorting=False cam=LIVE ai=LIVE cam_fps=54.8 pub_fps=30.2 frames=137802 result_subs=1 roi=ok intrinsic=ok inference_age_ms=49 target=none transport=False sorting_thread=alive
20:15:19 [v4][heartbeat] enter=True sorting=False cam=LIVE ai=LIVE cam_fps=50.0 pub_fps=30.4 frames=138052 result_subs=1 roi=ok intrinsic=ok inference_age_ms=82 target=none transport=False sorting_thread=alive
20:15:24 [v4][heartbeat] enter=True sorting=False cam=LIVE ai=LIVE cam_fps=53.0 pub_fps=30.2 frames=138317 result_subs=1 roi=ok intrinsic=ok inference_age_ms=105 target=none transport=False sorting_thread=alive
20:15:29 [v4][heartbeat] enter=True sorting=False cam=LIVE ai=LIVE cam_fps=54.8 pub_fps=30.4 frames=138591 result_subs=1 roi=ok intrinsic=ok inference_age_ms=61 target=none transport=False sorting_thread=alive
20:15:34 [v4][heartbeat] enter=True sorting=False cam=LIVE ai=LIVE cam_fps=52.2 pub_fps=30.4 frames=138852 result_subs=1 roi=ok intrinsic=ok inference_age_ms=47 target=none transport=False sorting_thread=alive
20:15:39 [v4][heartbeat] enter=True sorting=False cam=LIVE ai=LIVE cam_fps=55.0 pub_fps=30.2 frames=139127 result_subs=1 roi=ok intrinsic=ok inference_age_ms=35 target=none transport=False sorting_thread=alive
20:15:44 [v4][heartbeat] enter=True sorting=False cam=LIVE ai=LIVE cam_fps=51.4 pub_fps=30.2 frames=139384 result_subs=1 roi=ok intrinsic=ok inference_age_ms=63 target=none transport=False sorting_thread=alive
20:15:49 [v4][heartbeat] enter=True sorting=False cam=LIVE ai=LIVE cam_fps=52.8 pub_fps=30.4 frames=139648 result_subs=1 roi=ok intrinsic=ok inference_age_ms=58 target=none transport=False sorting_thread=alive
20:15:54 [v4][heartbeat] enter=True sorting=False cam=LIVE ai=LIVE cam_fps=54.2 pub_fps=30.2 frames=139919 result_subs=1 roi=ok intrinsic=ok inference_age_ms=52 target=none transport=False sorting_thread=alive
20:15:59 [v4][heartbeat] enter=True sorting=False cam=LIVE ai=LIVE cam_fps=52.2 pub_fps=30.4 frames=140180 result_subs=1 roi=ok intrinsic=ok inference_age_ms=73 target=none transport=False sorting_thread=alive
20:16:04 [v4][heartbeat] enter=True sorting=False cam=LIVE ai=LIVE cam_fps=54.8 pub_fps=30.4 frames=140454 result_subs=1 roi=ok intrinsic=ok inference_age_ms=47 target=none transport=False sorting_thread=alive
20:16:09 [v4][heartbeat] enter=True sorting=False cam=LIVE ai=LIVE cam_fps=51.0 pub_fps=30.2 frames=140709 result_subs=1 roi=ok intrinsic=ok inference_age_ms=69 target=none transport=False sorting_thread=alive
20:16:14 [v4][heartbeat] enter=True sorting=False cam=LIVE ai=LIVE cam_fps=51.2 pub_fps=30.2 frames=140965 result_subs=1 roi=ok intrinsic=ok inference_age_ms=62 target=none transport=False sorting_thread=alive
20:16:19 [v4][heartbeat] enter=True sorting=False cam=LIVE ai=LIVE cam_fps=54.6 pub_fps=30.4 frames=141238 result_subs=1 roi=ok intrinsic=ok inference_age_ms=39 target=none transport=False sorting_thread=alive
20:16:24 [v4][heartbeat] enter=True sorting=False cam=LIVE ai=LIVE cam_fps=51.2 pub_fps=30.4 frames=141494 result_subs=1 roi=ok intrinsic=ok inference_age_ms=54 target=none transport=False sorting_thread=alive
20:16:29 [v4][heartbeat] enter=True sorting=False cam=LIVE ai=LIVE cam_fps=54.6 pub_fps=30.2 frames=141767 result_subs=1 roi=ok intrinsic=ok inference_age_ms=57 target=none transport=False sorting_thread=alive
20:16:34 [v4][heartbeat] enter=True sorting=False cam=LIVE ai=LIVE cam_fps=53.6 pub_fps=30.4 frames=142035 result_subs=1 roi=ok intrinsic=ok inference_age_ms=55 target=none transport=False sorting_thread=alive
20:16:39 [v4][heartbeat] enter=True sorting=False cam=LIVE ai=LIVE cam_fps=52.8 pub_fps=30.2 frames=142299 result_subs=1 roi=ok intrinsic=ok inference_age_ms=43 target=none transport=False sorting_thread=alive
20:16:44 [v4][heartbeat] enter=True sorting=False cam=LIVE ai=LIVE cam_fps=54.2 pub_fps=30.4 frames=142570 result_subs=1 roi=ok intrinsic=ok inference_age_ms=60 target=none transport=False sorting_thread=alive
20:16:49 [v4][heartbeat] enter=True sorting=False cam=LIVE ai=LIVE cam_fps=51.0 pub_fps=30.2 frames=142825 result_subs=1 roi=ok intrinsic=ok inference_age_ms=82 target=none transport=False sorting_thread=alive
20:16:54 [v4][heartbeat] enter=True sorting=False cam=LIVE ai=LIVE cam_fps=55.2 pub_fps=30.4 frames=143101 result_subs=1 roi=ok intrinsic=ok inference_age_ms=63 target=none transport=False sorting_thread=alive
20:16:59 [v4][heartbeat] enter=True sorting=False cam=LIVE ai=LIVE cam_fps=51.5 pub_fps=30.1 frames=143359 result_subs=1 roi=ok intrinsic=ok inference_age_ms=46 target=none transport=False sorting_thread=alive
20:17:04 [v4][heartbeat] enter=True sorting=False cam=LIVE ai=LIVE cam_fps=53.3 pub_fps=30.5 frames=143625 result_subs=1 roi=ok intrinsic=ok inference_age_ms=70 target=none transport=False sorting_thread=alive
20:17:09 [v4][heartbeat] enter=True sorting=False cam=LIVE ai=LIVE cam_fps=55.3 pub_fps=30.2 frames=143902 result_subs=1 roi=ok intrinsic=ok inference_age_ms=80 target=none transport=False sorting_thread=alive
20:17:14 [v4][heartbeat] enter=True sorting=False cam=LIVE ai=LIVE cam_fps=51.0 pub_fps=30.4 frames=144157 result_subs=1 roi=ok intrinsic=ok inference_age_ms=76 target=none transport=False sorting_thread=alive
20:17:19 [v4][heartbeat] enter=True sorting=False cam=LIVE ai=LIVE cam_fps=56.2 pub_fps=30.2 frames=144438 result_subs=1 roi=ok intrinsic=ok inference_age_ms=96 target=none transport=False sorting_thread=alive
20:17:24 [v4][heartbeat] enter=True sorting=False cam=LIVE ai=LIVE cam_fps=53.0 pub_fps=30.2 frames=144703 result_subs=1 roi=ok intrinsic=ok inference_age_ms=59 target=none transport=False sorting_thread=alive
20:17:29 [v4][heartbeat] enter=True sorting=False cam=LIVE ai=LIVE cam_fps=49.1 pub_fps=30.6 frames=144949 result_subs=1 roi=ok intrinsic=ok inference_age_ms=48 target=none transport=False sorting_thread=alive
20:17:34 [v4][heartbeat] enter=True sorting=False cam=LIVE ai=LIVE cam_fps=56.9 pub_fps=30.2 frames=145233 result_subs=1 roi=ok intrinsic=ok inference_age_ms=88 target=none transport=False sorting_thread=alive
20:17:39 [v4][heartbeat] enter=True sorting=False cam=LIVE ai=LIVE cam_fps=53.0 pub_fps=30.2 frames=145498 result_subs=1 roi=ok intrinsic=ok inference_age_ms=57 target=none transport=False sorting_thread=alive
20:17:44 [v4][heartbeat] enter=True sorting=False cam=LIVE ai=LIVE cam_fps=54.3 pub_fps=30.4 frames=145770 result_subs=1 roi=ok intrinsic=ok inference_age_ms=55 target=none transport=False sorting_thread=alive
20:17:49 [v4][heartbeat] enter=True sorting=False cam=LIVE ai=LIVE cam_fps=56.1 pub_fps=30.2 frames=146050 result_subs=1 roi=ok intrinsic=ok inference_age_ms=50 target=none transport=False sorting_thread=alive
20:17:54 [v4][heartbeat] enter=True sorting=False cam=LIVE ai=LIVE cam_fps=49.8 pub_fps=30.4 frames=146299 result_subs=1 roi=ok intrinsic=ok inference_age_ms=60 target=none transport=False sorting_thread=alive
20:17:59 [v4][heartbeat] enter=True sorting=False cam=LIVE ai=LIVE cam_fps=54.2 pub_fps=30.2 frames=146570 result_subs=1 roi=ok intrinsic=ok inference_age_ms=54 target=none transport=False sorting_thread=alive
20:18:04 [v4][heartbeat] enter=True sorting=False cam=LIVE ai=LIVE cam_fps=52.2 pub_fps=30.4 frames=146831 result_subs=1 roi=ok intrinsic=ok inference_age_ms=68 target=none transport=False sorting_thread=alive
20:18:09 [v4][heartbeat] enter=True sorting=False cam=LIVE ai=LIVE cam_fps=52.6 pub_fps=30.2 frames=147094 result_subs=1 roi=ok intrinsic=ok inference_age_ms=67 target=none transport=False sorting_thread=alive
20:18:14 [v4][heartbeat] enter=True sorting=False cam=LIVE ai=LIVE cam_fps=54.6 pub_fps=30.4 frames=147367 result_subs=1 roi=ok intrinsic=ok inference_age_ms=64 target=none transport=False sorting_thread=alive
20:18:19 [v4][heartbeat] enter=True sorting=False cam=LIVE ai=LIVE cam_fps=50.2 pub_fps=30.2 frames=147618 result_subs=1 roi=ok intrinsic=ok inference_age_ms=90 target=none transport=False sorting_thread=alive
20:18:24 [v4][heartbeat] enter=True sorting=False cam=LIVE ai=LIVE cam_fps=53.2 pub_fps=30.4 frames=147884 result_subs=1 roi=ok intrinsic=ok inference_age_ms=90 target=none transport=False sorting_thread=alive
20:18:29 [v4][heartbeat] enter=True sorting=False cam=LIVE ai=LIVE cam_fps=52.0 pub_fps=30.2 frames=148144 result_subs=1 roi=ok intrinsic=ok inference_age_ms=106 target=none transport=False sorting_thread=alive
20:18:34 [v4][heartbeat] enter=True sorting=False cam=LIVE ai=LIVE cam_fps=50.5 pub_fps=30.4 frames=148397 result_subs=1 roi=ok intrinsic=ok inference_age_ms=76 target=none transport=False sorting_thread=alive
20:18:39 [v4][heartbeat] enter=True sorting=False cam=LIVE ai=LIVE cam_fps=52.7 pub_fps=30.4 frames=148660 result_subs=1 roi=ok intrinsic=ok inference_age_ms=64 target=none transport=False sorting_thread=alive
20:18:44 [v4][heartbeat] enter=True sorting=False cam=LIVE ai=LIVE cam_fps=52.0 pub_fps=30.2 frames=148920 result_subs=1 roi=ok intrinsic=ok inference_age_ms=80 target=none transport=False sorting_thread=alive
20:18:49 [v4][heartbeat] enter=True sorting=False cam=LIVE ai=LIVE cam_fps=53.6 pub_fps=30.2 frames=149188 result_subs=1 roi=ok intrinsic=ok inference_age_ms=57 target=none transport=False sorting_thread=alive
20:18:54 [v4][heartbeat] enter=True sorting=False cam=LIVE ai=LIVE cam_fps=54.6 pub_fps=30.4 frames=149461 result_subs=1 roi=ok intrinsic=ok inference_age_ms=60 target=none transport=False sorting_thread=alive
20:18:59 [v4][heartbeat] enter=True sorting=False cam=LIVE ai=LIVE cam_fps=51.9 pub_fps=30.4 frames=149721 result_subs=1 roi=ok intrinsic=ok inference_age_ms=57 target=none transport=False sorting_thread=alive
20:19:04 [v4][heartbeat] enter=True sorting=False cam=LIVE ai=LIVE cam_fps=55.5 pub_fps=30.2 frames=149998 result_subs=1 roi=ok intrinsic=ok inference_age_ms=112 target=none transport=False sorting_thread=alive
20:19:09 [v4][heartbeat] enter=True sorting=False cam=LIVE ai=LIVE cam_fps=49.6 pub_fps=30.4 frames=150246 result_subs=1 roi=ok intrinsic=ok inference_age_ms=62 target=none transport=False sorting_thread=alive
20:19:14 [v4][heartbeat] enter=True sorting=False cam=LIVE ai=LIVE cam_fps=53.1 pub_fps=30.2 frames=150512 result_subs=1 roi=ok intrinsic=ok inference_age_ms=51 target=none transport=False sorting_thread=alive
20:19:19 [v4][heartbeat] enter=True sorting=False cam=LIVE ai=LIVE cam_fps=53.0 pub_fps=30.4 frames=150777 result_subs=1 roi=ok intrinsic=ok inference_age_ms=64 target=none transport=False sorting_thread=alive
20:19:24 [v4][heartbeat] enter=True sorting=False cam=LIVE ai=LIVE cam_fps=52.1 pub_fps=30.3 frames=151037 result_subs=1 roi=ok intrinsic=ok inference_age_ms=73 target=none transport=False sorting_thread=alive
20:19:29 [v4][heartbeat] enter=True sorting=False cam=LIVE ai=LIVE cam_fps=55.8 pub_fps=30.4 frames=151316 result_subs=1 roi=ok intrinsic=ok inference_age_ms=83 target=none transport=False sorting_thread=alive
20:19:34 [v4][heartbeat] enter=True sorting=False cam=LIVE ai=LIVE cam_fps=51.2 pub_fps=30.2 frames=151572 result_subs=1 roi=ok intrinsic=ok inference_age_ms=67 target=none transport=False sorting_thread=alive
20:19:39 [v4][heartbeat] enter=True sorting=False cam=LIVE ai=LIVE cam_fps=56.6 pub_fps=30.4 frames=151855 result_subs=1 roi=ok intrinsic=ok inference_age_ms=95 target=none transport=False sorting_thread=alive
20:19:44 [v4][heartbeat] enter=True sorting=False cam=LIVE ai=LIVE cam_fps=50.8 pub_fps=30.2 frames=152109 result_subs=1 roi=ok intrinsic=ok inference_age_ms=42 target=none transport=False sorting_thread=alive
20:19:49 [v4][heartbeat] enter=True sorting=False cam=LIVE ai=LIVE cam_fps=50.0 pub_fps=30.4 frames=152359 result_subs=1 roi=ok intrinsic=ok inference_age_ms=76 target=none transport=False sorting_thread=alive
20:19:54 [v4][heartbeat] enter=True sorting=False cam=LIVE ai=LIVE cam_fps=56.6 pub_fps=30.2 frames=152642 result_subs=1 roi=ok intrinsic=ok inference_age_ms=78 target=none transport=False sorting_thread=alive
20:19:59 [v4][heartbeat] enter=True sorting=False cam=LIVE ai=LIVE cam_fps=50.8 pub_fps=30.4 frames=152896 result_subs=1 roi=ok intrinsic=ok inference_age_ms=70 target=none transport=False sorting_thread=alive
20:20:04 [v4][heartbeat] enter=True sorting=False cam=LIVE ai=LIVE cam_fps=54.2 pub_fps=30.2 frames=153167 result_subs=1 roi=ok intrinsic=ok inference_age_ms=93 target=none transport=False sorting_thread=alive
20:20:09 [v4][heartbeat] enter=True sorting=False cam=LIVE ai=LIVE cam_fps=54.4 pub_fps=30.2 frames=153439 result_subs=1 roi=ok intrinsic=ok inference_age_ms=89 target=none transport=False sorting_thread=alive
20:20:14 [v4][heartbeat] enter=True sorting=False cam=LIVE ai=LIVE cam_fps=50.8 pub_fps=30.4 frames=153693 result_subs=1 roi=ok intrinsic=ok inference_age_ms=53 target=none transport=False sorting_thread=alive
20:20:19 [v4][heartbeat] enter=True sorting=False cam=LIVE ai=LIVE cam_fps=54.6 pub_fps=30.4 frames=153966 result_subs=1 roi=ok intrinsic=ok inference_age_ms=42 target=none transport=False sorting_thread=alive
20:20:24 [v4][heartbeat] enter=True sorting=False cam=LIVE ai=LIVE cam_fps=53.3 pub_fps=30.2 frames=154232 result_subs=1 roi=ok intrinsic=ok inference_age_ms=63 target=none transport=False sorting_thread=alive
20:20:29 [v4][heartbeat] enter=True sorting=False cam=LIVE ai=LIVE cam_fps=55.2 pub_fps=30.4 frames=154508 result_subs=1 roi=ok intrinsic=ok inference_age_ms=124 target=none transport=False sorting_thread=alive
20:20:34 [v4][heartbeat] enter=True sorting=False cam=LIVE ai=LIVE cam_fps=56.0 pub_fps=30.2 frames=154788 result_subs=1 roi=ok intrinsic=ok inference_age_ms=102 target=none transport=False sorting_thread=alive
20:20:39 [v4][heartbeat] enter=True sorting=False cam=LIVE ai=LIVE cam_fps=49.6 pub_fps=30.4 frames=155036 result_subs=1 roi=ok intrinsic=ok inference_age_ms=94 target=none transport=False sorting_thread=alive
20:20:44 [v4][heartbeat] enter=True sorting=False cam=LIVE ai=LIVE cam_fps=55.1 pub_fps=30.1 frames=155312 result_subs=1 roi=ok intrinsic=ok inference_age_ms=60 target=none transport=False sorting_thread=alive
20:20:49 [v4][heartbeat] enter=True sorting=False cam=LIVE ai=LIVE cam_fps=51.7 pub_fps=30.4 frames=155570 result_subs=1 roi=ok intrinsic=ok inference_age_ms=87 target=none transport=False sorting_thread=alive
20:20:54 [v4][heartbeat] enter=True sorting=False cam=LIVE ai=LIVE cam_fps=54.3 pub_fps=30.2 frames=155842 result_subs=1 roi=ok intrinsic=ok inference_age_ms=90 target=none transport=False sorting_thread=alive
20:20:59 [v4][heartbeat] enter=True sorting=False cam=LIVE ai=LIVE cam_fps=56.7 pub_fps=30.4 frames=156125 result_subs=1 roi=ok intrinsic=ok inference_age_ms=90 target=none transport=False sorting_thread=alive
20:21:04 [v4][heartbeat] enter=True sorting=False cam=LIVE ai=LIVE cam_fps=51.8 pub_fps=30.2 frames=156384 result_subs=1 roi=ok intrinsic=ok inference_age_ms=92 target=none transport=False sorting_thread=alive
20:21:09 [v4][heartbeat] enter=True sorting=False cam=LIVE ai=LIVE cam_fps=54.2 pub_fps=30.4 frames=156655 result_subs=1 roi=ok intrinsic=ok inference_age_ms=79 target=none transport=False sorting_thread=alive
20:21:14 [v4][heartbeat] enter=True sorting=False cam=LIVE ai=LIVE cam_fps=53.0 pub_fps=30.2 frames=156920 result_subs=1 roi=ok intrinsic=ok inference_age_ms=81 target=none transport=False sorting_thread=alive
20:21:19 [v4][heartbeat] enter=True sorting=False cam=LIVE ai=LIVE cam_fps=52.4 pub_fps=30.4 frames=157182 result_subs=1 roi=ok intrinsic=ok inference_age_ms=91 target=none transport=False sorting_thread=alive
20:21:24 [v4][heartbeat] enter=True sorting=False cam=LIVE ai=LIVE cam_fps=55.1 pub_fps=30.4 frames=157458 result_subs=1 roi=ok intrinsic=ok inference_age_ms=94 target=none transport=False sorting_thread=alive
20:21:29 [v4][heartbeat] enter=True sorting=False cam=LIVE ai=LIVE cam_fps=51.4 pub_fps=30.2 frames=157715 result_subs=1 roi=ok intrinsic=ok inference_age_ms=90 target=none transport=False sorting_thread=alive
20:21:34 [v4][heartbeat] enter=True sorting=False cam=LIVE ai=LIVE cam_fps=55.6 pub_fps=30.2 frames=157993 result_subs=1 roi=ok intrinsic=ok inference_age_ms=91 target=none transport=False sorting_thread=alive
20:21:39 [v4][heartbeat] enter=True sorting=False cam=LIVE ai=LIVE cam_fps=52.2 pub_fps=30.4 frames=158254 result_subs=1 roi=ok intrinsic=ok inference_age_ms=95 target=none transport=False sorting_thread=alive
20:21:44 [v4][heartbeat] enter=True sorting=False cam=LIVE ai=LIVE cam_fps=51.6 pub_fps=30.2 frames=158512 result_subs=1 roi=ok intrinsic=ok inference_age_ms=55 target=none transport=False sorting_thread=alive
20:21:49 [v4][heartbeat] enter=True sorting=False cam=LIVE ai=LIVE cam_fps=56.2 pub_fps=30.4 frames=158793 result_subs=1 roi=ok intrinsic=ok inference_age_ms=91 target=none transport=False sorting_thread=alive
20:21:54 [v4][heartbeat] enter=True sorting=False cam=LIVE ai=LIVE cam_fps=51.2 pub_fps=30.4 frames=159049 result_subs=1 roi=ok intrinsic=ok inference_age_ms=40 target=none transport=False sorting_thread=alive
20:21:59 [v4][heartbeat] enter=True sorting=False cam=LIVE ai=LIVE cam_fps=58.6 pub_fps=30.2 frames=159342 result_subs=1 roi=ok intrinsic=ok inference_age_ms=58 target=none transport=False sorting_thread=alive
20:22:04 [v4][heartbeat] enter=True sorting=False cam=LIVE ai=LIVE cam_fps=56.8 pub_fps=30.2 frames=159626 result_subs=1 roi=ok intrinsic=ok inference_age_ms=53 target=none transport=False sorting_thread=alive
20:22:09 [v4][heartbeat] enter=True sorting=False cam=LIVE ai=LIVE cam_fps=56.0 pub_fps=30.4 frames=159906 result_subs=1 roi=ok intrinsic=ok inference_age_ms=31 target=none transport=False sorting_thread=alive
20:22:14 [v4][heartbeat] enter=True sorting=False cam=LIVE ai=LIVE cam_fps=57.1 pub_fps=30.4 frames=160192 result_subs=1 roi=ok intrinsic=ok inference_age_ms=56 target=none transport=False sorting_thread=alive
20:22:19 [v4][heartbeat] enter=True sorting=False cam=LIVE ai=LIVE cam_fps=54.9 pub_fps=30.2 frames=160466 result_subs=1 roi=ok intrinsic=ok inference_age_ms=54 target=none transport=False sorting_thread=alive
20:22:24 [v4][heartbeat] enter=True sorting=False cam=LIVE ai=LIVE cam_fps=58.0 pub_fps=30.4 frames=160756 result_subs=1 roi=ok intrinsic=ok inference_age_ms=64 target=none transport=False sorting_thread=alive
20:22:29 [v4][heartbeat] enter=True sorting=False cam=LIVE ai=LIVE cam_fps=58.0 pub_fps=30.2 frames=161046 result_subs=1 roi=ok intrinsic=ok inference_age_ms=53 target=none transport=False sorting_thread=alive
20:22:34 [v4][heartbeat] enter=True sorting=False cam=LIVE ai=LIVE cam_fps=52.4 pub_fps=30.4 frames=161308 result_subs=1 roi=ok intrinsic=ok inference_age_ms=63 target=none transport=False sorting_thread=alive
20:22:39 [v4][heartbeat] enter=True sorting=False cam=LIVE ai=LIVE cam_fps=58.2 pub_fps=30.2 frames=161599 result_subs=1 roi=ok intrinsic=ok inference_age_ms=32 target=none transport=False sorting_thread=alive
20:22:44 [v4][heartbeat] enter=True sorting=False cam=LIVE ai=LIVE cam_fps=55.0 pub_fps=30.4 frames=161874 result_subs=1 roi=ok intrinsic=ok inference_age_ms=59 target=none transport=False sorting_thread=alive
20:22:49 [v4][heartbeat] enter=True sorting=False cam=LIVE ai=LIVE cam_fps=56.0 pub_fps=30.2 frames=162154 result_subs=1 roi=ok intrinsic=ok inference_age_ms=41 target=none transport=False sorting_thread=alive
20:22:54 [v4][heartbeat] enter=True sorting=False cam=LIVE ai=LIVE cam_fps=59.0 pub_fps=30.4 frames=162449 result_subs=1 roi=ok intrinsic=ok inference_age_ms=90 target=none transport=False sorting_thread=alive
20:22:59 [v4][heartbeat] enter=True sorting=False cam=LIVE ai=LIVE cam_fps=54.2 pub_fps=30.2 frames=162720 result_subs=1 roi=ok intrinsic=ok inference_age_ms=48 target=none transport=False sorting_thread=alive
20:23:04 [v4][heartbeat] enter=True sorting=False cam=LIVE ai=LIVE cam_fps=59.3 pub_fps=30.4 frames=163016 result_subs=1 roi=ok intrinsic=ok inference_age_ms=34 target=none transport=False sorting_thread=alive
20:23:09 [v4][heartbeat] enter=True sorting=False cam=LIVE ai=LIVE cam_fps=55.2 pub_fps=30.2 frames=163292 result_subs=1 roi=ok intrinsic=ok inference_age_ms=38 target=none transport=False sorting_thread=alive
20:23:14 [v4][heartbeat] enter=True sorting=False cam=LIVE ai=LIVE cam_fps=56.0 pub_fps=30.4 frames=163572 result_subs=1 roi=ok intrinsic=ok inference_age_ms=58 target=none transport=False sorting_thread=alive
20:23:19 [v4][heartbeat] enter=True sorting=False cam=LIVE ai=LIVE cam_fps=57.6 pub_fps=30.2 frames=163860 result_subs=1 roi=ok intrinsic=ok inference_age_ms=47 target=none transport=False sorting_thread=alive
20:23:24 [v4][heartbeat] enter=True sorting=False cam=LIVE ai=LIVE cam_fps=54.4 pub_fps=30.4 frames=164132 result_subs=1 roi=ok intrinsic=ok inference_age_ms=62 target=none transport=False sorting_thread=alive
20:23:29 [v4][heartbeat] enter=True sorting=False cam=LIVE ai=LIVE cam_fps=58.0 pub_fps=30.2 frames=164422 result_subs=1 roi=ok intrinsic=ok inference_age_ms=55 target=none transport=False sorting_thread=alive
20:23:34 [v4][heartbeat] enter=True sorting=False cam=LIVE ai=LIVE cam_fps=54.6 pub_fps=30.4 frames=164695 result_subs=1 roi=ok intrinsic=ok inference_age_ms=49 target=none transport=False sorting_thread=alive
20:23:39 [v4][heartbeat] enter=True sorting=False cam=LIVE ai=LIVE cam_fps=54.8 pub_fps=30.2 frames=164969 result_subs=1 roi=ok intrinsic=ok inference_age_ms=67 target=none transport=False sorting_thread=alive
20:23:44 [v4][heartbeat] enter=True sorting=False cam=LIVE ai=LIVE cam_fps=58.2 pub_fps=30.4 frames=165260 result_subs=1 roi=ok intrinsic=ok inference_age_ms=73 target=none transport=False sorting_thread=alive
20:23:49 [v4][heartbeat] enter=True sorting=False cam=LIVE ai=LIVE cam_fps=54.4 pub_fps=30.4 frames=165532 result_subs=1 roi=ok intrinsic=ok inference_age_ms=60 target=none transport=False sorting_thread=alive
20:23:54 [v4][heartbeat] enter=True sorting=False cam=LIVE ai=LIVE cam_fps=58.2 pub_fps=30.2 frames=165823 result_subs=1 roi=ok intrinsic=ok inference_age_ms=68 target=none transport=False sorting_thread=alive
20:23:59 [v4][heartbeat] enter=True sorting=False cam=LIVE ai=LIVE cam_fps=57.4 pub_fps=30.2 frames=166110 result_subs=1 roi=ok intrinsic=ok inference_age_ms=49 target=none transport=False sorting_thread=alive
20:24:04 [v4][heartbeat] enter=True sorting=False cam=LIVE ai=LIVE cam_fps=55.4 pub_fps=30.4 frames=166387 result_subs=1 roi=ok intrinsic=ok inference_age_ms=62 target=none transport=False sorting_thread=alive
20:24:09 [v4][heartbeat] enter=True sorting=False cam=LIVE ai=LIVE cam_fps=59.0 pub_fps=30.2 frames=166682 result_subs=1 roi=ok intrinsic=ok inference_age_ms=43 target=none transport=False sorting_thread=alive
20:24:14 [v4][heartbeat] enter=True sorting=False cam=LIVE ai=LIVE cam_fps=55.4 pub_fps=30.4 frames=166959 result_subs=1 roi=ok intrinsic=ok inference_age_ms=50 target=none transport=False sorting_thread=alive
20:24:19 [v4][heartbeat] enter=True sorting=False cam=LIVE ai=LIVE cam_fps=59.0 pub_fps=30.2 frames=167254 result_subs=1 roi=ok intrinsic=ok inference_age_ms=44 target=none transport=False sorting_thread=alive
20:24:24 [v4][heartbeat] enter=True sorting=False cam=LIVE ai=LIVE cam_fps=58.8 pub_fps=30.4 frames=167548 result_subs=1 roi=ok intrinsic=ok inference_age_ms=34 target=none transport=False sorting_thread=alive
20:24:29 [v4][heartbeat] enter=True sorting=False cam=LIVE ai=LIVE cam_fps=58.0 pub_fps=30.4 frames=167838 result_subs=1 roi=ok intrinsic=ok inference_age_ms=55 target=none transport=False sorting_thread=alive
20:24:34 [v4][heartbeat] enter=True sorting=False cam=LIVE ai=LIVE cam_fps=57.8 pub_fps=30.2 frames=168127 result_subs=1 roi=ok intrinsic=ok inference_age_ms=52 target=none transport=False sorting_thread=alive
20:24:39 [v4][heartbeat] enter=True sorting=False cam=LIVE ai=LIVE cam_fps=54.0 pub_fps=30.4 frames=168397 result_subs=1 roi=ok intrinsic=ok inference_age_ms=41 target=none transport=False sorting_thread=alive
20:24:44 [v4][heartbeat] enter=True sorting=False cam=LIVE ai=LIVE cam_fps=57.2 pub_fps=30.2 frames=168683 result_subs=1 roi=ok intrinsic=ok inference_age_ms=60 target=none transport=False sorting_thread=alive
20:24:49 [v4][heartbeat] enter=True sorting=False cam=LIVE ai=LIVE cam_fps=55.4 pub_fps=30.4 frames=168960 result_subs=1 roi=ok intrinsic=ok inference_age_ms=70 target=none transport=False sorting_thread=alive
20:24:54 [v4][heartbeat] enter=True sorting=False cam=LIVE ai=LIVE cam_fps=54.6 pub_fps=30.2 frames=169233 result_subs=1 roi=ok intrinsic=ok inference_age_ms=68 target=none transport=False sorting_thread=alive
20:24:59 [v4][heartbeat] enter=True sorting=False cam=LIVE ai=LIVE cam_fps=57.6 pub_fps=30.4 frames=169521 result_subs=1 roi=ok intrinsic=ok inference_age_ms=55 target=none transport=False sorting_thread=alive
20:25:04 [v4][heartbeat] enter=True sorting=False cam=LIVE ai=LIVE cam_fps=55.8 pub_fps=30.2 frames=169800 result_subs=1 roi=ok intrinsic=ok inference_age_ms=57 target=none transport=False sorting_thread=alive
20:25:09 [v4][heartbeat] enter=True sorting=False cam=LIVE ai=LIVE cam_fps=57.0 pub_fps=30.4 frames=170085 result_subs=1 roi=ok intrinsic=ok inference_age_ms=46 target=none transport=False sorting_thread=alive
20:25:14 [v4][heartbeat] enter=True sorting=False cam=LIVE ai=LIVE cam_fps=58.4 pub_fps=30.2 frames=170377 result_subs=1 roi=ok intrinsic=ok inference_age_ms=40 target=none transport=False sorting_thread=alive
20:25:19 [v4][heartbeat] enter=True sorting=False cam=LIVE ai=LIVE cam_fps=48.8 pub_fps=30.4 frames=170621 result_subs=1 roi=ok intrinsic=ok inference_age_ms=55 target=none transport=False sorting_thread=alive
20:25:24 [v4][heartbeat] enter=True sorting=False cam=LIVE ai=LIVE cam_fps=52.0 pub_fps=30.2 frames=170881 result_subs=1 roi=ok intrinsic=ok inference_age_ms=75 target=none transport=False sorting_thread=alive
20:25:29 [v4][publish] result_subs changed: 1 -> 0
20:25:29 [v4][heartbeat] enter=True sorting=False cam=LIVE ai=LIVE cam_fps=49.2 pub_fps=30.4 frames=171127 result_subs=0 roi=ok intrinsic=ok inference_age_ms=54 target=none transport=False sorting_thread=alive
20:25:33 [v4][main] KeyboardInterrupt - shutting down
