# v5 session 2026-06-24_13-46-41 pid=97057
13:46:47 [v4][main] starting custom_sortingv5
13:46:47 [v4][init] constructing node 'custom_sortingv5'
13:46:47 [v4][init] config_path=/home/ubuntu/ros2_ws/src/stepper/config/ (CHASSIS_TYPE='Slide_Rails')
13:46:47 [v4][init] waiting for kinematics/set_pose_target service...
13:46:49 [v4][init] kinematics/set_pose_target ready
13:46:49 [v4][init] bus_servo/get_state ready (full feedback enabled)
13:46:49 [v4][inference] worker thread starting
13:46:49 [v4][init] inference worker started (engine=/home/ubuntu/third_party_ros2/data/scaff_cube_best.engine)
13:46:49 [v4][engine-load] starting load: /home/ubuntu/third_party_ros2/data/scaff_cube_best.engine
13:46:49 [v4][init] camera subscriptions created (always-on) - topic /depth_cam/rgb/image_raw + camera_info
13:46:49 [v4][init] depth subscribed (candidate): /depth_cam/depth_to_color
13:46:49 [v4][init] depth subscribed (candidate): /depth_cam/depth/image_raw
13:46:49 [v4][main] spinning executor (4 threads)
13:46:49 [v4][startup] spawning sorting + transport threads
13:46:49 [v4][sorting-loop] thread started, waiting for enter+frames
13:46:49 [v4][engine-load] YOLO() constructed in 0.02s task=obb (raw='obb', override='obb')
13:46:49 [v4][svc] set_target red=True
13:46:49 [v4][init] captured endpoint pose t=[0.1271, 0.0000, 0.1821]
13:46:49 [v4][svc] set_target green=True
13:46:49 [v4][svc] set_target blue=True
13:46:49 [v4][svc] set_target scaff=True
13:46:49 [v4][startup] v4 init finish
13:46:50 [v4][camera] depth source = /depth_cam/depth/image_raw (colour-aligned=False)
13:46:50 [v4][camera] FIRST DEPTH FRAME on /depth_cam/depth/image_raw: shape=(400, 640) dtype=uint16
13:46:50 [v4][camera] FIRST FRAME received: (480, 640, 3) enc=rgb8
13:46:50 [v4][init] depth->color TF resolved + composed into hand2cam
13:46:50 [v4][camera] first camera_info received: fx=453.0 fy=453.0 cx=328.3 cy=243.4
13:46:50 [v4][svc] enable_sorting -> False
13:46:51 [v4][publish] first frame published: shape=(480, 640, 3) step=1920 contig=True qos=reliable/depth10 topic=/custom_sortingv5/image_result
13:46:51 [v4][engine-load] warmup pass done in 2.85s
13:46:51 [v4][engine-load] engine active: /home/ubuntu/third_party_ros2/data/scaff_cube_best.engine (total load 2.87s, swap #1)
13:46:51 [v4][engine-load] class names from model.names: ['scaff', 'light blue cube', 'dark blue cube', 'red cube', 'green cube']
13:46:52 [v4][inference] first inference complete (64 ms)
13:46:52 [v4][sorting-loop] first inference result reached the loop
13:46:52 [v4][roi] reading transform.yaml from /home/ubuntu/ros2_ws/src/stepper/config/transform.yaml
13:46:52 [v4][roi]   loaded plane: [-0.010112789924278812, -0.07569144807306097, -0.9970800048985791, 0.21695526432383616]
13:46:52 [v4][roi]   yaml loaded: extristric.shape=(4, 3) corners.shape=(5, 3) white_area_center.shape=(4, 4)
13:46:52 [v4][roi]   intrinsic ready after 0.00s (shape=(3, 3)) distortion.shape=(8,)
13:46:52 [v4][roi]   extrinsic plane shift done
13:46:52 [v4][roi]   projected 4 corners to image pixels
13:46:52 [v4][roi]   computed roi (y=77..389 x=126..528) on intrinsic shape=(3, 3)
13:46:52 [v4][sorting-loop] ROI built - detection branch is now live
13:46:54 [v4][heartbeat] enter=False sorting=False cam=LIVE ai=LIVE cam_fps=40.9 pub_fps=14.6 frames=205 result_subs=1 roi=ok intrinsic=ok inference_age_ms=107 target=none transport=False sorting_thread=alive
13:46:59 [v4][heartbeat] enter=False sorting=False cam=LIVE ai=LIVE cam_fps=48.8 pub_fps=30.2 frames=449 result_subs=1 roi=ok intrinsic=ok inference_age_ms=169 target=none transport=False sorting_thread=alive
13:47:04 [v4][heartbeat] enter=False sorting=False cam=LIVE ai=LIVE cam_fps=52.4 pub_fps=30.4 frames=711 result_subs=1 roi=ok intrinsic=ok inference_age_ms=102 target=none transport=False sorting_thread=alive
13:47:08 [v4][svc] enable_sorting -> False
13:47:08 [v4][calibrate] sorting force-stopped; starting calibration
13:47:09 [v4][heartbeat] enter=False sorting=False cam=LIVE ai=LIVE cam_fps=50.3 pub_fps=30.4 frames=963 result_subs=1 roi=ok intrinsic=ok inference_age_ms=59 target=none transport=False sorting_thread=alive
13:47:09 [v4][calibrate] finished; rebuilding ROI from new transform.yaml
13:47:09 [v4][roi] reading transform.yaml from /home/ubuntu/ros2_ws/src/stepper/config/transform.yaml
13:47:09 [v4][roi]   loaded plane: [-0.011507965768355638, -0.08931540962994815, -0.9959369078041586, 0.22084294504687252]
13:47:09 [v4][roi]   yaml loaded: extristric.shape=(4, 3) corners.shape=(5, 3) white_area_center.shape=(4, 4)
13:47:09 [v4][roi]   intrinsic ready after 0.00s (shape=(3, 3)) distortion.shape=(8,)
13:47:09 [v4][roi]   extrinsic plane shift done
13:47:09 [v4][roi]   projected 4 corners to image pixels
13:47:09 [v4][roi]   computed roi (y=83..389 x=128..526) on intrinsic shape=(3, 3)
13:47:09 [v4][sorting-loop] ROI built - detection branch is now live
13:47:14 [v4][heartbeat] enter=False sorting=False cam=LIVE ai=LIVE cam_fps=13.4 pub_fps=17.5 frames=1032 result_subs=1 roi=ok intrinsic=ok inference_age_ms=478 target=none transport=False sorting_thread=alive
13:47:19 [v4][heartbeat] enter=False sorting=False cam=LIVE ai=LIVE cam_fps=41.9 pub_fps=28.1 frames=1235 result_subs=1 roi=ok intrinsic=ok inference_age_ms=105 target=none transport=False sorting_thread=alive
13:47:24 [v4][heartbeat] enter=False sorting=False cam=LIVE ai=LIVE cam_fps=49.7 pub_fps=30.4 frames=1484 result_subs=1 roi=ok intrinsic=ok inference_age_ms=173 target=none transport=False sorting_thread=alive
13:47:29 [v4][heartbeat] enter=False sorting=False cam=LIVE ai=LIVE cam_fps=54.4 pub_fps=30.2 frames=1756 result_subs=1 roi=ok intrinsic=ok inference_age_ms=97 target=none transport=False sorting_thread=alive
13:47:34 [v4][heartbeat] enter=False sorting=False cam=LIVE ai=LIVE cam_fps=51.8 pub_fps=30.4 frames=2015 result_subs=1 roi=ok intrinsic=ok inference_age_ms=143 target=none transport=False sorting_thread=alive
13:47:39 [v4][heartbeat] enter=False sorting=False cam=LIVE ai=LIVE cam_fps=49.2 pub_fps=30.2 frames=2261 result_subs=1 roi=ok intrinsic=ok inference_age_ms=68 target=none transport=False sorting_thread=alive
13:47:44 [v4][heartbeat] enter=False sorting=False cam=LIVE ai=LIVE cam_fps=53.4 pub_fps=30.4 frames=2528 result_subs=1 roi=ok intrinsic=ok inference_age_ms=119 target=none transport=False sorting_thread=alive
13:47:49 [v4][heartbeat] enter=False sorting=False cam=LIVE ai=LIVE cam_fps=52.4 pub_fps=30.2 frames=2790 result_subs=1 roi=ok intrinsic=ok inference_age_ms=54 target=none transport=False sorting_thread=alive
13:47:54 [v4][heartbeat] enter=False sorting=False cam=LIVE ai=LIVE cam_fps=51.8 pub_fps=30.4 frames=3049 result_subs=1 roi=ok intrinsic=ok inference_age_ms=123 target=none transport=False sorting_thread=alive
13:47:59 [v4][heartbeat] enter=False sorting=False cam=LIVE ai=LIVE cam_fps=53.2 pub_fps=30.2 frames=3315 result_subs=1 roi=ok intrinsic=ok inference_age_ms=46 target=none transport=False sorting_thread=alive
13:48:04 [v4][heartbeat] enter=False sorting=False cam=LIVE ai=LIVE cam_fps=51.2 pub_fps=30.4 frames=3571 result_subs=1 roi=ok intrinsic=ok inference_age_ms=105 target=none transport=False sorting_thread=alive
13:48:09 [v4][heartbeat] enter=False sorting=False cam=LIVE ai=LIVE cam_fps=53.0 pub_fps=30.4 frames=3836 result_subs=1 roi=ok intrinsic=ok inference_age_ms=155 target=none transport=False sorting_thread=alive
13:48:14 [v4][heartbeat] enter=False sorting=False cam=LIVE ai=LIVE cam_fps=48.0 pub_fps=30.2 frames=4076 result_subs=1 roi=ok intrinsic=ok inference_age_ms=64 target=none transport=False sorting_thread=alive
13:48:19 [v4][heartbeat] enter=False sorting=False cam=LIVE ai=LIVE cam_fps=50.9 pub_fps=30.4 frames=4331 result_subs=1 roi=ok intrinsic=ok inference_age_ms=111 target=none transport=False sorting_thread=alive
13:48:24 [v4][heartbeat] enter=False sorting=False cam=LIVE ai=LIVE cam_fps=52.5 pub_fps=30.2 frames=4593 result_subs=1 roi=ok intrinsic=ok inference_age_ms=36 target=none transport=False sorting_thread=alive
13:48:29 [v4][heartbeat] enter=False sorting=False cam=LIVE ai=LIVE cam_fps=47.4 pub_fps=30.2 frames=4830 result_subs=1 roi=ok intrinsic=ok inference_age_ms=87 target=none transport=False sorting_thread=alive
13:48:34 [v4][heartbeat] enter=False sorting=False cam=LIVE ai=LIVE cam_fps=51.6 pub_fps=30.4 frames=5088 result_subs=1 roi=ok intrinsic=ok inference_age_ms=148 target=none transport=False sorting_thread=alive
13:48:39 [v4][heartbeat] enter=False sorting=False cam=LIVE ai=LIVE cam_fps=50.3 pub_fps=30.3 frames=5340 result_subs=1 roi=ok intrinsic=ok inference_age_ms=95 target=none transport=False sorting_thread=alive
13:48:44 [v4][heartbeat] enter=False sorting=False cam=LIVE ai=LIVE cam_fps=49.9 pub_fps=30.1 frames=5589 result_subs=1 roi=ok intrinsic=ok inference_age_ms=145 target=none transport=False sorting_thread=alive
13:48:49 [v4][heartbeat] enter=False sorting=False cam=LIVE ai=LIVE cam_fps=53.0 pub_fps=30.6 frames=5854 result_subs=1 roi=ok intrinsic=ok inference_age_ms=65 target=none transport=False sorting_thread=alive
13:48:54 [v4][heartbeat] enter=False sorting=False cam=LIVE ai=LIVE cam_fps=49.5 pub_fps=30.2 frames=6101 result_subs=1 roi=ok intrinsic=ok inference_age_ms=120 target=none transport=False sorting_thread=alive
13:48:59 [v4][heartbeat] enter=False sorting=False cam=LIVE ai=LIVE cam_fps=53.4 pub_fps=30.4 frames=6368 result_subs=1 roi=ok intrinsic=ok inference_age_ms=49 target=none transport=False sorting_thread=alive
13:49:04 [v4][heartbeat] enter=False sorting=False cam=LIVE ai=LIVE cam_fps=53.0 pub_fps=30.2 frames=6633 result_subs=1 roi=ok intrinsic=ok inference_age_ms=109 target=none transport=False sorting_thread=alive
13:49:09 [v4][heartbeat] enter=False sorting=False cam=LIVE ai=LIVE cam_fps=51.2 pub_fps=30.4 frames=6889 result_subs=1 roi=ok intrinsic=ok inference_age_ms=170 target=none transport=False sorting_thread=alive
13:49:14 [v4][heartbeat] enter=False sorting=False cam=LIVE ai=LIVE cam_fps=55.2 pub_fps=30.2 frames=7165 result_subs=1 roi=ok intrinsic=ok inference_age_ms=114 target=none transport=False sorting_thread=alive
13:49:19 [v4][heartbeat] enter=False sorting=False cam=LIVE ai=LIVE cam_fps=52.2 pub_fps=30.4 frames=7426 result_subs=1 roi=ok intrinsic=ok inference_age_ms=64 target=none transport=False sorting_thread=alive
13:49:24 [v4][heartbeat] enter=False sorting=False cam=LIVE ai=LIVE cam_fps=52.0 pub_fps=30.2 frames=7686 result_subs=1 roi=ok intrinsic=ok inference_age_ms=113 target=none transport=False sorting_thread=alive
13:49:29 [v4][heartbeat] enter=False sorting=False cam=LIVE ai=LIVE cam_fps=51.0 pub_fps=30.4 frames=7941 result_subs=1 roi=ok intrinsic=ok inference_age_ms=31 target=none transport=False sorting_thread=alive
13:49:34 [v4][heartbeat] enter=False sorting=False cam=LIVE ai=LIVE cam_fps=53.2 pub_fps=30.2 frames=8207 result_subs=1 roi=ok intrinsic=ok inference_age_ms=83 target=none transport=False sorting_thread=alive
13:49:39 [v4][heartbeat] enter=False sorting=False cam=LIVE ai=LIVE cam_fps=53.8 pub_fps=30.4 frames=8476 result_subs=1 roi=ok intrinsic=ok inference_age_ms=148 target=none transport=False sorting_thread=alive
13:49:44 [v4][heartbeat] enter=False sorting=False cam=LIVE ai=LIVE cam_fps=49.0 pub_fps=30.2 frames=8721 result_subs=1 roi=ok intrinsic=ok inference_age_ms=56 target=none transport=False sorting_thread=alive
13:49:49 [v4][heartbeat] enter=False sorting=False cam=LIVE ai=LIVE cam_fps=52.8 pub_fps=30.4 frames=8985 result_subs=1 roi=ok intrinsic=ok inference_age_ms=109 target=none transport=False sorting_thread=alive
13:49:54 [v4][heartbeat] enter=False sorting=False cam=LIVE ai=LIVE cam_fps=53.6 pub_fps=30.4 frames=9253 result_subs=1 roi=ok intrinsic=ok inference_age_ms=41 target=none transport=False sorting_thread=alive
13:49:59 [v4][heartbeat] enter=False sorting=False cam=LIVE ai=LIVE cam_fps=51.2 pub_fps=30.0 frames=9509 result_subs=1 roi=ok intrinsic=ok inference_age_ms=106 target=none transport=False sorting_thread=alive
13:50:04 [v4][heartbeat] enter=False sorting=False cam=LIVE ai=LIVE cam_fps=54.8 pub_fps=30.4 frames=9783 result_subs=1 roi=ok intrinsic=ok inference_age_ms=168 target=none transport=False sorting_thread=alive
13:50:09 [v4][heartbeat] enter=False sorting=False cam=LIVE ai=LIVE cam_fps=48.4 pub_fps=30.4 frames=10025 result_subs=1 roi=ok intrinsic=ok inference_age_ms=101 target=none transport=False sorting_thread=alive
13:50:14 [v4][heartbeat] enter=False sorting=False cam=LIVE ai=LIVE cam_fps=51.0 pub_fps=30.2 frames=10280 result_subs=1 roi=ok intrinsic=ok inference_age_ms=168 target=none transport=False sorting_thread=alive
13:50:19 [v4][heartbeat] enter=False sorting=False cam=LIVE ai=LIVE cam_fps=53.4 pub_fps=30.4 frames=10547 result_subs=1 roi=ok intrinsic=ok inference_age_ms=97 target=none transport=False sorting_thread=alive
13:50:24 [v4][heartbeat] enter=False sorting=False cam=LIVE ai=LIVE cam_fps=49.0 pub_fps=30.4 frames=10792 result_subs=1 roi=ok intrinsic=ok inference_age_ms=123 target=none transport=False sorting_thread=alive
13:50:29 [v4][heartbeat] enter=False sorting=False cam=LIVE ai=LIVE cam_fps=52.4 pub_fps=30.2 frames=11054 result_subs=1 roi=ok intrinsic=ok inference_age_ms=69 target=none transport=False sorting_thread=alive
13:50:34 [v4][heartbeat] enter=False sorting=False cam=LIVE ai=LIVE cam_fps=54.0 pub_fps=30.2 frames=11324 result_subs=1 roi=ok intrinsic=ok inference_age_ms=131 target=none transport=False sorting_thread=alive
13:50:39 [v4][heartbeat] enter=False sorting=False cam=LIVE ai=LIVE cam_fps=47.8 pub_fps=30.4 frames=11563 result_subs=1 roi=ok intrinsic=ok inference_age_ms=76 target=none transport=False sorting_thread=alive
13:50:44 [v4][heartbeat] enter=False sorting=False cam=LIVE ai=LIVE cam_fps=53.0 pub_fps=30.2 frames=11828 result_subs=1 roi=ok intrinsic=ok inference_age_ms=141 target=none transport=False sorting_thread=alive
13:50:49 [v4][heartbeat] enter=False sorting=False cam=LIVE ai=LIVE cam_fps=51.0 pub_fps=30.4 frames=12083 result_subs=1 roi=ok intrinsic=ok inference_age_ms=57 target=none transport=False sorting_thread=alive
13:50:54 [v4][heartbeat] enter=False sorting=False cam=LIVE ai=LIVE cam_fps=51.5 pub_fps=30.4 frames=12341 result_subs=1 roi=ok intrinsic=ok inference_age_ms=119 target=none transport=False sorting_thread=alive
13:50:59 [v4][heartbeat] enter=False sorting=False cam=LIVE ai=LIVE cam_fps=54.8 pub_fps=30.2 frames=12615 result_subs=1 roi=ok intrinsic=ok inference_age_ms=154 target=none transport=False sorting_thread=alive
13:51:04 [v4][heartbeat] enter=False sorting=False cam=LIVE ai=LIVE cam_fps=48.0 pub_fps=30.4 frames=12855 result_subs=1 roi=ok intrinsic=ok inference_age_ms=88 target=none transport=False sorting_thread=alive
13:51:09 [v4][heartbeat] enter=False sorting=False cam=LIVE ai=LIVE cam_fps=52.8 pub_fps=30.2 frames=13119 result_subs=1 roi=ok intrinsic=ok inference_age_ms=123 target=none transport=False sorting_thread=alive
13:51:14 [v4][heartbeat] enter=False sorting=False cam=LIVE ai=LIVE cam_fps=50.0 pub_fps=30.4 frames=13369 result_subs=1 roi=ok intrinsic=ok inference_age_ms=61 target=none transport=False sorting_thread=alive
13:51:19 [v4][heartbeat] enter=False sorting=False cam=LIVE ai=LIVE cam_fps=55.7 pub_fps=30.2 frames=13647 result_subs=1 roi=ok intrinsic=ok inference_age_ms=106 target=none transport=False sorting_thread=alive
13:51:24 [v4][heartbeat] enter=False sorting=False cam=LIVE ai=LIVE cam_fps=51.8 pub_fps=30.4 frames=13906 result_subs=1 roi=ok intrinsic=ok inference_age_ms=52 target=none transport=False sorting_thread=alive
13:51:29 [v4][heartbeat] enter=False sorting=False cam=LIVE ai=LIVE cam_fps=49.8 pub_fps=30.2 frames=14155 result_subs=1 roi=ok intrinsic=ok inference_age_ms=105 target=none transport=False sorting_thread=alive
13:51:34 [v4][heartbeat] enter=False sorting=False cam=LIVE ai=LIVE cam_fps=54.8 pub_fps=30.2 frames=14429 result_subs=1 roi=ok intrinsic=ok inference_age_ms=46 target=none transport=False sorting_thread=alive
13:51:39 [v4][heartbeat] enter=False sorting=False cam=LIVE ai=LIVE cam_fps=49.2 pub_fps=30.4 frames=14675 result_subs=1 roi=ok intrinsic=ok inference_age_ms=106 target=none transport=False sorting_thread=alive
13:51:44 [v4][heartbeat] enter=False sorting=False cam=LIVE ai=LIVE cam_fps=55.0 pub_fps=30.4 frames=14950 result_subs=1 roi=ok intrinsic=ok inference_age_ms=62 target=none transport=False sorting_thread=alive
13:51:49 [v4][heartbeat] enter=False sorting=False cam=LIVE ai=LIVE cam_fps=52.4 pub_fps=30.2 frames=15212 result_subs=1 roi=ok intrinsic=ok inference_age_ms=119 target=none transport=False sorting_thread=alive
13:51:54 [v4][heartbeat] enter=False sorting=False cam=LIVE ai=LIVE cam_fps=50.0 pub_fps=30.4 frames=15462 result_subs=1 roi=ok intrinsic=ok inference_age_ms=61 target=none transport=False sorting_thread=alive
13:51:59 [v4][heartbeat] enter=False sorting=False cam=LIVE ai=LIVE cam_fps=54.4 pub_fps=30.2 frames=15734 result_subs=1 roi=ok intrinsic=ok inference_age_ms=93 target=none transport=False sorting_thread=alive
13:52:04 [v4][heartbeat] enter=False sorting=False cam=LIVE ai=LIVE cam_fps=50.2 pub_fps=30.4 frames=15985 result_subs=1 roi=ok intrinsic=ok inference_age_ms=164 target=none transport=False sorting_thread=alive
13:52:09 [v4][heartbeat] enter=False sorting=False cam=LIVE ai=LIVE cam_fps=53.4 pub_fps=30.2 frames=16252 result_subs=1 roi=ok intrinsic=ok inference_age_ms=96 target=none transport=False sorting_thread=alive
13:52:14 [v4][heartbeat] enter=False sorting=False cam=LIVE ai=LIVE cam_fps=51.8 pub_fps=30.4 frames=16511 result_subs=1 roi=ok intrinsic=ok inference_age_ms=140 target=none transport=False sorting_thread=alive
13:52:19 [v4][heartbeat] enter=False sorting=False cam=LIVE ai=LIVE cam_fps=51.0 pub_fps=30.2 frames=16766 result_subs=1 roi=ok intrinsic=ok inference_age_ms=61 target=none transport=False sorting_thread=alive
13:52:24 [v4][heartbeat] enter=False sorting=False cam=LIVE ai=LIVE cam_fps=55.5 pub_fps=30.2 frames=17044 result_subs=1 roi=ok intrinsic=ok inference_age_ms=123 target=none transport=False sorting_thread=alive
13:52:29 [v4][heartbeat] enter=False sorting=False cam=LIVE ai=LIVE cam_fps=49.0 pub_fps=30.4 frames=17289 result_subs=1 roi=ok intrinsic=ok inference_age_ms=171 target=none transport=False sorting_thread=alive
13:52:34 [v4][heartbeat] enter=False sorting=False cam=LIVE ai=LIVE cam_fps=51.2 pub_fps=30.4 frames=17545 result_subs=1 roi=ok intrinsic=ok inference_age_ms=97 target=none transport=False sorting_thread=alive
13:52:39 [v4][heartbeat] enter=False sorting=False cam=LIVE ai=LIVE cam_fps=53.8 pub_fps=30.2 frames=17814 result_subs=1 roi=ok intrinsic=ok inference_age_ms=37 target=none transport=False sorting_thread=alive
13:52:44 [v4][heartbeat] enter=False sorting=False cam=LIVE ai=LIVE cam_fps=51.0 pub_fps=30.4 frames=18069 result_subs=1 roi=ok intrinsic=ok inference_age_ms=96 target=none transport=False sorting_thread=alive
13:52:49 [v4][heartbeat] enter=False sorting=False cam=LIVE ai=LIVE cam_fps=55.0 pub_fps=30.2 frames=18344 result_subs=1 roi=ok intrinsic=ok inference_age_ms=165 target=none transport=False sorting_thread=alive
13:52:54 [v4][heartbeat] enter=False sorting=False cam=LIVE ai=LIVE cam_fps=50.2 pub_fps=30.4 frames=18595 result_subs=1 roi=ok intrinsic=ok inference_age_ms=111 target=none transport=False sorting_thread=alive
13:52:59 [v4][heartbeat] enter=False sorting=False cam=LIVE ai=LIVE cam_fps=53.0 pub_fps=30.2 frames=18860 result_subs=1 roi=ok intrinsic=ok inference_age_ms=169 target=none transport=False sorting_thread=alive
13:53:04 [v4][heartbeat] enter=False sorting=False cam=LIVE ai=LIVE cam_fps=55.0 pub_fps=30.4 frames=19135 result_subs=1 roi=ok intrinsic=ok inference_age_ms=83 target=none transport=False sorting_thread=alive
13:53:09 [v4][heartbeat] enter=False sorting=False cam=LIVE ai=LIVE cam_fps=49.4 pub_fps=30.2 frames=19382 result_subs=1 roi=ok intrinsic=ok inference_age_ms=133 target=none transport=False sorting_thread=alive
13:53:14 [v4][heartbeat] enter=False sorting=False cam=LIVE ai=LIVE cam_fps=54.0 pub_fps=30.4 frames=19652 result_subs=1 roi=ok intrinsic=ok inference_age_ms=49 target=none transport=False sorting_thread=alive
13:53:19 [v4][heartbeat] enter=False sorting=False cam=LIVE ai=LIVE cam_fps=50.4 pub_fps=30.2 frames=19904 result_subs=1 roi=ok intrinsic=ok inference_age_ms=103 target=none transport=False sorting_thread=alive
13:53:24 [v4][heartbeat] enter=False sorting=False cam=LIVE ai=LIVE cam_fps=52.7 pub_fps=30.3 frames=20168 result_subs=1 roi=ok intrinsic=ok inference_age_ms=64 target=none transport=False sorting_thread=alive
13:53:29 [v4][heartbeat] enter=False sorting=False cam=LIVE ai=LIVE cam_fps=53.5 pub_fps=30.2 frames=20436 result_subs=1 roi=ok intrinsic=ok inference_age_ms=143 target=none transport=False sorting_thread=alive
13:53:34 [v4][heartbeat] enter=False sorting=False cam=LIVE ai=LIVE cam_fps=48.6 pub_fps=30.5 frames=20678 result_subs=1 roi=ok intrinsic=ok inference_age_ms=170 target=none transport=False sorting_thread=alive
13:53:39 [v4][heartbeat] enter=False sorting=False cam=LIVE ai=LIVE cam_fps=53.8 pub_fps=30.2 frames=20947 result_subs=1 roi=ok intrinsic=ok inference_age_ms=92 target=none transport=False sorting_thread=alive
13:53:44 [v4][heartbeat] enter=False sorting=False cam=LIVE ai=LIVE cam_fps=51.2 pub_fps=30.4 frames=21203 result_subs=1 roi=ok intrinsic=ok inference_age_ms=158 target=none transport=False sorting_thread=alive
13:53:49 [v4][heartbeat] enter=False sorting=False cam=LIVE ai=LIVE cam_fps=51.4 pub_fps=30.2 frames=21460 result_subs=1 roi=ok intrinsic=ok inference_age_ms=101 target=none transport=False sorting_thread=alive
13:53:54 [v4][heartbeat] enter=False sorting=False cam=LIVE ai=LIVE cam_fps=55.2 pub_fps=30.4 frames=21736 result_subs=1 roi=ok intrinsic=ok inference_age_ms=158 target=none transport=False sorting_thread=alive
13:53:59 [v4][heartbeat] enter=False sorting=False cam=LIVE ai=LIVE cam_fps=51.2 pub_fps=30.2 frames=21992 result_subs=1 roi=ok intrinsic=ok inference_age_ms=94 target=none transport=False sorting_thread=alive
13:54:04 [v4][heartbeat] enter=False sorting=False cam=LIVE ai=LIVE cam_fps=52.2 pub_fps=30.4 frames=22253 result_subs=1 roi=ok intrinsic=ok inference_age_ms=149 target=none transport=False sorting_thread=alive
13:54:09 [v4][heartbeat] enter=False sorting=False cam=LIVE ai=LIVE cam_fps=52.8 pub_fps=30.4 frames=22517 result_subs=1 roi=ok intrinsic=ok inference_age_ms=77 target=none transport=False sorting_thread=alive
13:54:14 [v4][heartbeat] enter=False sorting=False cam=LIVE ai=LIVE cam_fps=50.2 pub_fps=30.2 frames=22768 result_subs=1 roi=ok intrinsic=ok inference_age_ms=34 target=none transport=False sorting_thread=alive
13:54:19 [v4][heartbeat] enter=False sorting=False cam=LIVE ai=LIVE cam_fps=54.2 pub_fps=30.2 frames=23039 result_subs=1 roi=ok intrinsic=ok inference_age_ms=97 target=none transport=False sorting_thread=alive
13:54:24 [v4][heartbeat] enter=False sorting=False cam=LIVE ai=LIVE cam_fps=51.6 pub_fps=30.4 frames=23297 result_subs=1 roi=ok intrinsic=ok inference_age_ms=49 target=none transport=False sorting_thread=alive
13:54:29 [v4][heartbeat] enter=False sorting=False cam=LIVE ai=LIVE cam_fps=52.0 pub_fps=30.2 frames=23557 result_subs=1 roi=ok intrinsic=ok inference_age_ms=134 target=none transport=False sorting_thread=alive
13:54:34 [v4][heartbeat] enter=False sorting=False cam=LIVE ai=LIVE cam_fps=53.0 pub_fps=30.4 frames=23822 result_subs=1 roi=ok intrinsic=ok inference_age_ms=60 target=none transport=False sorting_thread=alive
13:54:39 [v4][heartbeat] enter=False sorting=False cam=LIVE ai=LIVE cam_fps=52.7 pub_fps=30.4 frames=24086 result_subs=1 roi=ok intrinsic=ok inference_age_ms=136 target=none transport=False sorting_thread=alive
13:54:44 [v4][heartbeat] enter=False sorting=False cam=LIVE ai=LIVE cam_fps=54.3 pub_fps=30.2 frames=24357 result_subs=1 roi=ok intrinsic=ok inference_age_ms=50 target=none transport=False sorting_thread=alive
13:54:49 [v4][heartbeat] enter=False sorting=False cam=LIVE ai=LIVE cam_fps=49.2 pub_fps=30.2 frames=24603 result_subs=1 roi=ok intrinsic=ok inference_age_ms=117 target=none transport=False sorting_thread=alive
13:54:54 [v4][heartbeat] enter=False sorting=False cam=LIVE ai=LIVE cam_fps=51.5 pub_fps=30.4 frames=24861 result_subs=1 roi=ok intrinsic=ok inference_age_ms=58 target=none transport=False sorting_thread=alive
13:54:59 [v4][heartbeat] enter=False sorting=False cam=LIVE ai=LIVE cam_fps=52.6 pub_fps=30.4 frames=25124 result_subs=1 roi=ok intrinsic=ok inference_age_ms=129 target=none transport=False sorting_thread=alive
13:55:04 [v4][heartbeat] enter=False sorting=False cam=LIVE ai=LIVE cam_fps=51.8 pub_fps=30.2 frames=25383 result_subs=1 roi=ok intrinsic=ok inference_age_ms=186 target=none transport=False sorting_thread=alive
13:55:09 [v4][heartbeat] enter=False sorting=False cam=LIVE ai=LIVE cam_fps=54.1 pub_fps=30.4 frames=25654 result_subs=1 roi=ok intrinsic=ok inference_age_ms=132 target=none transport=False sorting_thread=alive
13:55:14 [v4][heartbeat] enter=False sorting=False cam=LIVE ai=LIVE cam_fps=51.1 pub_fps=30.2 frames=25909 result_subs=1 roi=ok intrinsic=ok inference_age_ms=61 target=none transport=False sorting_thread=alive
13:55:19 [v4][heartbeat] enter=False sorting=False cam=LIVE ai=LIVE cam_fps=54.8 pub_fps=30.4 frames=26183 result_subs=1 roi=ok intrinsic=ok inference_age_ms=124 target=none transport=False sorting_thread=alive
13:55:24 [v4][heartbeat] enter=False sorting=False cam=LIVE ai=LIVE cam_fps=54.4 pub_fps=30.2 frames=26455 result_subs=1 roi=ok intrinsic=ok inference_age_ms=58 target=none transport=False sorting_thread=alive
13:55:29 [v4][heartbeat] enter=False sorting=False cam=LIVE ai=LIVE cam_fps=50.6 pub_fps=30.4 frames=26708 result_subs=1 roi=ok intrinsic=ok inference_age_ms=100 target=none transport=False sorting_thread=alive
13:55:34 [v4][heartbeat] enter=False sorting=False cam=LIVE ai=LIVE cam_fps=55.0 pub_fps=30.2 frames=26983 result_subs=1 roi=ok intrinsic=ok inference_age_ms=167 target=none transport=False sorting_thread=alive
13:55:39 [v4][heartbeat] enter=False sorting=False cam=LIVE ai=LIVE cam_fps=51.2 pub_fps=30.4 frames=27239 result_subs=1 roi=ok intrinsic=ok inference_age_ms=94 target=none transport=False sorting_thread=alive
13:55:44 [v4][heartbeat] enter=False sorting=False cam=LIVE ai=LIVE cam_fps=53.8 pub_fps=30.2 frames=27508 result_subs=1 roi=ok intrinsic=ok inference_age_ms=144 target=none transport=False sorting_thread=alive
13:55:49 [v4][heartbeat] enter=False sorting=False cam=LIVE ai=LIVE cam_fps=55.8 pub_fps=30.4 frames=27787 result_subs=1 roi=ok intrinsic=ok inference_age_ms=79 target=none transport=False sorting_thread=alive
13:55:54 [v4][heartbeat] enter=False sorting=False cam=LIVE ai=LIVE cam_fps=50.4 pub_fps=30.4 frames=28039 result_subs=1 roi=ok intrinsic=ok inference_age_ms=154 target=none transport=False sorting_thread=alive
13:55:59 [v4][heartbeat] enter=False sorting=False cam=LIVE ai=LIVE cam_fps=52.6 pub_fps=30.2 frames=28302 result_subs=1 roi=ok intrinsic=ok inference_age_ms=66 target=none transport=False sorting_thread=alive
13:56:04 [v4][heartbeat] enter=False sorting=False cam=LIVE ai=LIVE cam_fps=51.8 pub_fps=30.2 frames=28561 result_subs=1 roi=ok intrinsic=ok inference_age_ms=130 target=none transport=False sorting_thread=alive
13:56:09 [v4][heartbeat] enter=False sorting=False cam=LIVE ai=LIVE cam_fps=52.4 pub_fps=30.4 frames=28823 result_subs=1 roi=ok intrinsic=ok inference_age_ms=65 target=none transport=False sorting_thread=alive
13:56:14 [v4][heartbeat] enter=False sorting=False cam=LIVE ai=LIVE cam_fps=55.6 pub_fps=30.2 frames=29101 result_subs=1 roi=ok intrinsic=ok inference_age_ms=135 target=none transport=False sorting_thread=alive
13:56:19 [v4][heartbeat] enter=False sorting=False cam=LIVE ai=LIVE cam_fps=49.0 pub_fps=30.4 frames=29346 result_subs=1 roi=ok intrinsic=ok inference_age_ms=181 target=none transport=False sorting_thread=alive
13:56:24 [v4][heartbeat] enter=False sorting=False cam=LIVE ai=LIVE cam_fps=52.6 pub_fps=30.2 frames=29609 result_subs=1 roi=ok intrinsic=ok inference_age_ms=112 target=none transport=False sorting_thread=alive
13:56:29 [v4][heartbeat] enter=False sorting=False cam=LIVE ai=LIVE cam_fps=52.8 pub_fps=30.4 frames=29873 result_subs=1 roi=ok intrinsic=ok inference_age_ms=162 target=none transport=False sorting_thread=alive
13:56:34 [v4][heartbeat] enter=False sorting=False cam=LIVE ai=LIVE cam_fps=50.8 pub_fps=30.4 frames=30127 result_subs=1 roi=ok intrinsic=ok inference_age_ms=90 target=none transport=False sorting_thread=alive
13:56:39 [v4][heartbeat] enter=False sorting=False cam=LIVE ai=LIVE cam_fps=54.0 pub_fps=30.2 frames=30397 result_subs=1 roi=ok intrinsic=ok inference_age_ms=150 target=none transport=False sorting_thread=alive
13:56:44 [v4][heartbeat] enter=False sorting=False cam=LIVE ai=LIVE cam_fps=52.8 pub_fps=30.4 frames=30661 result_subs=1 roi=ok intrinsic=ok inference_age_ms=74 target=none transport=False sorting_thread=alive
13:56:49 [v4][heartbeat] enter=False sorting=False cam=LIVE ai=LIVE cam_fps=50.1 pub_fps=30.2 frames=30912 result_subs=1 roi=ok intrinsic=ok inference_age_ms=142 target=none transport=False sorting_thread=alive
13:56:54 [v4][heartbeat] enter=False sorting=False cam=LIVE ai=LIVE cam_fps=53.7 pub_fps=30.4 frames=31180 result_subs=1 roi=ok intrinsic=ok inference_age_ms=83 target=none transport=False sorting_thread=alive
13:56:59 [v4][heartbeat] enter=False sorting=False cam=LIVE ai=LIVE cam_fps=50.5 pub_fps=30.2 frames=31433 result_subs=1 roi=ok intrinsic=ok inference_age_ms=150 target=none transport=False sorting_thread=alive
13:57:04 [v4][heartbeat] enter=False sorting=False cam=LIVE ai=LIVE cam_fps=54.9 pub_fps=30.4 frames=31707 result_subs=1 roi=ok intrinsic=ok inference_age_ms=83 target=none transport=False sorting_thread=alive
13:57:09 [v4][heartbeat] enter=False sorting=False cam=LIVE ai=LIVE cam_fps=51.8 pub_fps=30.2 frames=31966 result_subs=1 roi=ok intrinsic=ok inference_age_ms=165 target=none transport=False sorting_thread=alive
13:57:14 [v4][heartbeat] enter=False sorting=False cam=LIVE ai=LIVE cam_fps=53.6 pub_fps=30.4 frames=32234 result_subs=1 roi=ok intrinsic=ok inference_age_ms=89 target=none transport=False sorting_thread=alive
13:57:19 [v4][heartbeat] enter=False sorting=False cam=LIVE ai=LIVE cam_fps=54.8 pub_fps=30.2 frames=32508 result_subs=1 roi=ok intrinsic=ok inference_age_ms=155 target=none transport=False sorting_thread=alive
13:57:24 [v4][heartbeat] enter=False sorting=False cam=LIVE ai=LIVE cam_fps=51.4 pub_fps=30.4 frames=32765 result_subs=1 roi=ok intrinsic=ok inference_age_ms=87 target=none transport=False sorting_thread=alive
13:57:29 [v4][heartbeat] enter=False sorting=False cam=LIVE ai=LIVE cam_fps=55.3 pub_fps=30.2 frames=33042 result_subs=1 roi=ok intrinsic=ok inference_age_ms=134 target=none transport=False sorting_thread=alive
13:57:34 [v4][heartbeat] enter=False sorting=False cam=LIVE ai=LIVE cam_fps=52.2 pub_fps=30.4 frames=33303 result_subs=1 roi=ok intrinsic=ok inference_age_ms=160 target=none transport=False sorting_thread=alive
13:57:39 [v4][heartbeat] enter=False sorting=False cam=LIVE ai=LIVE cam_fps=51.0 pub_fps=30.2 frames=33558 result_subs=1 roi=ok intrinsic=ok inference_age_ms=107 target=none transport=False sorting_thread=alive
13:57:44 [v4][heartbeat] enter=False sorting=False cam=LIVE ai=LIVE cam_fps=52.8 pub_fps=30.4 frames=33822 result_subs=1 roi=ok intrinsic=ok inference_age_ms=181 target=none transport=False sorting_thread=alive
13:57:49 [v4][heartbeat] enter=False sorting=False cam=LIVE ai=LIVE cam_fps=48.4 pub_fps=30.2 frames=34064 result_subs=1 roi=ok intrinsic=ok inference_age_ms=115 target=none transport=False sorting_thread=alive
13:57:54 [v4][heartbeat] enter=False sorting=False cam=LIVE ai=LIVE cam_fps=52.8 pub_fps=30.4 frames=34328 result_subs=1 roi=ok intrinsic=ok inference_age_ms=59 target=none transport=False sorting_thread=alive
13:57:59 [v4][heartbeat] enter=False sorting=False cam=LIVE ai=LIVE cam_fps=45.2 pub_fps=30.2 frames=34554 result_subs=1 roi=ok intrinsic=ok inference_age_ms=130 target=none transport=False sorting_thread=alive
13:58:04 [v4][heartbeat] enter=False sorting=False cam=LIVE ai=LIVE cam_fps=50.0 pub_fps=30.4 frames=34804 result_subs=1 roi=ok intrinsic=ok inference_age_ms=72 target=none transport=False sorting_thread=alive
13:58:09 [v4][heartbeat] enter=False sorting=False cam=LIVE ai=LIVE cam_fps=52.2 pub_fps=30.2 frames=35065 result_subs=1 roi=ok intrinsic=ok inference_age_ms=132 target=none transport=False sorting_thread=alive
13:58:14 [v4][heartbeat] enter=False sorting=False cam=LIVE ai=LIVE cam_fps=47.9 pub_fps=30.4 frames=35305 result_subs=1 roi=ok intrinsic=ok inference_age_ms=193 target=none transport=False sorting_thread=alive
13:58:19 [v4][heartbeat] enter=False sorting=False cam=LIVE ai=LIVE cam_fps=51.7 pub_fps=30.3 frames=35563 result_subs=1 roi=ok intrinsic=ok inference_age_ms=112 target=none transport=False sorting_thread=alive
13:58:24 [v4][heartbeat] enter=False sorting=False cam=LIVE ai=LIVE cam_fps=49.6 pub_fps=30.4 frames=35811 result_subs=1 roi=ok intrinsic=ok inference_age_ms=39 target=none transport=False sorting_thread=alive
13:58:29 [v4][heartbeat] enter=False sorting=False cam=LIVE ai=LIVE cam_fps=51.6 pub_fps=30.2 frames=36069 result_subs=1 roi=ok intrinsic=ok inference_age_ms=103 target=none transport=False sorting_thread=alive
13:58:34 [v4][heartbeat] enter=False sorting=False cam=LIVE ai=LIVE cam_fps=51.5 pub_fps=30.4 frames=36327 result_subs=1 roi=ok intrinsic=ok inference_age_ms=167 target=none transport=False sorting_thread=alive
13:58:39 [v4][heartbeat] enter=False sorting=False cam=LIVE ai=LIVE cam_fps=49.0 pub_fps=30.4 frames=36572 result_subs=1 roi=ok intrinsic=ok inference_age_ms=97 target=none transport=False sorting_thread=alive
13:58:44 [v4][heartbeat] enter=False sorting=False cam=LIVE ai=LIVE cam_fps=52.2 pub_fps=30.2 frames=36833 result_subs=1 roi=ok intrinsic=ok inference_age_ms=139 target=none transport=False sorting_thread=alive
13:58:49 [v4][heartbeat] enter=False sorting=False cam=LIVE ai=LIVE cam_fps=51.6 pub_fps=30.4 frames=37091 result_subs=1 roi=ok intrinsic=ok inference_age_ms=84 target=none transport=False sorting_thread=alive
13:58:54 [v4][heartbeat] enter=False sorting=False cam=LIVE ai=LIVE cam_fps=47.0 pub_fps=30.2 frames=37326 result_subs=1 roi=ok intrinsic=ok inference_age_ms=151 target=none transport=False sorting_thread=alive
13:58:59 [v4][heartbeat] enter=False sorting=False cam=LIVE ai=LIVE cam_fps=53.2 pub_fps=30.4 frames=37592 result_subs=1 roi=ok intrinsic=ok inference_age_ms=82 target=none transport=False sorting_thread=alive
13:59:04 [v4][heartbeat] enter=False sorting=False cam=LIVE ai=LIVE cam_fps=47.0 pub_fps=30.2 frames=37827 result_subs=1 roi=ok intrinsic=ok inference_age_ms=132 target=none transport=False sorting_thread=alive
13:59:09 [v4][heartbeat] enter=False sorting=False cam=LIVE ai=LIVE cam_fps=51.2 pub_fps=30.4 frames=38083 result_subs=1 roi=ok intrinsic=ok inference_age_ms=58 target=none transport=False sorting_thread=alive
13:59:14 [v4][heartbeat] enter=False sorting=False cam=LIVE ai=LIVE cam_fps=51.2 pub_fps=30.2 frames=38339 result_subs=1 roi=ok intrinsic=ok inference_age_ms=90 target=none transport=False sorting_thread=alive
13:59:19 [v4][heartbeat] enter=False sorting=False cam=LIVE ai=LIVE cam_fps=49.8 pub_fps=30.2 frames=38588 result_subs=1 roi=ok intrinsic=ok inference_age_ms=144 target=none transport=False sorting_thread=alive
13:59:24 [v4][heartbeat] enter=False sorting=False cam=LIVE ai=LIVE cam_fps=50.2 pub_fps=30.4 frames=38839 result_subs=1 roi=ok intrinsic=ok inference_age_ms=94 target=none transport=False sorting_thread=alive
13:59:29 [v4][heartbeat] enter=False sorting=False cam=LIVE ai=LIVE cam_fps=47.4 pub_fps=30.4 frames=39076 result_subs=1 roi=ok intrinsic=ok inference_age_ms=152 target=none transport=False sorting_thread=alive
13:59:34 [v4][heartbeat] enter=False sorting=False cam=LIVE ai=LIVE cam_fps=49.2 pub_fps=30.2 frames=39322 result_subs=1 roi=ok intrinsic=ok inference_age_ms=105 target=none transport=False sorting_thread=alive
13:59:39 [v4][heartbeat] enter=False sorting=False cam=LIVE ai=LIVE cam_fps=51.6 pub_fps=30.4 frames=39580 result_subs=1 roi=ok intrinsic=ok inference_age_ms=151 target=none transport=False sorting_thread=alive
13:59:44 [v4][heartbeat] enter=False sorting=False cam=LIVE ai=LIVE cam_fps=48.6 pub_fps=30.2 frames=39823 result_subs=1 roi=ok intrinsic=ok inference_age_ms=96 target=none transport=False sorting_thread=alive
13:59:49 [v4][heartbeat] enter=False sorting=False cam=LIVE ai=LIVE cam_fps=53.2 pub_fps=30.2 frames=40089 result_subs=1 roi=ok intrinsic=ok inference_age_ms=153 target=none transport=False sorting_thread=alive
13:59:54 [v4][heartbeat] enter=False sorting=False cam=LIVE ai=LIVE cam_fps=50.0 pub_fps=30.4 frames=40339 result_subs=1 roi=ok intrinsic=ok inference_age_ms=88 target=none transport=False sorting_thread=alive
13:59:59 [v4][heartbeat] enter=False sorting=False cam=LIVE ai=LIVE cam_fps=52.6 pub_fps=30.2 frames=40602 result_subs=1 roi=ok intrinsic=ok inference_age_ms=164 target=none transport=False sorting_thread=alive
14:00:04 [v4][heartbeat] enter=False sorting=False cam=LIVE ai=LIVE cam_fps=53.6 pub_fps=30.4 frames=40870 result_subs=1 roi=ok intrinsic=ok inference_age_ms=109 target=none transport=False sorting_thread=alive
14:00:09 [v4][heartbeat] enter=False sorting=False cam=LIVE ai=LIVE cam_fps=49.9 pub_fps=30.3 frames=41120 result_subs=1 roi=ok intrinsic=ok inference_age_ms=182 target=none transport=False sorting_thread=alive
14:00:14 [v4][heartbeat] enter=False sorting=False cam=LIVE ai=LIVE cam_fps=51.5 pub_fps=30.3 frames=41377 result_subs=1 roi=ok intrinsic=ok inference_age_ms=96 target=none transport=False sorting_thread=alive
14:00:19 [v4][heartbeat] enter=False sorting=False cam=LIVE ai=LIVE cam_fps=48.0 pub_fps=30.4 frames=41617 result_subs=1 roi=ok intrinsic=ok inference_age_ms=45 target=none transport=False sorting_thread=alive
14:00:24 [v4][heartbeat] enter=False sorting=False cam=LIVE ai=LIVE cam_fps=47.4 pub_fps=30.2 frames=41854 result_subs=1 roi=ok intrinsic=ok inference_age_ms=107 target=none transport=False sorting_thread=alive
14:00:29 [v4][heartbeat] enter=False sorting=False cam=LIVE ai=LIVE cam_fps=52.6 pub_fps=30.4 frames=42117 result_subs=1 roi=ok intrinsic=ok inference_age_ms=177 target=none transport=False sorting_thread=alive
14:00:34 [v4][heartbeat] enter=False sorting=False cam=LIVE ai=LIVE cam_fps=46.0 pub_fps=30.2 frames=42347 result_subs=1 roi=ok intrinsic=ok inference_age_ms=93 target=none transport=False sorting_thread=alive
14:00:39 [v4][heartbeat] enter=False sorting=False cam=LIVE ai=LIVE cam_fps=51.0 pub_fps=30.4 frames=42602 result_subs=1 roi=ok intrinsic=ok inference_age_ms=153 target=none transport=False sorting_thread=alive
14:00:44 [v4][heartbeat] enter=False sorting=False cam=LIVE ai=LIVE cam_fps=50.6 pub_fps=30.2 frames=42855 result_subs=1 roi=ok intrinsic=ok inference_age_ms=99 target=none transport=False sorting_thread=alive
14:00:49 [v4][heartbeat] enter=False sorting=False cam=LIVE ai=LIVE cam_fps=49.8 pub_fps=30.4 frames=43104 result_subs=1 roi=ok intrinsic=ok inference_age_ms=158 target=none transport=False sorting_thread=alive
14:00:54 [v4][heartbeat] enter=False sorting=False cam=LIVE ai=LIVE cam_fps=54.8 pub_fps=30.2 frames=43378 result_subs=1 roi=ok intrinsic=ok inference_age_ms=84 target=none transport=False sorting_thread=alive
14:00:59 [v4][heartbeat] enter=False sorting=False cam=LIVE ai=LIVE cam_fps=50.6 pub_fps=30.4 frames=43631 result_subs=1 roi=ok intrinsic=ok inference_age_ms=118 target=none transport=False sorting_thread=alive
14:01:04 [v4][heartbeat] enter=False sorting=False cam=LIVE ai=LIVE cam_fps=52.6 pub_fps=30.2 frames=43894 result_subs=1 roi=ok intrinsic=ok inference_age_ms=47 target=none transport=False sorting_thread=alive
14:01:09 [v4][heartbeat] enter=False sorting=False cam=LIVE ai=LIVE cam_fps=54.8 pub_fps=30.4 frames=44168 result_subs=1 roi=ok intrinsic=ok inference_age_ms=106 target=none transport=False sorting_thread=alive
14:01:14 [v4][heartbeat] enter=False sorting=False cam=LIVE ai=LIVE cam_fps=51.2 pub_fps=30.4 frames=44424 result_subs=1 roi=ok intrinsic=ok inference_age_ms=41 target=none transport=False sorting_thread=alive
14:01:19 [v4][heartbeat] enter=False sorting=False cam=LIVE ai=LIVE cam_fps=53.6 pub_fps=30.2 frames=44692 result_subs=1 roi=ok intrinsic=ok inference_age_ms=104 target=none transport=False sorting_thread=alive
14:01:24 [v4][heartbeat] enter=False sorting=False cam=LIVE ai=LIVE cam_fps=50.6 pub_fps=30.2 frames=44945 result_subs=1 roi=ok intrinsic=ok inference_age_ms=163 target=none transport=False sorting_thread=alive
14:01:29 [v4][heartbeat] enter=False sorting=False cam=LIVE ai=LIVE cam_fps=51.0 pub_fps=30.4 frames=45200 result_subs=1 roi=ok intrinsic=ok inference_age_ms=113 target=none transport=False sorting_thread=alive
14:01:34 [v4][heartbeat] enter=False sorting=False cam=LIVE ai=LIVE cam_fps=50.6 pub_fps=30.2 frames=45453 result_subs=1 roi=ok intrinsic=ok inference_age_ms=156 target=none transport=False sorting_thread=alive
14:01:39 [v4][heartbeat] enter=False sorting=False cam=LIVE ai=LIVE cam_fps=49.4 pub_fps=30.4 frames=45700 result_subs=1 roi=ok intrinsic=ok inference_age_ms=98 target=none transport=False sorting_thread=alive
14:01:44 [v4][heartbeat] enter=False sorting=False cam=LIVE ai=LIVE cam_fps=53.6 pub_fps=30.2 frames=45968 result_subs=1 roi=ok intrinsic=ok inference_age_ms=176 target=none transport=False sorting_thread=alive
14:01:49 [v4][heartbeat] enter=False sorting=False cam=LIVE ai=LIVE cam_fps=47.0 pub_fps=30.4 frames=46203 result_subs=1 roi=ok intrinsic=ok inference_age_ms=106 target=none transport=False sorting_thread=alive
14:01:54 [v4][heartbeat] enter=False sorting=False cam=LIVE ai=LIVE cam_fps=51.8 pub_fps=30.2 frames=46462 result_subs=1 roi=ok intrinsic=ok inference_age_ms=179 target=none transport=False sorting_thread=alive
14:01:59 [v4][heartbeat] enter=False sorting=False cam=LIVE ai=LIVE cam_fps=50.8 pub_fps=30.4 frames=46716 result_subs=1 roi=ok intrinsic=ok inference_age_ms=110 target=none transport=False sorting_thread=alive
14:02:04 [v4][heartbeat] enter=False sorting=False cam=LIVE ai=LIVE cam_fps=48.8 pub_fps=30.4 frames=46960 result_subs=1 roi=ok intrinsic=ok inference_age_ms=155 target=none transport=False sorting_thread=alive
14:02:09 [v4][heartbeat] enter=False sorting=False cam=LIVE ai=LIVE cam_fps=53.4 pub_fps=30.2 frames=47227 result_subs=1 roi=ok intrinsic=ok inference_age_ms=101 target=none transport=False sorting_thread=alive
14:02:14 [v4][heartbeat] enter=False sorting=False cam=LIVE ai=LIVE cam_fps=49.6 pub_fps=30.4 frames=47475 result_subs=1 roi=ok intrinsic=ok inference_age_ms=60 target=none transport=False sorting_thread=alive
14:02:19 [v4][heartbeat] enter=False sorting=False cam=LIVE ai=LIVE cam_fps=54.8 pub_fps=30.2 frames=47749 result_subs=1 roi=ok intrinsic=ok inference_age_ms=132 target=none transport=False sorting_thread=alive
14:02:24 [v4][heartbeat] enter=False sorting=False cam=LIVE ai=LIVE cam_fps=55.8 pub_fps=30.4 frames=48028 result_subs=1 roi=ok intrinsic=ok inference_age_ms=84 target=none transport=False sorting_thread=alive
14:02:29 [v4][heartbeat] enter=False sorting=False cam=LIVE ai=LIVE cam_fps=54.2 pub_fps=30.2 frames=48299 result_subs=1 roi=ok intrinsic=ok inference_age_ms=154 target=none transport=False sorting_thread=alive
14:02:34 [v4][heartbeat] enter=False sorting=False cam=LIVE ai=LIVE cam_fps=56.0 pub_fps=30.4 frames=48579 result_subs=1 roi=ok intrinsic=ok inference_age_ms=109 target=none transport=False sorting_thread=alive
14:02:39 [v4][heartbeat] enter=False sorting=False cam=LIVE ai=LIVE cam_fps=54.0 pub_fps=30.2 frames=48849 result_subs=1 roi=ok intrinsic=ok inference_age_ms=66 target=none transport=False sorting_thread=alive
14:02:44 [v4][heartbeat] enter=False sorting=False cam=LIVE ai=LIVE cam_fps=55.2 pub_fps=30.2 frames=49125 result_subs=1 roi=ok intrinsic=ok inference_age_ms=132 target=none transport=False sorting_thread=alive
14:02:49 [v4][heartbeat] enter=False sorting=False cam=LIVE ai=LIVE cam_fps=58.2 pub_fps=30.4 frames=49416 result_subs=1 roi=ok intrinsic=ok inference_age_ms=90 target=none transport=False sorting_thread=alive
14:02:54 [v4][heartbeat] enter=False sorting=False cam=LIVE ai=LIVE cam_fps=54.8 pub_fps=30.4 frames=49690 result_subs=1 roi=ok intrinsic=ok inference_age_ms=45 target=none transport=False sorting_thread=alive
14:02:59 [v4][heartbeat] enter=False sorting=False cam=LIVE ai=LIVE cam_fps=57.4 pub_fps=30.2 frames=49977 result_subs=1 roi=ok intrinsic=ok inference_age_ms=123 target=none transport=False sorting_thread=alive
14:03:04 [v4][heartbeat] enter=False sorting=False cam=LIVE ai=LIVE cam_fps=54.0 pub_fps=30.4 frames=50247 result_subs=1 roi=ok intrinsic=ok inference_age_ms=74 target=none transport=False sorting_thread=alive
14:03:09 [v4][heartbeat] enter=False sorting=False cam=LIVE ai=LIVE cam_fps=55.8 pub_fps=30.2 frames=50526 result_subs=1 roi=ok intrinsic=ok inference_age_ms=162 target=none transport=False sorting_thread=alive
14:03:14 [v4][heartbeat] enter=False sorting=False cam=LIVE ai=LIVE cam_fps=56.6 pub_fps=30.4 frames=50809 result_subs=1 roi=ok intrinsic=ok inference_age_ms=131 target=none transport=False sorting_thread=alive
14:03:19 [v4][heartbeat] enter=False sorting=False cam=LIVE ai=LIVE cam_fps=52.2 pub_fps=30.2 frames=51070 result_subs=1 roi=ok intrinsic=ok inference_age_ms=85 target=none transport=False sorting_thread=alive
14:03:24 [v4][heartbeat] enter=False sorting=False cam=LIVE ai=LIVE cam_fps=57.2 pub_fps=30.2 frames=51356 result_subs=1 roi=ok intrinsic=ok inference_age_ms=181 target=none transport=False sorting_thread=alive
14:03:29 [v4][heartbeat] enter=False sorting=False cam=LIVE ai=LIVE cam_fps=54.6 pub_fps=30.4 frames=51629 result_subs=1 roi=ok intrinsic=ok inference_age_ms=137 target=none transport=False sorting_thread=alive
14:03:34 [v4][heartbeat] enter=False sorting=False cam=LIVE ai=LIVE cam_fps=56.0 pub_fps=30.4 frames=51909 result_subs=1 roi=ok intrinsic=ok inference_age_ms=82 target=none transport=False sorting_thread=alive
14:03:39 [v4][heartbeat] enter=False sorting=False cam=LIVE ai=LIVE cam_fps=58.2 pub_fps=30.2 frames=52200 result_subs=1 roi=ok intrinsic=ok inference_age_ms=154 target=none transport=False sorting_thread=alive
14:03:44 [v4][heartbeat] enter=False sorting=False cam=LIVE ai=LIVE cam_fps=56.6 pub_fps=30.4 frames=52483 result_subs=1 roi=ok intrinsic=ok inference_age_ms=101 target=none transport=False sorting_thread=alive
14:03:49 [v4][heartbeat] enter=False sorting=False cam=LIVE ai=LIVE cam_fps=57.8 pub_fps=30.2 frames=52772 result_subs=1 roi=ok intrinsic=ok inference_age_ms=51 target=none transport=False sorting_thread=alive
14:03:54 [v4][heartbeat] enter=False sorting=False cam=LIVE ai=LIVE cam_fps=58.0 pub_fps=30.4 frames=53062 result_subs=1 roi=ok intrinsic=ok inference_age_ms=137 target=none transport=False sorting_thread=alive
14:03:59 [v4][heartbeat] enter=False sorting=False cam=LIVE ai=LIVE cam_fps=56.4 pub_fps=30.2 frames=53344 result_subs=1 roi=ok intrinsic=ok inference_age_ms=92 target=none transport=False sorting_thread=alive
14:04:04 [v4][heartbeat] enter=False sorting=False cam=LIVE ai=LIVE cam_fps=58.6 pub_fps=30.4 frames=53637 result_subs=1 roi=ok intrinsic=ok inference_age_ms=48 target=none transport=False sorting_thread=alive
14:04:09 [v4][heartbeat] enter=False sorting=False cam=LIVE ai=LIVE cam_fps=56.6 pub_fps=30.2 frames=53920 result_subs=1 roi=ok intrinsic=ok inference_age_ms=134 target=none transport=False sorting_thread=alive
14:04:14 [v4][heartbeat] enter=False sorting=False cam=LIVE ai=LIVE cam_fps=56.8 pub_fps=30.4 frames=54204 result_subs=1 roi=ok intrinsic=ok inference_age_ms=88 target=none transport=False sorting_thread=alive
14:04:19 [v4][heartbeat] enter=False sorting=False cam=LIVE ai=LIVE cam_fps=56.8 pub_fps=30.2 frames=54488 result_subs=1 roi=ok intrinsic=ok inference_age_ms=45 target=none transport=False sorting_thread=alive
14:04:24 [v4][heartbeat] enter=False sorting=False cam=LIVE ai=LIVE cam_fps=53.4 pub_fps=30.4 frames=54755 result_subs=1 roi=ok intrinsic=ok inference_age_ms=120 target=none transport=False sorting_thread=alive
14:04:29 [v4][heartbeat] enter=False sorting=False cam=LIVE ai=LIVE cam_fps=58.8 pub_fps=30.4 frames=55049 result_subs=1 roi=ok intrinsic=ok inference_age_ms=70 target=none transport=False sorting_thread=alive
14:04:34 [v4][heartbeat] enter=False sorting=False cam=LIVE ai=LIVE cam_fps=55.0 pub_fps=30.2 frames=55324 result_subs=1 roi=ok intrinsic=ok inference_age_ms=30 target=none transport=False sorting_thread=alive
14:04:39 [v4][heartbeat] enter=False sorting=False cam=LIVE ai=LIVE cam_fps=56.1 pub_fps=30.2 frames=55604 result_subs=1 roi=ok intrinsic=ok inference_age_ms=94 target=none transport=False sorting_thread=alive
14:04:44 [v4][heartbeat] enter=False sorting=False cam=LIVE ai=LIVE cam_fps=56.4 pub_fps=30.4 frames=55886 result_subs=1 roi=ok intrinsic=ok inference_age_ms=155 target=none transport=False sorting_thread=alive
14:04:49 [v4][heartbeat] enter=False sorting=False cam=LIVE ai=LIVE cam_fps=55.6 pub_fps=30.2 frames=56164 result_subs=1 roi=ok intrinsic=ok inference_age_ms=114 target=none transport=False sorting_thread=alive
14:04:54 [v4][heartbeat] enter=False sorting=False cam=LIVE ai=LIVE cam_fps=55.8 pub_fps=30.4 frames=56443 result_subs=1 roi=ok intrinsic=ok inference_age_ms=76 target=none transport=False sorting_thread=alive
14:04:59 [v4][heartbeat] enter=False sorting=False cam=LIVE ai=LIVE cam_fps=55.2 pub_fps=30.2 frames=56719 result_subs=1 roi=ok intrinsic=ok inference_age_ms=162 target=none transport=False sorting_thread=alive
14:05:04 [v4][heartbeat] enter=False sorting=False cam=LIVE ai=LIVE cam_fps=55.0 pub_fps=30.4 frames=56994 result_subs=1 roi=ok intrinsic=ok inference_age_ms=100 target=none transport=False sorting_thread=alive
14:05:09 [v4][heartbeat] enter=False sorting=False cam=LIVE ai=LIVE cam_fps=56.4 pub_fps=30.2 frames=57276 result_subs=1 roi=ok intrinsic=ok inference_age_ms=51 target=none transport=False sorting_thread=alive
14:05:14 [v4][heartbeat] enter=False sorting=False cam=LIVE ai=LIVE cam_fps=54.2 pub_fps=30.4 frames=57547 result_subs=1 roi=ok intrinsic=ok inference_age_ms=144 target=none transport=False sorting_thread=alive
14:05:19 [v4][heartbeat] enter=False sorting=False cam=LIVE ai=LIVE cam_fps=57.5 pub_fps=30.4 frames=57835 result_subs=1 roi=ok intrinsic=ok inference_age_ms=92 target=none transport=False sorting_thread=alive
14:05:24 [v4][heartbeat] enter=False sorting=False cam=LIVE ai=LIVE cam_fps=55.3 pub_fps=30.2 frames=58111 result_subs=1 roi=ok intrinsic=ok inference_age_ms=159 target=none transport=False sorting_thread=alive
14:05:29 [v4][heartbeat] enter=False sorting=False cam=LIVE ai=LIVE cam_fps=55.8 pub_fps=30.4 frames=58390 result_subs=1 roi=ok intrinsic=ok inference_age_ms=102 target=none transport=False sorting_thread=alive
14:05:34 [v4][heartbeat] enter=False sorting=False cam=LIVE ai=LIVE cam_fps=58.0 pub_fps=30.2 frames=58680 result_subs=1 roi=ok intrinsic=ok inference_age_ms=56 target=none transport=False sorting_thread=alive
14:05:39 [v4][heartbeat] enter=False sorting=False cam=LIVE ai=LIVE cam_fps=52.6 pub_fps=30.2 frames=58943 result_subs=1 roi=ok intrinsic=ok inference_age_ms=144 target=none transport=False sorting_thread=alive
14:05:44 [v4][heartbeat] enter=False sorting=False cam=LIVE ai=LIVE cam_fps=56.6 pub_fps=30.4 frames=59226 result_subs=1 roi=ok intrinsic=ok inference_age_ms=96 target=none transport=False sorting_thread=alive
14:05:49 [v4][heartbeat] enter=False sorting=False cam=LIVE ai=LIVE cam_fps=57.0 pub_fps=30.4 frames=59511 result_subs=1 roi=ok intrinsic=ok inference_age_ms=49 target=none transport=False sorting_thread=alive
14:05:54 [v4][heartbeat] enter=False sorting=False cam=LIVE ai=LIVE cam_fps=54.6 pub_fps=30.2 frames=59784 result_subs=1 roi=ok intrinsic=ok inference_age_ms=127 target=none transport=False sorting_thread=alive
14:05:59 [v4][heartbeat] enter=False sorting=False cam=LIVE ai=LIVE cam_fps=57.4 pub_fps=30.4 frames=60071 result_subs=1 roi=ok intrinsic=ok inference_age_ms=82 target=none transport=False sorting_thread=alive
14:06:04 [v4][heartbeat] enter=False sorting=False cam=LIVE ai=LIVE cam_fps=56.1 pub_fps=30.2 frames=60352 result_subs=1 roi=ok intrinsic=ok inference_age_ms=167 target=none transport=False sorting_thread=alive
14:06:09 [v4][heartbeat] enter=False sorting=False cam=LIVE ai=LIVE cam_fps=56.9 pub_fps=30.4 frames=60636 result_subs=1 roi=ok intrinsic=ok inference_age_ms=114 target=none transport=False sorting_thread=alive
14:06:14 [v4][heartbeat] enter=False sorting=False cam=LIVE ai=LIVE cam_fps=57.0 pub_fps=30.2 frames=60921 result_subs=1 roi=ok intrinsic=ok inference_age_ms=70 target=none transport=False sorting_thread=alive
14:06:19 [v4][heartbeat] enter=False sorting=False cam=LIVE ai=LIVE cam_fps=54.4 pub_fps=30.4 frames=61193 result_subs=1 roi=ok intrinsic=ok inference_age_ms=152 target=none transport=False sorting_thread=alive
14:06:24 [v4][heartbeat] enter=False sorting=False cam=LIVE ai=LIVE cam_fps=58.0 pub_fps=30.2 frames=61483 result_subs=1 roi=ok intrinsic=ok inference_age_ms=117 target=none transport=False sorting_thread=alive
14:06:29 [v4][heartbeat] enter=False sorting=False cam=LIVE ai=LIVE cam_fps=55.8 pub_fps=30.4 frames=61762 result_subs=1 roi=ok intrinsic=ok inference_age_ms=72 target=none transport=False sorting_thread=alive
14:06:34 [v4][heartbeat] enter=False sorting=False cam=LIVE ai=LIVE cam_fps=57.2 pub_fps=30.2 frames=62048 result_subs=1 roi=ok intrinsic=ok inference_age_ms=160 target=none transport=False sorting_thread=alive
14:06:39 [v4][heartbeat] enter=False sorting=False cam=LIVE ai=LIVE cam_fps=57.6 pub_fps=30.4 frames=62336 result_subs=1 roi=ok intrinsic=ok inference_age_ms=107 target=none transport=False sorting_thread=alive
14:06:44 [v4][heartbeat] enter=False sorting=False cam=LIVE ai=LIVE cam_fps=55.4 pub_fps=30.2 frames=62613 result_subs=1 roi=ok intrinsic=ok inference_age_ms=59 target=none transport=False sorting_thread=alive
14:06:49 [v4][heartbeat] enter=False sorting=False cam=LIVE ai=LIVE cam_fps=56.0 pub_fps=30.4 frames=62893 result_subs=1 roi=ok intrinsic=ok inference_age_ms=150 target=none transport=False sorting_thread=alive
14:06:54 [v4][heartbeat] enter=False sorting=False cam=LIVE ai=LIVE cam_fps=54.6 pub_fps=30.2 frames=63166 result_subs=1 roi=ok intrinsic=ok inference_age_ms=103 target=none transport=False sorting_thread=alive
14:06:59 [v4][heartbeat] enter=False sorting=False cam=LIVE ai=LIVE cam_fps=56.4 pub_fps=30.4 frames=63448 result_subs=1 roi=ok intrinsic=ok inference_age_ms=59 target=none transport=False sorting_thread=alive
14:07:04 [v4][heartbeat] enter=False sorting=False cam=LIVE ai=LIVE cam_fps=55.8 pub_fps=30.4 frames=63727 result_subs=1 roi=ok intrinsic=ok inference_age_ms=147 target=none transport=False sorting_thread=alive
14:07:09 [v4][heartbeat] enter=False sorting=False cam=LIVE ai=LIVE cam_fps=54.8 pub_fps=30.2 frames=64001 result_subs=1 roi=ok intrinsic=ok inference_age_ms=96 target=none transport=False sorting_thread=alive
14:07:14 [v4][heartbeat] enter=False sorting=False cam=LIVE ai=LIVE cam_fps=58.2 pub_fps=30.2 frames=64292 result_subs=1 roi=ok intrinsic=ok inference_age_ms=63 target=none transport=False sorting_thread=alive
14:07:19 [v4][heartbeat] enter=False sorting=False cam=LIVE ai=LIVE cam_fps=56.2 pub_fps=30.4 frames=64573 result_subs=1 roi=ok intrinsic=ok inference_age_ms=140 target=none transport=False sorting_thread=alive
14:07:24 [v4][heartbeat] enter=False sorting=False cam=LIVE ai=LIVE cam_fps=57.2 pub_fps=30.2 frames=64859 result_subs=1 roi=ok intrinsic=ok inference_age_ms=97 target=none transport=False sorting_thread=alive
14:07:29 [v4][heartbeat] enter=False sorting=False cam=LIVE ai=LIVE cam_fps=58.0 pub_fps=30.4 frames=65149 result_subs=1 roi=ok intrinsic=ok inference_age_ms=52 target=none transport=False sorting_thread=alive
14:07:34 [v4][heartbeat] enter=False sorting=False cam=LIVE ai=LIVE cam_fps=53.5 pub_fps=30.4 frames=65417 result_subs=1 roi=ok intrinsic=ok inference_age_ms=138 target=none transport=False sorting_thread=alive
14:07:39 [v4][heartbeat] enter=False sorting=False cam=LIVE ai=LIVE cam_fps=57.7 pub_fps=30.2 frames=65705 result_subs=1 roi=ok intrinsic=ok inference_age_ms=86 target=none transport=False sorting_thread=alive
14:07:44 [v4][heartbeat] enter=False sorting=False cam=LIVE ai=LIVE cam_fps=56.2 pub_fps=30.4 frames=65986 result_subs=1 roi=ok intrinsic=ok inference_age_ms=166 target=none transport=False sorting_thread=alive
14:07:49 [v4][heartbeat] enter=False sorting=False cam=LIVE ai=LIVE cam_fps=55.6 pub_fps=30.2 frames=66264 result_subs=1 roi=ok intrinsic=ok inference_age_ms=114 target=none transport=False sorting_thread=alive
14:07:54 [v4][heartbeat] enter=False sorting=False cam=LIVE ai=LIVE cam_fps=58.2 pub_fps=30.2 frames=66555 result_subs=1 roi=ok intrinsic=ok inference_age_ms=78 target=none transport=False sorting_thread=alive
14:07:59 [v4][heartbeat] enter=False sorting=False cam=LIVE ai=LIVE cam_fps=53.4 pub_fps=30.4 frames=66822 result_subs=1 roi=ok intrinsic=ok inference_age_ms=158 target=none transport=False sorting_thread=alive
14:08:04 [v4][heartbeat] enter=False sorting=False cam=LIVE ai=LIVE cam_fps=57.4 pub_fps=30.2 frames=67109 result_subs=1 roi=ok intrinsic=ok inference_age_ms=115 target=none transport=False sorting_thread=alive
14:08:09 [v4][heartbeat] enter=False sorting=False cam=LIVE ai=LIVE cam_fps=55.4 pub_fps=30.4 frames=67386 result_subs=1 roi=ok intrinsic=ok inference_age_ms=58 target=none transport=False sorting_thread=alive
14:08:14 [v4][heartbeat] enter=False sorting=False cam=LIVE ai=LIVE cam_fps=55.0 pub_fps=30.2 frames=67661 result_subs=1 roi=ok intrinsic=ok inference_age_ms=138 target=none transport=False sorting_thread=alive
14:08:19 [v4][heartbeat] enter=False sorting=False cam=LIVE ai=LIVE cam_fps=58.4 pub_fps=30.4 frames=67953 result_subs=1 roi=ok intrinsic=ok inference_age_ms=89 target=none transport=False sorting_thread=alive
14:08:24 [v4][heartbeat] enter=False sorting=False cam=LIVE ai=LIVE cam_fps=52.4 pub_fps=30.4 frames=68215 result_subs=1 roi=ok intrinsic=ok inference_age_ms=48 target=none transport=False sorting_thread=alive
14:08:29 [v4][heartbeat] enter=False sorting=False cam=LIVE ai=LIVE cam_fps=57.4 pub_fps=30.2 frames=68502 result_subs=1 roi=ok intrinsic=ok inference_age_ms=124 target=none transport=False sorting_thread=alive
14:08:34 [v4][heartbeat] enter=False sorting=False cam=LIVE ai=LIVE cam_fps=55.6 pub_fps=30.4 frames=68780 result_subs=1 roi=ok intrinsic=ok inference_age_ms=80 target=none transport=False sorting_thread=alive
14:08:39 [v4][heartbeat] enter=False sorting=False cam=LIVE ai=LIVE cam_fps=56.6 pub_fps=30.2 frames=69063 result_subs=1 roi=ok intrinsic=ok inference_age_ms=169 target=none transport=False sorting_thread=alive
14:08:44 [v4][heartbeat] enter=False sorting=False cam=LIVE ai=LIVE cam_fps=58.8 pub_fps=30.4 frames=69357 result_subs=1 roi=ok intrinsic=ok inference_age_ms=122 target=none transport=False sorting_thread=alive
14:08:49 [v4][heartbeat] enter=False sorting=False cam=LIVE ai=LIVE cam_fps=55.6 pub_fps=30.2 frames=69635 result_subs=1 roi=ok intrinsic=ok inference_age_ms=77 target=none transport=False sorting_thread=alive
14:08:54 [v4][heartbeat] enter=False sorting=False cam=LIVE ai=LIVE cam_fps=55.6 pub_fps=30.4 frames=69913 result_subs=1 roi=ok intrinsic=ok inference_age_ms=165 target=none transport=False sorting_thread=alive
14:08:59 [v4][heartbeat] enter=False sorting=False cam=LIVE ai=LIVE cam_fps=54.4 pub_fps=30.2 frames=70185 result_subs=1 roi=ok intrinsic=ok inference_age_ms=116 target=none transport=False sorting_thread=alive
14:09:04 [v4][heartbeat] enter=False sorting=False cam=LIVE ai=LIVE cam_fps=56.0 pub_fps=30.4 frames=70465 result_subs=1 roi=ok intrinsic=ok inference_age_ms=67 target=none transport=False sorting_thread=alive
14:09:09 [v4][heartbeat] enter=False sorting=False cam=LIVE ai=LIVE cam_fps=59.0 pub_fps=30.2 frames=70760 result_subs=1 roi=ok intrinsic=ok inference_age_ms=144 target=none transport=False sorting_thread=alive
14:09:14 [v4][heartbeat] enter=False sorting=False cam=LIVE ai=LIVE cam_fps=54.8 pub_fps=30.4 frames=71034 result_subs=1 roi=ok intrinsic=ok inference_age_ms=94 target=none transport=False sorting_thread=alive
14:09:19 [v4][heartbeat] enter=False sorting=False cam=LIVE ai=LIVE cam_fps=55.6 pub_fps=30.2 frames=71312 result_subs=1 roi=ok intrinsic=ok inference_age_ms=56 target=none transport=False sorting_thread=alive
14:09:24 [v4][heartbeat] enter=False sorting=False cam=LIVE ai=LIVE cam_fps=56.8 pub_fps=30.4 frames=71596 result_subs=1 roi=ok intrinsic=ok inference_age_ms=136 target=none transport=False sorting_thread=alive
14:09:29 [v4][heartbeat] enter=False sorting=False cam=LIVE ai=LIVE cam_fps=52.6 pub_fps=30.2 frames=71859 result_subs=1 roi=ok intrinsic=ok inference_age_ms=72 target=none transport=False sorting_thread=alive
14:09:34 [v4][heartbeat] enter=False sorting=False cam=LIVE ai=LIVE cam_fps=57.8 pub_fps=30.4 frames=72148 result_subs=1 roi=ok intrinsic=ok inference_age_ms=152 target=none transport=False sorting_thread=alive
14:09:39 [v4][heartbeat] enter=False sorting=False cam=LIVE ai=LIVE cam_fps=53.6 pub_fps=30.2 frames=72416 result_subs=1 roi=ok intrinsic=ok inference_age_ms=94 target=none transport=False sorting_thread=alive
14:09:44 [v4][heartbeat] enter=False sorting=False cam=LIVE ai=LIVE cam_fps=54.6 pub_fps=30.4 frames=72689 result_subs=1 roi=ok intrinsic=ok inference_age_ms=43 target=none transport=False sorting_thread=alive
14:09:49 [v4][heartbeat] enter=False sorting=False cam=LIVE ai=LIVE cam_fps=57.0 pub_fps=30.2 frames=72974 result_subs=1 roi=ok intrinsic=ok inference_age_ms=115 target=none transport=False sorting_thread=alive
14:09:54 [v4][heartbeat] enter=False sorting=False cam=LIVE ai=LIVE cam_fps=53.0 pub_fps=30.4 frames=73239 result_subs=1 roi=ok intrinsic=ok inference_age_ms=67 target=none transport=False sorting_thread=alive
14:09:59 [v4][heartbeat] enter=False sorting=False cam=LIVE ai=LIVE cam_fps=59.0 pub_fps=30.4 frames=73534 result_subs=1 roi=ok intrinsic=ok inference_age_ms=148 target=none transport=False sorting_thread=alive
14:10:04 [v4][heartbeat] enter=False sorting=False cam=LIVE ai=LIVE cam_fps=54.0 pub_fps=30.2 frames=73804 result_subs=1 roi=ok intrinsic=ok inference_age_ms=105 target=none transport=False sorting_thread=alive
14:10:09 [v4][heartbeat] enter=False sorting=False cam=LIVE ai=LIVE cam_fps=54.4 pub_fps=30.2 frames=74076 result_subs=1 roi=ok intrinsic=ok inference_age_ms=57 target=none transport=False sorting_thread=alive
14:10:14 [v4][heartbeat] enter=False sorting=False cam=LIVE ai=LIVE cam_fps=58.4 pub_fps=30.4 frames=74368 result_subs=1 roi=ok intrinsic=ok inference_age_ms=135 target=none transport=False sorting_thread=alive
14:10:19 [v4][heartbeat] enter=False sorting=False cam=LIVE ai=LIVE cam_fps=53.2 pub_fps=30.4 frames=74634 result_subs=1 roi=ok intrinsic=ok inference_age_ms=88 target=none transport=False sorting_thread=alive
14:10:24 [v4][heartbeat] enter=False sorting=False cam=LIVE ai=LIVE cam_fps=55.8 pub_fps=30.2 frames=74913 result_subs=1 roi=ok intrinsic=ok inference_age_ms=174 target=none transport=False sorting_thread=alive
14:10:29 [v4][heartbeat] enter=False sorting=False cam=LIVE ai=LIVE cam_fps=55.4 pub_fps=30.2 frames=75190 result_subs=1 roi=ok intrinsic=ok inference_age_ms=122 target=none transport=False sorting_thread=alive
14:10:34 [v4][heartbeat] enter=False sorting=False cam=LIVE ai=LIVE cam_fps=55.4 pub_fps=30.4 frames=75467 result_subs=1 roi=ok intrinsic=ok inference_age_ms=76 target=none transport=False sorting_thread=alive
14:10:39 [v4][heartbeat] enter=False sorting=False cam=LIVE ai=LIVE cam_fps=59.3 pub_fps=30.4 frames=75764 result_subs=1 roi=ok intrinsic=ok inference_age_ms=163 target=none transport=False sorting_thread=alive
14:10:44 [v4][heartbeat] enter=False sorting=False cam=LIVE ai=LIVE cam_fps=53.3 pub_fps=30.2 frames=76030 result_subs=1 roi=ok intrinsic=ok inference_age_ms=113 target=none transport=False sorting_thread=alive
14:10:49 [v4][heartbeat] enter=False sorting=False cam=LIVE ai=LIVE cam_fps=57.6 pub_fps=30.4 frames=76318 result_subs=1 roi=ok intrinsic=ok inference_age_ms=71 target=none transport=False sorting_thread=alive
14:10:54 [v4][heartbeat] enter=False sorting=False cam=LIVE ai=LIVE cam_fps=55.6 pub_fps=30.2 frames=76596 result_subs=1 roi=ok intrinsic=ok inference_age_ms=161 target=none transport=False sorting_thread=alive
14:10:59 [v4][heartbeat] enter=False sorting=False cam=LIVE ai=LIVE cam_fps=55.0 pub_fps=30.4 frames=76871 result_subs=1 roi=ok intrinsic=ok inference_age_ms=111 target=none transport=False sorting_thread=alive
14:11:04 [v4][heartbeat] enter=False sorting=False cam=LIVE ai=LIVE cam_fps=57.6 pub_fps=30.2 frames=77159 result_subs=1 roi=ok intrinsic=ok inference_age_ms=70 target=none transport=False sorting_thread=alive
14:11:09 [v4][heartbeat] enter=False sorting=False cam=LIVE ai=LIVE cam_fps=53.6 pub_fps=30.2 frames=77427 result_subs=1 roi=ok intrinsic=ok inference_age_ms=146 target=none transport=False sorting_thread=alive
14:11:14 [v4][heartbeat] enter=False sorting=False cam=LIVE ai=LIVE cam_fps=56.6 pub_fps=30.4 frames=77710 result_subs=1 roi=ok intrinsic=ok inference_age_ms=105 target=none transport=False sorting_thread=alive
14:11:19 [v4][heartbeat] enter=False sorting=False cam=LIVE ai=LIVE cam_fps=56.2 pub_fps=30.4 frames=77991 result_subs=1 roi=ok intrinsic=ok inference_age_ms=65 target=none transport=False sorting_thread=alive
14:11:24 [v4][heartbeat] enter=False sorting=False cam=LIVE ai=LIVE cam_fps=52.0 pub_fps=30.2 frames=78251 result_subs=1 roi=ok intrinsic=ok inference_age_ms=155 target=none transport=False sorting_thread=alive
14:11:29 [v4][heartbeat] enter=False sorting=False cam=LIVE ai=LIVE cam_fps=58.2 pub_fps=30.4 frames=78542 result_subs=1 roi=ok intrinsic=ok inference_age_ms=108 target=none transport=False sorting_thread=alive
14:11:34 [v4][heartbeat] enter=False sorting=False cam=LIVE ai=LIVE cam_fps=53.2 pub_fps=30.2 frames=78808 result_subs=1 roi=ok intrinsic=ok inference_age_ms=63 target=none transport=False sorting_thread=alive
14:11:39 [v4][heartbeat] enter=False sorting=False cam=LIVE ai=LIVE cam_fps=56.0 pub_fps=30.4 frames=79088 result_subs=1 roi=ok intrinsic=ok inference_age_ms=147 target=none transport=False sorting_thread=alive
14:11:44 [v4][heartbeat] enter=False sorting=False cam=LIVE ai=LIVE cam_fps=58.2 pub_fps=30.2 frames=79379 result_subs=1 roi=ok intrinsic=ok inference_age_ms=93 target=none transport=False sorting_thread=alive
14:11:49 [v4][heartbeat] enter=False sorting=False cam=LIVE ai=LIVE cam_fps=54.0 pub_fps=30.4 frames=79649 result_subs=1 roi=ok intrinsic=ok inference_age_ms=49 target=none transport=False sorting_thread=alive
14:11:54 [v4][heartbeat] enter=False sorting=False cam=LIVE ai=LIVE cam_fps=57.6 pub_fps=30.2 frames=79937 result_subs=1 roi=ok intrinsic=ok inference_age_ms=121 target=none transport=False sorting_thread=alive
14:11:59 [v4][heartbeat] enter=False sorting=False cam=LIVE ai=LIVE cam_fps=55.8 pub_fps=30.4 frames=80216 result_subs=1 roi=ok intrinsic=ok inference_age_ms=64 target=none transport=False sorting_thread=alive
14:12:04 [v4][heartbeat] enter=False sorting=False cam=LIVE ai=LIVE cam_fps=56.6 pub_fps=30.2 frames=80499 result_subs=1 roi=ok intrinsic=ok inference_age_ms=149 target=none transport=False sorting_thread=alive
14:12:09 [v4][heartbeat] enter=False sorting=False cam=LIVE ai=LIVE cam_fps=58.2 pub_fps=30.4 frames=80790 result_subs=1 roi=ok intrinsic=ok inference_age_ms=104 target=none transport=False sorting_thread=alive
14:12:14 [v4][heartbeat] enter=False sorting=False cam=LIVE ai=LIVE cam_fps=53.8 pub_fps=30.2 frames=81059 result_subs=1 roi=ok intrinsic=ok inference_age_ms=70 target=none transport=False sorting_thread=alive
14:12:19 [v4][heartbeat] enter=False sorting=False cam=LIVE ai=LIVE cam_fps=57.4 pub_fps=30.4 frames=81346 result_subs=1 roi=ok intrinsic=ok inference_age_ms=151 target=none transport=False sorting_thread=alive
14:12:24 [v4][heartbeat] enter=False sorting=False cam=LIVE ai=LIVE cam_fps=56.2 pub_fps=30.2 frames=81627 result_subs=1 roi=ok intrinsic=ok inference_age_ms=114 target=none transport=False sorting_thread=alive
14:12:29 [v4][heartbeat] enter=False sorting=False cam=LIVE ai=LIVE cam_fps=54.4 pub_fps=30.2 frames=81899 result_subs=1 roi=ok intrinsic=ok inference_age_ms=50 target=none transport=False sorting_thread=alive
14:12:34 [v4][heartbeat] enter=False sorting=False cam=LIVE ai=LIVE cam_fps=56.3 pub_fps=30.5 frames=82181 result_subs=1 roi=ok intrinsic=ok inference_age_ms=136 target=none transport=False sorting_thread=alive
14:12:39 [v4][heartbeat] enter=False sorting=False cam=LIVE ai=LIVE cam_fps=55.5 pub_fps=30.2 frames=82458 result_subs=1 roi=ok intrinsic=ok inference_age_ms=77 target=none transport=False sorting_thread=alive
14:12:44 [v4][heartbeat] enter=False sorting=False cam=LIVE ai=LIVE cam_fps=57.4 pub_fps=30.4 frames=82745 result_subs=1 roi=ok intrinsic=ok inference_age_ms=151 target=none transport=False sorting_thread=alive
14:12:49 [v4][heartbeat] enter=False sorting=False cam=LIVE ai=LIVE cam_fps=55.0 pub_fps=30.2 frames=83020 result_subs=1 roi=ok intrinsic=ok inference_age_ms=98 target=none transport=False sorting_thread=alive
14:12:54 [v4][heartbeat] enter=False sorting=False cam=LIVE ai=LIVE cam_fps=53.2 pub_fps=30.2 frames=83286 result_subs=1 roi=ok intrinsic=ok inference_age_ms=59 target=none transport=False sorting_thread=alive
14:12:59 [v4][heartbeat] enter=False sorting=False cam=LIVE ai=LIVE cam_fps=58.4 pub_fps=30.4 frames=83578 result_subs=1 roi=ok intrinsic=ok inference_age_ms=139 target=none transport=False sorting_thread=alive
14:13:04 [v4][heartbeat] enter=False sorting=False cam=LIVE ai=LIVE cam_fps=53.2 pub_fps=30.2 frames=83844 result_subs=1 roi=ok intrinsic=ok inference_age_ms=94 target=none transport=False sorting_thread=alive
14:13:09 [v4][heartbeat] enter=False sorting=False cam=LIVE ai=LIVE cam_fps=57.2 pub_fps=30.4 frames=84130 result_subs=1 roi=ok intrinsic=ok inference_age_ms=45 target=none transport=False sorting_thread=alive
14:13:14 [v4][heartbeat] enter=False sorting=False cam=LIVE ai=LIVE cam_fps=56.7 pub_fps=30.4 frames=84414 result_subs=1 roi=ok intrinsic=ok inference_age_ms=130 target=none transport=False sorting_thread=alive
14:13:19 [v4][heartbeat] enter=False sorting=False cam=LIVE ai=LIVE cam_fps=52.8 pub_fps=30.2 frames=84678 result_subs=1 roi=ok intrinsic=ok inference_age_ms=83 target=none transport=False sorting_thread=alive
14:13:24 [v4][heartbeat] enter=False sorting=False cam=LIVE ai=LIVE cam_fps=55.0 pub_fps=30.2 frames=84953 result_subs=1 roi=ok intrinsic=ok inference_age_ms=159 target=none transport=False sorting_thread=alive
14:13:29 [v4][heartbeat] enter=False sorting=False cam=LIVE ai=LIVE cam_fps=57.6 pub_fps=30.4 frames=85241 result_subs=1 roi=ok intrinsic=ok inference_age_ms=107 target=none transport=False sorting_thread=alive
14:13:34 [v4][heartbeat] enter=False sorting=False cam=LIVE ai=LIVE cam_fps=53.2 pub_fps=30.4 frames=85507 result_subs=1 roi=ok intrinsic=ok inference_age_ms=59 target=none transport=False sorting_thread=alive
14:13:39 [v4][heartbeat] enter=False sorting=False cam=LIVE ai=LIVE cam_fps=57.4 pub_fps=30.2 frames=85794 result_subs=1 roi=ok intrinsic=ok inference_age_ms=120 target=none transport=False sorting_thread=alive
14:13:44 [v4][heartbeat] enter=False sorting=False cam=LIVE ai=LIVE cam_fps=51.6 pub_fps=30.4 frames=86052 result_subs=1 roi=ok intrinsic=ok inference_age_ms=81 target=none transport=False sorting_thread=alive
14:13:49 [v4][heartbeat] enter=False sorting=False cam=LIVE ai=LIVE cam_fps=54.6 pub_fps=30.2 frames=86325 result_subs=1 roi=ok intrinsic=ok inference_age_ms=163 target=none transport=False sorting_thread=alive
14:13:54 [v4][heartbeat] enter=False sorting=False cam=LIVE ai=LIVE cam_fps=57.2 pub_fps=30.2 frames=86611 result_subs=1 roi=ok intrinsic=ok inference_age_ms=106 target=none transport=False sorting_thread=alive
14:13:59 [v4][heartbeat] enter=False sorting=False cam=LIVE ai=LIVE cam_fps=53.4 pub_fps=30.4 frames=86878 result_subs=1 roi=ok intrinsic=ok inference_age_ms=45 target=none transport=False sorting_thread=alive
14:14:04 [v4][heartbeat] enter=False sorting=False cam=LIVE ai=LIVE cam_fps=54.8 pub_fps=30.4 frames=87152 result_subs=1 roi=ok intrinsic=ok inference_age_ms=131 target=none transport=False sorting_thread=alive
14:14:09 [v4][heartbeat] enter=False sorting=False cam=LIVE ai=LIVE cam_fps=54.8 pub_fps=30.2 frames=87426 result_subs=1 roi=ok intrinsic=ok inference_age_ms=79 target=none transport=False sorting_thread=alive
14:14:14 [v4][heartbeat] enter=False sorting=False cam=LIVE ai=LIVE cam_fps=55.8 pub_fps=30.4 frames=87705 result_subs=1 roi=ok intrinsic=ok inference_age_ms=154 target=none transport=False sorting_thread=alive
14:14:19 [v4][heartbeat] enter=False sorting=False cam=LIVE ai=LIVE cam_fps=58.2 pub_fps=30.2 frames=87996 result_subs=1 roi=ok intrinsic=ok inference_age_ms=94 target=none transport=False sorting_thread=alive
14:14:24 [v4][heartbeat] enter=False sorting=False cam=LIVE ai=LIVE cam_fps=53.8 pub_fps=30.4 frames=88265 result_subs=1 roi=ok intrinsic=ok inference_age_ms=52 target=none transport=False sorting_thread=alive
14:14:29 [v4][heartbeat] enter=False sorting=False cam=LIVE ai=LIVE cam_fps=57.6 pub_fps=30.2 frames=88553 result_subs=1 roi=ok intrinsic=ok inference_age_ms=134 target=none transport=False sorting_thread=alive
14:14:34 [v4][heartbeat] enter=False sorting=False cam=LIVE ai=LIVE cam_fps=53.8 pub_fps=30.4 frames=88822 result_subs=1 roi=ok intrinsic=ok inference_age_ms=89 target=none transport=False sorting_thread=alive
14:14:39 [v4][heartbeat] enter=False sorting=False cam=LIVE ai=LIVE cam_fps=53.8 pub_fps=30.2 frames=89091 result_subs=1 roi=ok intrinsic=ok inference_age_ms=43 target=none transport=False sorting_thread=alive
14:14:44 [v4][heartbeat] enter=False sorting=False cam=LIVE ai=LIVE cam_fps=56.4 pub_fps=30.4 frames=89373 result_subs=1 roi=ok intrinsic=ok inference_age_ms=123 target=none transport=False sorting_thread=alive
14:14:49 [v4][heartbeat] enter=False sorting=False cam=LIVE ai=LIVE cam_fps=51.7 pub_fps=30.2 frames=89632 result_subs=1 roi=ok intrinsic=ok inference_age_ms=83 target=none transport=False sorting_thread=alive
14:14:54 [v4][heartbeat] enter=False sorting=False cam=LIVE ai=LIVE cam_fps=54.5 pub_fps=30.4 frames=89904 result_subs=1 roi=ok intrinsic=ok inference_age_ms=157 target=none transport=False sorting_thread=alive
14:14:59 [v4][heartbeat] enter=False sorting=False cam=LIVE ai=LIVE cam_fps=54.0 pub_fps=30.2 frames=90174 result_subs=1 roi=ok intrinsic=ok inference_age_ms=115 target=none transport=False sorting_thread=alive
14:15:04 [v4][heartbeat] enter=False sorting=False cam=LIVE ai=LIVE cam_fps=54.8 pub_fps=30.4 frames=90448 result_subs=1 roi=ok intrinsic=ok inference_age_ms=54 target=none transport=False sorting_thread=alive
14:15:09 [v4][heartbeat] enter=False sorting=False cam=LIVE ai=LIVE cam_fps=55.8 pub_fps=30.2 frames=90727 result_subs=1 roi=ok intrinsic=ok inference_age_ms=133 target=none transport=False sorting_thread=alive
14:15:14 [v4][heartbeat] enter=False sorting=False cam=LIVE ai=LIVE cam_fps=51.2 pub_fps=30.4 frames=90983 result_subs=1 roi=ok intrinsic=ok inference_age_ms=81 target=none transport=False sorting_thread=alive
14:15:19 [v4][heartbeat] enter=False sorting=False cam=LIVE ai=LIVE cam_fps=57.6 pub_fps=30.2 frames=91271 result_subs=1 roi=ok intrinsic=ok inference_age_ms=160 target=none transport=False sorting_thread=alive
14:15:24 [v4][heartbeat] enter=False sorting=False cam=LIVE ai=LIVE cam_fps=54.6 pub_fps=30.4 frames=91544 result_subs=1 roi=ok intrinsic=ok inference_age_ms=114 target=none transport=False sorting_thread=alive
14:15:29 [v4][heartbeat] enter=False sorting=False cam=LIVE ai=LIVE cam_fps=53.8 pub_fps=30.4 frames=91813 result_subs=1 roi=ok intrinsic=ok inference_age_ms=73 target=none transport=False sorting_thread=alive
14:15:34 [v4][heartbeat] enter=False sorting=False cam=LIVE ai=LIVE cam_fps=58.8 pub_fps=30.2 frames=92107 result_subs=1 roi=ok intrinsic=ok inference_age_ms=156 target=none transport=False sorting_thread=alive
14:15:39 [v4][heartbeat] enter=False sorting=False cam=LIVE ai=LIVE cam_fps=51.6 pub_fps=30.2 frames=92365 result_subs=1 roi=ok intrinsic=ok inference_age_ms=94 target=none transport=False sorting_thread=alive
14:15:44 [v4][heartbeat] enter=False sorting=False cam=LIVE ai=LIVE cam_fps=55.0 pub_fps=30.4 frames=92640 result_subs=1 roi=ok intrinsic=ok inference_age_ms=40 target=none transport=False sorting_thread=alive
14:15:49 [v4][heartbeat] enter=False sorting=False cam=LIVE ai=LIVE cam_fps=56.6 pub_fps=30.2 frames=92923 result_subs=1 roi=ok intrinsic=ok inference_age_ms=114 target=none transport=False sorting_thread=alive
14:15:54 [v4][heartbeat] enter=False sorting=False cam=LIVE ai=LIVE cam_fps=52.8 pub_fps=30.4 frames=93187 result_subs=1 roi=ok intrinsic=ok inference_age_ms=61 target=none transport=False sorting_thread=alive
14:15:59 [v4][heartbeat] enter=False sorting=False cam=LIVE ai=LIVE cam_fps=55.6 pub_fps=30.2 frames=93465 result_subs=1 roi=ok intrinsic=ok inference_age_ms=141 target=none transport=False sorting_thread=alive
14:16:04 [v4][heartbeat] enter=False sorting=False cam=LIVE ai=LIVE cam_fps=51.4 pub_fps=30.4 frames=93722 result_subs=1 roi=ok intrinsic=ok inference_age_ms=95 target=none transport=False sorting_thread=alive
14:16:09 [v4][heartbeat] enter=False sorting=False cam=LIVE ai=LIVE cam_fps=55.4 pub_fps=30.2 frames=93999 result_subs=1 roi=ok intrinsic=ok inference_age_ms=177 target=none transport=False sorting_thread=alive
14:16:14 [v4][heartbeat] enter=False sorting=False cam=LIVE ai=LIVE cam_fps=58.2 pub_fps=30.4 frames=94290 result_subs=1 roi=ok intrinsic=ok inference_age_ms=128 target=none transport=False sorting_thread=alive
14:16:19 [v4][heartbeat] enter=False sorting=False cam=LIVE ai=LIVE cam_fps=51.6 pub_fps=30.2 frames=94548 result_subs=1 roi=ok intrinsic=ok inference_age_ms=75 target=none transport=False sorting_thread=alive
14:16:24 [v4][heartbeat] enter=False sorting=False cam=LIVE ai=LIVE cam_fps=56.2 pub_fps=30.4 frames=94829 result_subs=1 roi=ok intrinsic=ok inference_age_ms=143 target=none transport=False sorting_thread=alive
14:16:29 [v4][heartbeat] enter=False sorting=False cam=LIVE ai=LIVE cam_fps=53.0 pub_fps=30.4 frames=95094 result_subs=1 roi=ok intrinsic=ok inference_age_ms=97 target=none transport=False sorting_thread=alive
14:16:34 [v4][heartbeat] enter=False sorting=False cam=LIVE ai=LIVE cam_fps=55.8 pub_fps=30.2 frames=95373 result_subs=1 roi=ok intrinsic=ok inference_age_ms=56 target=none transport=False sorting_thread=alive
14:16:39 [v4][heartbeat] enter=False sorting=False cam=LIVE ai=LIVE cam_fps=57.2 pub_fps=30.2 frames=95659 result_subs=1 roi=ok intrinsic=ok inference_age_ms=130 target=none transport=False sorting_thread=alive
14:16:44 [v4][heartbeat] enter=False sorting=False cam=LIVE ai=LIVE cam_fps=52.8 pub_fps=30.4 frames=95923 result_subs=1 roi=ok intrinsic=ok inference_age_ms=82 target=none transport=False sorting_thread=alive
14:16:49 [v4][heartbeat] enter=False sorting=False cam=LIVE ai=LIVE cam_fps=57.2 pub_fps=30.4 frames=96209 result_subs=1 roi=ok intrinsic=ok inference_age_ms=168 target=none transport=False sorting_thread=alive
14:16:54 [v4][heartbeat] enter=False sorting=False cam=LIVE ai=LIVE cam_fps=52.2 pub_fps=30.2 frames=96470 result_subs=1 roi=ok intrinsic=ok inference_age_ms=116 target=none transport=False sorting_thread=alive
14:16:59 [v4][heartbeat] enter=False sorting=False cam=LIVE ai=LIVE cam_fps=55.2 pub_fps=30.4 frames=96746 result_subs=1 roi=ok intrinsic=ok inference_age_ms=65 target=none transport=False sorting_thread=alive
14:17:04 [v4][heartbeat] enter=False sorting=False cam=LIVE ai=LIVE cam_fps=57.6 pub_fps=30.2 frames=97034 result_subs=1 roi=ok intrinsic=ok inference_age_ms=145 target=none transport=False sorting_thread=alive
14:17:09 [v4][heartbeat] enter=False sorting=False cam=LIVE ai=LIVE cam_fps=53.0 pub_fps=30.4 frames=97299 result_subs=1 roi=ok intrinsic=ok inference_age_ms=96 target=none transport=False sorting_thread=alive
14:17:14 [v4][heartbeat] enter=False sorting=False cam=LIVE ai=LIVE cam_fps=56.6 pub_fps=30.2 frames=97582 result_subs=1 roi=ok intrinsic=ok inference_age_ms=43 target=none transport=False sorting_thread=alive
14:17:19 [v4][heartbeat] enter=False sorting=False cam=LIVE ai=LIVE cam_fps=55.6 pub_fps=30.4 frames=97860 result_subs=1 roi=ok intrinsic=ok inference_age_ms=125 target=none transport=False sorting_thread=alive
14:17:24 [v4][heartbeat] enter=False sorting=False cam=LIVE ai=LIVE cam_fps=54.8 pub_fps=30.2 frames=98134 result_subs=1 roi=ok intrinsic=ok inference_age_ms=70 target=none transport=False sorting_thread=alive
14:17:29 [v4][heartbeat] enter=False sorting=False cam=LIVE ai=LIVE cam_fps=55.8 pub_fps=30.4 frames=98413 result_subs=1 roi=ok intrinsic=ok inference_age_ms=157 target=none transport=False sorting_thread=alive
14:17:34 [v4][heartbeat] enter=False sorting=False cam=LIVE ai=LIVE cam_fps=50.6 pub_fps=30.2 frames=98666 result_subs=1 roi=ok intrinsic=ok inference_age_ms=103 target=none transport=False sorting_thread=alive
14:17:39 [v4][heartbeat] enter=False sorting=False cam=LIVE ai=LIVE cam_fps=55.8 pub_fps=30.4 frames=98945 result_subs=1 roi=ok intrinsic=ok inference_age_ms=179 target=none transport=False sorting_thread=alive
14:17:44 [v4][heartbeat] enter=False sorting=False cam=LIVE ai=LIVE cam_fps=54.6 pub_fps=30.2 frames=99218 result_subs=1 roi=ok intrinsic=ok inference_age_ms=133 target=none transport=False sorting_thread=alive
14:17:49 [v4][heartbeat] enter=False sorting=False cam=LIVE ai=LIVE cam_fps=52.8 pub_fps=30.4 frames=99482 result_subs=1 roi=ok intrinsic=ok inference_age_ms=89 target=none transport=False sorting_thread=alive
14:17:54 [v4][heartbeat] enter=False sorting=False cam=LIVE ai=LIVE cam_fps=56.8 pub_fps=30.4 frames=99766 result_subs=1 roi=ok intrinsic=ok inference_age_ms=48 target=none transport=False sorting_thread=alive
14:17:59 [v4][heartbeat] enter=False sorting=False cam=LIVE ai=LIVE cam_fps=53.7 pub_fps=30.2 frames=100034 result_subs=1 roi=ok intrinsic=ok inference_age_ms=123 target=none transport=False sorting_thread=alive
14:18:04 [v4][heartbeat] enter=False sorting=False cam=LIVE ai=LIVE cam_fps=55.0 pub_fps=30.2 frames=100309 result_subs=1 roi=ok intrinsic=ok inference_age_ms=62 target=none transport=False sorting_thread=alive
14:18:09 [v4][heartbeat] enter=False sorting=False cam=LIVE ai=LIVE cam_fps=56.4 pub_fps=30.4 frames=100591 result_subs=1 roi=ok intrinsic=ok inference_age_ms=136 target=none transport=False sorting_thread=alive
14:18:14 [v4][heartbeat] enter=False sorting=False cam=LIVE ai=LIVE cam_fps=52.4 pub_fps=30.4 frames=100853 result_subs=1 roi=ok intrinsic=ok inference_age_ms=95 target=none transport=False sorting_thread=alive
14:18:19 [v4][heartbeat] enter=False sorting=False cam=LIVE ai=LIVE cam_fps=57.8 pub_fps=30.2 frames=101142 result_subs=1 roi=ok intrinsic=ok inference_age_ms=48 target=none transport=False sorting_thread=alive
14:18:24 [v4][heartbeat] enter=False sorting=False cam=LIVE ai=LIVE cam_fps=54.2 pub_fps=30.2 frames=101413 result_subs=1 roi=ok intrinsic=ok inference_age_ms=121 target=none transport=False sorting_thread=alive
14:18:29 [v4][heartbeat] enter=False sorting=False cam=LIVE ai=LIVE cam_fps=55.4 pub_fps=30.4 frames=101690 result_subs=1 roi=ok intrinsic=ok inference_age_ms=87 target=none transport=False sorting_thread=alive
14:18:34 [v4][heartbeat] enter=False sorting=False cam=LIVE ai=LIVE cam_fps=57.6 pub_fps=30.4 frames=101978 result_subs=1 roi=ok intrinsic=ok inference_age_ms=56 target=none transport=False sorting_thread=alive
14:18:39 [v4][heartbeat] enter=False sorting=False cam=LIVE ai=LIVE cam_fps=51.8 pub_fps=30.2 frames=102237 result_subs=1 roi=ok intrinsic=ok inference_age_ms=129 target=none transport=False sorting_thread=alive
14:18:44 [v4][heartbeat] enter=False sorting=False cam=LIVE ai=LIVE cam_fps=57.4 pub_fps=30.2 frames=102524 result_subs=1 roi=ok intrinsic=ok inference_age_ms=90 target=none transport=False sorting_thread=alive
14:18:49 [v4][heartbeat] enter=False sorting=False cam=LIVE ai=LIVE cam_fps=53.6 pub_fps=30.4 frames=102792 result_subs=1 roi=ok intrinsic=ok inference_age_ms=153 target=none transport=False sorting_thread=alive
14:18:54 [v4][heartbeat] enter=False sorting=False cam=LIVE ai=LIVE cam_fps=54.0 pub_fps=30.4 frames=103062 result_subs=1 roi=ok intrinsic=ok inference_age_ms=106 target=none transport=False sorting_thread=alive
14:18:59 [v4][heartbeat] enter=False sorting=False cam=LIVE ai=LIVE cam_fps=56.6 pub_fps=30.2 frames=103345 result_subs=1 roi=ok intrinsic=ok inference_age_ms=60 target=none transport=False sorting_thread=alive
14:19:04 [v4][heartbeat] enter=False sorting=False cam=LIVE ai=LIVE cam_fps=53.6 pub_fps=30.2 frames=103613 result_subs=1 roi=ok intrinsic=ok inference_age_ms=137 target=none transport=False sorting_thread=alive
14:19:09 [v4][heartbeat] enter=False sorting=False cam=LIVE ai=LIVE cam_fps=57.0 pub_fps=30.4 frames=103898 result_subs=1 roi=ok intrinsic=ok inference_age_ms=90 target=none transport=False sorting_thread=alive
14:19:14 [v4][heartbeat] enter=False sorting=False cam=LIVE ai=LIVE cam_fps=54.8 pub_fps=30.4 frames=104172 result_subs=1 roi=ok intrinsic=ok inference_age_ms=56 target=none transport=False sorting_thread=alive
14:19:19 [v4][heartbeat] enter=False sorting=False cam=LIVE ai=LIVE cam_fps=56.4 pub_fps=30.2 frames=104454 result_subs=1 roi=ok intrinsic=ok inference_age_ms=135 target=none transport=False sorting_thread=alive
14:19:24 [v4][heartbeat] enter=False sorting=False cam=LIVE ai=LIVE cam_fps=57.2 pub_fps=30.4 frames=104740 result_subs=1 roi=ok intrinsic=ok inference_age_ms=88 target=none transport=False sorting_thread=alive
14:19:29 [v4][heartbeat] enter=False sorting=False cam=LIVE ai=LIVE cam_fps=56.0 pub_fps=30.2 frames=105020 result_subs=1 roi=ok intrinsic=ok inference_age_ms=48 target=none transport=False sorting_thread=alive
14:19:34 [v4][heartbeat] enter=False sorting=False cam=LIVE ai=LIVE cam_fps=57.0 pub_fps=30.4 frames=105305 result_subs=1 roi=ok intrinsic=ok inference_age_ms=135 target=none transport=False sorting_thread=alive
14:19:39 [v4][heartbeat] enter=False sorting=False cam=LIVE ai=LIVE cam_fps=53.6 pub_fps=30.2 frames=105573 result_subs=1 roi=ok intrinsic=ok inference_age_ms=90 target=none transport=False sorting_thread=alive
14:19:44 [v4][heartbeat] enter=False sorting=False cam=LIVE ai=LIVE cam_fps=54.6 pub_fps=30.4 frames=105846 result_subs=1 roi=ok intrinsic=ok inference_age_ms=40 target=none transport=False sorting_thread=alive
14:19:49 [v4][heartbeat] enter=False sorting=False cam=LIVE ai=LIVE cam_fps=57.2 pub_fps=30.2 frames=106132 result_subs=1 roi=ok intrinsic=ok inference_age_ms=111 target=none transport=False sorting_thread=alive
14:19:54 [v4][heartbeat] enter=False sorting=False cam=LIVE ai=LIVE cam_fps=54.2 pub_fps=30.4 frames=106403 result_subs=1 roi=ok intrinsic=ok inference_age_ms=63 target=none transport=False sorting_thread=alive
14:19:59 [v4][heartbeat] enter=False sorting=False cam=LIVE ai=LIVE cam_fps=56.5 pub_fps=30.2 frames=106686 result_subs=1 roi=ok intrinsic=ok inference_age_ms=135 target=none transport=False sorting_thread=alive
14:20:04 [v4][heartbeat] enter=False sorting=False cam=LIVE ai=LIVE cam_fps=56.2 pub_fps=30.4 frames=106967 result_subs=1 roi=ok intrinsic=ok inference_age_ms=90 target=none transport=False sorting_thread=alive
14:20:09 [v4][heartbeat] enter=False sorting=False cam=LIVE ai=LIVE cam_fps=52.6 pub_fps=30.2 frames=107230 result_subs=1 roi=ok intrinsic=ok inference_age_ms=168 target=none transport=False sorting_thread=alive
14:20:14 [v4][heartbeat] enter=False sorting=False cam=LIVE ai=LIVE cam_fps=56.6 pub_fps=30.4 frames=107513 result_subs=1 roi=ok intrinsic=ok inference_age_ms=125 target=none transport=False sorting_thread=alive
14:20:19 [v4][heartbeat] enter=False sorting=False cam=LIVE ai=LIVE cam_fps=55.6 pub_fps=30.2 frames=107791 result_subs=1 roi=ok intrinsic=ok inference_age_ms=88 target=none transport=False sorting_thread=alive
14:20:24 [v4][heartbeat] enter=False sorting=False cam=LIVE ai=LIVE cam_fps=57.6 pub_fps=30.4 frames=108079 result_subs=1 roi=ok intrinsic=ok inference_age_ms=162 target=none transport=False sorting_thread=alive
14:20:29 [v4][heartbeat] enter=False sorting=False cam=LIVE ai=LIVE cam_fps=54.8 pub_fps=30.2 frames=108353 result_subs=1 roi=ok intrinsic=ok inference_age_ms=121 target=none transport=False sorting_thread=alive
14:20:34 [v4][heartbeat] enter=False sorting=False cam=LIVE ai=LIVE cam_fps=53.6 pub_fps=30.4 frames=108621 result_subs=1 roi=ok intrinsic=ok inference_age_ms=66 target=none transport=False sorting_thread=alive
14:20:39 [v4][heartbeat] enter=False sorting=False cam=LIVE ai=LIVE cam_fps=57.8 pub_fps=30.2 frames=108910 result_subs=1 roi=ok intrinsic=ok inference_age_ms=147 target=none transport=False sorting_thread=alive
14:20:44 [v4][heartbeat] enter=False sorting=False cam=LIVE ai=LIVE cam_fps=54.8 pub_fps=30.4 frames=109184 result_subs=1 roi=ok intrinsic=ok inference_age_ms=106 target=none transport=False sorting_thread=alive
14:20:49 [v4][heartbeat] enter=False sorting=False cam=LIVE ai=LIVE cam_fps=54.8 pub_fps=30.2 frames=109458 result_subs=1 roi=ok intrinsic=ok inference_age_ms=168 target=none transport=False sorting_thread=alive
14:20:54 [v4][heartbeat] enter=False sorting=False cam=LIVE ai=LIVE cam_fps=55.4 pub_fps=30.4 frames=109735 result_subs=1 roi=ok intrinsic=ok inference_age_ms=114 target=none transport=False sorting_thread=alive
14:20:59 [v4][heartbeat] enter=False sorting=False cam=LIVE ai=LIVE cam_fps=52.6 pub_fps=30.4 frames=109998 result_subs=1 roi=ok intrinsic=ok inference_age_ms=74 target=none transport=False sorting_thread=alive
14:21:04 [v4][heartbeat] enter=False sorting=False cam=LIVE ai=LIVE cam_fps=56.4 pub_fps=30.2 frames=110280 result_subs=1 roi=ok intrinsic=ok inference_age_ms=145 target=none transport=False sorting_thread=alive
14:21:09 [v4][heartbeat] enter=False sorting=False cam=LIVE ai=LIVE cam_fps=53.4 pub_fps=30.2 frames=110547 result_subs=1 roi=ok intrinsic=ok inference_age_ms=103 target=none transport=False sorting_thread=alive
14:21:14 [v4][heartbeat] enter=False sorting=False cam=LIVE ai=LIVE cam_fps=51.8 pub_fps=30.4 frames=110806 result_subs=1 roi=ok intrinsic=ok inference_age_ms=65 target=none transport=False sorting_thread=alive
14:21:19 [v4][heartbeat] enter=False sorting=False cam=LIVE ai=LIVE cam_fps=57.8 pub_fps=30.2 frames=111095 result_subs=1 roi=ok intrinsic=ok inference_age_ms=150 target=none transport=False sorting_thread=alive
14:21:24 [v4][heartbeat] enter=False sorting=False cam=LIVE ai=LIVE cam_fps=53.4 pub_fps=30.4 frames=111362 result_subs=1 roi=ok intrinsic=ok inference_age_ms=96 target=none transport=False sorting_thread=alive
14:21:29 [v4][heartbeat] enter=False sorting=False cam=LIVE ai=LIVE cam_fps=57.6 pub_fps=30.4 frames=111650 result_subs=1 roi=ok intrinsic=ok inference_age_ms=57 target=none transport=False sorting_thread=alive
14:21:34 [v4][heartbeat] enter=False sorting=False cam=LIVE ai=LIVE cam_fps=52.6 pub_fps=30.2 frames=111913 result_subs=1 roi=ok intrinsic=ok inference_age_ms=143 target=none transport=False sorting_thread=alive
14:21:39 [v4][heartbeat] enter=False sorting=False cam=LIVE ai=LIVE cam_fps=56.2 pub_fps=30.4 frames=112194 result_subs=1 roi=ok intrinsic=ok inference_age_ms=106 target=none transport=False sorting_thread=alive
14:21:44 [v4][heartbeat] enter=False sorting=False cam=LIVE ai=LIVE cam_fps=58.6 pub_fps=30.2 frames=112487 result_subs=1 roi=ok intrinsic=ok inference_age_ms=65 target=none transport=False sorting_thread=alive
14:21:49 [v4][heartbeat] enter=False sorting=False cam=LIVE ai=LIVE cam_fps=51.4 pub_fps=30.2 frames=112744 result_subs=1 roi=ok intrinsic=ok inference_age_ms=141 target=none transport=False sorting_thread=alive
14:21:54 [v4][heartbeat] enter=False sorting=False cam=LIVE ai=LIVE cam_fps=56.6 pub_fps=30.4 frames=113027 result_subs=1 roi=ok intrinsic=ok inference_age_ms=101 target=none transport=False sorting_thread=alive
14:21:59 [v4][heartbeat] enter=False sorting=False cam=LIVE ai=LIVE cam_fps=54.4 pub_fps=30.4 frames=113299 result_subs=1 roi=ok intrinsic=ok inference_age_ms=58 target=none transport=False sorting_thread=alive
14:22:04 [v4][heartbeat] enter=False sorting=False cam=LIVE ai=LIVE cam_fps=55.4 pub_fps=30.2 frames=113576 result_subs=1 roi=ok intrinsic=ok inference_age_ms=134 target=none transport=False sorting_thread=alive
14:22:09 [v4][heartbeat] enter=False sorting=False cam=LIVE ai=LIVE cam_fps=58.0 pub_fps=30.4 frames=113866 result_subs=1 roi=ok intrinsic=ok inference_age_ms=88 target=none transport=False sorting_thread=alive
14:22:14 [v4][heartbeat] enter=False sorting=False cam=LIVE ai=LIVE cam_fps=49.8 pub_fps=30.2 frames=114115 result_subs=1 roi=ok intrinsic=ok inference_age_ms=157 target=none transport=False sorting_thread=alive
14:22:19 [v4][heartbeat] enter=False sorting=False cam=LIVE ai=LIVE cam_fps=57.6 pub_fps=30.4 frames=114403 result_subs=1 roi=ok intrinsic=ok inference_age_ms=102 target=none transport=False sorting_thread=alive
14:22:24 [v4][heartbeat] enter=False sorting=False cam=LIVE ai=LIVE cam_fps=54.4 pub_fps=30.2 frames=114675 result_subs=1 roi=ok intrinsic=ok inference_age_ms=61 target=none transport=False sorting_thread=alive
14:22:29 [v4][heartbeat] enter=False sorting=False cam=LIVE ai=LIVE cam_fps=53.1 pub_fps=30.4 frames=114941 result_subs=1 roi=ok intrinsic=ok inference_age_ms=151 target=none transport=False sorting_thread=alive
14:22:34 [v4][heartbeat] enter=False sorting=False cam=LIVE ai=LIVE cam_fps=58.9 pub_fps=30.2 frames=115235 result_subs=1 roi=ok intrinsic=ok inference_age_ms=109 target=none transport=False sorting_thread=alive
14:22:39 [v4][heartbeat] enter=False sorting=False cam=LIVE ai=LIVE cam_fps=53.4 pub_fps=30.4 frames=115502 result_subs=1 roi=ok intrinsic=ok inference_age_ms=64 target=none transport=False sorting_thread=alive
14:22:44 [v4][heartbeat] enter=False sorting=False cam=LIVE ai=LIVE cam_fps=55.2 pub_fps=30.2 frames=115778 result_subs=1 roi=ok intrinsic=ok inference_age_ms=152 target=none transport=False sorting_thread=alive
14:22:49 [v4][heartbeat] enter=False sorting=False cam=LIVE ai=LIVE cam_fps=57.2 pub_fps=30.4 frames=116064 result_subs=1 roi=ok intrinsic=ok inference_age_ms=113 target=none transport=False sorting_thread=alive
14:22:54 [v4][heartbeat] enter=False sorting=False cam=LIVE ai=LIVE cam_fps=54.0 pub_fps=30.2 frames=116334 result_subs=1 roi=ok intrinsic=ok inference_age_ms=77 target=none transport=False sorting_thread=alive
14:22:59 [v4][heartbeat] enter=False sorting=False cam=LIVE ai=LIVE cam_fps=57.8 pub_fps=30.4 frames=116623 result_subs=1 roi=ok intrinsic=ok inference_age_ms=155 target=none transport=False sorting_thread=alive
14:23:04 [v4][heartbeat] enter=False sorting=False cam=LIVE ai=LIVE cam_fps=53.6 pub_fps=30.2 frames=116891 result_subs=1 roi=ok intrinsic=ok inference_age_ms=110 target=none transport=False sorting_thread=alive
14:23:09 [v4][heartbeat] enter=False sorting=False cam=LIVE ai=LIVE cam_fps=56.7 pub_fps=30.4 frames=117175 result_subs=1 roi=ok intrinsic=ok inference_age_ms=72 target=none transport=False sorting_thread=alive
14:23:14 [v4][heartbeat] enter=False sorting=False cam=LIVE ai=LIVE cam_fps=56.9 pub_fps=30.2 frames=117459 result_subs=1 roi=ok intrinsic=ok inference_age_ms=142 target=none transport=False sorting_thread=alive
14:23:19 [v4][heartbeat] enter=False sorting=False cam=LIVE ai=LIVE cam_fps=54.4 pub_fps=30.4 frames=117731 result_subs=1 roi=ok intrinsic=ok inference_age_ms=102 target=none transport=False sorting_thread=alive
14:23:24 [v4][heartbeat] enter=False sorting=False cam=LIVE ai=LIVE cam_fps=58.2 pub_fps=30.2 frames=118022 result_subs=1 roi=ok intrinsic=ok inference_age_ms=59 target=none transport=False sorting_thread=alive
14:23:29 [v4][heartbeat] enter=False sorting=False cam=LIVE ai=LIVE cam_fps=54.8 pub_fps=30.4 frames=118296 result_subs=1 roi=ok intrinsic=ok inference_age_ms=143 target=none transport=False sorting_thread=alive
14:23:34 [v4][heartbeat] enter=False sorting=False cam=LIVE ai=LIVE cam_fps=57.2 pub_fps=30.2 frames=118582 result_subs=1 roi=ok intrinsic=ok inference_age_ms=100 target=none transport=False sorting_thread=alive
14:23:39 [v4][heartbeat] enter=False sorting=False cam=LIVE ai=LIVE cam_fps=58.8 pub_fps=30.4 frames=118876 result_subs=1 roi=ok intrinsic=ok inference_age_ms=50 target=none transport=False sorting_thread=alive
14:23:44 [v4][heartbeat] enter=False sorting=False cam=LIVE ai=LIVE cam_fps=51.6 pub_fps=30.2 frames=119134 result_subs=1 roi=ok intrinsic=ok inference_age_ms=130 target=none transport=False sorting_thread=alive
14:23:49 [v4][heartbeat] enter=False sorting=False cam=LIVE ai=LIVE cam_fps=58.0 pub_fps=30.4 frames=119424 result_subs=1 roi=ok intrinsic=ok inference_age_ms=80 target=none transport=False sorting_thread=alive
14:23:54 [v4][heartbeat] enter=False sorting=False cam=LIVE ai=LIVE cam_fps=53.8 pub_fps=30.2 frames=119693 result_subs=1 roi=ok intrinsic=ok inference_age_ms=155 target=none transport=False sorting_thread=alive
14:23:59 [v4][heartbeat] enter=False sorting=False cam=LIVE ai=LIVE cam_fps=58.0 pub_fps=30.4 frames=119983 result_subs=1 roi=ok intrinsic=ok inference_age_ms=97 target=none transport=False sorting_thread=alive
14:24:04 [v4][heartbeat] enter=False sorting=False cam=LIVE ai=LIVE cam_fps=57.6 pub_fps=30.2 frames=120271 result_subs=1 roi=ok intrinsic=ok inference_age_ms=57 target=none transport=False sorting_thread=alive
14:24:09 [v4][heartbeat] enter=False sorting=False cam=LIVE ai=LIVE cam_fps=53.4 pub_fps=30.4 frames=120538 result_subs=1 roi=ok intrinsic=ok inference_age_ms=140 target=none transport=False sorting_thread=alive
14:24:14 [v4][heartbeat] enter=False sorting=False cam=LIVE ai=LIVE cam_fps=57.6 pub_fps=30.4 frames=120826 result_subs=1 roi=ok intrinsic=ok inference_age_ms=82 target=none transport=False sorting_thread=alive
14:24:19 [v4][heartbeat] enter=False sorting=False cam=LIVE ai=LIVE cam_fps=54.0 pub_fps=30.2 frames=121096 result_subs=1 roi=ok intrinsic=ok inference_age_ms=161 target=none transport=False sorting_thread=alive
14:24:24 [v4][heartbeat] enter=False sorting=False cam=LIVE ai=LIVE cam_fps=55.6 pub_fps=30.4 frames=121374 result_subs=1 roi=ok intrinsic=ok inference_age_ms=104 target=none transport=False sorting_thread=alive
14:24:29 [v4][heartbeat] enter=False sorting=False cam=LIVE ai=LIVE cam_fps=58.8 pub_fps=30.2 frames=121668 result_subs=1 roi=ok intrinsic=ok inference_age_ms=65 target=none transport=False sorting_thread=alive
14:24:34 [v4][heartbeat] enter=False sorting=False cam=LIVE ai=LIVE cam_fps=54.6 pub_fps=30.2 frames=121941 result_subs=1 roi=ok intrinsic=ok inference_age_ms=140 target=none transport=False sorting_thread=alive
14:24:39 [v4][heartbeat] enter=False sorting=False cam=LIVE ai=LIVE cam_fps=57.2 pub_fps=30.4 frames=122227 result_subs=1 roi=ok intrinsic=ok inference_age_ms=95 target=none transport=False sorting_thread=alive
14:24:44 [v4][heartbeat] enter=False sorting=False cam=LIVE ai=LIVE cam_fps=57.0 pub_fps=30.4 frames=122512 result_subs=1 roi=ok intrinsic=ok inference_age_ms=53 target=none transport=False sorting_thread=alive
14:24:49 [v4][heartbeat] enter=False sorting=False cam=LIVE ai=LIVE cam_fps=56.0 pub_fps=30.2 frames=122792 result_subs=1 roi=ok intrinsic=ok inference_age_ms=119 target=none transport=False sorting_thread=alive
14:24:54 [v4][heartbeat] enter=False sorting=False cam=LIVE ai=LIVE cam_fps=57.6 pub_fps=30.4 frames=123080 result_subs=1 roi=ok intrinsic=ok inference_age_ms=72 target=none transport=False sorting_thread=alive
14:24:59 [v4][heartbeat] enter=False sorting=False cam=LIVE ai=LIVE cam_fps=54.0 pub_fps=30.2 frames=123350 result_subs=1 roi=ok intrinsic=ok inference_age_ms=150 target=none transport=False sorting_thread=alive
14:25:04 [v4][heartbeat] enter=False sorting=False cam=LIVE ai=LIVE cam_fps=57.6 pub_fps=30.4 frames=123638 result_subs=1 roi=ok intrinsic=ok inference_age_ms=104 target=none transport=False sorting_thread=alive
14:25:09 [v4][heartbeat] enter=False sorting=False cam=LIVE ai=LIVE cam_fps=56.6 pub_fps=30.2 frames=123921 result_subs=1 roi=ok intrinsic=ok inference_age_ms=59 target=none transport=False sorting_thread=alive
14:25:14 [v4][heartbeat] enter=False sorting=False cam=LIVE ai=LIVE cam_fps=54.4 pub_fps=30.4 frames=124193 result_subs=1 roi=ok intrinsic=ok inference_age_ms=135 target=none transport=False sorting_thread=alive
14:25:19 [v4][heartbeat] enter=False sorting=False cam=LIVE ai=LIVE cam_fps=59.2 pub_fps=30.2 frames=124489 result_subs=1 roi=ok intrinsic=ok inference_age_ms=83 target=none transport=False sorting_thread=alive
14:25:24 [v4][heartbeat] enter=False sorting=False cam=LIVE ai=LIVE cam_fps=54.2 pub_fps=30.4 frames=124760 result_subs=1 roi=ok intrinsic=ok inference_age_ms=41 target=none transport=False sorting_thread=alive
14:25:29 [v4][heartbeat] enter=False sorting=False cam=LIVE ai=LIVE cam_fps=56.4 pub_fps=30.2 frames=125042 result_subs=1 roi=ok intrinsic=ok inference_age_ms=106 target=none transport=False sorting_thread=alive
14:25:34 [v4][heartbeat] enter=False sorting=False cam=LIVE ai=LIVE cam_fps=56.8 pub_fps=30.4 frames=125326 result_subs=1 roi=ok intrinsic=ok inference_age_ms=51 target=none transport=False sorting_thread=alive
14:25:39 [v4][heartbeat] enter=False sorting=False cam=LIVE ai=LIVE cam_fps=52.6 pub_fps=30.2 frames=125589 result_subs=1 roi=ok intrinsic=ok inference_age_ms=128 target=none transport=False sorting_thread=alive
14:25:44 [v4][heartbeat] enter=False sorting=False cam=LIVE ai=LIVE cam_fps=58.4 pub_fps=30.4 frames=125881 result_subs=1 roi=ok intrinsic=ok inference_age_ms=84 target=none transport=False sorting_thread=alive
14:25:49 [v4][heartbeat] enter=False sorting=False cam=LIVE ai=LIVE cam_fps=55.2 pub_fps=30.2 frames=126157 result_subs=1 roi=ok intrinsic=ok inference_age_ms=162 target=none transport=False sorting_thread=alive
14:25:54 [v4][heartbeat] enter=False sorting=False cam=LIVE ai=LIVE cam_fps=56.0 pub_fps=30.4 frames=126437 result_subs=1 roi=ok intrinsic=ok inference_age_ms=119 target=none transport=False sorting_thread=alive
14:25:59 [v4][heartbeat] enter=False sorting=False cam=LIVE ai=LIVE cam_fps=58.0 pub_fps=30.2 frames=126727 result_subs=1 roi=ok intrinsic=ok inference_age_ms=71 target=none transport=False sorting_thread=alive
14:26:04 [v4][heartbeat] enter=False sorting=False cam=LIVE ai=LIVE cam_fps=53.8 pub_fps=30.4 frames=126996 result_subs=1 roi=ok intrinsic=ok inference_age_ms=153 target=none transport=False sorting_thread=alive
14:26:09 [v4][heartbeat] enter=False sorting=False cam=LIVE ai=LIVE cam_fps=57.6 pub_fps=30.2 frames=127284 result_subs=1 roi=ok intrinsic=ok inference_age_ms=118 target=none transport=False sorting_thread=alive
14:26:14 [v4][heartbeat] enter=False sorting=False cam=LIVE ai=LIVE cam_fps=54.0 pub_fps=30.4 frames=127554 result_subs=1 roi=ok intrinsic=ok inference_age_ms=73 target=none transport=False sorting_thread=alive
14:26:19 [v4][heartbeat] enter=False sorting=False cam=LIVE ai=LIVE cam_fps=55.6 pub_fps=30.2 frames=127832 result_subs=1 roi=ok intrinsic=ok inference_age_ms=150 target=none transport=False sorting_thread=alive
14:26:24 [v4][heartbeat] enter=False sorting=False cam=LIVE ai=LIVE cam_fps=57.6 pub_fps=30.4 frames=128120 result_subs=1 roi=ok intrinsic=ok inference_age_ms=108 target=none transport=False sorting_thread=alive
14:26:29 [v4][heartbeat] enter=False sorting=False cam=LIVE ai=LIVE cam_fps=52.8 pub_fps=30.4 frames=128384 result_subs=1 roi=ok intrinsic=ok inference_age_ms=64 target=none transport=False sorting_thread=alive
14:26:34 [v4][heartbeat] enter=False sorting=False cam=LIVE ai=LIVE cam_fps=57.6 pub_fps=30.2 frames=128672 result_subs=1 roi=ok intrinsic=ok inference_age_ms=152 target=none transport=False sorting_thread=alive
14:26:39 [v4][heartbeat] enter=False sorting=False cam=LIVE ai=LIVE cam_fps=54.6 pub_fps=30.4 frames=128945 result_subs=1 roi=ok intrinsic=ok inference_age_ms=104 target=none transport=False sorting_thread=alive
14:26:44 [v4][heartbeat] enter=False sorting=False cam=LIVE ai=LIVE cam_fps=55.4 pub_fps=30.2 frames=129222 result_subs=1 roi=ok intrinsic=ok inference_age_ms=43 target=none transport=False sorting_thread=alive
14:26:49 [v4][heartbeat] enter=False sorting=False cam=LIVE ai=LIVE cam_fps=58.8 pub_fps=30.2 frames=129516 result_subs=1 roi=ok intrinsic=ok inference_age_ms=124 target=none transport=False sorting_thread=alive
14:26:54 [v4][heartbeat] enter=False sorting=False cam=LIVE ai=LIVE cam_fps=54.8 pub_fps=30.4 frames=129790 result_subs=1 roi=ok intrinsic=ok inference_age_ms=78 target=none transport=False sorting_thread=alive
14:26:59 [v4][heartbeat] enter=False sorting=False cam=LIVE ai=LIVE cam_fps=58.7 pub_fps=30.2 frames=130084 result_subs=1 roi=ok intrinsic=ok inference_age_ms=160 target=none transport=False sorting_thread=alive
14:27:04 [v4][heartbeat] enter=False sorting=False cam=LIVE ai=LIVE cam_fps=57.7 pub_fps=30.4 frames=130372 result_subs=1 roi=ok intrinsic=ok inference_age_ms=94 target=none transport=False sorting_thread=alive
14:27:09 [v4][heartbeat] enter=False sorting=False cam=LIVE ai=LIVE cam_fps=55.4 pub_fps=30.2 frames=130649 result_subs=1 roi=ok intrinsic=ok inference_age_ms=53 target=none transport=False sorting_thread=alive
14:27:14 [v4][heartbeat] enter=False sorting=False cam=LIVE ai=LIVE cam_fps=58.4 pub_fps=30.4 frames=130941 result_subs=1 roi=ok intrinsic=ok inference_age_ms=129 target=none transport=False sorting_thread=alive
14:27:19 [v4][heartbeat] enter=False sorting=False cam=LIVE ai=LIVE cam_fps=54.8 pub_fps=30.2 frames=131215 result_subs=1 roi=ok intrinsic=ok inference_age_ms=85 target=none transport=False sorting_thread=alive
14:27:24 [v4][heartbeat] enter=False sorting=False cam=LIVE ai=LIVE cam_fps=57.4 pub_fps=30.4 frames=131502 result_subs=1 roi=ok intrinsic=ok inference_age_ms=152 target=none transport=False sorting_thread=alive
14:27:29 [v4][heartbeat] enter=False sorting=False cam=LIVE ai=LIVE cam_fps=56.6 pub_fps=30.4 frames=131785 result_subs=1 roi=ok intrinsic=ok inference_age_ms=108 target=none transport=False sorting_thread=alive
14:27:34 [v4][heartbeat] enter=False sorting=False cam=LIVE ai=LIVE cam_fps=55.0 pub_fps=30.2 frames=132060 result_subs=1 roi=ok intrinsic=ok inference_age_ms=64 target=none transport=False sorting_thread=alive
14:27:39 [v4][heartbeat] enter=False sorting=False cam=LIVE ai=LIVE cam_fps=59.2 pub_fps=30.4 frames=132356 result_subs=1 roi=ok intrinsic=ok inference_age_ms=149 target=none transport=False sorting_thread=alive
14:27:44 [v4][heartbeat] enter=False sorting=False cam=LIVE ai=LIVE cam_fps=55.4 pub_fps=30.2 frames=132633 result_subs=1 roi=ok intrinsic=ok inference_age_ms=107 target=none transport=False sorting_thread=alive
14:27:49 [v4][heartbeat] enter=False sorting=False cam=LIVE ai=LIVE cam_fps=57.6 pub_fps=30.4 frames=132921 result_subs=1 roi=ok intrinsic=ok inference_age_ms=58 target=none transport=False sorting_thread=alive
14:27:54 [v4][heartbeat] enter=False sorting=False cam=LIVE ai=LIVE cam_fps=57.0 pub_fps=30.2 frames=133206 result_subs=1 roi=ok intrinsic=ok inference_age_ms=136 target=none transport=False sorting_thread=alive
14:27:59 [v4][heartbeat] enter=False sorting=False cam=LIVE ai=LIVE cam_fps=55.0 pub_fps=30.4 frames=133481 result_subs=1 roi=ok intrinsic=ok inference_age_ms=90 target=none transport=False sorting_thread=alive
14:28:04 [v4][heartbeat] enter=False sorting=False cam=LIVE ai=LIVE cam_fps=58.4 pub_fps=30.2 frames=133773 result_subs=1 roi=ok intrinsic=ok inference_age_ms=159 target=none transport=False sorting_thread=alive
14:28:09 [v4][heartbeat] enter=False sorting=False cam=LIVE ai=LIVE cam_fps=55.6 pub_fps=30.4 frames=134051 result_subs=1 roi=ok intrinsic=ok inference_age_ms=117 target=none transport=False sorting_thread=alive
14:28:14 [v4][heartbeat] enter=False sorting=False cam=LIVE ai=LIVE cam_fps=56.4 pub_fps=30.2 frames=134333 result_subs=1 roi=ok intrinsic=ok inference_age_ms=66 target=none transport=False sorting_thread=alive
14:28:19 [v4][heartbeat] enter=False sorting=False cam=LIVE ai=LIVE cam_fps=57.4 pub_fps=30.4 frames=134620 result_subs=1 roi=ok intrinsic=ok inference_age_ms=146 target=none transport=False sorting_thread=alive
14:28:24 [v4][heartbeat] enter=False sorting=False cam=LIVE ai=LIVE cam_fps=54.2 pub_fps=30.2 frames=134891 result_subs=1 roi=ok intrinsic=ok inference_age_ms=95 target=none transport=False sorting_thread=alive
14:28:29 [v4][heartbeat] enter=False sorting=False cam=LIVE ai=LIVE cam_fps=59.0 pub_fps=30.4 frames=135186 result_subs=1 roi=ok intrinsic=ok inference_age_ms=44 target=none transport=False sorting_thread=alive
14:28:34 [v4][heartbeat] enter=False sorting=False cam=LIVE ai=LIVE cam_fps=55.2 pub_fps=30.2 frames=135462 result_subs=1 roi=ok intrinsic=ok inference_age_ms=116 target=none transport=False sorting_thread=alive
14:28:39 [v4][heartbeat] enter=False sorting=False cam=LIVE ai=LIVE cam_fps=57.2 pub_fps=30.4 frames=135748 result_subs=1 roi=ok intrinsic=ok inference_age_ms=65 target=none transport=False sorting_thread=alive
14:28:44 [v4][heartbeat] enter=False sorting=False cam=LIVE ai=LIVE cam_fps=58.2 pub_fps=30.2 frames=136039 result_subs=1 roi=ok intrinsic=ok inference_age_ms=151 target=none transport=False sorting_thread=alive
14:28:49 [v4][heartbeat] enter=False sorting=False cam=LIVE ai=LIVE cam_fps=54.2 pub_fps=30.4 frames=136310 result_subs=1 roi=ok intrinsic=ok inference_age_ms=100 target=none transport=False sorting_thread=alive
14:28:54 [v4][heartbeat] enter=False sorting=False cam=LIVE ai=LIVE cam_fps=57.2 pub_fps=30.2 frames=136596 result_subs=1 roi=ok intrinsic=ok inference_age_ms=53 target=none transport=False sorting_thread=alive
14:28:59 [v4][heartbeat] enter=False sorting=False cam=LIVE ai=LIVE cam_fps=57.6 pub_fps=30.4 frames=136884 result_subs=1 roi=ok intrinsic=ok inference_age_ms=134 target=none transport=False sorting_thread=alive
14:29:04 [v4][heartbeat] enter=False sorting=False cam=LIVE ai=LIVE cam_fps=56.2 pub_fps=30.2 frames=137165 result_subs=1 roi=ok intrinsic=ok inference_age_ms=91 target=none transport=False sorting_thread=alive
14:29:09 [v4][heartbeat] enter=False sorting=False cam=LIVE ai=LIVE cam_fps=59.0 pub_fps=30.4 frames=137460 result_subs=1 roi=ok intrinsic=ok inference_age_ms=50 target=none transport=False sorting_thread=alive
14:29:14 [v4][heartbeat] enter=False sorting=False cam=LIVE ai=LIVE cam_fps=55.4 pub_fps=30.2 frames=137737 result_subs=1 roi=ok intrinsic=ok inference_age_ms=127 target=none transport=False sorting_thread=alive
14:29:19 [v4][heartbeat] enter=False sorting=False cam=LIVE ai=LIVE cam_fps=59.0 pub_fps=30.2 frames=138032 result_subs=1 roi=ok intrinsic=ok inference_age_ms=79 target=none transport=False sorting_thread=alive
14:29:24 [v4][heartbeat] enter=False sorting=False cam=LIVE ai=LIVE cam_fps=57.6 pub_fps=30.6 frames=138320 result_subs=1 roi=ok intrinsic=ok inference_age_ms=42 target=none transport=False sorting_thread=alive
14:29:29 [v4][heartbeat] enter=False sorting=False cam=LIVE ai=LIVE cam_fps=55.2 pub_fps=30.2 frames=138596 result_subs=1 roi=ok intrinsic=ok inference_age_ms=122 target=none transport=False sorting_thread=alive
14:29:34 [v4][heartbeat] enter=False sorting=False cam=LIVE ai=LIVE cam_fps=58.0 pub_fps=30.2 frames=138886 result_subs=1 roi=ok intrinsic=ok inference_age_ms=72 target=none transport=False sorting_thread=alive
14:29:39 [v4][heartbeat] enter=False sorting=False cam=LIVE ai=LIVE cam_fps=53.6 pub_fps=30.4 frames=139154 result_subs=1 roi=ok intrinsic=ok inference_age_ms=150 target=none transport=False sorting_thread=alive
14:29:44 [v4][heartbeat] enter=False sorting=False cam=LIVE ai=LIVE cam_fps=56.8 pub_fps=30.2 frames=139438 result_subs=1 roi=ok intrinsic=ok inference_age_ms=114 target=none transport=False sorting_thread=alive
14:29:49 [v4][heartbeat] enter=False sorting=False cam=LIVE ai=LIVE cam_fps=58.0 pub_fps=30.4 frames=139728 result_subs=1 roi=ok intrinsic=ok inference_age_ms=61 target=none transport=False sorting_thread=alive
14:29:54 [v4][heartbeat] enter=False sorting=False cam=LIVE ai=LIVE cam_fps=55.4 pub_fps=30.4 frames=140005 result_subs=1 roi=ok intrinsic=ok inference_age_ms=133 target=none transport=False sorting_thread=alive
14:29:59 [v4][heartbeat] enter=False sorting=False cam=LIVE ai=LIVE cam_fps=58.2 pub_fps=30.2 frames=140296 result_subs=1 roi=ok intrinsic=ok inference_age_ms=95 target=none transport=False sorting_thread=alive
14:30:04 [v4][heartbeat] enter=False sorting=False cam=LIVE ai=LIVE cam_fps=52.6 pub_fps=30.2 frames=140559 result_subs=1 roi=ok intrinsic=ok inference_age_ms=50 target=none transport=False sorting_thread=alive
14:30:09 [v4][heartbeat] enter=False sorting=False cam=LIVE ai=LIVE cam_fps=57.4 pub_fps=30.4 frames=140846 result_subs=1 roi=ok intrinsic=ok inference_age_ms=124 target=none transport=False sorting_thread=alive
14:30:14 [v4][heartbeat] enter=False sorting=False cam=LIVE ai=LIVE cam_fps=56.6 pub_fps=30.4 frames=141129 result_subs=1 roi=ok intrinsic=ok inference_age_ms=76 target=none transport=False sorting_thread=alive
14:30:19 [v4][heartbeat] enter=False sorting=False cam=LIVE ai=LIVE cam_fps=55.4 pub_fps=30.2 frames=141406 result_subs=1 roi=ok intrinsic=ok inference_age_ms=149 target=none transport=False sorting_thread=alive
14:30:24 [v4][heartbeat] enter=False sorting=False cam=LIVE ai=LIVE cam_fps=57.6 pub_fps=30.4 frames=141694 result_subs=1 roi=ok intrinsic=ok inference_age_ms=103 target=none transport=False sorting_thread=alive
14:30:29 [v4][heartbeat] enter=False sorting=False cam=LIVE ai=LIVE cam_fps=55.0 pub_fps=30.2 frames=141969 result_subs=1 roi=ok intrinsic=ok inference_age_ms=64 target=none transport=False sorting_thread=alive
14:30:34 [v4][heartbeat] enter=False sorting=False cam=LIVE ai=LIVE cam_fps=56.8 pub_fps=30.4 frames=142253 result_subs=1 roi=ok intrinsic=ok inference_age_ms=133 target=none transport=False sorting_thread=alive
14:30:39 [v4][heartbeat] enter=False sorting=False cam=LIVE ai=LIVE cam_fps=58.0 pub_fps=30.2 frames=142543 result_subs=1 roi=ok intrinsic=ok inference_age_ms=81 target=none transport=False sorting_thread=alive
14:30:44 [v4][heartbeat] enter=False sorting=False cam=LIVE ai=LIVE cam_fps=53.0 pub_fps=30.4 frames=142808 result_subs=1 roi=ok intrinsic=ok inference_age_ms=51 target=none transport=False sorting_thread=alive
14:30:49 [v4][heartbeat] enter=False sorting=False cam=LIVE ai=LIVE cam_fps=57.4 pub_fps=30.2 frames=143095 result_subs=1 roi=ok intrinsic=ok inference_age_ms=131 target=none transport=False sorting_thread=alive
14:30:54 [v4][heartbeat] enter=False sorting=False cam=LIVE ai=LIVE cam_fps=53.8 pub_fps=30.4 frames=143364 result_subs=1 roi=ok intrinsic=ok inference_age_ms=82 target=none transport=False sorting_thread=alive
14:30:59 [v4][heartbeat] enter=False sorting=False cam=LIVE ai=LIVE cam_fps=56.2 pub_fps=30.2 frames=143645 result_subs=1 roi=ok intrinsic=ok inference_age_ms=163 target=none transport=False sorting_thread=alive
14:31:04 [v4][heartbeat] enter=False sorting=False cam=LIVE ai=LIVE cam_fps=58.6 pub_fps=30.4 frames=143938 result_subs=1 roi=ok intrinsic=ok inference_age_ms=124 target=none transport=False sorting_thread=alive
14:31:09 [v4][heartbeat] enter=False sorting=False cam=LIVE ai=LIVE cam_fps=55.2 pub_fps=30.2 frames=144214 result_subs=1 roi=ok intrinsic=ok inference_age_ms=74 target=none transport=False sorting_thread=alive
14:31:14 [v4][heartbeat] enter=False sorting=False cam=LIVE ai=LIVE cam_fps=58.2 pub_fps=30.4 frames=144505 result_subs=1 roi=ok intrinsic=ok inference_age_ms=158 target=none transport=False sorting_thread=alive
14:31:19 [v4][heartbeat] enter=False sorting=False cam=LIVE ai=LIVE cam_fps=55.4 pub_fps=30.4 frames=144782 result_subs=1 roi=ok intrinsic=ok inference_age_ms=95 target=none transport=False sorting_thread=alive
14:31:24 [v4][heartbeat] enter=False sorting=False cam=LIVE ai=LIVE cam_fps=54.0 pub_fps=30.2 frames=145052 result_subs=1 roi=ok intrinsic=ok inference_age_ms=174 target=none transport=False sorting_thread=alive
14:31:29 [v4][heartbeat] enter=False sorting=False cam=LIVE ai=LIVE cam_fps=58.1 pub_fps=30.2 frames=145343 result_subs=1 roi=ok intrinsic=ok inference_age_ms=143 target=none transport=False sorting_thread=alive
14:31:34 [v4][heartbeat] enter=False sorting=False cam=LIVE ai=LIVE cam_fps=53.9 pub_fps=30.2 frames=145612 result_subs=1 roi=ok intrinsic=ok inference_age_ms=91 target=none transport=False sorting_thread=alive
14:31:39 [v4][heartbeat] enter=False sorting=False cam=LIVE ai=LIVE cam_fps=59.0 pub_fps=30.4 frames=145907 result_subs=1 roi=ok intrinsic=ok inference_age_ms=53 target=none transport=False sorting_thread=alive
14:31:44 [v4][heartbeat] enter=False sorting=False cam=LIVE ai=LIVE cam_fps=56.6 pub_fps=30.4 frames=146190 result_subs=1 roi=ok intrinsic=ok inference_age_ms=123 target=none transport=False sorting_thread=alive
14:31:49 [v4][heartbeat] enter=False sorting=False cam=LIVE ai=LIVE cam_fps=56.2 pub_fps=30.2 frames=146471 result_subs=1 roi=ok intrinsic=ok inference_age_ms=74 target=none transport=False sorting_thread=alive
14:31:54 [v4][heartbeat] enter=False sorting=False cam=LIVE ai=LIVE cam_fps=58.8 pub_fps=30.4 frames=146765 result_subs=1 roi=ok intrinsic=ok inference_age_ms=150 target=none transport=False sorting_thread=alive
14:31:59 [v4][heartbeat] enter=False sorting=False cam=LIVE ai=LIVE cam_fps=54.0 pub_fps=30.2 frames=147035 result_subs=1 roi=ok intrinsic=ok inference_age_ms=108 target=none transport=False sorting_thread=alive
14:32:04 [v4][heartbeat] enter=False sorting=False cam=LIVE ai=LIVE cam_fps=56.4 pub_fps=30.4 frames=147317 result_subs=1 roi=ok intrinsic=ok inference_age_ms=60 target=none transport=False sorting_thread=alive
14:32:09 [v4][heartbeat] enter=False sorting=False cam=LIVE ai=LIVE cam_fps=56.4 pub_fps=30.2 frames=147599 result_subs=1 roi=ok intrinsic=ok inference_age_ms=136 target=none transport=False sorting_thread=alive
14:32:14 [v4][heartbeat] enter=False sorting=False cam=LIVE ai=LIVE cam_fps=54.2 pub_fps=30.4 frames=147870 result_subs=1 roi=ok intrinsic=ok inference_age_ms=92 target=none transport=False sorting_thread=alive
14:32:19 [v4][heartbeat] enter=False sorting=False cam=LIVE ai=LIVE cam_fps=57.8 pub_fps=30.2 frames=148159 result_subs=1 roi=ok intrinsic=ok inference_age_ms=174 target=none transport=False sorting_thread=alive
14:32:24 [v4][heartbeat] enter=False sorting=False cam=LIVE ai=LIVE cam_fps=55.4 pub_fps=30.4 frames=148436 result_subs=1 roi=ok intrinsic=ok inference_age_ms=129 target=none transport=False sorting_thread=alive
14:32:29 [v4][heartbeat] enter=False sorting=False cam=LIVE ai=LIVE cam_fps=56.1 pub_fps=30.4 frames=148717 result_subs=1 roi=ok intrinsic=ok inference_age_ms=82 target=none transport=False sorting_thread=alive
14:32:34 [v4][heartbeat] enter=False sorting=False cam=LIVE ai=LIVE cam_fps=57.7 pub_fps=30.2 frames=149005 result_subs=1 roi=ok intrinsic=ok inference_age_ms=153 target=none transport=False sorting_thread=alive
14:32:39 [v4][heartbeat] enter=False sorting=False cam=LIVE ai=LIVE cam_fps=55.2 pub_fps=30.4 frames=149281 result_subs=1 roi=ok intrinsic=ok inference_age_ms=102 target=none transport=False sorting_thread=alive
14:32:44 [v4][heartbeat] enter=False sorting=False cam=LIVE ai=LIVE cam_fps=58.2 pub_fps=30.2 frames=149572 result_subs=1 roi=ok intrinsic=ok inference_age_ms=58 target=none transport=False sorting_thread=alive
14:32:49 [v4][heartbeat] enter=False sorting=False cam=LIVE ai=LIVE cam_fps=55.6 pub_fps=30.2 frames=149850 result_subs=1 roi=ok intrinsic=ok inference_age_ms=141 target=none transport=False sorting_thread=alive
14:32:54 [v4][heartbeat] enter=False sorting=False cam=LIVE ai=LIVE cam_fps=56.8 pub_fps=30.4 frames=150134 result_subs=1 roi=ok intrinsic=ok inference_age_ms=102 target=none transport=False sorting_thread=alive
14:32:59 [v4][heartbeat] enter=False sorting=False cam=LIVE ai=LIVE cam_fps=58.0 pub_fps=30.4 frames=150424 result_subs=1 roi=ok intrinsic=ok inference_age_ms=58 target=none transport=False sorting_thread=alive
14:33:04 [v4][heartbeat] enter=False sorting=False cam=LIVE ai=LIVE cam_fps=54.8 pub_fps=30.2 frames=150698 result_subs=1 roi=ok intrinsic=ok inference_age_ms=147 target=none transport=False sorting_thread=alive
14:33:09 [v4][heartbeat] enter=False sorting=False cam=LIVE ai=LIVE cam_fps=58.2 pub_fps=30.4 frames=150989 result_subs=1 roi=ok intrinsic=ok inference_age_ms=98 target=none transport=False sorting_thread=alive
14:33:14 [v4][heartbeat] enter=False sorting=False cam=LIVE ai=LIVE cam_fps=56.2 pub_fps=30.2 frames=151270 result_subs=1 roi=ok intrinsic=ok inference_age_ms=57 target=none transport=False sorting_thread=alive
14:33:19 [v4][heartbeat] enter=False sorting=False cam=LIVE ai=LIVE cam_fps=55.8 pub_fps=30.4 frames=151549 result_subs=1 roi=ok intrinsic=ok inference_age_ms=141 target=none transport=False sorting_thread=alive
14:33:24 [v4][heartbeat] enter=False sorting=False cam=LIVE ai=LIVE cam_fps=59.4 pub_fps=30.2 frames=151846 result_subs=1 roi=ok intrinsic=ok inference_age_ms=95 target=none transport=False sorting_thread=alive
14:33:29 [v4][heartbeat] enter=False sorting=False cam=LIVE ai=LIVE cam_fps=54.6 pub_fps=30.4 frames=152119 result_subs=1 roi=ok intrinsic=ok inference_age_ms=58 target=none transport=False sorting_thread=alive
14:33:34 [v4][heartbeat] enter=False sorting=False cam=LIVE ai=LIVE cam_fps=57.6 pub_fps=30.2 frames=152407 result_subs=1 roi=ok intrinsic=ok inference_age_ms=130 target=none transport=False sorting_thread=alive
14:33:39 [v4][heartbeat] enter=False sorting=False cam=LIVE ai=LIVE cam_fps=54.4 pub_fps=30.4 frames=152679 result_subs=1 roi=ok intrinsic=ok inference_age_ms=78 target=none transport=False sorting_thread=alive
14:33:44 [v4][heartbeat] enter=False sorting=False cam=LIVE ai=LIVE cam_fps=54.8 pub_fps=30.2 frames=152953 result_subs=1 roi=ok intrinsic=ok inference_age_ms=45 target=none transport=False sorting_thread=alive
14:33:49 [v4][heartbeat] enter=False sorting=False cam=LIVE ai=LIVE cam_fps=58.0 pub_fps=30.4 frames=153243 result_subs=1 roi=ok intrinsic=ok inference_age_ms=123 target=none transport=False sorting_thread=alive
14:33:54 [v4][heartbeat] enter=False sorting=False cam=LIVE ai=LIVE cam_fps=54.2 pub_fps=30.2 frames=153514 result_subs=1 roi=ok intrinsic=ok inference_age_ms=80 target=none transport=False sorting_thread=alive
14:33:59 [v4][heartbeat] enter=False sorting=False cam=LIVE ai=LIVE cam_fps=58.2 pub_fps=30.4 frames=153805 result_subs=1 roi=ok intrinsic=ok inference_age_ms=159 target=none transport=False sorting_thread=alive
14:34:04 [v4][heartbeat] enter=False sorting=False cam=LIVE ai=LIVE cam_fps=57.0 pub_fps=30.2 frames=154090 result_subs=1 roi=ok intrinsic=ok inference_age_ms=112 target=none transport=False sorting_thread=alive
14:34:09 [v4][heartbeat] enter=False sorting=False cam=LIVE ai=LIVE cam_fps=56.2 pub_fps=30.4 frames=154371 result_subs=1 roi=ok intrinsic=ok inference_age_ms=68 target=none transport=False sorting_thread=alive
14:34:14 [v4][heartbeat] enter=False sorting=False cam=LIVE ai=LIVE cam_fps=59.2 pub_fps=30.2 frames=154667 result_subs=1 roi=ok intrinsic=ok inference_age_ms=149 target=none transport=False sorting_thread=alive
14:34:19 [v4][heartbeat] enter=False sorting=False cam=LIVE ai=LIVE cam_fps=54.6 pub_fps=30.2 frames=154940 result_subs=1 roi=ok intrinsic=ok inference_age_ms=93 target=none transport=False sorting_thread=alive
14:34:24 [v4][heartbeat] enter=False sorting=False cam=LIVE ai=LIVE cam_fps=57.8 pub_fps=30.4 frames=155229 result_subs=1 roi=ok intrinsic=ok inference_age_ms=45 target=none transport=False sorting_thread=alive
14:34:29 [v4][heartbeat] enter=False sorting=False cam=LIVE ai=LIVE cam_fps=56.0 pub_fps=30.4 frames=155509 result_subs=1 roi=ok intrinsic=ok inference_age_ms=121 target=none transport=False sorting_thread=alive
14:34:34 [v4][heartbeat] enter=False sorting=False cam=LIVE ai=LIVE cam_fps=55.8 pub_fps=30.2 frames=155788 result_subs=1 roi=ok intrinsic=ok inference_age_ms=74 target=none transport=False sorting_thread=alive
14:34:39 [v4][heartbeat] enter=False sorting=False cam=LIVE ai=LIVE cam_fps=58.6 pub_fps=30.4 frames=156081 result_subs=1 roi=ok intrinsic=ok inference_age_ms=156 target=none transport=False sorting_thread=alive
14:34:44 [v4][heartbeat] enter=False sorting=False cam=LIVE ai=LIVE cam_fps=56.6 pub_fps=30.2 frames=156364 result_subs=1 roi=ok intrinsic=ok inference_age_ms=114 target=none transport=False sorting_thread=alive
14:34:49 [v4][heartbeat] enter=False sorting=False cam=LIVE ai=LIVE cam_fps=58.4 pub_fps=30.4 frames=156656 result_subs=1 roi=ok intrinsic=ok inference_age_ms=66 target=none transport=False sorting_thread=alive
14:34:54 [v4][heartbeat] enter=False sorting=False cam=LIVE ai=LIVE cam_fps=56.2 pub_fps=30.4 frames=156937 result_subs=1 roi=ok intrinsic=ok inference_age_ms=149 target=none transport=False sorting_thread=alive
14:34:59 [v4][heartbeat] enter=False sorting=False cam=LIVE ai=LIVE cam_fps=55.4 pub_fps=30.2 frames=157214 result_subs=1 roi=ok intrinsic=ok inference_age_ms=105 target=none transport=False sorting_thread=alive
14:35:04 [v4][heartbeat] enter=False sorting=False cam=LIVE ai=LIVE cam_fps=58.6 pub_fps=30.2 frames=157507 result_subs=1 roi=ok intrinsic=ok inference_age_ms=54 target=none transport=False sorting_thread=alive
14:35:09 [v4][heartbeat] enter=False sorting=False cam=LIVE ai=LIVE cam_fps=55.0 pub_fps=30.4 frames=157782 result_subs=1 roi=ok intrinsic=ok inference_age_ms=130 target=none transport=False sorting_thread=alive
14:35:14 [v4][heartbeat] enter=False sorting=False cam=LIVE ai=LIVE cam_fps=56.2 pub_fps=30.4 frames=158063 result_subs=1 roi=ok intrinsic=ok inference_age_ms=91 target=none transport=False sorting_thread=alive
14:35:19 [v4][heartbeat] enter=False sorting=False cam=LIVE ai=LIVE cam_fps=57.9 pub_fps=30.2 frames=158352 result_subs=1 roi=ok intrinsic=ok inference_age_ms=42 target=none transport=False sorting_thread=alive
14:35:24 [v4][heartbeat] enter=False sorting=False cam=LIVE ai=LIVE cam_fps=55.4 pub_fps=30.4 frames=158629 result_subs=1 roi=ok intrinsic=ok inference_age_ms=123 target=none transport=False sorting_thread=alive
14:35:29 [v4][heartbeat] enter=False sorting=False cam=LIVE ai=LIVE cam_fps=58.8 pub_fps=30.2 frames=158923 result_subs=1 roi=ok intrinsic=ok inference_age_ms=76 target=none transport=False sorting_thread=alive
14:35:34 [v4][heartbeat] enter=False sorting=False cam=LIVE ai=LIVE cam_fps=56.2 pub_fps=30.2 frames=159204 result_subs=1 roi=ok intrinsic=ok inference_age_ms=163 target=none transport=False sorting_thread=alive
14:35:39 [v4][heartbeat] enter=False sorting=False cam=LIVE ai=LIVE cam_fps=57.2 pub_fps=30.4 frames=159490 result_subs=1 roi=ok intrinsic=ok inference_age_ms=115 target=none transport=False sorting_thread=alive
14:35:44 [v4][heartbeat] enter=False sorting=False cam=LIVE ai=LIVE cam_fps=57.4 pub_fps=30.4 frames=159777 result_subs=1 roi=ok intrinsic=ok inference_age_ms=62 target=none transport=False sorting_thread=alive
14:35:49 [v4][heartbeat] enter=False sorting=False cam=LIVE ai=LIVE cam_fps=54.2 pub_fps=30.2 frames=160048 result_subs=1 roi=ok intrinsic=ok inference_age_ms=135 target=none transport=False sorting_thread=alive
14:35:54 [v4][heartbeat] enter=False sorting=False cam=LIVE ai=LIVE cam_fps=59.2 pub_fps=30.4 frames=160344 result_subs=1 roi=ok intrinsic=ok inference_age_ms=87 target=none transport=False sorting_thread=alive
14:35:59 [v4][heartbeat] enter=False sorting=False cam=LIVE ai=LIVE cam_fps=55.8 pub_fps=30.2 frames=160623 result_subs=1 roi=ok intrinsic=ok inference_age_ms=52 target=none transport=False sorting_thread=alive
14:36:04 [v4][heartbeat] enter=False sorting=False cam=LIVE ai=LIVE cam_fps=55.6 pub_fps=30.4 frames=160901 result_subs=1 roi=ok intrinsic=ok inference_age_ms=130 target=none transport=False sorting_thread=alive
14:36:09 [v4][heartbeat] enter=False sorting=False cam=LIVE ai=LIVE cam_fps=58.0 pub_fps=30.2 frames=161191 result_subs=1 roi=ok intrinsic=ok inference_age_ms=80 target=none transport=False sorting_thread=alive
14:36:14 [v4][heartbeat] enter=False sorting=False cam=LIVE ai=LIVE cam_fps=55.0 pub_fps=30.4 frames=161466 result_subs=1 roi=ok intrinsic=ok inference_age_ms=170 target=none transport=False sorting_thread=alive
14:36:19 [v4][heartbeat] enter=False sorting=False cam=LIVE ai=LIVE cam_fps=58.8 pub_fps=30.2 frames=161760 result_subs=1 roi=ok intrinsic=ok inference_age_ms=120 target=none transport=False sorting_thread=alive
14:36:24 [v4][heartbeat] enter=False sorting=False cam=LIVE ai=LIVE cam_fps=55.0 pub_fps=30.4 frames=162035 result_subs=1 roi=ok intrinsic=ok inference_age_ms=79 target=none transport=False sorting_thread=alive
14:36:29 [v4][heartbeat] enter=False sorting=False cam=LIVE ai=LIVE cam_fps=56.6 pub_fps=30.2 frames=162318 result_subs=1 roi=ok intrinsic=ok inference_age_ms=160 target=none transport=False sorting_thread=alive
14:36:34 [v4][heartbeat] enter=False sorting=False cam=LIVE ai=LIVE cam_fps=58.4 pub_fps=30.4 frames=162610 result_subs=1 roi=ok intrinsic=ok inference_age_ms=122 target=none transport=False sorting_thread=alive
14:36:39 [v4][heartbeat] enter=False sorting=False cam=LIVE ai=LIVE cam_fps=53.2 pub_fps=30.2 frames=162876 result_subs=1 roi=ok intrinsic=ok inference_age_ms=78 target=none transport=False sorting_thread=alive
14:36:44 [v4][heartbeat] enter=False sorting=False cam=LIVE ai=LIVE cam_fps=57.6 pub_fps=30.4 frames=163164 result_subs=1 roi=ok intrinsic=ok inference_age_ms=163 target=none transport=False sorting_thread=alive
14:36:49 [v4][heartbeat] enter=False sorting=False cam=LIVE ai=LIVE cam_fps=56.8 pub_fps=30.2 frames=163448 result_subs=1 roi=ok intrinsic=ok inference_age_ms=112 target=none transport=False sorting_thread=alive
14:36:54 [v4][heartbeat] enter=False sorting=False cam=LIVE ai=LIVE cam_fps=54.4 pub_fps=30.4 frames=163720 result_subs=1 roi=ok intrinsic=ok inference_age_ms=61 target=none transport=False sorting_thread=alive
14:36:59 [v4][heartbeat] enter=False sorting=False cam=LIVE ai=LIVE cam_fps=57.8 pub_fps=30.2 frames=164009 result_subs=1 roi=ok intrinsic=ok inference_age_ms=136 target=none transport=False sorting_thread=alive
14:37:04 [v4][heartbeat] enter=False sorting=False cam=LIVE ai=LIVE cam_fps=55.2 pub_fps=30.4 frames=164285 result_subs=1 roi=ok intrinsic=ok inference_age_ms=85 target=none transport=False sorting_thread=alive
14:37:09 [v4][heartbeat] enter=False sorting=False cam=LIVE ai=LIVE cam_fps=57.5 pub_fps=30.4 frames=164573 result_subs=1 roi=ok intrinsic=ok inference_age_ms=58 target=none transport=False sorting_thread=alive
14:37:14 [v4][heartbeat] enter=False sorting=False cam=LIVE ai=LIVE cam_fps=57.9 pub_fps=30.2 frames=164862 result_subs=1 roi=ok intrinsic=ok inference_age_ms=125 target=none transport=False sorting_thread=alive
14:37:19 [v4][heartbeat] enter=False sorting=False cam=LIVE ai=LIVE cam_fps=53.4 pub_fps=30.4 frames=165129 result_subs=1 roi=ok intrinsic=ok inference_age_ms=69 target=none transport=False sorting_thread=alive
14:37:24 [v4][heartbeat] enter=False sorting=False cam=LIVE ai=LIVE cam_fps=57.4 pub_fps=30.2 frames=165416 result_subs=1 roi=ok intrinsic=ok inference_age_ms=137 target=none transport=False sorting_thread=alive
14:37:29 [v4][heartbeat] enter=False sorting=False cam=LIVE ai=LIVE cam_fps=55.0 pub_fps=30.2 frames=165691 result_subs=1 roi=ok intrinsic=ok inference_age_ms=96 target=none transport=False sorting_thread=alive
14:37:34 [v4][heartbeat] enter=False sorting=False cam=LIVE ai=LIVE cam_fps=55.8 pub_fps=30.4 frames=165970 result_subs=1 roi=ok intrinsic=ok inference_age_ms=45 target=none transport=False sorting_thread=alive
14:37:39 [v4][heartbeat] enter=False sorting=False cam=LIVE ai=LIVE cam_fps=56.6 pub_fps=30.2 frames=166253 result_subs=1 roi=ok intrinsic=ok inference_age_ms=130 target=none transport=False sorting_thread=alive
14:37:44 [v4][heartbeat] enter=False sorting=False cam=LIVE ai=LIVE cam_fps=55.0 pub_fps=30.4 frames=166528 result_subs=1 roi=ok intrinsic=ok inference_age_ms=82 target=none transport=False sorting_thread=alive
14:37:49 [v4][heartbeat] enter=False sorting=False cam=LIVE ai=LIVE cam_fps=59.0 pub_fps=30.2 frames=166823 result_subs=1 roi=ok intrinsic=ok inference_age_ms=164 target=none transport=False sorting_thread=alive
14:37:54 [v4][heartbeat] enter=False sorting=False cam=LIVE ai=LIVE cam_fps=56.2 pub_fps=30.4 frames=167104 result_subs=1 roi=ok intrinsic=ok inference_age_ms=116 target=none transport=False sorting_thread=alive
14:37:59 [v4][heartbeat] enter=False sorting=False cam=LIVE ai=LIVE cam_fps=55.0 pub_fps=30.4 frames=167379 result_subs=1 roi=ok intrinsic=ok inference_age_ms=69 target=none transport=False sorting_thread=alive
14:38:04 [v4][heartbeat] enter=False sorting=False cam=LIVE ai=LIVE cam_fps=56.0 pub_fps=30.2 frames=167659 result_subs=1 roi=ok intrinsic=ok inference_age_ms=154 target=none transport=False sorting_thread=alive
14:38:09 [v4][heartbeat] enter=False sorting=False cam=LIVE ai=LIVE cam_fps=53.2 pub_fps=30.4 frames=167925 result_subs=1 roi=ok intrinsic=ok inference_age_ms=113 target=none transport=False sorting_thread=alive
14:38:14 [v4][heartbeat] enter=False sorting=False cam=LIVE ai=LIVE cam_fps=57.8 pub_fps=30.2 frames=168214 result_subs=1 roi=ok intrinsic=ok inference_age_ms=52 target=none transport=False sorting_thread=alive
14:38:19 [v4][heartbeat] enter=False sorting=False cam=LIVE ai=LIVE cam_fps=56.2 pub_fps=30.2 frames=168495 result_subs=1 roi=ok intrinsic=ok inference_age_ms=134 target=none transport=False sorting_thread=alive
14:38:24 [v4][heartbeat] enter=False sorting=False cam=LIVE ai=LIVE cam_fps=58.4 pub_fps=30.4 frames=168787 result_subs=1 roi=ok intrinsic=ok inference_age_ms=79 target=none transport=False sorting_thread=alive
14:38:29 [v4][heartbeat] enter=False sorting=False cam=LIVE ai=LIVE cam_fps=58.4 pub_fps=30.4 frames=169079 result_subs=1 roi=ok intrinsic=ok inference_age_ms=160 target=none transport=False sorting_thread=alive
14:38:34 [v4][heartbeat] enter=False sorting=False cam=LIVE ai=LIVE cam_fps=53.0 pub_fps=30.2 frames=169344 result_subs=1 roi=ok intrinsic=ok inference_age_ms=106 target=none transport=False sorting_thread=alive
14:38:39 [v4][heartbeat] enter=False sorting=False cam=LIVE ai=LIVE cam_fps=58.6 pub_fps=30.4 frames=169637 result_subs=1 roi=ok intrinsic=ok inference_age_ms=59 target=none transport=False sorting_thread=alive
14:38:44 [v4][heartbeat] enter=False sorting=False cam=LIVE ai=LIVE cam_fps=54.4 pub_fps=30.2 frames=169909 result_subs=1 roi=ok intrinsic=ok inference_age_ms=152 target=none transport=False sorting_thread=alive
14:38:49 [v4][heartbeat] enter=False sorting=False cam=LIVE ai=LIVE cam_fps=56.8 pub_fps=30.4 frames=170193 result_subs=1 roi=ok intrinsic=ok inference_age_ms=107 target=none transport=False sorting_thread=alive
14:38:54 [v4][heartbeat] enter=False sorting=False cam=LIVE ai=LIVE cam_fps=58.6 pub_fps=30.2 frames=170486 result_subs=1 roi=ok intrinsic=ok inference_age_ms=62 target=none transport=False sorting_thread=alive
14:38:59 [v4][heartbeat] enter=False sorting=False cam=LIVE ai=LIVE cam_fps=54.0 pub_fps=30.4 frames=170756 result_subs=1 roi=ok intrinsic=ok inference_age_ms=148 target=none transport=False sorting_thread=alive
14:39:04 [v4][heartbeat] enter=False sorting=False cam=LIVE ai=LIVE cam_fps=57.8 pub_fps=30.2 frames=171045 result_subs=1 roi=ok intrinsic=ok inference_age_ms=95 target=none transport=False sorting_thread=alive
14:39:09 [v4][heartbeat] enter=False sorting=False cam=LIVE ai=LIVE cam_fps=57.0 pub_fps=30.4 frames=171330 result_subs=1 roi=ok intrinsic=ok inference_age_ms=44 target=none transport=False sorting_thread=alive
14:39:14 [v4][heartbeat] enter=False sorting=False cam=LIVE ai=LIVE cam_fps=58.0 pub_fps=30.2 frames=171620 result_subs=1 roi=ok intrinsic=ok inference_age_ms=124 target=none transport=False sorting_thread=alive
14:39:19 [v4][heartbeat] enter=False sorting=False cam=LIVE ai=LIVE cam_fps=59.0 pub_fps=30.4 frames=171915 result_subs=1 roi=ok intrinsic=ok inference_age_ms=80 target=none transport=False sorting_thread=alive
14:39:24 [v4][heartbeat] enter=False sorting=False cam=LIVE ai=LIVE cam_fps=55.2 pub_fps=30.2 frames=172191 result_subs=1 roi=ok intrinsic=ok inference_age_ms=163 target=none transport=False sorting_thread=alive
14:39:29 [v4][heartbeat] enter=False sorting=False cam=LIVE ai=LIVE cam_fps=59.0 pub_fps=30.4 frames=172486 result_subs=1 roi=ok intrinsic=ok inference_age_ms=114 target=none transport=False sorting_thread=alive
14:39:34 [v4][heartbeat] enter=False sorting=False cam=LIVE ai=LIVE cam_fps=57.2 pub_fps=30.2 frames=172772 result_subs=1 roi=ok intrinsic=ok inference_age_ms=61 target=none transport=False sorting_thread=alive
14:39:39 [v4][heartbeat] enter=False sorting=False cam=LIVE ai=LIVE cam_fps=55.6 pub_fps=30.4 frames=173050 result_subs=1 roi=ok intrinsic=ok inference_age_ms=141 target=none transport=False sorting_thread=alive
14:39:44 [v4][heartbeat] enter=False sorting=False cam=LIVE ai=LIVE cam_fps=59.4 pub_fps=30.2 frames=173347 result_subs=1 roi=ok intrinsic=ok inference_age_ms=101 target=none transport=False sorting_thread=alive
14:39:49 [v4][heartbeat] enter=False sorting=False cam=LIVE ai=LIVE cam_fps=54.6 pub_fps=30.4 frames=173620 result_subs=1 roi=ok intrinsic=ok inference_age_ms=44 target=none transport=False sorting_thread=alive
14:39:54 [v4][heartbeat] enter=False sorting=False cam=LIVE ai=LIVE cam_fps=57.0 pub_fps=30.2 frames=173905 result_subs=1 roi=ok intrinsic=ok inference_age_ms=123 target=none transport=False sorting_thread=alive
14:39:59 [v4][heartbeat] enter=False sorting=False cam=LIVE ai=LIVE cam_fps=58.0 pub_fps=30.4 frames=174195 result_subs=1 roi=ok intrinsic=ok inference_age_ms=82 target=none transport=False sorting_thread=alive
14:40:04 [v4][heartbeat] enter=False sorting=False cam=LIVE ai=LIVE cam_fps=55.2 pub_fps=30.2 frames=174471 result_subs=1 roi=ok intrinsic=ok inference_age_ms=33 target=none transport=False sorting_thread=alive
14:40:09 [v4][heartbeat] enter=False sorting=False cam=LIVE ai=LIVE cam_fps=58.0 pub_fps=30.4 frames=174761 result_subs=1 roi=ok intrinsic=ok inference_age_ms=108 target=none transport=False sorting_thread=alive
14:40:14 [v4][heartbeat] enter=False sorting=False cam=LIVE ai=LIVE cam_fps=57.8 pub_fps=30.2 frames=175050 result_subs=1 roi=ok intrinsic=ok inference_age_ms=59 target=none transport=False sorting_thread=alive
14:40:19 [v4][heartbeat] enter=False sorting=False cam=LIVE ai=LIVE cam_fps=56.0 pub_fps=30.4 frames=175330 result_subs=1 roi=ok intrinsic=ok inference_age_ms=138 target=none transport=False sorting_thread=alive
14:40:24 [v4][heartbeat] enter=False sorting=False cam=LIVE ai=LIVE cam_fps=56.4 pub_fps=30.4 frames=175612 result_subs=1 roi=ok intrinsic=ok inference_age_ms=85 target=none transport=False sorting_thread=alive
14:40:29 [v4][heartbeat] enter=False sorting=False cam=LIVE ai=LIVE cam_fps=53.2 pub_fps=30.2 frames=175878 result_subs=1 roi=ok intrinsic=ok inference_age_ms=53 target=none transport=False sorting_thread=alive
14:40:34 [v4][heartbeat] enter=False sorting=False cam=LIVE ai=LIVE cam_fps=57.2 pub_fps=30.4 frames=176164 result_subs=1 roi=ok intrinsic=ok inference_age_ms=134 target=none transport=False sorting_thread=alive
14:40:39 [v4][heartbeat] enter=False sorting=False cam=LIVE ai=LIVE cam_fps=55.0 pub_fps=30.2 frames=176439 result_subs=1 roi=ok intrinsic=ok inference_age_ms=85 target=none transport=False sorting_thread=alive
14:40:44 [v4][heartbeat] enter=False sorting=False cam=LIVE ai=LIVE cam_fps=56.2 pub_fps=30.4 frames=176720 result_subs=1 roi=ok intrinsic=ok inference_age_ms=168 target=none transport=False sorting_thread=alive
14:40:49 [v4][heartbeat] enter=False sorting=False cam=LIVE ai=LIVE cam_fps=58.2 pub_fps=30.2 frames=177011 result_subs=1 roi=ok intrinsic=ok inference_age_ms=127 target=none transport=False sorting_thread=alive
14:40:54 [v4][heartbeat] enter=False sorting=False cam=LIVE ai=LIVE cam_fps=52.4 pub_fps=30.4 frames=177273 result_subs=1 roi=ok intrinsic=ok inference_age_ms=73 target=none transport=False sorting_thread=alive
14:40:59 [v4][heartbeat] enter=False sorting=False cam=LIVE ai=LIVE cam_fps=57.6 pub_fps=30.2 frames=177561 result_subs=1 roi=ok intrinsic=ok inference_age_ms=150 target=none transport=False sorting_thread=alive
14:41:04 [v4][heartbeat] enter=False sorting=False cam=LIVE ai=LIVE cam_fps=57.2 pub_fps=30.4 frames=177847 result_subs=1 roi=ok intrinsic=ok inference_age_ms=115 target=none transport=False sorting_thread=alive
14:41:09 [v4][heartbeat] enter=False sorting=False cam=LIVE ai=LIVE cam_fps=56.6 pub_fps=30.2 frames=178130 result_subs=1 roi=ok intrinsic=ok inference_age_ms=66 target=none transport=False sorting_thread=alive
14:41:14 [v4][heartbeat] enter=False sorting=False cam=LIVE ai=LIVE cam_fps=58.6 pub_fps=30.4 frames=178423 result_subs=1 roi=ok intrinsic=ok inference_age_ms=155 target=none transport=False sorting_thread=alive
14:41:19 [v4][heartbeat] enter=False sorting=False cam=LIVE ai=LIVE cam_fps=54.2 pub_fps=30.2 frames=178694 result_subs=1 roi=ok intrinsic=ok inference_age_ms=115 target=none transport=False sorting_thread=alive
14:41:24 [v4][heartbeat] enter=False sorting=False cam=LIVE ai=LIVE cam_fps=56.2 pub_fps=30.4 frames=178975 result_subs=1 roi=ok intrinsic=ok inference_age_ms=63 target=none transport=False sorting_thread=alive
14:41:29 [v4][heartbeat] enter=False sorting=False cam=LIVE ai=LIVE cam_fps=55.4 pub_fps=30.2 frames=179252 result_subs=1 roi=ok intrinsic=ok inference_age_ms=139 target=none transport=False sorting_thread=alive
14:41:34 [v4][heartbeat] enter=False sorting=False cam=LIVE ai=LIVE cam_fps=53.8 pub_fps=30.4 frames=179521 result_subs=1 roi=ok intrinsic=ok inference_age_ms=92 target=none transport=False sorting_thread=alive
14:41:39 [v4][heartbeat] enter=False sorting=False cam=LIVE ai=LIVE cam_fps=57.0 pub_fps=30.2 frames=179806 result_subs=1 roi=ok intrinsic=ok inference_age_ms=40 target=none transport=False sorting_thread=alive
14:41:44 [v4][heartbeat] enter=False sorting=False cam=LIVE ai=LIVE cam_fps=53.8 pub_fps=30.4 frames=180075 result_subs=1 roi=ok intrinsic=ok inference_age_ms=118 target=none transport=False sorting_thread=alive
14:41:49 [v4][heartbeat] enter=False sorting=False cam=LIVE ai=LIVE cam_fps=56.8 pub_fps=30.2 frames=180359 result_subs=1 roi=ok intrinsic=ok inference_age_ms=79 target=none transport=False sorting_thread=alive
14:41:54 [v4][heartbeat] enter=False sorting=False cam=LIVE ai=LIVE cam_fps=56.8 pub_fps=30.4 frames=180643 result_subs=1 roi=ok intrinsic=ok inference_age_ms=155 target=none transport=False sorting_thread=alive
14:41:59 [v4][heartbeat] enter=False sorting=False cam=LIVE ai=LIVE cam_fps=55.6 pub_fps=30.2 frames=180921 result_subs=1 roi=ok intrinsic=ok inference_age_ms=107 target=none transport=False sorting_thread=alive
14:42:04 [v4][heartbeat] enter=False sorting=False cam=LIVE ai=LIVE cam_fps=57.6 pub_fps=30.4 frames=181209 result_subs=1 roi=ok intrinsic=ok inference_age_ms=58 target=none transport=False sorting_thread=alive
14:42:09 [v4][heartbeat] enter=False sorting=False cam=LIVE ai=LIVE cam_fps=55.4 pub_fps=30.2 frames=181486 result_subs=1 roi=ok intrinsic=ok inference_age_ms=139 target=none transport=False sorting_thread=alive
14:42:14 [v4][heartbeat] enter=False sorting=False cam=LIVE ai=LIVE cam_fps=56.2 pub_fps=30.4 frames=181767 result_subs=1 roi=ok intrinsic=ok inference_age_ms=95 target=none transport=False sorting_thread=alive
14:42:19 [v4][heartbeat] enter=False sorting=False cam=LIVE ai=LIVE cam_fps=56.4 pub_fps=30.2 frames=182049 result_subs=1 roi=ok intrinsic=ok inference_age_ms=59 target=none transport=False sorting_thread=alive
14:42:24 [v4][heartbeat] enter=False sorting=False cam=LIVE ai=LIVE cam_fps=54.2 pub_fps=30.4 frames=182320 result_subs=1 roi=ok intrinsic=ok inference_age_ms=135 target=none transport=False sorting_thread=alive
14:42:29 [v4][heartbeat] enter=False sorting=False cam=LIVE ai=LIVE cam_fps=58.2 pub_fps=30.2 frames=182611 result_subs=1 roi=ok intrinsic=ok inference_age_ms=96 target=none transport=False sorting_thread=alive
14:42:34 [v4][heartbeat] enter=False sorting=False cam=LIVE ai=LIVE cam_fps=56.4 pub_fps=30.4 frames=182893 result_subs=1 roi=ok intrinsic=ok inference_age_ms=53 target=none transport=False sorting_thread=alive
14:42:39 [v4][heartbeat] enter=False sorting=False cam=LIVE ai=LIVE cam_fps=54.0 pub_fps=30.2 frames=183163 result_subs=1 roi=ok intrinsic=ok inference_age_ms=139 target=none transport=False sorting_thread=alive
14:42:44 [v4][heartbeat] enter=False sorting=False cam=LIVE ai=LIVE cam_fps=56.4 pub_fps=30.4 frames=183445 result_subs=1 roi=ok intrinsic=ok inference_age_ms=99 target=none transport=False sorting_thread=alive
14:42:49 [v4][heartbeat] enter=False sorting=False cam=LIVE ai=LIVE cam_fps=52.4 pub_fps=30.2 frames=183707 result_subs=1 roi=ok intrinsic=ok inference_age_ms=48 target=none transport=False sorting_thread=alive
14:42:54 [v4][heartbeat] enter=False sorting=False cam=LIVE ai=LIVE cam_fps=56.8 pub_fps=30.4 frames=183991 result_subs=1 roi=ok intrinsic=ok inference_age_ms=125 target=none transport=False sorting_thread=alive
14:42:59 [v4][heartbeat] enter=False sorting=False cam=LIVE ai=LIVE cam_fps=54.6 pub_fps=30.2 frames=184264 result_subs=1 roi=ok intrinsic=ok inference_age_ms=80 target=none transport=False sorting_thread=alive
14:43:04 [v4][heartbeat] enter=False sorting=False cam=LIVE ai=LIVE cam_fps=54.0 pub_fps=30.4 frames=184534 result_subs=1 roi=ok intrinsic=ok inference_age_ms=165 target=none transport=False sorting_thread=alive
14:43:09 [v4][heartbeat] enter=False sorting=False cam=LIVE ai=LIVE cam_fps=57.0 pub_fps=30.4 frames=184819 result_subs=1 roi=ok intrinsic=ok inference_age_ms=111 target=none transport=False sorting_thread=alive
14:43:14 [v4][heartbeat] enter=False sorting=False cam=LIVE ai=LIVE cam_fps=50.8 pub_fps=30.2 frames=185073 result_subs=1 roi=ok intrinsic=ok inference_age_ms=70 target=none transport=False sorting_thread=alive
14:43:19 [v4][heartbeat] enter=False sorting=False cam=LIVE ai=LIVE cam_fps=55.4 pub_fps=30.4 frames=185350 result_subs=1 roi=ok intrinsic=ok inference_age_ms=156 target=none transport=False sorting_thread=alive
14:43:24 [v4][heartbeat] enter=False sorting=False cam=LIVE ai=LIVE cam_fps=55.8 pub_fps=30.2 frames=185629 result_subs=1 roi=ok intrinsic=ok inference_age_ms=107 target=none transport=False sorting_thread=alive
14:43:29 [v4][heartbeat] enter=False sorting=False cam=LIVE ai=LIVE cam_fps=55.4 pub_fps=30.2 frames=185906 result_subs=1 roi=ok intrinsic=ok inference_age_ms=54 target=none transport=False sorting_thread=alive
14:43:34 [v4][heartbeat] enter=False sorting=False cam=LIVE ai=LIVE cam_fps=58.0 pub_fps=30.4 frames=186196 result_subs=1 roi=ok intrinsic=ok inference_age_ms=137 target=none transport=False sorting_thread=alive
14:43:39 [v4][heartbeat] enter=False sorting=False cam=LIVE ai=LIVE cam_fps=53.4 pub_fps=30.4 frames=186463 result_subs=1 roi=ok intrinsic=ok inference_age_ms=105 target=none transport=False sorting_thread=alive
14:43:44 [v4][heartbeat] enter=False sorting=False cam=LIVE ai=LIVE cam_fps=56.6 pub_fps=30.2 frames=186746 result_subs=1 roi=ok intrinsic=ok inference_age_ms=57 target=none transport=False sorting_thread=alive
14:43:49 [v4][heartbeat] enter=False sorting=False cam=LIVE ai=LIVE cam_fps=52.4 pub_fps=30.4 frames=187008 result_subs=1 roi=ok intrinsic=ok inference_age_ms=136 target=none transport=False sorting_thread=alive
14:43:54 [v4][heartbeat] enter=False sorting=False cam=LIVE ai=LIVE cam_fps=55.2 pub_fps=30.2 frames=187284 result_subs=1 roi=ok intrinsic=ok inference_age_ms=88 target=none transport=False sorting_thread=alive
14:43:59 [v4][heartbeat] enter=False sorting=False cam=LIVE ai=LIVE cam_fps=58.2 pub_fps=30.2 frames=187575 result_subs=1 roi=ok intrinsic=ok inference_age_ms=157 target=none transport=False sorting_thread=alive
14:44:04 [v4][heartbeat] enter=False sorting=False cam=LIVE ai=LIVE cam_fps=53.4 pub_fps=30.4 frames=187842 result_subs=1 roi=ok intrinsic=ok inference_age_ms=111 target=none transport=False sorting_thread=alive
14:44:09 [v4][heartbeat] enter=False sorting=False cam=LIVE ai=LIVE cam_fps=56.2 pub_fps=30.4 frames=188123 result_subs=1 roi=ok intrinsic=ok inference_age_ms=61 target=none transport=False sorting_thread=alive
14:44:14 [v4][heartbeat] enter=False sorting=False cam=LIVE ai=LIVE cam_fps=55.6 pub_fps=30.2 frames=188401 result_subs=1 roi=ok intrinsic=ok inference_age_ms=142 target=none transport=False sorting_thread=alive
14:44:19 [v4][heartbeat] enter=False sorting=False cam=LIVE ai=LIVE cam_fps=51.4 pub_fps=30.4 frames=188658 result_subs=1 roi=ok intrinsic=ok inference_age_ms=94 target=none transport=False sorting_thread=alive
14:44:24 [v4][heartbeat] enter=False sorting=False cam=LIVE ai=LIVE cam_fps=55.6 pub_fps=30.2 frames=188936 result_subs=1 roi=ok intrinsic=ok inference_age_ms=52 target=none transport=False sorting_thread=alive
14:44:29 [v4][heartbeat] enter=False sorting=False cam=LIVE ai=LIVE cam_fps=52.8 pub_fps=30.2 frames=189200 result_subs=1 roi=ok intrinsic=ok inference_age_ms=143 target=none transport=False sorting_thread=alive
14:44:34 [v4][heartbeat] enter=False sorting=False cam=LIVE ai=LIVE cam_fps=56.0 pub_fps=30.4 frames=189480 result_subs=1 roi=ok intrinsic=ok inference_age_ms=101 target=none transport=False sorting_thread=alive
14:44:39 [v4][heartbeat] enter=False sorting=False cam=LIVE ai=LIVE cam_fps=55.6 pub_fps=30.4 frames=189758 result_subs=1 roi=ok intrinsic=ok inference_age_ms=57 target=none transport=False sorting_thread=alive
14:44:44 [v4][heartbeat] enter=False sorting=False cam=LIVE ai=LIVE cam_fps=55.4 pub_fps=30.2 frames=190035 result_subs=1 roi=ok intrinsic=ok inference_age_ms=136 target=none transport=False sorting_thread=alive
14:44:49 [v4][heartbeat] enter=False sorting=False cam=LIVE ai=LIVE cam_fps=56.4 pub_fps=30.4 frames=190317 result_subs=1 roi=ok intrinsic=ok inference_age_ms=90 target=none transport=False sorting_thread=alive
14:44:54 [v4][heartbeat] enter=False sorting=False cam=LIVE ai=LIVE cam_fps=53.2 pub_fps=30.2 frames=190583 result_subs=1 roi=ok intrinsic=ok inference_age_ms=49 target=none transport=False sorting_thread=alive
14:44:59 [v4][heartbeat] enter=False sorting=False cam=LIVE ai=LIVE cam_fps=55.4 pub_fps=30.4 frames=190860 result_subs=1 roi=ok intrinsic=ok inference_age_ms=131 target=none transport=False sorting_thread=alive
14:45:04 [v4][heartbeat] enter=False sorting=False cam=LIVE ai=LIVE cam_fps=56.8 pub_fps=30.2 frames=191144 result_subs=1 roi=ok intrinsic=ok inference_age_ms=78 target=none transport=False sorting_thread=alive
14:45:09 [v4][heartbeat] enter=False sorting=False cam=LIVE ai=LIVE cam_fps=53.8 pub_fps=30.4 frames=191413 result_subs=1 roi=ok intrinsic=ok inference_age_ms=157 target=none transport=False sorting_thread=alive
14:45:14 [v4][heartbeat] enter=False sorting=False cam=LIVE ai=LIVE cam_fps=56.8 pub_fps=30.2 frames=191697 result_subs=1 roi=ok intrinsic=ok inference_age_ms=107 target=none transport=False sorting_thread=alive
14:45:19 [v4][heartbeat] enter=False sorting=False cam=LIVE ai=LIVE cam_fps=55.8 pub_fps=30.4 frames=191976 result_subs=1 roi=ok intrinsic=ok inference_age_ms=67 target=none transport=False sorting_thread=alive
14:45:24 [v4][heartbeat] enter=False sorting=False cam=LIVE ai=LIVE cam_fps=54.6 pub_fps=30.2 frames=192249 result_subs=1 roi=ok intrinsic=ok inference_age_ms=153 target=none transport=False sorting_thread=alive
14:45:29 [v4][heartbeat] enter=False sorting=False cam=LIVE ai=LIVE cam_fps=56.2 pub_fps=30.4 frames=192530 result_subs=1 roi=ok intrinsic=ok inference_age_ms=109 target=none transport=False sorting_thread=alive
14:45:34 [v4][heartbeat] enter=False sorting=False cam=LIVE ai=LIVE cam_fps=52.4 pub_fps=30.2 frames=192792 result_subs=1 roi=ok intrinsic=ok inference_age_ms=73 target=none transport=False sorting_thread=alive
14:45:39 [v4][heartbeat] enter=False sorting=False cam=LIVE ai=LIVE cam_fps=57.0 pub_fps=30.4 frames=193077 result_subs=1 roi=ok intrinsic=ok inference_age_ms=152 target=none transport=False sorting_thread=alive
14:45:44 [v4][heartbeat] enter=False sorting=False cam=LIVE ai=LIVE cam_fps=55.4 pub_fps=30.2 frames=193354 result_subs=1 roi=ok intrinsic=ok inference_age_ms=103 target=none transport=False sorting_thread=alive
14:45:49 [v4][heartbeat] enter=False sorting=False cam=LIVE ai=LIVE cam_fps=54.8 pub_fps=30.4 frames=193628 result_subs=1 roi=ok intrinsic=ok inference_age_ms=56 target=none transport=False sorting_thread=alive
14:45:54 [v4][heartbeat] enter=False sorting=False cam=LIVE ai=LIVE cam_fps=55.9 pub_fps=30.4 frames=193908 result_subs=1 roi=ok intrinsic=ok inference_age_ms=141 target=none transport=False sorting_thread=alive
14:45:59 [v4][heartbeat] enter=False sorting=False cam=LIVE ai=LIVE cam_fps=54.0 pub_fps=30.2 frames=194178 result_subs=1 roi=ok intrinsic=ok inference_age_ms=90 target=none transport=False sorting_thread=alive
14:46:04 [v4][heartbeat] enter=False sorting=False cam=LIVE ai=LIVE cam_fps=58.4 pub_fps=30.4 frames=194470 result_subs=1 roi=ok intrinsic=ok inference_age_ms=46 target=none transport=False sorting_thread=alive
14:46:09 [v4][heartbeat] enter=False sorting=False cam=LIVE ai=LIVE cam_fps=55.8 pub_fps=30.2 frames=194749 result_subs=1 roi=ok intrinsic=ok inference_age_ms=128 target=none transport=False sorting_thread=alive
14:46:14 [v4][heartbeat] enter=False sorting=False cam=LIVE ai=LIVE cam_fps=54.6 pub_fps=30.2 frames=195022 result_subs=1 roi=ok intrinsic=ok inference_age_ms=79 target=none transport=False sorting_thread=alive
14:46:19 [v4][heartbeat] enter=False sorting=False cam=LIVE ai=LIVE cam_fps=56.6 pub_fps=30.4 frames=195305 result_subs=1 roi=ok intrinsic=ok inference_age_ms=156 target=none transport=False sorting_thread=alive
14:46:24 [v4][heartbeat] enter=False sorting=False cam=LIVE ai=LIVE cam_fps=57.0 pub_fps=30.4 frames=195590 result_subs=1 roi=ok intrinsic=ok inference_age_ms=105 target=none transport=False sorting_thread=alive
14:46:29 [v4][heartbeat] enter=False sorting=False cam=LIVE ai=LIVE cam_fps=57.6 pub_fps=30.2 frames=195878 result_subs=1 roi=ok intrinsic=ok inference_age_ms=65 target=none transport=False sorting_thread=alive
14:46:34 [v4][heartbeat] enter=False sorting=False cam=LIVE ai=LIVE cam_fps=54.4 pub_fps=30.4 frames=196150 result_subs=1 roi=ok intrinsic=ok inference_age_ms=146 target=none transport=False sorting_thread=alive
14:46:39 [v4][heartbeat] enter=False sorting=False cam=LIVE ai=LIVE cam_fps=57.8 pub_fps=30.2 frames=196439 result_subs=1 roi=ok intrinsic=ok inference_age_ms=100 target=none transport=False sorting_thread=alive
14:46:44 [v4][heartbeat] enter=False sorting=False cam=LIVE ai=LIVE cam_fps=56.6 pub_fps=30.4 frames=196722 result_subs=1 roi=ok intrinsic=ok inference_age_ms=54 target=none transport=False sorting_thread=alive
14:46:49 [v4][heartbeat] enter=False sorting=False cam=LIVE ai=LIVE cam_fps=54.8 pub_fps=30.2 frames=196996 result_subs=1 roi=ok intrinsic=ok inference_age_ms=129 target=none transport=False sorting_thread=alive
14:46:54 [v4][heartbeat] enter=False sorting=False cam=LIVE ai=LIVE cam_fps=56.4 pub_fps=30.4 frames=197278 result_subs=1 roi=ok intrinsic=ok inference_age_ms=83 target=none transport=False sorting_thread=alive
14:46:59 [v4][heartbeat] enter=False sorting=False cam=LIVE ai=LIVE cam_fps=55.2 pub_fps=30.2 frames=197554 result_subs=1 roi=ok intrinsic=ok inference_age_ms=160 target=none transport=False sorting_thread=alive
14:47:04 [v4][heartbeat] enter=False sorting=False cam=LIVE ai=LIVE cam_fps=58.2 pub_fps=30.4 frames=197845 result_subs=1 roi=ok intrinsic=ok inference_age_ms=105 target=none transport=False sorting_thread=alive
14:47:09 [v4][heartbeat] enter=False sorting=False cam=LIVE ai=LIVE cam_fps=55.4 pub_fps=30.2 frames=198122 result_subs=1 roi=ok intrinsic=ok inference_age_ms=52 target=none transport=False sorting_thread=alive
14:47:14 [v4][heartbeat] enter=False sorting=False cam=LIVE ai=LIVE cam_fps=54.4 pub_fps=30.4 frames=198394 result_subs=1 roi=ok intrinsic=ok inference_age_ms=128 target=none transport=False sorting_thread=alive
14:47:19 [v4][heartbeat] enter=False sorting=False cam=LIVE ai=LIVE cam_fps=57.4 pub_fps=30.2 frames=198681 result_subs=1 roi=ok intrinsic=ok inference_age_ms=67 target=none transport=False sorting_thread=alive
14:47:24 [v4][heartbeat] enter=False sorting=False cam=LIVE ai=LIVE cam_fps=55.8 pub_fps=30.4 frames=198960 result_subs=1 roi=ok intrinsic=ok inference_age_ms=152 target=none transport=False sorting_thread=alive
14:47:29 [v4][heartbeat] enter=False sorting=False cam=LIVE ai=LIVE cam_fps=58.4 pub_fps=30.2 frames=199252 result_subs=1 roi=ok intrinsic=ok inference_age_ms=105 target=none transport=False sorting_thread=alive
14:47:34 [v4][heartbeat] enter=False sorting=False cam=LIVE ai=LIVE cam_fps=57.4 pub_fps=30.4 frames=199539 result_subs=1 roi=ok intrinsic=ok inference_age_ms=60 target=none transport=False sorting_thread=alive
14:47:39 [v4][heartbeat] enter=False sorting=False cam=LIVE ai=LIVE cam_fps=53.8 pub_fps=30.2 frames=199808 result_subs=1 roi=ok intrinsic=ok inference_age_ms=146 target=none transport=False sorting_thread=alive
14:47:44 [v4][heartbeat] enter=False sorting=False cam=LIVE ai=LIVE cam_fps=57.6 pub_fps=30.4 frames=200096 result_subs=1 roi=ok intrinsic=ok inference_age_ms=92 target=none transport=False sorting_thread=alive
14:47:49 [v4][heartbeat] enter=False sorting=False cam=LIVE ai=LIVE cam_fps=56.2 pub_fps=30.2 frames=200377 result_subs=1 roi=ok intrinsic=ok inference_age_ms=46 target=none transport=False sorting_thread=alive
14:47:54 [v4][heartbeat] enter=False sorting=False cam=LIVE ai=LIVE cam_fps=56.4 pub_fps=30.4 frames=200659 result_subs=1 roi=ok intrinsic=ok inference_age_ms=131 target=none transport=False sorting_thread=alive
14:47:59 [v4][heartbeat] enter=False sorting=False cam=LIVE ai=LIVE cam_fps=57.8 pub_fps=30.2 frames=200948 result_subs=1 roi=ok intrinsic=ok inference_age_ms=84 target=none transport=False sorting_thread=alive
14:48:04 [v4][heartbeat] enter=False sorting=False cam=LIVE ai=LIVE cam_fps=55.2 pub_fps=30.4 frames=201224 result_subs=1 roi=ok intrinsic=ok inference_age_ms=154 target=none transport=False sorting_thread=alive
14:48:09 [v4][heartbeat] enter=False sorting=False cam=LIVE ai=LIVE cam_fps=57.8 pub_fps=30.2 frames=201513 result_subs=1 roi=ok intrinsic=ok inference_age_ms=111 target=none transport=False sorting_thread=alive
14:48:14 [v4][heartbeat] enter=False sorting=False cam=LIVE ai=LIVE cam_fps=56.4 pub_fps=30.4 frames=201795 result_subs=1 roi=ok intrinsic=ok inference_age_ms=60 target=none transport=False sorting_thread=alive
14:48:19 [v4][heartbeat] enter=False sorting=False cam=LIVE ai=LIVE cam_fps=57.0 pub_fps=30.2 frames=202080 result_subs=1 roi=ok intrinsic=ok inference_age_ms=138 target=none transport=False sorting_thread=alive
14:48:24 [v4][heartbeat] enter=False sorting=False cam=LIVE ai=LIVE cam_fps=58.2 pub_fps=30.4 frames=202371 result_subs=1 roi=ok intrinsic=ok inference_age_ms=92 target=none transport=False sorting_thread=alive
14:48:29 [v4][heartbeat] enter=False sorting=False cam=LIVE ai=LIVE cam_fps=55.2 pub_fps=30.2 frames=202647 result_subs=1 roi=ok intrinsic=ok inference_age_ms=168 target=none transport=False sorting_thread=alive
14:48:34 [v4][heartbeat] enter=False sorting=False cam=LIVE ai=LIVE cam_fps=57.4 pub_fps=30.4 frames=202934 result_subs=1 roi=ok intrinsic=ok inference_age_ms=118 target=none transport=False sorting_thread=alive
14:48:39 [v4][heartbeat] enter=False sorting=False cam=LIVE ai=LIVE cam_fps=55.6 pub_fps=30.2 frames=203212 result_subs=1 roi=ok intrinsic=ok inference_age_ms=75 target=none transport=False sorting_thread=alive
14:48:44 [v4][heartbeat] enter=False sorting=False cam=LIVE ai=LIVE cam_fps=54.0 pub_fps=30.2 frames=203482 result_subs=1 roi=ok intrinsic=ok inference_age_ms=159 target=none transport=False sorting_thread=alive
14:48:49 [v4][heartbeat] enter=False sorting=False cam=LIVE ai=LIVE cam_fps=57.4 pub_fps=30.6 frames=203769 result_subs=1 roi=ok intrinsic=ok inference_age_ms=123 target=none transport=False sorting_thread=alive
14:48:54 [v4][heartbeat] enter=False sorting=False cam=LIVE ai=LIVE cam_fps=57.2 pub_fps=30.2 frames=204055 result_subs=1 roi=ok intrinsic=ok inference_age_ms=71 target=none transport=False sorting_thread=alive
14:48:59 [v4][heartbeat] enter=False sorting=False cam=LIVE ai=LIVE cam_fps=58.2 pub_fps=30.2 frames=204346 result_subs=1 roi=ok intrinsic=ok inference_age_ms=146 target=none transport=False sorting_thread=alive
14:49:04 [v4][heartbeat] enter=False sorting=False cam=LIVE ai=LIVE cam_fps=54.8 pub_fps=30.4 frames=204620 result_subs=1 roi=ok intrinsic=ok inference_age_ms=109 target=none transport=False sorting_thread=alive
14:49:09 [v4][heartbeat] enter=False sorting=False cam=LIVE ai=LIVE cam_fps=54.2 pub_fps=30.4 frames=204891 result_subs=1 roi=ok intrinsic=ok inference_age_ms=67 target=none transport=False sorting_thread=alive
14:49:14 [v4][heartbeat] enter=False sorting=False cam=LIVE ai=LIVE cam_fps=57.0 pub_fps=30.2 frames=205176 result_subs=1 roi=ok intrinsic=ok inference_age_ms=145 target=none transport=False sorting_thread=alive
14:49:19 [v4][heartbeat] enter=False sorting=False cam=LIVE ai=LIVE cam_fps=54.4 pub_fps=30.4 frames=205448 result_subs=1 roi=ok intrinsic=ok inference_age_ms=93 target=none transport=False sorting_thread=alive
14:49:24 [v4][heartbeat] enter=False sorting=False cam=LIVE ai=LIVE cam_fps=58.4 pub_fps=30.2 frames=205740 result_subs=1 roi=ok intrinsic=ok inference_age_ms=50 target=none transport=False sorting_thread=alive
14:49:29 [v4][heartbeat] enter=False sorting=False cam=LIVE ai=LIVE cam_fps=57.4 pub_fps=30.2 frames=206027 result_subs=1 roi=ok intrinsic=ok inference_age_ms=140 target=none transport=False sorting_thread=alive
14:49:34 [v4][heartbeat] enter=False sorting=False cam=LIVE ai=LIVE cam_fps=54.0 pub_fps=30.4 frames=206297 result_subs=1 roi=ok intrinsic=ok inference_age_ms=95 target=none transport=False sorting_thread=alive
14:49:39 [v4][heartbeat] enter=False sorting=False cam=LIVE ai=LIVE cam_fps=56.6 pub_fps=30.4 frames=206580 result_subs=1 roi=ok intrinsic=ok inference_age_ms=45 target=none transport=False sorting_thread=alive
14:49:44 [v4][heartbeat] enter=False sorting=False cam=LIVE ai=LIVE cam_fps=53.6 pub_fps=30.2 frames=206848 result_subs=1 roi=ok intrinsic=ok inference_age_ms=127 target=none transport=False sorting_thread=alive
14:49:49 [v4][heartbeat] enter=False sorting=False cam=LIVE ai=LIVE cam_fps=58.2 pub_fps=30.4 frames=207139 result_subs=1 roi=ok intrinsic=ok inference_age_ms=85 target=none transport=False sorting_thread=alive
14:49:54 [v4][heartbeat] enter=False sorting=False cam=LIVE ai=LIVE cam_fps=56.6 pub_fps=30.2 frames=207422 result_subs=1 roi=ok intrinsic=ok inference_age_ms=157 target=none transport=False sorting_thread=alive
14:49:59 [v4][heartbeat] enter=False sorting=False cam=LIVE ai=LIVE cam_fps=55.8 pub_fps=30.4 frames=207701 result_subs=1 roi=ok intrinsic=ok inference_age_ms=121 target=none transport=False sorting_thread=alive
14:50:04 [v4][heartbeat] enter=False sorting=False cam=LIVE ai=LIVE cam_fps=57.0 pub_fps=30.2 frames=207986 result_subs=1 roi=ok intrinsic=ok inference_age_ms=61 target=none transport=False sorting_thread=alive
14:50:09 [v4][heartbeat] enter=False sorting=False cam=LIVE ai=LIVE cam_fps=54.7 pub_fps=30.4 frames=208260 result_subs=1 roi=ok intrinsic=ok inference_age_ms=32 target=none transport=False sorting_thread=alive
14:50:14 [v4][heartbeat] enter=False sorting=False cam=LIVE ai=LIVE cam_fps=57.9 pub_fps=30.2 frames=208549 result_subs=1 roi=ok intrinsic=ok inference_age_ms=103 target=none transport=False sorting_thread=alive
14:50:19 [v4][heartbeat] enter=False sorting=False cam=LIVE ai=LIVE cam_fps=58.0 pub_fps=30.4 frames=208839 result_subs=1 roi=ok intrinsic=ok inference_age_ms=62 target=none transport=False sorting_thread=alive
14:50:24 [v4][heartbeat] enter=False sorting=False cam=LIVE ai=LIVE cam_fps=53.4 pub_fps=30.2 frames=209106 result_subs=1 roi=ok intrinsic=ok inference_age_ms=143 target=none transport=False sorting_thread=alive
14:50:29 [v4][heartbeat] enter=False sorting=False cam=LIVE ai=LIVE cam_fps=57.4 pub_fps=30.4 frames=209393 result_subs=1 roi=ok intrinsic=ok inference_age_ms=96 target=none transport=False sorting_thread=alive
14:50:34 [v4][heartbeat] enter=False sorting=False cam=LIVE ai=LIVE cam_fps=55.0 pub_fps=30.2 frames=209668 result_subs=1 roi=ok intrinsic=ok inference_age_ms=42 target=none transport=False sorting_thread=alive
14:50:39 [v4][heartbeat] enter=False sorting=False cam=LIVE ai=LIVE cam_fps=58.0 pub_fps=30.4 frames=209958 result_subs=1 roi=ok intrinsic=ok inference_age_ms=127 target=none transport=False sorting_thread=alive
14:50:44 [v4][heartbeat] enter=False sorting=False cam=LIVE ai=LIVE cam_fps=59.2 pub_fps=30.2 frames=210254 result_subs=1 roi=ok intrinsic=ok inference_age_ms=82 target=none transport=False sorting_thread=alive
14:50:49 [v4][heartbeat] enter=False sorting=False cam=LIVE ai=LIVE cam_fps=51.6 pub_fps=30.4 frames=210512 result_subs=1 roi=ok intrinsic=ok inference_age_ms=38 target=none transport=False sorting_thread=alive
14:50:54 [v4][heartbeat] enter=False sorting=False cam=LIVE ai=LIVE cam_fps=57.4 pub_fps=30.2 frames=210799 result_subs=1 roi=ok intrinsic=ok inference_age_ms=123 target=none transport=False sorting_thread=alive
14:50:59 [v4][heartbeat] enter=False sorting=False cam=LIVE ai=LIVE cam_fps=55.6 pub_fps=30.4 frames=211077 result_subs=1 roi=ok intrinsic=ok inference_age_ms=65 target=none transport=False sorting_thread=alive
14:51:04 [v4][heartbeat] enter=False sorting=False cam=LIVE ai=LIVE cam_fps=56.6 pub_fps=30.2 frames=211360 result_subs=1 roi=ok intrinsic=ok inference_age_ms=142 target=none transport=False sorting_thread=alive
14:51:09 [v4][heartbeat] enter=False sorting=False cam=LIVE ai=LIVE cam_fps=57.4 pub_fps=30.4 frames=211647 result_subs=1 roi=ok intrinsic=ok inference_age_ms=105 target=none transport=False sorting_thread=alive
14:51:14 [v4][heartbeat] enter=False sorting=False cam=LIVE ai=LIVE cam_fps=54.4 pub_fps=30.2 frames=211919 result_subs=1 roi=ok intrinsic=ok inference_age_ms=59 target=none transport=False sorting_thread=alive
14:51:19 [v4][heartbeat] enter=False sorting=False cam=LIVE ai=LIVE cam_fps=57.2 pub_fps=30.4 frames=212205 result_subs=1 roi=ok intrinsic=ok inference_age_ms=141 target=none transport=False sorting_thread=alive
14:51:24 [v4][heartbeat] enter=False sorting=False cam=LIVE ai=LIVE cam_fps=55.0 pub_fps=30.4 frames=212480 result_subs=1 roi=ok intrinsic=ok inference_age_ms=95 target=none transport=False sorting_thread=alive
14:51:29 [v4][heartbeat] enter=False sorting=False cam=LIVE ai=LIVE cam_fps=57.0 pub_fps=30.2 frames=212765 result_subs=1 roi=ok intrinsic=ok inference_age_ms=160 target=none transport=False sorting_thread=alive
14:51:34 [v4][heartbeat] enter=False sorting=False cam=LIVE ai=LIVE cam_fps=57.2 pub_fps=30.4 frames=213051 result_subs=1 roi=ok intrinsic=ok inference_age_ms=115 target=none transport=False sorting_thread=alive
14:51:39 [v4][heartbeat] enter=False sorting=False cam=LIVE ai=LIVE cam_fps=53.8 pub_fps=30.2 frames=213320 result_subs=1 roi=ok intrinsic=ok inference_age_ms=64 target=none transport=False sorting_thread=alive
14:51:44 [v4][heartbeat] enter=False sorting=False cam=LIVE ai=LIVE cam_fps=58.8 pub_fps=30.2 frames=213614 result_subs=1 roi=ok intrinsic=ok inference_age_ms=132 target=none transport=False sorting_thread=alive
14:51:49 [v4][heartbeat] enter=False sorting=False cam=LIVE ai=LIVE cam_fps=57.8 pub_fps=30.4 frames=213903 result_subs=1 roi=ok intrinsic=ok inference_age_ms=83 target=none transport=False sorting_thread=alive
14:51:54 [v4][heartbeat] enter=False sorting=False cam=LIVE ai=LIVE cam_fps=54.8 pub_fps=30.4 frames=214177 result_subs=1 roi=ok intrinsic=ok inference_age_ms=165 target=none transport=False sorting_thread=alive
14:51:59 [v4][heartbeat] enter=False sorting=False cam=LIVE ai=LIVE cam_fps=57.8 pub_fps=30.2 frames=214466 result_subs=1 roi=ok intrinsic=ok inference_age_ms=114 target=none transport=False sorting_thread=alive
14:52:04 [v4][heartbeat] enter=False sorting=False cam=LIVE ai=LIVE cam_fps=54.2 pub_fps=30.4 frames=214737 result_subs=1 roi=ok intrinsic=ok inference_age_ms=73 target=none transport=False sorting_thread=alive
14:52:09 [v4][heartbeat] enter=False sorting=False cam=LIVE ai=LIVE cam_fps=57.6 pub_fps=30.2 frames=215025 result_subs=1 roi=ok intrinsic=ok inference_age_ms=163 target=none transport=False sorting_thread=alive
14:52:14 [v4][heartbeat] enter=False sorting=False cam=LIVE ai=LIVE cam_fps=56.4 pub_fps=30.2 frames=215307 result_subs=1 roi=ok intrinsic=ok inference_age_ms=113 target=none transport=False sorting_thread=alive
14:52:19 [v4][heartbeat] enter=False sorting=False cam=LIVE ai=LIVE cam_fps=55.0 pub_fps=30.4 frames=215582 result_subs=1 roi=ok intrinsic=ok inference_age_ms=75 target=none transport=False sorting_thread=alive
14:52:24 [v4][heartbeat] enter=False sorting=False cam=LIVE ai=LIVE cam_fps=58.4 pub_fps=30.4 frames=215874 result_subs=1 roi=ok intrinsic=ok inference_age_ms=31 target=none transport=False sorting_thread=alive
14:52:29 [v4][heartbeat] enter=False sorting=False cam=LIVE ai=LIVE cam_fps=50.8 pub_fps=30.2 frames=216128 result_subs=1 roi=ok intrinsic=ok inference_age_ms=107 target=none transport=False sorting_thread=alive
14:52:34 [v4][heartbeat] enter=False sorting=False cam=LIVE ai=LIVE cam_fps=57.8 pub_fps=30.4 frames=216417 result_subs=1 roi=ok intrinsic=ok inference_age_ms=51 target=none transport=False sorting_thread=alive
14:52:39 [v4][heartbeat] enter=False sorting=False cam=LIVE ai=LIVE cam_fps=57.6 pub_fps=30.2 frames=216705 result_subs=1 roi=ok intrinsic=ok inference_age_ms=132 target=none transport=False sorting_thread=alive
14:52:44 [v4][heartbeat] enter=False sorting=False cam=LIVE ai=LIVE cam_fps=53.2 pub_fps=30.4 frames=216971 result_subs=1 roi=ok intrinsic=ok inference_age_ms=79 target=none transport=False sorting_thread=alive
14:52:49 [v4][heartbeat] enter=False sorting=False cam=LIVE ai=LIVE cam_fps=56.6 pub_fps=30.2 frames=217254 result_subs=1 roi=ok intrinsic=ok inference_age_ms=153 target=none transport=False sorting_thread=alive
14:52:54 [v4][heartbeat] enter=False sorting=False cam=LIVE ai=LIVE cam_fps=52.0 pub_fps=30.4 frames=217514 result_subs=1 roi=ok intrinsic=ok inference_age_ms=95 target=none transport=False sorting_thread=alive
14:52:59 [v4][heartbeat] enter=False sorting=False cam=LIVE ai=LIVE cam_fps=57.0 pub_fps=30.2 frames=217799 result_subs=1 roi=ok intrinsic=ok inference_age_ms=55 target=none transport=False sorting_thread=alive
14:53:04 [v4][heartbeat] enter=False sorting=False cam=LIVE ai=LIVE cam_fps=57.6 pub_fps=30.4 frames=218087 result_subs=1 roi=ok intrinsic=ok inference_age_ms=128 target=none transport=False sorting_thread=alive
14:53:09 [v4][heartbeat] enter=False sorting=False cam=LIVE ai=LIVE cam_fps=55.2 pub_fps=30.2 frames=218363 result_subs=1 roi=ok intrinsic=ok inference_age_ms=94 target=none transport=False sorting_thread=alive
14:53:14 [v4][heartbeat] enter=False sorting=False cam=LIVE ai=LIVE cam_fps=58.0 pub_fps=30.2 frames=218653 result_subs=1 roi=ok intrinsic=ok inference_age_ms=50 target=none transport=False sorting_thread=alive
14:53:19 [v4][heartbeat] enter=False sorting=False cam=LIVE ai=LIVE cam_fps=53.8 pub_fps=30.4 frames=218922 result_subs=1 roi=ok intrinsic=ok inference_age_ms=123 target=none transport=False sorting_thread=alive
14:53:24 [v4][heartbeat] enter=False sorting=False cam=LIVE ai=LIVE cam_fps=55.2 pub_fps=30.4 frames=219198 result_subs=1 roi=ok intrinsic=ok inference_age_ms=86 target=none transport=False sorting_thread=alive
14:53:29 [v4][heartbeat] enter=False sorting=False cam=LIVE ai=LIVE cam_fps=58.2 pub_fps=30.2 frames=219489 result_subs=1 roi=ok intrinsic=ok inference_age_ms=45 target=none transport=False sorting_thread=alive
14:53:34 [v4][heartbeat] enter=False sorting=False cam=LIVE ai=LIVE cam_fps=50.6 pub_fps=30.4 frames=219742 result_subs=1 roi=ok intrinsic=ok inference_age_ms=133 target=none transport=False sorting_thread=alive
14:53:39 [v4][heartbeat] enter=False sorting=False cam=LIVE ai=LIVE cam_fps=58.2 pub_fps=30.2 frames=220033 result_subs=1 roi=ok intrinsic=ok inference_age_ms=91 target=none transport=False sorting_thread=alive
14:53:44 [v4][heartbeat] enter=False sorting=False cam=LIVE ai=LIVE cam_fps=55.6 pub_fps=30.4 frames=220311 result_subs=1 roi=ok intrinsic=ok inference_age_ms=168 target=none transport=False sorting_thread=alive
14:53:49 [v4][heartbeat] enter=False sorting=False cam=LIVE ai=LIVE cam_fps=56.4 pub_fps=30.4 frames=220593 result_subs=1 roi=ok intrinsic=ok inference_age_ms=114 target=none transport=False sorting_thread=alive
14:53:54 [v4][heartbeat] enter=False sorting=False cam=LIVE ai=LIVE cam_fps=56.6 pub_fps=30.2 frames=220876 result_subs=1 roi=ok intrinsic=ok inference_age_ms=65 target=none transport=False sorting_thread=alive
14:53:59 [v4][heartbeat] enter=False sorting=False cam=LIVE ai=LIVE cam_fps=53.2 pub_fps=30.2 frames=221142 result_subs=1 roi=ok intrinsic=ok inference_age_ms=141 target=none transport=False sorting_thread=alive
14:54:04 [v4][heartbeat] enter=False sorting=False cam=LIVE ai=LIVE cam_fps=57.4 pub_fps=30.4 frames=221429 result_subs=1 roi=ok intrinsic=ok inference_age_ms=104 target=none transport=False sorting_thread=alive
14:54:09 [v4][heartbeat] enter=False sorting=False cam=LIVE ai=LIVE cam_fps=57.2 pub_fps=30.2 frames=221715 result_subs=1 roi=ok intrinsic=ok inference_age_ms=61 target=none transport=False sorting_thread=alive
14:54:14 [v4][heartbeat] enter=False sorting=False cam=LIVE ai=LIVE cam_fps=56.6 pub_fps=30.4 frames=221998 result_subs=1 roi=ok intrinsic=ok inference_age_ms=141 target=none transport=False sorting_thread=alive
14:54:19 [v4][heartbeat] enter=False sorting=False cam=LIVE ai=LIVE cam_fps=57.6 pub_fps=30.4 frames=222286 result_subs=1 roi=ok intrinsic=ok inference_age_ms=89 target=none transport=False sorting_thread=alive
14:54:24 [v4][heartbeat] enter=False sorting=False cam=LIVE ai=LIVE cam_fps=54.8 pub_fps=30.2 frames=222560 result_subs=1 roi=ok intrinsic=ok inference_age_ms=164 target=none transport=False sorting_thread=alive
14:54:29 [v4][heartbeat] enter=False sorting=False cam=LIVE ai=LIVE cam_fps=55.8 pub_fps=30.4 frames=222839 result_subs=1 roi=ok intrinsic=ok inference_age_ms=124 target=none transport=False sorting_thread=alive
14:54:34 [v4][heartbeat] enter=False sorting=False cam=LIVE ai=LIVE cam_fps=56.0 pub_fps=30.2 frames=223119 result_subs=1 roi=ok intrinsic=ok inference_age_ms=79 target=none transport=False sorting_thread=alive
14:54:39 [v4][heartbeat] enter=False sorting=False cam=LIVE ai=LIVE cam_fps=54.2 pub_fps=30.2 frames=223390 result_subs=1 roi=ok intrinsic=ok inference_age_ms=167 target=none transport=False sorting_thread=alive
14:54:44 [v4][heartbeat] enter=False sorting=False cam=LIVE ai=LIVE cam_fps=56.8 pub_fps=30.4 frames=223674 result_subs=1 roi=ok intrinsic=ok inference_age_ms=118 target=none transport=False sorting_thread=alive
14:54:49 [v4][heartbeat] enter=False sorting=False cam=LIVE ai=LIVE cam_fps=53.6 pub_fps=30.4 frames=223942 result_subs=1 roi=ok intrinsic=ok inference_age_ms=76 target=none transport=False sorting_thread=alive
14:54:54 [v4][heartbeat] enter=False sorting=False cam=LIVE ai=LIVE cam_fps=56.6 pub_fps=30.2 frames=224225 result_subs=1 roi=ok intrinsic=ok inference_age_ms=158 target=none transport=False sorting_thread=alive
14:54:59 [v4][heartbeat] enter=False sorting=False cam=LIVE ai=LIVE cam_fps=57.8 pub_fps=30.4 frames=224514 result_subs=1 roi=ok intrinsic=ok inference_age_ms=112 target=none transport=False sorting_thread=alive
14:55:04 [v4][heartbeat] enter=False sorting=False cam=LIVE ai=LIVE cam_fps=52.6 pub_fps=30.2 frames=224777 result_subs=1 roi=ok intrinsic=ok inference_age_ms=56 target=none transport=False sorting_thread=alive
14:55:09 [v4][heartbeat] enter=False sorting=False cam=LIVE ai=LIVE cam_fps=58.4 pub_fps=30.4 frames=225069 result_subs=1 roi=ok intrinsic=ok inference_age_ms=126 target=none transport=False sorting_thread=alive
14:55:14 [v4][heartbeat] enter=False sorting=False cam=LIVE ai=LIVE cam_fps=54.2 pub_fps=30.2 frames=225340 result_subs=1 roi=ok intrinsic=ok inference_age_ms=75 target=none transport=False sorting_thread=alive
14:55:19 [v4][heartbeat] enter=False sorting=False cam=LIVE ai=LIVE cam_fps=57.4 pub_fps=30.4 frames=225627 result_subs=1 roi=ok intrinsic=ok inference_age_ms=29 target=none transport=False sorting_thread=alive
14:55:24 [v4][heartbeat] enter=False sorting=False cam=LIVE ai=LIVE cam_fps=58.2 pub_fps=30.2 frames=225918 result_subs=1 roi=ok intrinsic=ok inference_age_ms=119 target=none transport=False sorting_thread=alive
14:55:29 [v4][heartbeat] enter=False sorting=False cam=LIVE ai=LIVE cam_fps=55.8 pub_fps=30.4 frames=226197 result_subs=1 roi=ok intrinsic=ok inference_age_ms=73 target=none transport=False sorting_thread=alive
14:55:34 [v4][heartbeat] enter=False sorting=False cam=LIVE ai=LIVE cam_fps=56.4 pub_fps=30.2 frames=226479 result_subs=1 roi=ok intrinsic=ok inference_age_ms=158 target=none transport=False sorting_thread=alive
14:55:39 [v4][heartbeat] enter=False sorting=False cam=LIVE ai=LIVE cam_fps=53.6 pub_fps=30.4 frames=226747 result_subs=1 roi=ok intrinsic=ok inference_age_ms=96 target=none transport=False sorting_thread=alive
14:55:44 [v4][heartbeat] enter=False sorting=False cam=LIVE ai=LIVE cam_fps=57.8 pub_fps=30.2 frames=227036 result_subs=1 roi=ok intrinsic=ok inference_age_ms=48 target=none transport=False sorting_thread=alive
14:55:49 [v4][heartbeat] enter=False sorting=False cam=LIVE ai=LIVE cam_fps=57.4 pub_fps=30.4 frames=227323 result_subs=1 roi=ok intrinsic=ok inference_age_ms=119 target=none transport=False sorting_thread=alive
14:55:54 [v4][heartbeat] enter=False sorting=False cam=LIVE ai=LIVE cam_fps=54.8 pub_fps=30.2 frames=227597 result_subs=1 roi=ok intrinsic=ok inference_age_ms=83 target=none transport=False sorting_thread=alive
14:55:59 [v4][heartbeat] enter=False sorting=False cam=LIVE ai=LIVE cam_fps=57.2 pub_fps=30.2 frames=227883 result_subs=1 roi=ok intrinsic=ok inference_age_ms=157 target=none transport=False sorting_thread=alive
14:56:04 [v4][heartbeat] enter=False sorting=False cam=LIVE ai=LIVE cam_fps=56.2 pub_fps=30.4 frames=228164 result_subs=1 roi=ok intrinsic=ok inference_age_ms=100 target=none transport=False sorting_thread=alive
14:56:09 [v4][heartbeat] enter=False sorting=False cam=LIVE ai=LIVE cam_fps=55.8 pub_fps=30.4 frames=228443 result_subs=1 roi=ok intrinsic=ok inference_age_ms=55 target=none transport=False sorting_thread=alive
14:56:14 [v4][heartbeat] enter=False sorting=False cam=LIVE ai=LIVE cam_fps=57.4 pub_fps=30.2 frames=228730 result_subs=1 roi=ok intrinsic=ok inference_age_ms=133 target=none transport=False sorting_thread=alive
14:56:19 [v4][heartbeat] enter=False sorting=False cam=LIVE ai=LIVE cam_fps=54.8 pub_fps=30.4 frames=229004 result_subs=1 roi=ok intrinsic=ok inference_age_ms=92 target=none transport=False sorting_thread=alive
14:56:24 [v4][heartbeat] enter=False sorting=False cam=LIVE ai=LIVE cam_fps=57.6 pub_fps=30.2 frames=229292 result_subs=1 roi=ok intrinsic=ok inference_age_ms=48 target=none transport=False sorting_thread=alive
14:56:29 [v4][heartbeat] enter=False sorting=False cam=LIVE ai=LIVE cam_fps=57.4 pub_fps=30.4 frames=229579 result_subs=1 roi=ok intrinsic=ok inference_age_ms=128 target=none transport=False sorting_thread=alive
14:56:34 [v4][heartbeat] enter=False sorting=False cam=LIVE ai=LIVE cam_fps=57.0 pub_fps=30.4 frames=229864 result_subs=1 roi=ok intrinsic=ok inference_age_ms=84 target=none transport=False sorting_thread=alive
14:56:39 [v4][heartbeat] enter=False sorting=False cam=LIVE ai=LIVE cam_fps=57.8 pub_fps=30.2 frames=230153 result_subs=1 roi=ok intrinsic=ok inference_age_ms=37 target=none transport=False sorting_thread=alive
14:56:44 [v4][heartbeat] enter=False sorting=False cam=LIVE ai=LIVE cam_fps=52.8 pub_fps=30.2 frames=230417 result_subs=1 roi=ok intrinsic=ok inference_age_ms=114 target=none transport=False sorting_thread=alive
14:56:49 [v4][heartbeat] enter=False sorting=False cam=LIVE ai=LIVE cam_fps=58.3 pub_fps=30.4 frames=230708 result_subs=1 roi=ok intrinsic=ok inference_age_ms=61 target=none transport=False sorting_thread=alive
14:56:54 [v4][heartbeat] enter=False sorting=False cam=LIVE ai=LIVE cam_fps=57.1 pub_fps=30.2 frames=230994 result_subs=1 roi=ok intrinsic=ok inference_age_ms=148 target=none transport=False sorting_thread=alive
14:56:59 [v4][heartbeat] enter=False sorting=False cam=LIVE ai=LIVE cam_fps=54.9 pub_fps=30.4 frames=231268 result_subs=1 roi=ok intrinsic=ok inference_age_ms=105 target=none transport=False sorting_thread=alive
14:57:04 [v4][heartbeat] enter=False sorting=False cam=LIVE ai=LIVE cam_fps=58.8 pub_fps=30.2 frames=231562 result_subs=1 roi=ok intrinsic=ok inference_age_ms=54 target=none transport=False sorting_thread=alive
14:57:09 [v4][heartbeat] enter=False sorting=False cam=LIVE ai=LIVE cam_fps=52.2 pub_fps=30.4 frames=231823 result_subs=1 roi=ok intrinsic=ok inference_age_ms=131 target=none transport=False sorting_thread=alive
14:57:14 [v4][heartbeat] enter=False sorting=False cam=LIVE ai=LIVE cam_fps=55.8 pub_fps=30.4 frames=232102 result_subs=1 roi=ok intrinsic=ok inference_age_ms=85 target=none transport=False sorting_thread=alive
14:57:19 [v4][heartbeat] enter=False sorting=False cam=LIVE ai=LIVE cam_fps=55.8 pub_fps=30.2 frames=232381 result_subs=1 roi=ok intrinsic=ok inference_age_ms=43 target=none transport=False sorting_thread=alive
14:57:24 [v4][heartbeat] enter=False sorting=False cam=LIVE ai=LIVE cam_fps=52.6 pub_fps=30.2 frames=232644 result_subs=1 roi=ok intrinsic=ok inference_age_ms=126 target=none transport=False sorting_thread=alive
14:57:29 [v4][heartbeat] enter=False sorting=False cam=LIVE ai=LIVE cam_fps=57.2 pub_fps=30.4 frames=232930 result_subs=1 roi=ok intrinsic=ok inference_age_ms=80 target=none transport=False sorting_thread=alive
14:57:34 [v4][heartbeat] enter=False sorting=False cam=LIVE ai=LIVE cam_fps=53.2 pub_fps=30.4 frames=233196 result_subs=1 roi=ok intrinsic=ok inference_age_ms=158 target=none transport=False sorting_thread=alive
14:57:39 [v4][heartbeat] enter=False sorting=False cam=LIVE ai=LIVE cam_fps=56.8 pub_fps=30.2 frames=233480 result_subs=1 roi=ok intrinsic=ok inference_age_ms=105 target=none transport=False sorting_thread=alive
14:57:44 [v4][heartbeat] enter=False sorting=False cam=LIVE ai=LIVE cam_fps=59.0 pub_fps=30.4 frames=233775 result_subs=1 roi=ok intrinsic=ok inference_age_ms=70 target=none transport=False sorting_thread=alive
14:57:49 [v4][heartbeat] enter=False sorting=False cam=LIVE ai=LIVE cam_fps=52.4 pub_fps=30.2 frames=234037 result_subs=1 roi=ok intrinsic=ok inference_age_ms=149 target=none transport=False sorting_thread=alive
14:57:54 [v4][heartbeat] enter=False sorting=False cam=LIVE ai=LIVE cam_fps=59.2 pub_fps=30.4 frames=234333 result_subs=1 roi=ok intrinsic=ok inference_age_ms=108 target=none transport=False sorting_thread=alive
14:57:59 [v4][heartbeat] enter=False sorting=False cam=LIVE ai=LIVE cam_fps=53.6 pub_fps=30.2 frames=234601 result_subs=1 roi=ok intrinsic=ok inference_age_ms=57 target=none transport=False sorting_thread=alive
14:58:04 [v4][heartbeat] enter=False sorting=False cam=LIVE ai=LIVE cam_fps=57.8 pub_fps=30.4 frames=234890 result_subs=1 roi=ok intrinsic=ok inference_age_ms=135 target=none transport=False sorting_thread=alive
14:58:09 [v4][heartbeat] enter=False sorting=False cam=LIVE ai=LIVE cam_fps=58.0 pub_fps=30.2 frames=235180 result_subs=1 roi=ok intrinsic=ok inference_age_ms=94 target=none transport=False sorting_thread=alive
14:58:14 [v4][heartbeat] enter=False sorting=False cam=LIVE ai=LIVE cam_fps=54.0 pub_fps=30.4 frames=235450 result_subs=1 roi=ok intrinsic=ok inference_age_ms=56 target=none transport=False sorting_thread=alive
14:58:19 [v4][heartbeat] enter=False sorting=False cam=LIVE ai=LIVE cam_fps=57.6 pub_fps=30.2 frames=235738 result_subs=1 roi=ok intrinsic=ok inference_age_ms=143 target=none transport=False sorting_thread=alive
14:58:24 [v4][heartbeat] enter=False sorting=False cam=LIVE ai=LIVE cam_fps=55.4 pub_fps=30.4 frames=236015 result_subs=1 roi=ok intrinsic=ok inference_age_ms=100 target=none transport=False sorting_thread=alive
14:58:29 [v4][heartbeat] enter=False sorting=False cam=LIVE ai=LIVE cam_fps=55.8 pub_fps=30.2 frames=236294 result_subs=1 roi=ok intrinsic=ok inference_age_ms=50 target=none transport=False sorting_thread=alive
14:58:34 [v4][heartbeat] enter=False sorting=False cam=LIVE ai=LIVE cam_fps=59.0 pub_fps=30.4 frames=236589 result_subs=1 roi=ok intrinsic=ok inference_age_ms=115 target=none transport=False sorting_thread=alive
14:58:39 [v4][heartbeat] enter=False sorting=False cam=LIVE ai=LIVE cam_fps=52.8 pub_fps=30.2 frames=236853 result_subs=1 roi=ok intrinsic=ok inference_age_ms=78 target=none transport=False sorting_thread=alive
14:58:44 [v4][heartbeat] enter=False sorting=False cam=LIVE ai=LIVE cam_fps=58.6 pub_fps=30.4 frames=237146 result_subs=1 roi=ok intrinsic=ok inference_age_ms=166 target=none transport=False sorting_thread=alive
14:58:49 [v4][heartbeat] enter=False sorting=False cam=LIVE ai=LIVE cam_fps=56.0 pub_fps=30.2 frames=237426 result_subs=1 roi=ok intrinsic=ok inference_age_ms=118 target=none transport=False sorting_thread=alive
14:58:54 [v4][heartbeat] enter=False sorting=False cam=LIVE ai=LIVE cam_fps=54.8 pub_fps=30.4 frames=237700 result_subs=1 roi=ok intrinsic=ok inference_age_ms=71 target=none transport=False sorting_thread=alive
14:58:59 [v4][heartbeat] enter=False sorting=False cam=LIVE ai=LIVE cam_fps=58.4 pub_fps=30.2 frames=237992 result_subs=1 roi=ok intrinsic=ok inference_age_ms=157 target=none transport=False sorting_thread=alive
14:59:04 [v4][heartbeat] enter=False sorting=False cam=LIVE ai=LIVE cam_fps=54.2 pub_fps=30.4 frames=238263 result_subs=1 roi=ok intrinsic=ok inference_age_ms=116 target=none transport=False sorting_thread=alive
14:59:09 [v4][heartbeat] enter=False sorting=False cam=LIVE ai=LIVE cam_fps=58.0 pub_fps=30.2 frames=238553 result_subs=1 roi=ok intrinsic=ok inference_age_ms=71 target=none transport=False sorting_thread=alive
14:59:14 [v4][heartbeat] enter=False sorting=False cam=LIVE ai=LIVE cam_fps=55.2 pub_fps=30.4 frames=238829 result_subs=1 roi=ok intrinsic=ok inference_age_ms=149 target=none transport=False sorting_thread=alive
14:59:19 [v4][heartbeat] enter=False sorting=False cam=LIVE ai=LIVE cam_fps=55.6 pub_fps=30.2 frames=239107 result_subs=1 roi=ok intrinsic=ok inference_age_ms=108 target=none transport=False sorting_thread=alive
14:59:24 [v4][heartbeat] enter=False sorting=False cam=LIVE ai=LIVE cam_fps=58.6 pub_fps=30.4 frames=239400 result_subs=1 roi=ok intrinsic=ok inference_age_ms=65 target=none transport=False sorting_thread=alive
14:59:29 [v4][heartbeat] enter=False sorting=False cam=LIVE ai=LIVE cam_fps=52.4 pub_fps=30.2 frames=239662 result_subs=1 roi=ok intrinsic=ok inference_age_ms=143 target=none transport=False sorting_thread=alive
14:59:34 [v4][heartbeat] enter=False sorting=False cam=LIVE ai=LIVE cam_fps=56.2 pub_fps=30.4 frames=239943 result_subs=1 roi=ok intrinsic=ok inference_age_ms=93 target=none transport=False sorting_thread=alive
14:59:39 [v4][heartbeat] enter=False sorting=False cam=LIVE ai=LIVE cam_fps=56.6 pub_fps=30.2 frames=240226 result_subs=1 roi=ok intrinsic=ok inference_age_ms=56 target=none transport=False sorting_thread=alive
14:59:44 [v4][heartbeat] enter=False sorting=False cam=LIVE ai=LIVE cam_fps=54.8 pub_fps=30.4 frames=240500 result_subs=1 roi=ok intrinsic=ok inference_age_ms=136 target=none transport=False sorting_thread=alive
14:59:49 [v4][heartbeat] enter=False sorting=False cam=LIVE ai=LIVE cam_fps=56.0 pub_fps=30.4 frames=240780 result_subs=1 roi=ok intrinsic=ok inference_age_ms=92 target=none transport=False sorting_thread=alive
14:59:54 [v4][heartbeat] enter=False sorting=False cam=LIVE ai=LIVE cam_fps=55.0 pub_fps=30.2 frames=241055 result_subs=1 roi=ok intrinsic=ok inference_age_ms=48 target=none transport=False sorting_thread=alive
14:59:59 [v4][heartbeat] enter=False sorting=False cam=LIVE ai=LIVE cam_fps=56.4 pub_fps=30.4 frames=241337 result_subs=1 roi=ok intrinsic=ok inference_age_ms=132 target=none transport=False sorting_thread=alive
15:00:04 [v4][heartbeat] enter=False sorting=False cam=LIVE ai=LIVE cam_fps=58.6 pub_fps=30.2 frames=241630 result_subs=1 roi=ok intrinsic=ok inference_age_ms=81 target=none transport=False sorting_thread=alive
15:00:09 [v4][heartbeat] enter=False sorting=False cam=LIVE ai=LIVE cam_fps=53.6 pub_fps=30.2 frames=241898 result_subs=1 roi=ok intrinsic=ok inference_age_ms=162 target=none transport=False sorting_thread=alive
15:00:14 [v4][heartbeat] enter=False sorting=False cam=LIVE ai=LIVE cam_fps=57.2 pub_fps=30.4 frames=242184 result_subs=1 roi=ok intrinsic=ok inference_age_ms=113 target=none transport=False sorting_thread=alive
15:00:19 [v4][heartbeat] enter=False sorting=False cam=LIVE ai=LIVE cam_fps=56.6 pub_fps=30.4 frames=242467 result_subs=1 roi=ok intrinsic=ok inference_age_ms=60 target=none transport=False sorting_thread=alive
15:00:24 [v4][heartbeat] enter=False sorting=False cam=LIVE ai=LIVE cam_fps=57.0 pub_fps=30.2 frames=242752 result_subs=1 roi=ok intrinsic=ok inference_age_ms=141 target=none transport=False sorting_thread=alive
15:00:29 [v4][heartbeat] enter=False sorting=False cam=LIVE ai=LIVE cam_fps=58.0 pub_fps=30.2 frames=243042 result_subs=1 roi=ok intrinsic=ok inference_age_ms=95 target=none transport=False sorting_thread=alive
15:00:34 [v4][heartbeat] enter=False sorting=False cam=LIVE ai=LIVE cam_fps=54.2 pub_fps=30.4 frames=243313 result_subs=1 roi=ok intrinsic=ok inference_age_ms=50 target=none transport=False sorting_thread=alive
15:00:39 [v4][heartbeat] enter=False sorting=False cam=LIVE ai=LIVE cam_fps=58.0 pub_fps=30.4 frames=243603 result_subs=1 roi=ok intrinsic=ok inference_age_ms=130 target=none transport=False sorting_thread=alive
15:00:44 [v4][heartbeat] enter=False sorting=False cam=LIVE ai=LIVE cam_fps=56.6 pub_fps=30.2 frames=243886 result_subs=1 roi=ok intrinsic=ok inference_age_ms=85 target=none transport=False sorting_thread=alive
15:00:49 [v4][heartbeat] enter=False sorting=False cam=LIVE ai=LIVE cam_fps=55.1 pub_fps=30.3 frames=244162 result_subs=1 roi=ok intrinsic=ok inference_age_ms=175 target=none transport=False sorting_thread=alive
15:00:54 [v4][heartbeat] enter=False sorting=False cam=LIVE ai=LIVE cam_fps=56.7 pub_fps=30.3 frames=244445 result_subs=1 roi=ok intrinsic=ok inference_age_ms=109 target=none transport=False sorting_thread=alive
15:00:59 [v4][heartbeat] enter=False sorting=False cam=LIVE ai=LIVE cam_fps=54.2 pub_fps=30.4 frames=244716 result_subs=1 roi=ok intrinsic=ok inference_age_ms=61 target=none transport=False sorting_thread=alive
15:01:04 [v4][heartbeat] enter=False sorting=False cam=LIVE ai=LIVE cam_fps=56.4 pub_fps=30.2 frames=244998 result_subs=1 roi=ok intrinsic=ok inference_age_ms=146 target=none transport=False sorting_thread=alive
15:01:09 [v4][heartbeat] enter=False sorting=False cam=LIVE ai=LIVE cam_fps=57.6 pub_fps=30.2 frames=245286 result_subs=1 roi=ok intrinsic=ok inference_age_ms=99 target=none transport=False sorting_thread=alive
15:01:14 [v4][heartbeat] enter=False sorting=False cam=LIVE ai=LIVE cam_fps=55.6 pub_fps=30.4 frames=245564 result_subs=1 roi=ok intrinsic=ok inference_age_ms=48 target=none transport=False sorting_thread=alive
15:01:19 [v4][heartbeat] enter=False sorting=False cam=LIVE ai=LIVE cam_fps=57.4 pub_fps=30.4 frames=245851 result_subs=1 roi=ok intrinsic=ok inference_age_ms=130 target=none transport=False sorting_thread=alive
15:01:24 [v4][heartbeat] enter=False sorting=False cam=LIVE ai=LIVE cam_fps=51.2 pub_fps=30.2 frames=246107 result_subs=1 roi=ok intrinsic=ok inference_age_ms=74 target=none transport=False sorting_thread=alive
15:01:29 [v4][heartbeat] enter=False sorting=False cam=LIVE ai=LIVE cam_fps=58.8 pub_fps=30.4 frames=246401 result_subs=1 roi=ok intrinsic=ok inference_age_ms=144 target=none transport=False sorting_thread=alive
15:01:34 [v4][heartbeat] enter=False sorting=False cam=LIVE ai=LIVE cam_fps=56.0 pub_fps=30.2 frames=246681 result_subs=1 roi=ok intrinsic=ok inference_age_ms=109 target=none transport=False sorting_thread=alive
15:01:39 [v4][heartbeat] enter=False sorting=False cam=LIVE ai=LIVE cam_fps=55.8 pub_fps=30.4 frames=246960 result_subs=1 roi=ok intrinsic=ok inference_age_ms=60 target=none transport=False sorting_thread=alive
15:01:44 [v4][heartbeat] enter=False sorting=False cam=LIVE ai=LIVE cam_fps=59.0 pub_fps=30.2 frames=247255 result_subs=1 roi=ok intrinsic=ok inference_age_ms=133 target=none transport=False sorting_thread=alive
15:01:49 [v4][heartbeat] enter=False sorting=False cam=LIVE ai=LIVE cam_fps=55.4 pub_fps=30.4 frames=247532 result_subs=1 roi=ok intrinsic=ok inference_age_ms=92 target=none transport=False sorting_thread=alive
15:01:54 [v4][heartbeat] enter=False sorting=False cam=LIVE ai=LIVE cam_fps=57.0 pub_fps=30.2 frames=247817 result_subs=1 roi=ok intrinsic=ok inference_age_ms=171 target=none transport=False sorting_thread=alive
15:01:59 [v4][heartbeat] enter=False sorting=False cam=LIVE ai=LIVE cam_fps=57.8 pub_fps=30.4 frames=248106 result_subs=1 roi=ok intrinsic=ok inference_age_ms=128 target=none transport=False sorting_thread=alive
15:02:04 [v4][heartbeat] enter=False sorting=False cam=LIVE ai=LIVE cam_fps=53.8 pub_fps=30.2 frames=248375 result_subs=1 roi=ok intrinsic=ok inference_age_ms=92 target=none transport=False sorting_thread=alive
15:02:09 [v4][heartbeat] enter=False sorting=False cam=LIVE ai=LIVE cam_fps=57.8 pub_fps=30.4 frames=248664 result_subs=1 roi=ok intrinsic=ok inference_age_ms=174 target=none transport=False sorting_thread=alive
15:02:14 [v4][heartbeat] enter=False sorting=False cam=LIVE ai=LIVE cam_fps=55.4 pub_fps=30.2 frames=248941 result_subs=1 roi=ok intrinsic=ok inference_age_ms=129 target=none transport=False sorting_thread=alive
15:02:19 [v4][heartbeat] enter=False sorting=False cam=LIVE ai=LIVE cam_fps=57.0 pub_fps=30.4 frames=249226 result_subs=1 roi=ok intrinsic=ok inference_age_ms=80 target=none transport=False sorting_thread=alive
15:02:24 [v4][heartbeat] enter=False sorting=False cam=LIVE ai=LIVE cam_fps=57.6 pub_fps=30.2 frames=249514 result_subs=1 roi=ok intrinsic=ok inference_age_ms=166 target=none transport=False sorting_thread=alive
15:02:29 [v4][heartbeat] enter=False sorting=False cam=LIVE ai=LIVE cam_fps=53.6 pub_fps=30.4 frames=249782 result_subs=1 roi=ok intrinsic=ok inference_age_ms=111 target=none transport=False sorting_thread=alive
15:02:34 [v4][heartbeat] enter=False sorting=False cam=LIVE ai=LIVE cam_fps=58.4 pub_fps=30.4 frames=250074 result_subs=1 roi=ok intrinsic=ok inference_age_ms=64 target=none transport=False sorting_thread=alive
15:02:39 [v4][heartbeat] enter=False sorting=False cam=LIVE ai=LIVE cam_fps=53.4 pub_fps=30.2 frames=250341 result_subs=1 roi=ok intrinsic=ok inference_age_ms=134 target=none transport=False sorting_thread=alive
15:02:44 [v4][heartbeat] enter=False sorting=False cam=LIVE ai=LIVE cam_fps=56.6 pub_fps=30.4 frames=250624 result_subs=1 roi=ok intrinsic=ok inference_age_ms=96 target=none transport=False sorting_thread=alive
15:02:49 [v4][heartbeat] enter=False sorting=False cam=LIVE ai=LIVE cam_fps=57.6 pub_fps=30.2 frames=250912 result_subs=1 roi=ok intrinsic=ok inference_age_ms=50 target=none transport=False sorting_thread=alive
15:02:54 [v4][heartbeat] enter=False sorting=False cam=LIVE ai=LIVE cam_fps=54.8 pub_fps=30.2 frames=251186 result_subs=1 roi=ok intrinsic=ok inference_age_ms=125 target=none transport=False sorting_thread=alive
15:02:59 [v4][heartbeat] enter=False sorting=False cam=LIVE ai=LIVE cam_fps=57.4 pub_fps=30.4 frames=251473 result_subs=1 roi=ok intrinsic=ok inference_age_ms=72 target=none transport=False sorting_thread=alive
15:03:04 [v4][heartbeat] enter=False sorting=False cam=LIVE ai=LIVE cam_fps=54.9 pub_fps=30.4 frames=251748 result_subs=1 roi=ok intrinsic=ok inference_age_ms=44 target=none transport=False sorting_thread=alive
15:03:09 [v4][heartbeat] enter=False sorting=False cam=LIVE ai=LIVE cam_fps=56.5 pub_fps=30.2 frames=252030 result_subs=1 roi=ok intrinsic=ok inference_age_ms=115 target=none transport=False sorting_thread=alive
15:03:14 [v4][heartbeat] enter=False sorting=False cam=LIVE ai=LIVE cam_fps=59.4 pub_fps=30.4 frames=252327 result_subs=1 roi=ok intrinsic=ok inference_age_ms=69 target=none transport=False sorting_thread=alive
15:03:19 [v4][heartbeat] enter=False sorting=False cam=LIVE ai=LIVE cam_fps=52.6 pub_fps=30.2 frames=252590 result_subs=1 roi=ok intrinsic=ok inference_age_ms=150 target=none transport=False sorting_thread=alive
15:03:24 [v4][heartbeat] enter=False sorting=False cam=LIVE ai=LIVE cam_fps=56.8 pub_fps=30.4 frames=252874 result_subs=1 roi=ok intrinsic=ok inference_age_ms=97 target=none transport=False sorting_thread=alive
15:03:29 [v4][heartbeat] enter=False sorting=False cam=LIVE ai=LIVE cam_fps=53.8 pub_fps=30.2 frames=253143 result_subs=1 roi=ok intrinsic=ok inference_age_ms=54 target=none transport=False sorting_thread=alive
15:03:34 [v4][heartbeat] enter=False sorting=False cam=LIVE ai=LIVE cam_fps=55.0 pub_fps=30.4 frames=253418 result_subs=1 roi=ok intrinsic=ok inference_age_ms=133 target=none transport=False sorting_thread=alive
15:03:39 [v4][heartbeat] enter=False sorting=False cam=LIVE ai=LIVE cam_fps=58.4 pub_fps=30.2 frames=253710 result_subs=1 roi=ok intrinsic=ok inference_age_ms=94 target=none transport=False sorting_thread=alive
15:03:44 [v4][heartbeat] enter=False sorting=False cam=LIVE ai=LIVE cam_fps=51.4 pub_fps=30.4 frames=253967 result_subs=1 roi=ok intrinsic=ok inference_age_ms=157 target=none transport=False sorting_thread=alive
15:03:49 [v4][heartbeat] enter=False sorting=False cam=LIVE ai=LIVE cam_fps=58.0 pub_fps=30.2 frames=254257 result_subs=1 roi=ok intrinsic=ok inference_age_ms=118 target=none transport=False sorting_thread=alive
15:03:54 [v4][heartbeat] enter=False sorting=False cam=LIVE ai=LIVE cam_fps=59.4 pub_fps=30.4 frames=254554 result_subs=1 roi=ok intrinsic=ok inference_age_ms=69 target=none transport=False sorting_thread=alive
15:03:59 [v4][heartbeat] enter=False sorting=False cam=LIVE ai=LIVE cam_fps=54.0 pub_fps=30.2 frames=254824 result_subs=1 roi=ok intrinsic=ok inference_age_ms=157 target=none transport=False sorting_thread=alive
15:04:04 [v4][heartbeat] enter=False sorting=False cam=LIVE ai=LIVE cam_fps=58.6 pub_fps=30.4 frames=255117 result_subs=1 roi=ok intrinsic=ok inference_age_ms=105 target=none transport=False sorting_thread=alive
15:04:09 [v4][heartbeat] enter=False sorting=False cam=LIVE ai=LIVE cam_fps=56.0 pub_fps=30.2 frames=255397 result_subs=1 roi=ok intrinsic=ok inference_age_ms=63 target=none transport=False sorting_thread=alive
15:04:14 [v4][heartbeat] enter=False sorting=False cam=LIVE ai=LIVE cam_fps=56.6 pub_fps=30.4 frames=255680 result_subs=1 roi=ok intrinsic=ok inference_age_ms=141 target=none transport=False sorting_thread=alive
15:04:19 [v4][heartbeat] enter=False sorting=False cam=LIVE ai=LIVE cam_fps=57.2 pub_fps=30.4 frames=255966 result_subs=1 roi=ok intrinsic=ok inference_age_ms=97 target=none transport=False sorting_thread=alive
15:04:24 [v4][heartbeat] enter=False sorting=False cam=LIVE ai=LIVE cam_fps=56.4 pub_fps=30.2 frames=256248 result_subs=1 roi=ok intrinsic=ok inference_age_ms=53 target=none transport=False sorting_thread=alive
15:04:29 [v4][heartbeat] enter=False sorting=False cam=LIVE ai=LIVE cam_fps=57.2 pub_fps=30.2 frames=256534 result_subs=1 roi=ok intrinsic=ok inference_age_ms=134 target=none transport=False sorting_thread=alive
15:04:34 [v4][heartbeat] enter=False sorting=False cam=LIVE ai=LIVE cam_fps=55.2 pub_fps=30.4 frames=256810 result_subs=1 roi=ok intrinsic=ok inference_age_ms=92 target=none transport=False sorting_thread=alive
15:04:39 [v4][heartbeat] enter=False sorting=False cam=LIVE ai=LIVE cam_fps=57.0 pub_fps=30.2 frames=257095 result_subs=1 roi=ok intrinsic=ok inference_age_ms=44 target=none transport=False sorting_thread=alive
15:04:44 [v4][heartbeat] enter=False sorting=False cam=LIVE ai=LIVE cam_fps=58.8 pub_fps=30.4 frames=257389 result_subs=1 roi=ok intrinsic=ok inference_age_ms=114 target=none transport=False sorting_thread=alive
15:04:49 [v4][heartbeat] enter=False sorting=False cam=LIVE ai=LIVE cam_fps=52.0 pub_fps=30.2 frames=257649 result_subs=1 roi=ok intrinsic=ok inference_age_ms=83 target=none transport=False sorting_thread=alive
15:04:54 [v4][heartbeat] enter=False sorting=False cam=LIVE ai=LIVE cam_fps=56.6 pub_fps=30.4 frames=257932 result_subs=1 roi=ok intrinsic=ok inference_age_ms=155 target=none transport=False sorting_thread=alive
15:04:59 [v4][heartbeat] enter=False sorting=False cam=LIVE ai=LIVE cam_fps=56.0 pub_fps=30.4 frames=258212 result_subs=1 roi=ok intrinsic=ok inference_age_ms=104 target=none transport=False sorting_thread=alive
15:05:04 [v4][heartbeat] enter=False sorting=False cam=LIVE ai=LIVE cam_fps=56.0 pub_fps=30.2 frames=258492 result_subs=1 roi=ok intrinsic=ok inference_age_ms=74 target=none transport=False sorting_thread=alive
15:05:09 [v4][heartbeat] enter=False sorting=False cam=LIVE ai=LIVE cam_fps=57.0 pub_fps=30.2 frames=258777 result_subs=1 roi=ok intrinsic=ok inference_age_ms=161 target=none transport=False sorting_thread=alive
15:05:14 [v4][heartbeat] enter=False sorting=False cam=LIVE ai=LIVE cam_fps=53.6 pub_fps=30.4 frames=259045 result_subs=1 roi=ok intrinsic=ok inference_age_ms=114 target=none transport=False sorting_thread=alive
15:05:19 [v4][heartbeat] enter=False sorting=False cam=LIVE ai=LIVE cam_fps=58.2 pub_fps=30.2 frames=259336 result_subs=1 roi=ok intrinsic=ok inference_age_ms=78 target=none transport=False sorting_thread=alive
15:05:24 [v4][heartbeat] enter=False sorting=False cam=LIVE ai=LIVE cam_fps=54.0 pub_fps=30.4 frames=259606 result_subs=1 roi=ok intrinsic=ok inference_age_ms=42 target=none transport=False sorting_thread=alive
15:05:29 [v4][heartbeat] enter=False sorting=False cam=LIVE ai=LIVE cam_fps=53.4 pub_fps=30.4 frames=259873 result_subs=1 roi=ok intrinsic=ok inference_age_ms=123 target=none transport=False sorting_thread=alive
15:05:34 [v4][heartbeat] enter=False sorting=False cam=LIVE ai=LIVE cam_fps=57.4 pub_fps=30.2 frames=260160 result_subs=1 roi=ok intrinsic=ok inference_age_ms=66 target=none transport=False sorting_thread=alive
15:05:39 [v4][heartbeat] enter=False sorting=False cam=LIVE ai=LIVE cam_fps=54.2 pub_fps=30.2 frames=260431 result_subs=1 roi=ok intrinsic=ok inference_age_ms=134 target=none transport=False sorting_thread=alive
15:05:44 [v4][heartbeat] enter=False sorting=False cam=LIVE ai=LIVE cam_fps=57.6 pub_fps=30.4 frames=260719 result_subs=1 roi=ok intrinsic=ok inference_age_ms=96 target=none transport=False sorting_thread=alive
15:05:49 [v4][heartbeat] enter=False sorting=False cam=LIVE ai=LIVE cam_fps=56.4 pub_fps=30.4 frames=261001 result_subs=1 roi=ok intrinsic=ok inference_age_ms=51 target=none transport=False sorting_thread=alive
15:05:54 [v4][heartbeat] enter=False sorting=False cam=LIVE ai=LIVE cam_fps=56.2 pub_fps=30.2 frames=261282 result_subs=1 roi=ok intrinsic=ok inference_age_ms=135 target=none transport=False sorting_thread=alive
15:05:59 [v4][heartbeat] enter=False sorting=False cam=LIVE ai=LIVE cam_fps=57.8 pub_fps=30.4 frames=261571 result_subs=1 roi=ok intrinsic=ok inference_age_ms=87 target=none transport=False sorting_thread=alive
15:06:04 [v4][heartbeat] enter=False sorting=False cam=LIVE ai=LIVE cam_fps=53.6 pub_fps=30.2 frames=261839 result_subs=1 roi=ok intrinsic=ok inference_age_ms=46 target=none transport=False sorting_thread=alive
15:06:09 [v4][heartbeat] enter=False sorting=False cam=LIVE ai=LIVE cam_fps=57.8 pub_fps=30.2 frames=262128 result_subs=1 roi=ok intrinsic=ok inference_age_ms=120 target=none transport=False sorting_thread=alive
15:06:14 [v4][heartbeat] enter=False sorting=False cam=LIVE ai=LIVE cam_fps=57.2 pub_fps=30.4 frames=262414 result_subs=1 roi=ok intrinsic=ok inference_age_ms=76 target=none transport=False sorting_thread=alive
15:06:19 [v4][heartbeat] enter=False sorting=False cam=LIVE ai=LIVE cam_fps=53.6 pub_fps=30.4 frames=262682 result_subs=1 roi=ok intrinsic=ok inference_age_ms=162 target=none transport=False sorting_thread=alive
15:06:24 [v4][heartbeat] enter=False sorting=False cam=LIVE ai=LIVE cam_fps=56.8 pub_fps=30.2 frames=262966 result_subs=1 roi=ok intrinsic=ok inference_age_ms=121 target=none transport=False sorting_thread=alive
15:06:29 [v4][heartbeat] enter=False sorting=False cam=LIVE ai=LIVE cam_fps=51.8 pub_fps=30.4 frames=263225 result_subs=1 roi=ok intrinsic=ok inference_age_ms=84 target=none transport=False sorting_thread=alive
15:06:34 [v4][heartbeat] enter=False sorting=False cam=LIVE ai=LIVE cam_fps=53.6 pub_fps=30.2 frames=263493 result_subs=1 roi=ok intrinsic=ok inference_age_ms=155 target=none transport=False sorting_thread=alive
15:06:39 [v4][heartbeat] enter=False sorting=False cam=LIVE ai=LIVE cam_fps=56.4 pub_fps=30.4 frames=263775 result_subs=1 roi=ok intrinsic=ok inference_age_ms=114 target=none transport=False sorting_thread=alive
15:06:44 [v4][heartbeat] enter=False sorting=False cam=LIVE ai=LIVE cam_fps=53.2 pub_fps=30.2 frames=264041 result_subs=1 roi=ok intrinsic=ok inference_age_ms=57 target=none transport=False sorting_thread=alive
15:06:49 [v4][heartbeat] enter=False sorting=False cam=LIVE ai=LIVE cam_fps=58.8 pub_fps=30.4 frames=264335 result_subs=1 roi=ok intrinsic=ok inference_age_ms=145 target=none transport=False sorting_thread=alive
15:06:54 [v4][heartbeat] enter=False sorting=False cam=LIVE ai=LIVE cam_fps=54.6 pub_fps=30.2 frames=264608 result_subs=1 roi=ok intrinsic=ok inference_age_ms=88 target=none transport=False sorting_thread=alive
15:06:59 [v4][heartbeat] enter=False sorting=False cam=LIVE ai=LIVE cam_fps=56.2 pub_fps=30.4 frames=264889 result_subs=1 roi=ok intrinsic=ok inference_age_ms=42 target=none transport=False sorting_thread=alive
15:07:04 [v4][heartbeat] enter=False sorting=False cam=LIVE ai=LIVE cam_fps=56.5 pub_fps=30.2 frames=265172 result_subs=1 roi=ok intrinsic=ok inference_age_ms=133 target=none transport=False sorting_thread=alive
15:07:09 [v4][heartbeat] enter=False sorting=False cam=LIVE ai=LIVE cam_fps=54.6 pub_fps=30.4 frames=265445 result_subs=1 roi=ok intrinsic=ok inference_age_ms=94 target=none transport=False sorting_thread=alive
15:07:14 [v4][heartbeat] enter=False sorting=False cam=LIVE ai=LIVE cam_fps=57.0 pub_fps=30.2 frames=265730 result_subs=1 roi=ok intrinsic=ok inference_age_ms=54 target=none transport=False sorting_thread=alive
15:07:19 [v4][heartbeat] enter=False sorting=False cam=LIVE ai=LIVE cam_fps=55.8 pub_fps=30.4 frames=266009 result_subs=1 roi=ok intrinsic=ok inference_age_ms=137 target=none transport=False sorting_thread=alive
15:07:24 [v4][heartbeat] enter=False sorting=False cam=LIVE ai=LIVE cam_fps=56.6 pub_fps=30.2 frames=266292 result_subs=1 roi=ok intrinsic=ok inference_age_ms=87 target=none transport=False sorting_thread=alive
15:07:29 [v4][heartbeat] enter=False sorting=False cam=LIVE ai=LIVE cam_fps=57.2 pub_fps=30.4 frames=266578 result_subs=1 roi=ok intrinsic=ok inference_age_ms=45 target=none transport=False sorting_thread=alive
15:07:34 [v4][heartbeat] enter=False sorting=False cam=LIVE ai=LIVE cam_fps=51.6 pub_fps=30.2 frames=266836 result_subs=1 roi=ok intrinsic=ok inference_age_ms=134 target=none transport=False sorting_thread=alive
15:07:39 [v4][heartbeat] enter=False sorting=False cam=LIVE ai=LIVE cam_fps=58.4 pub_fps=30.4 frames=267128 result_subs=1 roi=ok intrinsic=ok inference_age_ms=96 target=none transport=False sorting_thread=alive
15:07:44 [v4][heartbeat] enter=False sorting=False cam=LIVE ai=LIVE cam_fps=54.4 pub_fps=30.4 frames=267400 result_subs=1 roi=ok intrinsic=ok inference_age_ms=39 target=none transport=False sorting_thread=alive
15:07:49 [v4][heartbeat] enter=False sorting=False cam=LIVE ai=LIVE cam_fps=54.8 pub_fps=30.2 frames=267674 result_subs=1 roi=ok intrinsic=ok inference_age_ms=118 target=none transport=False sorting_thread=alive
15:07:54 [v4][heartbeat] enter=False sorting=False cam=LIVE ai=LIVE cam_fps=57.6 pub_fps=30.2 frames=267962 result_subs=1 roi=ok intrinsic=ok inference_age_ms=78 target=none transport=False sorting_thread=alive
15:07:59 [v4][heartbeat] enter=False sorting=False cam=LIVE ai=LIVE cam_fps=54.0 pub_fps=30.4 frames=268232 result_subs=1 roi=ok intrinsic=ok inference_age_ms=156 target=none transport=False sorting_thread=alive
15:08:04 [v4][heartbeat] enter=False sorting=False cam=LIVE ai=LIVE cam_fps=58.0 pub_fps=30.2 frames=268522 result_subs=1 roi=ok intrinsic=ok inference_age_ms=102 target=none transport=False sorting_thread=alive
15:08:09 [v4][heartbeat] enter=False sorting=False cam=LIVE ai=LIVE cam_fps=56.6 pub_fps=30.4 frames=268805 result_subs=1 roi=ok intrinsic=ok inference_age_ms=63 target=none transport=False sorting_thread=alive
15:08:14 [v4][heartbeat] enter=False sorting=False cam=LIVE ai=LIVE cam_fps=57.6 pub_fps=30.2 frames=269093 result_subs=1 roi=ok intrinsic=ok inference_age_ms=142 target=none transport=False sorting_thread=alive
15:08:19 [v4][heartbeat] enter=False sorting=False cam=LIVE ai=LIVE cam_fps=58.6 pub_fps=30.4 frames=269386 result_subs=1 roi=ok intrinsic=ok inference_age_ms=100 target=none transport=False sorting_thread=alive
15:08:24 [v4][heartbeat] enter=False sorting=False cam=LIVE ai=LIVE cam_fps=54.2 pub_fps=30.2 frames=269657 result_subs=1 roi=ok intrinsic=ok inference_age_ms=181 target=none transport=False sorting_thread=alive
15:08:29 [v4][heartbeat] enter=False sorting=False cam=LIVE ai=LIVE cam_fps=57.0 pub_fps=30.4 frames=269942 result_subs=1 roi=ok intrinsic=ok inference_age_ms=136 target=none transport=False sorting_thread=alive
15:08:34 [v4][heartbeat] enter=False sorting=False cam=LIVE ai=LIVE cam_fps=56.4 pub_fps=30.4 frames=270224 result_subs=1 roi=ok intrinsic=ok inference_age_ms=87 target=none transport=False sorting_thread=alive
15:08:39 [v4][heartbeat] enter=False sorting=False cam=LIVE ai=LIVE cam_fps=56.8 pub_fps=30.2 frames=270508 result_subs=1 roi=ok intrinsic=ok inference_age_ms=167 target=none transport=False sorting_thread=alive
15:08:44 [v4][heartbeat] enter=False sorting=False cam=LIVE ai=LIVE cam_fps=59.0 pub_fps=30.4 frames=270803 result_subs=1 roi=ok intrinsic=ok inference_age_ms=125 target=none transport=False sorting_thread=alive
15:08:49 [v4][heartbeat] enter=False sorting=False cam=LIVE ai=LIVE cam_fps=53.6 pub_fps=30.2 frames=271071 result_subs=1 roi=ok intrinsic=ok inference_age_ms=75 target=none transport=False sorting_thread=alive
15:08:54 [v4][heartbeat] enter=False sorting=False cam=LIVE ai=LIVE cam_fps=56.6 pub_fps=30.2 frames=271354 result_subs=1 roi=ok intrinsic=ok inference_age_ms=147 target=none transport=False sorting_thread=alive
15:08:59 [v4][heartbeat] enter=False sorting=False cam=LIVE ai=LIVE cam_fps=56.2 pub_fps=30.4 frames=271635 result_subs=1 roi=ok intrinsic=ok inference_age_ms=94 target=none transport=False sorting_thread=alive
15:09:04 [v4][heartbeat] enter=False sorting=False cam=LIVE ai=LIVE cam_fps=55.4 pub_fps=30.4 frames=271912 result_subs=1 roi=ok intrinsic=ok inference_age_ms=52 target=none transport=False sorting_thread=alive
15:09:09 [v4][heartbeat] enter=False sorting=False cam=LIVE ai=LIVE cam_fps=57.6 pub_fps=30.2 frames=272200 result_subs=1 roi=ok intrinsic=ok inference_age_ms=125 target=none transport=False sorting_thread=alive
15:09:14 [v4][heartbeat] enter=False sorting=False cam=LIVE ai=LIVE cam_fps=54.2 pub_fps=30.4 frames=272471 result_subs=1 roi=ok intrinsic=ok inference_age_ms=83 target=none transport=False sorting_thread=alive
15:09:19 [v4][heartbeat] enter=False sorting=False cam=LIVE ai=LIVE cam_fps=57.0 pub_fps=30.2 frames=272756 result_subs=1 roi=ok intrinsic=ok inference_age_ms=156 target=none transport=False sorting_thread=alive
15:09:24 [v4][heartbeat] enter=False sorting=False cam=LIVE ai=LIVE cam_fps=57.4 pub_fps=30.4 frames=273043 result_subs=1 roi=ok intrinsic=ok inference_age_ms=109 target=none transport=False sorting_thread=alive
15:09:29 [v4][heartbeat] enter=False sorting=False cam=LIVE ai=LIVE cam_fps=53.8 pub_fps=30.2 frames=273312 result_subs=1 roi=ok intrinsic=ok inference_age_ms=61 target=none transport=False sorting_thread=alive
15:09:34 [v4][heartbeat] enter=False sorting=False cam=LIVE ai=LIVE cam_fps=58.2 pub_fps=30.4 frames=273603 result_subs=1 roi=ok intrinsic=ok inference_age_ms=144 target=none transport=False sorting_thread=alive
15:09:39 [v4][heartbeat] enter=False sorting=False cam=LIVE ai=LIVE cam_fps=56.4 pub_fps=30.2 frames=273885 result_subs=1 roi=ok intrinsic=ok inference_age_ms=100 target=none transport=False sorting_thread=alive
15:09:44 [v4][heartbeat] enter=False sorting=False cam=LIVE ai=LIVE cam_fps=56.4 pub_fps=30.4 frames=274167 result_subs=1 roi=ok intrinsic=ok inference_age_ms=60 target=none transport=False sorting_thread=alive
15:09:49 [v4][heartbeat] enter=False sorting=False cam=LIVE ai=LIVE cam_fps=59.0 pub_fps=30.2 frames=274462 result_subs=1 roi=ok intrinsic=ok inference_age_ms=147 target=none transport=False sorting_thread=alive
15:09:54 [v4][heartbeat] enter=False sorting=False cam=LIVE ai=LIVE cam_fps=53.6 pub_fps=30.4 frames=274730 result_subs=1 roi=ok intrinsic=ok inference_age_ms=107 target=none transport=False sorting_thread=alive
15:09:59 [v4][heartbeat] enter=False sorting=False cam=LIVE ai=LIVE cam_fps=59.0 pub_fps=30.2 frames=275025 result_subs=1 roi=ok intrinsic=ok inference_age_ms=67 target=none transport=False sorting_thread=alive
15:10:04 [v4][heartbeat] enter=False sorting=False cam=LIVE ai=LIVE cam_fps=56.6 pub_fps=30.4 frames=275308 result_subs=1 roi=ok intrinsic=ok inference_age_ms=159 target=none transport=False sorting_thread=alive
15:10:09 [v4][heartbeat] enter=False sorting=False cam=LIVE ai=LIVE cam_fps=55.2 pub_fps=30.2 frames=275584 result_subs=1 roi=ok intrinsic=ok inference_age_ms=110 target=none transport=False sorting_thread=alive
15:10:14 [v4][heartbeat] enter=False sorting=False cam=LIVE ai=LIVE cam_fps=58.6 pub_fps=30.4 frames=275877 result_subs=1 roi=ok intrinsic=ok inference_age_ms=67 target=none transport=False sorting_thread=alive
15:10:19 [v4][heartbeat] enter=False sorting=False cam=LIVE ai=LIVE cam_fps=53.2 pub_fps=30.2 frames=276143 result_subs=1 roi=ok intrinsic=ok inference_age_ms=152 target=none transport=False sorting_thread=alive
15:10:24 [v4][heartbeat] enter=False sorting=False cam=LIVE ai=LIVE cam_fps=58.4 pub_fps=30.4 frames=276435 result_subs=1 roi=ok intrinsic=ok inference_age_ms=103 target=none transport=False sorting_thread=alive
15:10:29 [v4][heartbeat] enter=False sorting=False cam=LIVE ai=LIVE cam_fps=55.6 pub_fps=30.2 frames=276713 result_subs=1 roi=ok intrinsic=ok inference_age_ms=62 target=none transport=False sorting_thread=alive
15:10:34 [v4][heartbeat] enter=False sorting=False cam=LIVE ai=LIVE cam_fps=55.6 pub_fps=30.4 frames=276991 result_subs=1 roi=ok intrinsic=ok inference_age_ms=147 target=none transport=False sorting_thread=alive
15:10:39 [v4][heartbeat] enter=False sorting=False cam=LIVE ai=LIVE cam_fps=56.6 pub_fps=30.4 frames=277274 result_subs=1 roi=ok intrinsic=ok inference_age_ms=104 target=none transport=False sorting_thread=alive
15:10:44 [v4][heartbeat] enter=False sorting=False cam=LIVE ai=LIVE cam_fps=54.8 pub_fps=30.2 frames=277548 result_subs=1 roi=ok intrinsic=ok inference_age_ms=65 target=none transport=False sorting_thread=alive
15:10:49 [v4][heartbeat] enter=False sorting=False cam=LIVE ai=LIVE cam_fps=57.6 pub_fps=30.2 frames=277836 result_subs=1 roi=ok intrinsic=ok inference_age_ms=132 target=none transport=False sorting_thread=alive
15:10:54 [v4][heartbeat] enter=False sorting=False cam=LIVE ai=LIVE cam_fps=58.0 pub_fps=30.4 frames=278126 result_subs=1 roi=ok intrinsic=ok inference_age_ms=81 target=none transport=False sorting_thread=alive
15:10:59 [v4][heartbeat] enter=False sorting=False cam=LIVE ai=LIVE cam_fps=54.8 pub_fps=30.4 frames=278400 result_subs=1 roi=ok intrinsic=ok inference_age_ms=44 target=none transport=False sorting_thread=alive
15:11:04 [v4][heartbeat] enter=False sorting=False cam=LIVE ai=LIVE cam_fps=59.2 pub_fps=30.2 frames=278696 result_subs=1 roi=ok intrinsic=ok inference_age_ms=118 target=none transport=False sorting_thread=alive
15:11:09 [v4][heartbeat] enter=False sorting=False cam=LIVE ai=LIVE cam_fps=56.2 pub_fps=30.4 frames=278977 result_subs=1 roi=ok intrinsic=ok inference_age_ms=67 target=none transport=False sorting_thread=alive
15:11:14 [v4][heartbeat] enter=False sorting=False cam=LIVE ai=LIVE cam_fps=57.8 pub_fps=30.2 frames=279266 result_subs=1 roi=ok intrinsic=ok inference_age_ms=141 target=none transport=False sorting_thread=alive
15:11:19 [v4][heartbeat] enter=False sorting=False cam=LIVE ai=LIVE cam_fps=58.2 pub_fps=30.4 frames=279557 result_subs=1 roi=ok intrinsic=ok inference_age_ms=95 target=none transport=False sorting_thread=alive
15:11:24 [v4][heartbeat] enter=False sorting=False cam=LIVE ai=LIVE cam_fps=53.8 pub_fps=30.2 frames=279826 result_subs=1 roi=ok intrinsic=ok inference_age_ms=55 target=none transport=False sorting_thread=alive
15:11:29 [v4][heartbeat] enter=False sorting=False cam=LIVE ai=LIVE cam_fps=58.4 pub_fps=30.2 frames=280118 result_subs=1 roi=ok intrinsic=ok inference_age_ms=138 target=none transport=False sorting_thread=alive
15:11:34 [v4][heartbeat] enter=False sorting=False cam=LIVE ai=LIVE cam_fps=55.6 pub_fps=30.4 frames=280396 result_subs=1 roi=ok intrinsic=ok inference_age_ms=93 target=none transport=False sorting_thread=alive
15:11:39 [v4][heartbeat] enter=False sorting=False cam=LIVE ai=LIVE cam_fps=57.8 pub_fps=30.4 frames=280685 result_subs=1 roi=ok intrinsic=ok inference_age_ms=50 target=none transport=False sorting_thread=alive
15:11:44 [v4][heartbeat] enter=False sorting=False cam=LIVE ai=LIVE cam_fps=58.2 pub_fps=30.2 frames=280976 result_subs=1 roi=ok intrinsic=ok inference_age_ms=129 target=none transport=False sorting_thread=alive
15:11:49 [v4][heartbeat] enter=False sorting=False cam=LIVE ai=LIVE cam_fps=56.5 pub_fps=30.4 frames=281259 result_subs=1 roi=ok intrinsic=ok inference_age_ms=82 target=none transport=False sorting_thread=alive
15:11:54 [v4][heartbeat] enter=False sorting=False cam=LIVE ai=LIVE cam_fps=58.7 pub_fps=30.2 frames=281552 result_subs=1 roi=ok intrinsic=ok inference_age_ms=169 target=none transport=False sorting_thread=alive
15:11:59 [v4][heartbeat] enter=False sorting=False cam=LIVE ai=LIVE cam_fps=55.8 pub_fps=30.4 frames=281831 result_subs=1 roi=ok intrinsic=ok inference_age_ms=130 target=none transport=False sorting_thread=alive
15:12:04 [v4][heartbeat] enter=False sorting=False cam=LIVE ai=LIVE cam_fps=56.8 pub_fps=30.2 frames=282115 result_subs=1 roi=ok intrinsic=ok inference_age_ms=75 target=none transport=False sorting_thread=alive
15:12:09 [v4][heartbeat] enter=False sorting=False cam=LIVE ai=LIVE cam_fps=59.2 pub_fps=30.4 frames=282411 result_subs=1 roi=ok intrinsic=ok inference_age_ms=165 target=none transport=False sorting_thread=alive
15:12:14 [v4][heartbeat] enter=False sorting=False cam=LIVE ai=LIVE cam_fps=55.8 pub_fps=30.2 frames=282690 result_subs=1 roi=ok intrinsic=ok inference_age_ms=120 target=none transport=False sorting_thread=alive
15:12:19 [v4][heartbeat] enter=False sorting=False cam=LIVE ai=LIVE cam_fps=58.6 pub_fps=30.4 frames=282983 result_subs=1 roi=ok intrinsic=ok inference_age_ms=73 target=none transport=False sorting_thread=alive
15:12:24 [v4][heartbeat] enter=False sorting=False cam=LIVE ai=LIVE cam_fps=56.4 pub_fps=30.2 frames=283265 result_subs=1 roi=ok intrinsic=ok inference_age_ms=152 target=none transport=False sorting_thread=alive
15:12:29 [v4][heartbeat] enter=False sorting=False cam=LIVE ai=LIVE cam_fps=57.4 pub_fps=30.4 frames=283552 result_subs=1 roi=ok intrinsic=ok inference_age_ms=117 target=none transport=False sorting_thread=alive
15:12:34 [v4][heartbeat] enter=False sorting=False cam=LIVE ai=LIVE cam_fps=56.8 pub_fps=30.2 frames=283836 result_subs=1 roi=ok intrinsic=ok inference_age_ms=70 target=none transport=False sorting_thread=alive
15:12:39 [v4][heartbeat] enter=False sorting=False cam=LIVE ai=LIVE cam_fps=52.6 pub_fps=30.4 frames=284099 result_subs=1 roi=ok intrinsic=ok inference_age_ms=135 target=none transport=False sorting_thread=alive
15:12:44 [v4][heartbeat] enter=False sorting=False cam=LIVE ai=LIVE cam_fps=56.8 pub_fps=30.2 frames=284383 result_subs=1 roi=ok intrinsic=ok inference_age_ms=89 target=none transport=False sorting_thread=alive
15:12:49 [v4][heartbeat] enter=False sorting=False cam=LIVE ai=LIVE cam_fps=56.0 pub_fps=30.4 frames=284663 result_subs=1 roi=ok intrinsic=ok inference_age_ms=48 target=none transport=False sorting_thread=alive
15:12:54 [v4][heartbeat] enter=False sorting=False cam=LIVE ai=LIVE cam_fps=55.0 pub_fps=30.2 frames=284938 result_subs=1 roi=ok intrinsic=ok inference_age_ms=130 target=none transport=False sorting_thread=alive
15:12:59 [v4][heartbeat] enter=False sorting=False cam=LIVE ai=LIVE cam_fps=58.4 pub_fps=30.4 frames=285230 result_subs=1 roi=ok intrinsic=ok inference_age_ms=85 target=none transport=False sorting_thread=alive
15:13:04 [v4][heartbeat] enter=False sorting=False cam=LIVE ai=LIVE cam_fps=53.8 pub_fps=30.2 frames=285499 result_subs=1 roi=ok intrinsic=ok inference_age_ms=168 target=none transport=False sorting_thread=alive
15:13:09 [v4][heartbeat] enter=False sorting=False cam=LIVE ai=LIVE cam_fps=57.0 pub_fps=30.4 frames=285784 result_subs=1 roi=ok intrinsic=ok inference_age_ms=119 target=none transport=False sorting_thread=alive
15:13:14 [v4][heartbeat] enter=False sorting=False cam=LIVE ai=LIVE cam_fps=57.6 pub_fps=30.4 frames=286072 result_subs=1 roi=ok intrinsic=ok inference_age_ms=70 target=none transport=False sorting_thread=alive
15:13:19 [v4][heartbeat] enter=False sorting=False cam=LIVE ai=LIVE cam_fps=56.8 pub_fps=30.2 frames=286356 result_subs=1 roi=ok intrinsic=ok inference_age_ms=148 target=none transport=False sorting_thread=alive
15:13:24 [v4][heartbeat] enter=False sorting=False cam=LIVE ai=LIVE cam_fps=59.0 pub_fps=30.4 frames=286651 result_subs=1 roi=ok intrinsic=ok inference_age_ms=101 target=none transport=False sorting_thread=alive
15:13:29 [v4][heartbeat] enter=False sorting=False cam=LIVE ai=LIVE cam_fps=55.2 pub_fps=30.2 frames=286927 result_subs=1 roi=ok intrinsic=ok inference_age_ms=57 target=none transport=False sorting_thread=alive
15:13:34 [v4][heartbeat] enter=False sorting=False cam=LIVE ai=LIVE cam_fps=55.8 pub_fps=30.2 frames=287206 result_subs=1 roi=ok intrinsic=ok inference_age_ms=136 target=none transport=False sorting_thread=alive
15:13:39 [v4][heartbeat] enter=False sorting=False cam=LIVE ai=LIVE cam_fps=57.4 pub_fps=30.4 frames=287493 result_subs=1 roi=ok intrinsic=ok inference_age_ms=77 target=none transport=False sorting_thread=alive
15:13:44 [v4][heartbeat] enter=False sorting=False cam=LIVE ai=LIVE cam_fps=56.1 pub_fps=30.4 frames=287774 result_subs=1 roi=ok intrinsic=ok inference_age_ms=40 target=none transport=False sorting_thread=alive
15:13:49 [v4][heartbeat] enter=False sorting=False cam=LIVE ai=LIVE cam_fps=57.5 pub_fps=30.2 frames=288061 result_subs=1 roi=ok intrinsic=ok inference_age_ms=113 target=none transport=False sorting_thread=alive
15:13:54 [v4][heartbeat] enter=False sorting=False cam=LIVE ai=LIVE cam_fps=55.2 pub_fps=30.4 frames=288337 result_subs=1 roi=ok intrinsic=ok inference_age_ms=61 target=none transport=False sorting_thread=alive
15:13:59 [v4][heartbeat] enter=False sorting=False cam=LIVE ai=LIVE cam_fps=56.4 pub_fps=30.2 frames=288619 result_subs=1 roi=ok intrinsic=ok inference_age_ms=135 target=none transport=False sorting_thread=alive
15:14:04 [v4][heartbeat] enter=False sorting=False cam=LIVE ai=LIVE cam_fps=58.2 pub_fps=30.4 frames=288910 result_subs=1 roi=ok intrinsic=ok inference_age_ms=101 target=none transport=False sorting_thread=alive
15:14:09 [v4][heartbeat] enter=False sorting=False cam=LIVE ai=LIVE cam_fps=54.4 pub_fps=30.2 frames=289182 result_subs=1 roi=ok intrinsic=ok inference_age_ms=53 target=none transport=False sorting_thread=alive
15:14:14 [v4][heartbeat] enter=False sorting=False cam=LIVE ai=LIVE cam_fps=57.9 pub_fps=30.4 frames=289472 result_subs=1 roi=ok intrinsic=ok inference_age_ms=144 target=none transport=False sorting_thread=alive
15:14:19 [v4][heartbeat] enter=False sorting=False cam=LIVE ai=LIVE cam_fps=55.1 pub_fps=30.2 frames=289747 result_subs=1 roi=ok intrinsic=ok inference_age_ms=99 target=none transport=False sorting_thread=alive
15:14:24 [v4][heartbeat] enter=False sorting=False cam=LIVE ai=LIVE cam_fps=57.4 pub_fps=30.4 frames=290034 result_subs=1 roi=ok intrinsic=ok inference_age_ms=63 target=none transport=False sorting_thread=alive
15:14:29 [v4][heartbeat] enter=False sorting=False cam=LIVE ai=LIVE cam_fps=56.8 pub_fps=30.2 frames=290318 result_subs=1 roi=ok intrinsic=ok inference_age_ms=146 target=none transport=False sorting_thread=alive
15:14:34 [v4][heartbeat] enter=False sorting=False cam=LIVE ai=LIVE cam_fps=53.8 pub_fps=30.4 frames=290587 result_subs=1 roi=ok intrinsic=ok inference_age_ms=104 target=none transport=False sorting_thread=alive
15:14:39 [v4][heartbeat] enter=False sorting=False cam=LIVE ai=LIVE cam_fps=58.3 pub_fps=30.2 frames=290878 result_subs=1 roi=ok intrinsic=ok inference_age_ms=54 target=none transport=False sorting_thread=alive
15:14:44 [v4][heartbeat] enter=False sorting=False cam=LIVE ai=LIVE cam_fps=55.4 pub_fps=30.4 frames=291155 result_subs=1 roi=ok intrinsic=ok inference_age_ms=146 target=none transport=False sorting_thread=alive
15:14:49 [v4][heartbeat] enter=False sorting=False cam=LIVE ai=LIVE cam_fps=57.4 pub_fps=30.2 frames=291442 result_subs=1 roi=ok intrinsic=ok inference_age_ms=105 target=none transport=False sorting_thread=alive
15:14:54 [v4][heartbeat] enter=False sorting=False cam=LIVE ai=LIVE cam_fps=59.2 pub_fps=30.4 frames=291738 result_subs=1 roi=ok intrinsic=ok inference_age_ms=62 target=none transport=False sorting_thread=alive
15:14:59 [v4][heartbeat] enter=False sorting=False cam=LIVE ai=LIVE cam_fps=55.7 pub_fps=30.2 frames=292017 result_subs=1 roi=ok intrinsic=ok inference_age_ms=144 target=none transport=False sorting_thread=alive
15:15:04 [v4][heartbeat] enter=False sorting=False cam=LIVE ai=LIVE cam_fps=56.4 pub_fps=30.4 frames=292299 result_subs=1 roi=ok intrinsic=ok inference_age_ms=84 target=none transport=False sorting_thread=alive
15:15:09 [v4][heartbeat] enter=False sorting=False cam=LIVE ai=LIVE cam_fps=56.8 pub_fps=30.2 frames=292583 result_subs=1 roi=ok intrinsic=ok inference_age_ms=42 target=none transport=False sorting_thread=alive
15:15:14 [v4][heartbeat] enter=False sorting=False cam=LIVE ai=LIVE cam_fps=53.6 pub_fps=30.4 frames=292851 result_subs=1 roi=ok intrinsic=ok inference_age_ms=117 target=none transport=False sorting_thread=alive
15:15:19 [v4][heartbeat] enter=False sorting=False cam=LIVE ai=LIVE cam_fps=59.4 pub_fps=30.2 frames=293148 result_subs=1 roi=ok intrinsic=ok inference_age_ms=73 target=none transport=False sorting_thread=alive
15:15:24 [v4][heartbeat] enter=False sorting=False cam=LIVE ai=LIVE cam_fps=55.4 pub_fps=30.4 frames=293425 result_subs=1 roi=ok intrinsic=ok inference_age_ms=161 target=none transport=False sorting_thread=alive
15:15:29 [v4][heartbeat] enter=False sorting=False cam=LIVE ai=LIVE cam_fps=58.4 pub_fps=30.2 frames=293717 result_subs=1 roi=ok intrinsic=ok inference_age_ms=111 target=none transport=False sorting_thread=alive
15:15:34 [v4][heartbeat] enter=False sorting=False cam=LIVE ai=LIVE cam_fps=58.0 pub_fps=30.4 frames=294007 result_subs=1 roi=ok intrinsic=ok inference_age_ms=65 target=none transport=False sorting_thread=alive
15:15:39 [v4][heartbeat] enter=False sorting=False cam=LIVE ai=LIVE cam_fps=56.4 pub_fps=30.2 frames=294289 result_subs=1 roi=ok intrinsic=ok inference_age_ms=140 target=none transport=False sorting_thread=alive
15:15:44 [v4][heartbeat] enter=False sorting=False cam=LIVE ai=LIVE cam_fps=59.0 pub_fps=30.4 frames=294584 result_subs=1 roi=ok intrinsic=ok inference_age_ms=102 target=none transport=False sorting_thread=alive
15:15:49 [v4][heartbeat] enter=False sorting=False cam=LIVE ai=LIVE cam_fps=55.6 pub_fps=30.2 frames=294862 result_subs=1 roi=ok intrinsic=ok inference_age_ms=53 target=none transport=False sorting_thread=alive
15:15:54 [v4][heartbeat] enter=False sorting=False cam=LIVE ai=LIVE cam_fps=56.2 pub_fps=30.4 frames=295143 result_subs=1 roi=ok intrinsic=ok inference_age_ms=136 target=none transport=False sorting_thread=alive
15:15:59 [v4][heartbeat] enter=False sorting=False cam=LIVE ai=LIVE cam_fps=57.6 pub_fps=30.4 frames=295431 result_subs=1 roi=ok intrinsic=ok inference_age_ms=91 target=none transport=False sorting_thread=alive
15:16:04 [v4][heartbeat] enter=False sorting=False cam=LIVE ai=LIVE cam_fps=56.8 pub_fps=30.2 frames=295715 result_subs=1 roi=ok intrinsic=ok inference_age_ms=176 target=none transport=False sorting_thread=alive
15:16:09 [v4][heartbeat] enter=False sorting=False cam=LIVE ai=LIVE cam_fps=58.2 pub_fps=30.4 frames=296006 result_subs=1 roi=ok intrinsic=ok inference_age_ms=122 target=none transport=False sorting_thread=alive
15:16:14 [v4][heartbeat] enter=False sorting=False cam=LIVE ai=LIVE cam_fps=55.2 pub_fps=30.2 frames=296282 result_subs=1 roi=ok intrinsic=ok inference_age_ms=80 target=none transport=False sorting_thread=alive
15:16:19 [v4][heartbeat] enter=False sorting=False cam=LIVE ai=LIVE cam_fps=58.0 pub_fps=30.2 frames=296572 result_subs=1 roi=ok intrinsic=ok inference_age_ms=153 target=none transport=False sorting_thread=alive
15:16:24 [v4][heartbeat] enter=False sorting=False cam=LIVE ai=LIVE cam_fps=57.0 pub_fps=30.4 frames=296857 result_subs=1 roi=ok intrinsic=ok inference_age_ms=109 target=none transport=False sorting_thread=alive
15:16:29 [v4][heartbeat] enter=False sorting=False cam=LIVE ai=LIVE cam_fps=54.1 pub_fps=30.4 frames=297128 result_subs=1 roi=ok intrinsic=ok inference_age_ms=74 target=none transport=False sorting_thread=alive
15:16:34 [v4][heartbeat] enter=False sorting=False cam=LIVE ai=LIVE cam_fps=58.4 pub_fps=30.2 frames=297420 result_subs=1 roi=ok intrinsic=ok inference_age_ms=160 target=none transport=False sorting_thread=alive
15:16:39 [v4][heartbeat] enter=False sorting=False cam=LIVE ai=LIVE cam_fps=56.0 pub_fps=30.4 frames=297700 result_subs=1 roi=ok intrinsic=ok inference_age_ms=106 target=none transport=False sorting_thread=alive
15:16:44 [v4][heartbeat] enter=False sorting=False cam=LIVE ai=LIVE cam_fps=55.0 pub_fps=30.2 frames=297975 result_subs=1 roi=ok intrinsic=ok inference_age_ms=70 target=none transport=False sorting_thread=alive
15:16:49 [v4][heartbeat] enter=False sorting=False cam=LIVE ai=LIVE cam_fps=58.8 pub_fps=30.2 frames=298269 result_subs=1 roi=ok intrinsic=ok inference_age_ms=154 target=none transport=False sorting_thread=alive
15:16:54 [v4][heartbeat] enter=False sorting=False cam=LIVE ai=LIVE cam_fps=56.6 pub_fps=30.4 frames=298552 result_subs=1 roi=ok intrinsic=ok inference_age_ms=102 target=none transport=False sorting_thread=alive
15:16:59 [v4][heartbeat] enter=False sorting=False cam=LIVE ai=LIVE cam_fps=57.8 pub_fps=30.4 frames=298841 result_subs=1 roi=ok intrinsic=ok inference_age_ms=63 target=none transport=False sorting_thread=alive
15:17:04 [v4][heartbeat] enter=False sorting=False cam=LIVE ai=LIVE cam_fps=55.6 pub_fps=30.2 frames=299119 result_subs=1 roi=ok intrinsic=ok inference_age_ms=149 target=none transport=False sorting_thread=alive
15:17:09 [v4][heartbeat] enter=False sorting=False cam=LIVE ai=LIVE cam_fps=58.2 pub_fps=30.4 frames=299410 result_subs=1 roi=ok intrinsic=ok inference_age_ms=103 target=none transport=False sorting_thread=alive
15:17:14 [v4][heartbeat] enter=False sorting=False cam=LIVE ai=LIVE cam_fps=58.6 pub_fps=30.2 frames=299703 result_subs=1 roi=ok intrinsic=ok inference_age_ms=58 target=none transport=False sorting_thread=alive
15:17:19 [v4][heartbeat] enter=False sorting=False cam=LIVE ai=LIVE cam_fps=55.4 pub_fps=30.2 frames=299980 result_subs=1 roi=ok intrinsic=ok inference_age_ms=145 target=none transport=False sorting_thread=alive
15:17:24 [v4][heartbeat] enter=False sorting=False cam=LIVE ai=LIVE cam_fps=58.4 pub_fps=30.4 frames=300272 result_subs=1 roi=ok intrinsic=ok inference_age_ms=104 target=none transport=False sorting_thread=alive
15:17:29 [v4][heartbeat] enter=False sorting=False cam=LIVE ai=LIVE cam_fps=55.2 pub_fps=30.4 frames=300548 result_subs=1 roi=ok intrinsic=ok inference_age_ms=64 target=none transport=False sorting_thread=alive
15:17:34 [v4][heartbeat] enter=False sorting=False cam=LIVE ai=LIVE cam_fps=55.0 pub_fps=30.2 frames=300823 result_subs=1 roi=ok intrinsic=ok inference_age_ms=144 target=none transport=False sorting_thread=alive
15:17:39 [v4][heartbeat] enter=False sorting=False cam=LIVE ai=LIVE cam_fps=59.4 pub_fps=30.4 frames=301120 result_subs=1 roi=ok intrinsic=ok inference_age_ms=99 target=none transport=False sorting_thread=alive
15:17:44 [v4][heartbeat] enter=False sorting=False cam=LIVE ai=LIVE cam_fps=53.2 pub_fps=30.2 frames=301386 result_subs=1 roi=ok intrinsic=ok inference_age_ms=58 target=none transport=False sorting_thread=alive
15:17:49 [v4][heartbeat] enter=False sorting=False cam=LIVE ai=LIVE cam_fps=57.0 pub_fps=30.4 frames=301671 result_subs=1 roi=ok intrinsic=ok inference_age_ms=125 target=none transport=False sorting_thread=alive
15:17:54 [v4][heartbeat] enter=False sorting=False cam=LIVE ai=LIVE cam_fps=57.0 pub_fps=30.2 frames=301956 result_subs=1 roi=ok intrinsic=ok inference_age_ms=77 target=none transport=False sorting_thread=alive
15:17:59 [v4][heartbeat] enter=False sorting=False cam=LIVE ai=LIVE cam_fps=56.6 pub_fps=30.4 frames=302239 result_subs=1 roi=ok intrinsic=ok inference_age_ms=156 target=none transport=False sorting_thread=alive
15:18:04 [v4][heartbeat] enter=False sorting=False cam=LIVE ai=LIVE cam_fps=58.6 pub_fps=30.2 frames=302532 result_subs=1 roi=ok intrinsic=ok inference_age_ms=104 target=none transport=False sorting_thread=alive
15:18:09 [v4][heartbeat] enter=False sorting=False cam=LIVE ai=LIVE cam_fps=54.4 pub_fps=30.4 frames=302804 result_subs=1 roi=ok intrinsic=ok inference_age_ms=63 target=none transport=False sorting_thread=alive
15:18:14 [v4][heartbeat] enter=False sorting=False cam=LIVE ai=LIVE cam_fps=59.2 pub_fps=30.2 frames=303100 result_subs=1 roi=ok intrinsic=ok inference_age_ms=144 target=none transport=False sorting_thread=alive
15:18:19 [v4][heartbeat] enter=False sorting=False cam=LIVE ai=LIVE cam_fps=57.8 pub_fps=30.4 frames=303389 result_subs=1 roi=ok intrinsic=ok inference_age_ms=102 target=none transport=False sorting_thread=alive
15:18:24 [v4][heartbeat] enter=False sorting=False cam=LIVE ai=LIVE cam_fps=55.8 pub_fps=30.2 frames=303668 result_subs=1 roi=ok intrinsic=ok inference_age_ms=64 target=none transport=False sorting_thread=alive
15:18:29 [v4][heartbeat] enter=False sorting=False cam=LIVE ai=LIVE cam_fps=58.2 pub_fps=30.4 frames=303959 result_subs=1 roi=ok intrinsic=ok inference_age_ms=150 target=none transport=False sorting_thread=alive
15:18:34 [v4][heartbeat] enter=False sorting=False cam=LIVE ai=LIVE cam_fps=55.8 pub_fps=30.2 frames=304238 result_subs=1 roi=ok intrinsic=ok inference_age_ms=104 target=none transport=False sorting_thread=alive
15:18:39 [v4][heartbeat] enter=False sorting=False cam=LIVE ai=LIVE cam_fps=57.4 pub_fps=30.4 frames=304525 result_subs=1 roi=ok intrinsic=ok inference_age_ms=49 target=none transport=False sorting_thread=alive
15:18:44 [v4][heartbeat] enter=False sorting=False cam=LIVE ai=LIVE cam_fps=57.0 pub_fps=30.2 frames=304810 result_subs=1 roi=ok intrinsic=ok inference_age_ms=136 target=none transport=False sorting_thread=alive
15:18:49 [v4][heartbeat] enter=False sorting=False cam=LIVE ai=LIVE cam_fps=57.2 pub_fps=30.4 frames=305096 result_subs=1 roi=ok intrinsic=ok inference_age_ms=93 target=none transport=False sorting_thread=alive
15:18:54 [v4][heartbeat] enter=False sorting=False cam=LIVE ai=LIVE cam_fps=59.0 pub_fps=30.2 frames=305391 result_subs=1 roi=ok intrinsic=ok inference_age_ms=44 target=none transport=False sorting_thread=alive
15:18:59 [v4][heartbeat] enter=False sorting=False cam=LIVE ai=LIVE cam_fps=56.0 pub_fps=30.4 frames=305671 result_subs=1 roi=ok intrinsic=ok inference_age_ms=131 target=none transport=False sorting_thread=alive
15:19:04 [v4][heartbeat] enter=False sorting=False cam=LIVE ai=LIVE cam_fps=57.6 pub_fps=30.2 frames=305959 result_subs=1 roi=ok intrinsic=ok inference_age_ms=93 target=none transport=False sorting_thread=alive
15:19:09 [v4][heartbeat] enter=False sorting=False cam=LIVE ai=LIVE cam_fps=58.2 pub_fps=30.4 frames=306250 result_subs=1 roi=ok intrinsic=ok inference_age_ms=174 target=none transport=False sorting_thread=alive
15:19:14 [v4][heartbeat] enter=False sorting=False cam=LIVE ai=LIVE cam_fps=54.2 pub_fps=30.2 frames=306521 result_subs=1 roi=ok intrinsic=ok inference_age_ms=130 target=none transport=False sorting_thread=alive
15:19:19 [v4][heartbeat] enter=False sorting=False cam=LIVE ai=LIVE cam_fps=58.3 pub_fps=30.4 frames=306812 result_subs=1 roi=ok intrinsic=ok inference_age_ms=80 target=none transport=False sorting_thread=alive
15:19:24 [v4][heartbeat] enter=False sorting=False cam=LIVE ai=LIVE cam_fps=55.6 pub_fps=30.4 frames=307090 result_subs=1 roi=ok intrinsic=ok inference_age_ms=45 target=none transport=False sorting_thread=alive
15:19:29 [v4][heartbeat] enter=False sorting=False cam=LIVE ai=LIVE cam_fps=56.4 pub_fps=30.2 frames=307372 result_subs=1 roi=ok intrinsic=ok inference_age_ms=129 target=none transport=False sorting_thread=alive
15:19:34 [v4][heartbeat] enter=False sorting=False cam=LIVE ai=LIVE cam_fps=57.8 pub_fps=30.4 frames=307661 result_subs=1 roi=ok intrinsic=ok inference_age_ms=90 target=none transport=False sorting_thread=alive
15:19:39 [v4][heartbeat] enter=False sorting=False cam=LIVE ai=LIVE cam_fps=55.0 pub_fps=30.2 frames=307936 result_subs=1 roi=ok intrinsic=ok inference_age_ms=39 target=none transport=False sorting_thread=alive
15:19:44 [v4][heartbeat] enter=False sorting=False cam=LIVE ai=LIVE cam_fps=57.5 pub_fps=30.4 frames=308224 result_subs=1 roi=ok intrinsic=ok inference_age_ms=124 target=none transport=False sorting_thread=alive
15:19:49 [v4][heartbeat] enter=False sorting=False cam=LIVE ai=LIVE cam_fps=55.3 pub_fps=30.2 frames=308500 result_subs=1 roi=ok intrinsic=ok inference_age_ms=67 target=none transport=False sorting_thread=alive
15:19:54 [v4][heartbeat] enter=False sorting=False cam=LIVE ai=LIVE cam_fps=57.0 pub_fps=30.4 frames=308785 result_subs=1 roi=ok intrinsic=ok inference_age_ms=155 target=none transport=False sorting_thread=alive
15:19:59 [v4][heartbeat] enter=False sorting=False cam=LIVE ai=LIVE cam_fps=59.4 pub_fps=30.2 frames=309082 result_subs=1 roi=ok intrinsic=ok inference_age_ms=106 target=none transport=False sorting_thread=alive
15:20:04 [v4][heartbeat] enter=False sorting=False cam=LIVE ai=LIVE cam_fps=55.2 pub_fps=30.2 frames=309358 result_subs=1 roi=ok intrinsic=ok inference_age_ms=166 target=none transport=False sorting_thread=alive
15:20:09 [v4][heartbeat] enter=False sorting=False cam=LIVE ai=LIVE cam_fps=57.2 pub_fps=30.4 frames=309644 result_subs=1 roi=ok intrinsic=ok inference_age_ms=115 target=none transport=False sorting_thread=alive
15:20:14 [v4][heartbeat] enter=False sorting=False cam=LIVE ai=LIVE cam_fps=56.4 pub_fps=30.4 frames=309926 result_subs=1 roi=ok intrinsic=ok inference_age_ms=72 target=none transport=False sorting_thread=alive
15:20:19 [v4][heartbeat] enter=False sorting=False cam=LIVE ai=LIVE cam_fps=55.4 pub_fps=30.2 frames=310203 result_subs=1 roi=ok intrinsic=ok inference_age_ms=152 target=none transport=False sorting_thread=alive
15:20:24 [v4][heartbeat] enter=False sorting=False cam=LIVE ai=LIVE cam_fps=58.6 pub_fps=30.4 frames=310496 result_subs=1 roi=ok intrinsic=ok inference_age_ms=105 target=none transport=False sorting_thread=alive
15:20:29 [v4][heartbeat] enter=False sorting=False cam=LIVE ai=LIVE cam_fps=54.6 pub_fps=30.2 frames=310769 result_subs=1 roi=ok intrinsic=ok inference_age_ms=58 target=none transport=False sorting_thread=alive
15:20:34 [v4][heartbeat] enter=False sorting=False cam=LIVE ai=LIVE cam_fps=57.6 pub_fps=30.4 frames=311057 result_subs=1 roi=ok intrinsic=ok inference_age_ms=133 target=none transport=False sorting_thread=alive
15:20:39 [v4][heartbeat] enter=False sorting=False cam=LIVE ai=LIVE cam_fps=56.0 pub_fps=30.2 frames=311337 result_subs=1 roi=ok intrinsic=ok inference_age_ms=92 target=none transport=False sorting_thread=alive
15:20:44 [v4][heartbeat] enter=False sorting=False cam=LIVE ai=LIVE cam_fps=55.0 pub_fps=30.4 frames=311612 result_subs=1 roi=ok intrinsic=ok inference_age_ms=50 target=none transport=False sorting_thread=alive
15:20:49 [v4][heartbeat] enter=False sorting=False cam=LIVE ai=LIVE cam_fps=58.2 pub_fps=30.2 frames=311903 result_subs=1 roi=ok intrinsic=ok inference_age_ms=129 target=none transport=False sorting_thread=alive
15:20:54 [v4][heartbeat] enter=False sorting=False cam=LIVE ai=LIVE cam_fps=56.2 pub_fps=30.4 frames=312184 result_subs=1 roi=ok intrinsic=ok inference_age_ms=86 target=none transport=False sorting_thread=alive
15:20:59 [v4][heartbeat] enter=False sorting=False cam=LIVE ai=LIVE cam_fps=56.0 pub_fps=30.2 frames=312464 result_subs=1 roi=ok intrinsic=ok inference_age_ms=163 target=none transport=False sorting_thread=alive
15:21:04 [v4][heartbeat] enter=False sorting=False cam=LIVE ai=LIVE cam_fps=55.2 pub_fps=30.4 frames=312740 result_subs=1 roi=ok intrinsic=ok inference_age_ms=117 target=none transport=False sorting_thread=alive
15:21:09 [v4][heartbeat] enter=False sorting=False cam=LIVE ai=LIVE cam_fps=55.2 pub_fps=30.4 frames=313016 result_subs=1 roi=ok intrinsic=ok inference_age_ms=65 target=none transport=False sorting_thread=alive
15:21:14 [v4][heartbeat] enter=False sorting=False cam=LIVE ai=LIVE cam_fps=58.4 pub_fps=30.2 frames=313308 result_subs=1 roi=ok intrinsic=ok inference_age_ms=134 target=none transport=False sorting_thread=alive
15:21:19 [v4][heartbeat] enter=False sorting=False cam=LIVE ai=LIVE cam_fps=56.4 pub_fps=30.2 frames=313590 result_subs=1 roi=ok intrinsic=ok inference_age_ms=88 target=none transport=False sorting_thread=alive
15:21:24 [v4][heartbeat] enter=False sorting=False cam=LIVE ai=LIVE cam_fps=55.4 pub_fps=30.4 frames=313867 result_subs=1 roi=ok intrinsic=ok inference_age_ms=55 target=none transport=False sorting_thread=alive
15:21:29 [v4][heartbeat] enter=False sorting=False cam=LIVE ai=LIVE cam_fps=56.4 pub_fps=30.4 frames=314149 result_subs=1 roi=ok intrinsic=ok inference_age_ms=135 target=none transport=False sorting_thread=alive
15:21:34 [v4][heartbeat] enter=False sorting=False cam=LIVE ai=LIVE cam_fps=54.6 pub_fps=30.2 frames=314422 result_subs=1 roi=ok intrinsic=ok inference_age_ms=88 target=none transport=False sorting_thread=alive
15:21:39 [v4][heartbeat] enter=False sorting=False cam=LIVE ai=LIVE cam_fps=57.8 pub_fps=30.2 frames=314711 result_subs=1 roi=ok intrinsic=ok inference_age_ms=49 target=none transport=False sorting_thread=alive
15:21:44 [v4][heartbeat] enter=False sorting=False cam=LIVE ai=LIVE cam_fps=55.6 pub_fps=30.4 frames=314989 result_subs=1 roi=ok intrinsic=ok inference_age_ms=132 target=none transport=False sorting_thread=alive
15:21:49 [v4][heartbeat] enter=False sorting=False cam=LIVE ai=LIVE cam_fps=57.2 pub_fps=30.2 frames=315275 result_subs=1 roi=ok intrinsic=ok inference_age_ms=90 target=none transport=False sorting_thread=alive
15:21:54 [v4][heartbeat] enter=False sorting=False cam=LIVE ai=LIVE cam_fps=57.6 pub_fps=30.4 frames=315563 result_subs=1 roi=ok intrinsic=ok inference_age_ms=49 target=none transport=False sorting_thread=alive
15:21:59 [v4][heartbeat] enter=False sorting=False cam=LIVE ai=LIVE cam_fps=54.0 pub_fps=30.2 frames=315833 result_subs=1 roi=ok intrinsic=ok inference_age_ms=126 target=none transport=False sorting_thread=alive
15:22:04 [v4][heartbeat] enter=False sorting=False cam=LIVE ai=LIVE cam_fps=59.2 pub_fps=30.4 frames=316129 result_subs=1 roi=ok intrinsic=ok inference_age_ms=84 target=none transport=False sorting_thread=alive
15:22:09 [v4][heartbeat] enter=False sorting=False cam=LIVE ai=LIVE cam_fps=57.8 pub_fps=30.2 frames=316418 result_subs=1 roi=ok intrinsic=ok inference_age_ms=34 target=none transport=False sorting_thread=alive
15:22:14 [v4][heartbeat] enter=False sorting=False cam=LIVE ai=LIVE cam_fps=56.2 pub_fps=30.4 frames=316699 result_subs=1 roi=ok intrinsic=ok inference_age_ms=114 target=none transport=False sorting_thread=alive
15:22:19 [v4][heartbeat] enter=False sorting=False cam=LIVE ai=LIVE cam_fps=58.2 pub_fps=30.2 frames=316990 result_subs=1 roi=ok intrinsic=ok inference_age_ms=64 target=none transport=False sorting_thread=alive
15:22:24 [v4][heartbeat] enter=False sorting=False cam=LIVE ai=LIVE cam_fps=53.2 pub_fps=30.4 frames=317256 result_subs=1 roi=ok intrinsic=ok inference_age_ms=142 target=none transport=False sorting_thread=alive
15:22:29 [v4][heartbeat] enter=False sorting=False cam=LIVE ai=LIVE cam_fps=58.0 pub_fps=30.4 frames=317546 result_subs=1 roi=ok intrinsic=ok inference_age_ms=97 target=none transport=False sorting_thread=alive
15:22:34 [v4][heartbeat] enter=False sorting=False cam=LIVE ai=LIVE cam_fps=56.0 pub_fps=30.2 frames=317826 result_subs=1 roi=ok intrinsic=ok inference_age_ms=53 target=none transport=False sorting_thread=alive
15:22:39 [v4][heartbeat] enter=False sorting=False cam=LIVE ai=LIVE cam_fps=57.7 pub_fps=30.4 frames=318115 result_subs=1 roi=ok intrinsic=ok inference_age_ms=143 target=none transport=False sorting_thread=alive
15:22:44 [v4][heartbeat] enter=False sorting=False cam=LIVE ai=LIVE cam_fps=58.3 pub_fps=30.2 frames=318406 result_subs=1 roi=ok intrinsic=ok inference_age_ms=92 target=none transport=False sorting_thread=alive
15:22:49 [v4][heartbeat] enter=False sorting=False cam=LIVE ai=LIVE cam_fps=55.2 pub_fps=30.2 frames=318682 result_subs=1 roi=ok intrinsic=ok inference_age_ms=170 target=none transport=False sorting_thread=alive
15:22:54 [v4][heartbeat] enter=False sorting=False cam=LIVE ai=LIVE cam_fps=56.6 pub_fps=30.4 frames=318965 result_subs=1 roi=ok intrinsic=ok inference_age_ms=123 target=none transport=False sorting_thread=alive
15:22:59 [v4][heartbeat] enter=False sorting=False cam=LIVE ai=LIVE cam_fps=57.2 pub_fps=30.4 frames=319251 result_subs=1 roi=ok intrinsic=ok inference_age_ms=88 target=none transport=False sorting_thread=alive
15:23:04 [v4][heartbeat] enter=False sorting=False cam=LIVE ai=LIVE cam_fps=57.0 pub_fps=30.2 frames=319536 result_subs=1 roi=ok intrinsic=ok inference_age_ms=168 target=none transport=False sorting_thread=alive
15:23:09 [v4][heartbeat] enter=False sorting=False cam=LIVE ai=LIVE cam_fps=58.0 pub_fps=30.4 frames=319826 result_subs=1 roi=ok intrinsic=ok inference_age_ms=120 target=none transport=False sorting_thread=alive
15:23:14 [v4][heartbeat] enter=False sorting=False cam=LIVE ai=LIVE cam_fps=54.2 pub_fps=30.2 frames=320097 result_subs=1 roi=ok intrinsic=ok inference_age_ms=75 target=none transport=False sorting_thread=alive
15:23:19 [v4][heartbeat] enter=False sorting=False cam=LIVE ai=LIVE cam_fps=57.6 pub_fps=30.4 frames=320385 result_subs=1 roi=ok intrinsic=ok inference_age_ms=157 target=none transport=False sorting_thread=alive
15:23:24 [v4][heartbeat] enter=False sorting=False cam=LIVE ai=LIVE cam_fps=56.4 pub_fps=30.2 frames=320667 result_subs=1 roi=ok intrinsic=ok inference_age_ms=109 target=none transport=False sorting_thread=alive
15:23:29 [v4][heartbeat] enter=False sorting=False cam=LIVE ai=LIVE cam_fps=54.4 pub_fps=30.4 frames=320939 result_subs=1 roi=ok intrinsic=ok inference_age_ms=58 target=none transport=False sorting_thread=alive
15:23:34 [v4][heartbeat] enter=False sorting=False cam=LIVE ai=LIVE cam_fps=59.0 pub_fps=30.2 frames=321234 result_subs=1 roi=ok intrinsic=ok inference_age_ms=132 target=none transport=False sorting_thread=alive
15:23:39 [v4][heartbeat] enter=False sorting=False cam=LIVE ai=LIVE cam_fps=56.4 pub_fps=30.4 frames=321516 result_subs=1 roi=ok intrinsic=ok inference_age_ms=91 target=none transport=False sorting_thread=alive
15:23:44 [v4][heartbeat] enter=False sorting=False cam=LIVE ai=LIVE cam_fps=57.0 pub_fps=30.2 frames=321801 result_subs=1 roi=ok intrinsic=ok inference_age_ms=162 target=none transport=False sorting_thread=alive
15:23:49 [v4][heartbeat] enter=False sorting=False cam=LIVE ai=LIVE cam_fps=57.8 pub_fps=30.4 frames=322090 result_subs=1 roi=ok intrinsic=ok inference_age_ms=116 target=none transport=False sorting_thread=alive
15:23:54 [v4][heartbeat] enter=False sorting=False cam=LIVE ai=LIVE cam_fps=55.0 pub_fps=30.2 frames=322365 result_subs=1 roi=ok intrinsic=ok inference_age_ms=68 target=none transport=False sorting_thread=alive
15:23:59 [v4][heartbeat] enter=False sorting=False cam=LIVE ai=LIVE cam_fps=59.2 pub_fps=30.4 frames=322661 result_subs=1 roi=ok intrinsic=ok inference_age_ms=160 target=none transport=False sorting_thread=alive
15:24:04 [v4][heartbeat] enter=False sorting=False cam=LIVE ai=LIVE cam_fps=54.4 pub_fps=30.2 frames=322933 result_subs=1 roi=ok intrinsic=ok inference_age_ms=107 target=none transport=False sorting_thread=alive
15:24:09 [v4][heartbeat] enter=False sorting=False cam=LIVE ai=LIVE cam_fps=56.2 pub_fps=30.4 frames=323214 result_subs=1 roi=ok intrinsic=ok inference_age_ms=48 target=none transport=False sorting_thread=alive
15:24:14 [v4][heartbeat] enter=False sorting=False cam=LIVE ai=LIVE cam_fps=58.4 pub_fps=30.2 frames=323506 result_subs=1 roi=ok intrinsic=ok inference_age_ms=136 target=none transport=False sorting_thread=alive
15:24:19 [v4][heartbeat] enter=False sorting=False cam=LIVE ai=LIVE cam_fps=54.0 pub_fps=30.4 frames=323776 result_subs=1 roi=ok intrinsic=ok inference_age_ms=90 target=none transport=False sorting_thread=alive
15:24:24 [v4][heartbeat] enter=False sorting=False cam=LIVE ai=LIVE cam_fps=58.2 pub_fps=30.2 frames=324067 result_subs=1 roi=ok intrinsic=ok inference_age_ms=51 target=none transport=False sorting_thread=alive
15:24:29 [v4][heartbeat] enter=False sorting=False cam=LIVE ai=LIVE cam_fps=56.6 pub_fps=30.4 frames=324350 result_subs=1 roi=ok intrinsic=ok inference_age_ms=121 target=none transport=False sorting_thread=alive
15:24:34 [v4][heartbeat] enter=False sorting=False cam=LIVE ai=LIVE cam_fps=56.2 pub_fps=30.4 frames=324631 result_subs=1 roi=ok intrinsic=ok inference_age_ms=75 target=none transport=False sorting_thread=alive
15:24:39 [v4][heartbeat] enter=False sorting=False cam=LIVE ai=LIVE cam_fps=57.6 pub_fps=30.2 frames=324919 result_subs=1 roi=ok intrinsic=ok inference_age_ms=162 target=none transport=False sorting_thread=alive
15:24:44 [v4][heartbeat] enter=False sorting=False cam=LIVE ai=LIVE cam_fps=55.2 pub_fps=30.4 frames=325195 result_subs=1 roi=ok intrinsic=ok inference_age_ms=128 target=none transport=False sorting_thread=alive
15:24:49 [v4][heartbeat] enter=False sorting=False cam=LIVE ai=LIVE cam_fps=58.4 pub_fps=30.2 frames=325487 result_subs=1 roi=ok intrinsic=ok inference_age_ms=81 target=none transport=False sorting_thread=alive
15:24:54 [v4][heartbeat] enter=False sorting=False cam=LIVE ai=LIVE cam_fps=55.8 pub_fps=30.4 frames=325766 result_subs=1 roi=ok intrinsic=ok inference_age_ms=40 target=none transport=False sorting_thread=alive
15:24:59 [v4][heartbeat] enter=False sorting=False cam=LIVE ai=LIVE cam_fps=58.2 pub_fps=30.2 frames=326057 result_subs=1 roi=ok intrinsic=ok inference_age_ms=125 target=none transport=False sorting_thread=alive
15:25:04 [v4][heartbeat] enter=False sorting=False cam=LIVE ai=LIVE cam_fps=58.4 pub_fps=30.4 frames=326349 result_subs=1 roi=ok intrinsic=ok inference_age_ms=87 target=none transport=False sorting_thread=alive
15:25:09 [v4][heartbeat] enter=False sorting=False cam=LIVE ai=LIVE cam_fps=56.6 pub_fps=30.2 frames=326632 result_subs=1 roi=ok intrinsic=ok inference_age_ms=42 target=none transport=False sorting_thread=alive
15:25:14 [v4][heartbeat] enter=False sorting=False cam=LIVE ai=LIVE cam_fps=56.4 pub_fps=30.4 frames=326914 result_subs=1 roi=ok intrinsic=ok inference_age_ms=124 target=none transport=False sorting_thread=alive
15:25:19 [v4][heartbeat] enter=False sorting=False cam=LIVE ai=LIVE cam_fps=56.4 pub_fps=30.2 frames=327196 result_subs=1 roi=ok intrinsic=ok inference_age_ms=80 target=none transport=False sorting_thread=alive
15:25:24 [v4][heartbeat] enter=False sorting=False cam=LIVE ai=LIVE cam_fps=56.0 pub_fps=30.4 frames=327476 result_subs=1 roi=ok intrinsic=ok inference_age_ms=41 target=none transport=False sorting_thread=alive
15:25:29 [v4][heartbeat] enter=False sorting=False cam=LIVE ai=LIVE cam_fps=59.6 pub_fps=30.2 frames=327774 result_subs=1 roi=ok intrinsic=ok inference_age_ms=130 target=none transport=False sorting_thread=alive
15:25:34 [v4][heartbeat] enter=False sorting=False cam=LIVE ai=LIVE cam_fps=54.6 pub_fps=30.4 frames=328047 result_subs=1 roi=ok intrinsic=ok inference_age_ms=74 target=none transport=False sorting_thread=alive
15:25:39 [v4][heartbeat] enter=False sorting=False cam=LIVE ai=LIVE cam_fps=57.4 pub_fps=30.2 frames=328334 result_subs=1 roi=ok intrinsic=ok inference_age_ms=161 target=none transport=False sorting_thread=alive
15:25:44 [v4][heartbeat] enter=False sorting=False cam=LIVE ai=LIVE cam_fps=58.2 pub_fps=30.4 frames=328625 result_subs=1 roi=ok intrinsic=ok inference_age_ms=124 target=none transport=False sorting_thread=alive
15:25:49 [v4][heartbeat] enter=False sorting=False cam=LIVE ai=LIVE cam_fps=55.2 pub_fps=30.2 frames=328901 result_subs=1 roi=ok intrinsic=ok inference_age_ms=74 target=none transport=False sorting_thread=alive
15:25:54 [v4][heartbeat] enter=False sorting=False cam=LIVE ai=LIVE cam_fps=58.8 pub_fps=30.4 frames=329195 result_subs=1 roi=ok intrinsic=ok inference_age_ms=37 target=none transport=False sorting_thread=alive
15:25:59 [v4][heartbeat] enter=False sorting=False cam=LIVE ai=LIVE cam_fps=55.8 pub_fps=30.2 frames=329474 result_subs=1 roi=ok intrinsic=ok inference_age_ms=117 target=none transport=False sorting_thread=alive
15:26:04 [v4][heartbeat] enter=False sorting=False cam=LIVE ai=LIVE cam_fps=56.6 pub_fps=30.4 frames=329757 result_subs=1 roi=ok intrinsic=ok inference_age_ms=63 target=none transport=False sorting_thread=alive
15:26:09 [v4][heartbeat] enter=False sorting=False cam=LIVE ai=LIVE cam_fps=58.4 pub_fps=30.2 frames=330049 result_subs=1 roi=ok intrinsic=ok inference_age_ms=131 target=none transport=False sorting_thread=alive
15:26:14 [v4][heartbeat] enter=False sorting=False cam=LIVE ai=LIVE cam_fps=56.4 pub_fps=30.4 frames=330331 result_subs=1 roi=ok intrinsic=ok inference_age_ms=82 target=none transport=False sorting_thread=alive
15:26:19 [v4][heartbeat] enter=False sorting=False cam=LIVE ai=LIVE cam_fps=57.0 pub_fps=30.2 frames=330616 result_subs=1 roi=ok intrinsic=ok inference_age_ms=41 target=none transport=False sorting_thread=alive
15:26:24 [v4][heartbeat] enter=False sorting=False cam=LIVE ai=LIVE cam_fps=55.4 pub_fps=30.4 frames=330893 result_subs=1 roi=ok intrinsic=ok inference_age_ms=122 target=none transport=False sorting_thread=alive
15:26:29 [v4][heartbeat] enter=False sorting=False cam=LIVE ai=LIVE cam_fps=56.8 pub_fps=30.2 frames=331177 result_subs=1 roi=ok intrinsic=ok inference_age_ms=66 target=none transport=False sorting_thread=alive
15:26:34 [v4][heartbeat] enter=False sorting=False cam=LIVE ai=LIVE cam_fps=57.8 pub_fps=30.4 frames=331466 result_subs=1 roi=ok intrinsic=ok inference_age_ms=148 target=none transport=False sorting_thread=alive
15:26:39 [v4][heartbeat] enter=False sorting=False cam=LIVE ai=LIVE cam_fps=54.4 pub_fps=30.4 frames=331738 result_subs=1 roi=ok intrinsic=ok inference_age_ms=110 target=none transport=False sorting_thread=alive
15:26:44 [v4][heartbeat] enter=False sorting=False cam=LIVE ai=LIVE cam_fps=58.6 pub_fps=30.2 frames=332031 result_subs=1 roi=ok intrinsic=ok inference_age_ms=60 target=none transport=False sorting_thread=alive
15:26:49 [v4][heartbeat] enter=False sorting=False cam=LIVE ai=LIVE cam_fps=55.6 pub_fps=30.2 frames=332309 result_subs=1 roi=ok intrinsic=ok inference_age_ms=136 target=none transport=False sorting_thread=alive
15:26:54 [v4][heartbeat] enter=False sorting=False cam=LIVE ai=LIVE cam_fps=57.0 pub_fps=30.4 frames=332594 result_subs=1 roi=ok intrinsic=ok inference_age_ms=90 target=none transport=False sorting_thread=alive
15:26:59 [v4][heartbeat] enter=False sorting=False cam=LIVE ai=LIVE cam_fps=58.6 pub_fps=30.4 frames=332887 result_subs=1 roi=ok intrinsic=ok inference_age_ms=53 target=none transport=False sorting_thread=alive
15:27:04 [v4][heartbeat] enter=False sorting=False cam=LIVE ai=LIVE cam_fps=55.0 pub_fps=30.2 frames=333162 result_subs=1 roi=ok intrinsic=ok inference_age_ms=122 target=none transport=False sorting_thread=alive
15:27:09 [v4][heartbeat] enter=False sorting=False cam=LIVE ai=LIVE cam_fps=57.4 pub_fps=30.4 frames=333449 result_subs=1 roi=ok intrinsic=ok inference_age_ms=69 target=none transport=False sorting_thread=alive
15:27:14 [v4][heartbeat] enter=False sorting=False cam=LIVE ai=LIVE cam_fps=56.2 pub_fps=30.2 frames=333730 result_subs=1 roi=ok intrinsic=ok inference_age_ms=152 target=none transport=False sorting_thread=alive
15:27:19 [v4][heartbeat] enter=False sorting=False cam=LIVE ai=LIVE cam_fps=56.8 pub_fps=30.4 frames=334014 result_subs=1 roi=ok intrinsic=ok inference_age_ms=111 target=none transport=False sorting_thread=alive
15:27:24 [v4][heartbeat] enter=False sorting=False cam=LIVE ai=LIVE cam_fps=58.6 pub_fps=30.2 frames=334307 result_subs=1 roi=ok intrinsic=ok inference_age_ms=73 target=none transport=False sorting_thread=alive
15:27:29 [v4][heartbeat] enter=False sorting=False cam=LIVE ai=LIVE cam_fps=57.4 pub_fps=30.2 frames=334594 result_subs=1 roi=ok intrinsic=ok inference_age_ms=162 target=none transport=False sorting_thread=alive
15:27:34 [v4][heartbeat] enter=False sorting=False cam=LIVE ai=LIVE cam_fps=56.0 pub_fps=30.4 frames=334874 result_subs=1 roi=ok intrinsic=ok inference_age_ms=124 target=none transport=False sorting_thread=alive
15:27:39 [v4][heartbeat] enter=False sorting=False cam=LIVE ai=LIVE cam_fps=57.4 pub_fps=30.4 frames=335161 result_subs=1 roi=ok intrinsic=ok inference_age_ms=71 target=none transport=False sorting_thread=alive
15:27:44 [v4][heartbeat] enter=False sorting=False cam=LIVE ai=LIVE cam_fps=56.4 pub_fps=30.2 frames=335443 result_subs=1 roi=ok intrinsic=ok inference_age_ms=161 target=none transport=False sorting_thread=alive
15:27:49 [v4][heartbeat] enter=False sorting=False cam=LIVE ai=LIVE cam_fps=58.0 pub_fps=30.4 frames=335733 result_subs=1 roi=ok intrinsic=ok inference_age_ms=113 target=none transport=False sorting_thread=alive
15:27:54 [v4][heartbeat] enter=False sorting=False cam=LIVE ai=LIVE cam_fps=57.6 pub_fps=30.2 frames=336021 result_subs=1 roi=ok intrinsic=ok inference_age_ms=79 target=none transport=False sorting_thread=alive
15:27:59 [v4][heartbeat] enter=False sorting=False cam=LIVE ai=LIVE cam_fps=57.2 pub_fps=30.2 frames=336307 result_subs=1 roi=ok intrinsic=ok inference_age_ms=155 target=none transport=False sorting_thread=alive
15:28:04 [v4][heartbeat] enter=False sorting=False cam=LIVE ai=LIVE cam_fps=57.4 pub_fps=30.4 frames=336594 result_subs=1 roi=ok intrinsic=ok inference_age_ms=113 target=none transport=False sorting_thread=alive
15:28:09 [v4][heartbeat] enter=False sorting=False cam=LIVE ai=LIVE cam_fps=56.6 pub_fps=30.4 frames=336877 result_subs=1 roi=ok intrinsic=ok inference_age_ms=68 target=none transport=False sorting_thread=alive
15:28:14 [v4][heartbeat] enter=False sorting=False cam=LIVE ai=LIVE cam_fps=57.2 pub_fps=30.2 frames=337163 result_subs=1 roi=ok intrinsic=ok inference_age_ms=149 target=none transport=False sorting_thread=alive
15:28:19 [v4][heartbeat] enter=False sorting=False cam=LIVE ai=LIVE cam_fps=56.4 pub_fps=30.4 frames=337445 result_subs=1 roi=ok intrinsic=ok inference_age_ms=105 target=none transport=False sorting_thread=alive
15:28:24 [v4][heartbeat] enter=False sorting=False cam=LIVE ai=LIVE cam_fps=58.8 pub_fps=30.2 frames=337739 result_subs=1 roi=ok intrinsic=ok inference_age_ms=73 target=none transport=False sorting_thread=alive
15:28:29 [v4][heartbeat] enter=False sorting=False cam=LIVE ai=LIVE cam_fps=57.6 pub_fps=30.4 frames=338027 result_subs=1 roi=ok intrinsic=ok inference_age_ms=150 target=none transport=False sorting_thread=alive
15:28:34 [v4][heartbeat] enter=False sorting=False cam=LIVE ai=LIVE cam_fps=57.2 pub_fps=30.2 frames=338313 result_subs=1 roi=ok intrinsic=ok inference_age_ms=100 target=none transport=False sorting_thread=alive
15:28:39 [v4][heartbeat] enter=False sorting=False cam=LIVE ai=LIVE cam_fps=58.6 pub_fps=30.4 frames=338606 result_subs=1 roi=ok intrinsic=ok inference_age_ms=54 target=none transport=False sorting_thread=alive
15:28:44 [v4][heartbeat] enter=False sorting=False cam=LIVE ai=LIVE cam_fps=56.8 pub_fps=30.2 frames=338890 result_subs=1 roi=ok intrinsic=ok inference_age_ms=135 target=none transport=False sorting_thread=alive
15:28:49 [v4][heartbeat] enter=False sorting=False cam=LIVE ai=LIVE cam_fps=54.6 pub_fps=30.4 frames=339163 result_subs=1 roi=ok intrinsic=ok inference_age_ms=84 target=none transport=False sorting_thread=alive
15:28:54 [v4][heartbeat] enter=False sorting=False cam=LIVE ai=LIVE cam_fps=57.4 pub_fps=30.2 frames=339450 result_subs=1 roi=ok intrinsic=ok inference_age_ms=44 target=none transport=False sorting_thread=alive
15:28:59 [v4][heartbeat] enter=False sorting=False cam=LIVE ai=LIVE cam_fps=55.8 pub_fps=30.4 frames=339729 result_subs=1 roi=ok intrinsic=ok inference_age_ms=128 target=none transport=False sorting_thread=alive
15:29:04 [v4][heartbeat] enter=False sorting=False cam=LIVE ai=LIVE cam_fps=58.6 pub_fps=30.2 frames=340022 result_subs=1 roi=ok intrinsic=ok inference_age_ms=72 target=none transport=False sorting_thread=alive
15:29:09 [v4][heartbeat] enter=False sorting=False cam=LIVE ai=LIVE cam_fps=55.2 pub_fps=30.4 frames=340298 result_subs=1 roi=ok intrinsic=ok inference_age_ms=153 target=none transport=False sorting_thread=alive
15:29:14 [v4][heartbeat] enter=False sorting=False cam=LIVE ai=LIVE cam_fps=57.2 pub_fps=30.2 frames=340584 result_subs=1 roi=ok intrinsic=ok inference_age_ms=107 target=none transport=False sorting_thread=alive
15:29:19 [v4][heartbeat] enter=False sorting=False cam=LIVE ai=LIVE cam_fps=58.4 pub_fps=30.4 frames=340876 result_subs=1 roi=ok intrinsic=ok inference_age_ms=73 target=none transport=False sorting_thread=alive
15:29:24 [v4][heartbeat] enter=False sorting=False cam=LIVE ai=LIVE cam_fps=54.8 pub_fps=30.2 frames=341150 result_subs=1 roi=ok intrinsic=ok inference_age_ms=146 target=none transport=False sorting_thread=alive
15:29:29 [v4][heartbeat] enter=False sorting=False cam=LIVE ai=LIVE cam_fps=58.4 pub_fps=30.4 frames=341442 result_subs=1 roi=ok intrinsic=ok inference_age_ms=100 target=none transport=False sorting_thread=alive
15:29:34 [v4][heartbeat] enter=False sorting=False cam=LIVE ai=LIVE cam_fps=57.0 pub_fps=30.2 frames=341727 result_subs=1 roi=ok intrinsic=ok inference_age_ms=51 target=none transport=False sorting_thread=alive
15:29:39 [v4][heartbeat] enter=False sorting=False cam=LIVE ai=LIVE cam_fps=55.6 pub_fps=30.4 frames=342005 result_subs=1 roi=ok intrinsic=ok inference_age_ms=128 target=none transport=False sorting_thread=alive
15:29:44 [v4][heartbeat] enter=False sorting=False cam=LIVE ai=LIVE cam_fps=59.2 pub_fps=30.2 frames=342301 result_subs=1 roi=ok intrinsic=ok inference_age_ms=65 target=none transport=False sorting_thread=alive
15:29:49 [v4][heartbeat] enter=False sorting=False cam=LIVE ai=LIVE cam_fps=54.8 pub_fps=30.4 frames=342575 result_subs=1 roi=ok intrinsic=ok inference_age_ms=147 target=none transport=False sorting_thread=alive
15:29:54 [v4][heartbeat] enter=False sorting=False cam=LIVE ai=LIVE cam_fps=57.4 pub_fps=30.4 frames=342862 result_subs=1 roi=ok intrinsic=ok inference_age_ms=101 target=none transport=False sorting_thread=alive
15:29:59 [v4][heartbeat] enter=False sorting=False cam=LIVE ai=LIVE cam_fps=57.2 pub_fps=30.2 frames=343148 result_subs=1 roi=ok intrinsic=ok inference_age_ms=47 target=none transport=False sorting_thread=alive
15:30:04 [v4][heartbeat] enter=False sorting=False cam=LIVE ai=LIVE cam_fps=55.8 pub_fps=30.4 frames=343427 result_subs=1 roi=ok intrinsic=ok inference_age_ms=131 target=none transport=False sorting_thread=alive
15:30:09 [v4][heartbeat] enter=False sorting=False cam=LIVE ai=LIVE cam_fps=58.8 pub_fps=30.2 frames=343721 result_subs=1 roi=ok intrinsic=ok inference_age_ms=90 target=none transport=False sorting_thread=alive
15:30:14 [v4][heartbeat] enter=False sorting=False cam=LIVE ai=LIVE cam_fps=55.0 pub_fps=30.2 frames=343996 result_subs=1 roi=ok intrinsic=ok inference_age_ms=50 target=none transport=False sorting_thread=alive
15:30:19 [v4][heartbeat] enter=False sorting=False cam=LIVE ai=LIVE cam_fps=57.8 pub_fps=30.4 frames=344285 result_subs=1 roi=ok intrinsic=ok inference_age_ms=120 target=none transport=False sorting_thread=alive
15:30:24 [v4][heartbeat] enter=False sorting=False cam=LIVE ai=LIVE cam_fps=57.0 pub_fps=30.4 frames=344570 result_subs=1 roi=ok intrinsic=ok inference_age_ms=73 target=none transport=False sorting_thread=alive
15:30:29 [v4][heartbeat] enter=False sorting=False cam=LIVE ai=LIVE cam_fps=56.2 pub_fps=30.2 frames=344851 result_subs=1 roi=ok intrinsic=ok inference_age_ms=39 target=none transport=False sorting_thread=alive
15:30:34 [v4][heartbeat] enter=False sorting=False cam=LIVE ai=LIVE cam_fps=58.6 pub_fps=30.4 frames=345144 result_subs=1 roi=ok intrinsic=ok inference_age_ms=122 target=none transport=False sorting_thread=alive
15:30:39 [v4][heartbeat] enter=False sorting=False cam=LIVE ai=LIVE cam_fps=55.0 pub_fps=30.2 frames=345419 result_subs=1 roi=ok intrinsic=ok inference_age_ms=81 target=none transport=False sorting_thread=alive
15:30:44 [v4][heartbeat] enter=False sorting=False cam=LIVE ai=LIVE cam_fps=56.0 pub_fps=30.2 frames=345699 result_subs=1 roi=ok intrinsic=ok inference_age_ms=151 target=none transport=False sorting_thread=alive
15:30:49 [v4][heartbeat] enter=False sorting=False cam=LIVE ai=LIVE cam_fps=57.6 pub_fps=30.4 frames=345987 result_subs=1 roi=ok intrinsic=ok inference_age_ms=110 target=none transport=False sorting_thread=alive
15:30:54 [v4][heartbeat] enter=False sorting=False cam=LIVE ai=LIVE cam_fps=55.8 pub_fps=30.4 frames=346266 result_subs=1 roi=ok intrinsic=ok inference_age_ms=68 target=none transport=False sorting_thread=alive
15:30:59 [v4][heartbeat] enter=False sorting=False cam=LIVE ai=LIVE cam_fps=58.0 pub_fps=30.2 frames=346556 result_subs=1 roi=ok intrinsic=ok inference_age_ms=147 target=none transport=False sorting_thread=alive
15:31:04 [v4][heartbeat] enter=False sorting=False cam=LIVE ai=LIVE cam_fps=55.0 pub_fps=30.2 frames=346831 result_subs=1 roi=ok intrinsic=ok inference_age_ms=113 target=none transport=False sorting_thread=alive
15:31:09 [v4][heartbeat] enter=False sorting=False cam=LIVE ai=LIVE cam_fps=55.4 pub_fps=30.4 frames=347108 result_subs=1 roi=ok intrinsic=ok inference_age_ms=67 target=none transport=False sorting_thread=alive
15:31:14 [v4][heartbeat] enter=False sorting=False cam=LIVE ai=LIVE cam_fps=58.0 pub_fps=30.4 frames=347398 result_subs=1 roi=ok intrinsic=ok inference_age_ms=149 target=none transport=False sorting_thread=alive
15:31:19 [v4][heartbeat] enter=False sorting=False cam=LIVE ai=LIVE cam_fps=56.4 pub_fps=30.2 frames=347680 result_subs=1 roi=ok intrinsic=ok inference_age_ms=111 target=none transport=False sorting_thread=alive
15:31:24 [v4][heartbeat] enter=False sorting=False cam=LIVE ai=LIVE cam_fps=57.8 pub_fps=30.4 frames=347969 result_subs=1 roi=ok intrinsic=ok inference_age_ms=63 target=none transport=False sorting_thread=alive
15:31:29 [v4][heartbeat] enter=False sorting=False cam=LIVE ai=LIVE cam_fps=56.1 pub_fps=30.1 frames=348250 result_subs=1 roi=ok intrinsic=ok inference_age_ms=142 target=none transport=False sorting_thread=alive
15:31:34 [v4][heartbeat] enter=False sorting=False cam=LIVE ai=LIVE cam_fps=54.5 pub_fps=30.5 frames=348522 result_subs=1 roi=ok intrinsic=ok inference_age_ms=88 target=none transport=False sorting_thread=alive
15:31:39 [v4][heartbeat] enter=False sorting=False cam=LIVE ai=LIVE cam_fps=58.8 pub_fps=30.2 frames=348816 result_subs=1 roi=ok intrinsic=ok inference_age_ms=46 target=none transport=False sorting_thread=alive
15:31:44 [v4][heartbeat] enter=False sorting=False cam=LIVE ai=LIVE cam_fps=55.6 pub_fps=30.4 frames=349094 result_subs=1 roi=ok intrinsic=ok inference_age_ms=130 target=none transport=False sorting_thread=alive
15:31:49 [v4][heartbeat] enter=False sorting=False cam=LIVE ai=LIVE cam_fps=57.6 pub_fps=30.2 frames=349382 result_subs=1 roi=ok intrinsic=ok inference_age_ms=79 target=none transport=False sorting_thread=alive
15:31:54 [v4][heartbeat] enter=False sorting=False cam=LIVE ai=LIVE cam_fps=56.0 pub_fps=30.4 frames=349662 result_subs=1 roi=ok intrinsic=ok inference_age_ms=151 target=none transport=False sorting_thread=alive
15:31:59 [v4][heartbeat] enter=False sorting=False cam=LIVE ai=LIVE cam_fps=53.6 pub_fps=30.2 frames=349930 result_subs=1 roi=ok intrinsic=ok inference_age_ms=101 target=none transport=False sorting_thread=alive
15:32:04 [v4][heartbeat] enter=False sorting=False cam=LIVE ai=LIVE cam_fps=57.0 pub_fps=30.4 frames=350215 result_subs=1 roi=ok intrinsic=ok inference_age_ms=49 target=none transport=False sorting_thread=alive
15:32:09 [v4][heartbeat] enter=False sorting=False cam=LIVE ai=LIVE cam_fps=54.8 pub_fps=30.2 frames=350489 result_subs=1 roi=ok intrinsic=ok inference_age_ms=129 target=none transport=False sorting_thread=alive
15:32:14 [v4][heartbeat] enter=False sorting=False cam=LIVE ai=LIVE cam_fps=56.4 pub_fps=30.4 frames=350771 result_subs=1 roi=ok intrinsic=ok inference_age_ms=69 target=none transport=False sorting_thread=alive
15:32:19 [v4][heartbeat] enter=False sorting=False cam=LIVE ai=LIVE cam_fps=57.2 pub_fps=30.2 frames=351057 result_subs=1 roi=ok intrinsic=ok inference_age_ms=154 target=none transport=False sorting_thread=alive
15:32:24 [v4][heartbeat] enter=False sorting=False cam=LIVE ai=LIVE cam_fps=53.8 pub_fps=30.4 frames=351326 result_subs=1 roi=ok intrinsic=ok inference_age_ms=108 target=none transport=False sorting_thread=alive
15:32:29 [v4][heartbeat] enter=False sorting=False cam=LIVE ai=LIVE cam_fps=57.8 pub_fps=30.2 frames=351615 result_subs=1 roi=ok intrinsic=ok inference_age_ms=72 target=none transport=False sorting_thread=alive
15:32:34 [v4][heartbeat] enter=False sorting=False cam=LIVE ai=LIVE cam_fps=54.6 pub_fps=30.4 frames=351888 result_subs=1 roi=ok intrinsic=ok inference_age_ms=160 target=none transport=False sorting_thread=alive
15:32:39 [v4][heartbeat] enter=False sorting=False cam=LIVE ai=LIVE cam_fps=57.6 pub_fps=30.4 frames=352176 result_subs=1 roi=ok intrinsic=ok inference_age_ms=125 target=none transport=False sorting_thread=alive
15:32:44 [v4][heartbeat] enter=False sorting=False cam=LIVE ai=LIVE cam_fps=58.2 pub_fps=30.2 frames=352467 result_subs=1 roi=ok intrinsic=ok inference_age_ms=68 target=none transport=False sorting_thread=alive
15:32:49 [v4][heartbeat] enter=False sorting=False cam=LIVE ai=LIVE cam_fps=53.8 pub_fps=30.2 frames=352736 result_subs=1 roi=ok intrinsic=ok inference_age_ms=145 target=none transport=False sorting_thread=alive
15:32:54 [v4][heartbeat] enter=False sorting=False cam=LIVE ai=LIVE cam_fps=58.4 pub_fps=30.4 frames=353028 result_subs=1 roi=ok intrinsic=ok inference_age_ms=104 target=none transport=False sorting_thread=alive
15:32:59 [v4][heartbeat] enter=False sorting=False cam=LIVE ai=LIVE cam_fps=56.4 pub_fps=30.2 frames=353310 result_subs=1 roi=ok intrinsic=ok inference_age_ms=65 target=none transport=False sorting_thread=alive
15:33:04 [v4][heartbeat] enter=False sorting=False cam=LIVE ai=LIVE cam_fps=57.4 pub_fps=30.4 frames=353597 result_subs=1 roi=ok intrinsic=ok inference_age_ms=145 target=none transport=False sorting_thread=alive
15:33:09 [v4][heartbeat] enter=False sorting=False cam=LIVE ai=LIVE cam_fps=56.6 pub_fps=30.4 frames=353880 result_subs=1 roi=ok intrinsic=ok inference_age_ms=99 target=none transport=False sorting_thread=alive
15:33:14 [v4][heartbeat] enter=False sorting=False cam=LIVE ai=LIVE cam_fps=55.4 pub_fps=30.2 frames=354157 result_subs=1 roi=ok intrinsic=ok inference_age_ms=171 target=none transport=False sorting_thread=alive
15:33:19 [v4][heartbeat] enter=False sorting=False cam=LIVE ai=LIVE cam_fps=58.2 pub_fps=30.4 frames=354448 result_subs=1 roi=ok intrinsic=ok inference_age_ms=123 target=none transport=False sorting_thread=alive
15:33:24 [v4][heartbeat] enter=False sorting=False cam=LIVE ai=LIVE cam_fps=54.0 pub_fps=30.2 frames=354718 result_subs=1 roi=ok intrinsic=ok inference_age_ms=76 target=none transport=False sorting_thread=alive
15:33:29 [v4][heartbeat] enter=False sorting=False cam=LIVE ai=LIVE cam_fps=56.8 pub_fps=30.2 frames=355002 result_subs=1 roi=ok intrinsic=ok inference_age_ms=154 target=none transport=False sorting_thread=alive
15:33:34 [v4][heartbeat] enter=False sorting=False cam=LIVE ai=LIVE cam_fps=57.6 pub_fps=30.4 frames=355290 result_subs=1 roi=ok intrinsic=ok inference_age_ms=103 target=none transport=False sorting_thread=alive
15:33:39 [v4][heartbeat] enter=False sorting=False cam=LIVE ai=LIVE cam_fps=55.6 pub_fps=30.4 frames=355568 result_subs=1 roi=ok intrinsic=ok inference_age_ms=58 target=none transport=False sorting_thread=alive
15:33:44 [v4][heartbeat] enter=False sorting=False cam=LIVE ai=LIVE cam_fps=58.8 pub_fps=30.2 frames=355862 result_subs=1 roi=ok intrinsic=ok inference_age_ms=139 target=none transport=False sorting_thread=alive
15:33:49 [v4][heartbeat] enter=False sorting=False cam=LIVE ai=LIVE cam_fps=57.2 pub_fps=30.4 frames=356148 result_subs=1 roi=ok intrinsic=ok inference_age_ms=98 target=none transport=False sorting_thread=alive
15:33:54 [v4][heartbeat] enter=False sorting=False cam=LIVE ai=LIVE cam_fps=55.4 pub_fps=30.2 frames=356425 result_subs=1 roi=ok intrinsic=ok inference_age_ms=62 target=none transport=False sorting_thread=alive
15:33:59 [v4][heartbeat] enter=False sorting=False cam=LIVE ai=LIVE cam_fps=56.3 pub_fps=30.4 frames=356707 result_subs=1 roi=ok intrinsic=ok inference_age_ms=145 target=none transport=False sorting_thread=alive
15:34:04 [v4][heartbeat] enter=False sorting=False cam=LIVE ai=LIVE cam_fps=55.2 pub_fps=30.2 frames=356983 result_subs=1 roi=ok intrinsic=ok inference_age_ms=87 target=none transport=False sorting_thread=alive
15:34:09 [v4][heartbeat] enter=False sorting=False cam=LIVE ai=LIVE cam_fps=58.4 pub_fps=30.4 frames=357275 result_subs=1 roi=ok intrinsic=ok inference_age_ms=45 target=none transport=False sorting_thread=alive
15:34:14 [v4][heartbeat] enter=False sorting=False cam=LIVE ai=LIVE cam_fps=56.4 pub_fps=30.2 frames=357557 result_subs=1 roi=ok intrinsic=ok inference_age_ms=129 target=none transport=False sorting_thread=alive
15:34:19 [v4][heartbeat] enter=False sorting=False cam=LIVE ai=LIVE cam_fps=56.2 pub_fps=30.4 frames=357838 result_subs=1 roi=ok intrinsic=ok inference_age_ms=88 target=none transport=False sorting_thread=alive
15:34:24 [v4][heartbeat] enter=False sorting=False cam=LIVE ai=LIVE cam_fps=58.4 pub_fps=30.2 frames=358130 result_subs=1 roi=ok intrinsic=ok inference_age_ms=44 target=none transport=False sorting_thread=alive
15:34:29 [v4][heartbeat] enter=False sorting=False cam=LIVE ai=LIVE cam_fps=54.2 pub_fps=30.4 frames=358401 result_subs=1 roi=ok intrinsic=ok inference_age_ms=123 target=none transport=False sorting_thread=alive
15:34:34 [v4][heartbeat] enter=False sorting=False cam=LIVE ai=LIVE cam_fps=56.2 pub_fps=30.2 frames=358682 result_subs=1 roi=ok intrinsic=ok inference_age_ms=73 target=none transport=False sorting_thread=alive
15:34:39 [v4][heartbeat] enter=False sorting=False cam=LIVE ai=LIVE cam_fps=55.7 pub_fps=30.4 frames=358961 result_subs=1 roi=ok intrinsic=ok inference_age_ms=154 target=none transport=False sorting_thread=alive
15:34:44 [v4][heartbeat] enter=False sorting=False cam=LIVE ai=LIVE cam_fps=51.9 pub_fps=30.2 frames=359220 result_subs=1 roi=ok intrinsic=ok inference_age_ms=108 target=none transport=False sorting_thread=alive
15:34:49 [v4][heartbeat] enter=False sorting=False cam=LIVE ai=LIVE cam_fps=58.6 pub_fps=30.4 frames=359513 result_subs=1 roi=ok intrinsic=ok inference_age_ms=59 target=none transport=False sorting_thread=alive
15:34:54 [v4][heartbeat] enter=False sorting=False cam=LIVE ai=LIVE cam_fps=55.2 pub_fps=30.2 frames=359789 result_subs=1 roi=ok intrinsic=ok inference_age_ms=145 target=none transport=False sorting_thread=alive
15:34:59 [v4][heartbeat] enter=False sorting=False cam=LIVE ai=LIVE cam_fps=57.9 pub_fps=30.4 frames=360078 result_subs=1 roi=ok intrinsic=ok inference_age_ms=99 target=none transport=False sorting_thread=alive
15:35:04 [v4][heartbeat] enter=False sorting=False cam=LIVE ai=LIVE cam_fps=57.0 pub_fps=30.2 frames=360363 result_subs=1 roi=ok intrinsic=ok inference_age_ms=62 target=none transport=False sorting_thread=alive
15:35:09 [v4][heartbeat] enter=False sorting=False cam=LIVE ai=LIVE cam_fps=53.2 pub_fps=30.4 frames=360629 result_subs=1 roi=ok intrinsic=ok inference_age_ms=143 target=none transport=False sorting_thread=alive
15:35:14 [v4][heartbeat] enter=False sorting=False cam=LIVE ai=LIVE cam_fps=57.0 pub_fps=30.2 frames=360914 result_subs=1 roi=ok intrinsic=ok inference_age_ms=100 target=none transport=False sorting_thread=alive
15:35:19 [v4][heartbeat] enter=False sorting=False cam=LIVE ai=LIVE cam_fps=54.0 pub_fps=30.4 frames=361184 result_subs=1 roi=ok intrinsic=ok inference_age_ms=46 target=none transport=False sorting_thread=alive
15:35:24 [v4][heartbeat] enter=False sorting=False cam=LIVE ai=LIVE cam_fps=55.3 pub_fps=30.4 frames=361461 result_subs=1 roi=ok intrinsic=ok inference_age_ms=131 target=none transport=False sorting_thread=alive
15:35:29 [v4][heartbeat] enter=False sorting=False cam=LIVE ai=LIVE cam_fps=56.9 pub_fps=30.2 frames=361745 result_subs=1 roi=ok intrinsic=ok inference_age_ms=79 target=none transport=False sorting_thread=alive
15:35:34 [v4][heartbeat] enter=False sorting=False cam=LIVE ai=LIVE cam_fps=53.8 pub_fps=30.2 frames=362014 result_subs=1 roi=ok intrinsic=ok inference_age_ms=37 target=none transport=False sorting_thread=alive
15:35:39 [v4][heartbeat] enter=False sorting=False cam=LIVE ai=LIVE cam_fps=58.6 pub_fps=30.4 frames=362307 result_subs=1 roi=ok intrinsic=ok inference_age_ms=110 target=none transport=False sorting_thread=alive
15:35:44 [v4][heartbeat] enter=False sorting=False cam=LIVE ai=LIVE cam_fps=54.4 pub_fps=30.2 frames=362579 result_subs=1 roi=ok intrinsic=ok inference_age_ms=56 target=none transport=False sorting_thread=alive
15:35:49 [v4][heartbeat] enter=False sorting=False cam=LIVE ai=LIVE cam_fps=56.2 pub_fps=30.4 frames=362860 result_subs=1 roi=ok intrinsic=ok inference_age_ms=133 target=none transport=False sorting_thread=alive
15:35:54 [v4][heartbeat] enter=False sorting=False cam=LIVE ai=LIVE cam_fps=57.8 pub_fps=30.4 frames=363149 result_subs=1 roi=ok intrinsic=ok inference_age_ms=83 target=none transport=False sorting_thread=alive
15:35:59 [v4][heartbeat] enter=False sorting=False cam=LIVE ai=LIVE cam_fps=56.4 pub_fps=30.2 frames=363431 result_subs=1 roi=ok intrinsic=ok inference_age_ms=161 target=none transport=False sorting_thread=alive
15:36:04 [v4][heartbeat] enter=False sorting=False cam=LIVE ai=LIVE cam_fps=56.6 pub_fps=30.4 frames=363714 result_subs=1 roi=ok intrinsic=ok inference_age_ms=124 target=none transport=False sorting_thread=alive
15:36:09 [v4][heartbeat] enter=False sorting=False cam=LIVE ai=LIVE cam_fps=54.4 pub_fps=30.2 frames=363986 result_subs=1 roi=ok intrinsic=ok inference_age_ms=74 target=none transport=False sorting_thread=alive
15:36:14 [v4][heartbeat] enter=False sorting=False cam=LIVE ai=LIVE cam_fps=56.8 pub_fps=30.4 frames=364270 result_subs=1 roi=ok intrinsic=ok inference_age_ms=151 target=none transport=False sorting_thread=alive
15:36:19 [v4][heartbeat] enter=False sorting=False cam=LIVE ai=LIVE cam_fps=58.7 pub_fps=30.2 frames=364563 result_subs=1 roi=ok intrinsic=ok inference_age_ms=91 target=none transport=False sorting_thread=alive
15:36:24 [v4][heartbeat] enter=False sorting=False cam=LIVE ai=LIVE cam_fps=54.6 pub_fps=30.4 frames=364836 result_subs=1 roi=ok intrinsic=ok inference_age_ms=56 target=none transport=False sorting_thread=alive
15:36:29 [v4][heartbeat] enter=False sorting=False cam=LIVE ai=LIVE cam_fps=58.6 pub_fps=30.2 frames=365129 result_subs=1 roi=ok intrinsic=ok inference_age_ms=133 target=none transport=False sorting_thread=alive
15:36:34 [v4][heartbeat] enter=False sorting=False cam=LIVE ai=LIVE cam_fps=54.4 pub_fps=30.4 frames=365401 result_subs=1 roi=ok intrinsic=ok inference_age_ms=88 target=none transport=False sorting_thread=alive
15:36:39 [v4][heartbeat] enter=False sorting=False cam=LIVE ai=LIVE cam_fps=54.4 pub_fps=30.2 frames=365673 result_subs=1 roi=ok intrinsic=ok inference_age_ms=38 target=none transport=False sorting_thread=alive
15:36:44 [v4][heartbeat] enter=False sorting=False cam=LIVE ai=LIVE cam_fps=57.2 pub_fps=30.4 frames=365959 result_subs=1 roi=ok intrinsic=ok inference_age_ms=127 target=none transport=False sorting_thread=alive
15:36:49 [v4][heartbeat] enter=False sorting=False cam=LIVE ai=LIVE cam_fps=55.4 pub_fps=30.2 frames=366236 result_subs=1 roi=ok intrinsic=ok inference_age_ms=82 target=none transport=False sorting_thread=alive
15:36:54 [v4][heartbeat] enter=False sorting=False cam=LIVE ai=LIVE cam_fps=58.0 pub_fps=30.4 frames=366526 result_subs=1 roi=ok intrinsic=ok inference_age_ms=170 target=none transport=False sorting_thread=alive
15:36:59 [v4][heartbeat] enter=False sorting=False cam=LIVE ai=LIVE cam_fps=56.4 pub_fps=30.2 frames=366808 result_subs=1 roi=ok intrinsic=ok inference_age_ms=121 target=none transport=False sorting_thread=alive
15:37:04 [v4][heartbeat] enter=False sorting=False cam=LIVE ai=LIVE cam_fps=56.2 pub_fps=30.4 frames=367089 result_subs=1 roi=ok intrinsic=ok inference_age_ms=76 target=none transport=False sorting_thread=alive
15:37:09 [v4][heartbeat] enter=False sorting=False cam=LIVE ai=LIVE cam_fps=56.0 pub_fps=30.2 frames=367369 result_subs=1 roi=ok intrinsic=ok inference_age_ms=153 target=none transport=False sorting_thread=alive
15:37:14 [v4][heartbeat] enter=False sorting=False cam=LIVE ai=LIVE cam_fps=53.4 pub_fps=30.4 frames=367636 result_subs=1 roi=ok intrinsic=ok inference_age_ms=104 target=none transport=False sorting_thread=alive
15:37:19 [v4][heartbeat] enter=False sorting=False cam=LIVE ai=LIVE cam_fps=56.4 pub_fps=30.2 frames=367918 result_subs=1 roi=ok intrinsic=ok inference_age_ms=55 target=none transport=False sorting_thread=alive
15:37:24 [v4][heartbeat] enter=False sorting=False cam=LIVE ai=LIVE cam_fps=55.4 pub_fps=30.4 frames=368195 result_subs=1 roi=ok intrinsic=ok inference_age_ms=125 target=none transport=False sorting_thread=alive
15:37:29 [v4][heartbeat] enter=False sorting=False cam=LIVE ai=LIVE cam_fps=54.6 pub_fps=30.2 frames=368468 result_subs=1 roi=ok intrinsic=ok inference_age_ms=71 target=none transport=False sorting_thread=alive
15:37:34 [v4][heartbeat] enter=False sorting=False cam=LIVE ai=LIVE cam_fps=57.2 pub_fps=30.4 frames=368754 result_subs=1 roi=ok intrinsic=ok inference_age_ms=146 target=none transport=False sorting_thread=alive
15:37:39 [v4][heartbeat] enter=False sorting=False cam=LIVE ai=LIVE cam_fps=56.4 pub_fps=30.2 frames=369036 result_subs=1 roi=ok intrinsic=ok inference_age_ms=105 target=none transport=False sorting_thread=alive
15:37:44 [v4][heartbeat] enter=False sorting=False cam=LIVE ai=LIVE cam_fps=56.4 pub_fps=30.4 frames=369318 result_subs=1 roi=ok intrinsic=ok inference_age_ms=59 target=none transport=False sorting_thread=alive
15:37:49 [v4][heartbeat] enter=False sorting=False cam=LIVE ai=LIVE cam_fps=56.6 pub_fps=30.2 frames=369601 result_subs=1 roi=ok intrinsic=ok inference_age_ms=135 target=none transport=False sorting_thread=alive
15:37:54 [v4][heartbeat] enter=False sorting=False cam=LIVE ai=LIVE cam_fps=55.6 pub_fps=30.4 frames=369879 result_subs=1 roi=ok intrinsic=ok inference_age_ms=93 target=none transport=False sorting_thread=alive
15:37:59 [v4][heartbeat] enter=False sorting=False cam=LIVE ai=LIVE cam_fps=58.0 pub_fps=30.2 frames=370169 result_subs=1 roi=ok intrinsic=ok inference_age_ms=160 target=none transport=False sorting_thread=alive
15:38:04 [v4][heartbeat] enter=False sorting=False cam=LIVE ai=LIVE cam_fps=55.4 pub_fps=30.4 frames=370446 result_subs=1 roi=ok intrinsic=ok inference_age_ms=117 target=none transport=False sorting_thread=alive
15:38:09 [v4][heartbeat] enter=False sorting=False cam=LIVE ai=LIVE cam_fps=55.2 pub_fps=30.2 frames=370722 result_subs=1 roi=ok intrinsic=ok inference_age_ms=73 target=none transport=False sorting_thread=alive
15:38:14 [v4][heartbeat] enter=False sorting=False cam=LIVE ai=LIVE cam_fps=55.4 pub_fps=30.4 frames=370999 result_subs=1 roi=ok intrinsic=ok inference_age_ms=144 target=none transport=False sorting_thread=alive
15:38:19 [v4][heartbeat] enter=False sorting=False cam=LIVE ai=LIVE cam_fps=54.2 pub_fps=30.4 frames=371270 result_subs=1 roi=ok intrinsic=ok inference_age_ms=106 target=none transport=False sorting_thread=alive
15:38:24 [v4][heartbeat] enter=False sorting=False cam=LIVE ai=LIVE cam_fps=58.6 pub_fps=30.2 frames=371563 result_subs=1 roi=ok intrinsic=ok inference_age_ms=59 target=none transport=False sorting_thread=alive
15:38:29 [v4][heartbeat] enter=False sorting=False cam=LIVE ai=LIVE cam_fps=55.8 pub_fps=30.2 frames=371842 result_subs=1 roi=ok intrinsic=ok inference_age_ms=139 target=none transport=False sorting_thread=alive
15:38:34 [v4][heartbeat] enter=False sorting=False cam=LIVE ai=LIVE cam_fps=54.8 pub_fps=30.4 frames=372116 result_subs=1 roi=ok intrinsic=ok inference_age_ms=93 target=none transport=False sorting_thread=alive
15:38:39 [v4][heartbeat] enter=False sorting=False cam=LIVE ai=LIVE cam_fps=57.2 pub_fps=30.4 frames=372402 result_subs=1 roi=ok intrinsic=ok inference_age_ms=50 target=none transport=False sorting_thread=alive
15:38:44 [v4][heartbeat] enter=False sorting=False cam=LIVE ai=LIVE cam_fps=54.8 pub_fps=30.2 frames=372676 result_subs=1 roi=ok intrinsic=ok inference_age_ms=132 target=none transport=False sorting_thread=alive
15:38:49 [v4][heartbeat] enter=False sorting=False cam=LIVE ai=LIVE cam_fps=58.4 pub_fps=30.4 frames=372968 result_subs=1 roi=ok intrinsic=ok inference_age_ms=91 target=none transport=False sorting_thread=alive
15:38:54 [v4][heartbeat] enter=False sorting=False cam=LIVE ai=LIVE cam_fps=55.8 pub_fps=30.2 frames=373247 result_subs=1 roi=ok intrinsic=ok inference_age_ms=50 target=none transport=False sorting_thread=alive
15:38:59 [v4][heartbeat] enter=False sorting=False cam=LIVE ai=LIVE cam_fps=55.2 pub_fps=30.2 frames=373523 result_subs=1 roi=ok intrinsic=ok inference_age_ms=131 target=none transport=False sorting_thread=alive
15:39:04 [v4][heartbeat] enter=False sorting=False cam=LIVE ai=LIVE cam_fps=58.2 pub_fps=30.4 frames=373814 result_subs=1 roi=ok intrinsic=ok inference_age_ms=88 target=none transport=False sorting_thread=alive
15:39:09 [v4][heartbeat] enter=False sorting=False cam=LIVE ai=LIVE cam_fps=52.0 pub_fps=30.4 frames=374074 result_subs=1 roi=ok intrinsic=ok inference_age_ms=167 target=none transport=False sorting_thread=alive
15:39:14 [v4][heartbeat] enter=False sorting=False cam=LIVE ai=LIVE cam_fps=58.0 pub_fps=30.2 frames=374364 result_subs=1 roi=ok intrinsic=ok inference_age_ms=110 target=none transport=False sorting_thread=alive
15:39:19 [v4][heartbeat] enter=False sorting=False cam=LIVE ai=LIVE cam_fps=55.4 pub_fps=30.4 frames=374641 result_subs=1 roi=ok intrinsic=ok inference_age_ms=64 target=none transport=False sorting_thread=alive
15:39:24 [v4][heartbeat] enter=False sorting=False cam=LIVE ai=LIVE cam_fps=54.4 pub_fps=30.2 frames=374913 result_subs=1 roi=ok intrinsic=ok inference_age_ms=138 target=none transport=False sorting_thread=alive
15:39:29 [v4][heartbeat] enter=False sorting=False cam=LIVE ai=LIVE cam_fps=57.8 pub_fps=30.4 frames=375202 result_subs=1 roi=ok intrinsic=ok inference_age_ms=85 target=none transport=False sorting_thread=alive
15:39:34 [v4][heartbeat] enter=False sorting=False cam=LIVE ai=LIVE cam_fps=55.8 pub_fps=30.2 frames=375481 result_subs=1 roi=ok intrinsic=ok inference_age_ms=38 target=none transport=False sorting_thread=alive
15:39:39 [v4][heartbeat] enter=False sorting=False cam=LIVE ai=LIVE cam_fps=58.4 pub_fps=30.4 frames=375773 result_subs=1 roi=ok intrinsic=ok inference_age_ms=126 target=none transport=False sorting_thread=alive
15:39:44 [v4][heartbeat] enter=False sorting=False cam=LIVE ai=LIVE cam_fps=56.8 pub_fps=30.2 frames=376057 result_subs=1 roi=ok intrinsic=ok inference_age_ms=81 target=none transport=False sorting_thread=alive
15:39:49 [v4][heartbeat] enter=False sorting=False cam=LIVE ai=LIVE cam_fps=54.6 pub_fps=30.4 frames=376330 result_subs=1 roi=ok intrinsic=ok inference_age_ms=150 target=none transport=False sorting_thread=alive
15:39:54 [v4][heartbeat] enter=False sorting=False cam=LIVE ai=LIVE cam_fps=58.8 pub_fps=30.2 frames=376624 result_subs=1 roi=ok intrinsic=ok inference_age_ms=108 target=none transport=False sorting_thread=alive
15:39:59 [v4][heartbeat] enter=False sorting=False cam=LIVE ai=LIVE cam_fps=55.8 pub_fps=30.4 frames=376903 result_subs=1 roi=ok intrinsic=ok inference_age_ms=61 target=none transport=False sorting_thread=alive
15:40:04 [v4][heartbeat] enter=False sorting=False cam=LIVE ai=LIVE cam_fps=57.4 pub_fps=30.2 frames=377190 result_subs=1 roi=ok intrinsic=ok inference_age_ms=147 target=none transport=False sorting_thread=alive
15:40:09 [v4][heartbeat] enter=False sorting=False cam=LIVE ai=LIVE cam_fps=56.4 pub_fps=30.4 frames=377472 result_subs=1 roi=ok intrinsic=ok inference_age_ms=101 target=none transport=False sorting_thread=alive
15:40:14 [v4][heartbeat] enter=False sorting=False cam=LIVE ai=LIVE cam_fps=54.2 pub_fps=30.2 frames=377743 result_subs=1 roi=ok intrinsic=ok inference_age_ms=59 target=none transport=False sorting_thread=alive
15:40:19 [v4][heartbeat] enter=False sorting=False cam=LIVE ai=LIVE cam_fps=58.6 pub_fps=30.4 frames=378036 result_subs=1 roi=ok intrinsic=ok inference_age_ms=145 target=none transport=False sorting_thread=alive
15:40:24 [v4][heartbeat] enter=False sorting=False cam=LIVE ai=LIVE cam_fps=55.3 pub_fps=30.4 frames=378313 result_subs=1 roi=ok intrinsic=ok inference_age_ms=95 target=none transport=False sorting_thread=alive
15:40:29 [v4][heartbeat] enter=False sorting=False cam=LIVE ai=LIVE cam_fps=54.9 pub_fps=30.2 frames=378587 result_subs=1 roi=ok intrinsic=ok inference_age_ms=167 target=none transport=False sorting_thread=alive
15:40:34 [v4][heartbeat] enter=False sorting=False cam=LIVE ai=LIVE cam_fps=57.0 pub_fps=30.2 frames=378872 result_subs=1 roi=ok intrinsic=ok inference_age_ms=120 target=none transport=False sorting_thread=alive
15:40:39 [v4][heartbeat] enter=False sorting=False cam=LIVE ai=LIVE cam_fps=53.4 pub_fps=30.4 frames=379139 result_subs=1 roi=ok intrinsic=ok inference_age_ms=78 target=none transport=False sorting_thread=alive
15:40:44 [v4][heartbeat] enter=False sorting=False cam=LIVE ai=LIVE cam_fps=58.0 pub_fps=30.2 frames=379429 result_subs=1 roi=ok intrinsic=ok inference_age_ms=159 target=none transport=False sorting_thread=alive
15:40:49 [v4][heartbeat] enter=False sorting=False cam=LIVE ai=LIVE cam_fps=56.2 pub_fps=30.4 frames=379710 result_subs=1 roi=ok intrinsic=ok inference_age_ms=124 target=none transport=False sorting_thread=alive
15:40:54 [v4][heartbeat] enter=False sorting=False cam=LIVE ai=LIVE cam_fps=55.2 pub_fps=30.2 frames=379986 result_subs=1 roi=ok intrinsic=ok inference_age_ms=60 target=none transport=False sorting_thread=alive
15:40:59 [v4][heartbeat] enter=False sorting=False cam=LIVE ai=LIVE cam_fps=58.2 pub_fps=30.4 frames=380277 result_subs=1 roi=ok intrinsic=ok inference_age_ms=142 target=none transport=False sorting_thread=alive
15:41:04 [v4][heartbeat] enter=False sorting=False cam=LIVE ai=LIVE cam_fps=52.0 pub_fps=30.4 frames=380537 result_subs=1 roi=ok intrinsic=ok inference_age_ms=92 target=none transport=False sorting_thread=alive
15:41:09 [v4][heartbeat] enter=False sorting=False cam=LIVE ai=LIVE cam_fps=53.6 pub_fps=30.2 frames=380805 result_subs=1 roi=ok intrinsic=ok inference_age_ms=51 target=none transport=False sorting_thread=alive
15:41:14 [v4][heartbeat] enter=False sorting=False cam=LIVE ai=LIVE cam_fps=56.6 pub_fps=30.4 frames=381088 result_subs=1 roi=ok intrinsic=ok inference_age_ms=128 target=none transport=False sorting_thread=alive
15:41:19 [v4][heartbeat] enter=False sorting=False cam=LIVE ai=LIVE cam_fps=54.8 pub_fps=30.2 frames=381362 result_subs=1 roi=ok intrinsic=ok inference_age_ms=76 target=none transport=False sorting_thread=alive
15:41:24 [v4][heartbeat] enter=False sorting=False cam=LIVE ai=LIVE cam_fps=56.6 pub_fps=30.2 frames=381645 result_subs=1 roi=ok intrinsic=ok inference_age_ms=163 target=none transport=False sorting_thread=alive
15:41:29 [v4][heartbeat] enter=False sorting=False cam=LIVE ai=LIVE cam_fps=56.2 pub_fps=30.4 frames=381926 result_subs=1 roi=ok intrinsic=ok inference_age_ms=108 target=none transport=False sorting_thread=alive
15:41:34 [v4][heartbeat] enter=False sorting=False cam=LIVE ai=LIVE cam_fps=53.0 pub_fps=30.4 frames=382191 result_subs=1 roi=ok intrinsic=ok inference_age_ms=71 target=none transport=False sorting_thread=alive
15:41:39 [v4][heartbeat] enter=False sorting=False cam=LIVE ai=LIVE cam_fps=56.8 pub_fps=30.2 frames=382475 result_subs=1 roi=ok intrinsic=ok inference_age_ms=148 target=none transport=False sorting_thread=alive
15:41:44 [v4][heartbeat] enter=False sorting=False cam=LIVE ai=LIVE cam_fps=52.0 pub_fps=30.4 frames=382735 result_subs=1 roi=ok intrinsic=ok inference_age_ms=102 target=none transport=False sorting_thread=alive
15:41:49 [v4][heartbeat] enter=False sorting=False cam=LIVE ai=LIVE cam_fps=55.2 pub_fps=30.2 frames=383011 result_subs=1 roi=ok intrinsic=ok inference_age_ms=64 target=none transport=False sorting_thread=alive
15:41:54 [v4][heartbeat] enter=False sorting=False cam=LIVE ai=LIVE cam_fps=57.4 pub_fps=30.4 frames=383298 result_subs=1 roi=ok intrinsic=ok inference_age_ms=143 target=none transport=False sorting_thread=alive
15:41:59 [v4][heartbeat] enter=False sorting=False cam=LIVE ai=LIVE cam_fps=53.8 pub_fps=30.2 frames=383567 result_subs=1 roi=ok intrinsic=ok inference_age_ms=104 target=none transport=False sorting_thread=alive
15:42:04 [v4][heartbeat] enter=False sorting=False cam=LIVE ai=LIVE cam_fps=57.6 pub_fps=30.4 frames=383855 result_subs=1 roi=ok intrinsic=ok inference_age_ms=54 target=none transport=False sorting_thread=alive
15:42:09 [v4][heartbeat] enter=False sorting=False cam=LIVE ai=LIVE cam_fps=55.4 pub_fps=30.2 frames=384132 result_subs=1 roi=ok intrinsic=ok inference_age_ms=136 target=none transport=False sorting_thread=alive
15:42:14 [v4][heartbeat] enter=False sorting=False cam=LIVE ai=LIVE cam_fps=58.6 pub_fps=30.4 frames=384425 result_subs=1 roi=ok intrinsic=ok inference_age_ms=77 target=none transport=False sorting_thread=alive
15:42:19 [v4][heartbeat] enter=False sorting=False cam=LIVE ai=LIVE cam_fps=57.4 pub_fps=30.2 frames=384712 result_subs=1 roi=ok intrinsic=ok inference_age_ms=35 target=none transport=False sorting_thread=alive
15:42:24 [v4][heartbeat] enter=False sorting=False cam=LIVE ai=LIVE cam_fps=57.8 pub_fps=30.4 frames=385001 result_subs=1 roi=ok intrinsic=ok inference_age_ms=122 target=none transport=False sorting_thread=alive
15:42:29 [v4][heartbeat] enter=False sorting=False cam=LIVE ai=LIVE cam_fps=57.6 pub_fps=30.2 frames=385289 result_subs=1 roi=ok intrinsic=ok inference_age_ms=77 target=none transport=False sorting_thread=alive
15:42:34 [v4][heartbeat] enter=False sorting=False cam=LIVE ai=LIVE cam_fps=55.0 pub_fps=30.4 frames=385564 result_subs=1 roi=ok intrinsic=ok inference_age_ms=35 target=none transport=False sorting_thread=alive
15:42:39 [v4][heartbeat] enter=False sorting=False cam=LIVE ai=LIVE cam_fps=57.6 pub_fps=30.2 frames=385852 result_subs=1 roi=ok intrinsic=ok inference_age_ms=121 target=none transport=False sorting_thread=alive
15:42:44 [v4][heartbeat] enter=False sorting=False cam=LIVE ai=LIVE cam_fps=57.2 pub_fps=30.4 frames=386138 result_subs=1 roi=ok intrinsic=ok inference_age_ms=81 target=none transport=False sorting_thread=alive
15:42:49 [v4][heartbeat] enter=False sorting=False cam=LIVE ai=LIVE cam_fps=55.6 pub_fps=30.2 frames=386416 result_subs=1 roi=ok intrinsic=ok inference_age_ms=161 target=none transport=False sorting_thread=alive
15:42:54 [v4][heartbeat] enter=False sorting=False cam=LIVE ai=LIVE cam_fps=58.4 pub_fps=30.4 frames=386708 result_subs=1 roi=ok intrinsic=ok inference_age_ms=107 target=none transport=False sorting_thread=alive
15:42:59 [v4][heartbeat] enter=False sorting=False cam=LIVE ai=LIVE cam_fps=54.6 pub_fps=30.2 frames=386981 result_subs=1 roi=ok intrinsic=ok inference_age_ms=53 target=none transport=False sorting_thread=alive
15:43:04 [v4][heartbeat] enter=False sorting=False cam=LIVE ai=LIVE cam_fps=58.0 pub_fps=30.4 frames=387271 result_subs=1 roi=ok intrinsic=ok inference_age_ms=140 target=none transport=False sorting_thread=alive
15:43:09 [v4][heartbeat] enter=False sorting=False cam=LIVE ai=LIVE cam_fps=56.8 pub_fps=30.2 frames=387555 result_subs=1 roi=ok intrinsic=ok inference_age_ms=98 target=none transport=False sorting_thread=alive
15:43:14 [v4][heartbeat] enter=False sorting=False cam=LIVE ai=LIVE cam_fps=55.8 pub_fps=30.4 frames=387834 result_subs=1 roi=ok intrinsic=ok inference_age_ms=175 target=none transport=False sorting_thread=alive
15:43:19 [v4][heartbeat] enter=False sorting=False cam=LIVE ai=LIVE cam_fps=58.0 pub_fps=30.2 frames=388124 result_subs=1 roi=ok intrinsic=ok inference_age_ms=135 target=none transport=False sorting_thread=alive
15:43:24 [v4][heartbeat] enter=False sorting=False cam=LIVE ai=LIVE cam_fps=55.0 pub_fps=30.4 frames=388399 result_subs=1 roi=ok intrinsic=ok inference_age_ms=89 target=none transport=False sorting_thread=alive
15:43:29 [v4][heartbeat] enter=False sorting=False cam=LIVE ai=LIVE cam_fps=57.4 pub_fps=30.2 frames=388686 result_subs=1 roi=ok intrinsic=ok inference_age_ms=46 target=none transport=False sorting_thread=alive
15:43:34 [v4][heartbeat] enter=False sorting=False cam=LIVE ai=LIVE cam_fps=56.6 pub_fps=30.4 frames=388969 result_subs=1 roi=ok intrinsic=ok inference_age_ms=125 target=none transport=False sorting_thread=alive
15:43:39 [v4][heartbeat] enter=False sorting=False cam=LIVE ai=LIVE cam_fps=55.4 pub_fps=30.2 frames=389246 result_subs=1 roi=ok intrinsic=ok inference_age_ms=86 target=none transport=False sorting_thread=alive
15:43:44 [v4][heartbeat] enter=False sorting=False cam=LIVE ai=LIVE cam_fps=58.0 pub_fps=30.4 frames=389536 result_subs=1 roi=ok intrinsic=ok inference_age_ms=38 target=none transport=False sorting_thread=alive
15:43:49 [v4][heartbeat] enter=False sorting=False cam=LIVE ai=LIVE cam_fps=53.0 pub_fps=30.4 frames=389801 result_subs=1 roi=ok intrinsic=ok inference_age_ms=131 target=none transport=False sorting_thread=alive
15:43:54 [v4][heartbeat] enter=False sorting=False cam=LIVE ai=LIVE cam_fps=56.8 pub_fps=30.2 frames=390085 result_subs=1 roi=ok intrinsic=ok inference_age_ms=86 target=none transport=False sorting_thread=alive
15:43:59 [v4][heartbeat] enter=False sorting=False cam=LIVE ai=LIVE cam_fps=57.8 pub_fps=30.4 frames=390374 result_subs=1 roi=ok intrinsic=ok inference_age_ms=162 target=none transport=False sorting_thread=alive
15:44:04 [v4][heartbeat] enter=False sorting=False cam=LIVE ai=LIVE cam_fps=55.6 pub_fps=30.2 frames=390652 result_subs=1 roi=ok intrinsic=ok inference_age_ms=115 target=none transport=False sorting_thread=alive
15:44:09 [v4][heartbeat] enter=False sorting=False cam=LIVE ai=LIVE cam_fps=56.6 pub_fps=30.2 frames=390935 result_subs=1 roi=ok intrinsic=ok inference_age_ms=69 target=none transport=False sorting_thread=alive
15:44:14 [v4][heartbeat] enter=False sorting=False cam=LIVE ai=LIVE cam_fps=54.6 pub_fps=30.4 frames=391208 result_subs=1 roi=ok intrinsic=ok inference_age_ms=145 target=none transport=False sorting_thread=alive
15:44:19 [v4][heartbeat] enter=False sorting=False cam=LIVE ai=LIVE cam_fps=57.2 pub_fps=30.4 frames=391494 result_subs=1 roi=ok intrinsic=ok inference_age_ms=109 target=none transport=False sorting_thread=alive
15:44:24 [v4][heartbeat] enter=False sorting=False cam=LIVE ai=LIVE cam_fps=58.6 pub_fps=30.2 frames=391787 result_subs=1 roi=ok intrinsic=ok inference_age_ms=63 target=none transport=False sorting_thread=alive
15:44:29 [v4][heartbeat] enter=False sorting=False cam=LIVE ai=LIVE cam_fps=55.0 pub_fps=30.4 frames=392062 result_subs=1 roi=ok intrinsic=ok inference_age_ms=151 target=none transport=False sorting_thread=alive
15:44:34 [v4][heartbeat] enter=False sorting=False cam=LIVE ai=LIVE cam_fps=57.3 pub_fps=30.2 frames=392348 result_subs=1 roi=ok intrinsic=ok inference_age_ms=102 target=none transport=False sorting_thread=alive
15:44:39 [v4][heartbeat] enter=False sorting=False cam=LIVE ai=LIVE cam_fps=55.2 pub_fps=30.4 frames=392624 result_subs=1 roi=ok intrinsic=ok inference_age_ms=63 target=none transport=False sorting_thread=alive
15:44:44 [v4][heartbeat] enter=False sorting=False cam=LIVE ai=LIVE cam_fps=57.2 pub_fps=30.2 frames=392910 result_subs=1 roi=ok intrinsic=ok inference_age_ms=139 target=none transport=False sorting_thread=alive
15:44:49 [v4][heartbeat] enter=False sorting=False cam=LIVE ai=LIVE cam_fps=58.4 pub_fps=30.4 frames=393202 result_subs=1 roi=ok intrinsic=ok inference_age_ms=87 target=none transport=False sorting_thread=alive
15:44:54 [v4][heartbeat] enter=False sorting=False cam=LIVE ai=LIVE cam_fps=54.0 pub_fps=30.2 frames=393472 result_subs=1 roi=ok intrinsic=ok inference_age_ms=48 target=none transport=False sorting_thread=alive
15:44:59 [v4][heartbeat] enter=False sorting=False cam=LIVE ai=LIVE cam_fps=57.0 pub_fps=30.2 frames=393757 result_subs=1 roi=ok intrinsic=ok inference_age_ms=132 target=none transport=False sorting_thread=alive
15:45:04 [v4][heartbeat] enter=False sorting=False cam=LIVE ai=LIVE cam_fps=55.2 pub_fps=30.4 frames=394033 result_subs=1 roi=ok intrinsic=ok inference_age_ms=87 target=none transport=False sorting_thread=alive
15:45:09 [v4][heartbeat] enter=False sorting=False cam=LIVE ai=LIVE cam_fps=57.8 pub_fps=30.4 frames=394322 result_subs=1 roi=ok intrinsic=ok inference_age_ms=169 target=none transport=False sorting_thread=alive
15:45:14 [v4][heartbeat] enter=False sorting=False cam=LIVE ai=LIVE cam_fps=56.8 pub_fps=30.2 frames=394606 result_subs=1 roi=ok intrinsic=ok inference_age_ms=124 target=none transport=False sorting_thread=alive
15:45:19 [v4][heartbeat] enter=False sorting=False cam=LIVE ai=LIVE cam_fps=57.4 pub_fps=30.4 frames=394893 result_subs=1 roi=ok intrinsic=ok inference_age_ms=79 target=none transport=False sorting_thread=alive
15:45:24 [v4][heartbeat] enter=False sorting=False cam=LIVE ai=LIVE cam_fps=58.0 pub_fps=30.2 frames=395183 result_subs=1 roi=ok intrinsic=ok inference_age_ms=159 target=none transport=False sorting_thread=alive
15:45:29 [v4][heartbeat] enter=False sorting=False cam=LIVE ai=LIVE cam_fps=55.6 pub_fps=30.4 frames=395461 result_subs=1 roi=ok intrinsic=ok inference_age_ms=108 target=none transport=False sorting_thread=alive
15:45:34 [v4][heartbeat] enter=False sorting=False cam=LIVE ai=LIVE cam_fps=56.0 pub_fps=30.2 frames=395741 result_subs=1 roi=ok intrinsic=ok inference_age_ms=66 target=none transport=False sorting_thread=alive
15:45:39 [v4][heartbeat] enter=False sorting=False cam=LIVE ai=LIVE cam_fps=58.0 pub_fps=30.4 frames=396031 result_subs=1 roi=ok intrinsic=ok inference_age_ms=144 target=none transport=False sorting_thread=alive
15:45:44 [v4][heartbeat] enter=False sorting=False cam=LIVE ai=LIVE cam_fps=56.8 pub_fps=30.2 frames=396315 result_subs=1 roi=ok intrinsic=ok inference_age_ms=99 target=none transport=False sorting_thread=alive
15:45:49 [v4][heartbeat] enter=False sorting=False cam=LIVE ai=LIVE cam_fps=57.6 pub_fps=30.4 frames=396603 result_subs=1 roi=ok intrinsic=ok inference_age_ms=53 target=none transport=False sorting_thread=alive
15:45:54 [v4][heartbeat] enter=False sorting=False cam=LIVE ai=LIVE cam_fps=57.4 pub_fps=30.2 frames=396890 result_subs=1 roi=ok intrinsic=ok inference_age_ms=145 target=none transport=False sorting_thread=alive
15:45:59 [v4][heartbeat] enter=False sorting=False cam=LIVE ai=LIVE cam_fps=55.4 pub_fps=30.4 frames=397167 result_subs=1 roi=ok intrinsic=ok inference_age_ms=99 target=none transport=False sorting_thread=alive
15:46:04 [v4][heartbeat] enter=False sorting=False cam=LIVE ai=LIVE cam_fps=57.8 pub_fps=30.4 frames=397456 result_subs=1 roi=ok intrinsic=ok inference_age_ms=60 target=none transport=False sorting_thread=alive
15:46:09 [v4][heartbeat] enter=False sorting=False cam=LIVE ai=LIVE cam_fps=56.2 pub_fps=30.2 frames=397737 result_subs=1 roi=ok intrinsic=ok inference_age_ms=139 target=none transport=False sorting_thread=alive
15:46:14 [v4][heartbeat] enter=False sorting=False cam=LIVE ai=LIVE cam_fps=58.6 pub_fps=30.2 frames=398030 result_subs=1 roi=ok intrinsic=ok inference_age_ms=88 target=none transport=False sorting_thread=alive
15:46:19 [v4][heartbeat] enter=False sorting=False cam=LIVE ai=LIVE cam_fps=57.0 pub_fps=30.4 frames=398315 result_subs=1 roi=ok intrinsic=ok inference_age_ms=52 target=none transport=False sorting_thread=alive
15:46:24 [v4][heartbeat] enter=False sorting=False cam=LIVE ai=LIVE cam_fps=55.4 pub_fps=30.2 frames=398592 result_subs=1 roi=ok intrinsic=ok inference_age_ms=137 target=none transport=False sorting_thread=alive
15:46:29 [v4][heartbeat] enter=False sorting=False cam=LIVE ai=LIVE cam_fps=56.8 pub_fps=30.4 frames=398876 result_subs=1 roi=ok intrinsic=ok inference_age_ms=93 target=none transport=False sorting_thread=alive
15:46:34 [v4][heartbeat] enter=False sorting=False cam=LIVE ai=LIVE cam_fps=55.8 pub_fps=30.4 frames=399155 result_subs=1 roi=ok intrinsic=ok inference_age_ms=56 target=none transport=False sorting_thread=alive
15:46:39 [v4][heartbeat] enter=False sorting=False cam=LIVE ai=LIVE cam_fps=57.6 pub_fps=30.2 frames=399443 result_subs=1 roi=ok intrinsic=ok inference_age_ms=144 target=none transport=False sorting_thread=alive
15:46:44 [v4][heartbeat] enter=False sorting=False cam=LIVE ai=LIVE cam_fps=57.6 pub_fps=30.2 frames=399731 result_subs=1 roi=ok intrinsic=ok inference_age_ms=97 target=none transport=False sorting_thread=alive
15:46:49 [v4][heartbeat] enter=False sorting=False cam=LIVE ai=LIVE cam_fps=55.8 pub_fps=30.4 frames=400010 result_subs=1 roi=ok intrinsic=ok inference_age_ms=61 target=none transport=False sorting_thread=alive
15:46:54 [v4][heartbeat] enter=False sorting=False cam=LIVE ai=LIVE cam_fps=58.2 pub_fps=30.4 frames=400301 result_subs=1 roi=ok intrinsic=ok inference_age_ms=148 target=none transport=False sorting_thread=alive
15:46:59 [v4][heartbeat] enter=False sorting=False cam=LIVE ai=LIVE cam_fps=53.4 pub_fps=30.2 frames=400568 result_subs=1 roi=ok intrinsic=ok inference_age_ms=102 target=none transport=False sorting_thread=alive
15:47:04 [v4][heartbeat] enter=False sorting=False cam=LIVE ai=LIVE cam_fps=57.8 pub_fps=30.4 frames=400857 result_subs=1 roi=ok intrinsic=ok inference_age_ms=60 target=none transport=False sorting_thread=alive
15:47:09 [v4][heartbeat] enter=False sorting=False cam=LIVE ai=LIVE cam_fps=57.2 pub_fps=30.2 frames=401143 result_subs=1 roi=ok intrinsic=ok inference_age_ms=152 target=none transport=False sorting_thread=alive
15:47:14 [v4][heartbeat] enter=False sorting=False cam=LIVE ai=LIVE cam_fps=55.4 pub_fps=30.4 frames=401420 result_subs=1 roi=ok intrinsic=ok inference_age_ms=95 target=none transport=False sorting_thread=alive
15:47:19 [v4][heartbeat] enter=False sorting=False cam=LIVE ai=LIVE cam_fps=57.4 pub_fps=30.2 frames=401707 result_subs=1 roi=ok intrinsic=ok inference_age_ms=48 target=none transport=False sorting_thread=alive
15:47:24 [v4][heartbeat] enter=False sorting=False cam=LIVE ai=LIVE cam_fps=55.4 pub_fps=30.4 frames=401984 result_subs=1 roi=ok intrinsic=ok inference_age_ms=127 target=none transport=False sorting_thread=alive
15:47:29 [v4][heartbeat] enter=False sorting=False cam=LIVE ai=LIVE cam_fps=56.6 pub_fps=30.2 frames=402267 result_subs=1 roi=ok intrinsic=ok inference_age_ms=84 target=none transport=False sorting_thread=alive
15:47:34 [v4][heartbeat] enter=False sorting=False cam=LIVE ai=LIVE cam_fps=57.0 pub_fps=30.4 frames=402552 result_subs=1 roi=ok intrinsic=ok inference_age_ms=43 target=none transport=False sorting_thread=alive
15:47:39 [v4][heartbeat] enter=False sorting=False cam=LIVE ai=LIVE cam_fps=54.6 pub_fps=30.2 frames=402825 result_subs=1 roi=ok intrinsic=ok inference_age_ms=131 target=none transport=False sorting_thread=alive
15:47:44 [v4][heartbeat] enter=False sorting=False cam=LIVE ai=LIVE cam_fps=58.2 pub_fps=30.4 frames=403116 result_subs=1 roi=ok intrinsic=ok inference_age_ms=86 target=none transport=False sorting_thread=alive
15:47:49 [v4][heartbeat] enter=False sorting=False cam=LIVE ai=LIVE cam_fps=56.4 pub_fps=30.2 frames=403398 result_subs=1 roi=ok intrinsic=ok inference_age_ms=161 target=none transport=False sorting_thread=alive
15:47:54 [v4][heartbeat] enter=False sorting=False cam=LIVE ai=LIVE cam_fps=56.2 pub_fps=30.4 frames=403679 result_subs=1 roi=ok intrinsic=ok inference_age_ms=122 target=none transport=False sorting_thread=alive
15:47:59 [v4][heartbeat] enter=False sorting=False cam=LIVE ai=LIVE cam_fps=56.4 pub_fps=30.2 frames=403961 result_subs=1 roi=ok intrinsic=ok inference_age_ms=79 target=none transport=False sorting_thread=alive
15:48:04 [v4][heartbeat] enter=False sorting=False cam=LIVE ai=LIVE cam_fps=53.2 pub_fps=30.4 frames=404227 result_subs=1 roi=ok intrinsic=ok inference_age_ms=37 target=none transport=False sorting_thread=alive
15:48:09 [v4][heartbeat] enter=False sorting=False cam=LIVE ai=LIVE cam_fps=57.2 pub_fps=30.2 frames=404513 result_subs=1 roi=ok intrinsic=ok inference_age_ms=115 target=none transport=False sorting_thread=alive
15:48:14 [v4][heartbeat] enter=False sorting=False cam=LIVE ai=LIVE cam_fps=56.4 pub_fps=30.4 frames=404795 result_subs=1 roi=ok intrinsic=ok inference_age_ms=76 target=none transport=False sorting_thread=alive
15:48:19 [v4][heartbeat] enter=False sorting=False cam=LIVE ai=LIVE cam_fps=55.4 pub_fps=30.2 frames=405072 result_subs=1 roi=ok intrinsic=ok inference_age_ms=163 target=none transport=False sorting_thread=alive
15:48:24 [v4][heartbeat] enter=False sorting=False cam=LIVE ai=LIVE cam_fps=58.6 pub_fps=30.4 frames=405365 result_subs=1 roi=ok intrinsic=ok inference_age_ms=113 target=none transport=False sorting_thread=alive
15:48:29 [v4][heartbeat] enter=False sorting=False cam=LIVE ai=LIVE cam_fps=53.8 pub_fps=30.2 frames=405634 result_subs=1 roi=ok intrinsic=ok inference_age_ms=66 target=none transport=False sorting_thread=alive
15:48:34 [v4][heartbeat] enter=False sorting=False cam=LIVE ai=LIVE cam_fps=57.4 pub_fps=30.4 frames=405921 result_subs=1 roi=ok intrinsic=ok inference_age_ms=138 target=none transport=False sorting_thread=alive
15:48:39 [v4][heartbeat] enter=False sorting=False cam=LIVE ai=LIVE cam_fps=56.6 pub_fps=30.2 frames=406204 result_subs=1 roi=ok intrinsic=ok inference_age_ms=94 target=none transport=False sorting_thread=alive
15:48:44 [v4][heartbeat] enter=False sorting=False cam=LIVE ai=LIVE cam_fps=56.0 pub_fps=30.4 frames=406484 result_subs=1 roi=ok intrinsic=ok inference_age_ms=42 target=none transport=False sorting_thread=alive
15:48:49 [v4][heartbeat] enter=False sorting=False cam=LIVE ai=LIVE cam_fps=57.4 pub_fps=30.4 frames=406771 result_subs=1 roi=ok intrinsic=ok inference_age_ms=122 target=none transport=False sorting_thread=alive
15:48:54 [v4][heartbeat] enter=False sorting=False cam=LIVE ai=LIVE cam_fps=52.4 pub_fps=30.2 frames=407033 result_subs=1 roi=ok intrinsic=ok inference_age_ms=74 target=none transport=False sorting_thread=alive
15:48:59 [v4][heartbeat] enter=False sorting=False cam=LIVE ai=LIVE cam_fps=55.9 pub_fps=30.4 frames=407313 result_subs=1 roi=ok intrinsic=ok inference_age_ms=168 target=none transport=False sorting_thread=alive
15:49:04 [v4][heartbeat] enter=False sorting=False cam=LIVE ai=LIVE cam_fps=56.7 pub_fps=30.3 frames=407596 result_subs=1 roi=ok intrinsic=ok inference_age_ms=109 target=none transport=False sorting_thread=alive
15:49:09 [v4][heartbeat] enter=False sorting=False cam=LIVE ai=LIVE cam_fps=56.0 pub_fps=30.2 frames=407876 result_subs=1 roi=ok intrinsic=ok inference_age_ms=69 target=none transport=False sorting_thread=alive
15:49:14 [v4][heartbeat] enter=False sorting=False cam=LIVE ai=LIVE cam_fps=57.4 pub_fps=30.4 frames=408163 result_subs=1 roi=ok intrinsic=ok inference_age_ms=151 target=none transport=False sorting_thread=alive
15:49:19 [v4][heartbeat] enter=False sorting=False cam=LIVE ai=LIVE cam_fps=54.5 pub_fps=30.4 frames=408436 result_subs=1 roi=ok intrinsic=ok inference_age_ms=102 target=none transport=False sorting_thread=alive
15:49:24 [v4][heartbeat] enter=False sorting=False cam=LIVE ai=LIVE cam_fps=58.1 pub_fps=30.2 frames=408726 result_subs=1 roi=ok intrinsic=ok inference_age_ms=180 target=none transport=False sorting_thread=alive
15:49:29 [v4][heartbeat] enter=False sorting=False cam=LIVE ai=LIVE cam_fps=57.6 pub_fps=30.2 frames=409014 result_subs=1 roi=ok intrinsic=ok inference_age_ms=138 target=none transport=False sorting_thread=alive
15:49:34 [v4][heartbeat] enter=False sorting=False cam=LIVE ai=LIVE cam_fps=54.2 pub_fps=30.4 frames=409285 result_subs=1 roi=ok intrinsic=ok inference_age_ms=87 target=none transport=False sorting_thread=alive
15:49:39 [v4][heartbeat] enter=False sorting=False cam=LIVE ai=LIVE cam_fps=58.2 pub_fps=30.2 frames=409576 result_subs=1 roi=ok intrinsic=ok inference_age_ms=42 target=none transport=False sorting_thread=alive
15:49:44 [v4][heartbeat] enter=False sorting=False cam=LIVE ai=LIVE cam_fps=55.2 pub_fps=30.4 frames=409852 result_subs=1 roi=ok intrinsic=ok inference_age_ms=123 target=none transport=False sorting_thread=alive
15:49:49 [v4][heartbeat] enter=False sorting=False cam=LIVE ai=LIVE cam_fps=57.4 pub_fps=30.4 frames=410139 result_subs=1 roi=ok intrinsic=ok inference_age_ms=82 target=none transport=False sorting_thread=alive
15:49:54 [v4][heartbeat] enter=False sorting=False cam=LIVE ai=LIVE cam_fps=58.0 pub_fps=30.2 frames=410429 result_subs=1 roi=ok intrinsic=ok inference_age_ms=158 target=none transport=False sorting_thread=alive
15:49:59 [v4][heartbeat] enter=False sorting=False cam=LIVE ai=LIVE cam_fps=54.4 pub_fps=30.4 frames=410701 result_subs=1 roi=ok intrinsic=ok inference_age_ms=117 target=none transport=False sorting_thread=alive
15:50:04 [v4][heartbeat] enter=False sorting=False cam=LIVE ai=LIVE cam_fps=57.4 pub_fps=30.2 frames=410988 result_subs=1 roi=ok intrinsic=ok inference_age_ms=76 target=none transport=False sorting_thread=alive
15:50:09 [v4][heartbeat] enter=False sorting=False cam=LIVE ai=LIVE cam_fps=52.2 pub_fps=30.2 frames=411249 result_subs=1 roi=ok intrinsic=ok inference_age_ms=160 target=none transport=False sorting_thread=alive
15:50:14 [v4][heartbeat] enter=False sorting=False cam=LIVE ai=LIVE cam_fps=54.6 pub_fps=30.4 frames=411522 result_subs=1 roi=ok intrinsic=ok inference_age_ms=111 target=none transport=False sorting_thread=alive
15:50:19 [v4][heartbeat] enter=False sorting=False cam=LIVE ai=LIVE cam_fps=55.4 pub_fps=30.4 frames=411799 result_subs=1 roi=ok intrinsic=ok inference_age_ms=66 target=none transport=False sorting_thread=alive
15:50:24 [v4][heartbeat] enter=False sorting=False cam=LIVE ai=LIVE cam_fps=55.6 pub_fps=30.2 frames=412077 result_subs=1 roi=ok intrinsic=ok inference_age_ms=144 target=none transport=False sorting_thread=alive
15:50:29 [v4][heartbeat] enter=False sorting=False cam=LIVE ai=LIVE cam_fps=59.0 pub_fps=30.4 frames=412372 result_subs=1 roi=ok intrinsic=ok inference_age_ms=102 target=none transport=False sorting_thread=alive
15:50:34 [v4][heartbeat] enter=False sorting=False cam=LIVE ai=LIVE cam_fps=56.8 pub_fps=30.2 frames=412656 result_subs=1 roi=ok intrinsic=ok inference_age_ms=58 target=none transport=False sorting_thread=alive
15:50:39 [v4][heartbeat] enter=False sorting=False cam=LIVE ai=LIVE cam_fps=54.6 pub_fps=30.2 frames=412929 result_subs=1 roi=ok intrinsic=ok inference_age_ms=141 target=none transport=False sorting_thread=alive
15:50:44 [v4][heartbeat] enter=False sorting=False cam=LIVE ai=LIVE cam_fps=57.0 pub_fps=30.4 frames=413214 result_subs=1 roi=ok intrinsic=ok inference_age_ms=89 target=none transport=False sorting_thread=alive
15:50:49 [v4][heartbeat] enter=False sorting=False cam=LIVE ai=LIVE cam_fps=54.4 pub_fps=30.4 frames=413486 result_subs=1 roi=ok intrinsic=ok inference_age_ms=44 target=none transport=False sorting_thread=alive
15:50:54 [v4][heartbeat] enter=False sorting=False cam=LIVE ai=LIVE cam_fps=57.8 pub_fps=30.2 frames=413775 result_subs=1 roi=ok intrinsic=ok inference_age_ms=124 target=none transport=False sorting_thread=alive
15:50:59 [v4][heartbeat] enter=False sorting=False cam=LIVE ai=LIVE cam_fps=53.4 pub_fps=30.4 frames=414042 result_subs=1 roi=ok intrinsic=ok inference_age_ms=72 target=none transport=False sorting_thread=alive
15:51:04 [v4][heartbeat] enter=False sorting=False cam=LIVE ai=LIVE cam_fps=55.5 pub_fps=30.2 frames=414320 result_subs=1 roi=ok intrinsic=ok inference_age_ms=161 target=none transport=False sorting_thread=alive
15:51:09 [v4][heartbeat] enter=False sorting=False cam=LIVE ai=LIVE cam_fps=57.5 pub_fps=30.4 frames=414607 result_subs=1 roi=ok intrinsic=ok inference_age_ms=118 target=none transport=False sorting_thread=alive
15:51:14 [v4][heartbeat] enter=False sorting=False cam=LIVE ai=LIVE cam_fps=55.0 pub_fps=30.2 frames=414882 result_subs=1 roi=ok intrinsic=ok inference_age_ms=59 target=none transport=False sorting_thread=alive
15:51:19 [v4][heartbeat] enter=False sorting=False cam=LIVE ai=LIVE cam_fps=58.4 pub_fps=30.4 frames=415174 result_subs=1 roi=ok intrinsic=ok inference_age_ms=141 target=none transport=False sorting_thread=alive
15:51:24 [v4][heartbeat] enter=False sorting=False cam=LIVE ai=LIVE cam_fps=56.0 pub_fps=30.2 frames=415454 result_subs=1 roi=ok intrinsic=ok inference_age_ms=95 target=none transport=False sorting_thread=alive
15:51:29 [v4][heartbeat] enter=False sorting=False cam=LIVE ai=LIVE cam_fps=55.8 pub_fps=30.4 frames=415733 result_subs=1 roi=ok intrinsic=ok inference_age_ms=43 target=none transport=False sorting_thread=alive
15:51:34 [v4][heartbeat] enter=False sorting=False cam=LIVE ai=LIVE cam_fps=57.6 pub_fps=30.4 frames=416021 result_subs=1 roi=ok intrinsic=ok inference_age_ms=122 target=none transport=False sorting_thread=alive
15:51:39 [v4][heartbeat] enter=False sorting=False cam=LIVE ai=LIVE cam_fps=53.4 pub_fps=30.2 frames=416288 result_subs=1 roi=ok intrinsic=ok inference_age_ms=67 target=none transport=False sorting_thread=alive
15:51:44 [v4][heartbeat] enter=False sorting=False cam=LIVE ai=LIVE cam_fps=57.6 pub_fps=30.4 frames=416576 result_subs=1 roi=ok intrinsic=ok inference_age_ms=152 target=none transport=False sorting_thread=alive
15:51:49 [v4][heartbeat] enter=False sorting=False cam=LIVE ai=LIVE cam_fps=57.8 pub_fps=30.2 frames=416865 result_subs=1 roi=ok intrinsic=ok inference_age_ms=106 target=none transport=False sorting_thread=alive
15:51:54 [v4][heartbeat] enter=False sorting=False cam=LIVE ai=LIVE cam_fps=53.0 pub_fps=30.2 frames=417130 result_subs=1 roi=ok intrinsic=ok inference_age_ms=51 target=none transport=False sorting_thread=alive
15:51:59 [v4][heartbeat] enter=False sorting=False cam=LIVE ai=LIVE cam_fps=58.2 pub_fps=30.4 frames=417421 result_subs=1 roi=ok intrinsic=ok inference_age_ms=131 target=none transport=False sorting_thread=alive
15:52:04 [v4][heartbeat] enter=False sorting=False cam=LIVE ai=LIVE cam_fps=54.6 pub_fps=30.4 frames=417694 result_subs=1 roi=ok intrinsic=ok inference_age_ms=96 target=none transport=False sorting_thread=alive
15:52:09 [v4][heartbeat] enter=False sorting=False cam=LIVE ai=LIVE cam_fps=56.4 pub_fps=30.2 frames=417976 result_subs=1 roi=ok intrinsic=ok inference_age_ms=36 target=none transport=False sorting_thread=alive
15:52:14 [v4][heartbeat] enter=False sorting=False cam=LIVE ai=LIVE cam_fps=57.0 pub_fps=30.4 frames=418261 result_subs=1 roi=ok intrinsic=ok inference_age_ms=126 target=none transport=False sorting_thread=alive
15:52:19 [v4][heartbeat] enter=False sorting=False cam=LIVE ai=LIVE cam_fps=52.6 pub_fps=30.2 frames=418524 result_subs=1 roi=ok intrinsic=ok inference_age_ms=77 target=none transport=False sorting_thread=alive
15:52:24 [v4][heartbeat] enter=False sorting=False cam=LIVE ai=LIVE cam_fps=57.2 pub_fps=30.2 frames=418810 result_subs=1 roi=ok intrinsic=ok inference_age_ms=157 target=none transport=False sorting_thread=alive
15:52:29 [v4][heartbeat] enter=False sorting=False cam=LIVE ai=LIVE cam_fps=55.6 pub_fps=30.4 frames=419088 result_subs=1 roi=ok intrinsic=ok inference_age_ms=103 target=none transport=False sorting_thread=alive
15:52:34 [v4][heartbeat] enter=False sorting=False cam=LIVE ai=LIVE cam_fps=56.6 pub_fps=30.4 frames=419371 result_subs=1 roi=ok intrinsic=ok inference_age_ms=63 target=none transport=False sorting_thread=alive
15:52:39 [v4][heartbeat] enter=False sorting=False cam=LIVE ai=LIVE cam_fps=57.0 pub_fps=30.2 frames=419656 result_subs=1 roi=ok intrinsic=ok inference_age_ms=142 target=none transport=False sorting_thread=alive
15:52:44 [v4][heartbeat] enter=False sorting=False cam=LIVE ai=LIVE cam_fps=53.8 pub_fps=30.4 frames=419925 result_subs=1 roi=ok intrinsic=ok inference_age_ms=89 target=none transport=False sorting_thread=alive
15:52:49 [v4][heartbeat] enter=False sorting=False cam=LIVE ai=LIVE cam_fps=58.6 pub_fps=30.2 frames=420218 result_subs=1 roi=ok intrinsic=ok inference_age_ms=51 target=none transport=False sorting_thread=alive
15:52:54 [v4][heartbeat] enter=False sorting=False cam=LIVE ai=LIVE cam_fps=55.6 pub_fps=30.2 frames=420496 result_subs=1 roi=ok intrinsic=ok inference_age_ms=124 target=none transport=False sorting_thread=alive
15:52:59 [v4][heartbeat] enter=False sorting=False cam=LIVE ai=LIVE cam_fps=55.6 pub_fps=30.4 frames=420774 result_subs=1 roi=ok intrinsic=ok inference_age_ms=77 target=none transport=False sorting_thread=alive
15:53:04 [v4][heartbeat] enter=False sorting=False cam=LIVE ai=LIVE cam_fps=57.6 pub_fps=30.4 frames=421062 result_subs=1 roi=ok intrinsic=ok inference_age_ms=162 target=none transport=False sorting_thread=alive
15:53:09 [v4][heartbeat] enter=False sorting=False cam=LIVE ai=LIVE cam_fps=54.6 pub_fps=30.2 frames=421335 result_subs=1 roi=ok intrinsic=ok inference_age_ms=113 target=none transport=False sorting_thread=alive
15:53:14 [v4][heartbeat] enter=False sorting=False cam=LIVE ai=LIVE cam_fps=58.4 pub_fps=30.4 frames=421627 result_subs=1 roi=ok intrinsic=ok inference_age_ms=67 target=none transport=False sorting_thread=alive
15:53:19 [v4][heartbeat] enter=False sorting=False cam=LIVE ai=LIVE cam_fps=54.6 pub_fps=30.2 frames=421900 result_subs=1 roi=ok intrinsic=ok inference_age_ms=154 target=none transport=False sorting_thread=alive
15:53:24 [v4][heartbeat] enter=False sorting=False cam=LIVE ai=LIVE cam_fps=55.4 pub_fps=30.4 frames=422177 result_subs=1 roi=ok intrinsic=ok inference_age_ms=106 target=none transport=False sorting_thread=alive
15:53:29 [v4][heartbeat] enter=False sorting=False cam=LIVE ai=LIVE cam_fps=57.6 pub_fps=30.2 frames=422465 result_subs=1 roi=ok intrinsic=ok inference_age_ms=59 target=none transport=False sorting_thread=alive
15:53:34 [v4][heartbeat] enter=False sorting=False cam=LIVE ai=LIVE cam_fps=52.8 pub_fps=30.4 frames=422729 result_subs=1 roi=ok intrinsic=ok inference_age_ms=142 target=none transport=False sorting_thread=alive
15:53:39 [v4][heartbeat] enter=False sorting=False cam=LIVE ai=LIVE cam_fps=56.8 pub_fps=30.2 frames=423013 result_subs=1 roi=ok intrinsic=ok inference_age_ms=92 target=none transport=False sorting_thread=alive
15:53:44 [v4][heartbeat] enter=False sorting=False cam=LIVE ai=LIVE cam_fps=56.8 pub_fps=30.4 frames=423297 result_subs=1 roi=ok intrinsic=ok inference_age_ms=167 target=none transport=False sorting_thread=alive
15:53:49 [v4][heartbeat] enter=False sorting=False cam=LIVE ai=LIVE cam_fps=54.4 pub_fps=30.2 frames=423569 result_subs=1 roi=ok intrinsic=ok inference_age_ms=117 target=none transport=False sorting_thread=alive
15:53:54 [v4][heartbeat] enter=False sorting=False cam=LIVE ai=LIVE cam_fps=58.8 pub_fps=30.4 frames=423863 result_subs=1 roi=ok intrinsic=ok inference_age_ms=75 target=none transport=False sorting_thread=alive
15:53:59 [v4][heartbeat] enter=False sorting=False cam=LIVE ai=LIVE cam_fps=54.4 pub_fps=30.2 frames=424135 result_subs=1 roi=ok intrinsic=ok inference_age_ms=38 target=none transport=False sorting_thread=alive
15:54:04 [v4][heartbeat] enter=False sorting=False cam=LIVE ai=LIVE cam_fps=58.0 pub_fps=30.4 frames=424425 result_subs=1 roi=ok intrinsic=ok inference_age_ms=118 target=none transport=False sorting_thread=alive
15:54:09 [v4][heartbeat] enter=False sorting=False cam=LIVE ai=LIVE cam_fps=58.0 pub_fps=30.2 frames=424715 result_subs=1 roi=ok intrinsic=ok inference_age_ms=85 target=none transport=False sorting_thread=alive
15:54:14 [v4][heartbeat] enter=False sorting=False cam=LIVE ai=LIVE cam_fps=54.2 pub_fps=30.4 frames=424986 result_subs=1 roi=ok intrinsic=ok inference_age_ms=45 target=none transport=False sorting_thread=alive
15:54:19 [v4][heartbeat] enter=False sorting=False cam=LIVE ai=LIVE cam_fps=58.2 pub_fps=30.2 frames=425277 result_subs=1 roi=ok intrinsic=ok inference_age_ms=122 target=none transport=False sorting_thread=alive
15:54:24 [v4][heartbeat] enter=False sorting=False cam=LIVE ai=LIVE cam_fps=54.2 pub_fps=30.4 frames=425548 result_subs=1 roi=ok intrinsic=ok inference_age_ms=74 target=none transport=False sorting_thread=alive
15:54:29 [v4][heartbeat] enter=False sorting=False cam=LIVE ai=LIVE cam_fps=56.8 pub_fps=30.2 frames=425832 result_subs=1 roi=ok intrinsic=ok inference_age_ms=160 target=none transport=False sorting_thread=alive
15:54:34 [v4][heartbeat] enter=False sorting=False cam=LIVE ai=LIVE cam_fps=56.6 pub_fps=30.4 frames=426115 result_subs=1 roi=ok intrinsic=ok inference_age_ms=125 target=none transport=False sorting_thread=alive
15:54:39 [v4][heartbeat] enter=False sorting=False cam=LIVE ai=LIVE cam_fps=52.6 pub_fps=30.2 frames=426378 result_subs=1 roi=ok intrinsic=ok inference_age_ms=66 target=none transport=False sorting_thread=alive
15:54:44 [v4][heartbeat] enter=False sorting=False cam=LIVE ai=LIVE cam_fps=57.4 pub_fps=30.4 frames=426665 result_subs=1 roi=ok intrinsic=ok inference_age_ms=137 target=none transport=False sorting_thread=alive
15:54:49 [v4][heartbeat] enter=False sorting=False cam=LIVE ai=LIVE cam_fps=56.2 pub_fps=30.2 frames=426946 result_subs=1 roi=ok intrinsic=ok inference_age_ms=86 target=none transport=False sorting_thread=alive
15:54:54 [v4][heartbeat] enter=False sorting=False cam=LIVE ai=LIVE cam_fps=56.8 pub_fps=30.4 frames=427230 result_subs=1 roi=ok intrinsic=ok inference_age_ms=48 target=none transport=False sorting_thread=alive
15:54:59 [v4][heartbeat] enter=False sorting=False cam=LIVE ai=LIVE cam_fps=58.0 pub_fps=30.4 frames=427520 result_subs=1 roi=ok intrinsic=ok inference_age_ms=134 target=none transport=False sorting_thread=alive
15:55:04 [v4][heartbeat] enter=False sorting=False cam=LIVE ai=LIVE cam_fps=53.2 pub_fps=30.2 frames=427786 result_subs=1 roi=ok intrinsic=ok inference_age_ms=84 target=none transport=False sorting_thread=alive
15:55:09 [v4][heartbeat] enter=False sorting=False cam=LIVE ai=LIVE cam_fps=58.6 pub_fps=30.2 frames=428079 result_subs=1 roi=ok intrinsic=ok inference_age_ms=166 target=none transport=False sorting_thread=alive
15:55:14 [v4][heartbeat] enter=False sorting=False cam=LIVE ai=LIVE cam_fps=56.2 pub_fps=30.4 frames=428360 result_subs=1 roi=ok intrinsic=ok inference_age_ms=111 target=none transport=False sorting_thread=alive
15:55:19 [v4][heartbeat] enter=False sorting=False cam=LIVE ai=LIVE cam_fps=57.0 pub_fps=30.4 frames=428645 result_subs=1 roi=ok intrinsic=ok inference_age_ms=67 target=none transport=False sorting_thread=alive
15:55:24 [v4][heartbeat] enter=False sorting=False cam=LIVE ai=LIVE cam_fps=57.6 pub_fps=30.2 frames=428933 result_subs=1 roi=ok intrinsic=ok inference_age_ms=149 target=none transport=False sorting_thread=alive
15:55:29 [v4][heartbeat] enter=False sorting=False cam=LIVE ai=LIVE cam_fps=54.4 pub_fps=30.4 frames=429205 result_subs=1 roi=ok intrinsic=ok inference_age_ms=103 target=none transport=False sorting_thread=alive
15:55:34 [v4][heartbeat] enter=False sorting=False cam=LIVE ai=LIVE cam_fps=58.8 pub_fps=30.2 frames=429499 result_subs=1 roi=ok intrinsic=ok inference_age_ms=61 target=none transport=False sorting_thread=alive
15:55:39 [v4][heartbeat] enter=False sorting=False cam=LIVE ai=LIVE cam_fps=57.4 pub_fps=30.2 frames=429786 result_subs=1 roi=ok intrinsic=ok inference_age_ms=149 target=none transport=False sorting_thread=alive
15:55:44 [v4][heartbeat] enter=False sorting=False cam=LIVE ai=LIVE cam_fps=54.4 pub_fps=30.4 frames=430058 result_subs=1 roi=ok intrinsic=ok inference_age_ms=108 target=none transport=False sorting_thread=alive
15:55:49 [v4][heartbeat] enter=False sorting=False cam=LIVE ai=LIVE cam_fps=57.4 pub_fps=30.4 frames=430345 result_subs=1 roi=ok intrinsic=ok inference_age_ms=67 target=none transport=False sorting_thread=alive
15:55:54 [v4][heartbeat] enter=False sorting=False cam=LIVE ai=LIVE cam_fps=53.8 pub_fps=30.2 frames=430614 result_subs=1 roi=ok intrinsic=ok inference_age_ms=145 target=none transport=False sorting_thread=alive
15:55:59 [v4][heartbeat] enter=False sorting=False cam=LIVE ai=LIVE cam_fps=56.8 pub_fps=30.4 frames=430898 result_subs=1 roi=ok intrinsic=ok inference_age_ms=102 target=none transport=False sorting_thread=alive
15:56:04 [v4][heartbeat] enter=False sorting=False cam=LIVE ai=LIVE cam_fps=57.4 pub_fps=30.2 frames=431185 result_subs=1 roi=ok intrinsic=ok inference_age_ms=58 target=none transport=False sorting_thread=alive
15:56:09 [v4][heartbeat] enter=False sorting=False cam=LIVE ai=LIVE cam_fps=57.0 pub_fps=30.4 frames=431470 result_subs=1 roi=ok intrinsic=ok inference_age_ms=130 target=none transport=False sorting_thread=alive
15:56:14 [v4][heartbeat] enter=False sorting=False cam=LIVE ai=LIVE cam_fps=59.4 pub_fps=30.2 frames=431767 result_subs=1 roi=ok intrinsic=ok inference_age_ms=90 target=none transport=False sorting_thread=alive
15:56:19 [v4][heartbeat] enter=False sorting=False cam=LIVE ai=LIVE cam_fps=53.2 pub_fps=30.4 frames=432033 result_subs=1 roi=ok intrinsic=ok inference_age_ms=57 target=none transport=False sorting_thread=alive
15:56:24 [v4][heartbeat] enter=False sorting=False cam=LIVE ai=LIVE cam_fps=55.8 pub_fps=30.2 frames=432312 result_subs=1 roi=ok intrinsic=ok inference_age_ms=141 target=none transport=False sorting_thread=alive
15:56:29 [v4][heartbeat] enter=False sorting=False cam=LIVE ai=LIVE cam_fps=58.2 pub_fps=30.4 frames=432603 result_subs=1 roi=ok intrinsic=ok inference_age_ms=104 target=none transport=False sorting_thread=alive
15:56:34 [v4][heartbeat] enter=False sorting=False cam=LIVE ai=LIVE cam_fps=54.4 pub_fps=30.4 frames=432875 result_subs=1 roi=ok intrinsic=ok inference_age_ms=66 target=none transport=False sorting_thread=alive
15:56:39 [v4][heartbeat] enter=False sorting=False cam=LIVE ai=LIVE cam_fps=58.0 pub_fps=30.2 frames=433165 result_subs=1 roi=ok intrinsic=ok inference_age_ms=146 target=none transport=False sorting_thread=alive
15:56:44 [v4][heartbeat] enter=False sorting=False cam=LIVE ai=LIVE cam_fps=54.2 pub_fps=30.2 frames=433436 result_subs=1 roi=ok intrinsic=ok inference_age_ms=104 target=none transport=False sorting_thread=alive
15:56:49 [v4][heartbeat] enter=False sorting=False cam=LIVE ai=LIVE cam_fps=57.6 pub_fps=30.4 frames=433724 result_subs=1 roi=ok intrinsic=ok inference_age_ms=67 target=none transport=False sorting_thread=alive
15:56:54 [v4][heartbeat] enter=False sorting=False cam=LIVE ai=LIVE cam_fps=58.0 pub_fps=30.2 frames=434014 result_subs=1 roi=ok intrinsic=ok inference_age_ms=155 target=none transport=False sorting_thread=alive
15:56:59 [v4][heartbeat] enter=False sorting=False cam=LIVE ai=LIVE cam_fps=54.0 pub_fps=30.4 frames=434284 result_subs=1 roi=ok intrinsic=ok inference_age_ms=106 target=none transport=False sorting_thread=alive
15:57:04 [v4][heartbeat] enter=False sorting=False cam=LIVE ai=LIVE cam_fps=58.4 pub_fps=30.2 frames=434576 result_subs=1 roi=ok intrinsic=ok inference_age_ms=59 target=none transport=False sorting_thread=alive
15:57:09 [v4][heartbeat] enter=False sorting=False cam=LIVE ai=LIVE cam_fps=55.4 pub_fps=30.4 frames=434853 result_subs=1 roi=ok intrinsic=ok inference_age_ms=142 target=none transport=False sorting_thread=alive
15:57:14 [v4][heartbeat] enter=False sorting=False cam=LIVE ai=LIVE cam_fps=56.8 pub_fps=30.4 frames=435137 result_subs=1 roi=ok intrinsic=ok inference_age_ms=91 target=none transport=False sorting_thread=alive
15:57:19 [v4][heartbeat] enter=False sorting=False cam=LIVE ai=LIVE cam_fps=57.2 pub_fps=30.2 frames=435423 result_subs=1 roi=ok intrinsic=ok inference_age_ms=42 target=none transport=False sorting_thread=alive
15:57:24 [v4][heartbeat] enter=False sorting=False cam=LIVE ai=LIVE cam_fps=54.6 pub_fps=30.2 frames=435696 result_subs=1 roi=ok intrinsic=ok inference_age_ms=128 target=none transport=False sorting_thread=alive
15:57:29 [v4][heartbeat] enter=False sorting=False cam=LIVE ai=LIVE cam_fps=59.0 pub_fps=30.4 frames=435991 result_subs=1 roi=ok intrinsic=ok inference_age_ms=80 target=none transport=False sorting_thread=alive
15:57:34 [v4][heartbeat] enter=False sorting=False cam=LIVE ai=LIVE cam_fps=55.1 pub_fps=30.2 frames=436267 result_subs=1 roi=ok intrinsic=ok inference_age_ms=163 target=none transport=False sorting_thread=alive
15:57:39 [v4][heartbeat] enter=False sorting=False cam=LIVE ai=LIVE cam_fps=57.5 pub_fps=30.4 frames=436554 result_subs=1 roi=ok intrinsic=ok inference_age_ms=113 target=none transport=False sorting_thread=alive
15:57:44 [v4][heartbeat] enter=False sorting=False cam=LIVE ai=LIVE cam_fps=57.0 pub_fps=30.4 frames=436839 result_subs=1 roi=ok intrinsic=ok inference_age_ms=75 target=none transport=False sorting_thread=alive
15:57:49 [v4][heartbeat] enter=False sorting=False cam=LIVE ai=LIVE cam_fps=53.6 pub_fps=30.2 frames=437107 result_subs=1 roi=ok intrinsic=ok inference_age_ms=157 target=none transport=False sorting_thread=alive
15:57:54 [v4][heartbeat] enter=False sorting=False cam=LIVE ai=LIVE cam_fps=56.2 pub_fps=30.2 frames=437388 result_subs=1 roi=ok intrinsic=ok inference_age_ms=110 target=none transport=False sorting_thread=alive
15:57:59 [v4][heartbeat] enter=False sorting=False cam=LIVE ai=LIVE cam_fps=54.8 pub_fps=30.4 frames=437662 result_subs=1 roi=ok intrinsic=ok inference_age_ms=69 target=none transport=False sorting_thread=alive
15:58:04 [v4][heartbeat] enter=False sorting=False cam=LIVE ai=LIVE cam_fps=56.8 pub_fps=30.4 frames=437946 result_subs=1 roi=ok intrinsic=ok inference_age_ms=144 target=none transport=False sorting_thread=alive
15:58:09 [v4][heartbeat] enter=False sorting=False cam=LIVE ai=LIVE cam_fps=57.6 pub_fps=30.2 frames=438234 result_subs=1 roi=ok intrinsic=ok inference_age_ms=101 target=none transport=False sorting_thread=alive
15:58:14 [v4][heartbeat] enter=False sorting=False cam=LIVE ai=LIVE cam_fps=56.4 pub_fps=30.4 frames=438516 result_subs=1 roi=ok intrinsic=ok inference_age_ms=53 target=none transport=False sorting_thread=alive
15:58:19 [v4][heartbeat] enter=False sorting=False cam=LIVE ai=LIVE cam_fps=57.6 pub_fps=30.2 frames=438804 result_subs=1 roi=ok intrinsic=ok inference_age_ms=137 target=none transport=False sorting_thread=alive
15:58:24 [v4][heartbeat] enter=False sorting=False cam=LIVE ai=LIVE cam_fps=56.4 pub_fps=30.2 frames=439086 result_subs=1 roi=ok intrinsic=ok inference_age_ms=98 target=none transport=False sorting_thread=alive
15:58:29 [v4][heartbeat] enter=False sorting=False cam=LIVE ai=LIVE cam_fps=56.0 pub_fps=30.4 frames=439366 result_subs=1 roi=ok intrinsic=ok inference_age_ms=47 target=none transport=False sorting_thread=alive
15:58:34 [v4][heartbeat] enter=False sorting=False cam=LIVE ai=LIVE cam_fps=58.0 pub_fps=30.4 frames=439656 result_subs=1 roi=ok intrinsic=ok inference_age_ms=127 target=none transport=False sorting_thread=alive
15:58:39 [v4][heartbeat] enter=False sorting=False cam=LIVE ai=LIVE cam_fps=54.8 pub_fps=30.2 frames=439930 result_subs=1 roi=ok intrinsic=ok inference_age_ms=79 target=none transport=False sorting_thread=alive
15:58:44 [v4][heartbeat] enter=False sorting=False cam=LIVE ai=LIVE cam_fps=58.2 pub_fps=30.4 frames=440221 result_subs=1 roi=ok intrinsic=ok inference_age_ms=154 target=none transport=False sorting_thread=alive
15:58:49 [v4][heartbeat] enter=False sorting=False cam=LIVE ai=LIVE cam_fps=56.2 pub_fps=30.2 frames=440502 result_subs=1 roi=ok intrinsic=ok inference_age_ms=99 target=none transport=False sorting_thread=alive
15:58:54 [v4][heartbeat] enter=False sorting=False cam=LIVE ai=LIVE cam_fps=54.8 pub_fps=30.4 frames=440776 result_subs=1 roi=ok intrinsic=ok inference_age_ms=65 target=none transport=False sorting_thread=alive
15:58:59 [v4][heartbeat] enter=False sorting=False cam=LIVE ai=LIVE cam_fps=57.6 pub_fps=30.2 frames=441064 result_subs=1 roi=ok intrinsic=ok inference_age_ms=139 target=none transport=False sorting_thread=alive
15:59:04 [v4][heartbeat] enter=False sorting=False cam=LIVE ai=LIVE cam_fps=52.6 pub_fps=30.4 frames=441327 result_subs=1 roi=ok intrinsic=ok inference_age_ms=92 target=none transport=False sorting_thread=alive
15:59:09 [v4][heartbeat] enter=False sorting=False cam=LIVE ai=LIVE cam_fps=58.0 pub_fps=30.2 frames=441617 result_subs=1 roi=ok intrinsic=ok inference_age_ms=43 target=none transport=False sorting_thread=alive
15:59:14 [v4][heartbeat] enter=False sorting=False cam=LIVE ai=LIVE cam_fps=57.8 pub_fps=30.4 frames=441906 result_subs=1 roi=ok intrinsic=ok inference_age_ms=134 target=none transport=False sorting_thread=alive
15:59:19 [v4][heartbeat] enter=False sorting=False cam=LIVE ai=LIVE cam_fps=54.4 pub_fps=30.2 frames=442178 result_subs=1 roi=ok intrinsic=ok inference_age_ms=88 target=none transport=False sorting_thread=alive
15:59:24 [v4][heartbeat] enter=False sorting=False cam=LIVE ai=LIVE cam_fps=58.0 pub_fps=30.4 frames=442468 result_subs=1 roi=ok intrinsic=ok inference_age_ms=45 target=none transport=False sorting_thread=alive
15:59:29 [v4][heartbeat] enter=False sorting=False cam=LIVE ai=LIVE cam_fps=54.8 pub_fps=30.2 frames=442742 result_subs=1 roi=ok intrinsic=ok inference_age_ms=99 target=none transport=False sorting_thread=alive
15:59:34 [v4][heartbeat] enter=False sorting=False cam=LIVE ai=LIVE cam_fps=56.6 pub_fps=30.4 frames=443025 result_subs=1 roi=ok intrinsic=ok inference_age_ms=63 target=none transport=False sorting_thread=alive
15:59:39 [v4][heartbeat] enter=False sorting=False cam=LIVE ai=LIVE cam_fps=56.6 pub_fps=30.2 frames=443308 result_subs=1 roi=ok intrinsic=ok inference_age_ms=146 target=none transport=False sorting_thread=alive
15:59:44 [v4][heartbeat] enter=False sorting=False cam=LIVE ai=LIVE cam_fps=54.0 pub_fps=30.4 frames=443578 result_subs=1 roi=ok intrinsic=ok inference_age_ms=95 target=none transport=False sorting_thread=alive
15:59:49 [v4][heartbeat] enter=False sorting=False cam=LIVE ai=LIVE cam_fps=55.6 pub_fps=30.2 frames=443856 result_subs=1 roi=ok intrinsic=ok inference_age_ms=45 target=none transport=False sorting_thread=alive
15:59:54 [v4][heartbeat] enter=False sorting=False cam=LIVE ai=LIVE cam_fps=55.0 pub_fps=30.4 frames=444131 result_subs=1 roi=ok intrinsic=ok inference_age_ms=133 target=none transport=False sorting_thread=alive
15:59:59 [v4][heartbeat] enter=False sorting=False cam=LIVE ai=LIVE cam_fps=56.2 pub_fps=30.4 frames=444412 result_subs=1 roi=ok intrinsic=ok inference_age_ms=89 target=none transport=False sorting_thread=alive
16:00:04 [v4][heartbeat] enter=False sorting=False cam=LIVE ai=LIVE cam_fps=56.4 pub_fps=30.2 frames=444694 result_subs=1 roi=ok intrinsic=ok inference_age_ms=44 target=none transport=False sorting_thread=alive
16:00:09 [v4][heartbeat] enter=False sorting=False cam=LIVE ai=LIVE cam_fps=55.0 pub_fps=30.2 frames=444969 result_subs=1 roi=ok intrinsic=ok inference_age_ms=131 target=none transport=False sorting_thread=alive
16:00:14 [v4][heartbeat] enter=False sorting=False cam=LIVE ai=LIVE cam_fps=58.4 pub_fps=30.4 frames=445261 result_subs=1 roi=ok intrinsic=ok inference_age_ms=82 target=none transport=False sorting_thread=alive
16:00:19 [v4][heartbeat] enter=False sorting=False cam=LIVE ai=LIVE cam_fps=56.0 pub_fps=30.4 frames=445541 result_subs=1 roi=ok intrinsic=ok inference_age_ms=40 target=none transport=False sorting_thread=alive
16:00:24 [v4][heartbeat] enter=False sorting=False cam=LIVE ai=LIVE cam_fps=56.6 pub_fps=30.2 frames=445824 result_subs=1 roi=ok intrinsic=ok inference_age_ms=123 target=none transport=False sorting_thread=alive
16:00:29 [v4][heartbeat] enter=False sorting=False cam=LIVE ai=LIVE cam_fps=57.0 pub_fps=30.4 frames=446109 result_subs=1 roi=ok intrinsic=ok inference_age_ms=80 target=none transport=False sorting_thread=alive
16:00:34 [v4][heartbeat] enter=False sorting=False cam=LIVE ai=LIVE cam_fps=54.0 pub_fps=30.2 frames=446379 result_subs=1 roi=ok intrinsic=ok inference_age_ms=162 target=none transport=False sorting_thread=alive
16:00:39 [v4][heartbeat] enter=False sorting=False cam=LIVE ai=LIVE cam_fps=59.0 pub_fps=30.4 frames=446674 result_subs=1 roi=ok intrinsic=ok inference_age_ms=120 target=none transport=False sorting_thread=alive
16:00:44 [v4][heartbeat] enter=False sorting=False cam=LIVE ai=LIVE cam_fps=56.8 pub_fps=30.2 frames=446958 result_subs=1 roi=ok intrinsic=ok inference_age_ms=74 target=none transport=False sorting_thread=alive
16:00:49 [v4][heartbeat] enter=False sorting=False cam=LIVE ai=LIVE cam_fps=54.1 pub_fps=30.4 frames=447229 result_subs=1 roi=ok intrinsic=ok inference_age_ms=153 target=none transport=False sorting_thread=alive
16:00:54 [v4][heartbeat] enter=False sorting=False cam=LIVE ai=LIVE cam_fps=57.5 pub_fps=30.2 frames=447516 result_subs=1 roi=ok intrinsic=ok inference_age_ms=108 target=none transport=False sorting_thread=alive
16:00:59 [v4][heartbeat] enter=False sorting=False cam=LIVE ai=LIVE cam_fps=54.8 pub_fps=30.4 frames=447790 result_subs=1 roi=ok intrinsic=ok inference_age_ms=54 target=none transport=False sorting_thread=alive
16:01:04 [v4][heartbeat] enter=False sorting=False cam=LIVE ai=LIVE cam_fps=58.4 pub_fps=30.2 frames=448082 result_subs=1 roi=ok intrinsic=ok inference_age_ms=127 target=none transport=False sorting_thread=alive
16:01:09 [v4][heartbeat] enter=False sorting=False cam=LIVE ai=LIVE cam_fps=56.8 pub_fps=30.4 frames=448366 result_subs=1 roi=ok intrinsic=ok inference_age_ms=83 target=none transport=False sorting_thread=alive
16:01:14 [v4][heartbeat] enter=False sorting=False cam=LIVE ai=LIVE cam_fps=54.6 pub_fps=30.2 frames=448639 result_subs=1 roi=ok intrinsic=ok inference_age_ms=32 target=none transport=False sorting_thread=alive
16:01:19 [v4][heartbeat] enter=False sorting=False cam=LIVE ai=LIVE cam_fps=58.6 pub_fps=30.4 frames=448932 result_subs=1 roi=ok intrinsic=ok inference_age_ms=112 target=none transport=False sorting_thread=alive
16:01:24 [v4][heartbeat] enter=False sorting=False cam=LIVE ai=LIVE cam_fps=54.6 pub_fps=30.2 frames=449205 result_subs=1 roi=ok intrinsic=ok inference_age_ms=73 target=none transport=False sorting_thread=alive
16:01:29 [v4][heartbeat] enter=False sorting=False cam=LIVE ai=LIVE cam_fps=57.2 pub_fps=30.4 frames=449491 result_subs=1 roi=ok intrinsic=ok inference_age_ms=149 target=none transport=False sorting_thread=alive
16:01:34 [v4][heartbeat] enter=False sorting=False cam=LIVE ai=LIVE cam_fps=56.8 pub_fps=30.2 frames=449775 result_subs=1 roi=ok intrinsic=ok inference_age_ms=101 target=none transport=False sorting_thread=alive
16:01:39 [v4][heartbeat] enter=False sorting=False cam=LIVE ai=LIVE cam_fps=54.4 pub_fps=30.4 frames=450047 result_subs=1 roi=ok intrinsic=ok inference_age_ms=42 target=none transport=False sorting_thread=alive
16:01:44 [v4][heartbeat] enter=False sorting=False cam=LIVE ai=LIVE cam_fps=58.4 pub_fps=30.2 frames=450339 result_subs=1 roi=ok intrinsic=ok inference_age_ms=125 target=none transport=False sorting_thread=alive
16:01:49 [v4][heartbeat] enter=False sorting=False cam=LIVE ai=LIVE cam_fps=54.8 pub_fps=30.4 frames=450613 result_subs=1 roi=ok intrinsic=ok inference_age_ms=81 target=none transport=False sorting_thread=alive
16:01:54 [v4][heartbeat] enter=False sorting=False cam=LIVE ai=LIVE cam_fps=56.2 pub_fps=30.2 frames=450894 result_subs=1 roi=ok intrinsic=ok inference_age_ms=153 target=none transport=False sorting_thread=alive
16:01:59 [v4][heartbeat] enter=False sorting=False cam=LIVE ai=LIVE cam_fps=57.2 pub_fps=30.4 frames=451180 result_subs=1 roi=ok intrinsic=ok inference_age_ms=102 target=none transport=False sorting_thread=alive
16:02:04 [v4][heartbeat] enter=False sorting=False cam=LIVE ai=LIVE cam_fps=54.0 pub_fps=30.2 frames=451450 result_subs=1 roi=ok intrinsic=ok inference_age_ms=60 target=none transport=False sorting_thread=alive
16:02:09 [v4][heartbeat] enter=False sorting=False cam=LIVE ai=LIVE cam_fps=57.2 pub_fps=30.4 frames=451736 result_subs=1 roi=ok intrinsic=ok inference_age_ms=138 target=none transport=False sorting_thread=alive
16:02:14 [v4][heartbeat] enter=False sorting=False cam=LIVE ai=LIVE cam_fps=55.2 pub_fps=30.4 frames=452012 result_subs=1 roi=ok intrinsic=ok inference_age_ms=100 target=none transport=False sorting_thread=alive
16:02:19 [v4][heartbeat] enter=False sorting=False cam=LIVE ai=LIVE cam_fps=57.4 pub_fps=30.2 frames=452299 result_subs=1 roi=ok intrinsic=ok inference_age_ms=54 target=none transport=False sorting_thread=alive
16:02:24 [v4][heartbeat] enter=False sorting=False cam=LIVE ai=LIVE cam_fps=57.4 pub_fps=30.2 frames=452586 result_subs=1 roi=ok intrinsic=ok inference_age_ms=136 target=none transport=False sorting_thread=alive
16:02:29 [v4][heartbeat] enter=False sorting=False cam=LIVE ai=LIVE cam_fps=54.0 pub_fps=30.4 frames=452856 result_subs=1 roi=ok intrinsic=ok inference_age_ms=90 target=none transport=False sorting_thread=alive
16:02:34 [v4][heartbeat] enter=False sorting=False cam=LIVE ai=LIVE cam_fps=58.2 pub_fps=30.2 frames=453147 result_subs=1 roi=ok intrinsic=ok inference_age_ms=59 target=none transport=False sorting_thread=alive
16:02:39 [v4][heartbeat] enter=False sorting=False cam=LIVE ai=LIVE cam_fps=55.6 pub_fps=30.4 frames=453425 result_subs=1 roi=ok intrinsic=ok inference_age_ms=132 target=none transport=False sorting_thread=alive
16:02:44 [v4][heartbeat] enter=False sorting=False cam=LIVE ai=LIVE cam_fps=55.2 pub_fps=30.4 frames=453701 result_subs=1 roi=ok intrinsic=ok inference_age_ms=89 target=none transport=False sorting_thread=alive
16:02:49 [v4][heartbeat] enter=False sorting=False cam=LIVE ai=LIVE cam_fps=58.4 pub_fps=30.2 frames=453993 result_subs=1 roi=ok intrinsic=ok inference_age_ms=156 target=none transport=False sorting_thread=alive
16:02:54 [v4][heartbeat] enter=False sorting=False cam=LIVE ai=LIVE cam_fps=54.8 pub_fps=30.4 frames=454267 result_subs=1 roi=ok intrinsic=ok inference_age_ms=116 target=none transport=False sorting_thread=alive
16:02:59 [v4][heartbeat] enter=False sorting=False cam=LIVE ai=LIVE cam_fps=58.0 pub_fps=30.2 frames=454557 result_subs=1 roi=ok intrinsic=ok inference_age_ms=73 target=none transport=False sorting_thread=alive
16:03:04 [v4][heartbeat] enter=False sorting=False cam=LIVE ai=LIVE cam_fps=53.8 pub_fps=30.4 frames=454826 result_subs=1 roi=ok intrinsic=ok inference_age_ms=152 target=none transport=False sorting_thread=alive
16:03:09 [v4][heartbeat] enter=False sorting=False cam=LIVE ai=LIVE cam_fps=56.2 pub_fps=30.2 frames=455107 result_subs=1 roi=ok intrinsic=ok inference_age_ms=96 target=none transport=False sorting_thread=alive
16:03:14 [v4][heartbeat] enter=False sorting=False cam=LIVE ai=LIVE cam_fps=58.8 pub_fps=30.4 frames=455401 result_subs=1 roi=ok intrinsic=ok inference_age_ms=45 target=none transport=False sorting_thread=alive
16:03:19 [v4][heartbeat] enter=False sorting=False cam=LIVE ai=LIVE cam_fps=53.4 pub_fps=30.2 frames=455668 result_subs=1 roi=ok intrinsic=ok inference_age_ms=114 target=none transport=False sorting_thread=alive
16:03:24 [v4][heartbeat] enter=False sorting=False cam=LIVE ai=LIVE cam_fps=58.6 pub_fps=30.4 frames=455961 result_subs=1 roi=ok intrinsic=ok inference_age_ms=55 target=none transport=False sorting_thread=alive
16:03:29 [v4][heartbeat] enter=False sorting=False cam=LIVE ai=LIVE cam_fps=57.6 pub_fps=30.2 frames=456249 result_subs=1 roi=ok intrinsic=ok inference_age_ms=128 target=none transport=False sorting_thread=alive
16:03:34 [v4][heartbeat] enter=False sorting=False cam=LIVE ai=LIVE cam_fps=56.0 pub_fps=30.4 frames=456529 result_subs=1 roi=ok intrinsic=ok inference_age_ms=83 target=none transport=False sorting_thread=alive
16:03:39 [v4][heartbeat] enter=False sorting=False cam=LIVE ai=LIVE cam_fps=56.8 pub_fps=30.2 frames=456813 result_subs=1 roi=ok intrinsic=ok inference_age_ms=37 target=none transport=False sorting_thread=alive
16:03:44 [v4][heartbeat] enter=False sorting=False cam=LIVE ai=LIVE cam_fps=54.2 pub_fps=30.4 frames=457084 result_subs=1 roi=ok intrinsic=ok inference_age_ms=121 target=none transport=False sorting_thread=alive
16:03:49 [v4][heartbeat] enter=False sorting=False cam=LIVE ai=LIVE cam_fps=57.6 pub_fps=30.2 frames=457372 result_subs=1 roi=ok intrinsic=ok inference_age_ms=78 target=none transport=False sorting_thread=alive
16:03:54 [v4][heartbeat] enter=False sorting=False cam=LIVE ai=LIVE cam_fps=57.2 pub_fps=30.2 frames=457658 result_subs=1 roi=ok intrinsic=ok inference_age_ms=157 target=none transport=False sorting_thread=alive
16:03:59 [v4][heartbeat] enter=False sorting=False cam=LIVE ai=LIVE cam_fps=56.8 pub_fps=30.4 frames=457942 result_subs=1 roi=ok intrinsic=ok inference_age_ms=114 target=none transport=False sorting_thread=alive
16:04:04 [v4][heartbeat] enter=False sorting=False cam=LIVE ai=LIVE cam_fps=57.2 pub_fps=30.4 frames=458228 result_subs=1 roi=ok intrinsic=ok inference_age_ms=75 target=none transport=False sorting_thread=alive
16:04:09 [v4][heartbeat] enter=False sorting=False cam=LIVE ai=LIVE cam_fps=55.6 pub_fps=30.2 frames=458506 result_subs=1 roi=ok intrinsic=ok inference_age_ms=153 target=none transport=False sorting_thread=alive
16:04:14 [v4][heartbeat] enter=False sorting=False cam=LIVE ai=LIVE cam_fps=57.0 pub_fps=30.4 frames=458791 result_subs=1 roi=ok intrinsic=ok inference_age_ms=108 target=none transport=False sorting_thread=alive
16:04:19 [v4][heartbeat] enter=False sorting=False cam=LIVE ai=LIVE cam_fps=58.2 pub_fps=30.2 frames=459082 result_subs=1 roi=ok intrinsic=ok inference_age_ms=69 target=none transport=False sorting_thread=alive
16:04:24 [v4][heartbeat] enter=False sorting=False cam=LIVE ai=LIVE cam_fps=54.8 pub_fps=30.4 frames=459356 result_subs=1 roi=ok intrinsic=ok inference_age_ms=165 target=none transport=False sorting_thread=alive
16:04:29 [v4][heartbeat] enter=False sorting=False cam=LIVE ai=LIVE cam_fps=58.4 pub_fps=30.2 frames=459648 result_subs=1 roi=ok intrinsic=ok inference_age_ms=113 target=none transport=False sorting_thread=alive
16:04:34 [v4][heartbeat] enter=False sorting=False cam=LIVE ai=LIVE cam_fps=55.4 pub_fps=30.4 frames=459925 result_subs=1 roi=ok intrinsic=ok inference_age_ms=54 target=none transport=False sorting_thread=alive
16:04:39 [v4][heartbeat] enter=False sorting=False cam=LIVE ai=LIVE cam_fps=58.2 pub_fps=30.2 frames=460216 result_subs=1 roi=ok intrinsic=ok inference_age_ms=136 target=none transport=False sorting_thread=alive
16:04:44 [v4][heartbeat] enter=False sorting=False cam=LIVE ai=LIVE cam_fps=58.0 pub_fps=30.4 frames=460506 result_subs=1 roi=ok intrinsic=ok inference_age_ms=95 target=none transport=False sorting_thread=alive
16:04:49 [v4][heartbeat] enter=False sorting=False cam=LIVE ai=LIVE cam_fps=53.8 pub_fps=30.2 frames=460775 result_subs=1 roi=ok intrinsic=ok inference_age_ms=41 target=none transport=False sorting_thread=alive
16:04:54 [v4][heartbeat] enter=False sorting=False cam=LIVE ai=LIVE cam_fps=57.0 pub_fps=30.4 frames=461060 result_subs=1 roi=ok intrinsic=ok inference_age_ms=117 target=none transport=False sorting_thread=alive
16:04:59 [v4][heartbeat] enter=False sorting=False cam=LIVE ai=LIVE cam_fps=53.0 pub_fps=30.2 frames=461325 result_subs=1 roi=ok intrinsic=ok inference_age_ms=73 target=none transport=False sorting_thread=alive
16:05:04 [v4][heartbeat] enter=False sorting=False cam=LIVE ai=LIVE cam_fps=58.0 pub_fps=30.4 frames=461615 result_subs=1 roi=ok intrinsic=ok inference_age_ms=152 target=none transport=False sorting_thread=alive
16:05:09 [v4][heartbeat] enter=False sorting=False cam=LIVE ai=LIVE cam_fps=58.4 pub_fps=30.4 frames=461907 result_subs=1 roi=ok intrinsic=ok inference_age_ms=109 target=none transport=False sorting_thread=alive
16:05:14 [v4][heartbeat] enter=False sorting=False cam=LIVE ai=LIVE cam_fps=53.6 pub_fps=30.2 frames=462175 result_subs=1 roi=ok intrinsic=ok inference_age_ms=59 target=none transport=False sorting_thread=alive
16:05:19 [v4][heartbeat] enter=False sorting=False cam=LIVE ai=LIVE cam_fps=58.0 pub_fps=30.2 frames=462465 result_subs=1 roi=ok intrinsic=ok inference_age_ms=148 target=none transport=False sorting_thread=alive
16:05:24 [v4][heartbeat] enter=False sorting=False cam=LIVE ai=LIVE cam_fps=54.6 pub_fps=30.4 frames=462738 result_subs=1 roi=ok intrinsic=ok inference_age_ms=99 target=none transport=False sorting_thread=alive
16:05:29 [v4][heartbeat] enter=False sorting=False cam=LIVE ai=LIVE cam_fps=55.8 pub_fps=30.2 frames=463017 result_subs=1 roi=ok intrinsic=ok inference_age_ms=39 target=none transport=False sorting_thread=alive
16:05:34 [v4][heartbeat] enter=False sorting=False cam=LIVE ai=LIVE cam_fps=58.6 pub_fps=30.4 frames=463310 result_subs=1 roi=ok intrinsic=ok inference_age_ms=108 target=none transport=False sorting_thread=alive
16:05:39 [v4][heartbeat] enter=False sorting=False cam=LIVE ai=LIVE cam_fps=54.0 pub_fps=30.2 frames=463580 result_subs=1 roi=ok intrinsic=ok inference_age_ms=65 target=none transport=False sorting_thread=alive
16:05:44 [v4][heartbeat] enter=False sorting=False cam=LIVE ai=LIVE cam_fps=58.4 pub_fps=30.4 frames=463872 result_subs=1 roi=ok intrinsic=ok inference_age_ms=150 target=none transport=False sorting_thread=alive
16:05:49 [v4][heartbeat] enter=False sorting=False cam=LIVE ai=LIVE cam_fps=55.6 pub_fps=30.4 frames=464150 result_subs=1 roi=ok intrinsic=ok inference_age_ms=115 target=none transport=False sorting_thread=alive
16:05:54 [v4][heartbeat] enter=False sorting=False cam=LIVE ai=LIVE cam_fps=56.0 pub_fps=30.2 frames=464430 result_subs=1 roi=ok intrinsic=ok inference_age_ms=71 target=none transport=False sorting_thread=alive
16:05:59 [v4][heartbeat] enter=False sorting=False cam=LIVE ai=LIVE cam_fps=58.0 pub_fps=30.4 frames=464720 result_subs=1 roi=ok intrinsic=ok inference_age_ms=148 target=none transport=False sorting_thread=alive
16:06:04 [v4][heartbeat] enter=False sorting=False cam=LIVE ai=LIVE cam_fps=55.0 pub_fps=30.2 frames=464995 result_subs=1 roi=ok intrinsic=ok inference_age_ms=110 target=none transport=False sorting_thread=alive
16:06:09 [v4][heartbeat] enter=False sorting=False cam=LIVE ai=LIVE cam_fps=58.0 pub_fps=30.4 frames=465285 result_subs=1 roi=ok intrinsic=ok inference_age_ms=72 target=none transport=False sorting_thread=alive
16:06:14 [v4][heartbeat] enter=False sorting=False cam=LIVE ai=LIVE cam_fps=58.4 pub_fps=30.2 frames=465577 result_subs=1 roi=ok intrinsic=ok inference_age_ms=150 target=none transport=False sorting_thread=alive
16:06:19 [v4][heartbeat] enter=False sorting=False cam=LIVE ai=LIVE cam_fps=55.0 pub_fps=30.4 frames=465852 result_subs=1 roi=ok intrinsic=ok inference_age_ms=104 target=none transport=False sorting_thread=alive
16:06:24 [v4][heartbeat] enter=False sorting=False cam=LIVE ai=LIVE cam_fps=58.0 pub_fps=30.2 frames=466142 result_subs=1 roi=ok intrinsic=ok inference_age_ms=65 target=none transport=False sorting_thread=alive
16:06:29 [v4][heartbeat] enter=False sorting=False cam=LIVE ai=LIVE cam_fps=55.0 pub_fps=30.4 frames=466417 result_subs=1 roi=ok intrinsic=ok inference_age_ms=142 target=none transport=False sorting_thread=alive
16:06:34 [v4][heartbeat] enter=False sorting=False cam=LIVE ai=LIVE cam_fps=58.2 pub_fps=30.2 frames=466708 result_subs=1 roi=ok intrinsic=ok inference_age_ms=96 target=none transport=False sorting_thread=alive
16:06:39 [v4][heartbeat] enter=False sorting=False cam=LIVE ai=LIVE cam_fps=58.8 pub_fps=30.2 frames=467002 result_subs=1 roi=ok intrinsic=ok inference_age_ms=58 target=none transport=False sorting_thread=alive
16:06:44 [v4][heartbeat] enter=False sorting=False cam=LIVE ai=LIVE cam_fps=54.6 pub_fps=30.4 frames=467275 result_subs=1 roi=ok intrinsic=ok inference_age_ms=146 target=none transport=False sorting_thread=alive
16:06:49 [v4][heartbeat] enter=False sorting=False cam=LIVE ai=LIVE cam_fps=57.8 pub_fps=30.4 frames=467564 result_subs=1 roi=ok intrinsic=ok inference_age_ms=113 target=none transport=False sorting_thread=alive
16:06:54 [v4][heartbeat] enter=False sorting=False cam=LIVE ai=LIVE cam_fps=56.8 pub_fps=30.2 frames=467848 result_subs=1 roi=ok intrinsic=ok inference_age_ms=61 target=none transport=False sorting_thread=alive
16:06:59 [v4][heartbeat] enter=False sorting=False cam=LIVE ai=LIVE cam_fps=58.2 pub_fps=30.4 frames=468139 result_subs=1 roi=ok intrinsic=ok inference_age_ms=148 target=none transport=False sorting_thread=alive
16:07:04 [v4][heartbeat] enter=False sorting=False cam=LIVE ai=LIVE cam_fps=58.8 pub_fps=30.2 frames=468433 result_subs=1 roi=ok intrinsic=ok inference_age_ms=109 target=none transport=False sorting_thread=alive
16:07:09 [v4][heartbeat] enter=False sorting=False cam=LIVE ai=LIVE cam_fps=55.6 pub_fps=30.4 frames=468711 result_subs=1 roi=ok intrinsic=ok inference_age_ms=70 target=none transport=False sorting_thread=alive
16:07:14 [v4][heartbeat] enter=False sorting=False cam=LIVE ai=LIVE cam_fps=57.8 pub_fps=30.2 frames=469000 result_subs=1 roi=ok intrinsic=ok inference_age_ms=146 target=none transport=False sorting_thread=alive
16:07:19 [v4][heartbeat] enter=False sorting=False cam=LIVE ai=LIVE cam_fps=55.0 pub_fps=30.4 frames=469275 result_subs=1 roi=ok intrinsic=ok inference_age_ms=90 target=none transport=False sorting_thread=alive
16:07:24 [v4][heartbeat] enter=False sorting=False cam=LIVE ai=LIVE cam_fps=57.2 pub_fps=30.2 frames=469561 result_subs=1 roi=ok intrinsic=ok inference_age_ms=167 target=none transport=False sorting_thread=alive
16:07:29 [v4][heartbeat] enter=False sorting=False cam=LIVE ai=LIVE cam_fps=58.2 pub_fps=30.4 frames=469852 result_subs=1 roi=ok intrinsic=ok inference_age_ms=119 target=none transport=False sorting_thread=alive
16:07:34 [v4][heartbeat] enter=False sorting=False cam=LIVE ai=LIVE cam_fps=55.0 pub_fps=30.2 frames=470127 result_subs=1 roi=ok intrinsic=ok inference_age_ms=77 target=none transport=False sorting_thread=alive
16:07:39 [v4][heartbeat] enter=False sorting=False cam=LIVE ai=LIVE cam_fps=58.0 pub_fps=30.4 frames=470417 result_subs=1 roi=ok intrinsic=ok inference_age_ms=159 target=none transport=False sorting_thread=alive
16:07:44 [v4][heartbeat] enter=False sorting=False cam=LIVE ai=LIVE cam_fps=55.8 pub_fps=30.2 frames=470696 result_subs=1 roi=ok intrinsic=ok inference_age_ms=118 target=none transport=False sorting_thread=alive
16:07:49 [v4][heartbeat] enter=False sorting=False cam=LIVE ai=LIVE cam_fps=57.2 pub_fps=30.4 frames=470982 result_subs=1 roi=ok intrinsic=ok inference_age_ms=66 target=none transport=False sorting_thread=alive
16:07:54 [v4][heartbeat] enter=False sorting=False cam=LIVE ai=LIVE cam_fps=57.6 pub_fps=30.2 frames=471270 result_subs=1 roi=ok intrinsic=ok inference_age_ms=143 target=none transport=False sorting_thread=alive
16:07:59 [v4][heartbeat] enter=False sorting=False cam=LIVE ai=LIVE cam_fps=53.2 pub_fps=30.4 frames=471536 result_subs=1 roi=ok intrinsic=ok inference_age_ms=87 target=none transport=False sorting_thread=alive
16:08:04 [v4][heartbeat] enter=False sorting=False cam=LIVE ai=LIVE cam_fps=58.4 pub_fps=30.2 frames=471828 result_subs=1 roi=ok intrinsic=ok inference_age_ms=156 target=none transport=False sorting_thread=alive
16:08:09 [v4][heartbeat] enter=False sorting=False cam=LIVE ai=LIVE cam_fps=56.6 pub_fps=30.4 frames=472111 result_subs=1 roi=ok intrinsic=ok inference_age_ms=90 target=none transport=False sorting_thread=alive
16:08:14 [v4][heartbeat] enter=False sorting=False cam=LIVE ai=LIVE cam_fps=54.4 pub_fps=30.2 frames=472383 result_subs=1 roi=ok intrinsic=ok inference_age_ms=49 target=none transport=False sorting_thread=alive
16:08:19 [v4][heartbeat] enter=False sorting=False cam=LIVE ai=LIVE cam_fps=57.0 pub_fps=30.4 frames=472668 result_subs=1 roi=ok intrinsic=ok inference_age_ms=137 target=none transport=False sorting_thread=alive
16:08:24 [v4][heartbeat] enter=False sorting=False cam=LIVE ai=LIVE cam_fps=55.2 pub_fps=30.4 frames=472944 result_subs=1 roi=ok intrinsic=ok inference_age_ms=83 target=none transport=False sorting_thread=alive
16:08:29 [v4][heartbeat] enter=False sorting=False cam=LIVE ai=LIVE cam_fps=57.6 pub_fps=30.2 frames=473232 result_subs=1 roi=ok intrinsic=ok inference_age_ms=34 target=none transport=False sorting_thread=alive
16:08:34 [v4][heartbeat] enter=False sorting=False cam=LIVE ai=LIVE cam_fps=58.0 pub_fps=30.2 frames=473522 result_subs=1 roi=ok intrinsic=ok inference_age_ms=111 target=none transport=False sorting_thread=alive
16:08:39 [v4][heartbeat] enter=False sorting=False cam=LIVE ai=LIVE cam_fps=56.0 pub_fps=30.4 frames=473802 result_subs=1 roi=ok intrinsic=ok inference_age_ms=73 target=none transport=False sorting_thread=alive
16:08:44 [v4][heartbeat] enter=False sorting=False cam=LIVE ai=LIVE cam_fps=57.6 pub_fps=30.4 frames=474090 result_subs=1 roi=ok intrinsic=ok inference_age_ms=155 target=none transport=False sorting_thread=alive
16:08:49 [v4][heartbeat] enter=False sorting=False cam=LIVE ai=LIVE cam_fps=55.8 pub_fps=30.2 frames=474369 result_subs=1 roi=ok intrinsic=ok inference_age_ms=116 target=none transport=False sorting_thread=alive
16:08:54 [v4][heartbeat] enter=False sorting=False cam=LIVE ai=LIVE cam_fps=58.4 pub_fps=30.4 frames=474661 result_subs=1 roi=ok intrinsic=ok inference_age_ms=76 target=none transport=False sorting_thread=alive
16:08:59 [v4][heartbeat] enter=False sorting=False cam=LIVE ai=LIVE cam_fps=57.0 pub_fps=30.2 frames=474946 result_subs=1 roi=ok intrinsic=ok inference_age_ms=156 target=none transport=False sorting_thread=alive
16:09:04 [v4][heartbeat] enter=False sorting=False cam=LIVE ai=LIVE cam_fps=54.0 pub_fps=30.2 frames=475216 result_subs=1 roi=ok intrinsic=ok inference_age_ms=112 target=none transport=False sorting_thread=alive
16:09:09 [v4][heartbeat] enter=False sorting=False cam=LIVE ai=LIVE cam_fps=58.4 pub_fps=30.4 frames=475508 result_subs=1 roi=ok intrinsic=ok inference_age_ms=78 target=none transport=False sorting_thread=alive
16:09:14 [v4][heartbeat] enter=False sorting=False cam=LIVE ai=LIVE cam_fps=53.6 pub_fps=30.4 frames=475776 result_subs=1 roi=ok intrinsic=ok inference_age_ms=42 target=none transport=False sorting_thread=alive
16:09:19 [v4][heartbeat] enter=False sorting=False cam=LIVE ai=LIVE cam_fps=57.4 pub_fps=30.2 frames=476063 result_subs=1 roi=ok intrinsic=ok inference_age_ms=124 target=none transport=False sorting_thread=alive
16:09:24 [v4][heartbeat] enter=False sorting=False cam=LIVE ai=LIVE cam_fps=58.2 pub_fps=30.2 frames=476354 result_subs=1 roi=ok intrinsic=ok inference_age_ms=83 target=none transport=False sorting_thread=alive
16:09:29 [v4][heartbeat] enter=False sorting=False cam=LIVE ai=LIVE cam_fps=53.2 pub_fps=30.4 frames=476620 result_subs=1 roi=ok intrinsic=ok inference_age_ms=153 target=none transport=False sorting_thread=alive
16:09:34 [v4][heartbeat] enter=False sorting=False cam=LIVE ai=LIVE cam_fps=59.3 pub_fps=30.3 frames=476917 result_subs=1 roi=ok intrinsic=ok inference_age_ms=121 target=none transport=False sorting_thread=alive
16:09:39 [v4][heartbeat] enter=False sorting=False cam=LIVE ai=LIVE cam_fps=56.1 pub_fps=30.2 frames=477197 result_subs=1 roi=ok intrinsic=ok inference_age_ms=58 target=none transport=False sorting_thread=alive
16:09:44 [v4][heartbeat] enter=False sorting=False cam=LIVE ai=LIVE cam_fps=57.2 pub_fps=30.4 frames=477483 result_subs=1 roi=ok intrinsic=ok inference_age_ms=132 target=none transport=False sorting_thread=alive
16:09:49 [v4][heartbeat] enter=False sorting=False cam=LIVE ai=LIVE cam_fps=57.6 pub_fps=30.2 frames=477771 result_subs=1 roi=ok intrinsic=ok inference_age_ms=92 target=none transport=False sorting_thread=alive
16:09:54 [v4][heartbeat] enter=False sorting=False cam=LIVE ai=LIVE cam_fps=55.4 pub_fps=30.4 frames=478048 result_subs=1 roi=ok intrinsic=ok inference_age_ms=52 target=none transport=False sorting_thread=alive
16:09:59 [v4][heartbeat] enter=False sorting=False cam=LIVE ai=LIVE cam_fps=58.0 pub_fps=30.2 frames=478338 result_subs=1 roi=ok intrinsic=ok inference_age_ms=125 target=none transport=False sorting_thread=alive
16:10:04 [v4][heartbeat] enter=False sorting=False cam=LIVE ai=LIVE cam_fps=55.0 pub_fps=30.4 frames=478613 result_subs=1 roi=ok intrinsic=ok inference_age_ms=89 target=none transport=False sorting_thread=alive
16:10:09 [v4][heartbeat] enter=False sorting=False cam=LIVE ai=LIVE cam_fps=57.2 pub_fps=30.2 frames=478899 result_subs=1 roi=ok intrinsic=ok inference_age_ms=38 target=none transport=False sorting_thread=alive
16:10:14 [v4][heartbeat] enter=False sorting=False cam=LIVE ai=LIVE cam_fps=58.6 pub_fps=30.4 frames=479192 result_subs=1 roi=ok intrinsic=ok inference_age_ms=112 target=none transport=False sorting_thread=alive
16:10:19 [v4][heartbeat] enter=False sorting=False cam=LIVE ai=LIVE cam_fps=55.0 pub_fps=30.2 frames=479467 result_subs=1 roi=ok intrinsic=ok inference_age_ms=76 target=none transport=False sorting_thread=alive
16:10:24 [v4][heartbeat] enter=False sorting=False cam=LIVE ai=LIVE cam_fps=58.2 pub_fps=30.4 frames=479758 result_subs=1 roi=ok intrinsic=ok inference_age_ms=152 target=none transport=False sorting_thread=alive
16:10:29 [v4][heartbeat] enter=False sorting=False cam=LIVE ai=LIVE cam_fps=56.4 pub_fps=30.2 frames=480040 result_subs=1 roi=ok intrinsic=ok inference_age_ms=97 target=none transport=False sorting_thread=alive
16:10:34 [v4][heartbeat] enter=False sorting=False cam=LIVE ai=LIVE cam_fps=56.2 pub_fps=30.4 frames=480321 result_subs=1 roi=ok intrinsic=ok inference_age_ms=171 target=none transport=False sorting_thread=alive
16:10:39 [v4][heartbeat] enter=False sorting=False cam=LIVE ai=LIVE cam_fps=57.8 pub_fps=30.2 frames=480610 result_subs=1 roi=ok intrinsic=ok inference_age_ms=123 target=none transport=False sorting_thread=alive
16:10:44 [v4][heartbeat] enter=False sorting=False cam=LIVE ai=LIVE cam_fps=52.8 pub_fps=30.4 frames=480874 result_subs=1 roi=ok intrinsic=ok inference_age_ms=68 target=none transport=False sorting_thread=alive
16:10:49 [v4][heartbeat] enter=False sorting=False cam=LIVE ai=LIVE cam_fps=57.7 pub_fps=30.2 frames=481163 result_subs=1 roi=ok intrinsic=ok inference_age_ms=152 target=none transport=False sorting_thread=alive
16:10:54 [v4][heartbeat] enter=False sorting=False cam=LIVE ai=LIVE cam_fps=57.0 pub_fps=30.4 frames=481448 result_subs=1 roi=ok intrinsic=ok inference_age_ms=101 target=none transport=False sorting_thread=alive
16:10:59 [v4][heartbeat] enter=False sorting=False cam=LIVE ai=LIVE cam_fps=56.4 pub_fps=30.4 frames=481730 result_subs=1 roi=ok intrinsic=ok inference_age_ms=59 target=none transport=False sorting_thread=alive
16:11:04 [v4][heartbeat] enter=False sorting=False cam=LIVE ai=LIVE cam_fps=59.6 pub_fps=30.2 frames=482028 result_subs=1 roi=ok intrinsic=ok inference_age_ms=129 target=none transport=False sorting_thread=alive
16:11:09 [v4][heartbeat] enter=False sorting=False cam=LIVE ai=LIVE cam_fps=54.6 pub_fps=30.4 frames=482301 result_subs=1 roi=ok intrinsic=ok inference_age_ms=83 target=none transport=False sorting_thread=alive
16:11:14 [v4][heartbeat] enter=False sorting=False cam=LIVE ai=LIVE cam_fps=58.4 pub_fps=30.2 frames=482593 result_subs=1 roi=ok intrinsic=ok inference_age_ms=163 target=none transport=False sorting_thread=alive
16:11:19 [v4][heartbeat] enter=False sorting=False cam=LIVE ai=LIVE cam_fps=58.8 pub_fps=30.2 frames=482887 result_subs=1 roi=ok intrinsic=ok inference_age_ms=120 target=none transport=False sorting_thread=alive
16:11:24 [v4][heartbeat] enter=False sorting=False cam=LIVE ai=LIVE cam_fps=52.8 pub_fps=30.4 frames=483151 result_subs=1 roi=ok intrinsic=ok inference_age_ms=86 target=none transport=False sorting_thread=alive
16:11:29 [v4][heartbeat] enter=False sorting=False cam=LIVE ai=LIVE cam_fps=58.2 pub_fps=30.2 frames=483442 result_subs=1 roi=ok intrinsic=ok inference_age_ms=50 target=none transport=False sorting_thread=alive
16:11:34 [v4][heartbeat] enter=False sorting=False cam=LIVE ai=LIVE cam_fps=53.6 pub_fps=30.4 frames=483710 result_subs=1 roi=ok intrinsic=ok inference_age_ms=135 target=none transport=False sorting_thread=alive
16:11:39 [v4][heartbeat] enter=False sorting=False cam=LIVE ai=LIVE cam_fps=57.6 pub_fps=30.4 frames=483998 result_subs=1 roi=ok intrinsic=ok inference_age_ms=88 target=none transport=False sorting_thread=alive
16:11:44 [v4][heartbeat] enter=False sorting=False cam=LIVE ai=LIVE cam_fps=57.6 pub_fps=30.2 frames=484286 result_subs=1 roi=ok intrinsic=ok inference_age_ms=165 target=none transport=False sorting_thread=alive
16:11:49 [v4][heartbeat] enter=False sorting=False cam=LIVE ai=LIVE cam_fps=54.1 pub_fps=30.4 frames=484557 result_subs=1 roi=ok intrinsic=ok inference_age_ms=124 target=none transport=False sorting_thread=alive
16:11:54 [v4][heartbeat] enter=False sorting=False cam=LIVE ai=LIVE cam_fps=58.2 pub_fps=30.2 frames=484848 result_subs=1 roi=ok intrinsic=ok inference_age_ms=73 target=none transport=False sorting_thread=alive
16:11:59 [v4][heartbeat] enter=False sorting=False cam=LIVE ai=LIVE cam_fps=53.6 pub_fps=30.4 frames=485116 result_subs=1 roi=ok intrinsic=ok inference_age_ms=162 target=none transport=False sorting_thread=alive
16:12:04 [v4][heartbeat] enter=False sorting=False cam=LIVE ai=LIVE cam_fps=55.0 pub_fps=30.2 frames=485391 result_subs=1 roi=ok intrinsic=ok inference_age_ms=121 target=none transport=False sorting_thread=alive
16:12:09 [v4][heartbeat] enter=False sorting=False cam=LIVE ai=LIVE cam_fps=58.4 pub_fps=30.4 frames=485683 result_subs=1 roi=ok intrinsic=ok inference_age_ms=68 target=none transport=False sorting_thread=alive
16:12:14 [v4][heartbeat] enter=False sorting=False cam=LIVE ai=LIVE cam_fps=53.0 pub_fps=30.2 frames=485948 result_subs=1 roi=ok intrinsic=ok inference_age_ms=154 target=none transport=False sorting_thread=alive
16:12:19 [v4][heartbeat] enter=False sorting=False cam=LIVE ai=LIVE cam_fps=57.8 pub_fps=30.4 frames=486237 result_subs=1 roi=ok intrinsic=ok inference_age_ms=106 target=none transport=False sorting_thread=alive
16:12:24 [v4][heartbeat] enter=False sorting=False cam=LIVE ai=LIVE cam_fps=56.2 pub_fps=30.2 frames=486518 result_subs=1 roi=ok intrinsic=ok inference_age_ms=58 target=none transport=False sorting_thread=alive
16:12:29 [v4][heartbeat] enter=False sorting=False cam=LIVE ai=LIVE cam_fps=59.2 pub_fps=30.4 frames=486814 result_subs=1 roi=ok intrinsic=ok inference_age_ms=144 target=none transport=False sorting_thread=alive
16:12:34 [v4][heartbeat] enter=False sorting=False cam=LIVE ai=LIVE cam_fps=58.2 pub_fps=30.2 frames=487105 result_subs=1 roi=ok intrinsic=ok inference_age_ms=87 target=none transport=False sorting_thread=alive
16:12:39 [v4][heartbeat] enter=False sorting=False cam=LIVE ai=LIVE cam_fps=53.8 pub_fps=30.4 frames=487374 result_subs=1 roi=ok intrinsic=ok inference_age_ms=42 target=none transport=False sorting_thread=alive
16:12:44 [v4][heartbeat] enter=False sorting=False cam=LIVE ai=LIVE cam_fps=57.6 pub_fps=30.2 frames=487662 result_subs=1 roi=ok intrinsic=ok inference_age_ms=122 target=none transport=False sorting_thread=alive
16:12:49 [v4][heartbeat] enter=False sorting=False cam=LIVE ai=LIVE cam_fps=58.2 pub_fps=30.4 frames=487953 result_subs=1 roi=ok intrinsic=ok inference_age_ms=70 target=none transport=False sorting_thread=alive
16:12:54 [v4][heartbeat] enter=False sorting=False cam=LIVE ai=LIVE cam_fps=56.0 pub_fps=30.2 frames=488233 result_subs=1 roi=ok intrinsic=ok inference_age_ms=156 target=none transport=False sorting_thread=alive
16:12:59 [v4][heartbeat] enter=False sorting=False cam=LIVE ai=LIVE cam_fps=59.2 pub_fps=30.4 frames=488529 result_subs=1 roi=ok intrinsic=ok inference_age_ms=115 target=none transport=False sorting_thread=alive
16:13:04 [v4][heartbeat] enter=False sorting=False cam=LIVE ai=LIVE cam_fps=54.0 pub_fps=30.2 frames=488799 result_subs=1 roi=ok intrinsic=ok inference_age_ms=77 target=none transport=False sorting_thread=alive
16:13:09 [v4][heartbeat] enter=False sorting=False cam=LIVE ai=LIVE cam_fps=59.2 pub_fps=30.4 frames=489095 result_subs=1 roi=ok intrinsic=ok inference_age_ms=150 target=none transport=False sorting_thread=alive
16:13:14 [v4][heartbeat] enter=False sorting=False cam=LIVE ai=LIVE cam_fps=56.8 pub_fps=30.2 frames=489379 result_subs=1 roi=ok intrinsic=ok inference_age_ms=115 target=none transport=False sorting_thread=alive
16:13:19 [v4][heartbeat] enter=False sorting=False cam=LIVE ai=LIVE cam_fps=56.4 pub_fps=30.4 frames=489661 result_subs=1 roi=ok intrinsic=ok inference_age_ms=79 target=none transport=False sorting_thread=alive
16:13:24 [v4][heartbeat] enter=False sorting=False cam=LIVE ai=LIVE cam_fps=58.2 pub_fps=30.2 frames=489952 result_subs=1 roi=ok intrinsic=ok inference_age_ms=158 target=none transport=False sorting_thread=alive
16:13:29 [v4][heartbeat] enter=False sorting=False cam=LIVE ai=LIVE cam_fps=55.4 pub_fps=30.4 frames=490229 result_subs=1 roi=ok intrinsic=ok inference_age_ms=109 target=none transport=False sorting_thread=alive
16:13:34 [v4][heartbeat] enter=False sorting=False cam=LIVE ai=LIVE cam_fps=57.0 pub_fps=30.2 frames=490514 result_subs=1 roi=ok intrinsic=ok inference_age_ms=64 target=none transport=False sorting_thread=alive
16:13:39 [v4][heartbeat] enter=False sorting=False cam=LIVE ai=LIVE cam_fps=58.0 pub_fps=30.4 frames=490804 result_subs=1 roi=ok intrinsic=ok inference_age_ms=152 target=none transport=False sorting_thread=alive
16:13:44 [v4][heartbeat] enter=False sorting=False cam=LIVE ai=LIVE cam_fps=54.2 pub_fps=30.2 frames=491075 result_subs=1 roi=ok intrinsic=ok inference_age_ms=111 target=none transport=False sorting_thread=alive
16:13:49 [v4][heartbeat] enter=False sorting=False cam=LIVE ai=LIVE cam_fps=57.8 pub_fps=30.4 frames=491364 result_subs=1 roi=ok intrinsic=ok inference_age_ms=55 target=none transport=False sorting_thread=alive
16:13:54 [v4][heartbeat] enter=False sorting=False cam=LIVE ai=LIVE cam_fps=54.2 pub_fps=30.4 frames=491635 result_subs=1 roi=ok intrinsic=ok inference_age_ms=138 target=none transport=False sorting_thread=alive
16:13:59 [v4][heartbeat] enter=False sorting=False cam=LIVE ai=LIVE cam_fps=58.0 pub_fps=30.2 frames=491925 result_subs=1 roi=ok intrinsic=ok inference_age_ms=95 target=none transport=False sorting_thread=alive
16:14:04 [v4][heartbeat] enter=False sorting=False cam=LIVE ai=LIVE cam_fps=57.2 pub_fps=30.2 frames=492211 result_subs=1 roi=ok intrinsic=ok inference_age_ms=56 target=none transport=False sorting_thread=alive
16:14:09 [v4][heartbeat] enter=False sorting=False cam=LIVE ai=LIVE cam_fps=54.8 pub_fps=30.4 frames=492485 result_subs=1 roi=ok intrinsic=ok inference_age_ms=140 target=none transport=False sorting_thread=alive
16:14:14 [v4][heartbeat] enter=False sorting=False cam=LIVE ai=LIVE cam_fps=57.8 pub_fps=30.4 frames=492774 result_subs=1 roi=ok intrinsic=ok inference_age_ms=102 target=none transport=False sorting_thread=alive
16:14:19 [v4][heartbeat] enter=False sorting=False cam=LIVE ai=LIVE cam_fps=56.0 pub_fps=30.2 frames=493054 result_subs=1 roi=ok intrinsic=ok inference_age_ms=63 target=none transport=False sorting_thread=alive
16:14:24 [v4][heartbeat] enter=False sorting=False cam=LIVE ai=LIVE cam_fps=57.2 pub_fps=30.4 frames=493340 result_subs=1 roi=ok intrinsic=ok inference_age_ms=136 target=none transport=False sorting_thread=alive
16:14:29 [v4][heartbeat] enter=False sorting=False cam=LIVE ai=LIVE cam_fps=59.0 pub_fps=30.2 frames=493635 result_subs=1 roi=ok intrinsic=ok inference_age_ms=88 target=none transport=False sorting_thread=alive
16:14:34 [v4][heartbeat] enter=False sorting=False cam=LIVE ai=LIVE cam_fps=56.0 pub_fps=30.2 frames=493915 result_subs=1 roi=ok intrinsic=ok inference_age_ms=161 target=none transport=False sorting_thread=alive
16:14:39 [v4][heartbeat] enter=False sorting=False cam=LIVE ai=LIVE cam_fps=57.6 pub_fps=30.4 frames=494203 result_subs=1 roi=ok intrinsic=ok inference_age_ms=117 target=none transport=False sorting_thread=alive
16:14:44 [v4][heartbeat] enter=False sorting=False cam=LIVE ai=LIVE cam_fps=58.6 pub_fps=30.4 frames=494496 result_subs=1 roi=ok intrinsic=ok inference_age_ms=82 target=none transport=False sorting_thread=alive
16:14:49 [v4][heartbeat] enter=False sorting=False cam=LIVE ai=LIVE cam_fps=55.8 pub_fps=30.2 frames=494775 result_subs=1 roi=ok intrinsic=ok inference_age_ms=166 target=none transport=False sorting_thread=alive
16:14:54 [v4][heartbeat] enter=False sorting=False cam=LIVE ai=LIVE cam_fps=58.0 pub_fps=30.4 frames=495065 result_subs=1 roi=ok intrinsic=ok inference_age_ms=121 target=none transport=False sorting_thread=alive
16:14:59 [v4][heartbeat] enter=False sorting=False cam=LIVE ai=LIVE cam_fps=55.4 pub_fps=30.2 frames=495342 result_subs=1 roi=ok intrinsic=ok inference_age_ms=87 target=none transport=False sorting_thread=alive
16:15:04 [v4][heartbeat] enter=False sorting=False cam=LIVE ai=LIVE cam_fps=57.8 pub_fps=30.4 frames=495631 result_subs=1 roi=ok intrinsic=ok inference_age_ms=163 target=none transport=False sorting_thread=alive
16:15:09 [v4][heartbeat] enter=False sorting=False cam=LIVE ai=LIVE cam_fps=55.8 pub_fps=30.2 frames=495910 result_subs=1 roi=ok intrinsic=ok inference_age_ms=122 target=none transport=False sorting_thread=alive
16:15:14 [v4][heartbeat] enter=False sorting=False cam=LIVE ai=LIVE cam_fps=56.2 pub_fps=30.4 frames=496191 result_subs=1 roi=ok intrinsic=ok inference_age_ms=85 target=none transport=False sorting_thread=alive
16:15:19 [v4][heartbeat] enter=False sorting=False cam=LIVE ai=LIVE cam_fps=57.8 pub_fps=30.2 frames=496480 result_subs=1 roi=ok intrinsic=ok inference_age_ms=159 target=none transport=False sorting_thread=alive
16:15:24 [v4][heartbeat] enter=False sorting=False cam=LIVE ai=LIVE cam_fps=55.0 pub_fps=30.4 frames=496755 result_subs=1 roi=ok intrinsic=ok inference_age_ms=110 target=none transport=False sorting_thread=alive
16:15:29 [v4][heartbeat] enter=False sorting=False cam=LIVE ai=LIVE cam_fps=59.0 pub_fps=30.2 frames=497050 result_subs=1 roi=ok intrinsic=ok inference_age_ms=64 target=none transport=False sorting_thread=alive
16:15:34 [v4][heartbeat] enter=False sorting=False cam=LIVE ai=LIVE cam_fps=57.2 pub_fps=30.4 frames=497336 result_subs=1 roi=ok intrinsic=ok inference_age_ms=146 target=none transport=False sorting_thread=alive
16:15:39 [v4][heartbeat] enter=False sorting=False cam=LIVE ai=LIVE cam_fps=54.8 pub_fps=30.2 frames=497610 result_subs=1 roi=ok intrinsic=ok inference_age_ms=110 target=none transport=False sorting_thread=alive
16:15:44 [v4][heartbeat] enter=False sorting=False cam=LIVE ai=LIVE cam_fps=59.0 pub_fps=30.4 frames=497905 result_subs=1 roi=ok intrinsic=ok inference_age_ms=79 target=none transport=False sorting_thread=alive
16:15:49 [v4][heartbeat] enter=False sorting=False cam=LIVE ai=LIVE cam_fps=57.0 pub_fps=30.2 frames=498190 result_subs=1 roi=ok intrinsic=ok inference_age_ms=43 target=none transport=False sorting_thread=alive
16:15:54 [v4][heartbeat] enter=False sorting=False cam=LIVE ai=LIVE cam_fps=57.4 pub_fps=30.4 frames=498477 result_subs=1 roi=ok intrinsic=ok inference_age_ms=118 target=none transport=False sorting_thread=alive
16:15:59 [v4][heartbeat] enter=False sorting=False cam=LIVE ai=LIVE cam_fps=58.0 pub_fps=30.2 frames=498767 result_subs=1 roi=ok intrinsic=ok inference_age_ms=73 target=none transport=False sorting_thread=alive
16:16:04 [v4][heartbeat] enter=False sorting=False cam=LIVE ai=LIVE cam_fps=56.8 pub_fps=30.2 frames=499051 result_subs=1 roi=ok intrinsic=ok inference_age_ms=151 target=none transport=False sorting_thread=alive
16:16:09 [v4][heartbeat] enter=False sorting=False cam=LIVE ai=LIVE cam_fps=58.0 pub_fps=30.4 frames=499341 result_subs=1 roi=ok intrinsic=ok inference_age_ms=96 target=none transport=False sorting_thread=alive
16:16:14 [v4][heartbeat] enter=False sorting=False cam=LIVE ai=LIVE cam_fps=53.2 pub_fps=30.4 frames=499607 result_subs=1 roi=ok intrinsic=ok inference_age_ms=50 target=none transport=False sorting_thread=alive
16:16:19 [v4][heartbeat] enter=False sorting=False cam=LIVE ai=LIVE cam_fps=56.8 pub_fps=30.2 frames=499891 result_subs=1 roi=ok intrinsic=ok inference_age_ms=139 target=none transport=False sorting_thread=alive
16:16:24 [v4][heartbeat] enter=False sorting=False cam=LIVE ai=LIVE cam_fps=58.6 pub_fps=30.4 frames=500184 result_subs=1 roi=ok intrinsic=ok inference_age_ms=101 target=none transport=False sorting_thread=alive
16:16:29 [v4][heartbeat] enter=False sorting=False cam=LIVE ai=LIVE cam_fps=53.1 pub_fps=30.3 frames=500450 result_subs=1 roi=ok intrinsic=ok inference_age_ms=68 target=none transport=False sorting_thread=alive
16:16:34 [v4][heartbeat] enter=False sorting=False cam=LIVE ai=LIVE cam_fps=57.1 pub_fps=30.2 frames=500735 result_subs=1 roi=ok intrinsic=ok inference_age_ms=142 target=none transport=False sorting_thread=alive
16:16:39 [v4][heartbeat] enter=False sorting=False cam=LIVE ai=LIVE cam_fps=53.0 pub_fps=30.2 frames=501000 result_subs=1 roi=ok intrinsic=ok inference_age_ms=103 target=none transport=False sorting_thread=alive
16:16:44 [v4][heartbeat] enter=False sorting=False cam=LIVE ai=LIVE cam_fps=58.0 pub_fps=30.4 frames=501290 result_subs=1 roi=ok intrinsic=ok inference_age_ms=53 target=none transport=False sorting_thread=alive
16:16:49 [v4][heartbeat] enter=False sorting=False cam=LIVE ai=LIVE cam_fps=58.6 pub_fps=30.2 frames=501583 result_subs=1 roi=ok intrinsic=ok inference_age_ms=135 target=none transport=False sorting_thread=alive
16:16:54 [v4][heartbeat] enter=False sorting=False cam=LIVE ai=LIVE cam_fps=54.2 pub_fps=30.4 frames=501854 result_subs=1 roi=ok intrinsic=ok inference_age_ms=97 target=none transport=False sorting_thread=alive
16:16:59 [v4][heartbeat] enter=False sorting=False cam=LIVE ai=LIVE cam_fps=57.8 pub_fps=30.4 frames=502143 result_subs=1 roi=ok intrinsic=ok inference_age_ms=63 target=none transport=False sorting_thread=alive
16:17:04 [v4][heartbeat] enter=False sorting=False cam=LIVE ai=LIVE cam_fps=54.8 pub_fps=30.2 frames=502417 result_subs=1 roi=ok intrinsic=ok inference_age_ms=147 target=none transport=False sorting_thread=alive
16:17:09 [v4][heartbeat] enter=False sorting=False cam=LIVE ai=LIVE cam_fps=56.6 pub_fps=30.4 frames=502700 result_subs=1 roi=ok intrinsic=ok inference_age_ms=97 target=none transport=False sorting_thread=alive
16:17:14 [v4][heartbeat] enter=False sorting=False cam=LIVE ai=LIVE cam_fps=58.5 pub_fps=30.2 frames=502992 result_subs=1 roi=ok intrinsic=ok inference_age_ms=50 target=none transport=False sorting_thread=alive
16:17:19 [v4][heartbeat] enter=False sorting=False cam=LIVE ai=LIVE cam_fps=56.2 pub_fps=30.2 frames=503273 result_subs=1 roi=ok intrinsic=ok inference_age_ms=137 target=none transport=False sorting_thread=alive
16:17:24 [v4][heartbeat] enter=False sorting=False cam=LIVE ai=LIVE cam_fps=57.8 pub_fps=30.4 frames=503562 result_subs=1 roi=ok intrinsic=ok inference_age_ms=89 target=none transport=False sorting_thread=alive
16:17:29 [v4][heartbeat] enter=False sorting=False cam=LIVE ai=LIVE cam_fps=57.0 pub_fps=30.2 frames=503847 result_subs=1 roi=ok intrinsic=ok inference_age_ms=45 target=none transport=False sorting_thread=alive
16:17:34 [v4][heartbeat] enter=False sorting=False cam=LIVE ai=LIVE cam_fps=55.0 pub_fps=30.4 frames=504122 result_subs=1 roi=ok intrinsic=ok inference_age_ms=129 target=none transport=False sorting_thread=alive
16:17:39 [v4][heartbeat] enter=False sorting=False cam=LIVE ai=LIVE cam_fps=56.8 pub_fps=30.4 frames=504406 result_subs=1 roi=ok intrinsic=ok inference_age_ms=83 target=none transport=False sorting_thread=alive
16:17:44 [v4][heartbeat] enter=False sorting=False cam=LIVE ai=LIVE cam_fps=52.2 pub_fps=30.2 frames=504667 result_subs=1 roi=ok intrinsic=ok inference_age_ms=48 target=none transport=False sorting_thread=alive
16:17:49 [v4][heartbeat] enter=False sorting=False cam=LIVE ai=LIVE cam_fps=57.8 pub_fps=30.2 frames=504956 result_subs=1 roi=ok intrinsic=ok inference_age_ms=124 target=none transport=False sorting_thread=alive
16:17:54 [v4][heartbeat] enter=False sorting=False cam=LIVE ai=LIVE cam_fps=56.2 pub_fps=30.4 frames=505237 result_subs=1 roi=ok intrinsic=ok inference_age_ms=78 target=none transport=False sorting_thread=alive
16:17:59 [v4][heartbeat] enter=False sorting=False cam=LIVE ai=LIVE cam_fps=57.6 pub_fps=30.4 frames=505525 result_subs=1 roi=ok intrinsic=ok inference_age_ms=160 target=none transport=False sorting_thread=alive
16:18:04 [v4][heartbeat] enter=False sorting=False cam=LIVE ai=LIVE cam_fps=58.4 pub_fps=30.2 frames=505817 result_subs=1 roi=ok intrinsic=ok inference_age_ms=104 target=none transport=False sorting_thread=alive
16:18:09 [v4][heartbeat] enter=False sorting=False cam=LIVE ai=LIVE cam_fps=53.8 pub_fps=30.4 frames=506086 result_subs=1 roi=ok intrinsic=ok inference_age_ms=58 target=none transport=False sorting_thread=alive
16:18:14 [v4][heartbeat] enter=False sorting=False cam=LIVE ai=LIVE cam_fps=57.4 pub_fps=30.2 frames=506373 result_subs=1 roi=ok intrinsic=ok inference_age_ms=133 target=none transport=False sorting_thread=alive
16:18:19 [v4][heartbeat] enter=False sorting=False cam=LIVE ai=LIVE cam_fps=57.6 pub_fps=30.4 frames=506661 result_subs=1 roi=ok intrinsic=ok inference_age_ms=83 target=none transport=False sorting_thread=alive
16:18:24 [v4][heartbeat] enter=False sorting=False cam=LIVE ai=LIVE cam_fps=55.8 pub_fps=30.2 frames=506940 result_subs=1 roi=ok intrinsic=ok inference_age_ms=156 target=none transport=False sorting_thread=alive
16:18:29 [v4][heartbeat] enter=False sorting=False cam=LIVE ai=LIVE cam_fps=57.6 pub_fps=30.4 frames=507228 result_subs=1 roi=ok intrinsic=ok inference_age_ms=114 target=none transport=False sorting_thread=alive
16:18:34 [v4][heartbeat] enter=False sorting=False cam=LIVE ai=LIVE cam_fps=56.6 pub_fps=30.2 frames=507511 result_subs=1 roi=ok intrinsic=ok inference_age_ms=68 target=none transport=False sorting_thread=alive
16:18:39 [v4][heartbeat] enter=False sorting=False cam=LIVE ai=LIVE cam_fps=57.8 pub_fps=30.4 frames=507800 result_subs=1 roi=ok intrinsic=ok inference_age_ms=148 target=none transport=False sorting_thread=alive
16:18:44 [v4][heartbeat] enter=False sorting=False cam=LIVE ai=LIVE cam_fps=56.8 pub_fps=30.2 frames=508084 result_subs=1 roi=ok intrinsic=ok inference_age_ms=96 target=none transport=False sorting_thread=alive
16:18:49 [v4][heartbeat] enter=False sorting=False cam=LIVE ai=LIVE cam_fps=56.2 pub_fps=30.4 frames=508365 result_subs=1 roi=ok intrinsic=ok inference_age_ms=173 target=none transport=False sorting_thread=alive
16:18:54 [v4][heartbeat] enter=False sorting=False cam=LIVE ai=LIVE cam_fps=58.4 pub_fps=30.2 frames=508657 result_subs=1 roi=ok intrinsic=ok inference_age_ms=126 target=none transport=False sorting_thread=alive
16:18:59 [v4][heartbeat] enter=False sorting=False cam=LIVE ai=LIVE cam_fps=55.0 pub_fps=30.4 frames=508932 result_subs=1 roi=ok intrinsic=ok inference_age_ms=77 target=none transport=False sorting_thread=alive
16:19:04 [v4][heartbeat] enter=False sorting=False cam=LIVE ai=LIVE cam_fps=58.0 pub_fps=30.2 frames=509222 result_subs=1 roi=ok intrinsic=ok inference_age_ms=158 target=none transport=False sorting_thread=alive
16:19:09 [v4][heartbeat] enter=False sorting=False cam=LIVE ai=LIVE cam_fps=58.4 pub_fps=30.4 frames=509514 result_subs=1 roi=ok intrinsic=ok inference_age_ms=118 target=none transport=False sorting_thread=alive
16:19:14 [v4][heartbeat] enter=False sorting=False cam=LIVE ai=LIVE cam_fps=53.0 pub_fps=30.2 frames=509779 result_subs=1 roi=ok intrinsic=ok inference_age_ms=79 target=none transport=False sorting_thread=alive
16:19:19 [v4][heartbeat] enter=False sorting=False cam=LIVE ai=LIVE cam_fps=58.4 pub_fps=30.4 frames=510071 result_subs=1 roi=ok intrinsic=ok inference_age_ms=160 target=none transport=False sorting_thread=alive
16:19:24 [v4][heartbeat] enter=False sorting=False cam=LIVE ai=LIVE cam_fps=57.0 pub_fps=30.4 frames=510356 result_subs=1 roi=ok intrinsic=ok inference_age_ms=118 target=none transport=False sorting_thread=alive
16:19:29 [v4][heartbeat] enter=False sorting=False cam=LIVE ai=LIVE cam_fps=55.8 pub_fps=30.2 frames=510635 result_subs=1 roi=ok intrinsic=ok inference_age_ms=74 target=none transport=False sorting_thread=alive
16:19:34 [v4][heartbeat] enter=False sorting=False cam=LIVE ai=LIVE cam_fps=59.8 pub_fps=30.2 frames=510934 result_subs=1 roi=ok intrinsic=ok inference_age_ms=157 target=none transport=False sorting_thread=alive
16:19:39 [v4][heartbeat] enter=False sorting=False cam=LIVE ai=LIVE cam_fps=53.8 pub_fps=30.4 frames=511203 result_subs=1 roi=ok intrinsic=ok inference_age_ms=112 target=none transport=False sorting_thread=alive
16:19:44 [v4][heartbeat] enter=False sorting=False cam=LIVE ai=LIVE cam_fps=58.2 pub_fps=30.4 frames=511494 result_subs=1 roi=ok intrinsic=ok inference_age_ms=68 target=none transport=False sorting_thread=alive
16:19:49 [v4][heartbeat] enter=False sorting=False cam=LIVE ai=LIVE cam_fps=56.8 pub_fps=30.2 frames=511778 result_subs=1 roi=ok intrinsic=ok inference_age_ms=148 target=none transport=False sorting_thread=alive
16:19:54 [v4][heartbeat] enter=False sorting=False cam=LIVE ai=LIVE cam_fps=56.4 pub_fps=30.4 frames=512060 result_subs=1 roi=ok intrinsic=ok inference_age_ms=109 target=none transport=False sorting_thread=alive
16:19:59 [v4][heartbeat] enter=False sorting=False cam=LIVE ai=LIVE cam_fps=59.7 pub_fps=30.2 frames=512358 result_subs=1 roi=ok intrinsic=ok inference_age_ms=65 target=none transport=False sorting_thread=alive
16:20:04 [v4][heartbeat] enter=False sorting=False cam=LIVE ai=LIVE cam_fps=52.8 pub_fps=30.2 frames=512622 result_subs=1 roi=ok intrinsic=ok inference_age_ms=150 target=none transport=False sorting_thread=alive
16:20:09 [v4][heartbeat] enter=False sorting=False cam=LIVE ai=LIVE cam_fps=58.4 pub_fps=30.4 frames=512914 result_subs=1 roi=ok intrinsic=ok inference_age_ms=111 target=none transport=False sorting_thread=alive
16:20:14 [v4][heartbeat] enter=False sorting=False cam=LIVE ai=LIVE cam_fps=56.2 pub_fps=30.4 frames=513195 result_subs=1 roi=ok intrinsic=ok inference_age_ms=65 target=none transport=False sorting_thread=alive
16:20:19 [v4][heartbeat] enter=False sorting=False cam=LIVE ai=LIVE cam_fps=56.0 pub_fps=30.2 frames=513475 result_subs=1 roi=ok intrinsic=ok inference_age_ms=139 target=none transport=False sorting_thread=alive
16:20:24 [v4][heartbeat] enter=False sorting=False cam=LIVE ai=LIVE cam_fps=58.6 pub_fps=30.4 frames=513768 result_subs=1 roi=ok intrinsic=ok inference_age_ms=102 target=none transport=False sorting_thread=alive
16:20:29 [v4][heartbeat] enter=False sorting=False cam=LIVE ai=LIVE cam_fps=54.4 pub_fps=30.2 frames=514040 result_subs=1 roi=ok intrinsic=ok inference_age_ms=57 target=none transport=False sorting_thread=alive
16:20:34 [v4][heartbeat] enter=False sorting=False cam=LIVE ai=LIVE cam_fps=58.4 pub_fps=30.4 frames=514332 result_subs=1 roi=ok intrinsic=ok inference_age_ms=147 target=none transport=False sorting_thread=alive
16:20:39 [v4][heartbeat] enter=False sorting=False cam=LIVE ai=LIVE cam_fps=56.2 pub_fps=30.2 frames=514613 result_subs=1 roi=ok intrinsic=ok inference_age_ms=104 target=none transport=False sorting_thread=alive
16:20:44 [v4][heartbeat] enter=False sorting=False cam=LIVE ai=LIVE cam_fps=56.0 pub_fps=30.4 frames=514893 result_subs=1 roi=ok intrinsic=ok inference_age_ms=60 target=none transport=False sorting_thread=alive
16:20:49 [v4][heartbeat] enter=False sorting=False cam=LIVE ai=LIVE cam_fps=58.8 pub_fps=30.2 frames=515187 result_subs=1 roi=ok intrinsic=ok inference_age_ms=137 target=none transport=False sorting_thread=alive
16:20:54 [v4][heartbeat] enter=False sorting=False cam=LIVE ai=LIVE cam_fps=54.0 pub_fps=30.4 frames=515457 result_subs=1 roi=ok intrinsic=ok inference_age_ms=95 target=none transport=False sorting_thread=alive
16:20:59 [v4][heartbeat] enter=False sorting=False cam=LIVE ai=LIVE cam_fps=56.8 pub_fps=30.2 frames=515741 result_subs=1 roi=ok intrinsic=ok inference_age_ms=49 target=none transport=False sorting_thread=alive
16:21:04 [v4][heartbeat] enter=False sorting=False cam=LIVE ai=LIVE cam_fps=57.6 pub_fps=30.4 frames=516029 result_subs=1 roi=ok intrinsic=ok inference_age_ms=128 target=none transport=False sorting_thread=alive
16:21:09 [v4][heartbeat] enter=False sorting=False cam=LIVE ai=LIVE cam_fps=55.2 pub_fps=30.2 frames=516305 result_subs=1 roi=ok intrinsic=ok inference_age_ms=65 target=none transport=False sorting_thread=alive
16:21:14 [v4][heartbeat] enter=False sorting=False cam=LIVE ai=LIVE cam_fps=57.2 pub_fps=30.4 frames=516591 result_subs=1 roi=ok intrinsic=ok inference_age_ms=149 target=none transport=False sorting_thread=alive
16:21:19 [v4][heartbeat] enter=False sorting=False cam=LIVE ai=LIVE cam_fps=56.4 pub_fps=30.2 frames=516873 result_subs=1 roi=ok intrinsic=ok inference_age_ms=107 target=none transport=False sorting_thread=alive
16:21:24 [v4][heartbeat] enter=False sorting=False cam=LIVE ai=LIVE cam_fps=57.0 pub_fps=30.4 frames=517158 result_subs=1 roi=ok intrinsic=ok inference_age_ms=58 target=none transport=False sorting_thread=alive
16:21:29 [v4][heartbeat] enter=False sorting=False cam=LIVE ai=LIVE cam_fps=58.0 pub_fps=30.2 frames=517448 result_subs=1 roi=ok intrinsic=ok inference_age_ms=155 target=none transport=False sorting_thread=alive
16:21:34 [v4][heartbeat] enter=False sorting=False cam=LIVE ai=LIVE cam_fps=55.4 pub_fps=30.4 frames=517725 result_subs=1 roi=ok intrinsic=ok inference_age_ms=101 target=none transport=False sorting_thread=alive
16:21:39 [v4][heartbeat] enter=False sorting=False cam=LIVE ai=LIVE cam_fps=59.2 pub_fps=30.2 frames=518021 result_subs=1 roi=ok intrinsic=ok inference_age_ms=50 target=none transport=False sorting_thread=alive
16:21:44 [v4][heartbeat] enter=False sorting=False cam=LIVE ai=LIVE cam_fps=56.2 pub_fps=30.4 frames=518302 result_subs=1 roi=ok intrinsic=ok inference_age_ms=129 target=none transport=False sorting_thread=alive
16:21:49 [v4][heartbeat] enter=False sorting=False cam=LIVE ai=LIVE cam_fps=57.6 pub_fps=30.2 frames=518590 result_subs=1 roi=ok intrinsic=ok inference_age_ms=80 target=none transport=False sorting_thread=alive
16:21:54 [v4][heartbeat] enter=False sorting=False cam=LIVE ai=LIVE cam_fps=58.2 pub_fps=30.4 frames=518881 result_subs=1 roi=ok intrinsic=ok inference_age_ms=159 target=none transport=False sorting_thread=alive
16:21:59 [v4][heartbeat] enter=False sorting=False cam=LIVE ai=LIVE cam_fps=53.8 pub_fps=30.2 frames=519150 result_subs=1 roi=ok intrinsic=ok inference_age_ms=111 target=none transport=False sorting_thread=alive
16:22:04 [v4][heartbeat] enter=False sorting=False cam=LIVE ai=LIVE cam_fps=58.2 pub_fps=30.4 frames=519441 result_subs=1 roi=ok intrinsic=ok inference_age_ms=69 target=none transport=False sorting_thread=alive
16:22:09 [v4][heartbeat] enter=False sorting=False cam=LIVE ai=LIVE cam_fps=55.0 pub_fps=30.2 frames=519716 result_subs=1 roi=ok intrinsic=ok inference_age_ms=146 target=none transport=False sorting_thread=alive
16:22:14 [v4][heartbeat] enter=False sorting=False cam=LIVE ai=LIVE cam_fps=56.0 pub_fps=30.4 frames=519996 result_subs=1 roi=ok intrinsic=ok inference_age_ms=96 target=none transport=False sorting_thread=alive
16:22:19 [v4][heartbeat] enter=False sorting=False cam=LIVE ai=LIVE cam_fps=57.8 pub_fps=30.2 frames=520285 result_subs=1 roi=ok intrinsic=ok inference_age_ms=47 target=none transport=False sorting_thread=alive
16:22:24 [v4][heartbeat] enter=False sorting=False cam=LIVE ai=LIVE cam_fps=53.6 pub_fps=30.4 frames=520553 result_subs=1 roi=ok intrinsic=ok inference_age_ms=135 target=none transport=False sorting_thread=alive
16:22:29 [v4][heartbeat] enter=False sorting=False cam=LIVE ai=LIVE cam_fps=58.8 pub_fps=30.4 frames=520847 result_subs=1 roi=ok intrinsic=ok inference_age_ms=93 target=none transport=False sorting_thread=alive
16:22:34 [v4][heartbeat] enter=False sorting=False cam=LIVE ai=LIVE cam_fps=55.2 pub_fps=30.2 frames=521123 result_subs=1 roi=ok intrinsic=ok inference_age_ms=168 target=none transport=False sorting_thread=alive
16:22:39 [v4][heartbeat] enter=False sorting=False cam=LIVE ai=LIVE cam_fps=55.8 pub_fps=30.4 frames=521402 result_subs=1 roi=ok intrinsic=ok inference_age_ms=128 target=none transport=False sorting_thread=alive
16:22:44 [v4][heartbeat] enter=False sorting=False cam=LIVE ai=LIVE cam_fps=59.6 pub_fps=30.2 frames=521700 result_subs=1 roi=ok intrinsic=ok inference_age_ms=78 target=none transport=False sorting_thread=alive
16:22:49 [v4][heartbeat] enter=False sorting=False cam=LIVE ai=LIVE cam_fps=55.0 pub_fps=30.2 frames=521975 result_subs=1 roi=ok intrinsic=ok inference_age_ms=160 target=none transport=False sorting_thread=alive
16:22:54 [v4][heartbeat] enter=False sorting=False cam=LIVE ai=LIVE cam_fps=58.0 pub_fps=30.4 frames=522265 result_subs=1 roi=ok intrinsic=ok inference_age_ms=107 target=none transport=False sorting_thread=alive
16:22:59 [v4][heartbeat] enter=False sorting=False cam=LIVE ai=LIVE cam_fps=56.8 pub_fps=30.4 frames=522549 result_subs=1 roi=ok intrinsic=ok inference_age_ms=64 target=none transport=False sorting_thread=alive
16:23:04 [v4][heartbeat] enter=False sorting=False cam=LIVE ai=LIVE cam_fps=56.0 pub_fps=30.2 frames=522829 result_subs=1 roi=ok intrinsic=ok inference_age_ms=131 target=none transport=False sorting_thread=alive
16:23:09 [v4][heartbeat] enter=False sorting=False cam=LIVE ai=LIVE cam_fps=59.0 pub_fps=30.4 frames=523124 result_subs=1 roi=ok intrinsic=ok inference_age_ms=82 target=none transport=False sorting_thread=alive
16:23:14 [v4][heartbeat] enter=False sorting=False cam=LIVE ai=LIVE cam_fps=54.8 pub_fps=30.2 frames=523398 result_subs=1 roi=ok intrinsic=ok inference_age_ms=40 target=none transport=False sorting_thread=alive
16:23:19 [v4][heartbeat] enter=False sorting=False cam=LIVE ai=LIVE cam_fps=57.8 pub_fps=30.4 frames=523687 result_subs=1 roi=ok intrinsic=ok inference_age_ms=123 target=none transport=False sorting_thread=alive
16:23:24 [v4][heartbeat] enter=False sorting=False cam=LIVE ai=LIVE cam_fps=56.2 pub_fps=30.2 frames=523968 result_subs=1 roi=ok intrinsic=ok inference_age_ms=74 target=none transport=False sorting_thread=alive
16:23:29 [v4][heartbeat] enter=False sorting=False cam=LIVE ai=LIVE cam_fps=55.3 pub_fps=30.4 frames=524245 result_subs=1 roi=ok intrinsic=ok inference_age_ms=148 target=none transport=False sorting_thread=alive
16:23:34 [v4][heartbeat] enter=False sorting=False cam=LIVE ai=LIVE cam_fps=58.3 pub_fps=30.2 frames=524536 result_subs=1 roi=ok intrinsic=ok inference_age_ms=98 target=none transport=False sorting_thread=alive
16:23:39 [v4][heartbeat] enter=False sorting=False cam=LIVE ai=LIVE cam_fps=55.0 pub_fps=30.4 frames=524811 result_subs=1 roi=ok intrinsic=ok inference_age_ms=52 target=none transport=False sorting_thread=alive
16:23:44 [v4][heartbeat] enter=False sorting=False cam=LIVE ai=LIVE cam_fps=58.2 pub_fps=30.2 frames=525102 result_subs=1 roi=ok intrinsic=ok inference_age_ms=134 target=none transport=False sorting_thread=alive
16:23:49 [v4][heartbeat] enter=False sorting=False cam=LIVE ai=LIVE cam_fps=58.4 pub_fps=30.4 frames=525394 result_subs=1 roi=ok intrinsic=ok inference_age_ms=83 target=none transport=False sorting_thread=alive
16:23:54 [v4][heartbeat] enter=False sorting=False cam=LIVE ai=LIVE cam_fps=54.8 pub_fps=30.2 frames=525668 result_subs=1 roi=ok intrinsic=ok inference_age_ms=39 target=none transport=False sorting_thread=alive
16:23:59 [v4][heartbeat] enter=False sorting=False cam=LIVE ai=LIVE cam_fps=58.0 pub_fps=30.4 frames=525958 result_subs=1 roi=ok intrinsic=ok inference_age_ms=121 target=none transport=False sorting_thread=alive
16:24:04 [v4][heartbeat] enter=False sorting=False cam=LIVE ai=LIVE cam_fps=56.6 pub_fps=30.2 frames=526241 result_subs=1 roi=ok intrinsic=ok inference_age_ms=80 target=none transport=False sorting_thread=alive
16:24:09 [v4][heartbeat] enter=False sorting=False cam=LIVE ai=LIVE cam_fps=56.8 pub_fps=30.4 frames=526525 result_subs=1 roi=ok intrinsic=ok inference_age_ms=160 target=none transport=False sorting_thread=alive
16:24:14 [v4][heartbeat] enter=False sorting=False cam=LIVE ai=LIVE cam_fps=59.2 pub_fps=30.2 frames=526821 result_subs=1 roi=ok intrinsic=ok inference_age_ms=117 target=none transport=False sorting_thread=alive
16:24:19 [v4][heartbeat] enter=False sorting=False cam=LIVE ai=LIVE cam_fps=55.2 pub_fps=30.4 frames=527097 result_subs=1 roi=ok intrinsic=ok inference_age_ms=62 target=none transport=False sorting_thread=alive
16:24:24 [v4][heartbeat] enter=False sorting=False cam=LIVE ai=LIVE cam_fps=58.0 pub_fps=30.2 frames=527387 result_subs=1 roi=ok intrinsic=ok inference_age_ms=135 target=none transport=False sorting_thread=alive
16:24:29 [v4][heartbeat] enter=False sorting=False cam=LIVE ai=LIVE cam_fps=54.6 pub_fps=30.4 frames=527660 result_subs=1 roi=ok intrinsic=ok inference_age_ms=87 target=none transport=False sorting_thread=alive
16:24:34 [v4][heartbeat] enter=False sorting=False cam=LIVE ai=LIVE cam_fps=56.6 pub_fps=30.2 frames=527943 result_subs=1 roi=ok intrinsic=ok inference_age_ms=175 target=none transport=False sorting_thread=alive
16:24:39 [v4][heartbeat] enter=False sorting=False cam=LIVE ai=LIVE cam_fps=58.2 pub_fps=30.4 frames=528234 result_subs=1 roi=ok intrinsic=ok inference_age_ms=125 target=none transport=False sorting_thread=alive
16:24:44 [v4][heartbeat] enter=False sorting=False cam=LIVE ai=LIVE cam_fps=53.6 pub_fps=30.2 frames=528502 result_subs=1 roi=ok intrinsic=ok inference_age_ms=76 target=none transport=False sorting_thread=alive
16:24:49 [v4][heartbeat] enter=False sorting=False cam=LIVE ai=LIVE cam_fps=57.8 pub_fps=30.4 frames=528791 result_subs=1 roi=ok intrinsic=ok inference_age_ms=159 target=none transport=False sorting_thread=alive
16:24:54 [v4][heartbeat] enter=False sorting=False cam=LIVE ai=LIVE cam_fps=55.2 pub_fps=30.4 frames=529067 result_subs=1 roi=ok intrinsic=ok inference_age_ms=112 target=none transport=False sorting_thread=alive
16:24:59 [v4][heartbeat] enter=False sorting=False cam=LIVE ai=LIVE cam_fps=56.2 pub_fps=30.2 frames=529348 result_subs=1 roi=ok intrinsic=ok inference_age_ms=67 target=none transport=False sorting_thread=alive
16:25:04 [v4][heartbeat] enter=False sorting=False cam=LIVE ai=LIVE cam_fps=58.6 pub_fps=30.2 frames=529641 result_subs=1 roi=ok intrinsic=ok inference_age_ms=154 target=none transport=False sorting_thread=alive
16:25:09 [v4][heartbeat] enter=False sorting=False cam=LIVE ai=LIVE cam_fps=54.2 pub_fps=30.4 frames=529912 result_subs=1 roi=ok intrinsic=ok inference_age_ms=107 target=none transport=False sorting_thread=alive
16:25:14 [v4][heartbeat] enter=False sorting=False cam=LIVE ai=LIVE cam_fps=58.4 pub_fps=30.2 frames=530204 result_subs=1 roi=ok intrinsic=ok inference_age_ms=60 target=none transport=False sorting_thread=alive
16:25:19 [v4][heartbeat] enter=False sorting=False cam=LIVE ai=LIVE cam_fps=55.6 pub_fps=30.4 frames=530482 result_subs=1 roi=ok intrinsic=ok inference_age_ms=140 target=none transport=False sorting_thread=alive
16:25:24 [v4][heartbeat] enter=False sorting=False cam=LIVE ai=LIVE cam_fps=54.6 pub_fps=30.2 frames=530755 result_subs=1 roi=ok intrinsic=ok inference_age_ms=93 target=none transport=False sorting_thread=alive
16:25:29 [v4][heartbeat] enter=False sorting=False cam=LIVE ai=LIVE cam_fps=58.2 pub_fps=30.4 frames=531046 result_subs=1 roi=ok intrinsic=ok inference_age_ms=53 target=none transport=False sorting_thread=alive
16:25:34 [v4][heartbeat] enter=False sorting=False cam=LIVE ai=LIVE cam_fps=53.8 pub_fps=30.4 frames=531315 result_subs=1 roi=ok intrinsic=ok inference_age_ms=136 target=none transport=False sorting_thread=alive
16:25:39 [v4][heartbeat] enter=False sorting=False cam=LIVE ai=LIVE cam_fps=57.0 pub_fps=30.2 frames=531600 result_subs=1 roi=ok intrinsic=ok inference_age_ms=81 target=none transport=False sorting_thread=alive
16:25:44 [v4][heartbeat] enter=False sorting=False cam=LIVE ai=LIVE cam_fps=57.0 pub_fps=30.2 frames=531885 result_subs=1 roi=ok intrinsic=ok inference_age_ms=158 target=none transport=False sorting_thread=alive
16:25:49 [v4][heartbeat] enter=False sorting=False cam=LIVE ai=LIVE cam_fps=57.2 pub_fps=30.4 frames=532171 result_subs=1 roi=ok intrinsic=ok inference_age_ms=109 target=none transport=False sorting_thread=alive
16:25:54 [v4][heartbeat] enter=False sorting=False cam=LIVE ai=LIVE cam_fps=59.0 pub_fps=30.4 frames=532466 result_subs=1 roi=ok intrinsic=ok inference_age_ms=60 target=none transport=False sorting_thread=alive
16:25:59 [v4][heartbeat] enter=False sorting=False cam=LIVE ai=LIVE cam_fps=54.4 pub_fps=30.2 frames=532738 result_subs=1 roi=ok intrinsic=ok inference_age_ms=148 target=none transport=False sorting_thread=alive
16:26:04 [v4][heartbeat] enter=False sorting=False cam=LIVE ai=LIVE cam_fps=59.2 pub_fps=30.4 frames=533034 result_subs=1 roi=ok intrinsic=ok inference_age_ms=102 target=none transport=False sorting_thread=alive
16:26:09 [v4][heartbeat] enter=False sorting=False cam=LIVE ai=LIVE cam_fps=58.4 pub_fps=30.2 frames=533326 result_subs=1 roi=ok intrinsic=ok inference_age_ms=50 target=none transport=False sorting_thread=alive
16:26:14 [v4][heartbeat] enter=False sorting=False cam=LIVE ai=LIVE cam_fps=55.5 pub_fps=30.4 frames=533604 result_subs=1 roi=ok intrinsic=ok inference_age_ms=136 target=none transport=False sorting_thread=alive
16:26:19 [v4][heartbeat] enter=False sorting=False cam=LIVE ai=LIVE cam_fps=58.5 pub_fps=30.2 frames=533896 result_subs=1 roi=ok intrinsic=ok inference_age_ms=84 target=none transport=False sorting_thread=alive
16:26:24 [v4][heartbeat] enter=False sorting=False cam=LIVE ai=LIVE cam_fps=53.6 pub_fps=30.4 frames=534164 result_subs=1 roi=ok intrinsic=ok inference_age_ms=40 target=none transport=False sorting_thread=alive
16:26:29 [v4][heartbeat] enter=False sorting=False cam=LIVE ai=LIVE cam_fps=58.4 pub_fps=30.2 frames=534456 result_subs=1 roi=ok intrinsic=ok inference_age_ms=117 target=none transport=False sorting_thread=alive
16:26:34 [v4][heartbeat] enter=False sorting=False cam=LIVE ai=LIVE cam_fps=56.0 pub_fps=30.4 frames=534736 result_subs=1 roi=ok intrinsic=ok inference_age_ms=56 target=none transport=False sorting_thread=alive
16:26:39 [v4][heartbeat] enter=False sorting=False cam=LIVE ai=LIVE cam_fps=52.8 pub_fps=30.2 frames=535000 result_subs=1 roi=ok intrinsic=ok inference_age_ms=132 target=none transport=False sorting_thread=alive
16:26:44 [v4][heartbeat] enter=False sorting=False cam=LIVE ai=LIVE cam_fps=57.2 pub_fps=30.4 frames=535286 result_subs=1 roi=ok intrinsic=ok inference_age_ms=85 target=none transport=False sorting_thread=alive
16:26:49 [v4][heartbeat] enter=False sorting=False cam=LIVE ai=LIVE cam_fps=54.8 pub_fps=30.2 frames=535560 result_subs=1 roi=ok intrinsic=ok inference_age_ms=40 target=none transport=False sorting_thread=alive
16:26:54 [v4][heartbeat] enter=False sorting=False cam=LIVE ai=LIVE cam_fps=56.4 pub_fps=30.4 frames=535842 result_subs=1 roi=ok intrinsic=ok inference_age_ms=116 target=none transport=False sorting_thread=alive
16:26:59 [v4][heartbeat] enter=False sorting=False cam=LIVE ai=LIVE cam_fps=59.0 pub_fps=30.2 frames=536137 result_subs=1 roi=ok intrinsic=ok inference_age_ms=65 target=none transport=False sorting_thread=alive
16:27:04 [v4][heartbeat] enter=False sorting=False cam=LIVE ai=LIVE cam_fps=55.4 pub_fps=30.4 frames=536414 result_subs=1 roi=ok intrinsic=ok inference_age_ms=143 target=none transport=False sorting_thread=alive
16:27:09 [v4][heartbeat] enter=False sorting=False cam=LIVE ai=LIVE cam_fps=58.8 pub_fps=30.2 frames=536708 result_subs=1 roi=ok intrinsic=ok inference_age_ms=88 target=none transport=False sorting_thread=alive
16:27:14 [v4][heartbeat] enter=False sorting=False cam=LIVE ai=LIVE cam_fps=56.8 pub_fps=30.4 frames=536992 result_subs=1 roi=ok intrinsic=ok inference_age_ms=51 target=none transport=False sorting_thread=alive
16:27:19 [v4][heartbeat] enter=False sorting=False cam=LIVE ai=LIVE cam_fps=56.0 pub_fps=30.4 frames=537272 result_subs=1 roi=ok intrinsic=ok inference_age_ms=123 target=none transport=False sorting_thread=alive
16:27:24 [v4][heartbeat] enter=False sorting=False cam=LIVE ai=LIVE cam_fps=58.2 pub_fps=30.2 frames=537563 result_subs=1 roi=ok intrinsic=ok inference_age_ms=72 target=none transport=False sorting_thread=alive
16:27:29 [v4][heartbeat] enter=False sorting=False cam=LIVE ai=LIVE cam_fps=52.8 pub_fps=30.2 frames=537827 result_subs=1 roi=ok intrinsic=ok inference_age_ms=152 target=none transport=False sorting_thread=alive
16:27:34 [v4][heartbeat] enter=False sorting=False cam=LIVE ai=LIVE cam_fps=58.0 pub_fps=30.4 frames=538117 result_subs=1 roi=ok intrinsic=ok inference_age_ms=117 target=none transport=False sorting_thread=alive
16:27:39 [v4][heartbeat] enter=False sorting=False cam=LIVE ai=LIVE cam_fps=55.6 pub_fps=30.4 frames=538395 result_subs=1 roi=ok intrinsic=ok inference_age_ms=77 target=none transport=False sorting_thread=alive
16:27:44 [v4][heartbeat] enter=False sorting=False cam=LIVE ai=LIVE cam_fps=55.2 pub_fps=30.2 frames=538671 result_subs=1 roi=ok intrinsic=ok inference_age_ms=161 target=none transport=False sorting_thread=alive
16:27:49 [v4][heartbeat] enter=False sorting=False cam=LIVE ai=LIVE cam_fps=59.0 pub_fps=30.4 frames=538966 result_subs=1 roi=ok intrinsic=ok inference_age_ms=107 target=none transport=False sorting_thread=alive
16:27:54 [v4][heartbeat] enter=False sorting=False cam=LIVE ai=LIVE cam_fps=54.6 pub_fps=30.2 frames=539239 result_subs=1 roi=ok intrinsic=ok inference_age_ms=62 target=none transport=False sorting_thread=alive
16:27:59 [v4][heartbeat] enter=False sorting=False cam=LIVE ai=LIVE cam_fps=58.8 pub_fps=30.2 frames=539533 result_subs=1 roi=ok intrinsic=ok inference_age_ms=142 target=none transport=False sorting_thread=alive
16:28:04 [v4][heartbeat] enter=False sorting=False cam=LIVE ai=LIVE cam_fps=57.0 pub_fps=30.4 frames=539818 result_subs=1 roi=ok intrinsic=ok inference_age_ms=100 target=none transport=False sorting_thread=alive
16:28:09 [v4][heartbeat] enter=False sorting=False cam=LIVE ai=LIVE cam_fps=55.2 pub_fps=30.4 frames=540094 result_subs=1 roi=ok intrinsic=ok inference_age_ms=54 target=none transport=False sorting_thread=alive
16:28:14 [v4][heartbeat] enter=False sorting=False cam=LIVE ai=LIVE cam_fps=58.4 pub_fps=30.2 frames=540386 result_subs=1 roi=ok intrinsic=ok inference_age_ms=138 target=none transport=False sorting_thread=alive
16:28:19 [v4][heartbeat] enter=False sorting=False cam=LIVE ai=LIVE cam_fps=55.4 pub_fps=30.4 frames=540663 result_subs=1 roi=ok intrinsic=ok inference_age_ms=96 target=none transport=False sorting_thread=alive
16:28:24 [v4][heartbeat] enter=False sorting=False cam=LIVE ai=LIVE cam_fps=56.8 pub_fps=30.2 frames=540947 result_subs=1 roi=ok intrinsic=ok inference_age_ms=58 target=none transport=False sorting_thread=alive
16:28:29 [v4][heartbeat] enter=False sorting=False cam=LIVE ai=LIVE cam_fps=56.6 pub_fps=30.4 frames=541230 result_subs=1 roi=ok intrinsic=ok inference_age_ms=145 target=none transport=False sorting_thread=alive
16:28:34 [v4][heartbeat] enter=False sorting=False cam=LIVE ai=LIVE cam_fps=55.2 pub_fps=30.2 frames=541506 result_subs=1 roi=ok intrinsic=ok inference_age_ms=98 target=none transport=False sorting_thread=alive
16:28:39 [v4][heartbeat] enter=False sorting=False cam=LIVE ai=LIVE cam_fps=57.8 pub_fps=30.4 frames=541795 result_subs=1 roi=ok intrinsic=ok inference_age_ms=49 target=none transport=False sorting_thread=alive
16:28:44 [v4][heartbeat] enter=False sorting=False cam=LIVE ai=LIVE cam_fps=55.6 pub_fps=30.2 frames=542073 result_subs=1 roi=ok intrinsic=ok inference_age_ms=137 target=none transport=False sorting_thread=alive
16:28:49 [v4][heartbeat] enter=False sorting=False cam=LIVE ai=LIVE cam_fps=57.8 pub_fps=30.4 frames=542362 result_subs=1 roi=ok intrinsic=ok inference_age_ms=88 target=none transport=False sorting_thread=alive
16:28:54 [v4][heartbeat] enter=False sorting=False cam=LIVE ai=LIVE cam_fps=57.6 pub_fps=30.2 frames=542650 result_subs=1 roi=ok intrinsic=ok inference_age_ms=162 target=none transport=False sorting_thread=alive
16:28:59 [v4][heartbeat] enter=False sorting=False cam=LIVE ai=LIVE cam_fps=54.2 pub_fps=30.2 frames=542921 result_subs=1 roi=ok intrinsic=ok inference_age_ms=110 target=none transport=False sorting_thread=alive
16:29:04 [v4][heartbeat] enter=False sorting=False cam=LIVE ai=LIVE cam_fps=58.7 pub_fps=30.4 frames=543215 result_subs=1 roi=ok intrinsic=ok inference_age_ms=70 target=none transport=False sorting_thread=alive
16:29:09 [v4][heartbeat] enter=False sorting=False cam=LIVE ai=LIVE cam_fps=54.2 pub_fps=30.4 frames=543486 result_subs=1 roi=ok intrinsic=ok inference_age_ms=155 target=none transport=False sorting_thread=alive
16:29:14 [v4][heartbeat] enter=False sorting=False cam=LIVE ai=LIVE cam_fps=55.8 pub_fps=30.2 frames=543765 result_subs=1 roi=ok intrinsic=ok inference_age_ms=109 target=none transport=False sorting_thread=alive
16:29:19 [v4][heartbeat] enter=False sorting=False cam=LIVE ai=LIVE cam_fps=59.4 pub_fps=30.4 frames=544062 result_subs=1 roi=ok intrinsic=ok inference_age_ms=71 target=none transport=False sorting_thread=alive
16:29:24 [v4][heartbeat] enter=False sorting=False cam=LIVE ai=LIVE cam_fps=52.6 pub_fps=30.2 frames=544325 result_subs=1 roi=ok intrinsic=ok inference_age_ms=138 target=none transport=False sorting_thread=alive
16:29:29 [v4][heartbeat] enter=False sorting=False cam=LIVE ai=LIVE cam_fps=58.4 pub_fps=30.4 frames=544617 result_subs=1 roi=ok intrinsic=ok inference_age_ms=104 target=none transport=False sorting_thread=alive
16:29:34 [v4][heartbeat] enter=False sorting=False cam=LIVE ai=LIVE cam_fps=55.6 pub_fps=30.2 frames=544895 result_subs=1 roi=ok intrinsic=ok inference_age_ms=64 target=none transport=False sorting_thread=alive
16:29:39 [v4][heartbeat] enter=False sorting=False cam=LIVE ai=LIVE cam_fps=56.2 pub_fps=30.4 frames=545176 result_subs=1 roi=ok intrinsic=ok inference_age_ms=143 target=none transport=False sorting_thread=alive
16:29:44 [v4][heartbeat] enter=False sorting=False cam=LIVE ai=LIVE cam_fps=59.0 pub_fps=30.2 frames=545471 result_subs=1 roi=ok intrinsic=ok inference_age_ms=93 target=none transport=False sorting_thread=alive
16:29:49 [v4][heartbeat] enter=False sorting=False cam=LIVE ai=LIVE cam_fps=54.4 pub_fps=30.4 frames=545743 result_subs=1 roi=ok intrinsic=ok inference_age_ms=175 target=none transport=False sorting_thread=alive
16:29:54 [v4][heartbeat] enter=False sorting=False cam=LIVE ai=LIVE cam_fps=57.2 pub_fps=30.2 frames=546029 result_subs=1 roi=ok intrinsic=ok inference_age_ms=129 target=none transport=False sorting_thread=alive
16:29:59 [v4][heartbeat] enter=False sorting=False cam=LIVE ai=LIVE cam_fps=55.2 pub_fps=30.4 frames=546305 result_subs=1 roi=ok intrinsic=ok inference_age_ms=86 target=none transport=False sorting_thread=alive
16:30:04 [v4][heartbeat] enter=False sorting=False cam=LIVE ai=LIVE cam_fps=56.8 pub_fps=30.4 frames=546589 result_subs=1 roi=ok intrinsic=ok inference_age_ms=42 target=none transport=False sorting_thread=alive
16:30:09 [v4][heartbeat] enter=False sorting=False cam=LIVE ai=LIVE cam_fps=58.2 pub_fps=30.2 frames=546880 result_subs=1 roi=ok intrinsic=ok inference_age_ms=128 target=none transport=False sorting_thread=alive
16:30:14 [v4][heartbeat] enter=False sorting=False cam=LIVE ai=LIVE cam_fps=55.6 pub_fps=30.2 frames=547158 result_subs=1 roi=ok intrinsic=ok inference_age_ms=83 target=none transport=False sorting_thread=alive
16:30:19 [v4][heartbeat] enter=False sorting=False cam=LIVE ai=LIVE cam_fps=57.0 pub_fps=30.4 frames=547443 result_subs=1 roi=ok intrinsic=ok inference_age_ms=168 target=none transport=False sorting_thread=alive
16:30:24 [v4][heartbeat] enter=False sorting=False cam=LIVE ai=LIVE cam_fps=55.6 pub_fps=30.4 frames=547721 result_subs=1 roi=ok intrinsic=ok inference_age_ms=122 target=none transport=False sorting_thread=alive
16:30:29 [v4][heartbeat] enter=False sorting=False cam=LIVE ai=LIVE cam_fps=55.2 pub_fps=30.2 frames=547997 result_subs=1 roi=ok intrinsic=ok inference_age_ms=69 target=none transport=False sorting_thread=alive
16:30:34 [v4][heartbeat] enter=False sorting=False cam=LIVE ai=LIVE cam_fps=57.8 pub_fps=30.2 frames=548286 result_subs=1 roi=ok intrinsic=ok inference_age_ms=155 target=none transport=False sorting_thread=alive
16:30:39 [v4][heartbeat] enter=False sorting=False cam=LIVE ai=LIVE cam_fps=54.8 pub_fps=30.4 frames=548560 result_subs=1 roi=ok intrinsic=ok inference_age_ms=105 target=none transport=False sorting_thread=alive
16:30:44 [v4][heartbeat] enter=False sorting=False cam=LIVE ai=LIVE cam_fps=56.4 pub_fps=30.4 frames=548842 result_subs=1 roi=ok intrinsic=ok inference_age_ms=71 target=none transport=False sorting_thread=alive
16:30:49 [v4][heartbeat] enter=False sorting=False cam=LIVE ai=LIVE cam_fps=57.5 pub_fps=30.2 frames=549129 result_subs=1 roi=ok intrinsic=ok inference_age_ms=139 target=none transport=False sorting_thread=alive
16:30:54 [v4][heartbeat] enter=False sorting=False cam=LIVE ai=LIVE cam_fps=54.6 pub_fps=30.2 frames=549402 result_subs=1 roi=ok intrinsic=ok inference_age_ms=89 target=none transport=False sorting_thread=alive
16:30:59 [v4][heartbeat] enter=False sorting=False cam=LIVE ai=LIVE cam_fps=57.2 pub_fps=30.4 frames=549688 result_subs=1 roi=ok intrinsic=ok inference_age_ms=168 target=none transport=False sorting_thread=alive
16:31:04 [v4][heartbeat] enter=False sorting=False cam=LIVE ai=LIVE cam_fps=54.4 pub_fps=30.4 frames=549960 result_subs=1 roi=ok intrinsic=ok inference_age_ms=118 target=none transport=False sorting_thread=alive
16:31:09 [v4][heartbeat] enter=False sorting=False cam=LIVE ai=LIVE cam_fps=56.2 pub_fps=30.2 frames=550241 result_subs=1 roi=ok intrinsic=ok inference_age_ms=88 target=none transport=False sorting_thread=alive
16:31:14 [v4][heartbeat] enter=False sorting=False cam=LIVE ai=LIVE cam_fps=57.4 pub_fps=30.2 frames=550528 result_subs=1 roi=ok intrinsic=ok inference_age_ms=165 target=none transport=False sorting_thread=alive
16:31:19 [v4][heartbeat] enter=False sorting=False cam=LIVE ai=LIVE cam_fps=56.8 pub_fps=30.4 frames=550812 result_subs=1 roi=ok intrinsic=ok inference_age_ms=118 target=none transport=False sorting_thread=alive
16:31:24 [v4][heartbeat] enter=False sorting=False cam=LIVE ai=LIVE cam_fps=57.8 pub_fps=30.4 frames=551101 result_subs=1 roi=ok intrinsic=ok inference_age_ms=64 target=none transport=False sorting_thread=alive
16:31:29 [v4][heartbeat] enter=False sorting=False cam=LIVE ai=LIVE cam_fps=55.0 pub_fps=30.2 frames=551376 result_subs=1 roi=ok intrinsic=ok inference_age_ms=155 target=none transport=False sorting_thread=alive
16:31:34 [v4][heartbeat] enter=False sorting=False cam=LIVE ai=LIVE cam_fps=55.8 pub_fps=30.4 frames=551655 result_subs=1 roi=ok intrinsic=ok inference_age_ms=106 target=none transport=False sorting_thread=alive
16:31:39 [v4][heartbeat] enter=False sorting=False cam=LIVE ai=LIVE cam_fps=57.2 pub_fps=30.2 frames=551941 result_subs=1 roi=ok intrinsic=ok inference_age_ms=72 target=none transport=False sorting_thread=alive
16:31:44 [v4][heartbeat] enter=False sorting=False cam=LIVE ai=LIVE cam_fps=54.8 pub_fps=30.4 frames=552215 result_subs=1 roi=ok intrinsic=ok inference_age_ms=148 target=none transport=False sorting_thread=alive
16:31:49 [v4][heartbeat] enter=False sorting=False cam=LIVE ai=LIVE cam_fps=58.0 pub_fps=30.2 frames=552505 result_subs=1 roi=ok intrinsic=ok inference_age_ms=111 target=none transport=False sorting_thread=alive
16:31:54 [v4][heartbeat] enter=False sorting=False cam=LIVE ai=LIVE cam_fps=55.4 pub_fps=30.4 frames=552782 result_subs=1 roi=ok intrinsic=ok inference_age_ms=60 target=none transport=False sorting_thread=alive
16:31:59 [v4][heartbeat] enter=False sorting=False cam=LIVE ai=LIVE cam_fps=56.6 pub_fps=30.2 frames=553065 result_subs=1 roi=ok intrinsic=ok inference_age_ms=146 target=none transport=False sorting_thread=alive
16:32:04 [v4][heartbeat] enter=False sorting=False cam=LIVE ai=LIVE cam_fps=57.2 pub_fps=30.4 frames=553351 result_subs=1 roi=ok intrinsic=ok inference_age_ms=102 target=none transport=False sorting_thread=alive
16:32:09 [v4][heartbeat] enter=False sorting=False cam=LIVE ai=LIVE cam_fps=52.8 pub_fps=30.2 frames=553615 result_subs=1 roi=ok intrinsic=ok inference_age_ms=62 target=none transport=False sorting_thread=alive
16:32:14 [v4][heartbeat] enter=False sorting=False cam=LIVE ai=LIVE cam_fps=58.0 pub_fps=30.4 frames=553905 result_subs=1 roi=ok intrinsic=ok inference_age_ms=139 target=none transport=False sorting_thread=alive
16:32:19 [v4][heartbeat] enter=False sorting=False cam=LIVE ai=LIVE cam_fps=56.4 pub_fps=30.2 frames=554187 result_subs=1 roi=ok intrinsic=ok inference_age_ms=93 target=none transport=False sorting_thread=alive
16:32:24 [v4][heartbeat] enter=False sorting=False cam=LIVE ai=LIVE cam_fps=56.8 pub_fps=30.4 frames=554471 result_subs=1 roi=ok intrinsic=ok inference_age_ms=50 target=none transport=False sorting_thread=alive
16:32:29 [v4][heartbeat] enter=False sorting=False cam=LIVE ai=LIVE cam_fps=57.6 pub_fps=30.2 frames=554759 result_subs=1 roi=ok intrinsic=ok inference_age_ms=137 target=none transport=False sorting_thread=alive
16:32:34 [v4][heartbeat] enter=False sorting=False cam=LIVE ai=LIVE cam_fps=55.3 pub_fps=30.4 frames=555035 result_subs=1 roi=ok intrinsic=ok inference_age_ms=64 target=none transport=False sorting_thread=alive
16:32:39 [v4][heartbeat] enter=False sorting=False cam=LIVE ai=LIVE cam_fps=57.8 pub_fps=30.2 frames=555324 result_subs=1 roi=ok intrinsic=ok inference_age_ms=153 target=none transport=False sorting_thread=alive
16:32:44 [v4][heartbeat] enter=False sorting=False cam=LIVE ai=LIVE cam_fps=54.8 pub_fps=30.4 frames=555598 result_subs=1 roi=ok intrinsic=ok inference_age_ms=101 target=none transport=False sorting_thread=alive
16:32:49 [v4][heartbeat] enter=False sorting=False cam=LIVE ai=LIVE cam_fps=55.0 pub_fps=30.2 frames=555873 result_subs=1 roi=ok intrinsic=ok inference_age_ms=43 target=none transport=False sorting_thread=alive
16:32:54 [v4][heartbeat] enter=False sorting=False cam=LIVE ai=LIVE cam_fps=58.0 pub_fps=30.4 frames=556163 result_subs=1 roi=ok intrinsic=ok inference_age_ms=114 target=none transport=False sorting_thread=alive
16:32:59 [v4][heartbeat] enter=False sorting=False cam=LIVE ai=LIVE cam_fps=54.3 pub_fps=30.4 frames=556435 result_subs=1 roi=ok intrinsic=ok inference_age_ms=72 target=none transport=False sorting_thread=alive
16:33:04 [v4][heartbeat] enter=False sorting=False cam=LIVE ai=LIVE cam_fps=56.1 pub_fps=30.3 frames=556715 result_subs=1 roi=ok intrinsic=ok inference_age_ms=144 target=none transport=False sorting_thread=alive
16:33:09 [v4][heartbeat] enter=False sorting=False cam=LIVE ai=LIVE cam_fps=56.4 pub_fps=30.4 frames=556997 result_subs=1 roi=ok intrinsic=ok inference_age_ms=109 target=none transport=False sorting_thread=alive
16:33:14 [v4][heartbeat] enter=False sorting=False cam=LIVE ai=LIVE cam_fps=55.4 pub_fps=30.2 frames=557274 result_subs=1 roi=ok intrinsic=ok inference_age_ms=59 target=none transport=False sorting_thread=alive
16:33:19 [v4][heartbeat] enter=False sorting=False cam=LIVE ai=LIVE cam_fps=58.4 pub_fps=30.2 frames=557566 result_subs=1 roi=ok intrinsic=ok inference_age_ms=141 target=none transport=False sorting_thread=alive
16:33:24 [v4][heartbeat] enter=False sorting=False cam=LIVE ai=LIVE cam_fps=55.0 pub_fps=30.4 frames=557841 result_subs=1 roi=ok intrinsic=ok inference_age_ms=103 target=none transport=False sorting_thread=alive
16:33:29 [v4][heartbeat] enter=False sorting=False cam=LIVE ai=LIVE cam_fps=55.6 pub_fps=30.2 frames=558119 result_subs=1 roi=ok intrinsic=ok inference_age_ms=54 target=none transport=False sorting_thread=alive
16:33:34 [v4][heartbeat] enter=False sorting=False cam=LIVE ai=LIVE cam_fps=55.6 pub_fps=30.4 frames=558397 result_subs=1 roi=ok intrinsic=ok inference_age_ms=132 target=none transport=False sorting_thread=alive
16:33:39 [v4][heartbeat] enter=False sorting=False cam=LIVE ai=LIVE cam_fps=53.8 pub_fps=30.4 frames=558666 result_subs=1 roi=ok intrinsic=ok inference_age_ms=90 target=none transport=False sorting_thread=alive
16:33:44 [v4][heartbeat] enter=False sorting=False cam=LIVE ai=LIVE cam_fps=58.2 pub_fps=30.2 frames=558957 result_subs=1 roi=ok intrinsic=ok inference_age_ms=37 target=none transport=False sorting_thread=alive
16:33:49 [v4][heartbeat] enter=False sorting=False cam=LIVE ai=LIVE cam_fps=56.4 pub_fps=30.4 frames=559239 result_subs=1 roi=ok intrinsic=ok inference_age_ms=114 target=none transport=False sorting_thread=alive
16:33:54 [v4][heartbeat] enter=False sorting=False cam=LIVE ai=LIVE cam_fps=57.0 pub_fps=30.2 frames=559524 result_subs=1 roi=ok intrinsic=ok inference_age_ms=66 target=none transport=False sorting_thread=alive
16:33:59 [v4][heartbeat] enter=False sorting=False cam=LIVE ai=LIVE cam_fps=58.0 pub_fps=30.2 frames=559814 result_subs=1 roi=ok intrinsic=ok inference_age_ms=135 target=none transport=False sorting_thread=alive
16:34:04 [v4][heartbeat] enter=False sorting=False cam=LIVE ai=LIVE cam_fps=55.2 pub_fps=30.4 frames=560090 result_subs=1 roi=ok intrinsic=ok inference_age_ms=96 target=none transport=False sorting_thread=alive
16:34:09 [v4][heartbeat] enter=False sorting=False cam=LIVE ai=LIVE cam_fps=57.6 pub_fps=30.4 frames=560378 result_subs=1 roi=ok intrinsic=ok inference_age_ms=170 target=none transport=False sorting_thread=alive
16:34:14 [v4][heartbeat] enter=False sorting=False cam=LIVE ai=LIVE cam_fps=56.6 pub_fps=30.2 frames=560661 result_subs=1 roi=ok intrinsic=ok inference_age_ms=133 target=none transport=False sorting_thread=alive
16:34:19 [v4][heartbeat] enter=False sorting=False cam=LIVE ai=LIVE cam_fps=57.3 pub_fps=30.4 frames=560947 result_subs=1 roi=ok intrinsic=ok inference_age_ms=81 target=none transport=False sorting_thread=alive
16:34:24 [v4][heartbeat] enter=False sorting=False cam=LIVE ai=LIVE cam_fps=57.6 pub_fps=30.2 frames=561235 result_subs=1 roi=ok intrinsic=ok inference_age_ms=163 target=none transport=False sorting_thread=alive
16:34:29 [v4][heartbeat] enter=False sorting=False cam=LIVE ai=LIVE cam_fps=54.2 pub_fps=30.4 frames=561506 result_subs=1 roi=ok intrinsic=ok inference_age_ms=114 target=none transport=False sorting_thread=alive
16:34:34 [v4][heartbeat] enter=False sorting=False cam=LIVE ai=LIVE cam_fps=57.6 pub_fps=30.2 frames=561794 result_subs=1 roi=ok intrinsic=ok inference_age_ms=62 target=none transport=False sorting_thread=alive
16:34:39 [v4][heartbeat] enter=False sorting=False cam=LIVE ai=LIVE cam_fps=57.0 pub_fps=30.4 frames=562079 result_subs=1 roi=ok intrinsic=ok inference_age_ms=146 target=none transport=False sorting_thread=alive
16:34:44 [v4][heartbeat] enter=False sorting=False cam=LIVE ai=LIVE cam_fps=57.2 pub_fps=30.2 frames=562365 result_subs=1 roi=ok intrinsic=ok inference_age_ms=102 target=none transport=False sorting_thread=alive
16:34:49 [v4][heartbeat] enter=False sorting=False cam=LIVE ai=LIVE cam_fps=58.8 pub_fps=30.4 frames=562659 result_subs=1 roi=ok intrinsic=ok inference_age_ms=55 target=none transport=False sorting_thread=alive
16:34:54 [v4][heartbeat] enter=False sorting=False cam=LIVE ai=LIVE cam_fps=54.0 pub_fps=30.2 frames=562929 result_subs=1 roi=ok intrinsic=ok inference_age_ms=145 target=none transport=False sorting_thread=alive
16:34:59 [v4][heartbeat] enter=False sorting=False cam=LIVE ai=LIVE cam_fps=57.6 pub_fps=30.4 frames=563217 result_subs=1 roi=ok intrinsic=ok inference_age_ms=89 target=none transport=False sorting_thread=alive
16:35:04 [v4][heartbeat] enter=False sorting=False cam=LIVE ai=LIVE cam_fps=57.0 pub_fps=30.2 frames=563502 result_subs=1 roi=ok intrinsic=ok inference_age_ms=47 target=none transport=False sorting_thread=alive
16:35:09 [v4][heartbeat] enter=False sorting=False cam=LIVE ai=LIVE cam_fps=55.6 pub_fps=30.4 frames=563780 result_subs=1 roi=ok intrinsic=ok inference_age_ms=123 target=none transport=False sorting_thread=alive
16:35:14 [v4][heartbeat] enter=False sorting=False cam=LIVE ai=LIVE cam_fps=57.8 pub_fps=30.2 frames=564069 result_subs=1 roi=ok intrinsic=ok inference_age_ms=85 target=none transport=False sorting_thread=alive
16:35:19 [v4][heartbeat] enter=False sorting=False cam=LIVE ai=LIVE cam_fps=56.6 pub_fps=30.4 frames=564352 result_subs=1 roi=ok intrinsic=ok inference_age_ms=173 target=none transport=False sorting_thread=alive
16:35:24 [v4][heartbeat] enter=False sorting=False cam=LIVE ai=LIVE cam_fps=56.7 pub_fps=30.2 frames=564636 result_subs=1 roi=ok intrinsic=ok inference_age_ms=137 target=none transport=False sorting_thread=alive
16:35:29 [v4][heartbeat] enter=False sorting=False cam=LIVE ai=LIVE cam_fps=56.3 pub_fps=30.4 frames=564917 result_subs=1 roi=ok intrinsic=ok inference_age_ms=86 target=none transport=False sorting_thread=alive
16:35:34 [v4][heartbeat] enter=False sorting=False cam=LIVE ai=LIVE cam_fps=54.0 pub_fps=30.4 frames=565187 result_subs=1 roi=ok intrinsic=ok inference_age_ms=47 target=none transport=False sorting_thread=alive
16:35:39 [v4][heartbeat] enter=False sorting=False cam=LIVE ai=LIVE cam_fps=58.4 pub_fps=30.2 frames=565479 result_subs=1 roi=ok intrinsic=ok inference_age_ms=131 target=none transport=False sorting_thread=alive
16:35:44 [v4][heartbeat] enter=False sorting=False cam=LIVE ai=LIVE cam_fps=55.4 pub_fps=30.2 frames=565756 result_subs=1 roi=ok intrinsic=ok inference_age_ms=78 target=none transport=False sorting_thread=alive
16:35:49 [v4][heartbeat] enter=False sorting=False cam=LIVE ai=LIVE cam_fps=55.6 pub_fps=30.4 frames=566034 result_subs=1 roi=ok intrinsic=ok inference_age_ms=157 target=none transport=False sorting_thread=alive
16:35:54 [v4][heartbeat] enter=False sorting=False cam=LIVE ai=LIVE cam_fps=58.0 pub_fps=30.2 frames=566324 result_subs=1 roi=ok intrinsic=ok inference_age_ms=105 target=none transport=False sorting_thread=alive
16:35:59 [v4][heartbeat] enter=False sorting=False cam=LIVE ai=LIVE cam_fps=53.6 pub_fps=30.4 frames=566592 result_subs=1 roi=ok intrinsic=ok inference_age_ms=75 target=none transport=False sorting_thread=alive
16:36:04 [v4][heartbeat] enter=False sorting=False cam=LIVE ai=LIVE cam_fps=59.0 pub_fps=30.4 frames=566887 result_subs=1 roi=ok intrinsic=ok inference_age_ms=42 target=none transport=False sorting_thread=alive
16:36:09 [v4][heartbeat] enter=False sorting=False cam=LIVE ai=LIVE cam_fps=54.6 pub_fps=30.2 frames=567160 result_subs=1 roi=ok intrinsic=ok inference_age_ms=120 target=none transport=False sorting_thread=alive
16:36:14 [v4][heartbeat] enter=False sorting=False cam=LIVE ai=LIVE cam_fps=57.0 pub_fps=30.2 frames=567445 result_subs=1 roi=ok intrinsic=ok inference_age_ms=70 target=none transport=False sorting_thread=alive
16:36:19 [v4][heartbeat] enter=False sorting=False cam=LIVE ai=LIVE cam_fps=57.0 pub_fps=30.4 frames=567730 result_subs=1 roi=ok intrinsic=ok inference_age_ms=144 target=none transport=False sorting_thread=alive
16:36:24 [v4][heartbeat] enter=False sorting=False cam=LIVE ai=LIVE cam_fps=55.4 pub_fps=30.4 frames=568007 result_subs=1 roi=ok intrinsic=ok inference_age_ms=107 target=none transport=False sorting_thread=alive
16:36:29 [v4][heartbeat] enter=False sorting=False cam=LIVE ai=LIVE cam_fps=56.8 pub_fps=30.2 frames=568291 result_subs=1 roi=ok intrinsic=ok inference_age_ms=62 target=none transport=False sorting_thread=alive
16:36:34 [v4][heartbeat] enter=False sorting=False cam=LIVE ai=LIVE cam_fps=56.4 pub_fps=30.4 frames=568573 result_subs=1 roi=ok intrinsic=ok inference_age_ms=155 target=none transport=False sorting_thread=alive
16:36:39 [v4][heartbeat] enter=False sorting=False cam=LIVE ai=LIVE cam_fps=55.2 pub_fps=30.2 frames=568849 result_subs=1 roi=ok intrinsic=ok inference_age_ms=113 target=none transport=False sorting_thread=alive
16:36:44 [v4][heartbeat] enter=False sorting=False cam=LIVE ai=LIVE cam_fps=58.4 pub_fps=30.2 frames=569141 result_subs=1 roi=ok intrinsic=ok inference_age_ms=65 target=none transport=False sorting_thread=alive
16:36:49 [v4][heartbeat] enter=False sorting=False cam=LIVE ai=LIVE cam_fps=56.6 pub_fps=30.4 frames=569424 result_subs=1 roi=ok intrinsic=ok inference_age_ms=143 target=none transport=False sorting_thread=alive
16:36:54 [v4][heartbeat] enter=False sorting=False cam=LIVE ai=LIVE cam_fps=57.0 pub_fps=30.4 frames=569709 result_subs=1 roi=ok intrinsic=ok inference_age_ms=95 target=none transport=False sorting_thread=alive
16:36:59 [v4][heartbeat] enter=False sorting=False cam=LIVE ai=LIVE cam_fps=56.6 pub_fps=30.2 frames=569992 result_subs=1 roi=ok intrinsic=ok inference_age_ms=49 target=none transport=False sorting_thread=alive
16:37:04 [v4][heartbeat] enter=False sorting=False cam=LIVE ai=LIVE cam_fps=56.4 pub_fps=30.4 frames=570274 result_subs=1 roi=ok intrinsic=ok inference_age_ms=137 target=none transport=False sorting_thread=alive
16:37:09 [v4][heartbeat] enter=False sorting=False cam=LIVE ai=LIVE cam_fps=59.2 pub_fps=30.2 frames=570570 result_subs=1 roi=ok intrinsic=ok inference_age_ms=87 target=none transport=False sorting_thread=alive
16:37:14 [v4][heartbeat] enter=False sorting=False cam=LIVE ai=LIVE cam_fps=55.4 pub_fps=30.2 frames=570847 result_subs=1 roi=ok intrinsic=ok inference_age_ms=174 target=none transport=False sorting_thread=alive
16:37:19 [v4][heartbeat] enter=False sorting=False cam=LIVE ai=LIVE cam_fps=57.6 pub_fps=30.4 frames=571135 result_subs=1 roi=ok intrinsic=ok inference_age_ms=124 target=none transport=False sorting_thread=alive
16:37:24 [v4][heartbeat] enter=False sorting=False cam=LIVE ai=LIVE cam_fps=57.8 pub_fps=30.4 frames=571424 result_subs=1 roi=ok intrinsic=ok inference_age_ms=87 target=none transport=False sorting_thread=alive
16:37:29 [v4][heartbeat] enter=False sorting=False cam=LIVE ai=LIVE cam_fps=55.8 pub_fps=30.2 frames=571703 result_subs=1 roi=ok intrinsic=ok inference_age_ms=38 target=none transport=False sorting_thread=alive
16:37:34 [v4][heartbeat] enter=False sorting=False cam=LIVE ai=LIVE cam_fps=58.0 pub_fps=30.4 frames=571993 result_subs=1 roi=ok intrinsic=ok inference_age_ms=115 target=none transport=False sorting_thread=alive
16:37:39 [v4][heartbeat] enter=False sorting=False cam=LIVE ai=LIVE cam_fps=54.2 pub_fps=30.2 frames=572264 result_subs=1 roi=ok intrinsic=ok inference_age_ms=74 target=none transport=False sorting_thread=alive
16:37:44 [v4][heartbeat] enter=False sorting=False cam=LIVE ai=LIVE cam_fps=57.2 pub_fps=30.4 frames=572550 result_subs=1 roi=ok intrinsic=ok inference_age_ms=159 target=none transport=False sorting_thread=alive
16:37:49 [v4][heartbeat] enter=False sorting=False cam=LIVE ai=LIVE cam_fps=59.4 pub_fps=30.2 frames=572847 result_subs=1 roi=ok intrinsic=ok inference_age_ms=115 target=none transport=False sorting_thread=alive
16:37:54 [v4][heartbeat] enter=False sorting=False cam=LIVE ai=LIVE cam_fps=54.6 pub_fps=30.4 frames=573120 result_subs=1 roi=ok intrinsic=ok inference_age_ms=73 target=none transport=False sorting_thread=alive
16:37:59 [v4][heartbeat] enter=False sorting=False cam=LIVE ai=LIVE cam_fps=58.6 pub_fps=30.2 frames=573413 result_subs=1 roi=ok intrinsic=ok inference_age_ms=151 target=none transport=False sorting_thread=alive
16:38:04 [v4][heartbeat] enter=False sorting=False cam=LIVE ai=LIVE cam_fps=52.2 pub_fps=30.4 frames=573674 result_subs=1 roi=ok intrinsic=ok inference_age_ms=113 target=none transport=False sorting_thread=alive
16:38:09 [v4][heartbeat] enter=False sorting=False cam=LIVE ai=LIVE cam_fps=58.6 pub_fps=30.2 frames=573967 result_subs=1 roi=ok intrinsic=ok inference_age_ms=74 target=none transport=False sorting_thread=alive
16:38:14 [v4][heartbeat] enter=False sorting=False cam=LIVE ai=LIVE cam_fps=58.0 pub_fps=30.4 frames=574257 result_subs=1 roi=ok intrinsic=ok inference_age_ms=160 target=none transport=False sorting_thread=alive
16:38:19 [v4][heartbeat] enter=False sorting=False cam=LIVE ai=LIVE cam_fps=55.6 pub_fps=30.2 frames=574535 result_subs=1 roi=ok intrinsic=ok inference_age_ms=107 target=none transport=False sorting_thread=alive
16:38:24 [v4][heartbeat] enter=False sorting=False cam=LIVE ai=LIVE cam_fps=58.8 pub_fps=30.4 frames=574829 result_subs=1 roi=ok intrinsic=ok inference_age_ms=67 target=none transport=False sorting_thread=alive
16:38:29 [v4][heartbeat] enter=False sorting=False cam=LIVE ai=LIVE cam_fps=53.8 pub_fps=30.2 frames=575098 result_subs=1 roi=ok intrinsic=ok inference_age_ms=142 target=none transport=False sorting_thread=alive
16:38:34 [v4][heartbeat] enter=False sorting=False cam=LIVE ai=LIVE cam_fps=56.0 pub_fps=30.4 frames=575378 result_subs=1 roi=ok intrinsic=ok inference_age_ms=83 target=none transport=False sorting_thread=alive
16:38:39 [v4][heartbeat] enter=False sorting=False cam=LIVE ai=LIVE cam_fps=56.4 pub_fps=30.2 frames=575660 result_subs=1 roi=ok intrinsic=ok inference_age_ms=168 target=none transport=False sorting_thread=alive
16:38:44 [v4][heartbeat] enter=False sorting=False cam=LIVE ai=LIVE cam_fps=53.4 pub_fps=30.4 frames=575927 result_subs=1 roi=ok intrinsic=ok inference_age_ms=122 target=none transport=False sorting_thread=alive
16:38:49 [v4][heartbeat] enter=False sorting=False cam=LIVE ai=LIVE cam_fps=56.4 pub_fps=30.4 frames=576209 result_subs=1 roi=ok intrinsic=ok inference_age_ms=82 target=none transport=False sorting_thread=alive
16:38:54 [v4][heartbeat] enter=False sorting=False cam=LIVE ai=LIVE cam_fps=57.4 pub_fps=30.2 frames=576496 result_subs=1 roi=ok intrinsic=ok inference_age_ms=158 target=none transport=False sorting_thread=alive
16:38:59 [v4][heartbeat] enter=False sorting=False cam=LIVE ai=LIVE cam_fps=52.2 pub_fps=30.2 frames=576757 result_subs=1 roi=ok intrinsic=ok inference_age_ms=110 target=none transport=False sorting_thread=alive
16:39:04 [v4][heartbeat] enter=False sorting=False cam=LIVE ai=LIVE cam_fps=58.6 pub_fps=30.4 frames=577050 result_subs=1 roi=ok intrinsic=ok inference_age_ms=60 target=none transport=False sorting_thread=alive
16:39:09 [v4][heartbeat] enter=False sorting=False cam=LIVE ai=LIVE cam_fps=56.1 pub_fps=30.4 frames=577331 result_subs=1 roi=ok intrinsic=ok inference_age_ms=151 target=none transport=False sorting_thread=alive
16:39:14 [v4][heartbeat] enter=False sorting=False cam=LIVE ai=LIVE cam_fps=52.5 pub_fps=30.2 frames=577593 result_subs=1 roi=ok intrinsic=ok inference_age_ms=82 target=none transport=False sorting_thread=alive
16:39:19 [v4][heartbeat] enter=False sorting=False cam=LIVE ai=LIVE cam_fps=56.6 pub_fps=30.4 frames=577876 result_subs=1 roi=ok intrinsic=ok inference_age_ms=156 target=none transport=False sorting_thread=alive
16:39:24 [v4][heartbeat] enter=False sorting=False cam=LIVE ai=LIVE cam_fps=51.0 pub_fps=30.2 frames=578131 result_subs=1 roi=ok intrinsic=ok inference_age_ms=109 target=none transport=False sorting_thread=alive
16:39:29 [v4][heartbeat] enter=False sorting=False cam=LIVE ai=LIVE cam_fps=56.4 pub_fps=30.4 frames=578413 result_subs=1 roi=ok intrinsic=ok inference_age_ms=62 target=none transport=False sorting_thread=alive
16:39:34 [v4][heartbeat] enter=False sorting=False cam=LIVE ai=LIVE cam_fps=54.6 pub_fps=30.2 frames=578686 result_subs=1 roi=ok intrinsic=ok inference_age_ms=139 target=none transport=False sorting_thread=alive
16:39:39 [v4][heartbeat] enter=False sorting=False cam=LIVE ai=LIVE cam_fps=55.4 pub_fps=30.2 frames=578963 result_subs=1 roi=ok intrinsic=ok inference_age_ms=93 target=none transport=False sorting_thread=alive
16:39:44 [v4][heartbeat] enter=False sorting=False cam=LIVE ai=LIVE cam_fps=59.4 pub_fps=30.4 frames=579260 result_subs=1 roi=ok intrinsic=ok inference_age_ms=152 target=none transport=False sorting_thread=alive
16:39:49 [v4][heartbeat] enter=False sorting=False cam=LIVE ai=LIVE cam_fps=55.0 pub_fps=30.4 frames=579535 result_subs=1 roi=ok intrinsic=ok inference_age_ms=100 target=none transport=False sorting_thread=alive
16:39:54 [v4][heartbeat] enter=False sorting=False cam=LIVE ai=LIVE cam_fps=56.0 pub_fps=30.2 frames=579815 result_subs=1 roi=ok intrinsic=ok inference_age_ms=54 target=none transport=False sorting_thread=alive
16:39:59 [v4][heartbeat] enter=False sorting=False cam=LIVE ai=LIVE cam_fps=56.0 pub_fps=30.2 frames=580095 result_subs=1 roi=ok intrinsic=ok inference_age_ms=138 target=none transport=False sorting_thread=alive
16:40:04 [v4][heartbeat] enter=False sorting=False cam=LIVE ai=LIVE cam_fps=51.8 pub_fps=30.4 frames=580354 result_subs=1 roi=ok intrinsic=ok inference_age_ms=104 target=none transport=False sorting_thread=alive
16:40:09 [v4][heartbeat] enter=False sorting=False cam=LIVE ai=LIVE cam_fps=58.6 pub_fps=30.4 frames=580647 result_subs=1 roi=ok intrinsic=ok inference_age_ms=57 target=none transport=False sorting_thread=alive
16:40:14 [v4][heartbeat] enter=False sorting=False cam=LIVE ai=LIVE cam_fps=55.6 pub_fps=30.2 frames=580925 result_subs=1 roi=ok intrinsic=ok inference_age_ms=134 target=none transport=False sorting_thread=alive
16:40:19 [v4][heartbeat] enter=False sorting=False cam=LIVE ai=LIVE cam_fps=56.2 pub_fps=30.4 frames=581206 result_subs=1 roi=ok intrinsic=ok inference_age_ms=86 target=none transport=False sorting_thread=alive
16:40:24 [v4][heartbeat] enter=False sorting=False cam=LIVE ai=LIVE cam_fps=58.0 pub_fps=30.2 frames=581496 result_subs=1 roi=ok intrinsic=ok inference_age_ms=169 target=none transport=False sorting_thread=alive
16:40:29 [v4][heartbeat] enter=False sorting=False cam=LIVE ai=LIVE cam_fps=53.0 pub_fps=30.4 frames=581761 result_subs=1 roi=ok intrinsic=ok inference_age_ms=114 target=none transport=False sorting_thread=alive
16:40:34 [v4][heartbeat] enter=False sorting=False cam=LIVE ai=LIVE cam_fps=57.8 pub_fps=30.2 frames=582050 result_subs=1 roi=ok intrinsic=ok inference_age_ms=79 target=none transport=False sorting_thread=alive
16:40:39 [v4][heartbeat] enter=False sorting=False cam=LIVE ai=LIVE cam_fps=56.2 pub_fps=30.4 frames=582331 result_subs=1 roi=ok intrinsic=ok inference_age_ms=157 target=none transport=False sorting_thread=alive
16:40:44 [v4][heartbeat] enter=False sorting=False cam=LIVE ai=LIVE cam_fps=55.0 pub_fps=30.2 frames=582606 result_subs=1 roi=ok intrinsic=ok inference_age_ms=117 target=none transport=False sorting_thread=alive
16:40:49 [v4][heartbeat] enter=False sorting=False cam=LIVE ai=LIVE cam_fps=57.2 pub_fps=30.4 frames=582892 result_subs=1 roi=ok intrinsic=ok inference_age_ms=77 target=none transport=False sorting_thread=alive
16:40:54 [v4][heartbeat] enter=False sorting=False cam=LIVE ai=LIVE cam_fps=52.0 pub_fps=30.2 frames=583152 result_subs=1 roi=ok intrinsic=ok inference_age_ms=168 target=none transport=False sorting_thread=alive
16:40:59 [v4][heartbeat] enter=False sorting=False cam=LIVE ai=LIVE cam_fps=58.4 pub_fps=30.4 frames=583444 result_subs=1 roi=ok intrinsic=ok inference_age_ms=127 target=none transport=False sorting_thread=alive
16:41:04 [v4][heartbeat] enter=False sorting=False cam=LIVE ai=LIVE cam_fps=54.4 pub_fps=30.2 frames=583716 result_subs=1 roi=ok intrinsic=ok inference_age_ms=74 target=none transport=False sorting_thread=alive
16:41:09 [v4][heartbeat] enter=False sorting=False cam=LIVE ai=LIVE cam_fps=55.3 pub_fps=30.4 frames=583993 result_subs=1 roi=ok intrinsic=ok inference_age_ms=156 target=none transport=False sorting_thread=alive
16:41:14 [v4][heartbeat] enter=False sorting=False cam=LIVE ai=LIVE cam_fps=57.0 pub_fps=30.4 frames=584278 result_subs=1 roi=ok intrinsic=ok inference_age_ms=110 target=none transport=False sorting_thread=alive
16:41:19 [v4][heartbeat] enter=False sorting=False cam=LIVE ai=LIVE cam_fps=53.6 pub_fps=30.2 frames=584546 result_subs=1 roi=ok intrinsic=ok inference_age_ms=56 target=none transport=False sorting_thread=alive
16:41:24 [v4][heartbeat] enter=False sorting=False cam=LIVE ai=LIVE cam_fps=58.6 pub_fps=30.2 frames=584839 result_subs=1 roi=ok intrinsic=ok inference_age_ms=142 target=none transport=False sorting_thread=alive
16:41:29 [v4][heartbeat] enter=False sorting=False cam=LIVE ai=LIVE cam_fps=53.4 pub_fps=30.4 frames=585106 result_subs=1 roi=ok intrinsic=ok inference_age_ms=97 target=none transport=False sorting_thread=alive
16:41:34 [v4][heartbeat] enter=False sorting=False cam=LIVE ai=LIVE cam_fps=54.4 pub_fps=30.2 frames=585378 result_subs=1 roi=ok intrinsic=ok inference_age_ms=167 target=none transport=False sorting_thread=alive
16:41:39 [v4][heartbeat] enter=False sorting=False cam=LIVE ai=LIVE cam_fps=57.0 pub_fps=30.4 frames=585663 result_subs=1 roi=ok intrinsic=ok inference_age_ms=115 target=none transport=False sorting_thread=alive
16:41:44 [v4][heartbeat] enter=False sorting=False cam=LIVE ai=LIVE cam_fps=53.0 pub_fps=30.2 frames=585928 result_subs=1 roi=ok intrinsic=ok inference_age_ms=66 target=none transport=False sorting_thread=alive
16:41:49 [v4][heartbeat] enter=False sorting=False cam=LIVE ai=LIVE cam_fps=56.8 pub_fps=30.4 frames=586212 result_subs=1 roi=ok intrinsic=ok inference_age_ms=153 target=none transport=False sorting_thread=alive
16:41:54 [v4][heartbeat] enter=False sorting=False cam=LIVE ai=LIVE cam_fps=56.2 pub_fps=30.2 frames=586493 result_subs=1 roi=ok intrinsic=ok inference_age_ms=112 target=none transport=False sorting_thread=alive
16:41:59 [v4][heartbeat] enter=False sorting=False cam=LIVE ai=LIVE cam_fps=53.8 pub_fps=30.4 frames=586762 result_subs=1 roi=ok intrinsic=ok inference_age_ms=65 target=none transport=False sorting_thread=alive
16:42:04 [v4][heartbeat] enter=False sorting=False cam=LIVE ai=LIVE cam_fps=56.8 pub_fps=30.2 frames=587046 result_subs=1 roi=ok intrinsic=ok inference_age_ms=152 target=none transport=False sorting_thread=alive
16:42:09 [v4][heartbeat] enter=False sorting=False cam=LIVE ai=LIVE cam_fps=52.6 pub_fps=30.4 frames=587309 result_subs=1 roi=ok intrinsic=ok inference_age_ms=109 target=none transport=False sorting_thread=alive
16:42:14 [v4][heartbeat] enter=False sorting=False cam=LIVE ai=LIVE cam_fps=56.4 pub_fps=30.2 frames=587591 result_subs=1 roi=ok intrinsic=ok inference_age_ms=62 target=none transport=False sorting_thread=alive
16:42:19 [v4][heartbeat] enter=False sorting=False cam=LIVE ai=LIVE cam_fps=55.2 pub_fps=30.4 frames=587867 result_subs=1 roi=ok intrinsic=ok inference_age_ms=146 target=none transport=False sorting_thread=alive
16:42:24 [v4][heartbeat] enter=False sorting=False cam=LIVE ai=LIVE cam_fps=54.4 pub_fps=30.2 frames=588139 result_subs=1 roi=ok intrinsic=ok inference_age_ms=111 target=none transport=False sorting_thread=alive
16:42:29 [v4][heartbeat] enter=False sorting=False cam=LIVE ai=LIVE cam_fps=54.8 pub_fps=30.4 frames=588413 result_subs=1 roi=ok intrinsic=ok inference_age_ms=62 target=none transport=False sorting_thread=alive
16:42:34 [v4][heartbeat] enter=False sorting=False cam=LIVE ai=LIVE cam_fps=53.6 pub_fps=30.4 frames=588681 result_subs=1 roi=ok intrinsic=ok inference_age_ms=144 target=none transport=False sorting_thread=alive
16:42:39 [v4][heartbeat] enter=False sorting=False cam=LIVE ai=LIVE cam_fps=58.6 pub_fps=30.2 frames=588974 result_subs=1 roi=ok intrinsic=ok inference_age_ms=101 target=none transport=False sorting_thread=alive
16:42:44 [v4][heartbeat] enter=False sorting=False cam=LIVE ai=LIVE cam_fps=55.4 pub_fps=30.4 frames=589251 result_subs=1 roi=ok intrinsic=ok inference_age_ms=53 target=none transport=False sorting_thread=alive
16:42:49 [v4][heartbeat] enter=False sorting=False cam=LIVE ai=LIVE cam_fps=55.8 pub_fps=30.2 frames=589530 result_subs=1 roi=ok intrinsic=ok inference_age_ms=139 target=none transport=False sorting_thread=alive
16:42:54 [v4][heartbeat] enter=False sorting=False cam=LIVE ai=LIVE cam_fps=57.8 pub_fps=30.4 frames=589819 result_subs=1 roi=ok intrinsic=ok inference_age_ms=97 target=none transport=False sorting_thread=alive
16:42:59 [v4][heartbeat] enter=False sorting=False cam=LIVE ai=LIVE cam_fps=54.6 pub_fps=30.2 frames=590092 result_subs=1 roi=ok intrinsic=ok inference_age_ms=55 target=none transport=False sorting_thread=alive
16:43:04 [v4][heartbeat] enter=False sorting=False cam=LIVE ai=LIVE cam_fps=59.0 pub_fps=30.4 frames=590387 result_subs=1 roi=ok intrinsic=ok inference_age_ms=132 target=none transport=False sorting_thread=alive
16:43:09 [v4][heartbeat] enter=False sorting=False cam=LIVE ai=LIVE cam_fps=55.6 pub_fps=30.2 frames=590665 result_subs=1 roi=ok intrinsic=ok inference_age_ms=92 target=none transport=False sorting_thread=alive
16:43:14 [v4][heartbeat] enter=False sorting=False cam=LIVE ai=LIVE cam_fps=54.4 pub_fps=30.4 frames=590937 result_subs=1 roi=ok intrinsic=ok inference_age_ms=170 target=none transport=False sorting_thread=alive
16:43:19 [v4][heartbeat] enter=False sorting=False cam=LIVE ai=LIVE cam_fps=58.0 pub_fps=30.2 frames=591227 result_subs=1 roi=ok intrinsic=ok inference_age_ms=135 target=none transport=False sorting_thread=alive
16:43:24 [v4][heartbeat] enter=False sorting=False cam=LIVE ai=LIVE cam_fps=53.4 pub_fps=30.4 frames=591494 result_subs=1 roi=ok intrinsic=ok inference_age_ms=103 target=none transport=False sorting_thread=alive
16:43:29 [v4][heartbeat] enter=False sorting=False cam=LIVE ai=LIVE cam_fps=57.0 pub_fps=30.2 frames=591779 result_subs=1 roi=ok intrinsic=ok inference_age_ms=67 target=none transport=False sorting_thread=alive
16:43:34 [v4][heartbeat] enter=False sorting=False cam=LIVE ai=LIVE cam_fps=55.4 pub_fps=30.4 frames=592056 result_subs=1 roi=ok intrinsic=ok inference_age_ms=149 target=none transport=False sorting_thread=alive
16:43:39 [v4][heartbeat] enter=False sorting=False cam=LIVE ai=LIVE cam_fps=55.0 pub_fps=30.2 frames=592331 result_subs=1 roi=ok intrinsic=ok inference_age_ms=82 target=none transport=False sorting_thread=alive
16:43:44 [v4][heartbeat] enter=False sorting=False cam=LIVE ai=LIVE cam_fps=58.2 pub_fps=30.4 frames=592622 result_subs=1 roi=ok intrinsic=ok inference_age_ms=174 target=none transport=False sorting_thread=alive
16:43:49 [v4][heartbeat] enter=False sorting=False cam=LIVE ai=LIVE cam_fps=53.8 pub_fps=30.4 frames=592891 result_subs=1 roi=ok intrinsic=ok inference_age_ms=118 target=none transport=False sorting_thread=alive
16:43:54 [v4][heartbeat] enter=False sorting=False cam=LIVE ai=LIVE cam_fps=59.0 pub_fps=30.2 frames=593186 result_subs=1 roi=ok intrinsic=ok inference_age_ms=77 target=none transport=False sorting_thread=alive
16:43:59 [v4][heartbeat] enter=False sorting=False cam=LIVE ai=LIVE cam_fps=58.0 pub_fps=30.2 frames=593476 result_subs=1 roi=ok intrinsic=ok inference_age_ms=156 target=none transport=False sorting_thread=alive
16:44:04 [v4][heartbeat] enter=False sorting=False cam=LIVE ai=LIVE cam_fps=56.2 pub_fps=30.4 frames=593757 result_subs=1 roi=ok intrinsic=ok inference_age_ms=105 target=none transport=False sorting_thread=alive
16:44:09 [v4][heartbeat] enter=False sorting=False cam=LIVE ai=LIVE cam_fps=58.2 pub_fps=30.4 frames=594048 result_subs=1 roi=ok intrinsic=ok inference_age_ms=65 target=none transport=False sorting_thread=alive
16:44:14 [v4][heartbeat] enter=False sorting=False cam=LIVE ai=LIVE cam_fps=55.0 pub_fps=30.2 frames=594323 result_subs=1 roi=ok intrinsic=ok inference_age_ms=139 target=none transport=False sorting_thread=alive
16:44:19 [v4][heartbeat] enter=False sorting=False cam=LIVE ai=LIVE cam_fps=56.6 pub_fps=30.4 frames=594606 result_subs=1 roi=ok intrinsic=ok inference_age_ms=94 target=none transport=False sorting_thread=alive
16:44:24 [v4][heartbeat] enter=False sorting=False cam=LIVE ai=LIVE cam_fps=58.0 pub_fps=30.2 frames=594896 result_subs=1 roi=ok intrinsic=ok inference_age_ms=162 target=none transport=False sorting_thread=alive
16:44:29 [v4][heartbeat] enter=False sorting=False cam=LIVE ai=LIVE cam_fps=54.6 pub_fps=30.2 frames=595169 result_subs=1 roi=ok intrinsic=ok inference_age_ms=119 target=none transport=False sorting_thread=alive
16:44:34 [v4][heartbeat] enter=False sorting=False cam=LIVE ai=LIVE cam_fps=59.0 pub_fps=30.4 frames=595464 result_subs=1 roi=ok intrinsic=ok inference_age_ms=71 target=none transport=False sorting_thread=alive
16:44:39 [v4][heartbeat] enter=False sorting=False cam=LIVE ai=LIVE cam_fps=53.6 pub_fps=30.2 frames=595732 result_subs=1 roi=ok intrinsic=ok inference_age_ms=155 target=none transport=False sorting_thread=alive
16:44:44 [v4][heartbeat] enter=False sorting=False cam=LIVE ai=LIVE cam_fps=57.4 pub_fps=30.4 frames=596019 result_subs=1 roi=ok intrinsic=ok inference_age_ms=111 target=none transport=False sorting_thread=alive
16:44:49 [v4][heartbeat] enter=False sorting=False cam=LIVE ai=LIVE cam_fps=57.6 pub_fps=30.4 frames=596307 result_subs=1 roi=ok intrinsic=ok inference_age_ms=73 target=none transport=False sorting_thread=alive
16:44:54 [v4][heartbeat] enter=False sorting=False cam=LIVE ai=LIVE cam_fps=51.6 pub_fps=30.2 frames=596565 result_subs=1 roi=ok intrinsic=ok inference_age_ms=154 target=none transport=False sorting_thread=alive
16:44:59 [v4][heartbeat] enter=False sorting=False cam=LIVE ai=LIVE cam_fps=56.0 pub_fps=30.4 frames=596845 result_subs=1 roi=ok intrinsic=ok inference_age_ms=111 target=none transport=False sorting_thread=alive
16:45:04 [v4][heartbeat] enter=False sorting=False cam=LIVE ai=LIVE cam_fps=55.2 pub_fps=30.2 frames=597121 result_subs=1 roi=ok intrinsic=ok inference_age_ms=68 target=none transport=False sorting_thread=alive
16:45:09 [v4][heartbeat] enter=False sorting=False cam=LIVE ai=LIVE cam_fps=58.8 pub_fps=30.2 frames=597415 result_subs=1 roi=ok intrinsic=ok inference_age_ms=152 target=none transport=False sorting_thread=alive
16:45:14 [v4][heartbeat] enter=False sorting=False cam=LIVE ai=LIVE cam_fps=57.8 pub_fps=30.4 frames=597704 result_subs=1 roi=ok intrinsic=ok inference_age_ms=103 target=none transport=False sorting_thread=alive
16:45:19 [v4][heartbeat] enter=False sorting=False cam=LIVE ai=LIVE cam_fps=52.8 pub_fps=30.4 frames=597968 result_subs=1 roi=ok intrinsic=ok inference_age_ms=48 target=none transport=False sorting_thread=alive
16:45:24 [v4][heartbeat] enter=False sorting=False cam=LIVE ai=LIVE cam_fps=57.8 pub_fps=30.2 frames=598257 result_subs=1 roi=ok intrinsic=ok inference_age_ms=130 target=none transport=False sorting_thread=alive
16:45:29 [v4][heartbeat] enter=False sorting=False cam=LIVE ai=LIVE cam_fps=55.4 pub_fps=30.2 frames=598534 result_subs=1 roi=ok intrinsic=ok inference_age_ms=89 target=none transport=False sorting_thread=alive
16:45:34 [v4][heartbeat] enter=False sorting=False cam=LIVE ai=LIVE cam_fps=56.2 pub_fps=30.4 frames=598815 result_subs=1 roi=ok intrinsic=ok inference_age_ms=169 target=none transport=False sorting_thread=alive
16:45:39 [v4][heartbeat] enter=False sorting=False cam=LIVE ai=LIVE cam_fps=57.0 pub_fps=30.4 frames=599100 result_subs=1 roi=ok intrinsic=ok inference_age_ms=122 target=none transport=False sorting_thread=alive
16:45:44 [v4][heartbeat] enter=False sorting=False cam=LIVE ai=LIVE cam_fps=52.2 pub_fps=30.2 frames=599361 result_subs=1 roi=ok intrinsic=ok inference_age_ms=74 target=none transport=False sorting_thread=alive
16:45:49 [v4][heartbeat] enter=False sorting=False cam=LIVE ai=LIVE cam_fps=58.2 pub_fps=30.4 frames=599652 result_subs=1 roi=ok intrinsic=ok inference_age_ms=155 target=none transport=False sorting_thread=alive
16:45:54 [v4][heartbeat] enter=False sorting=False cam=LIVE ai=LIVE cam_fps=57.4 pub_fps=30.2 frames=599939 result_subs=1 roi=ok intrinsic=ok inference_age_ms=111 target=none transport=False sorting_thread=alive
16:45:59 [v4][heartbeat] enter=False sorting=False cam=LIVE ai=LIVE cam_fps=55.2 pub_fps=30.4 frames=600215 result_subs=1 roi=ok intrinsic=ok inference_age_ms=59 target=none transport=False sorting_thread=alive
16:46:04 [v4][heartbeat] enter=False sorting=False cam=LIVE ai=LIVE cam_fps=57.8 pub_fps=30.2 frames=600504 result_subs=1 roi=ok intrinsic=ok inference_age_ms=138 target=none transport=False sorting_thread=alive
16:46:09 [v4][heartbeat] enter=False sorting=False cam=LIVE ai=LIVE cam_fps=52.2 pub_fps=30.4 frames=600765 result_subs=1 roi=ok intrinsic=ok inference_age_ms=90 target=none transport=False sorting_thread=alive
16:46:14 [v4][heartbeat] enter=False sorting=False cam=LIVE ai=LIVE cam_fps=57.2 pub_fps=30.2 frames=601051 result_subs=1 roi=ok intrinsic=ok inference_age_ms=44 target=none transport=False sorting_thread=alive
16:46:19 [v4][heartbeat] enter=False sorting=False cam=LIVE ai=LIVE cam_fps=58.0 pub_fps=30.4 frames=601341 result_subs=1 roi=ok intrinsic=ok inference_age_ms=114 target=none transport=False sorting_thread=alive
16:46:24 [v4][heartbeat] enter=False sorting=False cam=LIVE ai=LIVE cam_fps=57.0 pub_fps=30.2 frames=601626 result_subs=1 roi=ok intrinsic=ok inference_age_ms=67 target=none transport=False sorting_thread=alive
16:46:29 [v4][heartbeat] enter=False sorting=False cam=LIVE ai=LIVE cam_fps=58.0 pub_fps=30.4 frames=601916 result_subs=1 roi=ok intrinsic=ok inference_age_ms=159 target=none transport=False sorting_thread=alive
16:46:34 [v4][heartbeat] enter=False sorting=False cam=LIVE ai=LIVE cam_fps=56.0 pub_fps=30.4 frames=602196 result_subs=1 roi=ok intrinsic=ok inference_age_ms=121 target=none transport=False sorting_thread=alive
16:46:39 [v4][heartbeat] enter=False sorting=False cam=LIVE ai=LIVE cam_fps=58.4 pub_fps=30.2 frames=602488 result_subs=1 roi=ok intrinsic=ok inference_age_ms=73 target=none transport=False sorting_thread=alive
16:46:44 [v4][heartbeat] enter=False sorting=False cam=LIVE ai=LIVE cam_fps=55.4 pub_fps=30.2 frames=602765 result_subs=1 roi=ok intrinsic=ok inference_age_ms=160 target=none transport=False sorting_thread=alive
16:46:49 [v4][heartbeat] enter=False sorting=False cam=LIVE ai=LIVE cam_fps=54.0 pub_fps=30.4 frames=603035 result_subs=1 roi=ok intrinsic=ok inference_age_ms=105 target=none transport=False sorting_thread=alive
16:46:54 [v4][heartbeat] enter=False sorting=False cam=LIVE ai=LIVE cam_fps=58.8 pub_fps=30.2 frames=603329 result_subs=1 roi=ok intrinsic=ok inference_age_ms=61 target=none transport=False sorting_thread=alive
16:46:59 [v4][heartbeat] enter=False sorting=False cam=LIVE ai=LIVE cam_fps=54.4 pub_fps=30.4 frames=603601 result_subs=1 roi=ok intrinsic=ok inference_age_ms=151 target=none transport=False sorting_thread=alive
16:47:04 [v4][heartbeat] enter=False sorting=False cam=LIVE ai=LIVE cam_fps=54.8 pub_fps=30.2 frames=603875 result_subs=1 roi=ok intrinsic=ok inference_age_ms=105 target=none transport=False sorting_thread=alive
16:47:09 [v4][heartbeat] enter=False sorting=False cam=LIVE ai=LIVE cam_fps=56.6 pub_fps=30.4 frames=604158 result_subs=1 roi=ok intrinsic=ok inference_age_ms=60 target=none transport=False sorting_thread=alive
16:47:14 [v4][heartbeat] enter=False sorting=False cam=LIVE ai=LIVE cam_fps=55.6 pub_fps=30.4 frames=604436 result_subs=1 roi=ok intrinsic=ok inference_age_ms=148 target=none transport=False sorting_thread=alive
16:47:19 [v4][heartbeat] enter=False sorting=False cam=LIVE ai=LIVE cam_fps=58.2 pub_fps=30.2 frames=604727 result_subs=1 roi=ok intrinsic=ok inference_age_ms=99 target=none transport=False sorting_thread=alive
16:47:24 [v4][heartbeat] enter=False sorting=False cam=LIVE ai=LIVE cam_fps=55.0 pub_fps=30.2 frames=605002 result_subs=1 roi=ok intrinsic=ok inference_age_ms=60 target=none transport=False sorting_thread=alive
16:47:29 [v4][heartbeat] enter=False sorting=False cam=LIVE ai=LIVE cam_fps=58.2 pub_fps=30.4 frames=605293 result_subs=1 roi=ok intrinsic=ok inference_age_ms=128 target=none transport=False sorting_thread=alive
16:47:34 [v4][heartbeat] enter=False sorting=False cam=LIVE ai=LIVE cam_fps=56.8 pub_fps=30.4 frames=605577 result_subs=1 roi=ok intrinsic=ok inference_age_ms=81 target=none transport=False sorting_thread=alive
16:47:39 [v4][heartbeat] enter=False sorting=False cam=LIVE ai=LIVE cam_fps=52.8 pub_fps=30.2 frames=605841 result_subs=1 roi=ok intrinsic=ok inference_age_ms=38 target=none transport=False sorting_thread=alive
16:47:44 [v4][heartbeat] enter=False sorting=False cam=LIVE ai=LIVE cam_fps=58.6 pub_fps=30.4 frames=606134 result_subs=1 roi=ok intrinsic=ok inference_age_ms=116 target=none transport=False sorting_thread=alive
16:47:49 [v4][heartbeat] enter=False sorting=False cam=LIVE ai=LIVE cam_fps=55.2 pub_fps=30.2 frames=606410 result_subs=1 roi=ok intrinsic=ok inference_age_ms=72 target=none transport=False sorting_thread=alive
16:47:54 [v4][heartbeat] enter=False sorting=False cam=LIVE ai=LIVE cam_fps=56.2 pub_fps=30.2 frames=606691 result_subs=1 roi=ok intrinsic=ok inference_age_ms=146 target=none transport=False sorting_thread=alive
16:47:59 [v4][heartbeat] enter=False sorting=False cam=LIVE ai=LIVE cam_fps=57.4 pub_fps=30.4 frames=606978 result_subs=1 roi=ok intrinsic=ok inference_age_ms=98 target=none transport=False sorting_thread=alive
16:48:04 [v4][heartbeat] enter=False sorting=False cam=LIVE ai=LIVE cam_fps=55.6 pub_fps=30.4 frames=607256 result_subs=1 roi=ok intrinsic=ok inference_age_ms=54 target=none transport=False sorting_thread=alive
16:48:09 [v4][heartbeat] enter=False sorting=False cam=LIVE ai=LIVE cam_fps=57.2 pub_fps=30.2 frames=607542 result_subs=1 roi=ok intrinsic=ok inference_age_ms=136 target=none transport=False sorting_thread=alive
16:48:14 [v4][heartbeat] enter=False sorting=False cam=LIVE ai=LIVE cam_fps=56.2 pub_fps=30.4 frames=607823 result_subs=1 roi=ok intrinsic=ok inference_age_ms=91 target=none transport=False sorting_thread=alive
16:48:19 [v4][heartbeat] enter=False sorting=False cam=LIVE ai=LIVE cam_fps=54.4 pub_fps=30.2 frames=608095 result_subs=1 roi=ok intrinsic=ok inference_age_ms=46 target=none transport=False sorting_thread=alive
16:48:24 [v4][heartbeat] enter=False sorting=False cam=LIVE ai=LIVE cam_fps=58.0 pub_fps=30.4 frames=608385 result_subs=1 roi=ok intrinsic=ok inference_age_ms=121 target=none transport=False sorting_thread=alive
16:48:29 [v4][heartbeat] enter=False sorting=False cam=LIVE ai=LIVE cam_fps=53.6 pub_fps=30.2 frames=608653 result_subs=1 roi=ok intrinsic=ok inference_age_ms=72 target=none transport=False sorting_thread=alive
16:48:34 [v4][heartbeat] enter=False sorting=False cam=LIVE ai=LIVE cam_fps=56.8 pub_fps=30.4 frames=608937 result_subs=1 roi=ok intrinsic=ok inference_age_ms=160 target=none transport=False sorting_thread=alive
16:48:39 [v4][heartbeat] enter=False sorting=False cam=LIVE ai=LIVE cam_fps=55.8 pub_fps=30.2 frames=609216 result_subs=1 roi=ok intrinsic=ok inference_age_ms=114 target=none transport=False sorting_thread=alive
16:48:44 [v4][heartbeat] enter=False sorting=False cam=LIVE ai=LIVE cam_fps=55.0 pub_fps=30.4 frames=609491 result_subs=1 roi=ok intrinsic=ok inference_age_ms=65 target=none transport=False sorting_thread=alive
16:48:49 [v4][heartbeat] enter=False sorting=False cam=LIVE ai=LIVE cam_fps=57.0 pub_fps=30.2 frames=609776 result_subs=1 roi=ok intrinsic=ok inference_age_ms=151 target=none transport=False sorting_thread=alive
16:48:54 [v4][heartbeat] enter=False sorting=False cam=LIVE ai=LIVE cam_fps=54.0 pub_fps=30.4 frames=610046 result_subs=1 roi=ok intrinsic=ok inference_age_ms=105 target=none transport=False sorting_thread=alive
16:48:59 [v4][heartbeat] enter=False sorting=False cam=LIVE ai=LIVE cam_fps=56.8 pub_fps=30.2 frames=610330 result_subs=1 roi=ok intrinsic=ok inference_age_ms=59 target=none transport=False sorting_thread=alive
16:49:04 [v4][heartbeat] enter=False sorting=False cam=LIVE ai=LIVE cam_fps=56.4 pub_fps=30.4 frames=610612 result_subs=1 roi=ok intrinsic=ok inference_age_ms=142 target=none transport=False sorting_thread=alive
16:49:09 [v4][heartbeat] enter=False sorting=False cam=LIVE ai=LIVE cam_fps=55.0 pub_fps=30.2 frames=610887 result_subs=1 roi=ok intrinsic=ok inference_age_ms=100 target=none transport=False sorting_thread=alive
16:49:14 [v4][heartbeat] enter=False sorting=False cam=LIVE ai=LIVE cam_fps=58.0 pub_fps=30.4 frames=611177 result_subs=1 roi=ok intrinsic=ok inference_age_ms=52 target=none transport=False sorting_thread=alive
16:49:19 [v4][heartbeat] enter=False sorting=False cam=LIVE ai=LIVE cam_fps=54.6 pub_fps=30.2 frames=611450 result_subs=1 roi=ok intrinsic=ok inference_age_ms=139 target=none transport=False sorting_thread=alive
16:49:24 [v4][heartbeat] enter=False sorting=False cam=LIVE ai=LIVE cam_fps=56.2 pub_fps=30.4 frames=611731 result_subs=1 roi=ok intrinsic=ok inference_age_ms=93 target=none transport=False sorting_thread=alive
16:49:29 [v4][heartbeat] enter=False sorting=False cam=LIVE ai=LIVE cam_fps=56.8 pub_fps=30.2 frames=612015 result_subs=1 roi=ok intrinsic=ok inference_age_ms=46 target=none transport=False sorting_thread=alive
16:49:34 [v4][heartbeat] enter=False sorting=False cam=LIVE ai=LIVE cam_fps=54.8 pub_fps=30.4 frames=612289 result_subs=1 roi=ok intrinsic=ok inference_age_ms=114 target=none transport=False sorting_thread=alive
16:49:39 [v4][heartbeat] enter=False sorting=False cam=LIVE ai=LIVE cam_fps=58.4 pub_fps=30.2 frames=612581 result_subs=1 roi=ok intrinsic=ok inference_age_ms=75 target=none transport=False sorting_thread=alive
16:49:44 [v4][heartbeat] enter=False sorting=False cam=LIVE ai=LIVE cam_fps=53.6 pub_fps=30.4 frames=612849 result_subs=1 roi=ok intrinsic=ok inference_age_ms=159 target=none transport=False sorting_thread=alive
16:49:49 [v4][heartbeat] enter=False sorting=False cam=LIVE ai=LIVE cam_fps=57.8 pub_fps=30.2 frames=613138 result_subs=1 roi=ok intrinsic=ok inference_age_ms=120 target=none transport=False sorting_thread=alive
16:49:54 [v4][heartbeat] enter=False sorting=False cam=LIVE ai=LIVE cam_fps=57.2 pub_fps=30.4 frames=613424 result_subs=1 roi=ok intrinsic=ok inference_age_ms=69 target=none transport=False sorting_thread=alive
16:49:59 [v4][heartbeat] enter=False sorting=False cam=LIVE ai=LIVE cam_fps=55.8 pub_fps=30.2 frames=613703 result_subs=1 roi=ok intrinsic=ok inference_age_ms=153 target=none transport=False sorting_thread=alive
16:50:04 [v4][heartbeat] enter=False sorting=False cam=LIVE ai=LIVE cam_fps=58.4 pub_fps=30.4 frames=613995 result_subs=1 roi=ok intrinsic=ok inference_age_ms=109 target=none transport=False sorting_thread=alive
16:50:09 [v4][heartbeat] enter=False sorting=False cam=LIVE ai=LIVE cam_fps=55.4 pub_fps=30.2 frames=614272 result_subs=1 roi=ok intrinsic=ok inference_age_ms=64 target=none transport=False sorting_thread=alive
16:50:14 [v4][heartbeat] enter=False sorting=False cam=LIVE ai=LIVE cam_fps=56.1 pub_fps=30.3 frames=614553 result_subs=1 roi=ok intrinsic=ok inference_age_ms=142 target=none transport=False sorting_thread=alive
16:50:19 [v4][heartbeat] enter=False sorting=False cam=LIVE ai=LIVE cam_fps=56.1 pub_fps=30.5 frames=614833 result_subs=1 roi=ok intrinsic=ok inference_age_ms=84 target=none transport=False sorting_thread=alive
16:50:24 [v4][heartbeat] enter=False sorting=False cam=LIVE ai=LIVE cam_fps=54.8 pub_fps=30.2 frames=615107 result_subs=1 roi=ok intrinsic=ok inference_age_ms=167 target=none transport=False sorting_thread=alive
16:50:29 [v4][heartbeat] enter=False sorting=False cam=LIVE ai=LIVE cam_fps=58.4 pub_fps=30.4 frames=615399 result_subs=1 roi=ok intrinsic=ok inference_age_ms=117 target=none transport=False sorting_thread=alive
16:50:34 [v4][heartbeat] enter=False sorting=False cam=LIVE ai=LIVE cam_fps=56.0 pub_fps=30.2 frames=615679 result_subs=1 roi=ok intrinsic=ok inference_age_ms=86 target=none transport=False sorting_thread=alive
16:50:39 [v4][heartbeat] enter=False sorting=False cam=LIVE ai=LIVE cam_fps=57.0 pub_fps=30.2 frames=615964 result_subs=1 roi=ok intrinsic=ok inference_age_ms=160 target=none transport=False sorting_thread=alive
16:50:44 [v4][heartbeat] enter=False sorting=False cam=LIVE ai=LIVE cam_fps=56.6 pub_fps=30.4 frames=616247 result_subs=1 roi=ok intrinsic=ok inference_age_ms=114 target=none transport=False sorting_thread=alive
16:50:49 [v4][heartbeat] enter=False sorting=False cam=LIVE ai=LIVE cam_fps=54.0 pub_fps=30.4 frames=616517 result_subs=1 roi=ok intrinsic=ok inference_age_ms=64 target=none transport=False sorting_thread=alive
16:50:54 [v4][heartbeat] enter=False sorting=False cam=LIVE ai=LIVE cam_fps=56.6 pub_fps=30.2 frames=616800 result_subs=1 roi=ok intrinsic=ok inference_age_ms=143 target=none transport=False sorting_thread=alive
16:50:59 [v4][heartbeat] enter=False sorting=False cam=LIVE ai=LIVE cam_fps=55.4 pub_fps=30.4 frames=617077 result_subs=1 roi=ok intrinsic=ok inference_age_ms=102 target=none transport=False sorting_thread=alive
16:51:04 [v4][heartbeat] enter=False sorting=False cam=LIVE ai=LIVE cam_fps=56.6 pub_fps=30.2 frames=617360 result_subs=1 roi=ok intrinsic=ok inference_age_ms=53 target=none transport=False sorting_thread=alive
16:51:09 [v4][heartbeat] enter=False sorting=False cam=LIVE ai=LIVE cam_fps=56.8 pub_fps=30.4 frames=617644 result_subs=1 roi=ok intrinsic=ok inference_age_ms=135 target=none transport=False sorting_thread=alive
16:51:14 [v4][heartbeat] enter=False sorting=False cam=LIVE ai=LIVE cam_fps=55.2 pub_fps=30.2 frames=617920 result_subs=1 roi=ok intrinsic=ok inference_age_ms=82 target=none transport=False sorting_thread=alive
16:51:19 [v4][heartbeat] enter=False sorting=False cam=LIVE ai=LIVE cam_fps=57.8 pub_fps=30.4 frames=618209 result_subs=1 roi=ok intrinsic=ok inference_age_ms=168 target=none transport=False sorting_thread=alive
16:51:24 [v4][heartbeat] enter=False sorting=False cam=LIVE ai=LIVE cam_fps=56.8 pub_fps=30.2 frames=618493 result_subs=1 roi=ok intrinsic=ok inference_age_ms=126 target=none transport=False sorting_thread=alive
16:51:29 [v4][heartbeat] enter=False sorting=False cam=LIVE ai=LIVE cam_fps=53.6 pub_fps=30.4 frames=618761 result_subs=1 roi=ok intrinsic=ok inference_age_ms=81 target=none transport=False sorting_thread=alive
16:51:34 [v4][heartbeat] enter=False sorting=False cam=LIVE ai=LIVE cam_fps=58.2 pub_fps=30.2 frames=619052 result_subs=1 roi=ok intrinsic=ok inference_age_ms=155 target=none transport=False sorting_thread=alive
16:51:39 [v4][heartbeat] enter=False sorting=False cam=LIVE ai=LIVE cam_fps=55.2 pub_fps=30.4 frames=619328 result_subs=1 roi=ok intrinsic=ok inference_age_ms=106 target=none transport=False sorting_thread=alive
16:51:44 [v4][heartbeat] enter=False sorting=False cam=LIVE ai=LIVE cam_fps=57.6 pub_fps=30.2 frames=619616 result_subs=1 roi=ok intrinsic=ok inference_age_ms=62 target=none transport=False sorting_thread=alive
16:51:49 [v4][heartbeat] enter=False sorting=False cam=LIVE ai=LIVE cam_fps=56.5 pub_fps=30.4 frames=619899 result_subs=1 roi=ok intrinsic=ok inference_age_ms=158 target=none transport=False sorting_thread=alive
16:51:54 [v4][heartbeat] enter=False sorting=False cam=LIVE ai=LIVE cam_fps=54.9 pub_fps=30.2 frames=620173 result_subs=1 roi=ok intrinsic=ok inference_age_ms=112 target=none transport=False sorting_thread=alive
16:51:59 [v4][heartbeat] enter=False sorting=False cam=LIVE ai=LIVE cam_fps=57.0 pub_fps=30.4 frames=620458 result_subs=1 roi=ok intrinsic=ok inference_age_ms=69 target=none transport=False sorting_thread=alive
16:52:04 [v4][heartbeat] enter=False sorting=False cam=LIVE ai=LIVE cam_fps=53.8 pub_fps=30.2 frames=620727 result_subs=1 roi=ok intrinsic=ok inference_age_ms=154 target=none transport=False sorting_thread=alive
16:52:09 [v4][heartbeat] enter=False sorting=False cam=LIVE ai=LIVE cam_fps=57.4 pub_fps=30.4 frames=621014 result_subs=1 roi=ok intrinsic=ok inference_age_ms=112 target=none transport=False sorting_thread=alive
16:52:14 [v4][heartbeat] enter=False sorting=False cam=LIVE ai=LIVE cam_fps=57.4 pub_fps=30.2 frames=621301 result_subs=1 roi=ok intrinsic=ok inference_age_ms=65 target=none transport=False sorting_thread=alive
16:52:19 [v4][heartbeat] enter=False sorting=False cam=LIVE ai=LIVE cam_fps=53.8 pub_fps=30.4 frames=621570 result_subs=1 roi=ok intrinsic=ok inference_age_ms=156 target=none transport=False sorting_thread=alive
16:52:24 [v4][heartbeat] enter=False sorting=False cam=LIVE ai=LIVE cam_fps=57.4 pub_fps=30.2 frames=621857 result_subs=1 roi=ok intrinsic=ok inference_age_ms=107 target=none transport=False sorting_thread=alive
16:52:29 [v4][heartbeat] enter=False sorting=False cam=LIVE ai=LIVE cam_fps=56.0 pub_fps=30.4 frames=622137 result_subs=1 roi=ok intrinsic=ok inference_age_ms=59 target=none transport=False sorting_thread=alive
16:52:34 [v4][heartbeat] enter=False sorting=False cam=LIVE ai=LIVE cam_fps=55.9 pub_fps=30.2 frames=622417 result_subs=1 roi=ok intrinsic=ok inference_age_ms=154 target=none transport=False sorting_thread=alive
16:52:39 [v4][heartbeat] enter=False sorting=False cam=LIVE ai=LIVE cam_fps=57.0 pub_fps=30.4 frames=622702 result_subs=1 roi=ok intrinsic=ok inference_age_ms=113 target=none transport=False sorting_thread=alive
16:52:44 [v4][heartbeat] enter=False sorting=False cam=LIVE ai=LIVE cam_fps=54.8 pub_fps=30.4 frames=622976 result_subs=1 roi=ok intrinsic=ok inference_age_ms=71 target=none transport=False sorting_thread=alive
16:52:49 [v4][heartbeat] enter=False sorting=False cam=LIVE ai=LIVE cam_fps=58.4 pub_fps=30.2 frames=623268 result_subs=1 roi=ok intrinsic=ok inference_age_ms=150 target=none transport=False sorting_thread=alive
16:52:54 [v4][heartbeat] enter=False sorting=False cam=LIVE ai=LIVE cam_fps=56.8 pub_fps=30.2 frames=623552 result_subs=1 roi=ok intrinsic=ok inference_age_ms=100 target=none transport=False sorting_thread=alive
16:52:59 [v4][heartbeat] enter=False sorting=False cam=LIVE ai=LIVE cam_fps=54.6 pub_fps=30.4 frames=623825 result_subs=1 roi=ok intrinsic=ok inference_age_ms=60 target=none transport=False sorting_thread=alive
16:53:04 [v4][heartbeat] enter=False sorting=False cam=LIVE ai=LIVE cam_fps=57.8 pub_fps=30.4 frames=624114 result_subs=1 roi=ok intrinsic=ok inference_age_ms=141 target=none transport=False sorting_thread=alive
16:53:09 [v4][heartbeat] enter=False sorting=False cam=LIVE ai=LIVE cam_fps=54.2 pub_fps=30.2 frames=624385 result_subs=1 roi=ok intrinsic=ok inference_age_ms=91 target=none transport=False sorting_thread=alive
16:53:14 [v4][heartbeat] enter=False sorting=False cam=LIVE ai=LIVE cam_fps=57.9 pub_fps=30.4 frames=624675 result_subs=1 roi=ok intrinsic=ok inference_age_ms=54 target=none transport=False sorting_thread=alive
16:53:19 [v4][heartbeat] enter=False sorting=False cam=LIVE ai=LIVE cam_fps=56.8 pub_fps=30.2 frames=624959 result_subs=1 roi=ok intrinsic=ok inference_age_ms=142 target=none transport=False sorting_thread=alive
16:53:24 [v4][heartbeat] enter=False sorting=False cam=LIVE ai=LIVE cam_fps=55.4 pub_fps=30.2 frames=625236 result_subs=1 roi=ok intrinsic=ok inference_age_ms=90 target=none transport=False sorting_thread=alive
16:53:29 [v4][heartbeat] enter=False sorting=False cam=LIVE ai=LIVE cam_fps=56.8 pub_fps=30.4 frames=625520 result_subs=1 roi=ok intrinsic=ok inference_age_ms=55 target=none transport=False sorting_thread=alive
16:53:34 [v4][heartbeat] enter=False sorting=False cam=LIVE ai=LIVE cam_fps=55.6 pub_fps=30.4 frames=625798 result_subs=1 roi=ok intrinsic=ok inference_age_ms=137 target=none transport=False sorting_thread=alive
16:53:39 [v4][heartbeat] enter=False sorting=False cam=LIVE ai=LIVE cam_fps=57.8 pub_fps=30.2 frames=626087 result_subs=1 roi=ok intrinsic=ok inference_age_ms=74 target=none transport=False sorting_thread=alive
16:53:44 [v4][heartbeat] enter=False sorting=False cam=LIVE ai=LIVE cam_fps=57.2 pub_fps=30.4 frames=626373 result_subs=1 roi=ok intrinsic=ok inference_age_ms=137 target=none transport=False sorting_thread=alive
16:53:49 [v4][heartbeat] enter=False sorting=False cam=LIVE ai=LIVE cam_fps=54.2 pub_fps=30.2 frames=626644 result_subs=1 roi=ok intrinsic=ok inference_age_ms=95 target=none transport=False sorting_thread=alive
16:53:54 [v4][heartbeat] enter=False sorting=False cam=LIVE ai=LIVE cam_fps=59.0 pub_fps=30.4 frames=626939 result_subs=1 roi=ok intrinsic=ok inference_age_ms=51 target=none transport=False sorting_thread=alive
16:53:59 [v4][heartbeat] enter=False sorting=False cam=LIVE ai=LIVE cam_fps=55.2 pub_fps=30.2 frames=627215 result_subs=1 roi=ok intrinsic=ok inference_age_ms=136 target=none transport=False sorting_thread=alive
16:54:04 [v4][heartbeat] enter=False sorting=False cam=LIVE ai=LIVE cam_fps=57.6 pub_fps=30.4 frames=627503 result_subs=1 roi=ok intrinsic=ok inference_age_ms=105 target=none transport=False sorting_thread=alive
16:54:09 [v4][heartbeat] enter=False sorting=False cam=LIVE ai=LIVE cam_fps=56.2 pub_fps=30.2 frames=627784 result_subs=1 roi=ok intrinsic=ok inference_age_ms=63 target=none transport=False sorting_thread=alive
16:54:14 [v4][heartbeat] enter=False sorting=False cam=LIVE ai=LIVE cam_fps=55.6 pub_fps=30.4 frames=628062 result_subs=1 roi=ok intrinsic=ok inference_age_ms=143 target=none transport=False sorting_thread=alive
16:54:19 [v4][heartbeat] enter=False sorting=False cam=LIVE ai=LIVE cam_fps=57.4 pub_fps=30.2 frames=628349 result_subs=1 roi=ok intrinsic=ok inference_age_ms=104 target=none transport=False sorting_thread=alive
16:54:24 [v4][heartbeat] enter=False sorting=False cam=LIVE ai=LIVE cam_fps=56.2 pub_fps=30.4 frames=628630 result_subs=1 roi=ok intrinsic=ok inference_age_ms=174 target=none transport=False sorting_thread=alive
16:54:29 [v4][heartbeat] enter=False sorting=False cam=LIVE ai=LIVE cam_fps=56.8 pub_fps=30.2 frames=628914 result_subs=1 roi=ok intrinsic=ok inference_age_ms=135 target=none transport=False sorting_thread=alive
16:54:34 [v4][heartbeat] enter=False sorting=False cam=LIVE ai=LIVE cam_fps=56.8 pub_fps=30.4 frames=629198 result_subs=1 roi=ok intrinsic=ok inference_age_ms=93 target=none transport=False sorting_thread=alive
16:54:39 [v4][heartbeat] enter=False sorting=False cam=LIVE ai=LIVE cam_fps=55.6 pub_fps=30.2 frames=629476 result_subs=1 roi=ok intrinsic=ok inference_age_ms=58 target=none transport=False sorting_thread=alive
16:54:44 [v4][heartbeat] enter=False sorting=False cam=LIVE ai=LIVE cam_fps=57.6 pub_fps=30.4 frames=629764 result_subs=1 roi=ok intrinsic=ok inference_age_ms=144 target=none transport=False sorting_thread=alive
16:54:49 [v4][heartbeat] enter=False sorting=False cam=LIVE ai=LIVE cam_fps=55.6 pub_fps=30.4 frames=630042 result_subs=1 roi=ok intrinsic=ok inference_age_ms=89 target=none transport=False sorting_thread=alive
16:54:54 [v4][heartbeat] enter=False sorting=False cam=LIVE ai=LIVE cam_fps=53.2 pub_fps=30.2 frames=630308 result_subs=1 roi=ok intrinsic=ok inference_age_ms=43 target=none transport=False sorting_thread=alive
16:54:59 [v4][heartbeat] enter=False sorting=False cam=LIVE ai=LIVE cam_fps=56.4 pub_fps=30.2 frames=630590 result_subs=1 roi=ok intrinsic=ok inference_age_ms=116 target=none transport=False sorting_thread=alive
16:55:04 [v4][heartbeat] enter=False sorting=False cam=LIVE ai=LIVE cam_fps=53.2 pub_fps=30.4 frames=630856 result_subs=1 roi=ok intrinsic=ok inference_age_ms=63 target=none transport=False sorting_thread=alive
16:55:09 [v4][heartbeat] enter=False sorting=False cam=LIVE ai=LIVE cam_fps=56.0 pub_fps=30.4 frames=631136 result_subs=1 roi=ok intrinsic=ok inference_age_ms=143 target=none transport=False sorting_thread=alive
16:55:14 [v4][heartbeat] enter=False sorting=False cam=LIVE ai=LIVE cam_fps=57.2 pub_fps=30.2 frames=631422 result_subs=1 roi=ok intrinsic=ok inference_age_ms=92 target=none transport=False sorting_thread=alive
16:55:19 [v4][heartbeat] enter=False sorting=False cam=LIVE ai=LIVE cam_fps=54.2 pub_fps=30.2 frames=631693 result_subs=1 roi=ok intrinsic=ok inference_age_ms=172 target=none transport=False sorting_thread=alive
16:55:24 [v4][heartbeat] enter=False sorting=False cam=LIVE ai=LIVE cam_fps=57.0 pub_fps=30.4 frames=631978 result_subs=1 roi=ok intrinsic=ok inference_age_ms=120 target=none transport=False sorting_thread=alive
16:55:29 [v4][heartbeat] enter=False sorting=False cam=LIVE ai=LIVE cam_fps=55.4 pub_fps=30.4 frames=632255 result_subs=1 roi=ok intrinsic=ok inference_age_ms=78 target=none transport=False sorting_thread=alive
16:55:34 [v4][heartbeat] enter=False sorting=False cam=LIVE ai=LIVE cam_fps=53.8 pub_fps=30.2 frames=632524 result_subs=1 roi=ok intrinsic=ok inference_age_ms=154 target=none transport=False sorting_thread=alive
16:55:39 [v4][heartbeat] enter=False sorting=False cam=LIVE ai=LIVE cam_fps=55.6 pub_fps=30.4 frames=632802 result_subs=1 roi=ok intrinsic=ok inference_age_ms=96 target=none transport=False sorting_thread=alive
16:55:44 [v4][heartbeat] enter=False sorting=False cam=LIVE ai=LIVE cam_fps=53.4 pub_fps=30.2 frames=633069 result_subs=1 roi=ok intrinsic=ok inference_age_ms=49 target=none transport=False sorting_thread=alive
16:55:49 [v4][heartbeat] enter=False sorting=False cam=LIVE ai=LIVE cam_fps=54.0 pub_fps=30.4 frames=633339 result_subs=1 roi=ok intrinsic=ok inference_age_ms=142 target=none transport=False sorting_thread=alive
16:55:54 [v4][heartbeat] enter=False sorting=False cam=LIVE ai=LIVE cam_fps=55.7 pub_fps=30.2 frames=633617 result_subs=1 roi=ok intrinsic=ok inference_age_ms=87 target=none transport=False sorting_thread=alive
16:55:59 [v4][heartbeat] enter=False sorting=False cam=LIVE ai=LIVE cam_fps=55.4 pub_fps=30.4 frames=633894 result_subs=1 roi=ok intrinsic=ok inference_age_ms=168 target=none transport=False sorting_thread=alive
16:56:04 [v4][heartbeat] enter=False sorting=False cam=LIVE ai=LIVE cam_fps=57.2 pub_fps=30.2 frames=634180 result_subs=1 roi=ok intrinsic=ok inference_age_ms=124 target=none transport=False sorting_thread=alive
16:56:09 [v4][heartbeat] enter=False sorting=False cam=LIVE ai=LIVE cam_fps=52.6 pub_fps=30.4 frames=634443 result_subs=1 roi=ok intrinsic=ok inference_age_ms=85 target=none transport=False sorting_thread=alive
16:56:14 [v4][heartbeat] enter=False sorting=False cam=LIVE ai=LIVE cam_fps=55.6 pub_fps=30.2 frames=634721 result_subs=1 roi=ok intrinsic=ok inference_age_ms=39 target=none transport=False sorting_thread=alive
16:56:19 [v4][heartbeat] enter=False sorting=False cam=LIVE ai=LIVE cam_fps=56.6 pub_fps=30.4 frames=635004 result_subs=1 roi=ok intrinsic=ok inference_age_ms=117 target=none transport=False sorting_thread=alive
16:56:24 [v4][heartbeat] enter=False sorting=False cam=LIVE ai=LIVE cam_fps=52.6 pub_fps=30.2 frames=635267 result_subs=1 roi=ok intrinsic=ok inference_age_ms=67 target=none transport=False sorting_thread=alive
16:56:29 [v4][heartbeat] enter=False sorting=False cam=LIVE ai=LIVE cam_fps=57.2 pub_fps=30.4 frames=635553 result_subs=1 roi=ok intrinsic=ok inference_age_ms=149 target=none transport=False sorting_thread=alive
16:56:34 [v4][heartbeat] enter=False sorting=False cam=LIVE ai=LIVE cam_fps=54.0 pub_fps=30.2 frames=635823 result_subs=1 roi=ok intrinsic=ok inference_age_ms=110 target=none transport=False sorting_thread=alive
16:56:39 [v4][heartbeat] enter=False sorting=False cam=LIVE ai=LIVE cam_fps=56.0 pub_fps=30.4 frames=636103 result_subs=1 roi=ok intrinsic=ok inference_age_ms=62 target=none transport=False sorting_thread=alive
16:56:44 [v4][heartbeat] enter=False sorting=False cam=LIVE ai=LIVE cam_fps=55.8 pub_fps=30.2 frames=636382 result_subs=1 roi=ok intrinsic=ok inference_age_ms=151 target=none transport=False sorting_thread=alive
16:56:49 [v4][heartbeat] enter=False sorting=False cam=LIVE ai=LIVE cam_fps=54.0 pub_fps=30.4 frames=636652 result_subs=1 roi=ok intrinsic=ok inference_age_ms=115 target=none transport=False sorting_thread=alive
16:56:54 [v4][heartbeat] enter=False sorting=False cam=LIVE ai=LIVE cam_fps=57.8 pub_fps=30.2 frames=636941 result_subs=1 roi=ok intrinsic=ok inference_age_ms=72 target=none transport=False sorting_thread=alive
16:56:59 [v4][heartbeat] enter=False sorting=False cam=LIVE ai=LIVE cam_fps=54.8 pub_fps=30.4 frames=637215 result_subs=1 roi=ok intrinsic=ok inference_age_ms=150 target=none transport=False sorting_thread=alive
16:57:04 [v4][heartbeat] enter=False sorting=False cam=LIVE ai=LIVE cam_fps=58.2 pub_fps=30.2 frames=637506 result_subs=1 roi=ok intrinsic=ok inference_age_ms=110 target=none transport=False sorting_thread=alive
16:57:09 [v4][heartbeat] enter=False sorting=False cam=LIVE ai=LIVE cam_fps=57.8 pub_fps=30.4 frames=637795 result_subs=1 roi=ok intrinsic=ok inference_age_ms=66 target=none transport=False sorting_thread=alive
16:57:14 [v4][heartbeat] enter=False sorting=False cam=LIVE ai=LIVE cam_fps=55.4 pub_fps=30.2 frames=638072 result_subs=1 roi=ok intrinsic=ok inference_age_ms=142 target=none transport=False sorting_thread=alive
16:57:19 [v4][heartbeat] enter=False sorting=False cam=LIVE ai=LIVE cam_fps=56.6 pub_fps=30.4 frames=638355 result_subs=1 roi=ok intrinsic=ok inference_age_ms=106 target=none transport=False sorting_thread=alive
16:57:24 [v4][heartbeat] enter=False sorting=False cam=LIVE ai=LIVE cam_fps=55.6 pub_fps=30.2 frames=638633 result_subs=1 roi=ok intrinsic=ok inference_age_ms=54 target=none transport=False sorting_thread=alive
16:57:29 [v4][heartbeat] enter=False sorting=False cam=LIVE ai=LIVE cam_fps=56.0 pub_fps=30.4 frames=638913 result_subs=1 roi=ok intrinsic=ok inference_age_ms=132 target=none transport=False sorting_thread=alive
16:57:34 [v4][heartbeat] enter=False sorting=False cam=LIVE ai=LIVE cam_fps=57.6 pub_fps=30.2 frames=639201 result_subs=1 roi=ok intrinsic=ok inference_age_ms=87 target=none transport=False sorting_thread=alive
16:57:39 [v4][heartbeat] enter=False sorting=False cam=LIVE ai=LIVE cam_fps=54.0 pub_fps=30.4 frames=639471 result_subs=1 roi=ok intrinsic=ok inference_age_ms=170 target=none transport=False sorting_thread=alive
16:57:44 [v4][heartbeat] enter=False sorting=False cam=LIVE ai=LIVE cam_fps=56.2 pub_fps=30.2 frames=639752 result_subs=1 roi=ok intrinsic=ok inference_age_ms=133 target=none transport=False sorting_thread=alive
16:57:49 [v4][heartbeat] enter=False sorting=False cam=LIVE ai=LIVE cam_fps=54.2 pub_fps=30.4 frames=640023 result_subs=1 roi=ok intrinsic=ok inference_age_ms=90 target=none transport=False sorting_thread=alive
16:57:54 [v4][heartbeat] enter=False sorting=False cam=LIVE ai=LIVE cam_fps=53.0 pub_fps=30.2 frames=640288 result_subs=1 roi=ok intrinsic=ok inference_age_ms=171 target=none transport=False sorting_thread=alive
16:57:59 [v4][heartbeat] enter=False sorting=False cam=LIVE ai=LIVE cam_fps=55.4 pub_fps=30.4 frames=640565 result_subs=1 roi=ok intrinsic=ok inference_age_ms=121 target=none transport=False sorting_thread=alive
16:58:04 [v4][heartbeat] enter=False sorting=False cam=LIVE ai=LIVE cam_fps=51.2 pub_fps=30.2 frames=640821 result_subs=1 roi=ok intrinsic=ok inference_age_ms=87 target=none transport=False sorting_thread=alive
16:58:09 [v4][heartbeat] enter=False sorting=False cam=LIVE ai=LIVE cam_fps=56.4 pub_fps=30.4 frames=641103 result_subs=1 roi=ok intrinsic=ok inference_age_ms=163 target=none transport=False sorting_thread=alive
16:58:14 [v4][heartbeat] enter=False sorting=False cam=LIVE ai=LIVE cam_fps=55.0 pub_fps=30.4 frames=641378 result_subs=1 roi=ok intrinsic=ok inference_age_ms=117 target=none transport=False sorting_thread=alive
16:58:19 [v4][heartbeat] enter=False sorting=False cam=LIVE ai=LIVE cam_fps=55.4 pub_fps=30.2 frames=641655 result_subs=1 roi=ok intrinsic=ok inference_age_ms=72 target=none transport=False sorting_thread=alive
16:58:24 [v4][heartbeat] enter=False sorting=False cam=LIVE ai=LIVE cam_fps=57.0 pub_fps=30.4 frames=641940 result_subs=1 roi=ok intrinsic=ok inference_age_ms=153 target=none transport=False sorting_thread=alive
16:58:29 [v4][heartbeat] enter=False sorting=False cam=LIVE ai=LIVE cam_fps=54.6 pub_fps=30.2 frames=642213 result_subs=1 roi=ok intrinsic=ok inference_age_ms=101 target=none transport=False sorting_thread=alive
16:58:34 [v4][heartbeat] enter=False sorting=False cam=LIVE ai=LIVE cam_fps=57.2 pub_fps=30.2 frames=642499 result_subs=1 roi=ok intrinsic=ok inference_age_ms=47 target=none transport=False sorting_thread=alive
16:58:39 [v4][heartbeat] enter=False sorting=False cam=LIVE ai=LIVE cam_fps=54.8 pub_fps=30.4 frames=642773 result_subs=1 roi=ok intrinsic=ok inference_age_ms=126 target=none transport=False sorting_thread=alive
16:58:44 [v4][heartbeat] enter=False sorting=False cam=LIVE ai=LIVE cam_fps=53.4 pub_fps=30.4 frames=643040 result_subs=1 roi=ok intrinsic=ok inference_age_ms=65 target=none transport=False sorting_thread=alive
16:58:49 [v4][heartbeat] enter=False sorting=False cam=LIVE ai=LIVE cam_fps=57.2 pub_fps=30.2 frames=643326 result_subs=1 roi=ok intrinsic=ok inference_age_ms=142 target=none transport=False sorting_thread=alive
16:58:54 [v4][heartbeat] enter=False sorting=False cam=LIVE ai=LIVE cam_fps=53.4 pub_fps=30.2 frames=643593 result_subs=1 roi=ok intrinsic=ok inference_age_ms=108 target=none transport=False sorting_thread=alive
16:58:59 [v4][heartbeat] enter=False sorting=False cam=LIVE ai=LIVE cam_fps=56.0 pub_fps=30.4 frames=643873 result_subs=1 roi=ok intrinsic=ok inference_age_ms=68 target=none transport=False sorting_thread=alive
16:59:04 [v4][heartbeat] enter=False sorting=False cam=LIVE ai=LIVE cam_fps=56.8 pub_fps=30.4 frames=644157 result_subs=1 roi=ok intrinsic=ok inference_age_ms=150 target=none transport=False sorting_thread=alive
16:59:09 [v4][heartbeat] enter=False sorting=False cam=LIVE ai=LIVE cam_fps=54.0 pub_fps=30.2 frames=644427 result_subs=1 roi=ok intrinsic=ok inference_age_ms=107 target=none transport=False sorting_thread=alive
16:59:14 [v4][heartbeat] enter=False sorting=False cam=LIVE ai=LIVE cam_fps=57.4 pub_fps=30.4 frames=644714 result_subs=1 roi=ok intrinsic=ok inference_age_ms=65 target=none transport=False sorting_thread=alive
16:59:19 [v4][heartbeat] enter=False sorting=False cam=LIVE ai=LIVE cam_fps=55.0 pub_fps=30.2 frames=644989 result_subs=1 roi=ok intrinsic=ok inference_age_ms=149 target=none transport=False sorting_thread=alive
16:59:24 [v4][heartbeat] enter=False sorting=False cam=LIVE ai=LIVE cam_fps=54.0 pub_fps=30.4 frames=645259 result_subs=1 roi=ok intrinsic=ok inference_age_ms=95 target=none transport=False sorting_thread=alive
16:59:29 [v4][heartbeat] enter=False sorting=False cam=LIVE ai=LIVE cam_fps=56.6 pub_fps=30.2 frames=645542 result_subs=1 roi=ok intrinsic=ok inference_age_ms=50 target=none transport=False sorting_thread=alive
16:59:34 [v4][heartbeat] enter=False sorting=False cam=LIVE ai=LIVE cam_fps=52.6 pub_fps=30.4 frames=645805 result_subs=1 roi=ok intrinsic=ok inference_age_ms=135 target=none transport=False sorting_thread=alive
16:59:39 [v4][heartbeat] enter=False sorting=False cam=LIVE ai=LIVE cam_fps=57.6 pub_fps=30.2 frames=646093 result_subs=1 roi=ok intrinsic=ok inference_age_ms=91 target=none transport=False sorting_thread=alive
16:59:44 [v4][heartbeat] enter=False sorting=False cam=LIVE ai=LIVE cam_fps=55.8 pub_fps=30.4 frames=646372 result_subs=1 roi=ok intrinsic=ok inference_age_ms=38 target=none transport=False sorting_thread=alive
16:59:49 [v4][heartbeat] enter=False sorting=False cam=LIVE ai=LIVE cam_fps=57.8 pub_fps=30.2 frames=646661 result_subs=1 roi=ok intrinsic=ok inference_age_ms=125 target=none transport=False sorting_thread=alive
16:59:54 [v4][heartbeat] enter=False sorting=False cam=LIVE ai=LIVE cam_fps=57.8 pub_fps=30.4 frames=646950 result_subs=1 roi=ok intrinsic=ok inference_age_ms=76 target=none transport=False sorting_thread=alive
16:59:59 [v4][heartbeat] enter=False sorting=False cam=LIVE ai=LIVE cam_fps=54.1 pub_fps=30.4 frames=647221 result_subs=1 roi=ok intrinsic=ok inference_age_ms=160 target=none transport=False sorting_thread=alive
17:00:04 [v4][heartbeat] enter=False sorting=False cam=LIVE ai=LIVE cam_fps=58.6 pub_fps=30.2 frames=647514 result_subs=1 roi=ok intrinsic=ok inference_age_ms=105 target=none transport=False sorting_thread=alive
17:00:09 [v4][heartbeat] enter=False sorting=False cam=LIVE ai=LIVE cam_fps=55.8 pub_fps=30.2 frames=647793 result_subs=1 roi=ok intrinsic=ok inference_age_ms=168 target=none transport=False sorting_thread=alive
17:00:14 [v4][heartbeat] enter=False sorting=False cam=LIVE ai=LIVE cam_fps=56.0 pub_fps=30.4 frames=648073 result_subs=1 roi=ok intrinsic=ok inference_age_ms=119 target=none transport=False sorting_thread=alive
17:00:19 [v4][heartbeat] enter=False sorting=False cam=LIVE ai=LIVE cam_fps=58.2 pub_fps=30.2 frames=648364 result_subs=1 roi=ok intrinsic=ok inference_age_ms=79 target=none transport=False sorting_thread=alive
17:00:24 [v4][heartbeat] enter=False sorting=False cam=LIVE ai=LIVE cam_fps=53.8 pub_fps=30.4 frames=648633 result_subs=1 roi=ok intrinsic=ok inference_age_ms=159 target=none transport=False sorting_thread=alive
17:00:29 [v4][heartbeat] enter=False sorting=False cam=LIVE ai=LIVE cam_fps=57.4 pub_fps=30.2 frames=648920 result_subs=1 roi=ok intrinsic=ok inference_age_ms=111 target=none transport=False sorting_thread=alive
17:00:34 [v4][heartbeat] enter=False sorting=False cam=LIVE ai=LIVE cam_fps=57.6 pub_fps=30.4 frames=649208 result_subs=1 roi=ok intrinsic=ok inference_age_ms=73 target=none transport=False sorting_thread=alive
17:00:39 [v4][heartbeat] enter=False sorting=False cam=LIVE ai=LIVE cam_fps=53.0 pub_fps=30.2 frames=649473 result_subs=1 roi=ok intrinsic=ok inference_age_ms=149 target=none transport=False sorting_thread=alive
17:00:44 [v4][heartbeat] enter=False sorting=False cam=LIVE ai=LIVE cam_fps=58.6 pub_fps=30.4 frames=649766 result_subs=1 roi=ok intrinsic=ok inference_age_ms=106 target=none transport=False sorting_thread=alive
17:00:49 [v4][heartbeat] enter=False sorting=False cam=LIVE ai=LIVE cam_fps=53.8 pub_fps=30.2 frames=650035 result_subs=1 roi=ok intrinsic=ok inference_age_ms=68 target=none transport=False sorting_thread=alive
17:00:54 [v4][heartbeat] enter=False sorting=False cam=LIVE ai=LIVE cam_fps=56.6 pub_fps=30.4 frames=650318 result_subs=1 roi=ok intrinsic=ok inference_age_ms=148 target=none transport=False sorting_thread=alive
17:00:59 [v4][heartbeat] enter=False sorting=False cam=LIVE ai=LIVE cam_fps=58.0 pub_fps=30.4 frames=650608 result_subs=1 roi=ok intrinsic=ok inference_age_ms=109 target=none transport=False sorting_thread=alive
17:01:04 [v4][heartbeat] enter=False sorting=False cam=LIVE ai=LIVE cam_fps=55.4 pub_fps=30.2 frames=650885 result_subs=1 roi=ok intrinsic=ok inference_age_ms=82 target=none transport=False sorting_thread=alive
17:01:09 [v4][heartbeat] enter=False sorting=False cam=LIVE ai=LIVE cam_fps=57.6 pub_fps=30.4 frames=651173 result_subs=1 roi=ok intrinsic=ok inference_age_ms=32 target=none transport=False sorting_thread=alive
17:01:14 [v4][heartbeat] enter=False sorting=False cam=LIVE ai=LIVE cam_fps=54.7 pub_fps=30.2 frames=651447 result_subs=1 roi=ok intrinsic=ok inference_age_ms=106 target=none transport=False sorting_thread=alive
17:01:19 [v4][heartbeat] enter=False sorting=False cam=LIVE ai=LIVE cam_fps=57.3 pub_fps=30.2 frames=651733 result_subs=1 roi=ok intrinsic=ok inference_age_ms=50 target=none transport=False sorting_thread=alive
17:01:24 [v4][heartbeat] enter=False sorting=False cam=LIVE ai=LIVE cam_fps=56.6 pub_fps=30.4 frames=652016 result_subs=1 roi=ok intrinsic=ok inference_age_ms=131 target=none transport=False sorting_thread=alive
17:01:29 [v4][heartbeat] enter=False sorting=False cam=LIVE ai=LIVE cam_fps=55.4 pub_fps=30.4 frames=652293 result_subs=1 roi=ok intrinsic=ok inference_age_ms=88 target=none transport=False sorting_thread=alive
17:01:34 [v4][heartbeat] enter=False sorting=False cam=LIVE ai=LIVE cam_fps=58.0 pub_fps=30.2 frames=652583 result_subs=1 roi=ok intrinsic=ok inference_age_ms=163 target=none transport=False sorting_thread=alive
17:01:39 [v4][heartbeat] enter=False sorting=False cam=LIVE ai=LIVE cam_fps=55.4 pub_fps=30.4 frames=652860 result_subs=1 roi=ok intrinsic=ok inference_age_ms=117 target=none transport=False sorting_thread=alive
17:01:44 [v4][heartbeat] enter=False sorting=False cam=LIVE ai=LIVE cam_fps=57.0 pub_fps=30.2 frames=653145 result_subs=1 roi=ok intrinsic=ok inference_age_ms=68 target=none transport=False sorting_thread=alive
17:01:49 [v4][heartbeat] enter=False sorting=False cam=LIVE ai=LIVE cam_fps=58.2 pub_fps=30.2 frames=653436 result_subs=1 roi=ok intrinsic=ok inference_age_ms=151 target=none transport=False sorting_thread=alive
17:01:54 [v4][heartbeat] enter=False sorting=False cam=LIVE ai=LIVE cam_fps=54.2 pub_fps=30.4 frames=653707 result_subs=1 roi=ok intrinsic=ok inference_age_ms=98 target=none transport=False sorting_thread=alive
17:01:59 [v4][heartbeat] enter=False sorting=False cam=LIVE ai=LIVE cam_fps=58.4 pub_fps=30.4 frames=653999 result_subs=1 roi=ok intrinsic=ok inference_age_ms=54 target=none transport=False sorting_thread=alive
17:02:04 [v4][heartbeat] enter=False sorting=False cam=LIVE ai=LIVE cam_fps=55.4 pub_fps=30.2 frames=654276 result_subs=1 roi=ok intrinsic=ok inference_age_ms=137 target=none transport=False sorting_thread=alive
17:02:09 [v4][heartbeat] enter=False sorting=False cam=LIVE ai=LIVE cam_fps=55.4 pub_fps=30.4 frames=654553 result_subs=1 roi=ok intrinsic=ok inference_age_ms=98 target=none transport=False sorting_thread=alive
17:02:14 [v4][heartbeat] enter=False sorting=False cam=LIVE ai=LIVE cam_fps=58.8 pub_fps=30.2 frames=654847 result_subs=1 roi=ok intrinsic=ok inference_age_ms=45 target=none transport=False sorting_thread=alive
17:02:19 [v4][heartbeat] enter=False sorting=False cam=LIVE ai=LIVE cam_fps=53.4 pub_fps=30.4 frames=655114 result_subs=1 roi=ok intrinsic=ok inference_age_ms=126 target=none transport=False sorting_thread=alive
17:02:24 [v4][heartbeat] enter=False sorting=False cam=LIVE ai=LIVE cam_fps=57.0 pub_fps=30.2 frames=655399 result_subs=1 roi=ok intrinsic=ok inference_age_ms=76 target=none transport=False sorting_thread=alive
17:02:29 [v4][heartbeat] enter=False sorting=False cam=LIVE ai=LIVE cam_fps=56.4 pub_fps=30.4 frames=655681 result_subs=1 roi=ok intrinsic=ok inference_age_ms=157 target=none transport=False sorting_thread=alive
17:02:34 [v4][heartbeat] enter=False sorting=False cam=LIVE ai=LIVE cam_fps=58.0 pub_fps=30.2 frames=655971 result_subs=1 roi=ok intrinsic=ok inference_age_ms=107 target=none transport=False sorting_thread=alive
17:02:39 [v4][heartbeat] enter=False sorting=False cam=LIVE ai=LIVE cam_fps=58.4 pub_fps=30.4 frames=656263 result_subs=1 roi=ok intrinsic=ok inference_age_ms=66 target=none transport=False sorting_thread=alive
17:02:44 [v4][heartbeat] enter=False sorting=False cam=LIVE ai=LIVE cam_fps=52.2 pub_fps=30.2 frames=656524 result_subs=1 roi=ok intrinsic=ok inference_age_ms=138 target=none transport=False sorting_thread=alive
17:02:49 [v4][heartbeat] enter=False sorting=False cam=LIVE ai=LIVE cam_fps=57.9 pub_fps=30.4 frames=656813 result_subs=1 roi=ok intrinsic=ok inference_age_ms=90 target=none transport=False sorting_thread=alive
17:02:54 [v4][heartbeat] enter=False sorting=False cam=LIVE ai=LIVE cam_fps=56.0 pub_fps=30.2 frames=657093 result_subs=1 roi=ok intrinsic=ok inference_age_ms=43 target=none transport=False sorting_thread=alive
17:02:59 [v4][heartbeat] enter=False sorting=False cam=LIVE ai=LIVE cam_fps=55.4 pub_fps=30.4 frames=657370 result_subs=1 roi=ok intrinsic=ok inference_age_ms=125 target=none transport=False sorting_thread=alive
17:03:04 [v4][heartbeat] enter=False sorting=False cam=LIVE ai=LIVE cam_fps=59.0 pub_fps=30.2 frames=657665 result_subs=1 roi=ok intrinsic=ok inference_age_ms=82 target=none transport=False sorting_thread=alive
17:03:09 [v4][heartbeat] enter=False sorting=False cam=LIVE ai=LIVE cam_fps=53.4 pub_fps=30.2 frames=657932 result_subs=1 roi=ok intrinsic=ok inference_age_ms=152 target=none transport=False sorting_thread=alive
17:03:14 [v4][heartbeat] enter=False sorting=False cam=LIVE ai=LIVE cam_fps=57.8 pub_fps=30.4 frames=658221 result_subs=1 roi=ok intrinsic=ok inference_age_ms=108 target=none transport=False sorting_thread=alive
17:03:19 [v4][heartbeat] enter=False sorting=False cam=LIVE ai=LIVE cam_fps=57.0 pub_fps=30.4 frames=658506 result_subs=1 roi=ok intrinsic=ok inference_age_ms=53 target=none transport=False sorting_thread=alive
17:03:24 [v4][heartbeat] enter=False sorting=False cam=LIVE ai=LIVE cam_fps=54.6 pub_fps=30.2 frames=658779 result_subs=1 roi=ok intrinsic=ok inference_age_ms=136 target=none transport=False sorting_thread=alive
17:03:29 [v4][heartbeat] enter=False sorting=False cam=LIVE ai=LIVE cam_fps=58.8 pub_fps=30.4 frames=659073 result_subs=1 roi=ok intrinsic=ok inference_age_ms=95 target=none transport=False sorting_thread=alive
17:03:34 [v4][heartbeat] enter=False sorting=False cam=LIVE ai=LIVE cam_fps=56.4 pub_fps=30.2 frames=659355 result_subs=1 roi=ok intrinsic=ok inference_age_ms=53 target=none transport=False sorting_thread=alive
17:03:39 [v4][heartbeat] enter=False sorting=False cam=LIVE ai=LIVE cam_fps=57.0 pub_fps=30.4 frames=659640 result_subs=1 roi=ok intrinsic=ok inference_age_ms=135 target=none transport=False sorting_thread=alive
17:03:44 [v4][heartbeat] enter=False sorting=False cam=LIVE ai=LIVE cam_fps=57.4 pub_fps=30.4 frames=659927 result_subs=1 roi=ok intrinsic=ok inference_age_ms=93 target=none transport=False sorting_thread=alive
17:03:49 [v4][heartbeat] enter=False sorting=False cam=LIVE ai=LIVE cam_fps=53.4 pub_fps=30.2 frames=660194 result_subs=1 roi=ok intrinsic=ok inference_age_ms=173 target=none transport=False sorting_thread=alive
17:03:54 [v4][heartbeat] enter=False sorting=False cam=LIVE ai=LIVE cam_fps=59.4 pub_fps=30.2 frames=660491 result_subs=1 roi=ok intrinsic=ok inference_age_ms=130 target=none transport=False sorting_thread=alive
17:03:59 [v4][heartbeat] enter=False sorting=False cam=LIVE ai=LIVE cam_fps=54.2 pub_fps=30.4 frames=660762 result_subs=1 roi=ok intrinsic=ok inference_age_ms=84 target=none transport=False sorting_thread=alive
17:04:04 [v4][heartbeat] enter=False sorting=False cam=LIVE ai=LIVE cam_fps=57.0 pub_fps=30.2 frames=661047 result_subs=1 roi=ok intrinsic=ok inference_age_ms=168 target=none transport=False sorting_thread=alive
17:04:09 [v4][heartbeat] enter=False sorting=False cam=LIVE ai=LIVE cam_fps=58.4 pub_fps=30.4 frames=661339 result_subs=1 roi=ok intrinsic=ok inference_age_ms=120 target=none transport=False sorting_thread=alive
17:04:14 [v4][heartbeat] enter=False sorting=False cam=LIVE ai=LIVE cam_fps=54.0 pub_fps=30.2 frames=661609 result_subs=1 roi=ok intrinsic=ok inference_age_ms=84 target=none transport=False sorting_thread=alive
17:04:19 [v4][heartbeat] enter=False sorting=False cam=LIVE ai=LIVE cam_fps=58.0 pub_fps=30.4 frames=661899 result_subs=1 roi=ok intrinsic=ok inference_age_ms=163 target=none transport=False sorting_thread=alive
17:04:24 [v4][heartbeat] enter=False sorting=False cam=LIVE ai=LIVE cam_fps=55.4 pub_fps=30.4 frames=662176 result_subs=1 roi=ok intrinsic=ok inference_age_ms=101 target=none transport=False sorting_thread=alive
17:04:29 [v4][heartbeat] enter=False sorting=False cam=LIVE ai=LIVE cam_fps=56.4 pub_fps=30.2 frames=662458 result_subs=1 roi=ok intrinsic=ok inference_age_ms=58 target=none transport=False sorting_thread=alive
17:04:34 [v4][heartbeat] enter=False sorting=False cam=LIVE ai=LIVE cam_fps=58.4 pub_fps=30.4 frames=662750 result_subs=1 roi=ok intrinsic=ok inference_age_ms=140 target=none transport=False sorting_thread=alive
17:04:39 [v4][heartbeat] enter=False sorting=False cam=LIVE ai=LIVE cam_fps=55.2 pub_fps=30.2 frames=663026 result_subs=1 roi=ok intrinsic=ok inference_age_ms=98 target=none transport=False sorting_thread=alive
17:04:44 [v4][heartbeat] enter=False sorting=False cam=LIVE ai=LIVE cam_fps=59.2 pub_fps=30.4 frames=663322 result_subs=1 roi=ok intrinsic=ok inference_age_ms=49 target=none transport=False sorting_thread=alive
17:04:49 [v4][heartbeat] enter=False sorting=False cam=LIVE ai=LIVE cam_fps=55.0 pub_fps=30.2 frames=663597 result_subs=1 roi=ok intrinsic=ok inference_age_ms=130 target=none transport=False sorting_thread=alive
17:04:54 [v4][heartbeat] enter=False sorting=False cam=LIVE ai=LIVE cam_fps=57.0 pub_fps=30.4 frames=663882 result_subs=1 roi=ok intrinsic=ok inference_age_ms=86 target=none transport=False sorting_thread=alive
17:04:59 [v4][heartbeat] enter=False sorting=False cam=LIVE ai=LIVE cam_fps=57.8 pub_fps=30.2 frames=664171 result_subs=1 roi=ok intrinsic=ok inference_age_ms=163 target=none transport=False sorting_thread=alive
17:05:04 [v4][heartbeat] enter=False sorting=False cam=LIVE ai=LIVE cam_fps=53.4 pub_fps=30.2 frames=664438 result_subs=1 roi=ok intrinsic=ok inference_age_ms=129 target=none transport=False sorting_thread=alive
17:05:09 [v4][heartbeat] enter=False sorting=False cam=LIVE ai=LIVE cam_fps=58.8 pub_fps=30.4 frames=664732 result_subs=1 roi=ok intrinsic=ok inference_age_ms=77 target=none transport=False sorting_thread=alive
17:05:14 [v4][heartbeat] enter=False sorting=False cam=LIVE ai=LIVE cam_fps=57.0 pub_fps=30.4 frames=665017 result_subs=1 roi=ok intrinsic=ok inference_age_ms=173 target=none transport=False sorting_thread=alive
17:05:19 [v4][heartbeat] enter=False sorting=False cam=LIVE ai=LIVE cam_fps=56.8 pub_fps=30.2 frames=665301 result_subs=1 roi=ok intrinsic=ok inference_age_ms=117 target=none transport=False sorting_thread=alive
17:05:24 [v4][heartbeat] enter=False sorting=False cam=LIVE ai=LIVE cam_fps=58.8 pub_fps=30.4 frames=665595 result_subs=1 roi=ok intrinsic=ok inference_age_ms=67 target=none transport=False sorting_thread=alive
17:05:29 [v4][heartbeat] enter=False sorting=False cam=LIVE ai=LIVE cam_fps=52.4 pub_fps=30.2 frames=665857 result_subs=1 roi=ok intrinsic=ok inference_age_ms=149 target=none transport=False sorting_thread=alive
17:05:34 [v4][heartbeat] enter=False sorting=False cam=LIVE ai=LIVE cam_fps=57.8 pub_fps=30.4 frames=666146 result_subs=1 roi=ok intrinsic=ok inference_age_ms=90 target=none transport=False sorting_thread=alive
17:05:39 [v4][heartbeat] enter=False sorting=False cam=LIVE ai=LIVE cam_fps=56.8 pub_fps=30.2 frames=666430 result_subs=1 roi=ok intrinsic=ok inference_age_ms=45 target=none transport=False sorting_thread=alive
17:05:44 [v4][heartbeat] enter=False sorting=False cam=LIVE ai=LIVE cam_fps=55.5 pub_fps=30.4 frames=666708 result_subs=1 roi=ok intrinsic=ok inference_age_ms=131 target=none transport=False sorting_thread=alive
17:05:49 [v4][heartbeat] enter=False sorting=False cam=LIVE ai=LIVE cam_fps=59.5 pub_fps=30.2 frames=667005 result_subs=1 roi=ok intrinsic=ok inference_age_ms=81 target=none transport=False sorting_thread=alive
17:05:54 [v4][heartbeat] enter=False sorting=False cam=LIVE ai=LIVE cam_fps=54.2 pub_fps=30.4 frames=667276 result_subs=1 roi=ok intrinsic=ok inference_age_ms=151 target=none transport=False sorting_thread=alive
17:05:59 [v4][heartbeat] enter=False sorting=False cam=LIVE ai=LIVE cam_fps=58.6 pub_fps=30.2 frames=667569 result_subs=1 roi=ok intrinsic=ok inference_age_ms=99 target=none transport=False sorting_thread=alive
17:06:04 [v4][heartbeat] enter=False sorting=False cam=LIVE ai=LIVE cam_fps=58.0 pub_fps=30.4 frames=667859 result_subs=1 roi=ok intrinsic=ok inference_age_ms=61 target=none transport=False sorting_thread=alive
17:06:09 [v4][heartbeat] enter=False sorting=False cam=LIVE ai=LIVE cam_fps=56.2 pub_fps=30.2 frames=668140 result_subs=1 roi=ok intrinsic=ok inference_age_ms=146 target=none transport=False sorting_thread=alive
17:06:14 [v4][heartbeat] enter=False sorting=False cam=LIVE ai=LIVE cam_fps=59.6 pub_fps=30.4 frames=668438 result_subs=1 roi=ok intrinsic=ok inference_age_ms=91 target=none transport=False sorting_thread=alive
17:06:19 [v4][heartbeat] enter=False sorting=False cam=LIVE ai=LIVE cam_fps=54.6 pub_fps=30.2 frames=668711 result_subs=1 roi=ok intrinsic=ok inference_age_ms=154 target=none transport=False sorting_thread=alive
17:06:24 [v4][heartbeat] enter=False sorting=False cam=LIVE ai=LIVE cam_fps=57.6 pub_fps=30.4 frames=668999 result_subs=1 roi=ok intrinsic=ok inference_age_ms=111 target=none transport=False sorting_thread=alive
17:06:29 [v4][heartbeat] enter=False sorting=False cam=LIVE ai=LIVE cam_fps=58.4 pub_fps=30.4 frames=669291 result_subs=1 roi=ok intrinsic=ok inference_age_ms=60 target=none transport=False sorting_thread=alive
17:06:34 [v4][heartbeat] enter=False sorting=False cam=LIVE ai=LIVE cam_fps=55.4 pub_fps=30.2 frames=669568 result_subs=1 roi=ok intrinsic=ok inference_age_ms=128 target=none transport=False sorting_thread=alive
17:06:39 [v4][heartbeat] enter=False sorting=False cam=LIVE ai=LIVE cam_fps=58.8 pub_fps=30.4 frames=669862 result_subs=1 roi=ok intrinsic=ok inference_age_ms=95 target=none transport=False sorting_thread=alive
17:06:44 [v4][heartbeat] enter=False sorting=False cam=LIVE ai=LIVE cam_fps=54.4 pub_fps=30.2 frames=670134 result_subs=1 roi=ok intrinsic=ok inference_age_ms=162 target=none transport=False sorting_thread=alive
17:06:49 [v4][heartbeat] enter=False sorting=False cam=LIVE ai=LIVE cam_fps=54.6 pub_fps=30.2 frames=670407 result_subs=1 roi=ok intrinsic=ok inference_age_ms=125 target=none transport=False sorting_thread=alive
17:06:54 [v4][heartbeat] enter=False sorting=False cam=LIVE ai=LIVE cam_fps=59.0 pub_fps=30.4 frames=670702 result_subs=1 roi=ok intrinsic=ok inference_age_ms=76 target=none transport=False sorting_thread=alive
17:06:59 [v4][heartbeat] enter=False sorting=False cam=LIVE ai=LIVE cam_fps=54.3 pub_fps=30.4 frames=670974 result_subs=1 roi=ok intrinsic=ok inference_age_ms=175 target=none transport=False sorting_thread=alive
17:07:04 [v4][heartbeat] enter=False sorting=False cam=LIVE ai=LIVE cam_fps=57.7 pub_fps=30.2 frames=671262 result_subs=1 roi=ok intrinsic=ok inference_age_ms=128 target=none transport=False sorting_thread=alive
17:07:09 [v4][heartbeat] enter=False sorting=False cam=LIVE ai=LIVE cam_fps=55.2 pub_fps=30.4 frames=671538 result_subs=1 roi=ok intrinsic=ok inference_age_ms=83 target=none transport=False sorting_thread=alive
17:07:14 [v4][heartbeat] enter=False sorting=False cam=LIVE ai=LIVE cam_fps=54.4 pub_fps=30.2 frames=671810 result_subs=1 roi=ok intrinsic=ok inference_age_ms=37 target=none transport=False sorting_thread=alive
17:07:19 [v4][heartbeat] enter=False sorting=False cam=LIVE ai=LIVE cam_fps=58.6 pub_fps=30.4 frames=672103 result_subs=1 roi=ok intrinsic=ok inference_age_ms=130 target=none transport=False sorting_thread=alive
17:07:24 [v4][heartbeat] enter=False sorting=False cam=LIVE ai=LIVE cam_fps=54.0 pub_fps=30.2 frames=672373 result_subs=1 roi=ok intrinsic=ok inference_age_ms=82 target=none transport=False sorting_thread=alive
17:07:29 [v4][heartbeat] enter=False sorting=False cam=LIVE ai=LIVE cam_fps=57.6 pub_fps=30.2 frames=672661 result_subs=1 roi=ok intrinsic=ok inference_age_ms=155 target=none transport=False sorting_thread=alive
17:07:34 [v4][heartbeat] enter=False sorting=False cam=LIVE ai=LIVE cam_fps=56.6 pub_fps=30.4 frames=672944 result_subs=1 roi=ok intrinsic=ok inference_age_ms=102 target=none transport=False sorting_thread=alive
17:07:39 [v4][heartbeat] enter=False sorting=False cam=LIVE ai=LIVE cam_fps=56.0 pub_fps=30.4 frames=673224 result_subs=1 roi=ok intrinsic=ok inference_age_ms=51 target=none transport=False sorting_thread=alive
17:07:44 [v4][heartbeat] enter=False sorting=False cam=LIVE ai=LIVE cam_fps=59.0 pub_fps=30.2 frames=673519 result_subs=1 roi=ok intrinsic=ok inference_age_ms=135 target=none transport=False sorting_thread=alive
17:07:49 [v4][heartbeat] enter=False sorting=False cam=LIVE ai=LIVE cam_fps=55.4 pub_fps=30.2 frames=673796 result_subs=1 roi=ok intrinsic=ok inference_age_ms=92 target=none transport=False sorting_thread=alive
17:07:54 [v4][heartbeat] enter=False sorting=False cam=LIVE ai=LIVE cam_fps=57.4 pub_fps=30.4 frames=674083 result_subs=1 roi=ok intrinsic=ok inference_age_ms=44 target=none transport=False sorting_thread=alive
17:07:59 [v4][heartbeat] enter=False sorting=False cam=LIVE ai=LIVE cam_fps=57.3 pub_fps=30.4 frames=674370 result_subs=1 roi=ok intrinsic=ok inference_age_ms=129 target=none transport=False sorting_thread=alive
17:08:04 [v4][heartbeat] enter=False sorting=False cam=LIVE ai=LIVE cam_fps=55.9 pub_fps=30.2 frames=674649 result_subs=1 roi=ok intrinsic=ok inference_age_ms=79 target=none transport=False sorting_thread=alive
17:08:09 [v4][heartbeat] enter=False sorting=False cam=LIVE ai=LIVE cam_fps=58.8 pub_fps=30.2 frames=674943 result_subs=1 roi=ok intrinsic=ok inference_age_ms=162 target=none transport=False sorting_thread=alive
17:08:14 [v4][heartbeat] enter=False sorting=False cam=LIVE ai=LIVE cam_fps=53.4 pub_fps=30.4 frames=675210 result_subs=1 roi=ok intrinsic=ok inference_age_ms=129 target=none transport=False sorting_thread=alive
17:08:19 [v4][heartbeat] enter=False sorting=False cam=LIVE ai=LIVE cam_fps=59.2 pub_fps=30.4 frames=675506 result_subs=1 roi=ok intrinsic=ok inference_age_ms=81 target=none transport=False sorting_thread=alive
17:08:24 [v4][heartbeat] enter=False sorting=False cam=LIVE ai=LIVE cam_fps=57.2 pub_fps=30.2 frames=675792 result_subs=1 roi=ok intrinsic=ok inference_age_ms=160 target=none transport=False sorting_thread=alive
17:08:29 [v4][heartbeat] enter=False sorting=False cam=LIVE ai=LIVE cam_fps=52.2 pub_fps=30.4 frames=676053 result_subs=1 roi=ok intrinsic=ok inference_age_ms=114 target=none transport=False sorting_thread=alive
17:08:34 [v4][heartbeat] enter=False sorting=False cam=LIVE ai=LIVE cam_fps=58.8 pub_fps=30.2 frames=676347 result_subs=1 roi=ok intrinsic=ok inference_age_ms=66 target=none transport=False sorting_thread=alive
17:08:39 [v4][heartbeat] enter=False sorting=False cam=LIVE ai=LIVE cam_fps=54.0 pub_fps=30.4 frames=676617 result_subs=1 roi=ok intrinsic=ok inference_age_ms=138 target=none transport=False sorting_thread=alive
17:08:44 [v4][heartbeat] enter=False sorting=False cam=LIVE ai=LIVE cam_fps=55.0 pub_fps=30.2 frames=676892 result_subs=1 roi=ok intrinsic=ok inference_age_ms=105 target=none transport=False sorting_thread=alive
17:08:49 [v4][heartbeat] enter=False sorting=False cam=LIVE ai=LIVE cam_fps=57.2 pub_fps=30.4 frames=677178 result_subs=1 roi=ok intrinsic=ok inference_age_ms=50 target=none transport=False sorting_thread=alive
17:08:54 [v4][heartbeat] enter=False sorting=False cam=LIVE ai=LIVE cam_fps=54.4 pub_fps=30.4 frames=677450 result_subs=1 roi=ok intrinsic=ok inference_age_ms=131 target=none transport=False sorting_thread=alive
17:08:59 [v4][heartbeat] enter=False sorting=False cam=LIVE ai=LIVE cam_fps=58.8 pub_fps=30.2 frames=677744 result_subs=1 roi=ok intrinsic=ok inference_age_ms=83 target=none transport=False sorting_thread=alive
17:09:04 [v4][heartbeat] enter=False sorting=False cam=LIVE ai=LIVE cam_fps=53.4 pub_fps=30.2 frames=678011 result_subs=1 roi=ok intrinsic=ok inference_age_ms=45 target=none transport=False sorting_thread=alive
17:09:09 [v4][heartbeat] enter=False sorting=False cam=LIVE ai=LIVE cam_fps=56.0 pub_fps=30.4 frames=678291 result_subs=1 roi=ok intrinsic=ok inference_age_ms=121 target=none transport=False sorting_thread=alive
17:09:14 [v4][heartbeat] enter=False sorting=False cam=LIVE ai=LIVE cam_fps=58.2 pub_fps=30.2 frames=678582 result_subs=1 roi=ok intrinsic=ok inference_age_ms=58 target=none transport=False sorting_thread=alive
17:09:19 [v4][heartbeat] enter=False sorting=False cam=LIVE ai=LIVE cam_fps=53.8 pub_fps=30.4 frames=678851 result_subs=1 roi=ok intrinsic=ok inference_age_ms=145 target=none transport=False sorting_thread=alive
17:09:24 [v4][heartbeat] enter=False sorting=False cam=LIVE ai=LIVE cam_fps=58.4 pub_fps=30.4 frames=679143 result_subs=1 roi=ok intrinsic=ok inference_age_ms=104 target=none transport=False sorting_thread=alive
17:09:29 [v4][heartbeat] enter=False sorting=False cam=LIVE ai=LIVE cam_fps=56.6 pub_fps=30.2 frames=679426 result_subs=1 roi=ok intrinsic=ok inference_age_ms=64 target=none transport=False sorting_thread=alive
17:09:34 [v4][heartbeat] enter=False sorting=False cam=LIVE ai=LIVE cam_fps=56.8 pub_fps=30.4 frames=679710 result_subs=1 roi=ok intrinsic=ok inference_age_ms=130 target=none transport=False sorting_thread=alive
17:09:39 [v4][heartbeat] enter=False sorting=False cam=LIVE ai=LIVE cam_fps=58.8 pub_fps=30.2 frames=680004 result_subs=1 roi=ok intrinsic=ok inference_age_ms=83 target=none transport=False sorting_thread=alive
17:09:44 [v4][heartbeat] enter=False sorting=False cam=LIVE ai=LIVE cam_fps=51.5 pub_fps=30.4 frames=680262 result_subs=1 roi=ok intrinsic=ok inference_age_ms=165 target=none transport=False sorting_thread=alive
17:09:49 [v4][heartbeat] enter=False sorting=False cam=LIVE ai=LIVE cam_fps=56.5 pub_fps=30.2 frames=680544 result_subs=1 roi=ok intrinsic=ok inference_age_ms=104 target=none transport=False sorting_thread=alive
17:09:54 [v4][heartbeat] enter=False sorting=False cam=LIVE ai=LIVE cam_fps=57.0 pub_fps=30.4 frames=680829 result_subs=1 roi=ok intrinsic=ok inference_age_ms=69 target=none transport=False sorting_thread=alive
17:09:59 [v4][heartbeat] enter=False sorting=False cam=LIVE ai=LIVE cam_fps=55.8 pub_fps=30.2 frames=681108 result_subs=1 roi=ok intrinsic=ok inference_age_ms=145 target=none transport=False sorting_thread=alive
17:10:04 [v4][heartbeat] enter=False sorting=False cam=LIVE ai=LIVE cam_fps=58.6 pub_fps=30.4 frames=681401 result_subs=1 roi=ok intrinsic=ok inference_age_ms=95 target=none transport=False sorting_thread=alive
17:10:09 [v4][heartbeat] enter=False sorting=False cam=LIVE ai=LIVE cam_fps=53.6 pub_fps=30.2 frames=681669 result_subs=1 roi=ok intrinsic=ok inference_age_ms=54 target=none transport=False sorting_thread=alive
17:10:14 [v4][heartbeat] enter=False sorting=False cam=LIVE ai=LIVE cam_fps=58.2 pub_fps=30.2 frames=681960 result_subs=1 roi=ok intrinsic=ok inference_age_ms=134 target=none transport=False sorting_thread=alive
17:10:19 [v4][heartbeat] enter=False sorting=False cam=LIVE ai=LIVE cam_fps=58.0 pub_fps=30.4 frames=682250 result_subs=1 roi=ok intrinsic=ok inference_age_ms=83 target=none transport=False sorting_thread=alive
17:10:24 [v4][heartbeat] enter=False sorting=False cam=LIVE ai=LIVE cam_fps=55.4 pub_fps=30.4 frames=682527 result_subs=1 roi=ok intrinsic=ok inference_age_ms=39 target=none transport=False sorting_thread=alive
17:10:29 [v4][heartbeat] enter=False sorting=False cam=LIVE ai=LIVE cam_fps=58.6 pub_fps=30.2 frames=682820 result_subs=1 roi=ok intrinsic=ok inference_age_ms=115 target=none transport=False sorting_thread=alive
17:10:34 [v4][heartbeat] enter=False sorting=False cam=LIVE ai=LIVE cam_fps=54.2 pub_fps=30.4 frames=683091 result_subs=1 roi=ok intrinsic=ok inference_age_ms=78 target=none transport=False sorting_thread=alive
17:10:39 [v4][heartbeat] enter=False sorting=False cam=LIVE ai=LIVE cam_fps=57.2 pub_fps=30.2 frames=683377 result_subs=1 roi=ok intrinsic=ok inference_age_ms=158 target=none transport=False sorting_thread=alive
17:10:44 [v4][heartbeat] enter=False sorting=False cam=LIVE ai=LIVE cam_fps=57.8 pub_fps=30.4 frames=683666 result_subs=1 roi=ok intrinsic=ok inference_age_ms=109 target=none transport=False sorting_thread=alive
17:10:49 [v4][heartbeat] enter=False sorting=False cam=LIVE ai=LIVE cam_fps=55.6 pub_fps=30.2 frames=683944 result_subs=1 roi=ok intrinsic=ok inference_age_ms=67 target=none transport=False sorting_thread=alive
17:10:54 [v4][heartbeat] enter=False sorting=False cam=LIVE ai=LIVE cam_fps=58.6 pub_fps=30.4 frames=684237 result_subs=1 roi=ok intrinsic=ok inference_age_ms=147 target=none transport=False sorting_thread=alive
17:10:59 [v4][heartbeat] enter=False sorting=False cam=LIVE ai=LIVE cam_fps=55.8 pub_fps=30.2 frames=684516 result_subs=1 roi=ok intrinsic=ok inference_age_ms=103 target=none transport=False sorting_thread=alive
17:11:04 [v4][heartbeat] enter=False sorting=False cam=LIVE ai=LIVE cam_fps=57.6 pub_fps=30.4 frames=684804 result_subs=1 roi=ok intrinsic=ok inference_age_ms=56 target=none transport=False sorting_thread=alive
17:11:09 [v4][heartbeat] enter=False sorting=False cam=LIVE ai=LIVE cam_fps=57.8 pub_fps=30.2 frames=685093 result_subs=1 roi=ok intrinsic=ok inference_age_ms=132 target=none transport=False sorting_thread=alive
17:11:14 [v4][heartbeat] enter=False sorting=False cam=LIVE ai=LIVE cam_fps=56.0 pub_fps=30.4 frames=685373 result_subs=1 roi=ok intrinsic=ok inference_age_ms=85 target=none transport=False sorting_thread=alive
17:11:19 [v4][heartbeat] enter=False sorting=False cam=LIVE ai=LIVE cam_fps=58.0 pub_fps=30.4 frames=685663 result_subs=1 roi=ok intrinsic=ok inference_age_ms=45 target=none transport=False sorting_thread=alive
17:11:24 [v4][heartbeat] enter=False sorting=False cam=LIVE ai=LIVE cam_fps=54.2 pub_fps=30.2 frames=685934 result_subs=1 roi=ok intrinsic=ok inference_age_ms=123 target=none transport=False sorting_thread=alive
17:11:29 [v4][heartbeat] enter=False sorting=False cam=LIVE ai=LIVE cam_fps=57.8 pub_fps=30.2 frames=686223 result_subs=1 roi=ok intrinsic=ok inference_age_ms=79 target=none transport=False sorting_thread=alive
17:11:34 [v4][heartbeat] enter=False sorting=False cam=LIVE ai=LIVE cam_fps=57.4 pub_fps=30.4 frames=686510 result_subs=1 roi=ok intrinsic=ok inference_age_ms=166 target=none transport=False sorting_thread=alive
17:11:39 [v4][heartbeat] enter=False sorting=False cam=LIVE ai=LIVE cam_fps=53.6 pub_fps=30.2 frames=686778 result_subs=1 roi=ok intrinsic=ok inference_age_ms=129 target=none transport=False sorting_thread=alive
17:11:44 [v4][heartbeat] enter=False sorting=False cam=LIVE ai=LIVE cam_fps=59.0 pub_fps=30.4 frames=687073 result_subs=1 roi=ok intrinsic=ok inference_age_ms=82 target=none transport=False sorting_thread=alive
17:11:49 [v4][heartbeat] enter=False sorting=False cam=LIVE ai=LIVE cam_fps=54.6 pub_fps=30.2 frames=687346 result_subs=1 roi=ok intrinsic=ok inference_age_ms=37 target=none transport=False sorting_thread=alive
17:11:54 [v4][heartbeat] enter=False sorting=False cam=LIVE ai=LIVE cam_fps=56.2 pub_fps=30.4 frames=687627 result_subs=1 roi=ok intrinsic=ok inference_age_ms=105 target=none transport=False sorting_thread=alive
17:11:59 [v4][heartbeat] enter=False sorting=False cam=LIVE ai=LIVE cam_fps=58.4 pub_fps=30.2 frames=687919 result_subs=1 roi=ok intrinsic=ok inference_age_ms=55 target=none transport=False sorting_thread=alive
17:12:04 [v4][heartbeat] enter=False sorting=False cam=LIVE ai=LIVE cam_fps=54.6 pub_fps=30.4 frames=688192 result_subs=1 roi=ok intrinsic=ok inference_age_ms=114 target=none transport=False sorting_thread=alive
17:12:09 [v4][heartbeat] enter=False sorting=False cam=LIVE ai=LIVE cam_fps=57.0 pub_fps=30.4 frames=688477 result_subs=1 roi=ok intrinsic=ok inference_age_ms=79 target=none transport=False sorting_thread=alive
17:12:14 [v4][heartbeat] enter=False sorting=False cam=LIVE ai=LIVE cam_fps=54.6 pub_fps=30.2 frames=688750 result_subs=1 roi=ok intrinsic=ok inference_age_ms=157 target=none transport=False sorting_thread=alive
17:12:19 [v4][heartbeat] enter=False sorting=False cam=LIVE ai=LIVE cam_fps=55.6 pub_fps=30.4 frames=689028 result_subs=1 roi=ok intrinsic=ok inference_age_ms=113 target=none transport=False sorting_thread=alive
17:12:24 [v4][heartbeat] enter=False sorting=False cam=LIVE ai=LIVE cam_fps=58.6 pub_fps=30.2 frames=689321 result_subs=1 roi=ok intrinsic=ok inference_age_ms=66 target=none transport=False sorting_thread=alive
17:12:29 [v4][heartbeat] enter=False sorting=False cam=LIVE ai=LIVE cam_fps=56.7 pub_fps=30.3 frames=689605 result_subs=1 roi=ok intrinsic=ok inference_age_ms=162 target=none transport=False sorting_thread=alive
17:12:34 [v4][heartbeat] enter=False sorting=False cam=LIVE ai=LIVE cam_fps=58.1 pub_fps=30.3 frames=689895 result_subs=1 roi=ok intrinsic=ok inference_age_ms=114 target=none transport=False sorting_thread=alive
17:12:39 [v4][heartbeat] enter=False sorting=False cam=LIVE ai=LIVE cam_fps=55.4 pub_fps=30.4 frames=690172 result_subs=1 roi=ok intrinsic=ok inference_age_ms=67 target=none transport=False sorting_thread=alive
17:12:44 [v4][heartbeat] enter=False sorting=False cam=LIVE ai=LIVE cam_fps=54.4 pub_fps=30.2 frames=690444 result_subs=1 roi=ok intrinsic=ok inference_age_ms=145 target=none transport=False sorting_thread=alive
17:12:49 [v4][heartbeat] enter=False sorting=False cam=LIVE ai=LIVE cam_fps=58.6 pub_fps=30.4 frames=690737 result_subs=1 roi=ok intrinsic=ok inference_age_ms=88 target=none transport=False sorting_thread=alive
17:12:54 [v4][heartbeat] enter=False sorting=False cam=LIVE ai=LIVE cam_fps=54.2 pub_fps=30.2 frames=691008 result_subs=1 roi=ok intrinsic=ok inference_age_ms=39 target=none transport=False sorting_thread=alive
17:12:59 [v4][heartbeat] enter=False sorting=False cam=LIVE ai=LIVE cam_fps=57.8 pub_fps=30.4 frames=691297 result_subs=1 roi=ok intrinsic=ok inference_age_ms=117 target=none transport=False sorting_thread=alive
17:13:04 [v4][heartbeat] enter=False sorting=False cam=LIVE ai=LIVE cam_fps=57.6 pub_fps=30.2 frames=691585 result_subs=1 roi=ok intrinsic=ok inference_age_ms=66 target=none transport=False sorting_thread=alive
17:13:09 [v4][heartbeat] enter=False sorting=False cam=LIVE ai=LIVE cam_fps=54.4 pub_fps=30.4 frames=691857 result_subs=1 roi=ok intrinsic=ok inference_age_ms=152 target=none transport=False sorting_thread=alive
17:13:14 [v4][heartbeat] enter=False sorting=False cam=LIVE ai=LIVE cam_fps=59.0 pub_fps=30.2 frames=692152 result_subs=1 roi=ok intrinsic=ok inference_age_ms=107 target=none transport=False sorting_thread=alive
17:13:19 [v4][heartbeat] enter=False sorting=False cam=LIVE ai=LIVE cam_fps=54.6 pub_fps=30.4 frames=692425 result_subs=1 roi=ok intrinsic=ok inference_age_ms=64 target=none transport=False sorting_thread=alive
17:13:24 [v4][heartbeat] enter=False sorting=False cam=LIVE ai=LIVE cam_fps=57.4 pub_fps=30.2 frames=692712 result_subs=1 roi=ok intrinsic=ok inference_age_ms=137 target=none transport=False sorting_thread=alive
17:13:29 [v4][heartbeat] enter=False sorting=False cam=LIVE ai=LIVE cam_fps=58.2 pub_fps=30.4 frames=693003 result_subs=1 roi=ok intrinsic=ok inference_age_ms=96 target=none transport=False sorting_thread=alive
17:13:34 [v4][heartbeat] enter=False sorting=False cam=LIVE ai=LIVE cam_fps=54.8 pub_fps=30.2 frames=693277 result_subs=1 roi=ok intrinsic=ok inference_age_ms=47 target=none transport=False sorting_thread=alive
17:13:39 [v4][heartbeat] enter=False sorting=False cam=LIVE ai=LIVE cam_fps=59.0 pub_fps=30.4 frames=693572 result_subs=1 roi=ok intrinsic=ok inference_age_ms=130 target=none transport=False sorting_thread=alive
17:13:44 [v4][heartbeat] enter=False sorting=False cam=LIVE ai=LIVE cam_fps=54.2 pub_fps=30.2 frames=693843 result_subs=1 roi=ok intrinsic=ok inference_age_ms=69 target=none transport=False sorting_thread=alive
17:13:49 [v4][heartbeat] enter=False sorting=False cam=LIVE ai=LIVE cam_fps=56.2 pub_fps=30.4 frames=694124 result_subs=1 roi=ok intrinsic=ok inference_age_ms=158 target=none transport=False sorting_thread=alive
17:13:54 [v4][heartbeat] enter=False sorting=False cam=LIVE ai=LIVE cam_fps=57.8 pub_fps=30.2 frames=694413 result_subs=1 roi=ok intrinsic=ok inference_age_ms=107 target=none transport=False sorting_thread=alive
17:13:59 [v4][heartbeat] enter=False sorting=False cam=LIVE ai=LIVE cam_fps=56.2 pub_fps=30.4 frames=694694 result_subs=1 roi=ok intrinsic=ok inference_age_ms=59 target=none transport=False sorting_thread=alive
17:14:04 [v4][heartbeat] enter=False sorting=False cam=LIVE ai=LIVE cam_fps=57.8 pub_fps=30.4 frames=694983 result_subs=1 roi=ok intrinsic=ok inference_age_ms=145 target=none transport=False sorting_thread=alive
17:14:09 [v4][heartbeat] enter=False sorting=False cam=LIVE ai=LIVE cam_fps=56.0 pub_fps=30.2 frames=695263 result_subs=1 roi=ok intrinsic=ok inference_age_ms=102 target=none transport=False sorting_thread=alive
17:14:14 [v4][heartbeat] enter=False sorting=False cam=LIVE ai=LIVE cam_fps=55.6 pub_fps=30.2 frames=695541 result_subs=1 roi=ok intrinsic=ok inference_age_ms=61 target=none transport=False sorting_thread=alive
17:14:19 [v4][heartbeat] enter=False sorting=False cam=LIVE ai=LIVE cam_fps=58.0 pub_fps=30.4 frames=695831 result_subs=1 roi=ok intrinsic=ok inference_age_ms=149 target=none transport=False sorting_thread=alive
17:14:24 [v4][heartbeat] enter=False sorting=False cam=LIVE ai=LIVE cam_fps=55.6 pub_fps=30.4 frames=696109 result_subs=1 roi=ok intrinsic=ok inference_age_ms=114 target=none transport=False sorting_thread=alive
17:14:29 [v4][heartbeat] enter=False sorting=False cam=LIVE ai=LIVE cam_fps=58.4 pub_fps=30.2 frames=696401 result_subs=1 roi=ok intrinsic=ok inference_age_ms=57 target=none transport=False sorting_thread=alive
17:14:34 [v4][heartbeat] enter=False sorting=False cam=LIVE ai=LIVE cam_fps=55.0 pub_fps=30.4 frames=696676 result_subs=1 roi=ok intrinsic=ok inference_age_ms=134 target=none transport=False sorting_thread=alive
17:14:39 [v4][heartbeat] enter=False sorting=False cam=LIVE ai=LIVE cam_fps=56.5 pub_fps=30.2 frames=696958 result_subs=1 roi=ok intrinsic=ok inference_age_ms=82 target=none transport=False sorting_thread=alive
17:14:44 [v4][heartbeat] enter=False sorting=False cam=LIVE ai=LIVE cam_fps=58.4 pub_fps=30.2 frames=697250 result_subs=1 roi=ok intrinsic=ok inference_age_ms=37 target=none transport=False sorting_thread=alive
17:14:49 [v4][heartbeat] enter=False sorting=False cam=LIVE ai=LIVE cam_fps=52.6 pub_fps=30.4 frames=697513 result_subs=1 roi=ok intrinsic=ok inference_age_ms=118 target=none transport=False sorting_thread=alive
17:14:54 [v4][heartbeat] enter=False sorting=False cam=LIVE ai=LIVE cam_fps=56.2 pub_fps=30.2 frames=697794 result_subs=1 roi=ok intrinsic=ok inference_age_ms=62 target=none transport=False sorting_thread=alive
17:14:59 [v4][heartbeat] enter=False sorting=False cam=LIVE ai=LIVE cam_fps=57.4 pub_fps=30.4 frames=698081 result_subs=1 roi=ok intrinsic=ok inference_age_ms=141 target=none transport=False sorting_thread=alive
17:15:04 [v4][heartbeat] enter=False sorting=False cam=LIVE ai=LIVE cam_fps=55.6 pub_fps=30.4 frames=698359 result_subs=1 roi=ok intrinsic=ok inference_age_ms=89 target=none transport=False sorting_thread=alive
17:15:09 [v4][heartbeat] enter=False sorting=False cam=LIVE ai=LIVE cam_fps=57.8 pub_fps=30.2 frames=698648 result_subs=1 roi=ok intrinsic=ok inference_age_ms=42 target=none transport=False sorting_thread=alive
17:15:14 [v4][heartbeat] enter=False sorting=False cam=LIVE ai=LIVE cam_fps=54.0 pub_fps=30.2 frames=698918 result_subs=1 roi=ok intrinsic=ok inference_age_ms=120 target=none transport=False sorting_thread=alive
17:15:19 [v4][heartbeat] enter=False sorting=False cam=LIVE ai=LIVE cam_fps=56.8 pub_fps=30.4 frames=699202 result_subs=1 roi=ok intrinsic=ok inference_age_ms=70 target=none transport=False sorting_thread=alive
17:15:24 [v4][heartbeat] enter=False sorting=False cam=LIVE ai=LIVE cam_fps=57.4 pub_fps=30.4 frames=699489 result_subs=1 roi=ok intrinsic=ok inference_age_ms=154 target=none transport=False sorting_thread=alive
17:15:29 [v4][heartbeat] enter=False sorting=False cam=LIVE ai=LIVE cam_fps=55.2 pub_fps=30.2 frames=699765 result_subs=1 roi=ok intrinsic=ok inference_age_ms=113 target=none transport=False sorting_thread=alive
17:15:34 [v4][heartbeat] enter=False sorting=False cam=LIVE ai=LIVE cam_fps=58.6 pub_fps=30.4 frames=700058 result_subs=1 roi=ok intrinsic=ok inference_age_ms=65 target=none transport=False sorting_thread=alive
17:15:39 [v4][heartbeat] enter=False sorting=False cam=LIVE ai=LIVE cam_fps=55.8 pub_fps=30.2 frames=700337 result_subs=1 roi=ok intrinsic=ok inference_age_ms=142 target=none transport=False sorting_thread=alive
17:15:44 [v4][heartbeat] enter=False sorting=False cam=LIVE ai=LIVE cam_fps=57.8 pub_fps=30.4 frames=700626 result_subs=1 roi=ok intrinsic=ok inference_age_ms=95 target=none transport=False sorting_thread=alive
17:15:49 [v4][heartbeat] enter=False sorting=False cam=LIVE ai=LIVE cam_fps=56.2 pub_fps=30.2 frames=700907 result_subs=1 roi=ok intrinsic=ok inference_age_ms=45 target=none transport=False sorting_thread=alive
17:15:54 [v4][heartbeat] enter=False sorting=False cam=LIVE ai=LIVE cam_fps=53.9 pub_fps=30.4 frames=701177 result_subs=1 roi=ok intrinsic=ok inference_age_ms=129 target=none transport=False sorting_thread=alive
17:15:59 [v4][heartbeat] enter=False sorting=False cam=LIVE ai=LIVE cam_fps=58.8 pub_fps=30.2 frames=701471 result_subs=1 roi=ok intrinsic=ok inference_age_ms=77 target=none transport=False sorting_thread=alive
17:16:04 [v4][heartbeat] enter=False sorting=False cam=LIVE ai=LIVE cam_fps=56.4 pub_fps=30.2 frames=701753 result_subs=1 roi=ok intrinsic=ok inference_age_ms=157 target=none transport=False sorting_thread=alive
17:16:09 [v4][heartbeat] enter=False sorting=False cam=LIVE ai=LIVE cam_fps=54.2 pub_fps=30.4 frames=702024 result_subs=1 roi=ok intrinsic=ok inference_age_ms=102 target=none transport=False sorting_thread=alive
17:16:13 [v4][main] KeyboardInterrupt - shutting down
