# v5 session 2026-06-23_14-50-34 pid=63700
14:50:39 [v4][main] starting custom_sortingv5
14:50:39 [v4][init] constructing node 'custom_sortingv5'
14:50:39 [v4][init] waiting for kinematics/set_pose_target service...
14:50:41 [v4][init] kinematics/set_pose_target ready
14:50:41 [v4][init] bus_servo/get_state ready (full feedback enabled)
14:50:41 [v4][inference] worker thread starting
14:50:41 [v4][init] inference worker started (engine=/home/ubuntu/third_party_ros2/data/scaff_cubes_obb_v2.engine)
14:50:41 [v4][engine-load] starting load: /home/ubuntu/third_party_ros2/data/scaff_cubes_obb_v2.engine
14:50:41 [v4][init] camera subscriptions created (always-on) - topic /depth_cam/rgb/image_raw + camera_info
14:50:41 [v4][init] depth subscribed: /depth_cam/depth_to_color
14:50:41 [v4][main] spinning executor (4 threads)
14:50:41 [v4][startup] spawning sorting + transport threads
14:50:41 [v4][camera] first camera_info received: fx=453.0 fy=453.0 cx=328.3 cy=243.4
14:50:41 [v4][sorting-loop] thread started, waiting for enter+frames
14:50:41 [v4][svc] set_target red=True
14:50:41 [v4][svc] set_target green=True
14:50:41 [v4][svc] set_target blue=True
14:50:41 [v4][svc] set_target scaff=True
14:50:41 [v4][startup] v4 init finish
14:50:41 [v4][camera] FIRST FRAME received: (480, 640, 3) enc=rgb8
14:50:41 [v4][publish] first frame published: shape=(480, 640, 3) step=1920 contig=True qos=reliable/depth10 topic=/custom_sortingv5/image_result
14:50:41 [v4][engine-load] YOLO() constructed in 0.08s task=obb (raw='obb', override='obb')
14:50:41 [v4][svc] enable_sorting -> False
14:50:41 [v4][init] depth->color TF resolved
14:50:43 [v4][engine-load] warmup pass done in 1.93s
14:50:43 [v4][engine-load] engine active: /home/ubuntu/third_party_ros2/data/scaff_cubes_obb_v2.engine (total load 2.02s, swap #1)
14:50:43 [v4][engine-load] class names from model.names: ['scaff', 'light blue cube', 'dark blue cube', 'red cube', 'green cube']
14:50:43 [v4][engine-load] class 'dark blue cube' has NO place target - _do_place will refuse it; set one in the Places tab
14:50:43 [v4][engine-load] class 'green cube' has NO place target - _do_place will refuse it; set one in the Places tab
14:50:43 [v4][engine-load] class 'light blue cube' has NO place target - _do_place will refuse it; set one in the Places tab
14:50:43 [v4][engine-load] class 'red cube' has NO place target - _do_place will refuse it; set one in the Places tab
14:50:43 [v4][inference] first inference complete (62 ms)
14:50:43 [v4][sorting-loop] first inference result reached the loop
14:50:43 [v4][roi] reading transform.yaml from /home/ubuntu/ros2_ws/src/app/config/transform.yaml
14:50:43 [v4][roi]   loaded plane: [-0.015408908686640967, -0.08243832166670331, -0.996477038698767, 0.21877395196631844]
14:50:43 [v4][roi]   yaml loaded: extristric.shape=(4, 3) corners.shape=(5, 3) white_area_center.shape=(4, 4)
14:50:43 [v4][roi]   intrinsic ready after 0.00s (shape=(3, 3)) distortion.shape=(8,)
14:50:43 [v4][roi]   extrinsic plane shift done
14:50:43 [v4][roi]   projected 4 corners to image pixels
14:50:43 [v4][roi]   computed roi (y=85..400 x=164..562) on intrinsic shape=(3, 3)
14:50:43 [v4][sorting-loop] ROI built - detection branch is now live
14:50:46 [v4][heartbeat] enter=False sorting=False cam=LIVE ai=LIVE cam_fps=51.8 pub_fps=28.8 frames=259 result_subs=1 roi=ok intrinsic=ok inference_age_ms=99 target=none transport=False sorting_thread=alive
14:50:51 [v4][heartbeat] enter=False sorting=False cam=LIVE ai=LIVE cam_fps=50.8 pub_fps=30.2 frames=513 result_subs=1 roi=ok intrinsic=ok inference_age_ms=32 target=none transport=False sorting_thread=alive
14:50:56 [v4][heartbeat] enter=False sorting=False cam=LIVE ai=LIVE cam_fps=50.7 pub_fps=30.4 frames=767 result_subs=1 roi=ok intrinsic=ok inference_age_ms=98 target=none transport=False sorting_thread=alive
14:51:01 [v4][heartbeat] enter=False sorting=False cam=LIVE ai=LIVE cam_fps=55.5 pub_fps=30.2 frames=1044 result_subs=1 roi=ok intrinsic=ok inference_age_ms=85 target=none transport=False sorting_thread=alive
14:51:06 [v4][heartbeat] enter=False sorting=False cam=LIVE ai=LIVE cam_fps=51.0 pub_fps=30.4 frames=1299 result_subs=1 roi=ok intrinsic=ok inference_age_ms=75 target=none transport=False sorting_thread=alive
14:51:07 [v4][svc] enable_sorting -> False
14:51:07 [v4][calibrate] sorting force-stopped; starting calibration
14:51:08 [v4][calibrate] finished; rebuilding ROI from new transform.yaml
14:51:08 [v4][roi] reading transform.yaml from /home/ubuntu/ros2_ws/src/app/config/transform.yaml
14:51:08 [v4][roi]   loaded plane: [-0.015408908686640967, -0.08243832166670331, -0.996477038698767, 0.21877395196631844]
14:51:08 [v4][roi]   yaml loaded: extristric.shape=(4, 3) corners.shape=(5, 3) white_area_center.shape=(4, 4)
14:51:08 [v4][roi]   intrinsic ready after 0.00s (shape=(3, 3)) distortion.shape=(8,)
14:51:08 [v4][roi]   extrinsic plane shift done
14:51:08 [v4][roi]   projected 4 corners to image pixels
14:51:08 [v4][roi]   computed roi (y=85..400 x=164..562) on intrinsic shape=(3, 3)
14:51:08 [v4][sorting-loop] ROI built - detection branch is now live
14:51:11 [v4][heartbeat] enter=False sorting=False cam=LIVE ai=LIVE cam_fps=35.1 pub_fps=27.2 frames=1477 result_subs=1 roi=ok intrinsic=ok inference_age_ms=120 target=none transport=False sorting_thread=alive
14:51:16 [v4][heartbeat] enter=False sorting=False cam=LIVE ai=LIVE cam_fps=34.3 pub_fps=29.0 frames=1646 result_subs=1 roi=ok intrinsic=ok inference_age_ms=68 target=none transport=False sorting_thread=alive
14:51:21 [v4][heartbeat] enter=False sorting=False cam=LIVE ai=LIVE cam_fps=50.8 pub_fps=30.2 frames=1900 result_subs=1 roi=ok intrinsic=ok inference_age_ms=69 target=none transport=False sorting_thread=alive
14:51:26 [v4][heartbeat] enter=False sorting=False cam=LIVE ai=LIVE cam_fps=55.7 pub_fps=30.4 frames=2179 result_subs=1 roi=ok intrinsic=ok inference_age_ms=99 target=none transport=False sorting_thread=alive
14:51:31 [v4][heartbeat] enter=False sorting=False cam=LIVE ai=LIVE cam_fps=51.9 pub_fps=30.2 frames=2438 result_subs=1 roi=ok intrinsic=ok inference_age_ms=93 target=none transport=False sorting_thread=alive
14:51:36 [v4][heartbeat] enter=False sorting=False cam=LIVE ai=LIVE cam_fps=54.6 pub_fps=30.4 frames=2711 result_subs=1 roi=ok intrinsic=ok inference_age_ms=101 target=none transport=False sorting_thread=alive
14:51:41 [v4][heartbeat] enter=False sorting=False cam=LIVE ai=LIVE cam_fps=54.8 pub_fps=30.2 frames=2985 result_subs=1 roi=ok intrinsic=ok inference_age_ms=44 target=none transport=False sorting_thread=alive
14:51:46 [v4][heartbeat] enter=False sorting=False cam=LIVE ai=LIVE cam_fps=52.6 pub_fps=30.4 frames=3248 result_subs=1 roi=ok intrinsic=ok inference_age_ms=66 target=none transport=False sorting_thread=alive
14:51:51 [v4][heartbeat] enter=False sorting=False cam=LIVE ai=LIVE cam_fps=58.0 pub_fps=30.4 frames=3538 result_subs=1 roi=ok intrinsic=ok inference_age_ms=78 target=none transport=False sorting_thread=alive
14:51:56 [v4][heartbeat] enter=False sorting=False cam=LIVE ai=LIVE cam_fps=56.6 pub_fps=30.2 frames=3821 result_subs=1 roi=ok intrinsic=ok inference_age_ms=45 target=none transport=False sorting_thread=alive
14:52:01 [v4][heartbeat] enter=False sorting=False cam=LIVE ai=LIVE cam_fps=55.8 pub_fps=30.2 frames=4100 result_subs=1 roi=ok intrinsic=ok inference_age_ms=67 target=none transport=False sorting_thread=alive
14:52:06 [v4][heartbeat] enter=False sorting=False cam=LIVE ai=LIVE cam_fps=59.0 pub_fps=30.4 frames=4395 result_subs=1 roi=ok intrinsic=ok inference_age_ms=62 target=none transport=False sorting_thread=alive
14:52:11 [v4][heartbeat] enter=False sorting=False cam=LIVE ai=LIVE cam_fps=52.6 pub_fps=30.4 frames=4658 result_subs=1 roi=ok intrinsic=ok inference_age_ms=64 target=none transport=False sorting_thread=alive
14:52:16 [v4][heartbeat] enter=False sorting=False cam=LIVE ai=LIVE cam_fps=52.2 pub_fps=30.2 frames=4919 result_subs=1 roi=ok intrinsic=ok inference_age_ms=87 target=none transport=False sorting_thread=alive
14:52:21 [v4][heartbeat] enter=False sorting=False cam=LIVE ai=LIVE cam_fps=53.5 pub_fps=30.2 frames=5187 result_subs=1 roi=ok intrinsic=ok inference_age_ms=50 target=none transport=False sorting_thread=alive
14:52:26 [v4][heartbeat] enter=False sorting=False cam=LIVE ai=LIVE cam_fps=50.8 pub_fps=30.4 frames=5441 result_subs=1 roi=ok intrinsic=ok inference_age_ms=81 target=none transport=False sorting_thread=alive
14:52:31 [v4][heartbeat] enter=False sorting=False cam=LIVE ai=LIVE cam_fps=55.9 pub_fps=30.2 frames=5720 result_subs=1 roi=ok intrinsic=ok inference_age_ms=65 target=none transport=False sorting_thread=alive
14:52:32 [v4][svc] enable_sorting -> False
14:52:32 [v4][calibrate] sorting force-stopped; starting calibration
14:52:33 [v4][calibrate] finished; rebuilding ROI from new transform.yaml
14:52:33 [v4][roi] reading transform.yaml from /home/ubuntu/ros2_ws/src/app/config/transform.yaml
14:52:33 [v4][roi]   loaded plane: [-0.015408908686640967, -0.08243832166670331, -0.996477038698767, 0.21877395196631844]
14:52:33 [v4][roi]   yaml loaded: extristric.shape=(4, 3) corners.shape=(5, 3) white_area_center.shape=(4, 4)
14:52:33 [v4][roi]   intrinsic ready after 0.00s (shape=(3, 3)) distortion.shape=(8,)
14:52:33 [v4][roi]   extrinsic plane shift done
14:52:33 [v4][roi]   projected 4 corners to image pixels
14:52:33 [v4][roi]   computed roi (y=85..400 x=164..562) on intrinsic shape=(3, 3)
14:52:33 [v4][sorting-loop] ROI built - detection branch is now live
14:52:36 [v4][heartbeat] enter=False sorting=False cam=LIVE ai=LIVE cam_fps=32.1 pub_fps=27.6 frames=5881 result_subs=1 roi=ok intrinsic=ok inference_age_ms=98 target=none transport=False sorting_thread=alive
14:52:41 [v4][heartbeat] enter=False sorting=False cam=LIVE ai=LIVE cam_fps=38.5 pub_fps=28.6 frames=6073 result_subs=1 roi=ok intrinsic=ok inference_age_ms=121 target=none transport=False sorting_thread=alive
14:52:44 [v4][svc] apply_and_persist (persist=True)
14:52:44 [v4][svc] merged ['grip_offset_x', 'grip_offset_y', 'workspace_scale', 'workspace_size_x', 'workspace_size_y'] into /home/ubuntu/jetarm_v5_profiles/default.yaml
14:52:44 [v4][svc] apply_and_persist applied ['grip_offset_x', 'grip_offset_y', 'workspace_scale', 'workspace_size_x', 'workspace_size_y']
14:52:46 [v4][heartbeat] enter=False sorting=False cam=LIVE ai=LIVE cam_fps=52.6 pub_fps=30.2 frames=6336 result_subs=1 roi=ok intrinsic=ok inference_age_ms=62 target=none transport=False sorting_thread=alive
14:52:46 [v4][svc] apply_and_persist (persist=True)
14:52:46 [v4][svc] merged ['grip_offset_x', 'grip_offset_y', 'workspace_scale', 'workspace_size_x', 'workspace_size_y'] into /home/ubuntu/jetarm_v5_profiles/default.yaml
14:52:46 [v4][svc] apply_and_persist applied ['grip_offset_x', 'grip_offset_y', 'workspace_scale', 'workspace_size_x', 'workspace_size_y']
14:52:51 [v4][heartbeat] enter=False sorting=False cam=LIVE ai=LIVE cam_fps=49.4 pub_fps=30.4 frames=6583 result_subs=1 roi=ok intrinsic=ok inference_age_ms=61 target=none transport=False sorting_thread=alive
14:52:56 [v4][heartbeat] enter=False sorting=False cam=LIVE ai=LIVE cam_fps=55.2 pub_fps=30.2 frames=6859 result_subs=1 roi=ok intrinsic=ok inference_age_ms=43 target=none transport=False sorting_thread=alive
14:53:01 [v4][heartbeat] enter=False sorting=False cam=LIVE ai=LIVE cam_fps=49.8 pub_fps=30.4 frames=7108 result_subs=1 roi=ok intrinsic=ok inference_age_ms=94 target=none transport=False sorting_thread=alive
14:53:02 [v4][svc] enable_sorting -> False
14:53:02 [v4][calibrate] sorting force-stopped; starting calibration
14:53:03 [v4][calibrate] finished; rebuilding ROI from new transform.yaml
14:53:03 [v4][roi] reading transform.yaml from /home/ubuntu/ros2_ws/src/app/config/transform.yaml
14:53:03 [v4][roi]   loaded plane: [-0.015408908686640967, -0.08243832166670331, -0.996477038698767, 0.21877395196631844]
14:53:03 [v4][roi]   yaml loaded: extristric.shape=(4, 3) corners.shape=(5, 3) white_area_center.shape=(4, 4)
14:53:03 [v4][roi]   intrinsic ready after 0.00s (shape=(3, 3)) distortion.shape=(8,)
14:53:03 [v4][roi]   extrinsic plane shift done
14:53:03 [v4][roi]   projected 4 corners to image pixels
14:53:03 [v4][roi]   computed roi (y=85..400 x=164..562) on intrinsic shape=(3, 3)
14:53:03 [v4][sorting-loop] ROI built - detection branch is now live
14:53:06 [v4][heartbeat] enter=False sorting=False cam=LIVE ai=LIVE cam_fps=29.3 pub_fps=27.9 frames=7255 result_subs=1 roi=ok intrinsic=ok inference_age_ms=165 target=none transport=False sorting_thread=alive
14:53:11 [v4][heartbeat] enter=False sorting=False cam=LIVE ai=LIVE cam_fps=33.3 pub_fps=27.7 frames=7421 result_subs=1 roi=ok intrinsic=ok inference_age_ms=66 target=none transport=False sorting_thread=alive
14:53:16 [v4][heartbeat] enter=False sorting=False cam=LIVE ai=LIVE cam_fps=52.6 pub_fps=30.2 frames=7684 result_subs=1 roi=ok intrinsic=ok inference_age_ms=62 target=none transport=False sorting_thread=alive
14:53:21 [v4][heartbeat] enter=False sorting=False cam=LIVE ai=LIVE cam_fps=57.5 pub_fps=30.4 frames=7972 result_subs=1 roi=ok intrinsic=ok inference_age_ms=62 target=none transport=False sorting_thread=alive
14:53:26 [v4][heartbeat] enter=False sorting=False cam=LIVE ai=LIVE cam_fps=53.8 pub_fps=30.2 frames=8241 result_subs=1 roi=ok intrinsic=ok inference_age_ms=63 target=none transport=False sorting_thread=alive
14:53:31 [v4][heartbeat] enter=False sorting=False cam=LIVE ai=LIVE cam_fps=50.9 pub_fps=30.3 frames=8496 result_subs=1 roi=ok intrinsic=ok inference_age_ms=65 target=none transport=False sorting_thread=alive
14:53:36 [v4][heartbeat] enter=False sorting=False cam=LIVE ai=LIVE cam_fps=55.3 pub_fps=30.3 frames=8772 result_subs=1 roi=ok intrinsic=ok inference_age_ms=70 target=none transport=False sorting_thread=alive
14:53:38 [v4][svc] enable_sorting -> False
14:53:38 [v4][calibrate] sorting force-stopped; starting calibration
14:53:39 [v4][calibrate] finished; rebuilding ROI from new transform.yaml
14:53:39 [v4][roi] reading transform.yaml from /home/ubuntu/ros2_ws/src/app/config/transform.yaml
14:53:39 [v4][roi]   loaded plane: [-0.015408908686640967, -0.08243832166670331, -0.996477038698767, 0.21877395196631844]
14:53:39 [v4][roi]   yaml loaded: extristric.shape=(4, 3) corners.shape=(5, 3) white_area_center.shape=(4, 4)
14:53:39 [v4][roi]   intrinsic ready after 0.00s (shape=(3, 3)) distortion.shape=(8,)
14:53:39 [v4][roi]   extrinsic plane shift done
14:53:39 [v4][roi]   projected 4 corners to image pixels
14:53:39 [v4][roi]   computed roi (y=85..400 x=164..562) on intrinsic shape=(3, 3)
14:53:39 [v4][sorting-loop] ROI built - detection branch is now live
14:53:41 [v4][heartbeat] enter=False sorting=False cam=LIVE ai=LIVE cam_fps=40.3 pub_fps=28.4 frames=8974 result_subs=1 roi=ok intrinsic=ok inference_age_ms=160 target=none transport=False sorting_thread=alive
14:53:43 [v4][calibrate] plane refit: no depth / SearchPlane unavail
14:53:46 [v4][heartbeat] enter=False sorting=False cam=LIVE ai=LIVE cam_fps=25.0 pub_fps=27.2 frames=9099 result_subs=1 roi=ok intrinsic=ok inference_age_ms=70 target=none transport=False sorting_thread=alive
14:53:48 [v4][calibrate] plane refit: no depth / SearchPlane unavail
14:53:51 [v4][heartbeat] enter=False sorting=False cam=LIVE ai=LIVE cam_fps=51.6 pub_fps=30.4 frames=9357 result_subs=1 roi=ok intrinsic=ok inference_age_ms=73 target=none transport=False sorting_thread=alive
14:53:56 [v4][heartbeat] enter=False sorting=False cam=LIVE ai=LIVE cam_fps=50.4 pub_fps=30.2 frames=9609 result_subs=1 roi=ok intrinsic=ok inference_age_ms=85 target=none transport=False sorting_thread=alive
14:54:01 [v4][heartbeat] enter=False sorting=False cam=LIVE ai=LIVE cam_fps=55.2 pub_fps=30.4 frames=9885 result_subs=1 roi=ok intrinsic=ok inference_age_ms=81 target=none transport=False sorting_thread=alive
14:54:06 [v4][heartbeat] enter=False sorting=False cam=LIVE ai=LIVE cam_fps=49.6 pub_fps=30.2 frames=10133 result_subs=1 roi=ok intrinsic=ok inference_age_ms=75 target=none transport=False sorting_thread=alive
14:54:11 [v4][heartbeat] enter=False sorting=False cam=LIVE ai=LIVE cam_fps=56.2 pub_fps=30.4 frames=10414 result_subs=1 roi=ok intrinsic=ok inference_age_ms=79 target=none transport=False sorting_thread=alive
14:54:16 [v4][heartbeat] enter=False sorting=False cam=LIVE ai=LIVE cam_fps=54.0 pub_fps=30.2 frames=10684 result_subs=1 roi=ok intrinsic=ok inference_age_ms=110 target=none transport=False sorting_thread=alive
14:54:21 [v4][heartbeat] enter=False sorting=False cam=LIVE ai=LIVE cam_fps=52.4 pub_fps=30.4 frames=10946 result_subs=1 roi=ok intrinsic=ok inference_age_ms=98 target=none transport=False sorting_thread=alive
14:54:23 [v4][svc] apply_and_persist (persist=True)
14:54:23 [v4][param] enable_inference -> True (worker RESUMED)
14:54:23 [v4][svc] merged ['parallel_base_motion', 'compliance_grasp_enabled', 'grasp_prefer_short_axis', 'use_depth_for_z', 'inference_warmup', 'hot_log_inference_ms', 'enable_camera_sub', 'enable_inference'] into /home/ubuntu/jetarm_v5_profiles/default.yaml
14:54:23 [v4][svc] apply_and_persist applied ['parallel_base_motion', 'compliance_grasp_enabled', 'grasp_prefer_short_axis', 'use_depth_for_z', 'inference_warmup', 'hot_log_inference_ms', 'enable_camera_sub', 'enable_inference']
14:54:26 [v4][heartbeat] enter=False sorting=False cam=LIVE ai=LIVE cam_fps=54.8 pub_fps=30.2 frames=11220 result_subs=1 roi=ok intrinsic=ok inference_age_ms=71 target=none transport=False sorting_thread=alive
14:54:28 [v4][svc] enable_sorting -> False
14:54:28 [v4][calibrate] sorting force-stopped; starting calibration
14:54:28 [v4][calibrate] using inline fallback (prefer_inline)
14:54:29 [v4][calibrate] inline: wrote /home/ubuntu/ros2_ws/src/app/config/transform.yaml
14:54:29 [v4][roi] reading transform.yaml from /home/ubuntu/ros2_ws/src/app/config/transform.yaml
14:54:29 [v4][roi]   loaded plane: [-0.015408908686640967, -0.08243832166670331, -0.996477038698767, 0.21877395196631844]
14:54:29 [v4][roi]   yaml loaded: extristric.shape=(4, 3) corners.shape=(5, 3) white_area_center.shape=(4, 4)
14:54:29 [v4][roi]   intrinsic ready after 0.00s (shape=(3, 3)) distortion.shape=(8,)
14:54:29 [v4][roi]   extrinsic plane shift done
14:54:29 [v4][roi]   projected 4 corners to image pixels
14:54:29 [v4][roi]   computed roi (y=0..511 x=21..545) on intrinsic shape=(3, 3)
14:54:29 [v4][sorting-loop] ROI built - detection branch is now live
14:54:31 [v4][heartbeat] enter=False sorting=False cam=LIVE ai=LIVE cam_fps=38.1 pub_fps=27.0 frames=11412 result_subs=1 roi=ok intrinsic=ok inference_age_ms=182 target=none transport=False sorting_thread=alive
14:54:32 [v4][calibrate] plane refit: no depth / SearchPlane unavail
14:54:36 [v4][heartbeat] enter=False sorting=False cam=LIVE ai=LIVE cam_fps=30.7 pub_fps=28.3 frames=11564 result_subs=1 roi=ok intrinsic=ok inference_age_ms=101 target=none transport=False sorting_thread=alive
14:54:37 [v4][svc] enable_sorting -> False
14:54:37 [v4][calibrate] sorting force-stopped; starting calibration
14:54:37 [v4][calibrate] using inline fallback (prefer_inline)
14:54:38 [v4][calibrate] inline: wrote /home/ubuntu/ros2_ws/src/app/config/transform.yaml
14:54:38 [v4][roi] reading transform.yaml from /home/ubuntu/ros2_ws/src/app/config/transform.yaml
14:54:38 [v4][roi]   loaded plane: [-0.015408908686640967, -0.08243832166670331, -0.996477038698767, 0.21877395196631844]
14:54:38 [v4][roi]   yaml loaded: extristric.shape=(4, 3) corners.shape=(5, 3) white_area_center.shape=(4, 4)
14:54:38 [v4][roi]   intrinsic ready after 0.00s (shape=(3, 3)) distortion.shape=(8,)
14:54:38 [v4][roi]   extrinsic plane shift done
14:54:38 [v4][roi]   projected 4 corners to image pixels
14:54:38 [v4][roi]   computed roi (y=0..513 x=21..544) on intrinsic shape=(3, 3)
14:54:38 [v4][sorting-loop] ROI built - detection branch is now live
14:54:41 [v4][heartbeat] enter=False sorting=False cam=LIVE ai=LIVE cam_fps=35.6 pub_fps=27.1 frames=11744 result_subs=1 roi=ok intrinsic=ok inference_age_ms=140 target=none transport=False sorting_thread=alive
14:54:46 [v4][heartbeat] enter=False sorting=False cam=LIVE ai=LIVE cam_fps=34.0 pub_fps=28.3 frames=11912 result_subs=1 roi=ok intrinsic=ok inference_age_ms=87 target=none transport=False sorting_thread=alive
14:54:51 [v4][heartbeat] enter=False sorting=False cam=LIVE ai=LIVE cam_fps=54.2 pub_fps=30.4 frames=12183 result_subs=1 roi=ok intrinsic=ok inference_age_ms=92 target=none transport=False sorting_thread=alive
14:54:56 [v4][heartbeat] enter=False sorting=False cam=LIVE ai=LIVE cam_fps=19.3 pub_fps=25.0 frames=12280 result_subs=1 roi=ok intrinsic=ok inference_age_ms=115 target=none transport=False sorting_thread=alive
14:55:01 [v4][heartbeat] enter=False sorting=False cam=LIVE ai=LIVE cam_fps=20.7 pub_fps=23.9 frames=12383 result_subs=1 roi=ok intrinsic=ok inference_age_ms=200 target=none transport=False sorting_thread=alive
14:55:06 [v4][heartbeat] enter=False sorting=False cam=LIVE ai=LIVE cam_fps=22.4 pub_fps=25.2 frames=12495 result_subs=1 roi=ok intrinsic=ok inference_age_ms=145 target=none transport=False sorting_thread=alive
14:55:11 [v4][heartbeat] enter=False sorting=False cam=LIVE ai=LIVE cam_fps=21.6 pub_fps=23.8 frames=12604 result_subs=1 roi=ok intrinsic=ok inference_age_ms=144 target=none transport=False sorting_thread=alive
14:55:16 [v4][heartbeat] enter=False sorting=False cam=LIVE ai=LIVE cam_fps=25.0 pub_fps=27.2 frames=12729 result_subs=1 roi=ok intrinsic=ok inference_age_ms=203 target=none transport=False sorting_thread=alive
14:55:21 [v4][heartbeat] enter=False sorting=False cam=LIVE ai=LIVE cam_fps=21.1 pub_fps=23.5 frames=12834 result_subs=1 roi=ok intrinsic=ok inference_age_ms=130 target=none transport=False sorting_thread=alive
14:55:26 [v4][heartbeat] enter=False sorting=False cam=LIVE ai=LIVE cam_fps=21.2 pub_fps=24.6 frames=12940 result_subs=1 roi=ok intrinsic=ok inference_age_ms=223 target=none transport=False sorting_thread=alive
14:55:31 [v4][heartbeat] enter=False sorting=False cam=LIVE ai=LIVE cam_fps=23.3 pub_fps=26.3 frames=13056 result_subs=1 roi=ok intrinsic=ok inference_age_ms=186 target=none transport=False sorting_thread=alive
14:55:36 [v4][heartbeat] enter=False sorting=False cam=LIVE ai=LIVE cam_fps=20.6 pub_fps=25.2 frames=13159 result_subs=1 roi=ok intrinsic=ok inference_age_ms=138 target=none transport=False sorting_thread=alive
14:55:41 [v4][heartbeat] enter=False sorting=False cam=LIVE ai=LIVE cam_fps=25.5 pub_fps=26.5 frames=13287 result_subs=1 roi=ok intrinsic=ok inference_age_ms=172 target=none transport=False sorting_thread=alive
14:55:46 [v4][heartbeat] enter=False sorting=False cam=LIVE ai=LIVE cam_fps=20.3 pub_fps=24.5 frames=13388 result_subs=1 roi=ok intrinsic=ok inference_age_ms=107 target=none transport=False sorting_thread=alive
14:55:51 [v4][heartbeat] enter=False sorting=False cam=LIVE ai=LIVE cam_fps=21.4 pub_fps=26.4 frames=13495 result_subs=1 roi=ok intrinsic=ok inference_age_ms=113 target=none transport=False sorting_thread=alive
14:55:56 [v4][heartbeat] enter=False sorting=False cam=LIVE ai=LIVE cam_fps=22.7 pub_fps=24.5 frames=13609 result_subs=1 roi=ok intrinsic=ok inference_age_ms=73 target=none transport=False sorting_thread=alive
14:56:01 [v4][heartbeat] enter=False sorting=False cam=LIVE ai=LIVE cam_fps=21.7 pub_fps=25.3 frames=13717 result_subs=1 roi=ok intrinsic=ok inference_age_ms=95 target=none transport=False sorting_thread=alive
14:56:06 [v4][heartbeat] enter=False sorting=False cam=LIVE ai=LIVE cam_fps=20.0 pub_fps=25.0 frames=13817 result_subs=1 roi=ok intrinsic=ok inference_age_ms=105 target=none transport=False sorting_thread=alive
14:56:11 [v4][heartbeat] enter=False sorting=False cam=LIVE ai=LIVE cam_fps=20.3 pub_fps=24.1 frames=13919 result_subs=1 roi=ok intrinsic=ok inference_age_ms=140 target=none transport=False sorting_thread=alive
14:56:16 [v4][heartbeat] enter=False sorting=False cam=LIVE ai=LIVE cam_fps=18.8 pub_fps=23.7 frames=14013 result_subs=1 roi=ok intrinsic=ok inference_age_ms=92 target=none transport=False sorting_thread=alive
14:56:21 [v4][heartbeat] enter=False sorting=False cam=LIVE ai=LIVE cam_fps=20.6 pub_fps=23.6 frames=14117 result_subs=1 roi=ok intrinsic=ok inference_age_ms=127 target=none transport=False sorting_thread=alive
14:56:26 [v4][heartbeat] enter=False sorting=False cam=LIVE ai=LIVE cam_fps=19.7 pub_fps=24.6 frames=14214 result_subs=1 roi=ok intrinsic=ok inference_age_ms=118 target=none transport=False sorting_thread=alive
14:56:31 [v4][heartbeat] enter=False sorting=False cam=LIVE ai=LIVE cam_fps=22.0 pub_fps=23.2 frames=14325 result_subs=1 roi=ok intrinsic=ok inference_age_ms=128 target=none transport=False sorting_thread=alive
14:56:36 [v4][heartbeat] enter=False sorting=False cam=LIVE ai=LIVE cam_fps=20.3 pub_fps=24.7 frames=14427 result_subs=1 roi=ok intrinsic=ok inference_age_ms=170 target=none transport=False sorting_thread=alive
14:56:41 [v4][heartbeat] enter=False sorting=False cam=LIVE ai=LIVE cam_fps=19.8 pub_fps=24.7 frames=14525 result_subs=1 roi=ok intrinsic=ok inference_age_ms=70 target=none transport=False sorting_thread=alive
14:56:46 [v4][heartbeat] enter=False sorting=False cam=LIVE ai=LIVE cam_fps=22.1 pub_fps=24.7 frames=14637 result_subs=1 roi=ok intrinsic=ok inference_age_ms=127 target=none transport=False sorting_thread=alive
14:56:51 [v4][heartbeat] enter=False sorting=False cam=LIVE ai=LIVE cam_fps=21.6 pub_fps=25.6 frames=14745 result_subs=1 roi=ok intrinsic=ok inference_age_ms=105 target=none transport=False sorting_thread=alive
14:56:56 [v4][heartbeat] enter=False sorting=False cam=LIVE ai=LIVE cam_fps=23.7 pub_fps=26.1 frames=14862 result_subs=1 roi=ok intrinsic=ok inference_age_ms=98 target=none transport=False sorting_thread=alive
14:57:00 [v4][svc] apply_and_persist (persist=True)
14:57:01 [v4][svc] merged ['grip_offset_x', 'grip_offset_y', 'workspace_scale', 'workspace_size_x', 'workspace_size_y'] into /home/ubuntu/jetarm_v5_profiles/default.yaml
14:57:01 [v4][svc] apply_and_persist applied ['grip_offset_x', 'grip_offset_y', 'workspace_scale', 'workspace_size_x', 'workspace_size_y']
14:57:01 [v4][heartbeat] enter=False sorting=False cam=LIVE ai=LIVE cam_fps=19.7 pub_fps=26.3 frames=14960 result_subs=1 roi=ok intrinsic=ok inference_age_ms=93 target=none transport=False sorting_thread=alive
14:57:05 [v4][svc] enable_sorting -> False
14:57:06 [v4][calibrate] sorting force-stopped; starting calibration
14:57:06 [v4][heartbeat] enter=False sorting=False cam=LIVE ai=LIVE cam_fps=48.6 pub_fps=30.4 frames=15203 result_subs=1 roi=ok intrinsic=ok inference_age_ms=75 target=none transport=False sorting_thread=alive
14:57:06 [v4][calibrate] finished; rebuilding ROI from new transform.yaml
14:57:07 [v4][roi] reading transform.yaml from /home/ubuntu/ros2_ws/src/app/config/transform.yaml
14:57:07 [v4][roi]   loaded plane: [-0.015408908686640967, -0.08243832166670331, -0.996477038698767, 0.21877395196631844]
14:57:07 [v4][roi]   yaml loaded: extristric.shape=(4, 3) corners.shape=(5, 3) white_area_center.shape=(4, 4)
14:57:07 [v4][roi]   intrinsic ready after 0.00s (shape=(3, 3)) distortion.shape=(8,)
14:57:07 [v4][roi]   extrinsic plane shift done
14:57:07 [v4][roi]   projected 4 corners to image pixels
14:57:07 [v4][roi]   computed roi (y=0..513 x=21..544) on intrinsic shape=(3, 3)
14:57:07 [v4][sorting-loop] ROI built - detection branch is now live
14:57:09 [v4][calibrate] plane refit: no depth / SearchPlane unavail
14:57:11 [v4][heartbeat] enter=False sorting=False cam=LIVE ai=LIVE cam_fps=25.1 pub_fps=25.7 frames=15329 result_subs=1 roi=ok intrinsic=ok inference_age_ms=200 target=none transport=False sorting_thread=alive
14:57:13 [v4][calibrate] plane refit: no depth / SearchPlane unavail
14:57:16 [v4][heartbeat] enter=False sorting=False cam=LIVE ai=LIVE cam_fps=39.8 pub_fps=29.7 frames=15527 result_subs=1 roi=ok intrinsic=ok inference_age_ms=59 target=none transport=False sorting_thread=alive
14:57:21 [v4][heartbeat] enter=False sorting=False cam=LIVE ai=LIVE cam_fps=54.8 pub_fps=30.2 frames=15801 result_subs=1 roi=ok intrinsic=ok inference_age_ms=85 target=none transport=False sorting_thread=alive
14:57:26 [v4][heartbeat] enter=False sorting=False cam=LIVE ai=LIVE cam_fps=52.7 pub_fps=30.4 frames=16065 result_subs=1 roi=ok intrinsic=ok inference_age_ms=111 target=none transport=False sorting_thread=alive
14:57:31 [v4][heartbeat] enter=False sorting=False cam=LIVE ai=LIVE cam_fps=49.6 pub_fps=30.4 frames=16313 result_subs=1 roi=ok intrinsic=ok inference_age_ms=102 target=none transport=False sorting_thread=alive
14:57:36 [v4][heartbeat] enter=False sorting=False cam=LIVE ai=LIVE cam_fps=55.5 pub_fps=30.2 frames=16590 result_subs=1 roi=ok intrinsic=ok inference_age_ms=37 target=none transport=False sorting_thread=alive
14:57:41 [v4][heartbeat] enter=False sorting=False cam=LIVE ai=LIVE cam_fps=51.6 pub_fps=30.2 frames=16848 result_subs=1 roi=ok intrinsic=ok inference_age_ms=55 target=none transport=False sorting_thread=alive
14:57:46 [v4][heartbeat] enter=False sorting=False cam=LIVE ai=LIVE cam_fps=53.9 pub_fps=30.4 frames=17118 result_subs=1 roi=ok intrinsic=ok inference_age_ms=74 target=none transport=False sorting_thread=alive
14:57:51 [v4][heartbeat] enter=False sorting=False cam=LIVE ai=LIVE cam_fps=55.3 pub_fps=30.4 frames=17394 result_subs=1 roi=ok intrinsic=ok inference_age_ms=57 target=none transport=False sorting_thread=alive
14:57:56 [v4][heartbeat] enter=False sorting=False cam=LIVE ai=LIVE cam_fps=52.8 pub_fps=30.2 frames=17658 result_subs=1 roi=ok intrinsic=ok inference_age_ms=74 target=none transport=False sorting_thread=alive
14:58:01 [v4][heartbeat] enter=False sorting=False cam=LIVE ai=LIVE cam_fps=56.6 pub_fps=30.2 frames=17941 result_subs=1 roi=ok intrinsic=ok inference_age_ms=86 target=none transport=False sorting_thread=alive
14:58:06 [v4][heartbeat] enter=False sorting=False cam=LIVE ai=LIVE cam_fps=54.4 pub_fps=30.4 frames=18213 result_subs=1 roi=ok intrinsic=ok inference_age_ms=62 target=none transport=False sorting_thread=alive
14:58:11 [v4][heartbeat] enter=False sorting=False cam=LIVE ai=LIVE cam_fps=54.4 pub_fps=30.4 frames=18485 result_subs=1 roi=ok intrinsic=ok inference_age_ms=58 target=none transport=False sorting_thread=alive
14:58:16 [v4][heartbeat] enter=False sorting=False cam=LIVE ai=LIVE cam_fps=53.4 pub_fps=30.2 frames=18752 result_subs=1 roi=ok intrinsic=ok inference_age_ms=94 target=none transport=False sorting_thread=alive
14:58:21 [v4][heartbeat] enter=False sorting=False cam=LIVE ai=LIVE cam_fps=49.4 pub_fps=30.4 frames=18999 result_subs=1 roi=ok intrinsic=ok inference_age_ms=63 target=none transport=False sorting_thread=alive
14:58:26 [v4][heartbeat] enter=False sorting=False cam=LIVE ai=LIVE cam_fps=56.4 pub_fps=30.2 frames=19281 result_subs=1 roi=ok intrinsic=ok inference_age_ms=57 target=none transport=False sorting_thread=alive
14:58:31 [v4][heartbeat] enter=False sorting=False cam=LIVE ai=LIVE cam_fps=53.8 pub_fps=30.4 frames=19550 result_subs=1 roi=ok intrinsic=ok inference_age_ms=83 target=none transport=False sorting_thread=alive
14:58:36 [v4][heartbeat] enter=False sorting=False cam=LIVE ai=LIVE cam_fps=52.2 pub_fps=30.2 frames=19811 result_subs=1 roi=ok intrinsic=ok inference_age_ms=44 target=none transport=False sorting_thread=alive
14:58:41 [v4][heartbeat] enter=False sorting=False cam=LIVE ai=LIVE cam_fps=54.7 pub_fps=30.4 frames=20085 result_subs=1 roi=ok intrinsic=ok inference_age_ms=96 target=none transport=False sorting_thread=alive
14:58:46 [v4][heartbeat] enter=False sorting=False cam=LIVE ai=LIVE cam_fps=50.8 pub_fps=30.2 frames=20339 result_subs=1 roi=ok intrinsic=ok inference_age_ms=49 target=none transport=False sorting_thread=alive
14:58:51 [v4][heartbeat] enter=False sorting=False cam=LIVE ai=LIVE cam_fps=54.9 pub_fps=30.4 frames=20613 result_subs=1 roi=ok intrinsic=ok inference_age_ms=63 target=none transport=False sorting_thread=alive
14:58:56 [v4][heartbeat] enter=False sorting=False cam=LIVE ai=LIVE cam_fps=51.8 pub_fps=30.2 frames=20872 result_subs=1 roi=ok intrinsic=ok inference_age_ms=79 target=none transport=False sorting_thread=alive
14:59:01 [v4][heartbeat] enter=False sorting=False cam=LIVE ai=LIVE cam_fps=51.0 pub_fps=30.4 frames=21127 result_subs=1 roi=ok intrinsic=ok inference_age_ms=60 target=none transport=False sorting_thread=alive
14:59:06 [v4][heartbeat] enter=False sorting=False cam=LIVE ai=LIVE cam_fps=55.9 pub_fps=30.2 frames=21406 result_subs=1 roi=ok intrinsic=ok inference_age_ms=81 target=none transport=False sorting_thread=alive
14:59:11 [v4][heartbeat] enter=False sorting=False cam=LIVE ai=LIVE cam_fps=49.2 pub_fps=30.4 frames=21652 result_subs=1 roi=ok intrinsic=ok inference_age_ms=75 target=none transport=False sorting_thread=alive
14:59:16 [v4][heartbeat] enter=False sorting=False cam=LIVE ai=LIVE cam_fps=55.2 pub_fps=30.2 frames=21928 result_subs=1 roi=ok intrinsic=ok inference_age_ms=44 target=none transport=False sorting_thread=alive
14:59:21 [v4][heartbeat] enter=False sorting=False cam=LIVE ai=LIVE cam_fps=55.0 pub_fps=30.4 frames=22203 result_subs=1 roi=ok intrinsic=ok inference_age_ms=66 target=none transport=False sorting_thread=alive
14:59:26 [v4][heartbeat] enter=False sorting=False cam=LIVE ai=LIVE cam_fps=52.6 pub_fps=30.2 frames=22466 result_subs=1 roi=ok intrinsic=ok inference_age_ms=76 target=none transport=False sorting_thread=alive
14:59:31 [v4][heartbeat] enter=False sorting=False cam=LIVE ai=LIVE cam_fps=55.8 pub_fps=30.4 frames=22745 result_subs=1 roi=ok intrinsic=ok inference_age_ms=60 target=none transport=False sorting_thread=alive
14:59:36 [v4][heartbeat] enter=False sorting=False cam=LIVE ai=LIVE cam_fps=52.0 pub_fps=30.2 frames=23005 result_subs=1 roi=ok intrinsic=ok inference_age_ms=74 target=none transport=False sorting_thread=alive
14:59:41 [v4][heartbeat] enter=False sorting=False cam=LIVE ai=LIVE cam_fps=55.5 pub_fps=30.3 frames=23283 result_subs=1 roi=ok intrinsic=ok inference_age_ms=94 target=none transport=False sorting_thread=alive
14:59:46 [v4][heartbeat] enter=False sorting=False cam=LIVE ai=LIVE cam_fps=55.3 pub_fps=30.3 frames=23559 result_subs=1 roi=ok intrinsic=ok inference_age_ms=45 target=none transport=False sorting_thread=alive
14:59:51 [v4][heartbeat] enter=False sorting=False cam=LIVE ai=LIVE cam_fps=50.6 pub_fps=30.4 frames=23812 result_subs=1 roi=ok intrinsic=ok inference_age_ms=63 target=none transport=False sorting_thread=alive
14:59:56 [v4][heartbeat] enter=False sorting=False cam=LIVE ai=LIVE cam_fps=54.6 pub_fps=30.4 frames=24085 result_subs=1 roi=ok intrinsic=ok inference_age_ms=79 target=none transport=False sorting_thread=alive
15:00:01 [v4][heartbeat] enter=False sorting=False cam=LIVE ai=LIVE cam_fps=49.8 pub_fps=30.2 frames=24334 result_subs=1 roi=ok intrinsic=ok inference_age_ms=60 target=none transport=False sorting_thread=alive
15:00:06 [v4][heartbeat] enter=False sorting=False cam=LIVE ai=LIVE cam_fps=55.2 pub_fps=30.2 frames=24610 result_subs=1 roi=ok intrinsic=ok inference_age_ms=75 target=none transport=False sorting_thread=alive
15:00:11 [v4][heartbeat] enter=False sorting=False cam=LIVE ai=LIVE cam_fps=54.4 pub_fps=30.4 frames=24882 result_subs=1 roi=ok intrinsic=ok inference_age_ms=57 target=none transport=False sorting_thread=alive
15:00:16 [v4][heartbeat] enter=False sorting=False cam=LIVE ai=LIVE cam_fps=50.6 pub_fps=30.2 frames=25135 result_subs=1 roi=ok intrinsic=ok inference_age_ms=68 target=none transport=False sorting_thread=alive
15:00:21 [v4][heartbeat] enter=False sorting=False cam=LIVE ai=LIVE cam_fps=54.4 pub_fps=30.4 frames=25407 result_subs=1 roi=ok intrinsic=ok inference_age_ms=64 target=none transport=False sorting_thread=alive
15:00:26 [v4][heartbeat] enter=False sorting=False cam=LIVE ai=LIVE cam_fps=52.1 pub_fps=30.4 frames=25668 result_subs=1 roi=ok intrinsic=ok inference_age_ms=54 target=none transport=False sorting_thread=alive
15:00:31 [v4][heartbeat] enter=False sorting=False cam=LIVE ai=LIVE cam_fps=52.7 pub_fps=30.2 frames=25931 result_subs=1 roi=ok intrinsic=ok inference_age_ms=60 target=none transport=False sorting_thread=alive
15:00:36 [v4][heartbeat] enter=False sorting=False cam=LIVE ai=LIVE cam_fps=55.2 pub_fps=30.2 frames=26207 result_subs=1 roi=ok intrinsic=ok inference_age_ms=53 target=none transport=False sorting_thread=alive
15:00:41 [v4][heartbeat] enter=False sorting=False cam=LIVE ai=LIVE cam_fps=51.0 pub_fps=30.4 frames=26462 result_subs=1 roi=ok intrinsic=ok inference_age_ms=53 target=none transport=False sorting_thread=alive
15:00:46 [v4][heartbeat] enter=False sorting=False cam=LIVE ai=LIVE cam_fps=56.4 pub_fps=30.2 frames=26744 result_subs=1 roi=ok intrinsic=ok inference_age_ms=84 target=none transport=False sorting_thread=alive
15:00:51 [v4][heartbeat] enter=False sorting=False cam=LIVE ai=LIVE cam_fps=53.4 pub_fps=30.4 frames=27011 result_subs=1 roi=ok intrinsic=ok inference_age_ms=70 target=none transport=False sorting_thread=alive
15:00:56 [v4][heartbeat] enter=False sorting=False cam=LIVE ai=LIVE cam_fps=52.4 pub_fps=30.4 frames=27273 result_subs=1 roi=ok intrinsic=ok inference_age_ms=78 target=none transport=False sorting_thread=alive
15:01:01 [v4][heartbeat] enter=False sorting=False cam=LIVE ai=LIVE cam_fps=56.2 pub_fps=30.2 frames=27554 result_subs=1 roi=ok intrinsic=ok inference_age_ms=56 target=none transport=False sorting_thread=alive
15:01:06 [v4][heartbeat] enter=False sorting=False cam=LIVE ai=LIVE cam_fps=51.2 pub_fps=30.4 frames=27810 result_subs=1 roi=ok intrinsic=ok inference_age_ms=74 target=none transport=False sorting_thread=alive
15:01:11 [v4][heartbeat] enter=False sorting=False cam=LIVE ai=LIVE cam_fps=54.4 pub_fps=30.2 frames=28082 result_subs=1 roi=ok intrinsic=ok inference_age_ms=90 target=none transport=False sorting_thread=alive
15:01:16 [v4][heartbeat] enter=False sorting=False cam=LIVE ai=LIVE cam_fps=54.8 pub_fps=30.2 frames=28356 result_subs=1 roi=ok intrinsic=ok inference_age_ms=66 target=none transport=False sorting_thread=alive
15:01:21 [v4][heartbeat] enter=False sorting=False cam=LIVE ai=LIVE cam_fps=52.0 pub_fps=30.4 frames=28616 result_subs=1 roi=ok intrinsic=ok inference_age_ms=68 target=none transport=False sorting_thread=alive
15:01:26 [v4][heartbeat] enter=False sorting=False cam=LIVE ai=LIVE cam_fps=53.6 pub_fps=30.4 frames=28884 result_subs=1 roi=ok intrinsic=ok inference_age_ms=84 target=none transport=False sorting_thread=alive
15:01:31 [v4][heartbeat] enter=False sorting=False cam=LIVE ai=LIVE cam_fps=47.6 pub_fps=30.2 frames=29122 result_subs=1 roi=ok intrinsic=ok inference_age_ms=86 target=none transport=False sorting_thread=alive
15:01:36 [v4][heartbeat] enter=False sorting=False cam=LIVE ai=LIVE cam_fps=52.2 pub_fps=30.4 frames=29383 result_subs=1 roi=ok intrinsic=ok inference_age_ms=85 target=none transport=False sorting_thread=alive
15:01:41 [v4][heartbeat] enter=False sorting=False cam=LIVE ai=LIVE cam_fps=52.6 pub_fps=30.2 frames=29646 result_subs=1 roi=ok intrinsic=ok inference_age_ms=45 target=none transport=False sorting_thread=alive
15:01:46 [v4][heartbeat] enter=False sorting=False cam=LIVE ai=LIVE cam_fps=50.4 pub_fps=30.4 frames=29898 result_subs=1 roi=ok intrinsic=ok inference_age_ms=66 target=none transport=False sorting_thread=alive
15:01:51 [v4][heartbeat] enter=False sorting=False cam=LIVE ai=LIVE cam_fps=54.0 pub_fps=30.2 frames=30168 result_subs=1 roi=ok intrinsic=ok inference_age_ms=125 target=none transport=False sorting_thread=alive
15:01:56 [v4][heartbeat] enter=False sorting=False cam=LIVE ai=LIVE cam_fps=50.6 pub_fps=30.4 frames=30421 result_subs=1 roi=ok intrinsic=ok inference_age_ms=46 target=none transport=False sorting_thread=alive
15:02:01 [v4][heartbeat] enter=False sorting=False cam=LIVE ai=LIVE cam_fps=54.0 pub_fps=30.2 frames=30691 result_subs=1 roi=ok intrinsic=ok inference_age_ms=64 target=none transport=False sorting_thread=alive
15:02:06 [v4][heartbeat] enter=False sorting=False cam=LIVE ai=LIVE cam_fps=52.8 pub_fps=30.4 frames=30955 result_subs=1 roi=ok intrinsic=ok inference_age_ms=71 target=none transport=False sorting_thread=alive
15:02:11 [v4][heartbeat] enter=False sorting=False cam=LIVE ai=LIVE cam_fps=49.2 pub_fps=30.2 frames=31201 result_subs=1 roi=ok intrinsic=ok inference_age_ms=91 target=none transport=False sorting_thread=alive
15:02:16 [v4][heartbeat] enter=False sorting=False cam=LIVE ai=LIVE cam_fps=53.2 pub_fps=30.4 frames=31467 result_subs=1 roi=ok intrinsic=ok inference_age_ms=69 target=none transport=False sorting_thread=alive
15:02:21 [v4][heartbeat] enter=False sorting=False cam=LIVE ai=LIVE cam_fps=52.0 pub_fps=30.2 frames=31727 result_subs=1 roi=ok intrinsic=ok inference_age_ms=63 target=none transport=False sorting_thread=alive
15:02:26 [v4][heartbeat] enter=False sorting=False cam=LIVE ai=LIVE cam_fps=52.6 pub_fps=30.4 frames=31990 result_subs=1 roi=ok intrinsic=ok inference_age_ms=78 target=none transport=False sorting_thread=alive
15:02:31 [v4][heartbeat] enter=False sorting=False cam=LIVE ai=LIVE cam_fps=52.4 pub_fps=30.2 frames=32252 result_subs=1 roi=ok intrinsic=ok inference_age_ms=66 target=none transport=False sorting_thread=alive
15:02:36 [v4][heartbeat] enter=False sorting=False cam=LIVE ai=LIVE cam_fps=49.2 pub_fps=30.4 frames=32498 result_subs=1 roi=ok intrinsic=ok inference_age_ms=104 target=none transport=False sorting_thread=alive
15:02:41 [v4][heartbeat] enter=False sorting=False cam=LIVE ai=LIVE cam_fps=53.4 pub_fps=30.2 frames=32765 result_subs=1 roi=ok intrinsic=ok inference_age_ms=90 target=none transport=False sorting_thread=alive
15:02:46 [v4][heartbeat] enter=False sorting=False cam=LIVE ai=LIVE cam_fps=51.6 pub_fps=30.4 frames=33023 result_subs=1 roi=ok intrinsic=ok inference_age_ms=54 target=none transport=False sorting_thread=alive
15:02:51 [v4][heartbeat] enter=False sorting=False cam=LIVE ai=LIVE cam_fps=51.2 pub_fps=30.2 frames=33279 result_subs=1 roi=ok intrinsic=ok inference_age_ms=73 target=none transport=False sorting_thread=alive
15:02:56 [v4][heartbeat] enter=False sorting=False cam=LIVE ai=LIVE cam_fps=50.4 pub_fps=30.4 frames=33531 result_subs=1 roi=ok intrinsic=ok inference_age_ms=77 target=none transport=False sorting_thread=alive
15:03:01 [v4][heartbeat] enter=False sorting=False cam=LIVE ai=LIVE cam_fps=43.8 pub_fps=30.4 frames=33750 result_subs=1 roi=ok intrinsic=ok inference_age_ms=65 target=none transport=False sorting_thread=alive
15:03:06 [v4][heartbeat] enter=False sorting=False cam=LIVE ai=LIVE cam_fps=56.0 pub_fps=30.2 frames=34030 result_subs=1 roi=ok intrinsic=ok inference_age_ms=44 target=none transport=False sorting_thread=alive
15:03:11 [v4][heartbeat] enter=False sorting=False cam=LIVE ai=LIVE cam_fps=52.6 pub_fps=30.4 frames=34293 result_subs=1 roi=ok intrinsic=ok inference_age_ms=80 target=none transport=False sorting_thread=alive
15:03:16 [v4][heartbeat] enter=False sorting=False cam=LIVE ai=LIVE cam_fps=51.2 pub_fps=30.2 frames=34549 result_subs=1 roi=ok intrinsic=ok inference_age_ms=103 target=none transport=False sorting_thread=alive
15:03:21 [v4][heartbeat] enter=False sorting=False cam=LIVE ai=LIVE cam_fps=54.2 pub_fps=30.4 frames=34820 result_subs=1 roi=ok intrinsic=ok inference_age_ms=73 target=none transport=False sorting_thread=alive
15:03:26 [v4][heartbeat] enter=False sorting=False cam=LIVE ai=LIVE cam_fps=48.8 pub_fps=30.2 frames=35064 result_subs=1 roi=ok intrinsic=ok inference_age_ms=75 target=none transport=False sorting_thread=alive
15:03:31 [v4][heartbeat] enter=False sorting=False cam=LIVE ai=LIVE cam_fps=49.5 pub_fps=30.4 frames=35312 result_subs=1 roi=ok intrinsic=ok inference_age_ms=116 target=none transport=False sorting_thread=alive
15:03:36 [v4][heartbeat] enter=False sorting=False cam=LIVE ai=LIVE cam_fps=47.7 pub_fps=30.2 frames=35550 result_subs=1 roi=ok intrinsic=ok inference_age_ms=49 target=none transport=False sorting_thread=alive
15:03:41 [v4][heartbeat] enter=False sorting=False cam=LIVE ai=LIVE cam_fps=45.6 pub_fps=30.4 frames=35778 result_subs=1 roi=ok intrinsic=ok inference_age_ms=59 target=none transport=False sorting_thread=alive
15:03:46 [v4][heartbeat] enter=False sorting=False cam=LIVE ai=LIVE cam_fps=47.8 pub_fps=30.2 frames=36017 result_subs=1 roi=ok intrinsic=ok inference_age_ms=93 target=none transport=False sorting_thread=alive
15:03:51 [v4][heartbeat] enter=False sorting=False cam=LIVE ai=LIVE cam_fps=46.6 pub_fps=30.4 frames=36250 result_subs=1 roi=ok intrinsic=ok inference_age_ms=55 target=none transport=False sorting_thread=alive
15:03:56 [v4][heartbeat] enter=False sorting=False cam=LIVE ai=LIVE cam_fps=47.4 pub_fps=30.2 frames=36487 result_subs=1 roi=ok intrinsic=ok inference_age_ms=85 target=none transport=False sorting_thread=alive
15:04:01 [v4][heartbeat] enter=False sorting=False cam=LIVE ai=LIVE cam_fps=47.6 pub_fps=30.4 frames=36725 result_subs=1 roi=ok intrinsic=ok inference_age_ms=63 target=none transport=False sorting_thread=alive
15:04:06 [v4][heartbeat] enter=False sorting=False cam=LIVE ai=LIVE cam_fps=43.6 pub_fps=30.2 frames=36943 result_subs=1 roi=ok intrinsic=ok inference_age_ms=89 target=none transport=False sorting_thread=alive
15:04:11 [v4][heartbeat] enter=False sorting=False cam=LIVE ai=LIVE cam_fps=50.0 pub_fps=30.4 frames=37193 result_subs=1 roi=ok intrinsic=ok inference_age_ms=56 target=none transport=False sorting_thread=alive
15:04:16 [v4][heartbeat] enter=False sorting=False cam=LIVE ai=LIVE cam_fps=44.6 pub_fps=30.2 frames=37416 result_subs=1 roi=ok intrinsic=ok inference_age_ms=42 target=none transport=False sorting_thread=alive
15:04:21 [v4][heartbeat] enter=False sorting=False cam=LIVE ai=LIVE cam_fps=49.5 pub_fps=30.4 frames=37664 result_subs=1 roi=ok intrinsic=ok inference_age_ms=64 target=none transport=False sorting_thread=alive
15:04:26 [v4][heartbeat] enter=False sorting=False cam=LIVE ai=LIVE cam_fps=49.2 pub_fps=30.2 frames=37910 result_subs=1 roi=ok intrinsic=ok inference_age_ms=88 target=none transport=False sorting_thread=alive
15:04:31 [v4][heartbeat] enter=False sorting=False cam=LIVE ai=LIVE cam_fps=41.9 pub_fps=30.3 frames=38120 result_subs=1 roi=ok intrinsic=ok inference_age_ms=62 target=none transport=False sorting_thread=alive
15:04:36 [v4][heartbeat] enter=False sorting=False cam=LIVE ai=LIVE cam_fps=47.7 pub_fps=30.3 frames=38358 result_subs=1 roi=ok intrinsic=ok inference_age_ms=69 target=none transport=False sorting_thread=alive
15:04:41 [v4][heartbeat] enter=False sorting=False cam=LIVE ai=LIVE cam_fps=51.2 pub_fps=30.4 frames=38614 result_subs=1 roi=ok intrinsic=ok inference_age_ms=95 target=none transport=False sorting_thread=alive
15:04:46 [v4][heartbeat] enter=False sorting=False cam=LIVE ai=LIVE cam_fps=52.0 pub_fps=30.2 frames=38874 result_subs=1 roi=ok intrinsic=ok inference_age_ms=72 target=none transport=False sorting_thread=alive
15:04:51 [v4][heartbeat] enter=False sorting=False cam=LIVE ai=LIVE cam_fps=53.0 pub_fps=30.4 frames=39139 result_subs=1 roi=ok intrinsic=ok inference_age_ms=40 target=none transport=False sorting_thread=alive
15:04:56 [v4][heartbeat] enter=False sorting=False cam=LIVE ai=LIVE cam_fps=51.2 pub_fps=30.2 frames=39395 result_subs=1 roi=ok intrinsic=ok inference_age_ms=56 target=none transport=False sorting_thread=alive
15:05:01 [v4][heartbeat] enter=False sorting=False cam=LIVE ai=LIVE cam_fps=55.3 pub_fps=30.4 frames=39671 result_subs=1 roi=ok intrinsic=ok inference_age_ms=91 target=none transport=False sorting_thread=alive
15:05:06 [v4][heartbeat] enter=False sorting=False cam=LIVE ai=LIVE cam_fps=52.2 pub_fps=30.2 frames=39932 result_subs=1 roi=ok intrinsic=ok inference_age_ms=66 target=none transport=False sorting_thread=alive
15:05:11 [v4][heartbeat] enter=False sorting=False cam=LIVE ai=LIVE cam_fps=52.9 pub_fps=30.3 frames=40197 result_subs=1 roi=ok intrinsic=ok inference_age_ms=34 target=none transport=False sorting_thread=alive
15:05:16 [v4][heartbeat] enter=False sorting=False cam=LIVE ai=LIVE cam_fps=54.7 pub_fps=30.2 frames=40470 result_subs=1 roi=ok intrinsic=ok inference_age_ms=58 target=none transport=False sorting_thread=alive
15:05:21 [v4][heartbeat] enter=False sorting=False cam=LIVE ai=LIVE cam_fps=52.6 pub_fps=30.4 frames=40733 result_subs=1 roi=ok intrinsic=ok inference_age_ms=100 target=none transport=False sorting_thread=alive
15:05:26 [v4][heartbeat] enter=False sorting=False cam=LIVE ai=LIVE cam_fps=56.0 pub_fps=30.2 frames=41013 result_subs=1 roi=ok intrinsic=ok inference_age_ms=85 target=none transport=False sorting_thread=alive
15:05:31 [v4][heartbeat] enter=False sorting=False cam=LIVE ai=LIVE cam_fps=51.4 pub_fps=30.4 frames=41270 result_subs=1 roi=ok intrinsic=ok inference_age_ms=61 target=none transport=False sorting_thread=alive
15:05:36 [v4][heartbeat] enter=False sorting=False cam=LIVE ai=LIVE cam_fps=52.4 pub_fps=30.4 frames=41532 result_subs=1 roi=ok intrinsic=ok inference_age_ms=73 target=none transport=False sorting_thread=alive
15:05:41 [v4][heartbeat] enter=False sorting=False cam=LIVE ai=LIVE cam_fps=53.8 pub_fps=30.2 frames=41801 result_subs=1 roi=ok intrinsic=ok inference_age_ms=84 target=none transport=False sorting_thread=alive
15:05:46 [v4][heartbeat] enter=False sorting=False cam=LIVE ai=LIVE cam_fps=50.2 pub_fps=30.2 frames=42052 result_subs=1 roi=ok intrinsic=ok inference_age_ms=69 target=none transport=False sorting_thread=alive
15:05:51 [v4][heartbeat] enter=False sorting=False cam=LIVE ai=LIVE cam_fps=53.8 pub_fps=30.4 frames=42321 result_subs=1 roi=ok intrinsic=ok inference_age_ms=53 target=none transport=False sorting_thread=alive
15:05:56 [v4][heartbeat] enter=False sorting=False cam=LIVE ai=LIVE cam_fps=51.8 pub_fps=30.4 frames=42580 result_subs=1 roi=ok intrinsic=ok inference_age_ms=51 target=none transport=False sorting_thread=alive
15:06:01 [v4][heartbeat] enter=False sorting=False cam=LIVE ai=LIVE cam_fps=51.0 pub_fps=30.2 frames=42835 result_subs=1 roi=ok intrinsic=ok inference_age_ms=67 target=none transport=False sorting_thread=alive
15:06:06 [v4][heartbeat] enter=False sorting=False cam=LIVE ai=LIVE cam_fps=56.1 pub_fps=30.4 frames=43116 result_subs=1 roi=ok intrinsic=ok inference_age_ms=77 target=none transport=False sorting_thread=alive
15:06:11 [v4][heartbeat] enter=False sorting=False cam=LIVE ai=LIVE cam_fps=48.3 pub_fps=30.2 frames=43357 result_subs=1 roi=ok intrinsic=ok inference_age_ms=93 target=none transport=False sorting_thread=alive
15:06:16 [v4][heartbeat] enter=False sorting=False cam=LIVE ai=LIVE cam_fps=53.0 pub_fps=30.4 frames=43622 result_subs=1 roi=ok intrinsic=ok inference_age_ms=55 target=none transport=False sorting_thread=alive
15:06:21 [v4][heartbeat] enter=False sorting=False cam=LIVE ai=LIVE cam_fps=49.4 pub_fps=30.2 frames=43869 result_subs=1 roi=ok intrinsic=ok inference_age_ms=42 target=none transport=False sorting_thread=alive
15:06:26 [v4][heartbeat] enter=False sorting=False cam=LIVE ai=LIVE cam_fps=49.6 pub_fps=30.2 frames=44117 result_subs=1 roi=ok intrinsic=ok inference_age_ms=88 target=none transport=False sorting_thread=alive
15:06:31 [v4][heartbeat] enter=False sorting=False cam=LIVE ai=LIVE cam_fps=54.2 pub_fps=30.4 frames=44388 result_subs=1 roi=ok intrinsic=ok inference_age_ms=67 target=none transport=False sorting_thread=alive
15:06:36 [v4][heartbeat] enter=False sorting=False cam=LIVE ai=LIVE cam_fps=51.4 pub_fps=30.4 frames=44645 result_subs=1 roi=ok intrinsic=ok inference_age_ms=55 target=none transport=False sorting_thread=alive
15:06:41 [v4][heartbeat] enter=False sorting=False cam=LIVE ai=LIVE cam_fps=53.0 pub_fps=30.2 frames=44910 result_subs=1 roi=ok intrinsic=ok inference_age_ms=93 target=none transport=False sorting_thread=alive
15:06:46 [v4][heartbeat] enter=False sorting=False cam=LIVE ai=LIVE cam_fps=54.4 pub_fps=30.2 frames=45182 result_subs=1 roi=ok intrinsic=ok inference_age_ms=94 target=none transport=False sorting_thread=alive
15:06:51 [v4][heartbeat] enter=False sorting=False cam=LIVE ai=LIVE cam_fps=51.2 pub_fps=30.4 frames=45438 result_subs=1 roi=ok intrinsic=ok inference_age_ms=75 target=none transport=False sorting_thread=alive
15:06:56 [v4][heartbeat] enter=False sorting=False cam=LIVE ai=LIVE cam_fps=53.0 pub_fps=30.4 frames=45703 result_subs=1 roi=ok intrinsic=ok inference_age_ms=59 target=none transport=False sorting_thread=alive
15:07:01 [v4][heartbeat] enter=False sorting=False cam=LIVE ai=LIVE cam_fps=50.2 pub_fps=30.2 frames=45954 result_subs=1 roi=ok intrinsic=ok inference_age_ms=75 target=none transport=False sorting_thread=alive
15:07:06 [v4][heartbeat] enter=False sorting=False cam=LIVE ai=LIVE cam_fps=51.5 pub_fps=30.4 frames=46212 result_subs=1 roi=ok intrinsic=ok inference_age_ms=86 target=none transport=False sorting_thread=alive
15:07:11 [v4][heartbeat] enter=False sorting=False cam=LIVE ai=LIVE cam_fps=52.2 pub_fps=30.2 frames=46473 result_subs=1 roi=ok intrinsic=ok inference_age_ms=54 target=none transport=False sorting_thread=alive
15:07:16 [v4][heartbeat] enter=False sorting=False cam=LIVE ai=LIVE cam_fps=49.0 pub_fps=30.4 frames=46718 result_subs=1 roi=ok intrinsic=ok inference_age_ms=75 target=none transport=False sorting_thread=alive
15:07:21 [v4][heartbeat] enter=False sorting=False cam=LIVE ai=LIVE cam_fps=53.0 pub_fps=30.2 frames=46983 result_subs=1 roi=ok intrinsic=ok inference_age_ms=60 target=none transport=False sorting_thread=alive
15:07:26 [v4][heartbeat] enter=False sorting=False cam=LIVE ai=LIVE cam_fps=47.8 pub_fps=30.4 frames=47222 result_subs=1 roi=ok intrinsic=ok inference_age_ms=93 target=none transport=False sorting_thread=alive
15:07:31 [v4][heartbeat] enter=False sorting=False cam=LIVE ai=LIVE cam_fps=52.2 pub_fps=30.2 frames=47483 result_subs=1 roi=ok intrinsic=ok inference_age_ms=48 target=none transport=False sorting_thread=alive
15:07:36 [v4][heartbeat] enter=False sorting=False cam=LIVE ai=LIVE cam_fps=51.6 pub_fps=30.4 frames=47741 result_subs=1 roi=ok intrinsic=ok inference_age_ms=56 target=none transport=False sorting_thread=alive
15:07:41 [v4][heartbeat] enter=False sorting=False cam=LIVE ai=LIVE cam_fps=49.8 pub_fps=30.2 frames=47990 result_subs=1 roi=ok intrinsic=ok inference_age_ms=93 target=none transport=False sorting_thread=alive
15:07:46 [v4][heartbeat] enter=False sorting=False cam=LIVE ai=LIVE cam_fps=53.4 pub_fps=30.4 frames=48257 result_subs=1 roi=ok intrinsic=ok inference_age_ms=55 target=none transport=False sorting_thread=alive
15:07:51 [v4][heartbeat] enter=False sorting=False cam=LIVE ai=LIVE cam_fps=50.6 pub_fps=30.4 frames=48510 result_subs=1 roi=ok intrinsic=ok inference_age_ms=39 target=none transport=False sorting_thread=alive
15:07:56 [v4][heartbeat] enter=False sorting=False cam=LIVE ai=LIVE cam_fps=51.6 pub_fps=30.2 frames=48768 result_subs=1 roi=ok intrinsic=ok inference_age_ms=60 target=none transport=False sorting_thread=alive
15:08:01 [v4][heartbeat] enter=False sorting=False cam=LIVE ai=LIVE cam_fps=53.6 pub_fps=30.2 frames=49036 result_subs=1 roi=ok intrinsic=ok inference_age_ms=64 target=none transport=False sorting_thread=alive
15:08:06 [v4][heartbeat] enter=False sorting=False cam=LIVE ai=LIVE cam_fps=51.6 pub_fps=30.4 frames=49294 result_subs=1 roi=ok intrinsic=ok inference_age_ms=73 target=none transport=False sorting_thread=alive
15:08:11 [v4][heartbeat] enter=False sorting=False cam=LIVE ai=LIVE cam_fps=54.0 pub_fps=30.2 frames=49564 result_subs=1 roi=ok intrinsic=ok inference_age_ms=86 target=none transport=False sorting_thread=alive
15:08:16 [v4][heartbeat] enter=False sorting=False cam=LIVE ai=LIVE cam_fps=52.4 pub_fps=30.4 frames=49826 result_subs=1 roi=ok intrinsic=ok inference_age_ms=60 target=none transport=False sorting_thread=alive
15:08:21 [v4][heartbeat] enter=False sorting=False cam=LIVE ai=LIVE cam_fps=50.6 pub_fps=30.2 frames=50079 result_subs=1 roi=ok intrinsic=ok inference_age_ms=51 target=none transport=False sorting_thread=alive
15:08:26 [v4][heartbeat] enter=False sorting=False cam=LIVE ai=LIVE cam_fps=56.8 pub_fps=30.4 frames=50363 result_subs=1 roi=ok intrinsic=ok inference_age_ms=84 target=none transport=False sorting_thread=alive
15:08:31 [v4][heartbeat] enter=False sorting=False cam=LIVE ai=LIVE cam_fps=50.8 pub_fps=30.4 frames=50617 result_subs=1 roi=ok intrinsic=ok inference_age_ms=65 target=none transport=False sorting_thread=alive
15:08:36 [v4][heartbeat] enter=False sorting=False cam=LIVE ai=LIVE cam_fps=56.0 pub_fps=30.0 frames=50897 result_subs=1 roi=ok intrinsic=ok inference_age_ms=89 target=none transport=False sorting_thread=alive
15:08:41 [v4][heartbeat] enter=False sorting=False cam=LIVE ai=LIVE cam_fps=52.0 pub_fps=30.4 frames=51157 result_subs=1 roi=ok intrinsic=ok inference_age_ms=85 target=none transport=False sorting_thread=alive
15:08:46 [v4][heartbeat] enter=False sorting=False cam=LIVE ai=LIVE cam_fps=51.3 pub_fps=30.4 frames=51413 result_subs=1 roi=ok intrinsic=ok inference_age_ms=60 target=none transport=False sorting_thread=alive
15:08:51 [v4][heartbeat] enter=False sorting=False cam=LIVE ai=LIVE cam_fps=54.6 pub_fps=30.2 frames=51686 result_subs=1 roi=ok intrinsic=ok inference_age_ms=80 target=none transport=False sorting_thread=alive
15:08:56 [v4][heartbeat] enter=False sorting=False cam=LIVE ai=LIVE cam_fps=53.0 pub_fps=30.4 frames=51951 result_subs=1 roi=ok intrinsic=ok inference_age_ms=56 target=none transport=False sorting_thread=alive
15:09:01 [v4][heartbeat] enter=False sorting=False cam=LIVE ai=LIVE cam_fps=54.7 pub_fps=30.2 frames=52225 result_subs=1 roi=ok intrinsic=ok inference_age_ms=55 target=none transport=False sorting_thread=alive
15:09:06 [v4][heartbeat] enter=False sorting=False cam=LIVE ai=LIVE cam_fps=54.5 pub_fps=30.4 frames=52497 result_subs=1 roi=ok intrinsic=ok inference_age_ms=69 target=none transport=False sorting_thread=alive
15:09:11 [v4][heartbeat] enter=False sorting=False cam=LIVE ai=LIVE cam_fps=50.4 pub_fps=30.2 frames=52749 result_subs=1 roi=ok intrinsic=ok inference_age_ms=87 target=none transport=False sorting_thread=alive
15:09:16 [v4][heartbeat] enter=False sorting=False cam=LIVE ai=LIVE cam_fps=52.8 pub_fps=30.4 frames=53013 result_subs=1 roi=ok intrinsic=ok inference_age_ms=69 target=none transport=False sorting_thread=alive
15:09:21 [v4][heartbeat] enter=False sorting=False cam=LIVE ai=LIVE cam_fps=51.6 pub_fps=30.4 frames=53271 result_subs=1 roi=ok intrinsic=ok inference_age_ms=36 target=none transport=False sorting_thread=alive
15:09:26 [v4][heartbeat] enter=False sorting=False cam=LIVE ai=LIVE cam_fps=55.0 pub_fps=30.2 frames=53546 result_subs=1 roi=ok intrinsic=ok inference_age_ms=85 target=none transport=False sorting_thread=alive
15:09:31 [v4][heartbeat] enter=False sorting=False cam=LIVE ai=LIVE cam_fps=53.4 pub_fps=30.4 frames=53813 result_subs=1 roi=ok intrinsic=ok inference_age_ms=55 target=none transport=False sorting_thread=alive
15:09:36 [v4][heartbeat] enter=False sorting=False cam=LIVE ai=LIVE cam_fps=51.6 pub_fps=30.2 frames=54071 result_subs=1 roi=ok intrinsic=ok inference_age_ms=72 target=none transport=False sorting_thread=alive
15:09:41 [v4][heartbeat] enter=False sorting=False cam=LIVE ai=LIVE cam_fps=53.4 pub_fps=30.4 frames=54338 result_subs=1 roi=ok intrinsic=ok inference_age_ms=59 target=none transport=False sorting_thread=alive
15:09:46 [v4][heartbeat] enter=False sorting=False cam=LIVE ai=LIVE cam_fps=50.8 pub_fps=30.2 frames=54592 result_subs=1 roi=ok intrinsic=ok inference_age_ms=73 target=none transport=False sorting_thread=alive
15:09:51 [v4][heartbeat] enter=False sorting=False cam=LIVE ai=LIVE cam_fps=52.0 pub_fps=30.4 frames=54852 result_subs=1 roi=ok intrinsic=ok inference_age_ms=57 target=none transport=False sorting_thread=alive
15:09:56 [v4][heartbeat] enter=False sorting=False cam=LIVE ai=LIVE cam_fps=54.0 pub_fps=30.2 frames=55122 result_subs=1 roi=ok intrinsic=ok inference_age_ms=56 target=none transport=False sorting_thread=alive
15:10:01 [v4][heartbeat] enter=False sorting=False cam=LIVE ai=LIVE cam_fps=48.8 pub_fps=30.4 frames=55366 result_subs=1 roi=ok intrinsic=ok inference_age_ms=64 target=none transport=False sorting_thread=alive
15:10:06 [v4][heartbeat] enter=False sorting=False cam=LIVE ai=LIVE cam_fps=52.8 pub_fps=30.2 frames=55630 result_subs=1 roi=ok intrinsic=ok inference_age_ms=79 target=none transport=False sorting_thread=alive
15:10:11 [v4][heartbeat] enter=False sorting=False cam=LIVE ai=LIVE cam_fps=49.2 pub_fps=30.4 frames=55876 result_subs=1 roi=ok intrinsic=ok inference_age_ms=61 target=none transport=False sorting_thread=alive
15:10:16 [v4][heartbeat] enter=False sorting=False cam=LIVE ai=LIVE cam_fps=51.2 pub_fps=30.2 frames=56132 result_subs=1 roi=ok intrinsic=ok inference_age_ms=87 target=none transport=False sorting_thread=alive
15:10:21 [v4][heartbeat] enter=False sorting=False cam=LIVE ai=LIVE cam_fps=53.6 pub_fps=30.4 frames=56400 result_subs=1 roi=ok intrinsic=ok inference_age_ms=71 target=none transport=False sorting_thread=alive
15:10:26 [v4][heartbeat] enter=False sorting=False cam=LIVE ai=LIVE cam_fps=48.0 pub_fps=30.2 frames=56640 result_subs=1 roi=ok intrinsic=ok inference_age_ms=82 target=none transport=False sorting_thread=alive
15:10:31 [v4][heartbeat] enter=False sorting=False cam=LIVE ai=LIVE cam_fps=52.1 pub_fps=30.4 frames=56900 result_subs=1 roi=ok intrinsic=ok inference_age_ms=78 target=none transport=False sorting_thread=alive
15:10:36 [v4][heartbeat] enter=False sorting=False cam=LIVE ai=LIVE cam_fps=51.6 pub_fps=30.2 frames=57158 result_subs=1 roi=ok intrinsic=ok inference_age_ms=47 target=none transport=False sorting_thread=alive
15:10:41 [v4][heartbeat] enter=False sorting=False cam=LIVE ai=LIVE cam_fps=49.2 pub_fps=30.4 frames=57404 result_subs=1 roi=ok intrinsic=ok inference_age_ms=61 target=none transport=False sorting_thread=alive
15:10:46 [v4][heartbeat] enter=False sorting=False cam=LIVE ai=LIVE cam_fps=56.5 pub_fps=30.2 frames=57687 result_subs=1 roi=ok intrinsic=ok inference_age_ms=81 target=none transport=False sorting_thread=alive
15:10:51 [v4][heartbeat] enter=False sorting=False cam=LIVE ai=LIVE cam_fps=49.6 pub_fps=30.4 frames=57935 result_subs=1 roi=ok intrinsic=ok inference_age_ms=42 target=none transport=False sorting_thread=alive
15:10:56 [v4][heartbeat] enter=False sorting=False cam=LIVE ai=LIVE cam_fps=53.2 pub_fps=30.4 frames=58201 result_subs=1 roi=ok intrinsic=ok inference_age_ms=78 target=none transport=False sorting_thread=alive
15:11:01 [v4][heartbeat] enter=False sorting=False cam=LIVE ai=LIVE cam_fps=53.9 pub_fps=30.2 frames=58470 result_subs=1 roi=ok intrinsic=ok inference_age_ms=64 target=none transport=False sorting_thread=alive
15:11:06 [v4][heartbeat] enter=False sorting=False cam=LIVE ai=LIVE cam_fps=51.4 pub_fps=30.4 frames=58727 result_subs=1 roi=ok intrinsic=ok inference_age_ms=81 target=none transport=False sorting_thread=alive
15:11:11 [v4][heartbeat] enter=False sorting=False cam=LIVE ai=LIVE cam_fps=54.0 pub_fps=30.2 frames=58997 result_subs=1 roi=ok intrinsic=ok inference_age_ms=59 target=none transport=False sorting_thread=alive
15:11:16 [v4][heartbeat] enter=False sorting=False cam=LIVE ai=LIVE cam_fps=51.6 pub_fps=30.2 frames=59255 result_subs=1 roi=ok intrinsic=ok inference_age_ms=65 target=none transport=False sorting_thread=alive
15:11:21 [v4][heartbeat] enter=False sorting=False cam=LIVE ai=LIVE cam_fps=51.6 pub_fps=30.4 frames=59513 result_subs=1 roi=ok intrinsic=ok inference_age_ms=78 target=none transport=False sorting_thread=alive
15:11:26 [v4][heartbeat] enter=False sorting=False cam=LIVE ai=LIVE cam_fps=52.4 pub_fps=30.2 frames=59775 result_subs=1 roi=ok intrinsic=ok inference_age_ms=57 target=none transport=False sorting_thread=alive
15:11:31 [v4][heartbeat] enter=False sorting=False cam=LIVE ai=LIVE cam_fps=51.8 pub_fps=30.4 frames=60034 result_subs=1 roi=ok intrinsic=ok inference_age_ms=34 target=none transport=False sorting_thread=alive
15:11:36 [v4][heartbeat] enter=False sorting=False cam=LIVE ai=LIVE cam_fps=52.7 pub_fps=30.4 frames=60298 result_subs=1 roi=ok intrinsic=ok inference_age_ms=75 target=none transport=False sorting_thread=alive
15:11:41 [v4][heartbeat] enter=False sorting=False cam=LIVE ai=LIVE cam_fps=49.0 pub_fps=30.2 frames=60543 result_subs=1 roi=ok intrinsic=ok inference_age_ms=65 target=none transport=False sorting_thread=alive
15:11:46 [v4][heartbeat] enter=False sorting=False cam=LIVE ai=LIVE cam_fps=53.6 pub_fps=30.4 frames=60811 result_subs=1 roi=ok intrinsic=ok inference_age_ms=108 target=none transport=False sorting_thread=alive
15:11:51 [v4][heartbeat] enter=False sorting=False cam=LIVE ai=LIVE cam_fps=55.3 pub_fps=30.2 frames=61087 result_subs=1 roi=ok intrinsic=ok inference_age_ms=92 target=none transport=False sorting_thread=alive
15:11:56 [v4][heartbeat] enter=False sorting=False cam=LIVE ai=LIVE cam_fps=50.2 pub_fps=30.2 frames=61338 result_subs=1 roi=ok intrinsic=ok inference_age_ms=50 target=none transport=False sorting_thread=alive
15:12:01 [v4][heartbeat] enter=False sorting=False cam=LIVE ai=LIVE cam_fps=56.0 pub_fps=30.4 frames=61618 result_subs=1 roi=ok intrinsic=ok inference_age_ms=65 target=none transport=False sorting_thread=alive
15:12:06 [v4][heartbeat] enter=False sorting=False cam=LIVE ai=LIVE cam_fps=53.3 pub_fps=30.2 frames=61885 result_subs=1 roi=ok intrinsic=ok inference_age_ms=55 target=none transport=False sorting_thread=alive
15:12:11 [v4][heartbeat] enter=False sorting=False cam=LIVE ai=LIVE cam_fps=51.9 pub_fps=30.4 frames=62144 result_subs=1 roi=ok intrinsic=ok inference_age_ms=72 target=none transport=False sorting_thread=alive
15:12:16 [v4][heartbeat] enter=False sorting=False cam=LIVE ai=LIVE cam_fps=54.4 pub_fps=30.4 frames=62416 result_subs=1 roi=ok intrinsic=ok inference_age_ms=44 target=none transport=False sorting_thread=alive
15:12:21 [v4][heartbeat] enter=False sorting=False cam=LIVE ai=LIVE cam_fps=48.0 pub_fps=30.2 frames=62656 result_subs=1 roi=ok intrinsic=ok inference_age_ms=46 target=none transport=False sorting_thread=alive
15:12:26 [v4][heartbeat] enter=False sorting=False cam=LIVE ai=LIVE cam_fps=54.8 pub_fps=30.4 frames=62930 result_subs=1 roi=ok intrinsic=ok inference_age_ms=63 target=none transport=False sorting_thread=alive
15:12:31 [v4][heartbeat] enter=False sorting=False cam=LIVE ai=LIVE cam_fps=48.8 pub_fps=30.2 frames=63174 result_subs=1 roi=ok intrinsic=ok inference_age_ms=74 target=none transport=False sorting_thread=alive
15:12:36 [v4][heartbeat] enter=False sorting=False cam=LIVE ai=LIVE cam_fps=49.0 pub_fps=30.4 frames=63419 result_subs=1 roi=ok intrinsic=ok inference_age_ms=94 target=none transport=False sorting_thread=alive
15:12:41 [v4][heartbeat] enter=False sorting=False cam=LIVE ai=LIVE cam_fps=55.2 pub_fps=30.2 frames=63695 result_subs=1 roi=ok intrinsic=ok inference_age_ms=66 target=none transport=False sorting_thread=alive
15:12:46 [v4][heartbeat] enter=False sorting=False cam=LIVE ai=LIVE cam_fps=48.8 pub_fps=30.2 frames=63939 result_subs=1 roi=ok intrinsic=ok inference_age_ms=67 target=none transport=False sorting_thread=alive
15:12:51 [v4][heartbeat] enter=False sorting=False cam=LIVE ai=LIVE cam_fps=52.7 pub_fps=30.6 frames=64203 result_subs=1 roi=ok intrinsic=ok inference_age_ms=76 target=none transport=False sorting_thread=alive
15:12:56 [v4][heartbeat] enter=False sorting=False cam=LIVE ai=LIVE cam_fps=51.2 pub_fps=30.2 frames=64459 result_subs=1 roi=ok intrinsic=ok inference_age_ms=68 target=none transport=False sorting_thread=alive
15:13:01 [v4][heartbeat] enter=False sorting=False cam=LIVE ai=LIVE cam_fps=49.2 pub_fps=30.2 frames=64705 result_subs=1 roi=ok intrinsic=ok inference_age_ms=72 target=none transport=False sorting_thread=alive
15:13:06 [v4][heartbeat] enter=False sorting=False cam=LIVE ai=LIVE cam_fps=53.2 pub_fps=30.4 frames=64971 result_subs=1 roi=ok intrinsic=ok inference_age_ms=39 target=none transport=False sorting_thread=alive
15:13:11 [v4][heartbeat] enter=False sorting=False cam=LIVE ai=LIVE cam_fps=48.2 pub_fps=30.2 frames=65212 result_subs=1 roi=ok intrinsic=ok inference_age_ms=59 target=none transport=False sorting_thread=alive
15:13:16 [v4][heartbeat] enter=False sorting=False cam=LIVE ai=LIVE cam_fps=54.6 pub_fps=30.4 frames=65485 result_subs=1 roi=ok intrinsic=ok inference_age_ms=66 target=none transport=False sorting_thread=alive
15:13:21 [v4][heartbeat] enter=False sorting=False cam=LIVE ai=LIVE cam_fps=51.2 pub_fps=30.2 frames=65741 result_subs=1 roi=ok intrinsic=ok inference_age_ms=69 target=none transport=False sorting_thread=alive
15:13:26 [v4][heartbeat] enter=False sorting=False cam=LIVE ai=LIVE cam_fps=49.2 pub_fps=30.4 frames=65987 result_subs=1 roi=ok intrinsic=ok inference_age_ms=63 target=none transport=False sorting_thread=alive
15:13:31 [v4][heartbeat] enter=False sorting=False cam=LIVE ai=LIVE cam_fps=52.6 pub_fps=30.2 frames=66250 result_subs=1 roi=ok intrinsic=ok inference_age_ms=39 target=none transport=False sorting_thread=alive
15:13:36 [v4][heartbeat] enter=False sorting=False cam=LIVE ai=LIVE cam_fps=47.6 pub_fps=30.4 frames=66488 result_subs=1 roi=ok intrinsic=ok inference_age_ms=47 target=none transport=False sorting_thread=alive
15:13:41 [v4][heartbeat] enter=False sorting=False cam=LIVE ai=LIVE cam_fps=56.2 pub_fps=30.2 frames=66769 result_subs=1 roi=ok intrinsic=ok inference_age_ms=89 target=none transport=False sorting_thread=alive
15:13:46 [v4][heartbeat] enter=False sorting=False cam=LIVE ai=LIVE cam_fps=51.4 pub_fps=30.4 frames=67026 result_subs=1 roi=ok intrinsic=ok inference_age_ms=60 target=none transport=False sorting_thread=alive
15:13:51 [v4][heartbeat] enter=False sorting=False cam=LIVE ai=LIVE cam_fps=48.8 pub_fps=30.2 frames=67270 result_subs=1 roi=ok intrinsic=ok inference_age_ms=49 target=none transport=False sorting_thread=alive
15:13:56 [v4][heartbeat] enter=False sorting=False cam=LIVE ai=LIVE cam_fps=54.0 pub_fps=30.4 frames=67540 result_subs=1 roi=ok intrinsic=ok inference_age_ms=77 target=none transport=False sorting_thread=alive
15:14:01 [v4][heartbeat] enter=False sorting=False cam=LIVE ai=LIVE cam_fps=47.6 pub_fps=30.4 frames=67778 result_subs=1 roi=ok intrinsic=ok inference_age_ms=81 target=none transport=False sorting_thread=alive
15:14:06 [v4][heartbeat] enter=False sorting=False cam=LIVE ai=LIVE cam_fps=54.9 pub_fps=30.2 frames=68053 result_subs=1 roi=ok intrinsic=ok inference_age_ms=107 target=none transport=False sorting_thread=alive
15:14:11 [v4][heartbeat] enter=False sorting=False cam=LIVE ai=LIVE cam_fps=53.7 pub_fps=30.2 frames=68321 result_subs=1 roi=ok intrinsic=ok inference_age_ms=69 target=none transport=False sorting_thread=alive
15:14:16 [v4][heartbeat] enter=False sorting=False cam=LIVE ai=LIVE cam_fps=48.4 pub_fps=30.4 frames=68563 result_subs=1 roi=ok intrinsic=ok inference_age_ms=74 target=none transport=False sorting_thread=alive
15:14:21 [v4][heartbeat] enter=False sorting=False cam=LIVE ai=LIVE cam_fps=54.6 pub_fps=30.2 frames=68836 result_subs=1 roi=ok intrinsic=ok inference_age_ms=49 target=none transport=False sorting_thread=alive
15:14:26 [v4][heartbeat] enter=False sorting=False cam=LIVE ai=LIVE cam_fps=52.4 pub_fps=30.4 frames=69098 result_subs=1 roi=ok intrinsic=ok inference_age_ms=57 target=none transport=False sorting_thread=alive
15:14:31 [v4][heartbeat] enter=False sorting=False cam=LIVE ai=LIVE cam_fps=52.0 pub_fps=30.2 frames=69358 result_subs=1 roi=ok intrinsic=ok inference_age_ms=55 target=none transport=False sorting_thread=alive
15:14:36 [v4][heartbeat] enter=False sorting=False cam=LIVE ai=LIVE cam_fps=54.9 pub_fps=30.4 frames=69633 result_subs=1 roi=ok intrinsic=ok inference_age_ms=54 target=none transport=False sorting_thread=alive
15:14:41 [v4][heartbeat] enter=False sorting=False cam=LIVE ai=LIVE cam_fps=49.5 pub_fps=30.4 frames=69880 result_subs=1 roi=ok intrinsic=ok inference_age_ms=88 target=none transport=False sorting_thread=alive
15:14:46 [v4][heartbeat] enter=False sorting=False cam=LIVE ai=LIVE cam_fps=54.2 pub_fps=30.2 frames=70151 result_subs=1 roi=ok intrinsic=ok inference_age_ms=45 target=none transport=False sorting_thread=alive
15:14:51 [v4][heartbeat] enter=False sorting=False cam=LIVE ai=LIVE cam_fps=53.1 pub_fps=30.4 frames=70417 result_subs=1 roi=ok intrinsic=ok inference_age_ms=30 target=none transport=False sorting_thread=alive
15:14:56 [v4][heartbeat] enter=False sorting=False cam=LIVE ai=LIVE cam_fps=51.7 pub_fps=30.2 frames=70675 result_subs=1 roi=ok intrinsic=ok inference_age_ms=63 target=none transport=False sorting_thread=alive
15:15:01 [v4][heartbeat] enter=False sorting=False cam=LIVE ai=LIVE cam_fps=55.0 pub_fps=30.4 frames=70950 result_subs=1 roi=ok intrinsic=ok inference_age_ms=82 target=none transport=False sorting_thread=alive
15:15:06 [v4][heartbeat] enter=False sorting=False cam=LIVE ai=LIVE cam_fps=49.2 pub_fps=30.2 frames=71196 result_subs=1 roi=ok intrinsic=ok inference_age_ms=58 target=none transport=False sorting_thread=alive
15:15:11 [v4][heartbeat] enter=False sorting=False cam=LIVE ai=LIVE cam_fps=54.2 pub_fps=30.4 frames=71467 result_subs=1 roi=ok intrinsic=ok inference_age_ms=110 target=none transport=False sorting_thread=alive
15:15:16 [v4][heartbeat] enter=False sorting=False cam=LIVE ai=LIVE cam_fps=50.0 pub_fps=30.2 frames=71717 result_subs=1 roi=ok intrinsic=ok inference_age_ms=35 target=none transport=False sorting_thread=alive
15:15:21 [v4][heartbeat] enter=False sorting=False cam=LIVE ai=LIVE cam_fps=52.8 pub_fps=30.4 frames=71981 result_subs=1 roi=ok intrinsic=ok inference_age_ms=116 target=none transport=False sorting_thread=alive
15:15:26 [v4][heartbeat] enter=False sorting=False cam=LIVE ai=LIVE cam_fps=53.3 pub_fps=30.2 frames=72248 result_subs=1 roi=ok intrinsic=ok inference_age_ms=48 target=none transport=False sorting_thread=alive
15:15:31 [v4][heartbeat] enter=False sorting=False cam=LIVE ai=LIVE cam_fps=49.1 pub_fps=30.4 frames=72493 result_subs=1 roi=ok intrinsic=ok inference_age_ms=84 target=none transport=False sorting_thread=alive
15:15:36 [v4][heartbeat] enter=False sorting=False cam=LIVE ai=LIVE cam_fps=52.7 pub_fps=30.1 frames=72757 result_subs=1 roi=ok intrinsic=ok inference_age_ms=57 target=none transport=False sorting_thread=alive
15:15:41 [v4][heartbeat] enter=False sorting=False cam=LIVE ai=LIVE cam_fps=53.3 pub_fps=30.5 frames=73023 result_subs=1 roi=ok intrinsic=ok inference_age_ms=40 target=none transport=False sorting_thread=alive
15:15:46 [v4][heartbeat] enter=False sorting=False cam=LIVE ai=LIVE cam_fps=52.4 pub_fps=30.2 frames=73285 result_subs=1 roi=ok intrinsic=ok inference_age_ms=90 target=none transport=False sorting_thread=alive
15:15:51 [v4][heartbeat] enter=False sorting=False cam=LIVE ai=LIVE cam_fps=54.4 pub_fps=30.4 frames=73557 result_subs=1 roi=ok intrinsic=ok inference_age_ms=62 target=none transport=False sorting_thread=alive
15:15:56 [v4][heartbeat] enter=False sorting=False cam=LIVE ai=LIVE cam_fps=48.8 pub_fps=30.2 frames=73801 result_subs=1 roi=ok intrinsic=ok inference_age_ms=53 target=none transport=False sorting_thread=alive
15:16:01 [v4][heartbeat] enter=False sorting=False cam=LIVE ai=LIVE cam_fps=50.6 pub_fps=30.4 frames=74054 result_subs=1 roi=ok intrinsic=ok inference_age_ms=74 target=none transport=False sorting_thread=alive
15:16:06 [v4][heartbeat] enter=False sorting=False cam=LIVE ai=LIVE cam_fps=53.4 pub_fps=30.2 frames=74321 result_subs=1 roi=ok intrinsic=ok inference_age_ms=43 target=none transport=False sorting_thread=alive
15:16:11 [v4][heartbeat] enter=False sorting=False cam=LIVE ai=LIVE cam_fps=50.8 pub_fps=30.4 frames=74575 result_subs=1 roi=ok intrinsic=ok inference_age_ms=51 target=none transport=False sorting_thread=alive
15:16:16 [v4][heartbeat] enter=False sorting=False cam=LIVE ai=LIVE cam_fps=52.8 pub_fps=30.2 frames=74839 result_subs=1 roi=ok intrinsic=ok inference_age_ms=82 target=none transport=False sorting_thread=alive
15:16:21 [v4][heartbeat] enter=False sorting=False cam=LIVE ai=LIVE cam_fps=50.0 pub_fps=30.4 frames=75089 result_subs=1 roi=ok intrinsic=ok inference_age_ms=89 target=none transport=False sorting_thread=alive
15:16:26 [v4][heartbeat] enter=False sorting=False cam=LIVE ai=LIVE cam_fps=52.4 pub_fps=30.4 frames=75351 result_subs=1 roi=ok intrinsic=ok inference_age_ms=77 target=none transport=False sorting_thread=alive
15:16:31 [v4][heartbeat] enter=False sorting=False cam=LIVE ai=LIVE cam_fps=53.3 pub_fps=30.2 frames=75617 result_subs=1 roi=ok intrinsic=ok inference_age_ms=94 target=none transport=False sorting_thread=alive
15:16:36 [v4][heartbeat] enter=False sorting=False cam=LIVE ai=LIVE cam_fps=50.2 pub_fps=30.2 frames=75868 result_subs=1 roi=ok intrinsic=ok inference_age_ms=65 target=none transport=False sorting_thread=alive
15:16:41 [v4][heartbeat] enter=False sorting=False cam=LIVE ai=LIVE cam_fps=53.6 pub_fps=30.4 frames=76136 result_subs=1 roi=ok intrinsic=ok inference_age_ms=68 target=none transport=False sorting_thread=alive
15:16:46 [v4][heartbeat] enter=False sorting=False cam=LIVE ai=LIVE cam_fps=48.8 pub_fps=30.4 frames=76380 result_subs=1 roi=ok intrinsic=ok inference_age_ms=83 target=none transport=False sorting_thread=alive
15:16:51 [v4][heartbeat] enter=False sorting=False cam=LIVE ai=LIVE cam_fps=51.6 pub_fps=30.2 frames=76638 result_subs=1 roi=ok intrinsic=ok inference_age_ms=61 target=none transport=False sorting_thread=alive
15:16:56 [v4][heartbeat] enter=False sorting=False cam=LIVE ai=LIVE cam_fps=54.6 pub_fps=30.4 frames=76911 result_subs=1 roi=ok intrinsic=ok inference_age_ms=75 target=none transport=False sorting_thread=alive
15:17:01 [v4][heartbeat] enter=False sorting=False cam=LIVE ai=LIVE cam_fps=49.0 pub_fps=30.2 frames=77156 result_subs=1 roi=ok intrinsic=ok inference_age_ms=66 target=none transport=False sorting_thread=alive
15:17:06 [v4][heartbeat] enter=False sorting=False cam=LIVE ai=LIVE cam_fps=55.4 pub_fps=30.4 frames=77433 result_subs=1 roi=ok intrinsic=ok inference_age_ms=51 target=none transport=False sorting_thread=alive
15:17:11 [v4][heartbeat] enter=False sorting=False cam=LIVE ai=LIVE cam_fps=51.8 pub_fps=30.2 frames=77692 result_subs=1 roi=ok intrinsic=ok inference_age_ms=60 target=none transport=False sorting_thread=alive
15:17:16 [v4][heartbeat] enter=False sorting=False cam=LIVE ai=LIVE cam_fps=49.4 pub_fps=30.4 frames=77939 result_subs=1 roi=ok intrinsic=ok inference_age_ms=79 target=none transport=False sorting_thread=alive
15:17:21 [v4][heartbeat] enter=False sorting=False cam=LIVE ai=LIVE cam_fps=53.2 pub_fps=30.2 frames=78205 result_subs=1 roi=ok intrinsic=ok inference_age_ms=73 target=none transport=False sorting_thread=alive
15:17:26 [v4][heartbeat] enter=False sorting=False cam=LIVE ai=LIVE cam_fps=46.4 pub_fps=30.2 frames=78437 result_subs=1 roi=ok intrinsic=ok inference_age_ms=57 target=none transport=False sorting_thread=alive
15:17:31 [v4][heartbeat] enter=False sorting=False cam=LIVE ai=LIVE cam_fps=48.8 pub_fps=30.4 frames=78681 result_subs=1 roi=ok intrinsic=ok inference_age_ms=102 target=none transport=False sorting_thread=alive
15:17:36 [v4][heartbeat] enter=False sorting=False cam=LIVE ai=LIVE cam_fps=53.2 pub_fps=30.4 frames=78947 result_subs=1 roi=ok intrinsic=ok inference_age_ms=84 target=none transport=False sorting_thread=alive
15:17:41 [v4][heartbeat] enter=False sorting=False cam=LIVE ai=LIVE cam_fps=51.2 pub_fps=30.2 frames=79203 result_subs=1 roi=ok intrinsic=ok inference_age_ms=68 target=none transport=False sorting_thread=alive
15:17:46 [v4][heartbeat] enter=False sorting=False cam=LIVE ai=LIVE cam_fps=54.8 pub_fps=30.4 frames=79477 result_subs=1 roi=ok intrinsic=ok inference_age_ms=83 target=none transport=False sorting_thread=alive
15:17:51 [v4][heartbeat] enter=False sorting=False cam=LIVE ai=LIVE cam_fps=50.4 pub_fps=30.2 frames=79729 result_subs=1 roi=ok intrinsic=ok inference_age_ms=68 target=none transport=False sorting_thread=alive
15:17:56 [v4][heartbeat] enter=False sorting=False cam=LIVE ai=LIVE cam_fps=53.4 pub_fps=30.4 frames=79996 result_subs=1 roi=ok intrinsic=ok inference_age_ms=61 target=none transport=False sorting_thread=alive
15:18:01 [v4][heartbeat] enter=False sorting=False cam=LIVE ai=LIVE cam_fps=54.0 pub_fps=30.2 frames=80266 result_subs=1 roi=ok intrinsic=ok inference_age_ms=40 target=none transport=False sorting_thread=alive
15:18:06 [v4][heartbeat] enter=False sorting=False cam=LIVE ai=LIVE cam_fps=50.8 pub_fps=30.4 frames=80520 result_subs=1 roi=ok intrinsic=ok inference_age_ms=83 target=none transport=False sorting_thread=alive
15:18:11 [v4][heartbeat] enter=False sorting=False cam=LIVE ai=LIVE cam_fps=53.8 pub_fps=30.2 frames=80789 result_subs=1 roi=ok intrinsic=ok inference_age_ms=70 target=none transport=False sorting_thread=alive
15:18:16 [v4][heartbeat] enter=False sorting=False cam=LIVE ai=LIVE cam_fps=50.2 pub_fps=30.4 frames=81040 result_subs=1 roi=ok intrinsic=ok inference_age_ms=66 target=none transport=False sorting_thread=alive
15:18:21 [v4][heartbeat] enter=False sorting=False cam=LIVE ai=LIVE cam_fps=53.6 pub_fps=30.2 frames=81308 result_subs=1 roi=ok intrinsic=ok inference_age_ms=67 target=none transport=False sorting_thread=alive
15:18:26 [v4][heartbeat] enter=False sorting=False cam=LIVE ai=LIVE cam_fps=55.4 pub_fps=30.4 frames=81585 result_subs=1 roi=ok intrinsic=ok inference_age_ms=48 target=none transport=False sorting_thread=alive
15:18:31 [v4][heartbeat] enter=False sorting=False cam=LIVE ai=LIVE cam_fps=47.2 pub_fps=30.2 frames=81821 result_subs=1 roi=ok intrinsic=ok inference_age_ms=82 target=none transport=False sorting_thread=alive
15:18:36 [v4][heartbeat] enter=False sorting=False cam=LIVE ai=LIVE cam_fps=54.4 pub_fps=30.4 frames=82093 result_subs=1 roi=ok intrinsic=ok inference_age_ms=48 target=none transport=False sorting_thread=alive
15:18:41 [v4][heartbeat] enter=False sorting=False cam=LIVE ai=LIVE cam_fps=51.0 pub_fps=30.2 frames=82348 result_subs=1 roi=ok intrinsic=ok inference_age_ms=88 target=none transport=False sorting_thread=alive
15:18:46 [v4][heartbeat] enter=False sorting=False cam=LIVE ai=LIVE cam_fps=55.2 pub_fps=30.4 frames=82624 result_subs=1 roi=ok intrinsic=ok inference_age_ms=62 target=none transport=False sorting_thread=alive
15:18:51 [v4][heartbeat] enter=False sorting=False cam=LIVE ai=LIVE cam_fps=56.4 pub_fps=30.2 frames=82906 result_subs=1 roi=ok intrinsic=ok inference_age_ms=39 target=none transport=False sorting_thread=alive
15:18:56 [v4][heartbeat] enter=False sorting=False cam=LIVE ai=LIVE cam_fps=50.0 pub_fps=30.4 frames=83156 result_subs=1 roi=ok intrinsic=ok inference_age_ms=68 target=none transport=False sorting_thread=alive
15:19:01 [v4][heartbeat] enter=False sorting=False cam=LIVE ai=LIVE cam_fps=54.2 pub_fps=30.2 frames=83427 result_subs=1 roi=ok intrinsic=ok inference_age_ms=90 target=none transport=False sorting_thread=alive
15:19:06 [v4][heartbeat] enter=False sorting=False cam=LIVE ai=LIVE cam_fps=47.5 pub_fps=30.4 frames=83665 result_subs=1 roi=ok intrinsic=ok inference_age_ms=107 target=none transport=False sorting_thread=alive
15:19:11 [v4][heartbeat] enter=False sorting=False cam=LIVE ai=LIVE cam_fps=50.7 pub_fps=30.4 frames=83918 result_subs=1 roi=ok intrinsic=ok inference_age_ms=65 target=none transport=False sorting_thread=alive
15:19:16 [v4][heartbeat] enter=False sorting=False cam=LIVE ai=LIVE cam_fps=54.4 pub_fps=30.2 frames=84190 result_subs=1 roi=ok intrinsic=ok inference_age_ms=35 target=none transport=False sorting_thread=alive
15:19:21 [v4][heartbeat] enter=False sorting=False cam=LIVE ai=LIVE cam_fps=48.2 pub_fps=30.2 frames=84431 result_subs=1 roi=ok intrinsic=ok inference_age_ms=53 target=none transport=False sorting_thread=alive
15:19:26 [v4][heartbeat] enter=False sorting=False cam=LIVE ai=LIVE cam_fps=52.4 pub_fps=30.4 frames=84693 result_subs=1 roi=ok intrinsic=ok inference_age_ms=97 target=none transport=False sorting_thread=alive
15:19:31 [v4][heartbeat] enter=False sorting=False cam=LIVE ai=LIVE cam_fps=50.8 pub_fps=30.4 frames=84947 result_subs=1 roi=ok intrinsic=ok inference_age_ms=67 target=none transport=False sorting_thread=alive
15:19:36 [v4][heartbeat] enter=False sorting=False cam=LIVE ai=LIVE cam_fps=53.0 pub_fps=30.2 frames=85212 result_subs=1 roi=ok intrinsic=ok inference_age_ms=80 target=none transport=False sorting_thread=alive
15:19:41 [v4][heartbeat] enter=False sorting=False cam=LIVE ai=LIVE cam_fps=57.0 pub_fps=30.2 frames=85497 result_subs=1 roi=ok intrinsic=ok inference_age_ms=79 target=none transport=False sorting_thread=alive
15:19:46 [v4][heartbeat] enter=False sorting=False cam=LIVE ai=LIVE cam_fps=51.8 pub_fps=30.4 frames=85756 result_subs=1 roi=ok intrinsic=ok inference_age_ms=73 target=none transport=False sorting_thread=alive
15:19:51 [v4][heartbeat] enter=False sorting=False cam=LIVE ai=LIVE cam_fps=55.0 pub_fps=30.2 frames=86031 result_subs=1 roi=ok intrinsic=ok inference_age_ms=76 target=none transport=False sorting_thread=alive
15:19:56 [v4][heartbeat] enter=False sorting=False cam=LIVE ai=LIVE cam_fps=54.2 pub_fps=30.4 frames=86302 result_subs=1 roi=ok intrinsic=ok inference_age_ms=88 target=none transport=False sorting_thread=alive
15:20:01 [v4][heartbeat] enter=False sorting=False cam=LIVE ai=LIVE cam_fps=51.7 pub_fps=30.2 frames=86561 result_subs=1 roi=ok intrinsic=ok inference_age_ms=75 target=none transport=False sorting_thread=alive
15:20:06 [v4][heartbeat] enter=False sorting=False cam=LIVE ai=LIVE cam_fps=55.0 pub_fps=30.4 frames=86836 result_subs=1 roi=ok intrinsic=ok inference_age_ms=64 target=none transport=False sorting_thread=alive
15:20:11 [v4][heartbeat] enter=False sorting=False cam=LIVE ai=LIVE cam_fps=50.8 pub_fps=30.4 frames=87090 result_subs=1 roi=ok intrinsic=ok inference_age_ms=48 target=none transport=False sorting_thread=alive
15:20:16 [v4][heartbeat] enter=False sorting=False cam=LIVE ai=LIVE cam_fps=54.4 pub_fps=30.2 frames=87362 result_subs=1 roi=ok intrinsic=ok inference_age_ms=41 target=none transport=False sorting_thread=alive
15:20:21 [v4][heartbeat] enter=False sorting=False cam=LIVE ai=LIVE cam_fps=53.6 pub_fps=30.4 frames=87630 result_subs=1 roi=ok intrinsic=ok inference_age_ms=52 target=none transport=False sorting_thread=alive
15:20:26 [v4][heartbeat] enter=False sorting=False cam=LIVE ai=LIVE cam_fps=50.8 pub_fps=30.2 frames=87884 result_subs=1 roi=ok intrinsic=ok inference_age_ms=60 target=none transport=False sorting_thread=alive
15:20:31 [v4][heartbeat] enter=False sorting=False cam=LIVE ai=LIVE cam_fps=56.4 pub_fps=30.4 frames=88166 result_subs=1 roi=ok intrinsic=ok inference_age_ms=70 target=none transport=False sorting_thread=alive
15:20:36 [v4][heartbeat] enter=False sorting=False cam=LIVE ai=LIVE cam_fps=51.2 pub_fps=30.2 frames=88422 result_subs=1 roi=ok intrinsic=ok inference_age_ms=75 target=none transport=False sorting_thread=alive
15:20:41 [v4][heartbeat] enter=False sorting=False cam=LIVE ai=LIVE cam_fps=52.4 pub_fps=30.4 frames=88684 result_subs=1 roi=ok intrinsic=ok inference_age_ms=73 target=none transport=False sorting_thread=alive
15:20:46 [v4][heartbeat] enter=False sorting=False cam=LIVE ai=LIVE cam_fps=53.2 pub_fps=30.2 frames=88950 result_subs=1 roi=ok intrinsic=ok inference_age_ms=45 target=none transport=False sorting_thread=alive
15:20:51 [v4][heartbeat] enter=False sorting=False cam=LIVE ai=LIVE cam_fps=52.6 pub_fps=30.4 frames=89213 result_subs=1 roi=ok intrinsic=ok inference_age_ms=48 target=none transport=False sorting_thread=alive
15:20:56 [v4][heartbeat] enter=False sorting=False cam=LIVE ai=LIVE cam_fps=55.8 pub_fps=30.2 frames=89492 result_subs=1 roi=ok intrinsic=ok inference_age_ms=57 target=none transport=False sorting_thread=alive
15:21:01 [v4][heartbeat] enter=False sorting=False cam=LIVE ai=LIVE cam_fps=50.8 pub_fps=30.4 frames=89746 result_subs=1 roi=ok intrinsic=ok inference_age_ms=65 target=none transport=False sorting_thread=alive
15:21:06 [v4][heartbeat] enter=False sorting=False cam=LIVE ai=LIVE cam_fps=53.4 pub_fps=30.2 frames=90013 result_subs=1 roi=ok intrinsic=ok inference_age_ms=112 target=none transport=False sorting_thread=alive
15:21:11 [v4][heartbeat] enter=False sorting=False cam=LIVE ai=LIVE cam_fps=54.4 pub_fps=30.2 frames=90285 result_subs=1 roi=ok intrinsic=ok inference_age_ms=66 target=none transport=False sorting_thread=alive
15:21:16 [v4][heartbeat] enter=False sorting=False cam=LIVE ai=LIVE cam_fps=52.2 pub_fps=30.4 frames=90546 result_subs=1 roi=ok intrinsic=ok inference_age_ms=80 target=none transport=False sorting_thread=alive
15:21:21 [v4][heartbeat] enter=False sorting=False cam=LIVE ai=LIVE cam_fps=54.5 pub_fps=30.4 frames=90819 result_subs=1 roi=ok intrinsic=ok inference_age_ms=38 target=none transport=False sorting_thread=alive
15:21:26 [v4][heartbeat] enter=False sorting=False cam=LIVE ai=LIVE cam_fps=52.6 pub_fps=30.2 frames=91082 result_subs=1 roi=ok intrinsic=ok inference_age_ms=52 target=none transport=False sorting_thread=alive
15:21:31 [v4][heartbeat] enter=False sorting=False cam=LIVE ai=LIVE cam_fps=53.4 pub_fps=30.4 frames=91349 result_subs=1 roi=ok intrinsic=ok inference_age_ms=53 target=none transport=False sorting_thread=alive
15:21:36 [v4][heartbeat] enter=False sorting=False cam=LIVE ai=LIVE cam_fps=54.8 pub_fps=30.2 frames=91623 result_subs=1 roi=ok intrinsic=ok inference_age_ms=96 target=none transport=False sorting_thread=alive
15:21:41 [v4][heartbeat] enter=False sorting=False cam=LIVE ai=LIVE cam_fps=51.6 pub_fps=30.2 frames=91881 result_subs=1 roi=ok intrinsic=ok inference_age_ms=67 target=none transport=False sorting_thread=alive
15:21:46 [v4][heartbeat] enter=False sorting=False cam=LIVE ai=LIVE cam_fps=56.3 pub_fps=30.6 frames=92163 result_subs=1 roi=ok intrinsic=ok inference_age_ms=70 target=none transport=False sorting_thread=alive
15:21:51 [v4][heartbeat] enter=False sorting=False cam=LIVE ai=LIVE cam_fps=53.6 pub_fps=30.2 frames=92431 result_subs=1 roi=ok intrinsic=ok inference_age_ms=37 target=none transport=False sorting_thread=alive
15:21:56 [v4][heartbeat] enter=False sorting=False cam=LIVE ai=LIVE cam_fps=51.8 pub_fps=30.2 frames=92690 result_subs=1 roi=ok intrinsic=ok inference_age_ms=66 target=none transport=False sorting_thread=alive
15:22:01 [v4][heartbeat] enter=False sorting=False cam=LIVE ai=LIVE cam_fps=54.2 pub_fps=30.4 frames=92961 result_subs=1 roi=ok intrinsic=ok inference_age_ms=98 target=none transport=False sorting_thread=alive
15:22:06 [v4][heartbeat] enter=False sorting=False cam=LIVE ai=LIVE cam_fps=51.0 pub_fps=30.2 frames=93216 result_subs=1 roi=ok intrinsic=ok inference_age_ms=66 target=none transport=False sorting_thread=alive
15:22:11 [v4][heartbeat] enter=False sorting=False cam=LIVE ai=LIVE cam_fps=54.4 pub_fps=30.4 frames=93488 result_subs=1 roi=ok intrinsic=ok inference_age_ms=66 target=none transport=False sorting_thread=alive
15:22:16 [v4][heartbeat] enter=False sorting=False cam=LIVE ai=LIVE cam_fps=57.4 pub_fps=30.4 frames=93775 result_subs=1 roi=ok intrinsic=ok inference_age_ms=70 target=none transport=False sorting_thread=alive
15:22:21 [v4][heartbeat] enter=False sorting=False cam=LIVE ai=LIVE cam_fps=55.4 pub_fps=30.2 frames=94052 result_subs=1 roi=ok intrinsic=ok inference_age_ms=55 target=none transport=False sorting_thread=alive
15:22:26 [v4][heartbeat] enter=False sorting=False cam=LIVE ai=LIVE cam_fps=58.8 pub_fps=30.2 frames=94346 result_subs=1 roi=ok intrinsic=ok inference_age_ms=58 target=none transport=False sorting_thread=alive
15:22:31 [v4][heartbeat] enter=False sorting=False cam=LIVE ai=LIVE cam_fps=56.2 pub_fps=30.4 frames=94627 result_subs=1 roi=ok intrinsic=ok inference_age_ms=50 target=none transport=False sorting_thread=alive
15:22:36 [v4][heartbeat] enter=False sorting=False cam=LIVE ai=LIVE cam_fps=57.0 pub_fps=30.4 frames=94912 result_subs=1 roi=ok intrinsic=ok inference_age_ms=56 target=none transport=False sorting_thread=alive
15:22:41 [v4][heartbeat] enter=False sorting=False cam=LIVE ai=LIVE cam_fps=55.6 pub_fps=30.2 frames=95190 result_subs=1 roi=ok intrinsic=ok inference_age_ms=57 target=none transport=False sorting_thread=alive
15:22:46 [v4][heartbeat] enter=False sorting=False cam=LIVE ai=LIVE cam_fps=54.6 pub_fps=30.4 frames=95463 result_subs=1 roi=ok intrinsic=ok inference_age_ms=80 target=none transport=False sorting_thread=alive
15:22:51 [v4][heartbeat] enter=False sorting=False cam=LIVE ai=LIVE cam_fps=59.2 pub_fps=30.2 frames=95759 result_subs=1 roi=ok intrinsic=ok inference_age_ms=53 target=none transport=False sorting_thread=alive
15:22:56 [v4][heartbeat] enter=False sorting=False cam=LIVE ai=LIVE cam_fps=55.6 pub_fps=30.2 frames=96037 result_subs=1 roi=ok intrinsic=ok inference_age_ms=63 target=none transport=False sorting_thread=alive
15:23:01 [v4][heartbeat] enter=False sorting=False cam=LIVE ai=LIVE cam_fps=55.6 pub_fps=30.4 frames=96315 result_subs=1 roi=ok intrinsic=ok inference_age_ms=51 target=none transport=False sorting_thread=alive
15:23:06 [v4][heartbeat] enter=False sorting=False cam=LIVE ai=LIVE cam_fps=57.8 pub_fps=30.4 frames=96604 result_subs=1 roi=ok intrinsic=ok inference_age_ms=54 target=none transport=False sorting_thread=alive
15:23:11 [v4][heartbeat] enter=False sorting=False cam=LIVE ai=LIVE cam_fps=55.2 pub_fps=30.2 frames=96880 result_subs=1 roi=ok intrinsic=ok inference_age_ms=34 target=none transport=False sorting_thread=alive
15:23:16 [v4][heartbeat] enter=False sorting=False cam=LIVE ai=LIVE cam_fps=57.2 pub_fps=30.4 frames=97166 result_subs=1 roi=ok intrinsic=ok inference_age_ms=62 target=none transport=False sorting_thread=alive
15:23:21 [v4][heartbeat] enter=False sorting=False cam=LIVE ai=LIVE cam_fps=56.0 pub_fps=30.2 frames=97446 result_subs=1 roi=ok intrinsic=ok inference_age_ms=61 target=none transport=False sorting_thread=alive
15:23:26 [v4][heartbeat] enter=False sorting=False cam=LIVE ai=LIVE cam_fps=56.0 pub_fps=30.4 frames=97726 result_subs=1 roi=ok intrinsic=ok inference_age_ms=70 target=none transport=False sorting_thread=alive
15:23:31 [v4][heartbeat] enter=False sorting=False cam=LIVE ai=LIVE cam_fps=57.6 pub_fps=30.2 frames=98014 result_subs=1 roi=ok intrinsic=ok inference_age_ms=54 target=none transport=False sorting_thread=alive
15:23:36 [v4][heartbeat] enter=False sorting=False cam=LIVE ai=LIVE cam_fps=56.0 pub_fps=30.4 frames=98294 result_subs=1 roi=ok intrinsic=ok inference_age_ms=60 target=none transport=False sorting_thread=alive
15:23:41 [v4][heartbeat] enter=False sorting=False cam=LIVE ai=LIVE cam_fps=57.6 pub_fps=30.2 frames=98582 result_subs=1 roi=ok intrinsic=ok inference_age_ms=64 target=none transport=False sorting_thread=alive
15:23:46 [v4][heartbeat] enter=False sorting=False cam=LIVE ai=LIVE cam_fps=55.8 pub_fps=30.4 frames=98861 result_subs=1 roi=ok intrinsic=ok inference_age_ms=40 target=none transport=False sorting_thread=alive
15:23:51 [v4][heartbeat] enter=False sorting=False cam=LIVE ai=LIVE cam_fps=56.8 pub_fps=30.2 frames=99145 result_subs=1 roi=ok intrinsic=ok inference_age_ms=50 target=none transport=False sorting_thread=alive
15:23:56 [v4][heartbeat] enter=False sorting=False cam=LIVE ai=LIVE cam_fps=58.4 pub_fps=30.2 frames=99437 result_subs=1 roi=ok intrinsic=ok inference_age_ms=100 target=none transport=False sorting_thread=alive
15:24:01 [v4][heartbeat] enter=False sorting=False cam=LIVE ai=LIVE cam_fps=55.4 pub_fps=30.4 frames=99714 result_subs=1 roi=ok intrinsic=ok inference_age_ms=42 target=none transport=False sorting_thread=alive
15:24:06 [v4][heartbeat] enter=False sorting=False cam=LIVE ai=LIVE cam_fps=58.0 pub_fps=30.4 frames=100004 result_subs=1 roi=ok intrinsic=ok inference_age_ms=66 target=none transport=False sorting_thread=alive
15:24:11 [v4][heartbeat] enter=False sorting=False cam=LIVE ai=LIVE cam_fps=57.0 pub_fps=30.2 frames=100289 result_subs=1 roi=ok intrinsic=ok inference_age_ms=74 target=none transport=False sorting_thread=alive
15:24:16 [v4][heartbeat] enter=False sorting=False cam=LIVE ai=LIVE cam_fps=56.2 pub_fps=30.4 frames=100570 result_subs=1 roi=ok intrinsic=ok inference_age_ms=61 target=none transport=False sorting_thread=alive
15:24:21 [v4][heartbeat] enter=False sorting=False cam=LIVE ai=LIVE cam_fps=58.8 pub_fps=30.2 frames=100864 result_subs=1 roi=ok intrinsic=ok inference_age_ms=58 target=none transport=False sorting_thread=alive
15:24:26 [v4][heartbeat] enter=False sorting=False cam=LIVE ai=LIVE cam_fps=53.4 pub_fps=30.4 frames=101131 result_subs=1 roi=ok intrinsic=ok inference_age_ms=65 target=none transport=False sorting_thread=alive
15:24:31 [v4][heartbeat] enter=False sorting=False cam=LIVE ai=LIVE cam_fps=58.0 pub_fps=30.2 frames=101421 result_subs=1 roi=ok intrinsic=ok inference_age_ms=48 target=none transport=False sorting_thread=alive
15:24:36 [v4][heartbeat] enter=False sorting=False cam=LIVE ai=LIVE cam_fps=57.0 pub_fps=30.4 frames=101706 result_subs=1 roi=ok intrinsic=ok inference_age_ms=55 target=none transport=False sorting_thread=alive
15:24:41 [v4][heartbeat] enter=False sorting=False cam=LIVE ai=LIVE cam_fps=56.2 pub_fps=30.2 frames=101987 result_subs=1 roi=ok intrinsic=ok inference_age_ms=39 target=none transport=False sorting_thread=alive
15:24:46 [v4][heartbeat] enter=False sorting=False cam=LIVE ai=LIVE cam_fps=58.6 pub_fps=30.4 frames=102280 result_subs=1 roi=ok intrinsic=ok inference_age_ms=67 target=none transport=False sorting_thread=alive
15:24:51 [v4][heartbeat] enter=False sorting=False cam=LIVE ai=LIVE cam_fps=55.6 pub_fps=30.2 frames=102558 result_subs=1 roi=ok intrinsic=ok inference_age_ms=64 target=none transport=False sorting_thread=alive
15:24:56 [v4][heartbeat] enter=False sorting=False cam=LIVE ai=LIVE cam_fps=55.0 pub_fps=30.4 frames=102833 result_subs=1 roi=ok intrinsic=ok inference_age_ms=82 target=none transport=False sorting_thread=alive
15:25:01 [v4][heartbeat] enter=False sorting=False cam=LIVE ai=LIVE cam_fps=58.0 pub_fps=30.4 frames=103123 result_subs=1 roi=ok intrinsic=ok inference_age_ms=74 target=none transport=False sorting_thread=alive
15:25:06 [v4][heartbeat] enter=False sorting=False cam=LIVE ai=LIVE cam_fps=57.2 pub_fps=30.2 frames=103409 result_subs=1 roi=ok intrinsic=ok inference_age_ms=54 target=none transport=False sorting_thread=alive
15:25:11 [v4][heartbeat] enter=False sorting=False cam=LIVE ai=LIVE cam_fps=58.2 pub_fps=30.4 frames=103700 result_subs=1 roi=ok intrinsic=ok inference_age_ms=55 target=none transport=False sorting_thread=alive
15:25:16 [v4][heartbeat] enter=False sorting=False cam=LIVE ai=LIVE cam_fps=53.8 pub_fps=30.2 frames=103969 result_subs=1 roi=ok intrinsic=ok inference_age_ms=81 target=none transport=False sorting_thread=alive
15:25:21 [v4][heartbeat] enter=False sorting=False cam=LIVE ai=LIVE cam_fps=56.6 pub_fps=30.2 frames=104252 result_subs=1 roi=ok intrinsic=ok inference_age_ms=77 target=none transport=False sorting_thread=alive
15:25:26 [v4][heartbeat] enter=False sorting=False cam=LIVE ai=LIVE cam_fps=56.6 pub_fps=30.4 frames=104535 result_subs=1 roi=ok intrinsic=ok inference_age_ms=36 target=none transport=False sorting_thread=alive
15:25:31 [v4][heartbeat] enter=False sorting=False cam=LIVE ai=LIVE cam_fps=55.2 pub_fps=30.4 frames=104811 result_subs=1 roi=ok intrinsic=ok inference_age_ms=74 target=none transport=False sorting_thread=alive
15:25:36 [v4][heartbeat] enter=False sorting=False cam=LIVE ai=LIVE cam_fps=58.4 pub_fps=30.2 frames=105103 result_subs=1 roi=ok intrinsic=ok inference_age_ms=76 target=none transport=False sorting_thread=alive
15:25:41 [v4][heartbeat] enter=False sorting=False cam=LIVE ai=LIVE cam_fps=57.4 pub_fps=30.4 frames=105390 result_subs=1 roi=ok intrinsic=ok inference_age_ms=70 target=none transport=False sorting_thread=alive
15:25:46 [v4][heartbeat] enter=False sorting=False cam=LIVE ai=LIVE cam_fps=58.0 pub_fps=30.2 frames=105680 result_subs=1 roi=ok intrinsic=ok inference_age_ms=47 target=none transport=False sorting_thread=alive
15:25:51 [v4][heartbeat] enter=False sorting=False cam=LIVE ai=LIVE cam_fps=59.2 pub_fps=30.4 frames=105976 result_subs=1 roi=ok intrinsic=ok inference_age_ms=60 target=none transport=False sorting_thread=alive
15:25:56 [v4][heartbeat] enter=False sorting=False cam=LIVE ai=LIVE cam_fps=53.8 pub_fps=30.2 frames=106245 result_subs=1 roi=ok intrinsic=ok inference_age_ms=41 target=none transport=False sorting_thread=alive
15:26:01 [v4][heartbeat] enter=False sorting=False cam=LIVE ai=LIVE cam_fps=58.4 pub_fps=30.4 frames=106537 result_subs=1 roi=ok intrinsic=ok inference_age_ms=51 target=none transport=False sorting_thread=alive
15:26:06 [v4][heartbeat] enter=False sorting=False cam=LIVE ai=LIVE cam_fps=55.2 pub_fps=30.2 frames=106813 result_subs=1 roi=ok intrinsic=ok inference_age_ms=69 target=none transport=False sorting_thread=alive
15:26:11 [v4][heartbeat] enter=False sorting=False cam=LIVE ai=LIVE cam_fps=56.6 pub_fps=30.4 frames=107096 result_subs=1 roi=ok intrinsic=ok inference_age_ms=66 target=none transport=False sorting_thread=alive
15:26:16 [v4][heartbeat] enter=False sorting=False cam=LIVE ai=LIVE cam_fps=59.2 pub_fps=30.2 frames=107392 result_subs=1 roi=ok intrinsic=ok inference_age_ms=48 target=none transport=False sorting_thread=alive
15:26:21 [v4][heartbeat] enter=False sorting=False cam=LIVE ai=LIVE cam_fps=56.0 pub_fps=30.2 frames=107672 result_subs=1 roi=ok intrinsic=ok inference_age_ms=61 target=none transport=False sorting_thread=alive
15:26:26 [v4][heartbeat] enter=False sorting=False cam=LIVE ai=LIVE cam_fps=58.2 pub_fps=30.4 frames=107963 result_subs=1 roi=ok intrinsic=ok inference_age_ms=40 target=none transport=False sorting_thread=alive
15:26:31 [v4][heartbeat] enter=False sorting=False cam=LIVE ai=LIVE cam_fps=55.4 pub_fps=30.4 frames=108240 result_subs=1 roi=ok intrinsic=ok inference_age_ms=82 target=none transport=False sorting_thread=alive
15:26:36 [v4][heartbeat] enter=False sorting=False cam=LIVE ai=LIVE cam_fps=57.4 pub_fps=30.2 frames=108527 result_subs=1 roi=ok intrinsic=ok inference_age_ms=83 target=none transport=False sorting_thread=alive
15:26:41 [v4][heartbeat] enter=False sorting=False cam=LIVE ai=LIVE cam_fps=58.8 pub_fps=30.4 frames=108821 result_subs=1 roi=ok intrinsic=ok inference_age_ms=68 target=none transport=False sorting_thread=alive
15:26:46 [v4][heartbeat] enter=False sorting=False cam=LIVE ai=LIVE cam_fps=55.4 pub_fps=30.2 frames=109098 result_subs=1 roi=ok intrinsic=ok inference_age_ms=42 target=none transport=False sorting_thread=alive
15:26:51 [v4][heartbeat] enter=False sorting=False cam=LIVE ai=LIVE cam_fps=58.0 pub_fps=30.4 frames=109388 result_subs=1 roi=ok intrinsic=ok inference_age_ms=54 target=none transport=False sorting_thread=alive
15:26:56 [v4][heartbeat] enter=False sorting=False cam=LIVE ai=LIVE cam_fps=58.0 pub_fps=30.2 frames=109678 result_subs=1 roi=ok intrinsic=ok inference_age_ms=71 target=none transport=False sorting_thread=alive
15:27:01 [v4][heartbeat] enter=False sorting=False cam=LIVE ai=LIVE cam_fps=56.2 pub_fps=30.4 frames=109959 result_subs=1 roi=ok intrinsic=ok inference_age_ms=55 target=none transport=False sorting_thread=alive
15:27:06 [v4][heartbeat] enter=False sorting=False cam=LIVE ai=LIVE cam_fps=58.8 pub_fps=30.2 frames=110253 result_subs=1 roi=ok intrinsic=ok inference_age_ms=72 target=none transport=False sorting_thread=alive
15:27:11 [v4][heartbeat] enter=False sorting=False cam=LIVE ai=LIVE cam_fps=57.0 pub_fps=30.4 frames=110538 result_subs=1 roi=ok intrinsic=ok inference_age_ms=58 target=none transport=False sorting_thread=alive
15:27:16 [v4][heartbeat] enter=False sorting=False cam=LIVE ai=LIVE cam_fps=55.4 pub_fps=30.2 frames=110815 result_subs=1 roi=ok intrinsic=ok inference_age_ms=68 target=none transport=False sorting_thread=alive
15:27:21 [v4][heartbeat] enter=False sorting=False cam=LIVE ai=LIVE cam_fps=57.0 pub_fps=30.4 frames=111100 result_subs=1 roi=ok intrinsic=ok inference_age_ms=57 target=none transport=False sorting_thread=alive
15:27:26 [v4][heartbeat] enter=False sorting=False cam=LIVE ai=LIVE cam_fps=57.0 pub_fps=30.2 frames=111385 result_subs=1 roi=ok intrinsic=ok inference_age_ms=44 target=none transport=False sorting_thread=alive
15:27:31 [v4][heartbeat] enter=False sorting=False cam=LIVE ai=LIVE cam_fps=58.4 pub_fps=30.4 frames=111677 result_subs=1 roi=ok intrinsic=ok inference_age_ms=41 target=none transport=False sorting_thread=alive
15:27:36 [v4][heartbeat] enter=False sorting=False cam=LIVE ai=LIVE cam_fps=55.4 pub_fps=30.2 frames=111954 result_subs=1 roi=ok intrinsic=ok inference_age_ms=60 target=none transport=False sorting_thread=alive
15:27:41 [v4][heartbeat] enter=False sorting=False cam=LIVE ai=LIVE cam_fps=55.4 pub_fps=30.4 frames=112231 result_subs=1 roi=ok intrinsic=ok inference_age_ms=35 target=none transport=False sorting_thread=alive
15:27:46 [v4][heartbeat] enter=False sorting=False cam=LIVE ai=LIVE cam_fps=58.7 pub_fps=30.4 frames=112525 result_subs=1 roi=ok intrinsic=ok inference_age_ms=47 target=none transport=False sorting_thread=alive
15:27:51 [v4][heartbeat] enter=False sorting=False cam=LIVE ai=LIVE cam_fps=56.5 pub_fps=30.2 frames=112807 result_subs=1 roi=ok intrinsic=ok inference_age_ms=62 target=none transport=False sorting_thread=alive
15:27:56 [v4][heartbeat] enter=False sorting=False cam=LIVE ai=LIVE cam_fps=58.6 pub_fps=30.4 frames=113100 result_subs=1 roi=ok intrinsic=ok inference_age_ms=60 target=none transport=False sorting_thread=alive
15:28:01 [v4][heartbeat] enter=False sorting=False cam=LIVE ai=LIVE cam_fps=56.0 pub_fps=30.2 frames=113380 result_subs=1 roi=ok intrinsic=ok inference_age_ms=50 target=none transport=False sorting_thread=alive
15:28:06 [v4][heartbeat] enter=False sorting=False cam=LIVE ai=LIVE cam_fps=57.2 pub_fps=30.2 frames=113666 result_subs=1 roi=ok intrinsic=ok inference_age_ms=53 target=none transport=False sorting_thread=alive
15:28:11 [v4][heartbeat] enter=False sorting=False cam=LIVE ai=LIVE cam_fps=58.2 pub_fps=30.4 frames=113957 result_subs=1 roi=ok intrinsic=ok inference_age_ms=75 target=none transport=False sorting_thread=alive
15:28:16 [v4][heartbeat] enter=False sorting=False cam=LIVE ai=LIVE cam_fps=56.4 pub_fps=30.2 frames=114239 result_subs=1 roi=ok intrinsic=ok inference_age_ms=79 target=none transport=False sorting_thread=alive
15:28:21 [v4][heartbeat] enter=False sorting=False cam=LIVE ai=LIVE cam_fps=59.2 pub_fps=30.4 frames=114535 result_subs=1 roi=ok intrinsic=ok inference_age_ms=63 target=none transport=False sorting_thread=alive
15:28:26 [v4][heartbeat] enter=False sorting=False cam=LIVE ai=LIVE cam_fps=58.2 pub_fps=30.4 frames=114826 result_subs=1 roi=ok intrinsic=ok inference_age_ms=72 target=none transport=False sorting_thread=alive
15:28:31 [v4][heartbeat] enter=False sorting=False cam=LIVE ai=LIVE cam_fps=56.4 pub_fps=30.2 frames=115108 result_subs=1 roi=ok intrinsic=ok inference_age_ms=41 target=none transport=False sorting_thread=alive
15:28:36 [v4][heartbeat] enter=False sorting=False cam=LIVE ai=LIVE cam_fps=58.0 pub_fps=30.4 frames=115398 result_subs=1 roi=ok intrinsic=ok inference_age_ms=62 target=none transport=False sorting_thread=alive
15:28:41 [v4][heartbeat] enter=False sorting=False cam=LIVE ai=LIVE cam_fps=56.2 pub_fps=30.2 frames=115679 result_subs=1 roi=ok intrinsic=ok inference_age_ms=40 target=none transport=False sorting_thread=alive
15:28:46 [v4][heartbeat] enter=False sorting=False cam=LIVE ai=LIVE cam_fps=56.8 pub_fps=30.4 frames=115963 result_subs=1 roi=ok intrinsic=ok inference_age_ms=79 target=none transport=False sorting_thread=alive
15:28:51 [v4][heartbeat] enter=False sorting=False cam=LIVE ai=LIVE cam_fps=58.2 pub_fps=30.2 frames=116254 result_subs=1 roi=ok intrinsic=ok inference_age_ms=39 target=none transport=False sorting_thread=alive
15:28:56 [v4][heartbeat] enter=False sorting=False cam=LIVE ai=LIVE cam_fps=52.8 pub_fps=30.4 frames=116518 result_subs=1 roi=ok intrinsic=ok inference_age_ms=54 target=none transport=False sorting_thread=alive
15:29:01 [v4][heartbeat] enter=False sorting=False cam=LIVE ai=LIVE cam_fps=57.2 pub_fps=30.2 frames=116804 result_subs=1 roi=ok intrinsic=ok inference_age_ms=64 target=none transport=False sorting_thread=alive
15:29:06 [v4][heartbeat] enter=False sorting=False cam=LIVE ai=LIVE cam_fps=58.2 pub_fps=30.4 frames=117095 result_subs=1 roi=ok intrinsic=ok inference_age_ms=60 target=none transport=False sorting_thread=alive
15:29:11 [v4][heartbeat] enter=False sorting=False cam=LIVE ai=LIVE cam_fps=53.6 pub_fps=30.2 frames=117363 result_subs=1 roi=ok intrinsic=ok inference_age_ms=47 target=none transport=False sorting_thread=alive
15:29:16 [v4][heartbeat] enter=False sorting=False cam=LIVE ai=LIVE cam_fps=58.4 pub_fps=30.4 frames=117655 result_subs=1 roi=ok intrinsic=ok inference_age_ms=54 target=none transport=False sorting_thread=alive
15:29:21 [v4][heartbeat] enter=False sorting=False cam=LIVE ai=LIVE cam_fps=54.6 pub_fps=30.2 frames=117928 result_subs=1 roi=ok intrinsic=ok inference_age_ms=67 target=none transport=False sorting_thread=alive
15:29:26 [v4][heartbeat] enter=False sorting=False cam=LIVE ai=LIVE cam_fps=57.4 pub_fps=30.4 frames=118215 result_subs=1 roi=ok intrinsic=ok inference_age_ms=43 target=none transport=False sorting_thread=alive
15:29:31 [v4][heartbeat] enter=False sorting=False cam=LIVE ai=LIVE cam_fps=59.7 pub_fps=30.2 frames=118514 result_subs=1 roi=ok intrinsic=ok inference_age_ms=65 target=none transport=False sorting_thread=alive
15:29:36 [v4][heartbeat] enter=False sorting=False cam=LIVE ai=LIVE cam_fps=53.2 pub_fps=30.4 frames=118780 result_subs=1 roi=ok intrinsic=ok inference_age_ms=55 target=none transport=False sorting_thread=alive
15:29:41 [v4][heartbeat] enter=False sorting=False cam=LIVE ai=LIVE cam_fps=58.0 pub_fps=30.2 frames=119070 result_subs=1 roi=ok intrinsic=ok inference_age_ms=70 target=none transport=False sorting_thread=alive
15:29:46 [v4][heartbeat] enter=False sorting=False cam=LIVE ai=LIVE cam_fps=52.6 pub_fps=30.4 frames=119333 result_subs=1 roi=ok intrinsic=ok inference_age_ms=59 target=none transport=False sorting_thread=alive
15:29:51 [v4][heartbeat] enter=False sorting=False cam=LIVE ai=LIVE cam_fps=56.0 pub_fps=30.2 frames=119613 result_subs=1 roi=ok intrinsic=ok inference_age_ms=60 target=none transport=False sorting_thread=alive
15:29:56 [v4][heartbeat] enter=False sorting=False cam=LIVE ai=LIVE cam_fps=59.0 pub_fps=30.4 frames=119908 result_subs=1 roi=ok intrinsic=ok inference_age_ms=65 target=none transport=False sorting_thread=alive
15:30:01 [v4][heartbeat] enter=False sorting=False cam=LIVE ai=LIVE cam_fps=53.8 pub_fps=30.2 frames=120177 result_subs=1 roi=ok intrinsic=ok inference_age_ms=50 target=none transport=False sorting_thread=alive
15:30:06 [v4][heartbeat] enter=False sorting=False cam=LIVE ai=LIVE cam_fps=58.0 pub_fps=30.4 frames=120467 result_subs=1 roi=ok intrinsic=ok inference_age_ms=69 target=none transport=False sorting_thread=alive
15:30:11 [v4][heartbeat] enter=False sorting=False cam=LIVE ai=LIVE cam_fps=56.8 pub_fps=30.2 frames=120751 result_subs=1 roi=ok intrinsic=ok inference_age_ms=41 target=none transport=False sorting_thread=alive
15:30:16 [v4][heartbeat] enter=False sorting=False cam=LIVE ai=LIVE cam_fps=57.2 pub_fps=30.4 frames=121037 result_subs=1 roi=ok intrinsic=ok inference_age_ms=41 target=none transport=False sorting_thread=alive
15:30:21 [v4][heartbeat] enter=False sorting=False cam=LIVE ai=LIVE cam_fps=58.8 pub_fps=30.2 frames=121331 result_subs=1 roi=ok intrinsic=ok inference_age_ms=54 target=none transport=False sorting_thread=alive
15:30:26 [v4][heartbeat] enter=False sorting=False cam=LIVE ai=LIVE cam_fps=55.2 pub_fps=30.4 frames=121607 result_subs=1 roi=ok intrinsic=ok inference_age_ms=66 target=none transport=False sorting_thread=alive
15:30:31 [v4][heartbeat] enter=False sorting=False cam=LIVE ai=LIVE cam_fps=58.0 pub_fps=30.2 frames=121897 result_subs=1 roi=ok intrinsic=ok inference_age_ms=53 target=none transport=False sorting_thread=alive
15:30:36 [v4][heartbeat] enter=False sorting=False cam=LIVE ai=LIVE cam_fps=56.6 pub_fps=30.4 frames=122180 result_subs=1 roi=ok intrinsic=ok inference_age_ms=67 target=none transport=False sorting_thread=alive
15:30:41 [v4][heartbeat] enter=False sorting=False cam=LIVE ai=LIVE cam_fps=56.6 pub_fps=30.4 frames=122463 result_subs=1 roi=ok intrinsic=ok inference_age_ms=79 target=none transport=False sorting_thread=alive
15:30:46 [v4][heartbeat] enter=False sorting=False cam=LIVE ai=LIVE cam_fps=58.4 pub_fps=30.2 frames=122755 result_subs=1 roi=ok intrinsic=ok inference_age_ms=52 target=none transport=False sorting_thread=alive
15:30:51 [v4][heartbeat] enter=False sorting=False cam=LIVE ai=LIVE cam_fps=53.8 pub_fps=30.4 frames=123024 result_subs=1 roi=ok intrinsic=ok inference_age_ms=63 target=none transport=False sorting_thread=alive
15:30:56 [v4][heartbeat] enter=False sorting=False cam=LIVE ai=LIVE cam_fps=57.6 pub_fps=30.2 frames=123312 result_subs=1 roi=ok intrinsic=ok inference_age_ms=55 target=none transport=False sorting_thread=alive
15:31:01 [v4][heartbeat] enter=False sorting=False cam=LIVE ai=LIVE cam_fps=57.6 pub_fps=30.4 frames=123600 result_subs=1 roi=ok intrinsic=ok inference_age_ms=55 target=none transport=False sorting_thread=alive
15:31:06 [v4][heartbeat] enter=False sorting=False cam=LIVE ai=LIVE cam_fps=55.2 pub_fps=30.2 frames=123876 result_subs=1 roi=ok intrinsic=ok inference_age_ms=76 target=none transport=False sorting_thread=alive
15:31:11 [v4][heartbeat] enter=False sorting=False cam=LIVE ai=LIVE cam_fps=58.8 pub_fps=30.4 frames=124170 result_subs=1 roi=ok intrinsic=ok inference_age_ms=78 target=none transport=False sorting_thread=alive
15:31:16 [v4][heartbeat] enter=False sorting=False cam=LIVE ai=LIVE cam_fps=54.8 pub_fps=30.2 frames=124444 result_subs=1 roi=ok intrinsic=ok inference_age_ms=45 target=none transport=False sorting_thread=alive
15:31:21 [v4][heartbeat] enter=False sorting=False cam=LIVE ai=LIVE cam_fps=57.8 pub_fps=30.4 frames=124733 result_subs=1 roi=ok intrinsic=ok inference_age_ms=53 target=none transport=False sorting_thread=alive
15:31:26 [v4][heartbeat] enter=False sorting=False cam=LIVE ai=LIVE cam_fps=57.4 pub_fps=30.2 frames=125020 result_subs=1 roi=ok intrinsic=ok inference_age_ms=37 target=none transport=False sorting_thread=alive
15:31:31 [v4][heartbeat] enter=False sorting=False cam=LIVE ai=LIVE cam_fps=53.2 pub_fps=30.4 frames=125286 result_subs=1 roi=ok intrinsic=ok inference_age_ms=54 target=none transport=False sorting_thread=alive
15:31:36 [v4][heartbeat] enter=False sorting=False cam=LIVE ai=LIVE cam_fps=58.0 pub_fps=30.2 frames=125576 result_subs=1 roi=ok intrinsic=ok inference_age_ms=70 target=none transport=False sorting_thread=alive
15:31:41 [v4][heartbeat] enter=False sorting=False cam=LIVE ai=LIVE cam_fps=55.8 pub_fps=30.4 frames=125855 result_subs=1 roi=ok intrinsic=ok inference_age_ms=46 target=none transport=False sorting_thread=alive
15:31:46 [v4][heartbeat] enter=False sorting=False cam=LIVE ai=LIVE cam_fps=56.4 pub_fps=30.2 frames=126137 result_subs=1 roi=ok intrinsic=ok inference_age_ms=56 target=none transport=False sorting_thread=alive
15:31:51 [v4][heartbeat] enter=False sorting=False cam=LIVE ai=LIVE cam_fps=59.2 pub_fps=30.4 frames=126433 result_subs=1 roi=ok intrinsic=ok inference_age_ms=92 target=none transport=False sorting_thread=alive
15:31:56 [v4][heartbeat] enter=False sorting=False cam=LIVE ai=LIVE cam_fps=54.0 pub_fps=30.2 frames=126703 result_subs=1 roi=ok intrinsic=ok inference_age_ms=68 target=none transport=False sorting_thread=alive
15:32:01 [v4][heartbeat] enter=False sorting=False cam=LIVE ai=LIVE cam_fps=58.4 pub_fps=30.4 frames=126995 result_subs=1 roi=ok intrinsic=ok inference_age_ms=57 target=none transport=False sorting_thread=alive
15:32:06 [v4][heartbeat] enter=False sorting=False cam=LIVE ai=LIVE cam_fps=53.2 pub_fps=30.2 frames=127261 result_subs=1 roi=ok intrinsic=ok inference_age_ms=66 target=none transport=False sorting_thread=alive
15:32:11 [v4][heartbeat] enter=False sorting=False cam=LIVE ai=LIVE cam_fps=57.6 pub_fps=30.4 frames=127549 result_subs=1 roi=ok intrinsic=ok inference_age_ms=70 target=none transport=False sorting_thread=alive
15:32:16 [v4][heartbeat] enter=False sorting=False cam=LIVE ai=LIVE cam_fps=59.4 pub_fps=30.2 frames=127846 result_subs=1 roi=ok intrinsic=ok inference_age_ms=49 target=none transport=False sorting_thread=alive
15:32:21 [v4][heartbeat] enter=False sorting=False cam=LIVE ai=LIVE cam_fps=52.2 pub_fps=30.4 frames=128107 result_subs=1 roi=ok intrinsic=ok inference_age_ms=66 target=none transport=False sorting_thread=alive
15:32:26 [v4][heartbeat] enter=False sorting=False cam=LIVE ai=LIVE cam_fps=56.0 pub_fps=30.2 frames=128387 result_subs=1 roi=ok intrinsic=ok inference_age_ms=64 target=none transport=False sorting_thread=alive
15:32:31 [v4][heartbeat] enter=False sorting=False cam=LIVE ai=LIVE cam_fps=56.2 pub_fps=30.4 frames=128668 result_subs=1 roi=ok intrinsic=ok inference_age_ms=85 target=none transport=False sorting_thread=alive
15:32:36 [v4][heartbeat] enter=False sorting=False cam=LIVE ai=LIVE cam_fps=56.4 pub_fps=30.2 frames=128950 result_subs=1 roi=ok intrinsic=ok inference_age_ms=67 target=none transport=False sorting_thread=alive
15:32:41 [v4][heartbeat] enter=False sorting=False cam=LIVE ai=LIVE cam_fps=58.6 pub_fps=30.4 frames=129243 result_subs=1 roi=ok intrinsic=ok inference_age_ms=59 target=none transport=False sorting_thread=alive
15:32:46 [v4][heartbeat] enter=False sorting=False cam=LIVE ai=LIVE cam_fps=51.4 pub_fps=30.2 frames=129500 result_subs=1 roi=ok intrinsic=ok inference_age_ms=51 target=none transport=False sorting_thread=alive
15:32:51 [v4][heartbeat] enter=False sorting=False cam=LIVE ai=LIVE cam_fps=58.0 pub_fps=30.4 frames=129790 result_subs=1 roi=ok intrinsic=ok inference_age_ms=73 target=none transport=False sorting_thread=alive
15:32:56 [v4][heartbeat] enter=False sorting=False cam=LIVE ai=LIVE cam_fps=55.9 pub_fps=30.4 frames=130070 result_subs=1 roi=ok intrinsic=ok inference_age_ms=57 target=none transport=False sorting_thread=alive
15:33:01 [v4][heartbeat] enter=False sorting=False cam=LIVE ai=LIVE cam_fps=54.4 pub_fps=30.2 frames=130342 result_subs=1 roi=ok intrinsic=ok inference_age_ms=85 target=none transport=False sorting_thread=alive
15:33:06 [v4][heartbeat] enter=False sorting=False cam=LIVE ai=LIVE cam_fps=58.4 pub_fps=30.2 frames=130634 result_subs=1 roi=ok intrinsic=ok inference_age_ms=71 target=none transport=False sorting_thread=alive
15:33:11 [v4][heartbeat] enter=False sorting=False cam=LIVE ai=LIVE cam_fps=55.0 pub_fps=30.4 frames=130909 result_subs=1 roi=ok intrinsic=ok inference_age_ms=45 target=none transport=False sorting_thread=alive
15:33:16 [v4][heartbeat] enter=False sorting=False cam=LIVE ai=LIVE cam_fps=58.0 pub_fps=30.2 frames=131199 result_subs=1 roi=ok intrinsic=ok inference_age_ms=80 target=none transport=False sorting_thread=alive
15:33:21 [v4][heartbeat] enter=False sorting=False cam=LIVE ai=LIVE cam_fps=56.6 pub_fps=30.4 frames=131482 result_subs=1 roi=ok intrinsic=ok inference_age_ms=34 target=none transport=False sorting_thread=alive
15:33:26 [v4][heartbeat] enter=False sorting=False cam=LIVE ai=LIVE cam_fps=54.9 pub_fps=30.4 frames=131757 result_subs=1 roi=ok intrinsic=ok inference_age_ms=53 target=none transport=False sorting_thread=alive
15:33:31 [v4][heartbeat] enter=False sorting=False cam=LIVE ai=LIVE cam_fps=59.8 pub_fps=30.2 frames=132056 result_subs=1 roi=ok intrinsic=ok inference_age_ms=60 target=none transport=False sorting_thread=alive
15:33:36 [v4][heartbeat] enter=False sorting=False cam=LIVE ai=LIVE cam_fps=55.2 pub_fps=30.4 frames=132332 result_subs=1 roi=ok intrinsic=ok inference_age_ms=51 target=none transport=False sorting_thread=alive
15:33:41 [v4][heartbeat] enter=False sorting=False cam=LIVE ai=LIVE cam_fps=58.0 pub_fps=30.2 frames=132622 result_subs=1 roi=ok intrinsic=ok inference_age_ms=45 target=none transport=False sorting_thread=alive
15:33:46 [v4][heartbeat] enter=False sorting=False cam=LIVE ai=LIVE cam_fps=58.6 pub_fps=30.2 frames=132915 result_subs=1 roi=ok intrinsic=ok inference_age_ms=49 target=none transport=False sorting_thread=alive
15:33:51 [v4][heartbeat] enter=False sorting=False cam=LIVE ai=LIVE cam_fps=54.2 pub_fps=30.4 frames=133186 result_subs=1 roi=ok intrinsic=ok inference_age_ms=79 target=none transport=False sorting_thread=alive
15:33:56 [v4][heartbeat] enter=False sorting=False cam=LIVE ai=LIVE cam_fps=58.4 pub_fps=30.4 frames=133478 result_subs=1 roi=ok intrinsic=ok inference_age_ms=77 target=none transport=False sorting_thread=alive
15:34:01 [v4][heartbeat] enter=False sorting=False cam=LIVE ai=LIVE cam_fps=55.8 pub_fps=30.2 frames=133757 result_subs=1 roi=ok intrinsic=ok inference_age_ms=80 target=none transport=False sorting_thread=alive
15:34:06 [v4][heartbeat] enter=False sorting=False cam=LIVE ai=LIVE cam_fps=57.6 pub_fps=30.4 frames=134045 result_subs=1 roi=ok intrinsic=ok inference_age_ms=56 target=none transport=False sorting_thread=alive
15:34:11 [v4][heartbeat] enter=False sorting=False cam=LIVE ai=LIVE cam_fps=58.4 pub_fps=30.2 frames=134337 result_subs=1 roi=ok intrinsic=ok inference_age_ms=68 target=none transport=False sorting_thread=alive
15:34:16 [v4][heartbeat] enter=False sorting=False cam=LIVE ai=LIVE cam_fps=55.4 pub_fps=30.4 frames=134614 result_subs=1 roi=ok intrinsic=ok inference_age_ms=56 target=none transport=False sorting_thread=alive
15:34:21 [v4][heartbeat] enter=False sorting=False cam=LIVE ai=LIVE cam_fps=58.8 pub_fps=30.2 frames=134908 result_subs=1 roi=ok intrinsic=ok inference_age_ms=69 target=none transport=False sorting_thread=alive
15:34:26 [v4][heartbeat] enter=False sorting=False cam=LIVE ai=LIVE cam_fps=55.0 pub_fps=30.4 frames=135183 result_subs=1 roi=ok intrinsic=ok inference_age_ms=65 target=none transport=False sorting_thread=alive
15:34:31 [v4][heartbeat] enter=False sorting=False cam=LIVE ai=LIVE cam_fps=57.0 pub_fps=30.2 frames=135468 result_subs=1 roi=ok intrinsic=ok inference_age_ms=83 target=none transport=False sorting_thread=alive
15:34:36 [v4][heartbeat] enter=False sorting=False cam=LIVE ai=LIVE cam_fps=59.0 pub_fps=30.4 frames=135763 result_subs=1 roi=ok intrinsic=ok inference_age_ms=68 target=none transport=False sorting_thread=alive
15:34:41 [v4][heartbeat] enter=False sorting=False cam=LIVE ai=LIVE cam_fps=56.0 pub_fps=30.2 frames=136043 result_subs=1 roi=ok intrinsic=ok inference_age_ms=49 target=none transport=False sorting_thread=alive
15:34:46 [v4][heartbeat] enter=False sorting=False cam=LIVE ai=LIVE cam_fps=56.4 pub_fps=30.4 frames=136325 result_subs=1 roi=ok intrinsic=ok inference_age_ms=54 target=none transport=False sorting_thread=alive
15:34:51 [v4][heartbeat] enter=False sorting=False cam=LIVE ai=LIVE cam_fps=55.4 pub_fps=30.2 frames=136602 result_subs=1 roi=ok intrinsic=ok inference_age_ms=39 target=none transport=False sorting_thread=alive
15:34:56 [v4][heartbeat] enter=False sorting=False cam=LIVE ai=LIVE cam_fps=55.4 pub_fps=30.4 frames=136879 result_subs=1 roi=ok intrinsic=ok inference_age_ms=48 target=none transport=False sorting_thread=alive
15:35:01 [v4][heartbeat] enter=False sorting=False cam=LIVE ai=LIVE cam_fps=58.8 pub_fps=30.2 frames=137173 result_subs=1 roi=ok intrinsic=ok inference_age_ms=61 target=none transport=False sorting_thread=alive
15:35:06 [v4][heartbeat] enter=False sorting=False cam=LIVE ai=LIVE cam_fps=53.6 pub_fps=30.4 frames=137441 result_subs=1 roi=ok intrinsic=ok inference_age_ms=63 target=none transport=False sorting_thread=alive
15:35:11 [v4][heartbeat] enter=False sorting=False cam=LIVE ai=LIVE cam_fps=56.8 pub_fps=30.2 frames=137725 result_subs=1 roi=ok intrinsic=ok inference_age_ms=75 target=none transport=False sorting_thread=alive
15:35:16 [v4][heartbeat] enter=False sorting=False cam=LIVE ai=LIVE cam_fps=54.4 pub_fps=30.4 frames=137997 result_subs=1 roi=ok intrinsic=ok inference_age_ms=64 target=none transport=False sorting_thread=alive
15:35:21 [v4][heartbeat] enter=False sorting=False cam=LIVE ai=LIVE cam_fps=54.8 pub_fps=30.2 frames=138271 result_subs=1 roi=ok intrinsic=ok inference_age_ms=38 target=none transport=False sorting_thread=alive
15:35:26 [v4][heartbeat] enter=False sorting=False cam=LIVE ai=LIVE cam_fps=58.6 pub_fps=30.4 frames=138564 result_subs=1 roi=ok intrinsic=ok inference_age_ms=80 target=none transport=False sorting_thread=alive
15:35:31 [v4][heartbeat] enter=False sorting=False cam=LIVE ai=LIVE cam_fps=53.6 pub_fps=30.2 frames=138832 result_subs=1 roi=ok intrinsic=ok inference_age_ms=74 target=none transport=False sorting_thread=alive
15:35:36 [v4][heartbeat] enter=False sorting=False cam=LIVE ai=LIVE cam_fps=57.4 pub_fps=30.4 frames=139119 result_subs=1 roi=ok intrinsic=ok inference_age_ms=66 target=none transport=False sorting_thread=alive
15:35:41 [v4][heartbeat] enter=False sorting=False cam=LIVE ai=LIVE cam_fps=56.6 pub_fps=30.2 frames=139402 result_subs=1 roi=ok intrinsic=ok inference_age_ms=46 target=none transport=False sorting_thread=alive
15:35:46 [v4][heartbeat] enter=False sorting=False cam=LIVE ai=LIVE cam_fps=55.0 pub_fps=30.4 frames=139677 result_subs=1 roi=ok intrinsic=ok inference_age_ms=66 target=none transport=False sorting_thread=alive
15:35:51 [v4][heartbeat] enter=False sorting=False cam=LIVE ai=LIVE cam_fps=59.2 pub_fps=30.4 frames=139973 result_subs=1 roi=ok intrinsic=ok inference_age_ms=57 target=none transport=False sorting_thread=alive
15:35:56 [v4][heartbeat] enter=False sorting=False cam=LIVE ai=LIVE cam_fps=55.2 pub_fps=30.2 frames=140249 result_subs=1 roi=ok intrinsic=ok inference_age_ms=33 target=none transport=False sorting_thread=alive
15:36:01 [v4][heartbeat] enter=False sorting=False cam=LIVE ai=LIVE cam_fps=56.2 pub_fps=30.4 frames=140530 result_subs=1 roi=ok intrinsic=ok inference_age_ms=63 target=none transport=False sorting_thread=alive
15:36:06 [v4][heartbeat] enter=False sorting=False cam=LIVE ai=LIVE cam_fps=56.6 pub_fps=30.2 frames=140813 result_subs=1 roi=ok intrinsic=ok inference_age_ms=38 target=none transport=False sorting_thread=alive
15:36:11 [v4][heartbeat] enter=False sorting=False cam=LIVE ai=LIVE cam_fps=54.4 pub_fps=30.4 frames=141085 result_subs=1 roi=ok intrinsic=ok inference_age_ms=77 target=none transport=False sorting_thread=alive
15:36:16 [v4][heartbeat] enter=False sorting=False cam=LIVE ai=LIVE cam_fps=59.0 pub_fps=30.2 frames=141380 result_subs=1 roi=ok intrinsic=ok inference_age_ms=62 target=none transport=False sorting_thread=alive
15:36:21 [v4][heartbeat] enter=False sorting=False cam=LIVE ai=LIVE cam_fps=55.2 pub_fps=30.4 frames=141656 result_subs=1 roi=ok intrinsic=ok inference_age_ms=67 target=none transport=False sorting_thread=alive
15:36:26 [v4][heartbeat] enter=False sorting=False cam=LIVE ai=LIVE cam_fps=58.0 pub_fps=30.2 frames=141946 result_subs=1 roi=ok intrinsic=ok inference_age_ms=51 target=none transport=False sorting_thread=alive
15:36:31 [v4][heartbeat] enter=False sorting=False cam=LIVE ai=LIVE cam_fps=59.0 pub_fps=30.4 frames=142241 result_subs=1 roi=ok intrinsic=ok inference_age_ms=58 target=none transport=False sorting_thread=alive
15:36:36 [v4][heartbeat] enter=False sorting=False cam=LIVE ai=LIVE cam_fps=53.8 pub_fps=30.2 frames=142510 result_subs=1 roi=ok intrinsic=ok inference_age_ms=68 target=none transport=False sorting_thread=alive
15:36:41 [v4][heartbeat] enter=False sorting=False cam=LIVE ai=LIVE cam_fps=57.7 pub_fps=30.4 frames=142799 result_subs=1 roi=ok intrinsic=ok inference_age_ms=58 target=none transport=False sorting_thread=alive
15:36:46 [v4][heartbeat] enter=False sorting=False cam=LIVE ai=LIVE cam_fps=56.1 pub_fps=30.2 frames=143079 result_subs=1 roi=ok intrinsic=ok inference_age_ms=63 target=none transport=False sorting_thread=alive
15:36:51 [v4][heartbeat] enter=False sorting=False cam=LIVE ai=LIVE cam_fps=56.4 pub_fps=30.4 frames=143361 result_subs=1 roi=ok intrinsic=ok inference_age_ms=61 target=none transport=False sorting_thread=alive
15:36:56 [v4][heartbeat] enter=False sorting=False cam=LIVE ai=LIVE cam_fps=59.2 pub_fps=30.2 frames=143657 result_subs=1 roi=ok intrinsic=ok inference_age_ms=41 target=none transport=False sorting_thread=alive
15:37:01 [v4][heartbeat] enter=False sorting=False cam=LIVE ai=LIVE cam_fps=52.8 pub_fps=30.2 frames=143921 result_subs=1 roi=ok intrinsic=ok inference_age_ms=48 target=none transport=False sorting_thread=alive
15:37:06 [v4][heartbeat] enter=False sorting=False cam=LIVE ai=LIVE cam_fps=58.2 pub_fps=30.4 frames=144212 result_subs=1 roi=ok intrinsic=ok inference_age_ms=41 target=none transport=False sorting_thread=alive
15:37:11 [v4][heartbeat] enter=False sorting=False cam=LIVE ai=LIVE cam_fps=57.2 pub_fps=30.4 frames=144498 result_subs=1 roi=ok intrinsic=ok inference_age_ms=80 target=none transport=False sorting_thread=alive
15:37:16 [v4][heartbeat] enter=False sorting=False cam=LIVE ai=LIVE cam_fps=56.0 pub_fps=30.2 frames=144778 result_subs=1 roi=ok intrinsic=ok inference_age_ms=43 target=none transport=False sorting_thread=alive
15:37:21 [v4][heartbeat] enter=False sorting=False cam=LIVE ai=LIVE cam_fps=58.6 pub_fps=30.4 frames=145071 result_subs=1 roi=ok intrinsic=ok inference_age_ms=57 target=none transport=False sorting_thread=alive
15:37:26 [v4][heartbeat] enter=False sorting=False cam=LIVE ai=LIVE cam_fps=54.0 pub_fps=30.2 frames=145341 result_subs=1 roi=ok intrinsic=ok inference_age_ms=75 target=none transport=False sorting_thread=alive
15:37:31 [v4][heartbeat] enter=False sorting=False cam=LIVE ai=LIVE cam_fps=58.6 pub_fps=30.4 frames=145634 result_subs=1 roi=ok intrinsic=ok inference_age_ms=60 target=none transport=False sorting_thread=alive
15:37:36 [v4][heartbeat] enter=False sorting=False cam=LIVE ai=LIVE cam_fps=54.4 pub_fps=30.2 frames=145906 result_subs=1 roi=ok intrinsic=ok inference_age_ms=39 target=none transport=False sorting_thread=alive
15:37:41 [v4][heartbeat] enter=False sorting=False cam=LIVE ai=LIVE cam_fps=57.6 pub_fps=30.4 frames=146194 result_subs=1 roi=ok intrinsic=ok inference_age_ms=59 target=none transport=False sorting_thread=alive
15:37:46 [v4][heartbeat] enter=False sorting=False cam=LIVE ai=LIVE cam_fps=58.9 pub_fps=30.2 frames=146488 result_subs=1 roi=ok intrinsic=ok inference_age_ms=48 target=none transport=False sorting_thread=alive
15:37:51 [v4][heartbeat] enter=False sorting=False cam=LIVE ai=LIVE cam_fps=52.4 pub_fps=30.4 frames=146750 result_subs=1 roi=ok intrinsic=ok inference_age_ms=61 target=none transport=False sorting_thread=alive
15:37:56 [v4][heartbeat] enter=False sorting=False cam=LIVE ai=LIVE cam_fps=58.4 pub_fps=30.2 frames=147042 result_subs=1 roi=ok intrinsic=ok inference_age_ms=70 target=none transport=False sorting_thread=alive
15:38:01 [v4][heartbeat] enter=False sorting=False cam=LIVE ai=LIVE cam_fps=55.4 pub_fps=30.4 frames=147319 result_subs=1 roi=ok intrinsic=ok inference_age_ms=56 target=none transport=False sorting_thread=alive
15:38:06 [v4][heartbeat] enter=False sorting=False cam=LIVE ai=LIVE cam_fps=54.2 pub_fps=30.2 frames=147590 result_subs=1 roi=ok intrinsic=ok inference_age_ms=41 target=none transport=False sorting_thread=alive
15:38:11 [v4][heartbeat] enter=False sorting=False cam=LIVE ai=LIVE cam_fps=57.8 pub_fps=30.4 frames=147879 result_subs=1 roi=ok intrinsic=ok inference_age_ms=80 target=none transport=False sorting_thread=alive
15:38:16 [v4][heartbeat] enter=False sorting=False cam=LIVE ai=LIVE cam_fps=52.0 pub_fps=30.2 frames=148139 result_subs=1 roi=ok intrinsic=ok inference_age_ms=50 target=none transport=False sorting_thread=alive
15:38:21 [v4][heartbeat] enter=False sorting=False cam=LIVE ai=LIVE cam_fps=54.4 pub_fps=30.4 frames=148411 result_subs=1 roi=ok intrinsic=ok inference_age_ms=42 target=none transport=False sorting_thread=alive
15:38:26 [v4][heartbeat] enter=False sorting=False cam=LIVE ai=LIVE cam_fps=55.4 pub_fps=30.2 frames=148688 result_subs=1 roi=ok intrinsic=ok inference_age_ms=48 target=none transport=False sorting_thread=alive
15:38:31 [v4][heartbeat] enter=False sorting=False cam=LIVE ai=LIVE cam_fps=53.4 pub_fps=30.4 frames=148955 result_subs=1 roi=ok intrinsic=ok inference_age_ms=64 target=none transport=False sorting_thread=alive
15:38:36 [v4][heartbeat] enter=False sorting=False cam=LIVE ai=LIVE cam_fps=55.4 pub_fps=30.2 frames=149232 result_subs=1 roi=ok intrinsic=ok inference_age_ms=77 target=none transport=False sorting_thread=alive
15:38:41 [v4][heartbeat] enter=False sorting=False cam=LIVE ai=LIVE cam_fps=54.4 pub_fps=30.4 frames=149504 result_subs=1 roi=ok intrinsic=ok inference_age_ms=71 target=none transport=False sorting_thread=alive
15:38:46 [v4][heartbeat] enter=False sorting=False cam=LIVE ai=LIVE cam_fps=55.0 pub_fps=30.2 frames=149779 result_subs=1 roi=ok intrinsic=ok inference_age_ms=67 target=none transport=False sorting_thread=alive
15:38:51 [v4][heartbeat] enter=False sorting=False cam=LIVE ai=LIVE cam_fps=58.0 pub_fps=30.4 frames=150069 result_subs=1 roi=ok intrinsic=ok inference_age_ms=32 target=none transport=False sorting_thread=alive
15:38:56 [v4][heartbeat] enter=False sorting=False cam=LIVE ai=LIVE cam_fps=52.8 pub_fps=30.2 frames=150333 result_subs=1 roi=ok intrinsic=ok inference_age_ms=49 target=none transport=False sorting_thread=alive
15:39:01 [v4][heartbeat] enter=False sorting=False cam=LIVE ai=LIVE cam_fps=56.6 pub_fps=30.4 frames=150616 result_subs=1 roi=ok intrinsic=ok inference_age_ms=62 target=none transport=False sorting_thread=alive
15:39:06 [v4][heartbeat] enter=False sorting=False cam=LIVE ai=LIVE cam_fps=52.8 pub_fps=30.4 frames=150880 result_subs=1 roi=ok intrinsic=ok inference_age_ms=53 target=none transport=False sorting_thread=alive
15:39:11 [v4][heartbeat] enter=False sorting=False cam=LIVE ai=LIVE cam_fps=54.8 pub_fps=30.2 frames=151154 result_subs=1 roi=ok intrinsic=ok inference_age_ms=46 target=none transport=False sorting_thread=alive
15:39:16 [v4][heartbeat] enter=False sorting=False cam=LIVE ai=LIVE cam_fps=55.4 pub_fps=30.2 frames=151431 result_subs=1 roi=ok intrinsic=ok inference_age_ms=55 target=none transport=False sorting_thread=alive
15:39:21 [v4][heartbeat] enter=False sorting=False cam=LIVE ai=LIVE cam_fps=53.4 pub_fps=30.4 frames=151698 result_subs=1 roi=ok intrinsic=ok inference_age_ms=71 target=none transport=False sorting_thread=alive
15:39:26 [v4][heartbeat] enter=False sorting=False cam=LIVE ai=LIVE cam_fps=56.6 pub_fps=30.2 frames=151981 result_subs=1 roi=ok intrinsic=ok inference_age_ms=50 target=none transport=False sorting_thread=alive
15:39:31 [v4][heartbeat] enter=False sorting=False cam=LIVE ai=LIVE cam_fps=54.6 pub_fps=30.4 frames=152254 result_subs=1 roi=ok intrinsic=ok inference_age_ms=63 target=none transport=False sorting_thread=alive
15:39:36 [v4][heartbeat] enter=False sorting=False cam=LIVE ai=LIVE cam_fps=53.8 pub_fps=30.4 frames=152523 result_subs=1 roi=ok intrinsic=ok inference_age_ms=42 target=none transport=False sorting_thread=alive
15:39:41 [v4][heartbeat] enter=False sorting=False cam=LIVE ai=LIVE cam_fps=56.4 pub_fps=30.2 frames=152805 result_subs=1 roi=ok intrinsic=ok inference_age_ms=43 target=none transport=False sorting_thread=alive
15:39:46 [v4][heartbeat] enter=False sorting=False cam=LIVE ai=LIVE cam_fps=52.8 pub_fps=30.2 frames=153069 result_subs=1 roi=ok intrinsic=ok inference_age_ms=59 target=none transport=False sorting_thread=alive
15:39:51 [v4][heartbeat] enter=False sorting=False cam=LIVE ai=LIVE cam_fps=55.0 pub_fps=30.4 frames=153344 result_subs=1 roi=ok intrinsic=ok inference_age_ms=44 target=none transport=False sorting_thread=alive
15:39:56 [v4][heartbeat] enter=False sorting=False cam=LIVE ai=LIVE cam_fps=53.8 pub_fps=30.4 frames=153613 result_subs=1 roi=ok intrinsic=ok inference_age_ms=46 target=none transport=False sorting_thread=alive
15:40:01 [v4][heartbeat] enter=False sorting=False cam=LIVE ai=LIVE cam_fps=54.4 pub_fps=30.2 frames=153885 result_subs=1 roi=ok intrinsic=ok inference_age_ms=57 target=none transport=False sorting_thread=alive
15:40:06 [v4][heartbeat] enter=False sorting=False cam=LIVE ai=LIVE cam_fps=58.0 pub_fps=30.4 frames=154175 result_subs=1 roi=ok intrinsic=ok inference_age_ms=36 target=none transport=False sorting_thread=alive
15:40:11 [v4][heartbeat] enter=False sorting=False cam=LIVE ai=LIVE cam_fps=53.4 pub_fps=30.2 frames=154442 result_subs=1 roi=ok intrinsic=ok inference_age_ms=43 target=none transport=False sorting_thread=alive
15:40:16 [v4][heartbeat] enter=False sorting=False cam=LIVE ai=LIVE cam_fps=57.6 pub_fps=30.4 frames=154730 result_subs=1 roi=ok intrinsic=ok inference_age_ms=66 target=none transport=False sorting_thread=alive
15:40:21 [v4][heartbeat] enter=False sorting=False cam=LIVE ai=LIVE cam_fps=55.2 pub_fps=30.2 frames=155006 result_subs=1 roi=ok intrinsic=ok inference_age_ms=42 target=none transport=False sorting_thread=alive
15:40:26 [v4][heartbeat] enter=False sorting=False cam=LIVE ai=LIVE cam_fps=55.4 pub_fps=30.4 frames=155283 result_subs=1 roi=ok intrinsic=ok inference_age_ms=50 target=none transport=False sorting_thread=alive
15:40:31 [v4][heartbeat] enter=False sorting=False cam=LIVE ai=LIVE cam_fps=55.8 pub_fps=30.2 frames=155562 result_subs=1 roi=ok intrinsic=ok inference_age_ms=46 target=none transport=False sorting_thread=alive
15:40:36 [v4][heartbeat] enter=False sorting=False cam=LIVE ai=LIVE cam_fps=53.6 pub_fps=30.4 frames=155830 result_subs=1 roi=ok intrinsic=ok inference_age_ms=36 target=none transport=False sorting_thread=alive
15:40:41 [v4][heartbeat] enter=False sorting=False cam=LIVE ai=LIVE cam_fps=57.8 pub_fps=30.2 frames=156119 result_subs=1 roi=ok intrinsic=ok inference_age_ms=62 target=none transport=False sorting_thread=alive
15:40:46 [v4][heartbeat] enter=False sorting=False cam=LIVE ai=LIVE cam_fps=57.4 pub_fps=30.4 frames=156406 result_subs=1 roi=ok intrinsic=ok inference_age_ms=77 target=none transport=False sorting_thread=alive
15:40:51 [v4][heartbeat] enter=False sorting=False cam=LIVE ai=LIVE cam_fps=54.8 pub_fps=30.2 frames=156680 result_subs=1 roi=ok intrinsic=ok inference_age_ms=43 target=none transport=False sorting_thread=alive
15:40:56 [v4][heartbeat] enter=False sorting=False cam=LIVE ai=LIVE cam_fps=58.8 pub_fps=30.4 frames=156974 result_subs=1 roi=ok intrinsic=ok inference_age_ms=55 target=none transport=False sorting_thread=alive
15:41:01 [v4][heartbeat] enter=False sorting=False cam=LIVE ai=LIVE cam_fps=53.6 pub_fps=30.2 frames=157242 result_subs=1 roi=ok intrinsic=ok inference_age_ms=47 target=none transport=False sorting_thread=alive
15:41:06 [v4][heartbeat] enter=False sorting=False cam=LIVE ai=LIVE cam_fps=55.2 pub_fps=30.4 frames=157518 result_subs=1 roi=ok intrinsic=ok inference_age_ms=61 target=none transport=False sorting_thread=alive
15:41:11 [v4][heartbeat] enter=False sorting=False cam=LIVE ai=LIVE cam_fps=57.0 pub_fps=30.2 frames=157803 result_subs=1 roi=ok intrinsic=ok inference_age_ms=53 target=none transport=False sorting_thread=alive
15:41:16 [v4][heartbeat] enter=False sorting=False cam=LIVE ai=LIVE cam_fps=54.0 pub_fps=30.4 frames=158073 result_subs=1 roi=ok intrinsic=ok inference_age_ms=88 target=none transport=False sorting_thread=alive
15:41:21 [v4][heartbeat] enter=False sorting=False cam=LIVE ai=LIVE cam_fps=55.4 pub_fps=30.2 frames=158350 result_subs=1 roi=ok intrinsic=ok inference_age_ms=40 target=none transport=False sorting_thread=alive
15:41:26 [v4][heartbeat] enter=False sorting=False cam=LIVE ai=LIVE cam_fps=54.0 pub_fps=30.4 frames=158620 result_subs=1 roi=ok intrinsic=ok inference_age_ms=54 target=none transport=False sorting_thread=alive
15:41:31 [v4][heartbeat] enter=False sorting=False cam=LIVE ai=LIVE cam_fps=55.8 pub_fps=30.4 frames=158899 result_subs=1 roi=ok intrinsic=ok inference_age_ms=66 target=none transport=False sorting_thread=alive
15:41:36 [v4][heartbeat] enter=False sorting=False cam=LIVE ai=LIVE cam_fps=58.0 pub_fps=30.2 frames=159189 result_subs=1 roi=ok intrinsic=ok inference_age_ms=65 target=none transport=False sorting_thread=alive
15:41:41 [v4][heartbeat] enter=False sorting=False cam=LIVE ai=LIVE cam_fps=52.4 pub_fps=30.2 frames=159451 result_subs=1 roi=ok intrinsic=ok inference_age_ms=53 target=none transport=False sorting_thread=alive
15:41:46 [v4][heartbeat] enter=False sorting=False cam=LIVE ai=LIVE cam_fps=56.4 pub_fps=30.4 frames=159733 result_subs=1 roi=ok intrinsic=ok inference_age_ms=64 target=none transport=False sorting_thread=alive
15:41:51 [v4][heartbeat] enter=False sorting=False cam=LIVE ai=LIVE cam_fps=54.0 pub_fps=30.2 frames=160003 result_subs=1 roi=ok intrinsic=ok inference_age_ms=53 target=none transport=False sorting_thread=alive
15:41:56 [v4][heartbeat] enter=False sorting=False cam=LIVE ai=LIVE cam_fps=56.8 pub_fps=30.4 frames=160287 result_subs=1 roi=ok intrinsic=ok inference_age_ms=60 target=none transport=False sorting_thread=alive
15:42:01 [v4][heartbeat] enter=False sorting=False cam=LIVE ai=LIVE cam_fps=57.6 pub_fps=30.4 frames=160575 result_subs=1 roi=ok intrinsic=ok inference_age_ms=68 target=none transport=False sorting_thread=alive
15:42:06 [v4][heartbeat] enter=False sorting=False cam=LIVE ai=LIVE cam_fps=52.0 pub_fps=30.2 frames=160835 result_subs=1 roi=ok intrinsic=ok inference_age_ms=45 target=none transport=False sorting_thread=alive
15:42:11 [v4][heartbeat] enter=False sorting=False cam=LIVE ai=LIVE cam_fps=55.4 pub_fps=30.4 frames=161112 result_subs=1 roi=ok intrinsic=ok inference_age_ms=53 target=none transport=False sorting_thread=alive
15:42:16 [v4][heartbeat] enter=False sorting=False cam=LIVE ai=LIVE cam_fps=54.4 pub_fps=30.2 frames=161384 result_subs=1 roi=ok intrinsic=ok inference_age_ms=67 target=none transport=False sorting_thread=alive
15:42:21 [v4][heartbeat] enter=False sorting=False cam=LIVE ai=LIVE cam_fps=53.6 pub_fps=30.4 frames=161652 result_subs=1 roi=ok intrinsic=ok inference_age_ms=46 target=none transport=False sorting_thread=alive
15:42:26 [v4][heartbeat] enter=False sorting=False cam=LIVE ai=LIVE cam_fps=56.2 pub_fps=30.2 frames=161933 result_subs=1 roi=ok intrinsic=ok inference_age_ms=71 target=none transport=False sorting_thread=alive
15:42:31 [v4][heartbeat] enter=False sorting=False cam=LIVE ai=LIVE cam_fps=53.0 pub_fps=30.2 frames=162198 result_subs=1 roi=ok intrinsic=ok inference_age_ms=54 target=none transport=False sorting_thread=alive
15:42:36 [v4][heartbeat] enter=False sorting=False cam=LIVE ai=LIVE cam_fps=58.0 pub_fps=30.4 frames=162488 result_subs=1 roi=ok intrinsic=ok inference_age_ms=45 target=none transport=False sorting_thread=alive
15:42:41 [v4][heartbeat] enter=False sorting=False cam=LIVE ai=LIVE cam_fps=55.4 pub_fps=30.4 frames=162765 result_subs=1 roi=ok intrinsic=ok inference_age_ms=54 target=none transport=False sorting_thread=alive
15:42:46 [v4][heartbeat] enter=False sorting=False cam=LIVE ai=LIVE cam_fps=57.0 pub_fps=30.2 frames=163050 result_subs=1 roi=ok intrinsic=ok inference_age_ms=65 target=none transport=False sorting_thread=alive
15:42:51 [v4][heartbeat] enter=False sorting=False cam=LIVE ai=LIVE cam_fps=56.0 pub_fps=30.4 frames=163330 result_subs=1 roi=ok intrinsic=ok inference_age_ms=50 target=none transport=False sorting_thread=alive
15:42:56 [v4][heartbeat] enter=False sorting=False cam=LIVE ai=LIVE cam_fps=54.4 pub_fps=30.2 frames=163602 result_subs=1 roi=ok intrinsic=ok inference_age_ms=66 target=none transport=False sorting_thread=alive
15:43:01 [v4][heartbeat] enter=False sorting=False cam=LIVE ai=LIVE cam_fps=57.0 pub_fps=30.4 frames=163887 result_subs=1 roi=ok intrinsic=ok inference_age_ms=56 target=none transport=False sorting_thread=alive
15:43:06 [v4][heartbeat] enter=False sorting=False cam=LIVE ai=LIVE cam_fps=56.8 pub_fps=30.2 frames=164171 result_subs=1 roi=ok intrinsic=ok inference_age_ms=70 target=none transport=False sorting_thread=alive
15:43:11 [v4][heartbeat] enter=False sorting=False cam=LIVE ai=LIVE cam_fps=54.6 pub_fps=30.4 frames=164444 result_subs=1 roi=ok intrinsic=ok inference_age_ms=53 target=none transport=False sorting_thread=alive
15:43:16 [v4][heartbeat] enter=False sorting=False cam=LIVE ai=LIVE cam_fps=56.6 pub_fps=30.2 frames=164727 result_subs=1 roi=ok intrinsic=ok inference_age_ms=67 target=none transport=False sorting_thread=alive
15:43:21 [v4][heartbeat] enter=False sorting=False cam=LIVE ai=LIVE cam_fps=53.0 pub_fps=30.4 frames=164992 result_subs=1 roi=ok intrinsic=ok inference_age_ms=59 target=none transport=False sorting_thread=alive
15:43:26 [v4][heartbeat] enter=False sorting=False cam=LIVE ai=LIVE cam_fps=54.8 pub_fps=30.2 frames=165266 result_subs=1 roi=ok intrinsic=ok inference_age_ms=49 target=none transport=False sorting_thread=alive
15:43:31 [v4][heartbeat] enter=False sorting=False cam=LIVE ai=LIVE cam_fps=57.8 pub_fps=30.4 frames=165555 result_subs=1 roi=ok intrinsic=ok inference_age_ms=28 target=none transport=False sorting_thread=alive
15:43:36 [v4][heartbeat] enter=False sorting=False cam=LIVE ai=LIVE cam_fps=52.0 pub_fps=30.2 frames=165815 result_subs=1 roi=ok intrinsic=ok inference_age_ms=44 target=none transport=False sorting_thread=alive
15:43:41 [v4][heartbeat] enter=False sorting=False cam=LIVE ai=LIVE cam_fps=55.6 pub_fps=30.4 frames=166093 result_subs=1 roi=ok intrinsic=ok inference_age_ms=60 target=none transport=False sorting_thread=alive
15:43:46 [v4][heartbeat] enter=False sorting=False cam=LIVE ai=LIVE cam_fps=51.6 pub_fps=30.4 frames=166351 result_subs=1 roi=ok intrinsic=ok inference_age_ms=61 target=none transport=False sorting_thread=alive
15:43:51 [v4][heartbeat] enter=False sorting=False cam=LIVE ai=LIVE cam_fps=55.6 pub_fps=30.2 frames=166629 result_subs=1 roi=ok intrinsic=ok inference_age_ms=48 target=none transport=False sorting_thread=alive
15:43:56 [v4][heartbeat] enter=False sorting=False cam=LIVE ai=LIVE cam_fps=56.6 pub_fps=30.2 frames=166912 result_subs=1 roi=ok intrinsic=ok inference_age_ms=50 target=none transport=False sorting_thread=alive
15:44:01 [v4][heartbeat] enter=False sorting=False cam=LIVE ai=LIVE cam_fps=52.4 pub_fps=30.4 frames=167174 result_subs=1 roi=ok intrinsic=ok inference_age_ms=59 target=none transport=False sorting_thread=alive
15:44:06 [v4][heartbeat] enter=False sorting=False cam=LIVE ai=LIVE cam_fps=57.5 pub_fps=30.4 frames=167462 result_subs=1 roi=ok intrinsic=ok inference_age_ms=52 target=none transport=False sorting_thread=alive
15:44:11 [v4][heartbeat] enter=False sorting=False cam=LIVE ai=LIVE cam_fps=53.7 pub_fps=30.2 frames=167730 result_subs=1 roi=ok intrinsic=ok inference_age_ms=56 target=none transport=False sorting_thread=alive
15:44:16 [v4][heartbeat] enter=False sorting=False cam=LIVE ai=LIVE cam_fps=55.4 pub_fps=30.4 frames=168007 result_subs=1 roi=ok intrinsic=ok inference_age_ms=46 target=none transport=False sorting_thread=alive
15:44:21 [v4][heartbeat] enter=False sorting=False cam=LIVE ai=LIVE cam_fps=56.6 pub_fps=30.2 frames=168290 result_subs=1 roi=ok intrinsic=ok inference_age_ms=38 target=none transport=False sorting_thread=alive
15:44:26 [v4][heartbeat] enter=False sorting=False cam=LIVE ai=LIVE cam_fps=54.0 pub_fps=30.4 frames=168560 result_subs=1 roi=ok intrinsic=ok inference_age_ms=44 target=none transport=False sorting_thread=alive
15:44:31 [v4][heartbeat] enter=False sorting=False cam=LIVE ai=LIVE cam_fps=56.6 pub_fps=30.2 frames=168843 result_subs=1 roi=ok intrinsic=ok inference_age_ms=49 target=none transport=False sorting_thread=alive
15:44:36 [v4][heartbeat] enter=False sorting=False cam=LIVE ai=LIVE cam_fps=56.2 pub_fps=30.2 frames=169124 result_subs=1 roi=ok intrinsic=ok inference_age_ms=43 target=none transport=False sorting_thread=alive
15:44:41 [v4][heartbeat] enter=False sorting=False cam=LIVE ai=LIVE cam_fps=55.8 pub_fps=30.4 frames=169403 result_subs=1 roi=ok intrinsic=ok inference_age_ms=53 target=none transport=False sorting_thread=alive
15:44:46 [v4][heartbeat] enter=False sorting=False cam=LIVE ai=LIVE cam_fps=57.8 pub_fps=30.2 frames=169692 result_subs=1 roi=ok intrinsic=ok inference_age_ms=77 target=none transport=False sorting_thread=alive
15:44:51 [v4][heartbeat] enter=False sorting=False cam=LIVE ai=LIVE cam_fps=53.6 pub_fps=30.4 frames=169960 result_subs=1 roi=ok intrinsic=ok inference_age_ms=67 target=none transport=False sorting_thread=alive
15:44:56 [v4][heartbeat] enter=False sorting=False cam=LIVE ai=LIVE cam_fps=57.4 pub_fps=30.2 frames=170247 result_subs=1 roi=ok intrinsic=ok inference_age_ms=83 target=none transport=False sorting_thread=alive
15:45:01 [v4][heartbeat] enter=False sorting=False cam=LIVE ai=LIVE cam_fps=56.8 pub_fps=30.4 frames=170531 result_subs=1 roi=ok intrinsic=ok inference_age_ms=65 target=none transport=False sorting_thread=alive
15:45:06 [v4][heartbeat] enter=False sorting=False cam=LIVE ai=LIVE cam_fps=54.2 pub_fps=30.4 frames=170802 result_subs=1 roi=ok intrinsic=ok inference_age_ms=48 target=none transport=False sorting_thread=alive
15:45:11 [v4][heartbeat] enter=False sorting=False cam=LIVE ai=LIVE cam_fps=57.8 pub_fps=30.2 frames=171091 result_subs=1 roi=ok intrinsic=ok inference_age_ms=45 target=none transport=False sorting_thread=alive
15:45:16 [v4][heartbeat] enter=False sorting=False cam=LIVE ai=LIVE cam_fps=50.0 pub_fps=30.4 frames=171341 result_subs=1 roi=ok intrinsic=ok inference_age_ms=63 target=none transport=False sorting_thread=alive
15:45:21 [v4][heartbeat] enter=False sorting=False cam=LIVE ai=LIVE cam_fps=55.8 pub_fps=30.2 frames=171620 result_subs=1 roi=ok intrinsic=ok inference_age_ms=48 target=none transport=False sorting_thread=alive
15:45:26 [v4][heartbeat] enter=False sorting=False cam=LIVE ai=LIVE cam_fps=56.6 pub_fps=30.4 frames=171903 result_subs=1 roi=ok intrinsic=ok inference_age_ms=56 target=none transport=False sorting_thread=alive
15:45:31 [v4][heartbeat] enter=False sorting=False cam=LIVE ai=LIVE cam_fps=54.4 pub_fps=30.2 frames=172175 result_subs=1 roi=ok intrinsic=ok inference_age_ms=38 target=none transport=False sorting_thread=alive
15:45:36 [v4][heartbeat] enter=False sorting=False cam=LIVE ai=LIVE cam_fps=57.6 pub_fps=30.4 frames=172463 result_subs=1 roi=ok intrinsic=ok inference_age_ms=76 target=none transport=False sorting_thread=alive
15:45:41 [v4][heartbeat] enter=False sorting=False cam=LIVE ai=LIVE cam_fps=53.2 pub_fps=30.2 frames=172729 result_subs=1 roi=ok intrinsic=ok inference_age_ms=50 target=none transport=False sorting_thread=alive
15:45:46 [v4][heartbeat] enter=False sorting=False cam=LIVE ai=LIVE cam_fps=56.4 pub_fps=30.4 frames=173011 result_subs=1 roi=ok intrinsic=ok inference_age_ms=60 target=none transport=False sorting_thread=alive
15:45:51 [v4][heartbeat] enter=False sorting=False cam=LIVE ai=LIVE cam_fps=57.6 pub_fps=30.2 frames=173299 result_subs=1 roi=ok intrinsic=ok inference_age_ms=40 target=none transport=False sorting_thread=alive
15:45:56 [v4][heartbeat] enter=False sorting=False cam=LIVE ai=LIVE cam_fps=54.4 pub_fps=30.4 frames=173571 result_subs=1 roi=ok intrinsic=ok inference_age_ms=53 target=none transport=False sorting_thread=alive
15:46:01 [v4][heartbeat] enter=False sorting=False cam=LIVE ai=LIVE cam_fps=55.7 pub_fps=30.2 frames=173850 result_subs=1 roi=ok intrinsic=ok inference_age_ms=77 target=none transport=False sorting_thread=alive
15:46:06 [v4][heartbeat] enter=False sorting=False cam=LIVE ai=LIVE cam_fps=54.1 pub_fps=30.4 frames=174120 result_subs=1 roi=ok intrinsic=ok inference_age_ms=67 target=none transport=False sorting_thread=alive
15:46:11 [v4][heartbeat] enter=False sorting=False cam=LIVE ai=LIVE cam_fps=54.8 pub_fps=30.2 frames=174394 result_subs=1 roi=ok intrinsic=ok inference_age_ms=51 target=none transport=False sorting_thread=alive
15:46:16 [v4][heartbeat] enter=False sorting=False cam=LIVE ai=LIVE cam_fps=58.6 pub_fps=30.4 frames=174687 result_subs=1 roi=ok intrinsic=ok inference_age_ms=61 target=none transport=False sorting_thread=alive
15:46:21 [v4][heartbeat] enter=False sorting=False cam=LIVE ai=LIVE cam_fps=52.8 pub_fps=30.2 frames=174951 result_subs=1 roi=ok intrinsic=ok inference_age_ms=63 target=none transport=False sorting_thread=alive
15:46:26 [v4][heartbeat] enter=False sorting=False cam=LIVE ai=LIVE cam_fps=56.8 pub_fps=30.4 frames=175235 result_subs=1 roi=ok intrinsic=ok inference_age_ms=59 target=none transport=False sorting_thread=alive
15:46:31 [v4][heartbeat] enter=False sorting=False cam=LIVE ai=LIVE cam_fps=56.2 pub_fps=30.2 frames=175516 result_subs=1 roi=ok intrinsic=ok inference_age_ms=74 target=none transport=False sorting_thread=alive
15:46:36 [v4][heartbeat] enter=False sorting=False cam=LIVE ai=LIVE cam_fps=54.2 pub_fps=30.4 frames=175787 result_subs=1 roi=ok intrinsic=ok inference_age_ms=36 target=none transport=False sorting_thread=alive
15:46:41 [v4][heartbeat] enter=False sorting=False cam=LIVE ai=LIVE cam_fps=57.6 pub_fps=30.2 frames=176075 result_subs=1 roi=ok intrinsic=ok inference_age_ms=73 target=none transport=False sorting_thread=alive
15:46:46 [v4][heartbeat] enter=False sorting=False cam=LIVE ai=LIVE cam_fps=54.2 pub_fps=30.4 frames=176346 result_subs=1 roi=ok intrinsic=ok inference_age_ms=49 target=none transport=False sorting_thread=alive
15:46:51 [v4][heartbeat] enter=False sorting=False cam=LIVE ai=LIVE cam_fps=58.4 pub_fps=30.2 frames=176638 result_subs=1 roi=ok intrinsic=ok inference_age_ms=31 target=none transport=False sorting_thread=alive
15:46:56 [v4][heartbeat] enter=False sorting=False cam=LIVE ai=LIVE cam_fps=54.8 pub_fps=30.4 frames=176912 result_subs=1 roi=ok intrinsic=ok inference_age_ms=43 target=none transport=False sorting_thread=alive
15:47:01 [v4][heartbeat] enter=False sorting=False cam=LIVE ai=LIVE cam_fps=56.8 pub_fps=30.2 frames=177196 result_subs=1 roi=ok intrinsic=ok inference_age_ms=82 target=none transport=False sorting_thread=alive
15:47:06 [v4][heartbeat] enter=False sorting=False cam=LIVE ai=LIVE cam_fps=57.4 pub_fps=30.4 frames=177483 result_subs=1 roi=ok intrinsic=ok inference_age_ms=47 target=none transport=False sorting_thread=alive
15:47:11 [v4][heartbeat] enter=False sorting=False cam=LIVE ai=LIVE cam_fps=54.2 pub_fps=30.2 frames=177754 result_subs=1 roi=ok intrinsic=ok inference_age_ms=55 target=none transport=False sorting_thread=alive
15:47:16 [v4][heartbeat] enter=False sorting=False cam=LIVE ai=LIVE cam_fps=56.6 pub_fps=30.4 frames=178037 result_subs=1 roi=ok intrinsic=ok inference_age_ms=82 target=none transport=False sorting_thread=alive
15:47:21 [v4][heartbeat] enter=False sorting=False cam=LIVE ai=LIVE cam_fps=55.0 pub_fps=30.2 frames=178312 result_subs=1 roi=ok intrinsic=ok inference_age_ms=48 target=none transport=False sorting_thread=alive
15:47:26 [v4][heartbeat] enter=False sorting=False cam=LIVE ai=LIVE cam_fps=54.4 pub_fps=30.4 frames=178584 result_subs=1 roi=ok intrinsic=ok inference_age_ms=61 target=none transport=False sorting_thread=alive
15:47:31 [v4][heartbeat] enter=False sorting=False cam=LIVE ai=LIVE cam_fps=57.6 pub_fps=30.4 frames=178872 result_subs=1 roi=ok intrinsic=ok inference_age_ms=56 target=none transport=False sorting_thread=alive
15:47:36 [v4][heartbeat] enter=False sorting=False cam=LIVE ai=LIVE cam_fps=53.2 pub_fps=30.2 frames=179138 result_subs=1 roi=ok intrinsic=ok inference_age_ms=66 target=none transport=False sorting_thread=alive
15:47:41 [v4][heartbeat] enter=False sorting=False cam=LIVE ai=LIVE cam_fps=55.0 pub_fps=30.4 frames=179413 result_subs=1 roi=ok intrinsic=ok inference_age_ms=56 target=none transport=False sorting_thread=alive
15:47:46 [v4][heartbeat] enter=False sorting=False cam=LIVE ai=LIVE cam_fps=54.8 pub_fps=30.2 frames=179687 result_subs=1 roi=ok intrinsic=ok inference_age_ms=37 target=none transport=False sorting_thread=alive
15:47:51 [v4][heartbeat] enter=False sorting=False cam=LIVE ai=LIVE cam_fps=50.0 pub_fps=30.4 frames=179937 result_subs=1 roi=ok intrinsic=ok inference_age_ms=76 target=none transport=False sorting_thread=alive
15:47:56 [v4][heartbeat] enter=False sorting=False cam=LIVE ai=LIVE cam_fps=56.4 pub_fps=30.2 frames=180219 result_subs=1 roi=ok intrinsic=ok inference_age_ms=55 target=none transport=False sorting_thread=alive
15:48:01 [v4][heartbeat] enter=False sorting=False cam=LIVE ai=LIVE cam_fps=54.6 pub_fps=30.2 frames=180492 result_subs=1 roi=ok intrinsic=ok inference_age_ms=60 target=none transport=False sorting_thread=alive
15:48:06 [v4][heartbeat] enter=False sorting=False cam=LIVE ai=LIVE cam_fps=55.4 pub_fps=30.4 frames=180769 result_subs=1 roi=ok intrinsic=ok inference_age_ms=41 target=none transport=False sorting_thread=alive
15:48:11 [v4][heartbeat] enter=False sorting=False cam=LIVE ai=LIVE cam_fps=54.8 pub_fps=30.4 frames=181043 result_subs=1 roi=ok intrinsic=ok inference_age_ms=63 target=none transport=False sorting_thread=alive
15:48:16 [v4][heartbeat] enter=False sorting=False cam=LIVE ai=LIVE cam_fps=52.2 pub_fps=30.2 frames=181304 result_subs=1 roi=ok intrinsic=ok inference_age_ms=44 target=none transport=False sorting_thread=alive
15:48:21 [v4][heartbeat] enter=False sorting=False cam=LIVE ai=LIVE cam_fps=58.0 pub_fps=30.4 frames=181594 result_subs=1 roi=ok intrinsic=ok inference_age_ms=53 target=none transport=False sorting_thread=alive
15:48:26 [v4][heartbeat] enter=False sorting=False cam=LIVE ai=LIVE cam_fps=53.4 pub_fps=30.2 frames=181861 result_subs=1 roi=ok intrinsic=ok inference_age_ms=46 target=none transport=False sorting_thread=alive
15:48:31 [v4][heartbeat] enter=False sorting=False cam=LIVE ai=LIVE cam_fps=54.0 pub_fps=30.4 frames=182131 result_subs=1 roi=ok intrinsic=ok inference_age_ms=54 target=none transport=False sorting_thread=alive
15:48:36 [v4][heartbeat] enter=False sorting=False cam=LIVE ai=LIVE cam_fps=55.8 pub_fps=30.2 frames=182410 result_subs=1 roi=ok intrinsic=ok inference_age_ms=70 target=none transport=False sorting_thread=alive
15:48:41 [v4][heartbeat] enter=False sorting=False cam=LIVE ai=LIVE cam_fps=54.0 pub_fps=30.4 frames=182680 result_subs=1 roi=ok intrinsic=ok inference_age_ms=53 target=none transport=False sorting_thread=alive
15:48:46 [v4][heartbeat] enter=False sorting=False cam=LIVE ai=LIVE cam_fps=57.2 pub_fps=30.2 frames=182966 result_subs=1 roi=ok intrinsic=ok inference_age_ms=77 target=none transport=False sorting_thread=alive
15:48:51 [v4][heartbeat] enter=False sorting=False cam=LIVE ai=LIVE cam_fps=55.0 pub_fps=30.4 frames=183241 result_subs=1 roi=ok intrinsic=ok inference_age_ms=34 target=none transport=False sorting_thread=alive
15:48:56 [v4][heartbeat] enter=False sorting=False cam=LIVE ai=LIVE cam_fps=56.6 pub_fps=30.2 frames=183524 result_subs=1 roi=ok intrinsic=ok inference_age_ms=52 target=none transport=False sorting_thread=alive
15:49:01 [v4][heartbeat] enter=False sorting=False cam=LIVE ai=LIVE cam_fps=56.0 pub_fps=30.4 frames=183804 result_subs=1 roi=ok intrinsic=ok inference_age_ms=40 target=none transport=False sorting_thread=alive
15:49:06 [v4][heartbeat] enter=False sorting=False cam=LIVE ai=LIVE cam_fps=53.8 pub_fps=30.2 frames=184073 result_subs=1 roi=ok intrinsic=ok inference_age_ms=46 target=none transport=False sorting_thread=alive
15:49:11 [v4][heartbeat] enter=False sorting=False cam=LIVE ai=LIVE cam_fps=57.4 pub_fps=30.4 frames=184360 result_subs=1 roi=ok intrinsic=ok inference_age_ms=57 target=none transport=False sorting_thread=alive
15:49:16 [v4][heartbeat] enter=False sorting=False cam=LIVE ai=LIVE cam_fps=55.2 pub_fps=30.2 frames=184636 result_subs=1 roi=ok intrinsic=ok inference_age_ms=70 target=none transport=False sorting_thread=alive
15:49:21 [v4][heartbeat] enter=False sorting=False cam=LIVE ai=LIVE cam_fps=53.4 pub_fps=30.4 frames=184903 result_subs=1 roi=ok intrinsic=ok inference_age_ms=57 target=none transport=False sorting_thread=alive
15:49:26 [v4][heartbeat] enter=False sorting=False cam=LIVE ai=LIVE cam_fps=57.6 pub_fps=30.2 frames=185191 result_subs=1 roi=ok intrinsic=ok inference_age_ms=61 target=none transport=False sorting_thread=alive
15:49:31 [v4][heartbeat] enter=False sorting=False cam=LIVE ai=LIVE cam_fps=55.2 pub_fps=30.4 frames=185467 result_subs=1 roi=ok intrinsic=ok inference_age_ms=66 target=none transport=False sorting_thread=alive
15:49:36 [v4][heartbeat] enter=False sorting=False cam=LIVE ai=LIVE cam_fps=57.2 pub_fps=30.2 frames=185753 result_subs=1 roi=ok intrinsic=ok inference_age_ms=46 target=none transport=False sorting_thread=alive
15:49:41 [v4][heartbeat] enter=False sorting=False cam=LIVE ai=LIVE cam_fps=54.6 pub_fps=30.4 frames=186026 result_subs=1 roi=ok intrinsic=ok inference_age_ms=56 target=none transport=False sorting_thread=alive
15:49:46 [v4][heartbeat] enter=False sorting=False cam=LIVE ai=LIVE cam_fps=53.0 pub_fps=30.4 frames=186291 result_subs=1 roi=ok intrinsic=ok inference_age_ms=49 target=none transport=False sorting_thread=alive
15:49:51 [v4][heartbeat] enter=False sorting=False cam=LIVE ai=LIVE cam_fps=58.2 pub_fps=30.2 frames=186582 result_subs=1 roi=ok intrinsic=ok inference_age_ms=38 target=none transport=False sorting_thread=alive
15:49:56 [v4][heartbeat] enter=False sorting=False cam=LIVE ai=LIVE cam_fps=56.0 pub_fps=30.4 frames=186862 result_subs=1 roi=ok intrinsic=ok inference_age_ms=52 target=none transport=False sorting_thread=alive
15:50:01 [v4][heartbeat] enter=False sorting=False cam=LIVE ai=LIVE cam_fps=55.2 pub_fps=30.2 frames=187138 result_subs=1 roi=ok intrinsic=ok inference_age_ms=40 target=none transport=False sorting_thread=alive
15:50:06 [v4][heartbeat] enter=False sorting=False cam=LIVE ai=LIVE cam_fps=56.6 pub_fps=30.4 frames=187421 result_subs=1 roi=ok intrinsic=ok inference_age_ms=50 target=none transport=False sorting_thread=alive
15:50:11 [v4][heartbeat] enter=False sorting=False cam=LIVE ai=LIVE cam_fps=55.2 pub_fps=30.2 frames=187697 result_subs=1 roi=ok intrinsic=ok inference_age_ms=65 target=none transport=False sorting_thread=alive
15:50:16 [v4][heartbeat] enter=False sorting=False cam=LIVE ai=LIVE cam_fps=55.8 pub_fps=30.4 frames=187976 result_subs=1 roi=ok intrinsic=ok inference_age_ms=55 target=none transport=False sorting_thread=alive
15:50:21 [v4][heartbeat] enter=False sorting=False cam=LIVE ai=LIVE cam_fps=55.8 pub_fps=30.2 frames=188255 result_subs=1 roi=ok intrinsic=ok inference_age_ms=54 target=none transport=False sorting_thread=alive
15:50:26 [v4][heartbeat] enter=False sorting=False cam=LIVE ai=LIVE cam_fps=54.5 pub_fps=30.4 frames=188527 result_subs=1 roi=ok intrinsic=ok inference_age_ms=51 target=none transport=False sorting_thread=alive
15:50:31 [v4][heartbeat] enter=False sorting=False cam=LIVE ai=LIVE cam_fps=54.8 pub_fps=30.2 frames=188801 result_subs=1 roi=ok intrinsic=ok inference_age_ms=72 target=none transport=False sorting_thread=alive
15:50:36 [v4][heartbeat] enter=False sorting=False cam=LIVE ai=LIVE cam_fps=54.6 pub_fps=30.4 frames=189074 result_subs=1 roi=ok intrinsic=ok inference_age_ms=44 target=none transport=False sorting_thread=alive
15:50:41 [v4][heartbeat] enter=False sorting=False cam=LIVE ai=LIVE cam_fps=58.0 pub_fps=30.2 frames=189364 result_subs=1 roi=ok intrinsic=ok inference_age_ms=30 target=none transport=False sorting_thread=alive
15:50:46 [v4][heartbeat] enter=False sorting=False cam=LIVE ai=LIVE cam_fps=52.6 pub_fps=30.4 frames=189627 result_subs=1 roi=ok intrinsic=ok inference_age_ms=43 target=none transport=False sorting_thread=alive
15:50:51 [v4][heartbeat] enter=False sorting=False cam=LIVE ai=LIVE cam_fps=54.0 pub_fps=30.2 frames=189897 result_subs=1 roi=ok intrinsic=ok inference_age_ms=43 target=none transport=False sorting_thread=alive
15:50:56 [v4][heartbeat] enter=False sorting=False cam=LIVE ai=LIVE cam_fps=57.4 pub_fps=30.4 frames=190184 result_subs=1 roi=ok intrinsic=ok inference_age_ms=69 target=none transport=False sorting_thread=alive
15:51:01 [v4][heartbeat] enter=False sorting=False cam=LIVE ai=LIVE cam_fps=53.6 pub_fps=30.2 frames=190452 result_subs=1 roi=ok intrinsic=ok inference_age_ms=42 target=none transport=False sorting_thread=alive
15:51:06 [v4][heartbeat] enter=False sorting=False cam=LIVE ai=LIVE cam_fps=54.8 pub_fps=30.4 frames=190726 result_subs=1 roi=ok intrinsic=ok inference_age_ms=57 target=none transport=False sorting_thread=alive
15:51:11 [v4][heartbeat] enter=False sorting=False cam=LIVE ai=LIVE cam_fps=55.6 pub_fps=30.2 frames=191004 result_subs=1 roi=ok intrinsic=ok inference_age_ms=61 target=none transport=False sorting_thread=alive
15:51:16 [v4][heartbeat] enter=False sorting=False cam=LIVE ai=LIVE cam_fps=54.2 pub_fps=30.4 frames=191275 result_subs=1 roi=ok intrinsic=ok inference_age_ms=57 target=none transport=False sorting_thread=alive
15:51:21 [v4][heartbeat] enter=False sorting=False cam=LIVE ai=LIVE cam_fps=54.4 pub_fps=30.2 frames=191547 result_subs=1 roi=ok intrinsic=ok inference_age_ms=38 target=none transport=False sorting_thread=alive
15:51:26 [v4][heartbeat] enter=False sorting=False cam=LIVE ai=LIVE cam_fps=51.0 pub_fps=30.4 frames=191802 result_subs=1 roi=ok intrinsic=ok inference_age_ms=62 target=none transport=False sorting_thread=alive
15:51:31 [v4][heartbeat] enter=False sorting=False cam=LIVE ai=LIVE cam_fps=57.0 pub_fps=30.2 frames=192087 result_subs=1 roi=ok intrinsic=ok inference_age_ms=44 target=none transport=False sorting_thread=alive
15:51:36 [v4][heartbeat] enter=False sorting=False cam=LIVE ai=LIVE cam_fps=55.8 pub_fps=30.4 frames=192366 result_subs=1 roi=ok intrinsic=ok inference_age_ms=49 target=none transport=False sorting_thread=alive
15:51:41 [v4][heartbeat] enter=False sorting=False cam=LIVE ai=LIVE cam_fps=55.2 pub_fps=30.2 frames=192642 result_subs=1 roi=ok intrinsic=ok inference_age_ms=52 target=none transport=False sorting_thread=alive
15:51:46 [v4][heartbeat] enter=False sorting=False cam=LIVE ai=LIVE cam_fps=55.3 pub_fps=30.4 frames=192919 result_subs=1 roi=ok intrinsic=ok inference_age_ms=35 target=none transport=False sorting_thread=alive
15:51:51 [v4][heartbeat] enter=False sorting=False cam=LIVE ai=LIVE cam_fps=55.4 pub_fps=30.2 frames=193196 result_subs=1 roi=ok intrinsic=ok inference_age_ms=49 target=none transport=False sorting_thread=alive
15:51:56 [v4][heartbeat] enter=False sorting=False cam=LIVE ai=LIVE cam_fps=56.4 pub_fps=30.4 frames=193478 result_subs=1 roi=ok intrinsic=ok inference_age_ms=60 target=none transport=False sorting_thread=alive
15:52:01 [v4][heartbeat] enter=False sorting=False cam=LIVE ai=LIVE cam_fps=55.4 pub_fps=30.2 frames=193755 result_subs=1 roi=ok intrinsic=ok inference_age_ms=74 target=none transport=False sorting_thread=alive
15:52:06 [v4][heartbeat] enter=False sorting=False cam=LIVE ai=LIVE cam_fps=54.6 pub_fps=30.4 frames=194028 result_subs=1 roi=ok intrinsic=ok inference_age_ms=68 target=none transport=False sorting_thread=alive
15:52:11 [v4][heartbeat] enter=False sorting=False cam=LIVE ai=LIVE cam_fps=58.6 pub_fps=30.2 frames=194321 result_subs=1 roi=ok intrinsic=ok inference_age_ms=38 target=none transport=False sorting_thread=alive
15:52:16 [v4][heartbeat] enter=False sorting=False cam=LIVE ai=LIVE cam_fps=55.6 pub_fps=30.4 frames=194599 result_subs=1 roi=ok intrinsic=ok inference_age_ms=59 target=none transport=False sorting_thread=alive
15:52:21 [v4][heartbeat] enter=False sorting=False cam=LIVE ai=LIVE cam_fps=55.6 pub_fps=30.4 frames=194877 result_subs=1 roi=ok intrinsic=ok inference_age_ms=54 target=none transport=False sorting_thread=alive
15:52:26 [v4][heartbeat] enter=False sorting=False cam=LIVE ai=LIVE cam_fps=53.6 pub_fps=30.2 frames=195145 result_subs=1 roi=ok intrinsic=ok inference_age_ms=53 target=none transport=False sorting_thread=alive
15:52:31 [v4][heartbeat] enter=False sorting=False cam=LIVE ai=LIVE cam_fps=54.6 pub_fps=30.2 frames=195418 result_subs=1 roi=ok intrinsic=ok inference_age_ms=75 target=none transport=False sorting_thread=alive
15:52:36 [v4][heartbeat] enter=False sorting=False cam=LIVE ai=LIVE cam_fps=58.6 pub_fps=30.4 frames=195711 result_subs=1 roi=ok intrinsic=ok inference_age_ms=43 target=none transport=False sorting_thread=alive
15:52:41 [v4][heartbeat] enter=False sorting=False cam=LIVE ai=LIVE cam_fps=54.4 pub_fps=30.2 frames=195983 result_subs=1 roi=ok intrinsic=ok inference_age_ms=55 target=none transport=False sorting_thread=alive
15:52:46 [v4][heartbeat] enter=False sorting=False cam=LIVE ai=LIVE cam_fps=54.4 pub_fps=30.4 frames=196255 result_subs=1 roi=ok intrinsic=ok inference_age_ms=75 target=none transport=False sorting_thread=alive
15:52:51 [v4][heartbeat] enter=False sorting=False cam=LIVE ai=LIVE cam_fps=56.6 pub_fps=30.4 frames=196538 result_subs=1 roi=ok intrinsic=ok inference_age_ms=88 target=none transport=False sorting_thread=alive
15:52:56 [v4][heartbeat] enter=False sorting=False cam=LIVE ai=LIVE cam_fps=56.6 pub_fps=30.2 frames=196821 result_subs=1 roi=ok intrinsic=ok inference_age_ms=65 target=none transport=False sorting_thread=alive
15:53:01 [v4][heartbeat] enter=False sorting=False cam=LIVE ai=LIVE cam_fps=57.0 pub_fps=30.4 frames=197106 result_subs=1 roi=ok intrinsic=ok inference_age_ms=64 target=none transport=False sorting_thread=alive
15:53:06 [v4][heartbeat] enter=False sorting=False cam=LIVE ai=LIVE cam_fps=54.0 pub_fps=30.2 frames=197376 result_subs=1 roi=ok intrinsic=ok inference_age_ms=41 target=none transport=False sorting_thread=alive
15:53:11 [v4][heartbeat] enter=False sorting=False cam=LIVE ai=LIVE cam_fps=55.4 pub_fps=30.4 frames=197653 result_subs=1 roi=ok intrinsic=ok inference_age_ms=58 target=none transport=False sorting_thread=alive
15:53:16 [v4][heartbeat] enter=False sorting=False cam=LIVE ai=LIVE cam_fps=55.0 pub_fps=30.2 frames=197928 result_subs=1 roi=ok intrinsic=ok inference_age_ms=37 target=none transport=False sorting_thread=alive
15:53:21 [v4][heartbeat] enter=False sorting=False cam=LIVE ai=LIVE cam_fps=52.6 pub_fps=30.4 frames=198191 result_subs=1 roi=ok intrinsic=ok inference_age_ms=57 target=none transport=False sorting_thread=alive
15:53:26 [v4][heartbeat] enter=False sorting=False cam=LIVE ai=LIVE cam_fps=55.8 pub_fps=30.2 frames=198470 result_subs=1 roi=ok intrinsic=ok inference_age_ms=34 target=none transport=False sorting_thread=alive
15:53:31 [v4][heartbeat] enter=False sorting=False cam=LIVE ai=LIVE cam_fps=56.8 pub_fps=30.4 frames=198754 result_subs=1 roi=ok intrinsic=ok inference_age_ms=34 target=none transport=False sorting_thread=alive
15:53:36 [v4][heartbeat] enter=False sorting=False cam=LIVE ai=LIVE cam_fps=52.6 pub_fps=30.2 frames=199017 result_subs=1 roi=ok intrinsic=ok inference_age_ms=44 target=none transport=False sorting_thread=alive
15:53:41 [v4][heartbeat] enter=False sorting=False cam=LIVE ai=LIVE cam_fps=56.4 pub_fps=30.4 frames=199299 result_subs=1 roi=ok intrinsic=ok inference_age_ms=58 target=none transport=False sorting_thread=alive
15:53:46 [v4][heartbeat] enter=False sorting=False cam=LIVE ai=LIVE cam_fps=51.0 pub_fps=30.2 frames=199554 result_subs=1 roi=ok intrinsic=ok inference_age_ms=49 target=none transport=False sorting_thread=alive
15:53:51 [v4][heartbeat] enter=False sorting=False cam=LIVE ai=LIVE cam_fps=55.2 pub_fps=30.4 frames=199830 result_subs=1 roi=ok intrinsic=ok inference_age_ms=56 target=none transport=False sorting_thread=alive
15:53:56 [v4][heartbeat] enter=False sorting=False cam=LIVE ai=LIVE cam_fps=58.2 pub_fps=30.2 frames=200121 result_subs=1 roi=ok intrinsic=ok inference_age_ms=60 target=none transport=False sorting_thread=alive
15:54:01 [v4][heartbeat] enter=False sorting=False cam=LIVE ai=LIVE cam_fps=55.0 pub_fps=30.4 frames=200396 result_subs=1 roi=ok intrinsic=ok inference_age_ms=68 target=none transport=False sorting_thread=alive
15:54:06 [v4][heartbeat] enter=False sorting=False cam=LIVE ai=LIVE cam_fps=58.6 pub_fps=30.2 frames=200689 result_subs=1 roi=ok intrinsic=ok inference_age_ms=72 target=none transport=False sorting_thread=alive
15:54:11 [v4][heartbeat] enter=False sorting=False cam=LIVE ai=LIVE cam_fps=54.6 pub_fps=30.4 frames=200962 result_subs=1 roi=ok intrinsic=ok inference_age_ms=63 target=none transport=False sorting_thread=alive
15:54:16 [v4][heartbeat] enter=False sorting=False cam=LIVE ai=LIVE cam_fps=55.2 pub_fps=30.2 frames=201238 result_subs=1 roi=ok intrinsic=ok inference_age_ms=58 target=none transport=False sorting_thread=alive
15:54:21 [v4][heartbeat] enter=False sorting=False cam=LIVE ai=LIVE cam_fps=55.4 pub_fps=30.4 frames=201515 result_subs=1 roi=ok intrinsic=ok inference_age_ms=57 target=none transport=False sorting_thread=alive
15:54:26 [v4][heartbeat] enter=False sorting=False cam=LIVE ai=LIVE cam_fps=53.6 pub_fps=30.2 frames=201783 result_subs=1 roi=ok intrinsic=ok inference_age_ms=64 target=none transport=False sorting_thread=alive
15:54:31 [v4][heartbeat] enter=False sorting=False cam=LIVE ai=LIVE cam_fps=58.0 pub_fps=30.4 frames=202073 result_subs=1 roi=ok intrinsic=ok inference_age_ms=51 target=none transport=False sorting_thread=alive
15:54:36 [v4][heartbeat] enter=False sorting=False cam=LIVE ai=LIVE cam_fps=54.4 pub_fps=30.2 frames=202345 result_subs=1 roi=ok intrinsic=ok inference_age_ms=51 target=none transport=False sorting_thread=alive
15:54:41 [v4][heartbeat] enter=False sorting=False cam=LIVE ai=LIVE cam_fps=56.4 pub_fps=30.4 frames=202627 result_subs=1 roi=ok intrinsic=ok inference_age_ms=34 target=none transport=False sorting_thread=alive
15:54:46 [v4][heartbeat] enter=False sorting=False cam=LIVE ai=LIVE cam_fps=54.8 pub_fps=30.4 frames=202901 result_subs=1 roi=ok intrinsic=ok inference_age_ms=57 target=none transport=False sorting_thread=alive
15:54:51 [v4][heartbeat] enter=False sorting=False cam=LIVE ai=LIVE cam_fps=53.4 pub_fps=30.2 frames=203168 result_subs=1 roi=ok intrinsic=ok inference_age_ms=53 target=none transport=False sorting_thread=alive
15:54:56 [v4][heartbeat] enter=False sorting=False cam=LIVE ai=LIVE cam_fps=57.0 pub_fps=30.2 frames=203453 result_subs=1 roi=ok intrinsic=ok inference_age_ms=42 target=none transport=False sorting_thread=alive
15:55:01 [v4][heartbeat] enter=False sorting=False cam=LIVE ai=LIVE cam_fps=56.2 pub_fps=30.4 frames=203734 result_subs=1 roi=ok intrinsic=ok inference_age_ms=48 target=none transport=False sorting_thread=alive
15:55:06 [v4][heartbeat] enter=False sorting=False cam=LIVE ai=LIVE cam_fps=55.6 pub_fps=30.2 frames=204012 result_subs=1 roi=ok intrinsic=ok inference_age_ms=76 target=none transport=False sorting_thread=alive
15:55:11 [v4][heartbeat] enter=False sorting=False cam=LIVE ai=LIVE cam_fps=53.8 pub_fps=30.4 frames=204281 result_subs=1 roi=ok intrinsic=ok inference_age_ms=69 target=none transport=False sorting_thread=alive
15:55:16 [v4][heartbeat] enter=False sorting=False cam=LIVE ai=LIVE cam_fps=53.8 pub_fps=30.2 frames=204550 result_subs=1 roi=ok intrinsic=ok inference_age_ms=44 target=none transport=False sorting_thread=alive
15:55:21 [v4][heartbeat] enter=False sorting=False cam=LIVE ai=LIVE cam_fps=56.6 pub_fps=30.4 frames=204833 result_subs=1 roi=ok intrinsic=ok inference_age_ms=72 target=none transport=False sorting_thread=alive
15:55:26 [v4][heartbeat] enter=False sorting=False cam=LIVE ai=LIVE cam_fps=56.4 pub_fps=30.2 frames=205115 result_subs=1 roi=ok intrinsic=ok inference_age_ms=68 target=none transport=False sorting_thread=alive
15:55:31 [v4][heartbeat] enter=False sorting=False cam=LIVE ai=LIVE cam_fps=55.0 pub_fps=30.4 frames=205390 result_subs=1 roi=ok intrinsic=ok inference_age_ms=51 target=none transport=False sorting_thread=alive
15:55:36 [v4][heartbeat] enter=False sorting=False cam=LIVE ai=LIVE cam_fps=54.8 pub_fps=30.4 frames=205664 result_subs=1 roi=ok intrinsic=ok inference_age_ms=51 target=none transport=False sorting_thread=alive
15:55:41 [v4][heartbeat] enter=False sorting=False cam=LIVE ai=LIVE cam_fps=53.2 pub_fps=30.2 frames=205930 result_subs=1 roi=ok intrinsic=ok inference_age_ms=87 target=none transport=False sorting_thread=alive
15:55:46 [v4][heartbeat] enter=False sorting=False cam=LIVE ai=LIVE cam_fps=55.8 pub_fps=30.4 frames=206209 result_subs=1 roi=ok intrinsic=ok inference_age_ms=51 target=none transport=False sorting_thread=alive
15:55:51 [v4][heartbeat] enter=False sorting=False cam=LIVE ai=LIVE cam_fps=55.8 pub_fps=30.2 frames=206488 result_subs=1 roi=ok intrinsic=ok inference_age_ms=57 target=none transport=False sorting_thread=alive
15:55:56 [v4][heartbeat] enter=False sorting=False cam=LIVE ai=LIVE cam_fps=54.8 pub_fps=30.4 frames=206762 result_subs=1 roi=ok intrinsic=ok inference_age_ms=61 target=none transport=False sorting_thread=alive
15:56:01 [v4][heartbeat] enter=False sorting=False cam=LIVE ai=LIVE cam_fps=58.4 pub_fps=30.2 frames=207054 result_subs=1 roi=ok intrinsic=ok inference_age_ms=37 target=none transport=False sorting_thread=alive
15:56:06 [v4][heartbeat] enter=False sorting=False cam=LIVE ai=LIVE cam_fps=54.4 pub_fps=30.4 frames=207326 result_subs=1 roi=ok intrinsic=ok inference_age_ms=60 target=none transport=False sorting_thread=alive
15:56:11 [v4][heartbeat] enter=False sorting=False cam=LIVE ai=LIVE cam_fps=54.3 pub_fps=30.2 frames=207597 result_subs=1 roi=ok intrinsic=ok inference_age_ms=66 target=none transport=False sorting_thread=alive
15:56:16 [v4][heartbeat] enter=False sorting=False cam=LIVE ai=LIVE cam_fps=55.0 pub_fps=30.4 frames=207872 result_subs=1 roi=ok intrinsic=ok inference_age_ms=64 target=none transport=False sorting_thread=alive
15:56:21 [v4][heartbeat] enter=False sorting=False cam=LIVE ai=LIVE cam_fps=55.4 pub_fps=30.2 frames=208149 result_subs=1 roi=ok intrinsic=ok inference_age_ms=59 target=none transport=False sorting_thread=alive
15:56:26 [v4][heartbeat] enter=False sorting=False cam=LIVE ai=LIVE cam_fps=58.8 pub_fps=30.4 frames=208443 result_subs=1 roi=ok intrinsic=ok inference_age_ms=60 target=none transport=False sorting_thread=alive
15:56:31 [v4][heartbeat] enter=False sorting=False cam=LIVE ai=LIVE cam_fps=52.2 pub_fps=30.2 frames=208704 result_subs=1 roi=ok intrinsic=ok inference_age_ms=42 target=none transport=False sorting_thread=alive
15:56:36 [v4][heartbeat] enter=False sorting=False cam=LIVE ai=LIVE cam_fps=56.2 pub_fps=30.4 frames=208985 result_subs=1 roi=ok intrinsic=ok inference_age_ms=85 target=none transport=False sorting_thread=alive
15:56:41 [v4][heartbeat] enter=False sorting=False cam=LIVE ai=LIVE cam_fps=55.2 pub_fps=30.2 frames=209261 result_subs=1 roi=ok intrinsic=ok inference_age_ms=55 target=none transport=False sorting_thread=alive
15:56:46 [v4][heartbeat] enter=False sorting=False cam=LIVE ai=LIVE cam_fps=52.8 pub_fps=30.4 frames=209525 result_subs=1 roi=ok intrinsic=ok inference_age_ms=57 target=none transport=False sorting_thread=alive
15:56:51 [v4][heartbeat] enter=False sorting=False cam=LIVE ai=LIVE cam_fps=55.6 pub_fps=30.2 frames=209803 result_subs=1 roi=ok intrinsic=ok inference_age_ms=54 target=none transport=False sorting_thread=alive
15:56:56 [v4][heartbeat] enter=False sorting=False cam=LIVE ai=LIVE cam_fps=53.6 pub_fps=30.4 frames=210071 result_subs=1 roi=ok intrinsic=ok inference_age_ms=56 target=none transport=False sorting_thread=alive
15:57:01 [v4][heartbeat] enter=False sorting=False cam=LIVE ai=LIVE cam_fps=55.0 pub_fps=30.2 frames=210346 result_subs=1 roi=ok intrinsic=ok inference_age_ms=41 target=none transport=False sorting_thread=alive
15:57:06 [v4][heartbeat] enter=False sorting=False cam=LIVE ai=LIVE cam_fps=56.4 pub_fps=30.4 frames=210628 result_subs=1 roi=ok intrinsic=ok inference_age_ms=45 target=none transport=False sorting_thread=alive
15:57:11 [v4][heartbeat] enter=False sorting=False cam=LIVE ai=LIVE cam_fps=52.4 pub_fps=30.2 frames=210890 result_subs=1 roi=ok intrinsic=ok inference_age_ms=52 target=none transport=False sorting_thread=alive
15:57:16 [v4][heartbeat] enter=False sorting=False cam=LIVE ai=LIVE cam_fps=56.0 pub_fps=30.4 frames=211170 result_subs=1 roi=ok intrinsic=ok inference_age_ms=53 target=none transport=False sorting_thread=alive
15:57:21 [v4][heartbeat] enter=False sorting=False cam=LIVE ai=LIVE cam_fps=56.2 pub_fps=30.2 frames=211451 result_subs=1 roi=ok intrinsic=ok inference_age_ms=46 target=none transport=False sorting_thread=alive
15:57:26 [v4][heartbeat] enter=False sorting=False cam=LIVE ai=LIVE cam_fps=56.6 pub_fps=30.4 frames=211734 result_subs=1 roi=ok intrinsic=ok inference_age_ms=58 target=none transport=False sorting_thread=alive
15:57:31 [v4][heartbeat] enter=False sorting=False cam=LIVE ai=LIVE cam_fps=58.4 pub_fps=30.2 frames=212026 result_subs=1 roi=ok intrinsic=ok inference_age_ms=68 target=none transport=False sorting_thread=alive
15:57:36 [v4][heartbeat] enter=False sorting=False cam=LIVE ai=LIVE cam_fps=53.6 pub_fps=30.4 frames=212294 result_subs=1 roi=ok intrinsic=ok inference_age_ms=67 target=none transport=False sorting_thread=alive
15:57:41 [v4][heartbeat] enter=False sorting=False cam=LIVE ai=LIVE cam_fps=56.2 pub_fps=30.2 frames=212575 result_subs=1 roi=ok intrinsic=ok inference_age_ms=46 target=none transport=False sorting_thread=alive
15:57:46 [v4][heartbeat] enter=False sorting=False cam=LIVE ai=LIVE cam_fps=56.4 pub_fps=30.4 frames=212857 result_subs=1 roi=ok intrinsic=ok inference_age_ms=39 target=none transport=False sorting_thread=alive
15:57:51 [v4][heartbeat] enter=False sorting=False cam=LIVE ai=LIVE cam_fps=55.6 pub_fps=30.2 frames=213135 result_subs=1 roi=ok intrinsic=ok inference_age_ms=59 target=none transport=False sorting_thread=alive
15:57:56 [v4][heartbeat] enter=False sorting=False cam=LIVE ai=LIVE cam_fps=58.2 pub_fps=30.4 frames=213426 result_subs=1 roi=ok intrinsic=ok inference_age_ms=65 target=none transport=False sorting_thread=alive
15:58:01 [v4][heartbeat] enter=False sorting=False cam=LIVE ai=LIVE cam_fps=53.4 pub_fps=30.4 frames=213693 result_subs=1 roi=ok intrinsic=ok inference_age_ms=46 target=none transport=False sorting_thread=alive
15:58:06 [v4][heartbeat] enter=False sorting=False cam=LIVE ai=LIVE cam_fps=58.0 pub_fps=30.2 frames=213983 result_subs=1 roi=ok intrinsic=ok inference_age_ms=69 target=none transport=False sorting_thread=alive
15:58:11 [v4][heartbeat] enter=False sorting=False cam=LIVE ai=LIVE cam_fps=57.2 pub_fps=30.2 frames=214269 result_subs=1 roi=ok intrinsic=ok inference_age_ms=85 target=none transport=False sorting_thread=alive
15:58:16 [v4][heartbeat] enter=False sorting=False cam=LIVE ai=LIVE cam_fps=54.4 pub_fps=30.4 frames=214541 result_subs=1 roi=ok intrinsic=ok inference_age_ms=73 target=none transport=False sorting_thread=alive
15:58:21 [v4][heartbeat] enter=False sorting=False cam=LIVE ai=LIVE cam_fps=58.0 pub_fps=30.4 frames=214831 result_subs=1 roi=ok intrinsic=ok inference_age_ms=58 target=none transport=False sorting_thread=alive
15:58:26 [v4][heartbeat] enter=False sorting=False cam=LIVE ai=LIVE cam_fps=57.2 pub_fps=30.2 frames=215117 result_subs=1 roi=ok intrinsic=ok inference_age_ms=66 target=none transport=False sorting_thread=alive
15:58:31 [v4][heartbeat] enter=False sorting=False cam=LIVE ai=LIVE cam_fps=55.8 pub_fps=30.2 frames=215396 result_subs=1 roi=ok intrinsic=ok inference_age_ms=51 target=none transport=False sorting_thread=alive
15:58:36 [v4][heartbeat] enter=False sorting=False cam=LIVE ai=LIVE cam_fps=54.2 pub_fps=30.4 frames=215667 result_subs=1 roi=ok intrinsic=ok inference_age_ms=45 target=none transport=False sorting_thread=alive
15:58:41 [v4][heartbeat] enter=False sorting=False cam=LIVE ai=LIVE cam_fps=56.0 pub_fps=30.4 frames=215947 result_subs=1 roi=ok intrinsic=ok inference_age_ms=56 target=none transport=False sorting_thread=alive
15:58:46 [v4][heartbeat] enter=False sorting=False cam=LIVE ai=LIVE cam_fps=56.6 pub_fps=30.2 frames=216230 result_subs=1 roi=ok intrinsic=ok inference_age_ms=39 target=none transport=False sorting_thread=alive
15:58:51 [v4][heartbeat] enter=False sorting=False cam=LIVE ai=LIVE cam_fps=52.8 pub_fps=30.2 frames=216494 result_subs=1 roi=ok intrinsic=ok inference_age_ms=53 target=none transport=False sorting_thread=alive
15:58:56 [v4][heartbeat] enter=False sorting=False cam=LIVE ai=LIVE cam_fps=53.0 pub_fps=30.4 frames=216759 result_subs=1 roi=ok intrinsic=ok inference_age_ms=41 target=none transport=False sorting_thread=alive
15:59:01 [v4][heartbeat] enter=False sorting=False cam=LIVE ai=LIVE cam_fps=55.2 pub_fps=30.4 frames=217035 result_subs=1 roi=ok intrinsic=ok inference_age_ms=74 target=none transport=False sorting_thread=alive
15:59:06 [v4][heartbeat] enter=False sorting=False cam=LIVE ai=LIVE cam_fps=54.4 pub_fps=30.2 frames=217307 result_subs=1 roi=ok intrinsic=ok inference_age_ms=40 target=none transport=False sorting_thread=alive
15:59:11 [v4][heartbeat] enter=False sorting=False cam=LIVE ai=LIVE cam_fps=58.0 pub_fps=30.4 frames=217597 result_subs=1 roi=ok intrinsic=ok inference_age_ms=54 target=none transport=False sorting_thread=alive
15:59:16 [v4][heartbeat] enter=False sorting=False cam=LIVE ai=LIVE cam_fps=56.2 pub_fps=30.2 frames=217878 result_subs=1 roi=ok intrinsic=ok inference_age_ms=66 target=none transport=False sorting_thread=alive
15:59:21 [v4][heartbeat] enter=False sorting=False cam=LIVE ai=LIVE cam_fps=58.4 pub_fps=30.4 frames=218170 result_subs=1 roi=ok intrinsic=ok inference_age_ms=50 target=none transport=False sorting_thread=alive
15:59:26 [v4][heartbeat] enter=False sorting=False cam=LIVE ai=LIVE cam_fps=53.2 pub_fps=30.2 frames=218436 result_subs=1 roi=ok intrinsic=ok inference_age_ms=93 target=none transport=False sorting_thread=alive
15:59:31 [v4][heartbeat] enter=False sorting=False cam=LIVE ai=LIVE cam_fps=57.0 pub_fps=30.4 frames=218721 result_subs=1 roi=ok intrinsic=ok inference_age_ms=45 target=none transport=False sorting_thread=alive
15:59:36 [v4][heartbeat] enter=False sorting=False cam=LIVE ai=LIVE cam_fps=57.0 pub_fps=30.2 frames=219006 result_subs=1 roi=ok intrinsic=ok inference_age_ms=49 target=none transport=False sorting_thread=alive
15:59:41 [v4][heartbeat] enter=False sorting=False cam=LIVE ai=LIVE cam_fps=55.8 pub_fps=30.4 frames=219285 result_subs=1 roi=ok intrinsic=ok inference_age_ms=55 target=none transport=False sorting_thread=alive
15:59:46 [v4][heartbeat] enter=False sorting=False cam=LIVE ai=LIVE cam_fps=57.8 pub_fps=30.2 frames=219574 result_subs=1 roi=ok intrinsic=ok inference_age_ms=45 target=none transport=False sorting_thread=alive
15:59:51 [v4][heartbeat] enter=False sorting=False cam=LIVE ai=LIVE cam_fps=55.2 pub_fps=30.4 frames=219850 result_subs=1 roi=ok intrinsic=ok inference_age_ms=60 target=none transport=False sorting_thread=alive
15:59:56 [v4][heartbeat] enter=False sorting=False cam=LIVE ai=LIVE cam_fps=55.6 pub_fps=30.2 frames=220128 result_subs=1 roi=ok intrinsic=ok inference_age_ms=45 target=none transport=False sorting_thread=alive
16:00:01 [v4][heartbeat] enter=False sorting=False cam=LIVE ai=LIVE cam_fps=57.8 pub_fps=30.4 frames=220417 result_subs=1 roi=ok intrinsic=ok inference_age_ms=59 target=none transport=False sorting_thread=alive
16:00:06 [v4][heartbeat] enter=False sorting=False cam=LIVE ai=LIVE cam_fps=53.4 pub_fps=30.2 frames=220684 result_subs=1 roi=ok intrinsic=ok inference_age_ms=48 target=none transport=False sorting_thread=alive
16:00:11 [v4][heartbeat] enter=False sorting=False cam=LIVE ai=LIVE cam_fps=57.4 pub_fps=30.4 frames=220971 result_subs=1 roi=ok intrinsic=ok inference_age_ms=68 target=none transport=False sorting_thread=alive
16:00:16 [v4][heartbeat] enter=False sorting=False cam=LIVE ai=LIVE cam_fps=56.4 pub_fps=30.2 frames=221253 result_subs=1 roi=ok intrinsic=ok inference_age_ms=75 target=none transport=False sorting_thread=alive
16:00:21 [v4][heartbeat] enter=False sorting=False cam=LIVE ai=LIVE cam_fps=56.8 pub_fps=30.4 frames=221537 result_subs=1 roi=ok intrinsic=ok inference_age_ms=51 target=none transport=False sorting_thread=alive
16:00:26 [v4][heartbeat] enter=False sorting=False cam=LIVE ai=LIVE cam_fps=57.4 pub_fps=30.2 frames=221824 result_subs=1 roi=ok intrinsic=ok inference_age_ms=50 target=none transport=False sorting_thread=alive
16:00:31 [v4][heartbeat] enter=False sorting=False cam=LIVE ai=LIVE cam_fps=52.4 pub_fps=30.4 frames=222086 result_subs=1 roi=ok intrinsic=ok inference_age_ms=58 target=none transport=False sorting_thread=alive
16:00:36 [v4][heartbeat] enter=False sorting=False cam=LIVE ai=LIVE cam_fps=57.6 pub_fps=30.2 frames=222374 result_subs=1 roi=ok intrinsic=ok inference_age_ms=68 target=none transport=False sorting_thread=alive
16:00:41 [v4][heartbeat] enter=False sorting=False cam=LIVE ai=LIVE cam_fps=56.6 pub_fps=30.4 frames=222657 result_subs=1 roi=ok intrinsic=ok inference_age_ms=63 target=none transport=False sorting_thread=alive
16:00:46 [v4][heartbeat] enter=False sorting=False cam=LIVE ai=LIVE cam_fps=52.2 pub_fps=30.4 frames=222918 result_subs=1 roi=ok intrinsic=ok inference_age_ms=41 target=none transport=False sorting_thread=alive
16:00:51 [v4][heartbeat] enter=False sorting=False cam=LIVE ai=LIVE cam_fps=56.2 pub_fps=30.2 frames=223199 result_subs=1 roi=ok intrinsic=ok inference_age_ms=45 target=none transport=False sorting_thread=alive
16:00:56 [v4][heartbeat] enter=False sorting=False cam=LIVE ai=LIVE cam_fps=52.8 pub_fps=30.4 frames=223463 result_subs=1 roi=ok intrinsic=ok inference_age_ms=54 target=none transport=False sorting_thread=alive
16:01:01 [v4][heartbeat] enter=False sorting=False cam=LIVE ai=LIVE cam_fps=57.8 pub_fps=30.2 frames=223752 result_subs=1 roi=ok intrinsic=ok inference_age_ms=72 target=none transport=False sorting_thread=alive
16:01:06 [v4][heartbeat] enter=False sorting=False cam=LIVE ai=LIVE cam_fps=57.0 pub_fps=30.2 frames=224037 result_subs=1 roi=ok intrinsic=ok inference_age_ms=50 target=none transport=False sorting_thread=alive
16:01:11 [v4][heartbeat] enter=False sorting=False cam=LIVE ai=LIVE cam_fps=56.2 pub_fps=30.4 frames=224318 result_subs=1 roi=ok intrinsic=ok inference_age_ms=40 target=none transport=False sorting_thread=alive
16:01:16 [v4][heartbeat] enter=False sorting=False cam=LIVE ai=LIVE cam_fps=59.2 pub_fps=30.4 frames=224614 result_subs=1 roi=ok intrinsic=ok inference_age_ms=95 target=none transport=False sorting_thread=alive
16:01:21 [v4][heartbeat] enter=False sorting=False cam=LIVE ai=LIVE cam_fps=53.6 pub_fps=30.2 frames=224882 result_subs=1 roi=ok intrinsic=ok inference_age_ms=47 target=none transport=False sorting_thread=alive
16:01:26 [v4][heartbeat] enter=False sorting=False cam=LIVE ai=LIVE cam_fps=56.6 pub_fps=30.4 frames=225165 result_subs=1 roi=ok intrinsic=ok inference_age_ms=54 target=none transport=False sorting_thread=alive
16:01:31 [v4][heartbeat] enter=False sorting=False cam=LIVE ai=LIVE cam_fps=58.4 pub_fps=30.2 frames=225457 result_subs=1 roi=ok intrinsic=ok inference_age_ms=40 target=none transport=False sorting_thread=alive
16:01:36 [v4][heartbeat] enter=False sorting=False cam=LIVE ai=LIVE cam_fps=57.0 pub_fps=30.4 frames=225742 result_subs=1 roi=ok intrinsic=ok inference_age_ms=55 target=none transport=False sorting_thread=alive
16:01:41 [v4][heartbeat] enter=False sorting=False cam=LIVE ai=LIVE cam_fps=58.4 pub_fps=30.2 frames=226034 result_subs=1 roi=ok intrinsic=ok inference_age_ms=53 target=none transport=False sorting_thread=alive
16:01:46 [v4][heartbeat] enter=False sorting=False cam=LIVE ai=LIVE cam_fps=55.2 pub_fps=30.4 frames=226310 result_subs=1 roi=ok intrinsic=ok inference_age_ms=42 target=none transport=False sorting_thread=alive
16:01:51 [v4][heartbeat] enter=False sorting=False cam=LIVE ai=LIVE cam_fps=56.0 pub_fps=30.2 frames=226590 result_subs=1 roi=ok intrinsic=ok inference_age_ms=48 target=none transport=False sorting_thread=alive
16:01:56 [v4][heartbeat] enter=False sorting=False cam=LIVE ai=LIVE cam_fps=58.2 pub_fps=30.2 frames=226881 result_subs=1 roi=ok intrinsic=ok inference_age_ms=56 target=none transport=False sorting_thread=alive
16:02:01 [v4][heartbeat] enter=False sorting=False cam=LIVE ai=LIVE cam_fps=54.6 pub_fps=30.4 frames=227154 result_subs=1 roi=ok intrinsic=ok inference_age_ms=36 target=none transport=False sorting_thread=alive
16:02:06 [v4][heartbeat] enter=False sorting=False cam=LIVE ai=LIVE cam_fps=59.2 pub_fps=30.4 frames=227450 result_subs=1 roi=ok intrinsic=ok inference_age_ms=59 target=none transport=False sorting_thread=alive
16:02:11 [v4][heartbeat] enter=False sorting=False cam=LIVE ai=LIVE cam_fps=55.8 pub_fps=30.2 frames=227729 result_subs=1 roi=ok intrinsic=ok inference_age_ms=57 target=none transport=False sorting_thread=alive
16:02:16 [v4][heartbeat] enter=False sorting=False cam=LIVE ai=LIVE cam_fps=58.8 pub_fps=30.4 frames=228023 result_subs=1 roi=ok intrinsic=ok inference_age_ms=46 target=none transport=False sorting_thread=alive
16:02:21 [v4][heartbeat] enter=False sorting=False cam=LIVE ai=LIVE cam_fps=59.6 pub_fps=30.2 frames=228321 result_subs=1 roi=ok intrinsic=ok inference_age_ms=49 target=none transport=False sorting_thread=alive
16:02:26 [v4][heartbeat] enter=False sorting=False cam=LIVE ai=LIVE cam_fps=55.6 pub_fps=30.4 frames=228599 result_subs=1 roi=ok intrinsic=ok inference_age_ms=61 target=none transport=False sorting_thread=alive
16:02:31 [v4][heartbeat] enter=False sorting=False cam=LIVE ai=LIVE cam_fps=59.0 pub_fps=30.2 frames=228894 result_subs=1 roi=ok intrinsic=ok inference_age_ms=40 target=none transport=False sorting_thread=alive
16:02:36 [v4][heartbeat] enter=False sorting=False cam=LIVE ai=LIVE cam_fps=54.8 pub_fps=30.4 frames=229168 result_subs=1 roi=ok intrinsic=ok inference_age_ms=48 target=none transport=False sorting_thread=alive
16:02:41 [v4][heartbeat] enter=False sorting=False cam=LIVE ai=LIVE cam_fps=57.6 pub_fps=30.2 frames=229456 result_subs=1 roi=ok intrinsic=ok inference_age_ms=39 target=none transport=False sorting_thread=alive
16:02:46 [v4][heartbeat] enter=False sorting=False cam=LIVE ai=LIVE cam_fps=59.0 pub_fps=30.4 frames=229751 result_subs=1 roi=ok intrinsic=ok inference_age_ms=44 target=none transport=False sorting_thread=alive
16:02:51 [v4][heartbeat] enter=False sorting=False cam=LIVE ai=LIVE cam_fps=56.0 pub_fps=30.2 frames=230031 result_subs=1 roi=ok intrinsic=ok inference_age_ms=53 target=none transport=False sorting_thread=alive
16:02:56 [v4][heartbeat] enter=False sorting=False cam=LIVE ai=LIVE cam_fps=57.2 pub_fps=30.4 frames=230317 result_subs=1 roi=ok intrinsic=ok inference_age_ms=59 target=none transport=False sorting_thread=alive
16:03:01 [v4][heartbeat] enter=False sorting=False cam=LIVE ai=LIVE cam_fps=54.4 pub_fps=30.2 frames=230589 result_subs=1 roi=ok intrinsic=ok inference_age_ms=37 target=none transport=False sorting_thread=alive
16:03:06 [v4][heartbeat] enter=False sorting=False cam=LIVE ai=LIVE cam_fps=55.2 pub_fps=30.4 frames=230865 result_subs=1 roi=ok intrinsic=ok inference_age_ms=86 target=none transport=False sorting_thread=alive
16:03:11 [v4][heartbeat] enter=False sorting=False cam=LIVE ai=LIVE cam_fps=58.8 pub_fps=30.2 frames=231159 result_subs=1 roi=ok intrinsic=ok inference_age_ms=43 target=none transport=False sorting_thread=alive
16:03:16 [v4][heartbeat] enter=False sorting=False cam=LIVE ai=LIVE cam_fps=54.4 pub_fps=30.4 frames=231431 result_subs=1 roi=ok intrinsic=ok inference_age_ms=63 target=none transport=False sorting_thread=alive
16:03:21 [v4][heartbeat] enter=False sorting=False cam=LIVE ai=LIVE cam_fps=58.0 pub_fps=30.2 frames=231721 result_subs=1 roi=ok intrinsic=ok inference_age_ms=66 target=none transport=False sorting_thread=alive
16:03:26 [v4][heartbeat] enter=False sorting=False cam=LIVE ai=LIVE cam_fps=56.6 pub_fps=30.4 frames=232004 result_subs=1 roi=ok intrinsic=ok inference_age_ms=43 target=none transport=False sorting_thread=alive
16:03:31 [v4][heartbeat] enter=False sorting=False cam=LIVE ai=LIVE cam_fps=57.6 pub_fps=30.4 frames=232292 result_subs=1 roi=ok intrinsic=ok inference_age_ms=52 target=none transport=False sorting_thread=alive
16:03:36 [v4][heartbeat] enter=False sorting=False cam=LIVE ai=LIVE cam_fps=58.3 pub_fps=30.2 frames=232583 result_subs=1 roi=ok intrinsic=ok inference_age_ms=45 target=none transport=False sorting_thread=alive
16:03:41 [v4][heartbeat] enter=False sorting=False cam=LIVE ai=LIVE cam_fps=56.4 pub_fps=30.2 frames=232865 result_subs=1 roi=ok intrinsic=ok inference_age_ms=82 target=none transport=False sorting_thread=alive
16:03:46 [v4][heartbeat] enter=False sorting=False cam=LIVE ai=LIVE cam_fps=59.0 pub_fps=30.4 frames=233160 result_subs=1 roi=ok intrinsic=ok inference_age_ms=82 target=none transport=False sorting_thread=alive
16:03:51 [v4][heartbeat] enter=False sorting=False cam=LIVE ai=LIVE cam_fps=57.4 pub_fps=30.2 frames=233447 result_subs=1 roi=ok intrinsic=ok inference_age_ms=51 target=none transport=False sorting_thread=alive
16:03:56 [v4][heartbeat] enter=False sorting=False cam=LIVE ai=LIVE cam_fps=55.6 pub_fps=30.4 frames=233725 result_subs=1 roi=ok intrinsic=ok inference_age_ms=37 target=none transport=False sorting_thread=alive
16:04:01 [v4][heartbeat] enter=False sorting=False cam=LIVE ai=LIVE cam_fps=58.2 pub_fps=30.4 frames=234016 result_subs=1 roi=ok intrinsic=ok inference_age_ms=51 target=none transport=False sorting_thread=alive
16:04:06 [v4][heartbeat] enter=False sorting=False cam=LIVE ai=LIVE cam_fps=56.2 pub_fps=30.2 frames=234297 result_subs=1 roi=ok intrinsic=ok inference_age_ms=51 target=none transport=False sorting_thread=alive
16:04:11 [v4][heartbeat] enter=False sorting=False cam=LIVE ai=LIVE cam_fps=58.0 pub_fps=30.2 frames=234587 result_subs=1 roi=ok intrinsic=ok inference_age_ms=54 target=none transport=False sorting_thread=alive
16:04:16 [v4][heartbeat] enter=False sorting=False cam=LIVE ai=LIVE cam_fps=58.6 pub_fps=30.4 frames=234880 result_subs=1 roi=ok intrinsic=ok inference_age_ms=38 target=none transport=False sorting_thread=alive
16:04:21 [v4][heartbeat] enter=False sorting=False cam=LIVE ai=LIVE cam_fps=52.6 pub_fps=30.4 frames=235143 result_subs=1 roi=ok intrinsic=ok inference_age_ms=58 target=none transport=False sorting_thread=alive
16:04:26 [v4][heartbeat] enter=False sorting=False cam=LIVE ai=LIVE cam_fps=59.2 pub_fps=30.2 frames=235439 result_subs=1 roi=ok intrinsic=ok inference_age_ms=60 target=none transport=False sorting_thread=alive
16:04:31 [v4][heartbeat] enter=False sorting=False cam=LIVE ai=LIVE cam_fps=56.1 pub_fps=30.4 frames=235720 result_subs=1 roi=ok intrinsic=ok inference_age_ms=50 target=none transport=False sorting_thread=alive
16:04:36 [v4][heartbeat] enter=False sorting=False cam=LIVE ai=LIVE cam_fps=57.0 pub_fps=30.2 frames=236005 result_subs=1 roi=ok intrinsic=ok inference_age_ms=57 target=none transport=False sorting_thread=alive
16:04:41 [v4][heartbeat] enter=False sorting=False cam=LIVE ai=LIVE cam_fps=58.0 pub_fps=30.2 frames=236295 result_subs=1 roi=ok intrinsic=ok inference_age_ms=59 target=none transport=False sorting_thread=alive
16:04:46 [v4][heartbeat] enter=False sorting=False cam=LIVE ai=LIVE cam_fps=55.0 pub_fps=30.4 frames=236570 result_subs=1 roi=ok intrinsic=ok inference_age_ms=43 target=none transport=False sorting_thread=alive
16:04:51 [v4][heartbeat] enter=False sorting=False cam=LIVE ai=LIVE cam_fps=58.2 pub_fps=30.4 frames=236861 result_subs=1 roi=ok intrinsic=ok inference_age_ms=57 target=none transport=False sorting_thread=alive
16:04:56 [v4][heartbeat] enter=False sorting=False cam=LIVE ai=LIVE cam_fps=54.0 pub_fps=30.2 frames=237131 result_subs=1 roi=ok intrinsic=ok inference_age_ms=44 target=none transport=False sorting_thread=alive
16:05:01 [v4][heartbeat] enter=False sorting=False cam=LIVE ai=LIVE cam_fps=57.2 pub_fps=30.4 frames=237417 result_subs=1 roi=ok intrinsic=ok inference_age_ms=55 target=none transport=False sorting_thread=alive
16:05:06 [v4][heartbeat] enter=False sorting=False cam=LIVE ai=LIVE cam_fps=59.8 pub_fps=30.2 frames=237716 result_subs=1 roi=ok intrinsic=ok inference_age_ms=48 target=none transport=False sorting_thread=alive
16:05:11 [v4][heartbeat] enter=False sorting=False cam=LIVE ai=LIVE cam_fps=54.8 pub_fps=30.4 frames=237990 result_subs=1 roi=ok intrinsic=ok inference_age_ms=38 target=none transport=False sorting_thread=alive
16:05:16 [v4][heartbeat] enter=False sorting=False cam=LIVE ai=LIVE cam_fps=58.2 pub_fps=30.2 frames=238281 result_subs=1 roi=ok intrinsic=ok inference_age_ms=43 target=none transport=False sorting_thread=alive
16:05:21 [v4][heartbeat] enter=False sorting=False cam=LIVE ai=LIVE cam_fps=55.8 pub_fps=30.4 frames=238560 result_subs=1 roi=ok intrinsic=ok inference_age_ms=35 target=none transport=False sorting_thread=alive
16:05:26 [v4][heartbeat] enter=False sorting=False cam=LIVE ai=LIVE cam_fps=53.8 pub_fps=30.2 frames=238829 result_subs=1 roi=ok intrinsic=ok inference_age_ms=37 target=none transport=False sorting_thread=alive
16:05:31 [v4][heartbeat] enter=False sorting=False cam=LIVE ai=LIVE cam_fps=59.0 pub_fps=30.4 frames=239124 result_subs=1 roi=ok intrinsic=ok inference_age_ms=37 target=none transport=False sorting_thread=alive
16:05:36 [v4][heartbeat] enter=False sorting=False cam=LIVE ai=LIVE cam_fps=55.4 pub_fps=30.2 frames=239401 result_subs=1 roi=ok intrinsic=ok inference_age_ms=49 target=none transport=False sorting_thread=alive
16:05:41 [v4][heartbeat] enter=False sorting=False cam=LIVE ai=LIVE cam_fps=57.6 pub_fps=30.4 frames=239689 result_subs=1 roi=ok intrinsic=ok inference_age_ms=56 target=none transport=False sorting_thread=alive
16:05:46 [v4][heartbeat] enter=False sorting=False cam=LIVE ai=LIVE cam_fps=56.1 pub_fps=30.4 frames=239970 result_subs=1 roi=ok intrinsic=ok inference_age_ms=50 target=none transport=False sorting_thread=alive
16:05:51 [v4][heartbeat] enter=False sorting=False cam=LIVE ai=LIVE cam_fps=55.2 pub_fps=30.2 frames=240246 result_subs=1 roi=ok intrinsic=ok inference_age_ms=65 target=none transport=False sorting_thread=alive
16:05:56 [v4][heartbeat] enter=False sorting=False cam=LIVE ai=LIVE cam_fps=59.0 pub_fps=30.2 frames=240541 result_subs=1 roi=ok intrinsic=ok inference_age_ms=76 target=none transport=False sorting_thread=alive
16:06:01 [v4][heartbeat] enter=False sorting=False cam=LIVE ai=LIVE cam_fps=54.4 pub_fps=30.4 frames=240813 result_subs=1 roi=ok intrinsic=ok inference_age_ms=40 target=none transport=False sorting_thread=alive
16:06:06 [v4][heartbeat] enter=False sorting=False cam=LIVE ai=LIVE cam_fps=58.2 pub_fps=30.2 frames=241104 result_subs=1 roi=ok intrinsic=ok inference_age_ms=53 target=none transport=False sorting_thread=alive
16:06:11 [v4][heartbeat] enter=False sorting=False cam=LIVE ai=LIVE cam_fps=58.4 pub_fps=30.4 frames=241396 result_subs=1 roi=ok intrinsic=ok inference_age_ms=84 target=none transport=False sorting_thread=alive
16:06:16 [v4][heartbeat] enter=False sorting=False cam=LIVE ai=LIVE cam_fps=57.0 pub_fps=30.2 frames=241681 result_subs=1 roi=ok intrinsic=ok inference_age_ms=46 target=none transport=False sorting_thread=alive
16:06:21 [v4][heartbeat] enter=False sorting=False cam=LIVE ai=LIVE cam_fps=58.2 pub_fps=30.4 frames=241972 result_subs=1 roi=ok intrinsic=ok inference_age_ms=65 target=none transport=False sorting_thread=alive
16:06:26 [v4][heartbeat] enter=False sorting=False cam=LIVE ai=LIVE cam_fps=55.2 pub_fps=30.2 frames=242248 result_subs=1 roi=ok intrinsic=ok inference_age_ms=63 target=none transport=False sorting_thread=alive
16:06:31 [v4][heartbeat] enter=False sorting=False cam=LIVE ai=LIVE cam_fps=57.8 pub_fps=30.4 frames=242537 result_subs=1 roi=ok intrinsic=ok inference_age_ms=49 target=none transport=False sorting_thread=alive
16:06:36 [v4][heartbeat] enter=False sorting=False cam=LIVE ai=LIVE cam_fps=58.4 pub_fps=30.2 frames=242829 result_subs=1 roi=ok intrinsic=ok inference_age_ms=55 target=none transport=False sorting_thread=alive
16:06:41 [v4][heartbeat] enter=False sorting=False cam=LIVE ai=LIVE cam_fps=55.8 pub_fps=30.4 frames=243108 result_subs=1 roi=ok intrinsic=ok inference_age_ms=61 target=none transport=False sorting_thread=alive
16:06:46 [v4][heartbeat] enter=False sorting=False cam=LIVE ai=LIVE cam_fps=59.0 pub_fps=30.2 frames=243403 result_subs=1 roi=ok intrinsic=ok inference_age_ms=48 target=none transport=False sorting_thread=alive
16:06:51 [v4][heartbeat] enter=False sorting=False cam=LIVE ai=LIVE cam_fps=55.6 pub_fps=30.4 frames=243681 result_subs=1 roi=ok intrinsic=ok inference_age_ms=69 target=none transport=False sorting_thread=alive
16:06:56 [v4][heartbeat] enter=False sorting=False cam=LIVE ai=LIVE cam_fps=57.1 pub_fps=30.4 frames=243967 result_subs=1 roi=ok intrinsic=ok inference_age_ms=70 target=none transport=False sorting_thread=alive
16:07:01 [v4][heartbeat] enter=False sorting=False cam=LIVE ai=LIVE cam_fps=57.5 pub_fps=30.3 frames=244254 result_subs=1 roi=ok intrinsic=ok inference_age_ms=39 target=none transport=False sorting_thread=alive
16:07:06 [v4][heartbeat] enter=False sorting=False cam=LIVE ai=LIVE cam_fps=56.2 pub_fps=30.4 frames=244535 result_subs=1 roi=ok intrinsic=ok inference_age_ms=64 target=none transport=False sorting_thread=alive
16:07:11 [v4][heartbeat] enter=False sorting=False cam=LIVE ai=LIVE cam_fps=58.4 pub_fps=30.2 frames=244827 result_subs=1 roi=ok intrinsic=ok inference_age_ms=70 target=none transport=False sorting_thread=alive
16:07:16 [v4][heartbeat] enter=False sorting=False cam=LIVE ai=LIVE cam_fps=56.4 pub_fps=30.4 frames=245109 result_subs=1 roi=ok intrinsic=ok inference_age_ms=70 target=none transport=False sorting_thread=alive
16:07:21 [v4][heartbeat] enter=False sorting=False cam=LIVE ai=LIVE cam_fps=57.4 pub_fps=30.2 frames=245396 result_subs=1 roi=ok intrinsic=ok inference_age_ms=55 target=none transport=False sorting_thread=alive
16:07:26 [v4][heartbeat] enter=False sorting=False cam=LIVE ai=LIVE cam_fps=59.2 pub_fps=30.4 frames=245692 result_subs=1 roi=ok intrinsic=ok inference_age_ms=59 target=none transport=False sorting_thread=alive
16:07:31 [v4][heartbeat] enter=False sorting=False cam=LIVE ai=LIVE cam_fps=55.4 pub_fps=30.2 frames=245969 result_subs=1 roi=ok intrinsic=ok inference_age_ms=53 target=none transport=False sorting_thread=alive
16:07:36 [v4][heartbeat] enter=False sorting=False cam=LIVE ai=LIVE cam_fps=58.6 pub_fps=30.2 frames=246262 result_subs=1 roi=ok intrinsic=ok inference_age_ms=61 target=none transport=False sorting_thread=alive
16:07:41 [v4][heartbeat] enter=False sorting=False cam=LIVE ai=LIVE cam_fps=56.2 pub_fps=30.4 frames=246543 result_subs=1 roi=ok intrinsic=ok inference_age_ms=45 target=none transport=False sorting_thread=alive
16:07:46 [v4][heartbeat] enter=False sorting=False cam=LIVE ai=LIVE cam_fps=58.2 pub_fps=30.4 frames=246834 result_subs=1 roi=ok intrinsic=ok inference_age_ms=58 target=none transport=False sorting_thread=alive
16:07:51 [v4][heartbeat] enter=False sorting=False cam=LIVE ai=LIVE cam_fps=59.6 pub_fps=30.2 frames=247132 result_subs=1 roi=ok intrinsic=ok inference_age_ms=47 target=none transport=False sorting_thread=alive
16:07:56 [v4][heartbeat] enter=False sorting=False cam=LIVE ai=LIVE cam_fps=54.4 pub_fps=30.4 frames=247404 result_subs=1 roi=ok intrinsic=ok inference_age_ms=63 target=none transport=False sorting_thread=alive
16:08:01 [v4][heartbeat] enter=False sorting=False cam=LIVE ai=LIVE cam_fps=57.6 pub_fps=30.2 frames=247692 result_subs=1 roi=ok intrinsic=ok inference_age_ms=50 target=none transport=False sorting_thread=alive
16:08:06 [v4][heartbeat] enter=False sorting=False cam=LIVE ai=LIVE cam_fps=58.0 pub_fps=30.4 frames=247982 result_subs=1 roi=ok intrinsic=ok inference_age_ms=56 target=none transport=False sorting_thread=alive
16:08:11 [v4][heartbeat] enter=False sorting=False cam=LIVE ai=LIVE cam_fps=56.0 pub_fps=30.2 frames=248262 result_subs=1 roi=ok intrinsic=ok inference_age_ms=39 target=none transport=False sorting_thread=alive
16:08:16 [v4][heartbeat] enter=False sorting=False cam=LIVE ai=LIVE cam_fps=58.2 pub_fps=30.4 frames=248553 result_subs=1 roi=ok intrinsic=ok inference_age_ms=51 target=none transport=False sorting_thread=alive
16:08:21 [v4][heartbeat] enter=False sorting=False cam=LIVE ai=LIVE cam_fps=53.4 pub_fps=30.2 frames=248820 result_subs=1 roi=ok intrinsic=ok inference_age_ms=57 target=none transport=False sorting_thread=alive
16:08:26 [v4][heartbeat] enter=False sorting=False cam=LIVE ai=LIVE cam_fps=57.6 pub_fps=30.4 frames=249108 result_subs=1 roi=ok intrinsic=ok inference_age_ms=72 target=none transport=False sorting_thread=alive
16:08:31 [v4][heartbeat] enter=False sorting=False cam=LIVE ai=LIVE cam_fps=57.2 pub_fps=30.2 frames=249394 result_subs=1 roi=ok intrinsic=ok inference_age_ms=46 target=none transport=False sorting_thread=alive
16:08:36 [v4][heartbeat] enter=False sorting=False cam=LIVE ai=LIVE cam_fps=56.2 pub_fps=30.4 frames=249675 result_subs=1 roi=ok intrinsic=ok inference_age_ms=60 target=none transport=False sorting_thread=alive
16:08:41 [v4][heartbeat] enter=False sorting=False cam=LIVE ai=LIVE cam_fps=58.6 pub_fps=30.2 frames=249968 result_subs=1 roi=ok intrinsic=ok inference_age_ms=46 target=none transport=False sorting_thread=alive
16:08:46 [v4][heartbeat] enter=False sorting=False cam=LIVE ai=LIVE cam_fps=54.5 pub_fps=30.4 frames=250241 result_subs=1 roi=ok intrinsic=ok inference_age_ms=44 target=none transport=False sorting_thread=alive
16:08:51 [v4][heartbeat] enter=False sorting=False cam=LIVE ai=LIVE cam_fps=58.7 pub_fps=30.2 frames=250534 result_subs=1 roi=ok intrinsic=ok inference_age_ms=50 target=none transport=False sorting_thread=alive
16:08:56 [v4][heartbeat] enter=False sorting=False cam=LIVE ai=LIVE cam_fps=59.2 pub_fps=30.4 frames=250830 result_subs=1 roi=ok intrinsic=ok inference_age_ms=85 target=none transport=False sorting_thread=alive
16:09:01 [v4][heartbeat] enter=False sorting=False cam=LIVE ai=LIVE cam_fps=55.0 pub_fps=30.4 frames=251105 result_subs=1 roi=ok intrinsic=ok inference_age_ms=46 target=none transport=False sorting_thread=alive
16:09:06 [v4][heartbeat] enter=False sorting=False cam=LIVE ai=LIVE cam_fps=59.0 pub_fps=30.2 frames=251400 result_subs=1 roi=ok intrinsic=ok inference_age_ms=58 target=none transport=False sorting_thread=alive
16:09:11 [v4][heartbeat] enter=False sorting=False cam=LIVE ai=LIVE cam_fps=55.4 pub_fps=30.2 frames=251677 result_subs=1 roi=ok intrinsic=ok inference_age_ms=50 target=none transport=False sorting_thread=alive
16:09:16 [v4][heartbeat] enter=False sorting=False cam=LIVE ai=LIVE cam_fps=57.4 pub_fps=30.4 frames=251964 result_subs=1 roi=ok intrinsic=ok inference_age_ms=70 target=none transport=False sorting_thread=alive
16:09:21 [v4][heartbeat] enter=False sorting=False cam=LIVE ai=LIVE cam_fps=57.9 pub_fps=30.4 frames=252254 result_subs=1 roi=ok intrinsic=ok inference_age_ms=56 target=none transport=False sorting_thread=alive
16:09:26 [v4][heartbeat] enter=False sorting=False cam=LIVE ai=LIVE cam_fps=54.4 pub_fps=30.2 frames=252526 result_subs=1 roi=ok intrinsic=ok inference_age_ms=47 target=none transport=False sorting_thread=alive
16:09:31 [v4][heartbeat] enter=False sorting=False cam=LIVE ai=LIVE cam_fps=57.2 pub_fps=30.4 frames=252812 result_subs=1 roi=ok intrinsic=ok inference_age_ms=67 target=none transport=False sorting_thread=alive
16:09:36 [v4][heartbeat] enter=False sorting=False cam=LIVE ai=LIVE cam_fps=56.0 pub_fps=30.2 frames=253092 result_subs=1 roi=ok intrinsic=ok inference_age_ms=72 target=none transport=False sorting_thread=alive
16:09:41 [v4][heartbeat] enter=False sorting=False cam=LIVE ai=LIVE cam_fps=56.6 pub_fps=30.4 frames=253375 result_subs=1 roi=ok intrinsic=ok inference_age_ms=46 target=none transport=False sorting_thread=alive
16:09:46 [v4][heartbeat] enter=False sorting=False cam=LIVE ai=LIVE cam_fps=59.6 pub_fps=30.2 frames=253673 result_subs=1 roi=ok intrinsic=ok inference_age_ms=40 target=none transport=False sorting_thread=alive
16:09:51 [v4][heartbeat] enter=False sorting=False cam=LIVE ai=LIVE cam_fps=54.8 pub_fps=30.2 frames=253947 result_subs=1 roi=ok intrinsic=ok inference_age_ms=55 target=none transport=False sorting_thread=alive
16:09:56 [v4][heartbeat] enter=False sorting=False cam=LIVE ai=LIVE cam_fps=57.0 pub_fps=30.4 frames=254232 result_subs=1 roi=ok intrinsic=ok inference_age_ms=38 target=none transport=False sorting_thread=alive
16:10:01 [v4][heartbeat] enter=False sorting=False cam=LIVE ai=LIVE cam_fps=57.8 pub_fps=30.4 frames=254521 result_subs=1 roi=ok intrinsic=ok inference_age_ms=74 target=none transport=False sorting_thread=alive
16:10:06 [v4][heartbeat] enter=False sorting=False cam=LIVE ai=LIVE cam_fps=57.8 pub_fps=30.2 frames=254810 result_subs=1 roi=ok intrinsic=ok inference_age_ms=78 target=none transport=False sorting_thread=alive
16:10:11 [v4][heartbeat] enter=False sorting=False cam=LIVE ai=LIVE cam_fps=59.0 pub_fps=30.4 frames=255105 result_subs=1 roi=ok intrinsic=ok inference_age_ms=62 target=none transport=False sorting_thread=alive
16:10:16 [v4][heartbeat] enter=False sorting=False cam=LIVE ai=LIVE cam_fps=57.8 pub_fps=30.2 frames=255394 result_subs=1 roi=ok intrinsic=ok inference_age_ms=75 target=none transport=False sorting_thread=alive
16:10:21 [v4][heartbeat] enter=False sorting=False cam=LIVE ai=LIVE cam_fps=58.8 pub_fps=30.4 frames=255688 result_subs=1 roi=ok intrinsic=ok inference_age_ms=51 target=none transport=False sorting_thread=alive
16:10:26 [v4][heartbeat] enter=False sorting=False cam=LIVE ai=LIVE cam_fps=58.4 pub_fps=30.2 frames=255980 result_subs=1 roi=ok intrinsic=ok inference_age_ms=40 target=none transport=False sorting_thread=alive
16:10:31 [v4][heartbeat] enter=False sorting=False cam=LIVE ai=LIVE cam_fps=56.4 pub_fps=30.4 frames=256262 result_subs=1 roi=ok intrinsic=ok inference_age_ms=52 target=none transport=False sorting_thread=alive
16:10:36 [v4][heartbeat] enter=False sorting=False cam=LIVE ai=LIVE cam_fps=57.6 pub_fps=30.2 frames=256550 result_subs=1 roi=ok intrinsic=ok inference_age_ms=64 target=none transport=False sorting_thread=alive
16:10:41 [v4][heartbeat] enter=False sorting=False cam=LIVE ai=LIVE cam_fps=55.8 pub_fps=30.4 frames=256829 result_subs=1 roi=ok intrinsic=ok inference_age_ms=52 target=none transport=False sorting_thread=alive
16:10:46 [v4][heartbeat] enter=False sorting=False cam=LIVE ai=LIVE cam_fps=57.4 pub_fps=30.2 frames=257116 result_subs=1 roi=ok intrinsic=ok inference_age_ms=52 target=none transport=False sorting_thread=alive
16:10:51 [v4][heartbeat] enter=False sorting=False cam=LIVE ai=LIVE cam_fps=59.0 pub_fps=30.4 frames=257411 result_subs=1 roi=ok intrinsic=ok inference_age_ms=63 target=none transport=False sorting_thread=alive
16:10:56 [v4][heartbeat] enter=False sorting=False cam=LIVE ai=LIVE cam_fps=55.4 pub_fps=30.2 frames=257688 result_subs=1 roi=ok intrinsic=ok inference_age_ms=68 target=none transport=False sorting_thread=alive
16:11:01 [v4][heartbeat] enter=False sorting=False cam=LIVE ai=LIVE cam_fps=57.2 pub_fps=30.4 frames=257974 result_subs=1 roi=ok intrinsic=ok inference_age_ms=85 target=none transport=False sorting_thread=alive
16:11:06 [v4][heartbeat] enter=False sorting=False cam=LIVE ai=LIVE cam_fps=56.4 pub_fps=30.2 frames=258256 result_subs=1 roi=ok intrinsic=ok inference_age_ms=81 target=none transport=False sorting_thread=alive
16:11:11 [v4][heartbeat] enter=False sorting=False cam=LIVE ai=LIVE cam_fps=57.6 pub_fps=30.4 frames=258544 result_subs=1 roi=ok intrinsic=ok inference_age_ms=33 target=none transport=False sorting_thread=alive
16:11:16 [v4][heartbeat] enter=False sorting=False cam=LIVE ai=LIVE cam_fps=58.4 pub_fps=30.4 frames=258836 result_subs=1 roi=ok intrinsic=ok inference_age_ms=47 target=none transport=False sorting_thread=alive
16:11:21 [v4][heartbeat] enter=False sorting=False cam=LIVE ai=LIVE cam_fps=55.0 pub_fps=30.2 frames=259111 result_subs=1 roi=ok intrinsic=ok inference_age_ms=61 target=none transport=False sorting_thread=alive
16:11:26 [v4][heartbeat] enter=False sorting=False cam=LIVE ai=LIVE cam_fps=58.8 pub_fps=30.4 frames=259405 result_subs=1 roi=ok intrinsic=ok inference_age_ms=71 target=none transport=False sorting_thread=alive
16:11:31 [v4][heartbeat] enter=False sorting=False cam=LIVE ai=LIVE cam_fps=54.8 pub_fps=30.2 frames=259679 result_subs=1 roi=ok intrinsic=ok inference_age_ms=49 target=none transport=False sorting_thread=alive
16:11:36 [v4][heartbeat] enter=False sorting=False cam=LIVE ai=LIVE cam_fps=58.0 pub_fps=30.2 frames=259969 result_subs=1 roi=ok intrinsic=ok inference_age_ms=54 target=none transport=False sorting_thread=alive
16:11:41 [v4][heartbeat] enter=False sorting=False cam=LIVE ai=LIVE cam_fps=59.2 pub_fps=30.4 frames=260265 result_subs=1 roi=ok intrinsic=ok inference_age_ms=100 target=none transport=False sorting_thread=alive
16:11:46 [v4][heartbeat] enter=False sorting=False cam=LIVE ai=LIVE cam_fps=55.6 pub_fps=30.2 frames=260543 result_subs=1 roi=ok intrinsic=ok inference_age_ms=52 target=none transport=False sorting_thread=alive
16:11:51 [v4][heartbeat] enter=False sorting=False cam=LIVE ai=LIVE cam_fps=58.8 pub_fps=30.4 frames=260837 result_subs=1 roi=ok intrinsic=ok inference_age_ms=61 target=none transport=False sorting_thread=alive
16:11:56 [v4][heartbeat] enter=False sorting=False cam=LIVE ai=LIVE cam_fps=56.2 pub_fps=30.4 frames=261118 result_subs=1 roi=ok intrinsic=ok inference_age_ms=40 target=none transport=False sorting_thread=alive
16:12:01 [v4][heartbeat] enter=False sorting=False cam=LIVE ai=LIVE cam_fps=56.8 pub_fps=30.2 frames=261402 result_subs=1 roi=ok intrinsic=ok inference_age_ms=45 target=none transport=False sorting_thread=alive
16:12:06 [v4][heartbeat] enter=False sorting=False cam=LIVE ai=LIVE cam_fps=58.6 pub_fps=30.2 frames=261695 result_subs=1 roi=ok intrinsic=ok inference_age_ms=80 target=none transport=False sorting_thread=alive
16:12:11 [v4][heartbeat] enter=False sorting=False cam=LIVE ai=LIVE cam_fps=54.4 pub_fps=30.4 frames=261967 result_subs=1 roi=ok intrinsic=ok inference_age_ms=73 target=none transport=False sorting_thread=alive
16:12:16 [v4][heartbeat] enter=False sorting=False cam=LIVE ai=LIVE cam_fps=58.8 pub_fps=30.4 frames=262261 result_subs=1 roi=ok intrinsic=ok inference_age_ms=70 target=none transport=False sorting_thread=alive
16:12:21 [v4][heartbeat] enter=False sorting=False cam=LIVE ai=LIVE cam_fps=55.2 pub_fps=30.2 frames=262537 result_subs=1 roi=ok intrinsic=ok inference_age_ms=57 target=none transport=False sorting_thread=alive
16:12:26 [v4][heartbeat] enter=False sorting=False cam=LIVE ai=LIVE cam_fps=55.8 pub_fps=30.4 frames=262816 result_subs=1 roi=ok intrinsic=ok inference_age_ms=78 target=none transport=False sorting_thread=alive
16:12:31 [v4][heartbeat] enter=False sorting=False cam=LIVE ai=LIVE cam_fps=58.0 pub_fps=30.2 frames=263106 result_subs=1 roi=ok intrinsic=ok inference_age_ms=38 target=none transport=False sorting_thread=alive
16:12:36 [v4][heartbeat] enter=False sorting=False cam=LIVE ai=LIVE cam_fps=55.0 pub_fps=30.2 frames=263381 result_subs=1 roi=ok intrinsic=ok inference_age_ms=48 target=none transport=False sorting_thread=alive
16:12:41 [v4][heartbeat] enter=False sorting=False cam=LIVE ai=LIVE cam_fps=59.2 pub_fps=30.4 frames=263677 result_subs=1 roi=ok intrinsic=ok inference_age_ms=52 target=none transport=False sorting_thread=alive
16:12:46 [v4][heartbeat] enter=False sorting=False cam=LIVE ai=LIVE cam_fps=57.6 pub_fps=30.4 frames=263965 result_subs=1 roi=ok intrinsic=ok inference_age_ms=55 target=none transport=False sorting_thread=alive
16:12:51 [v4][heartbeat] enter=False sorting=False cam=LIVE ai=LIVE cam_fps=57.4 pub_fps=30.2 frames=264252 result_subs=1 roi=ok intrinsic=ok inference_age_ms=68 target=none transport=False sorting_thread=alive
16:12:56 [v4][heartbeat] enter=False sorting=False cam=LIVE ai=LIVE cam_fps=59.8 pub_fps=30.4 frames=264551 result_subs=1 roi=ok intrinsic=ok inference_age_ms=34 target=none transport=False sorting_thread=alive
16:13:01 [v4][heartbeat] enter=False sorting=False cam=LIVE ai=LIVE cam_fps=56.4 pub_fps=30.2 frames=264833 result_subs=1 roi=ok intrinsic=ok inference_age_ms=45 target=none transport=False sorting_thread=alive
16:13:06 [v4][heartbeat] enter=False sorting=False cam=LIVE ai=LIVE cam_fps=56.0 pub_fps=30.4 frames=265113 result_subs=1 roi=ok intrinsic=ok inference_age_ms=38 target=none transport=False sorting_thread=alive
16:13:11 [v4][heartbeat] enter=False sorting=False cam=LIVE ai=LIVE cam_fps=56.8 pub_fps=30.2 frames=265397 result_subs=1 roi=ok intrinsic=ok inference_age_ms=39 target=none transport=False sorting_thread=alive
16:13:16 [v4][heartbeat] enter=False sorting=False cam=LIVE ai=LIVE cam_fps=55.8 pub_fps=30.4 frames=265676 result_subs=1 roi=ok intrinsic=ok inference_age_ms=67 target=none transport=False sorting_thread=alive
16:13:21 [v4][heartbeat] enter=False sorting=False cam=LIVE ai=LIVE cam_fps=59.0 pub_fps=30.2 frames=265971 result_subs=1 roi=ok intrinsic=ok inference_age_ms=34 target=none transport=False sorting_thread=alive
16:13:26 [v4][heartbeat] enter=False sorting=False cam=LIVE ai=LIVE cam_fps=55.0 pub_fps=30.4 frames=266246 result_subs=1 roi=ok intrinsic=ok inference_age_ms=68 target=none transport=False sorting_thread=alive
16:13:31 [v4][heartbeat] enter=False sorting=False cam=LIVE ai=LIVE cam_fps=56.6 pub_fps=30.2 frames=266529 result_subs=1 roi=ok intrinsic=ok inference_age_ms=47 target=none transport=False sorting_thread=alive
16:13:36 [v4][heartbeat] enter=False sorting=False cam=LIVE ai=LIVE cam_fps=57.8 pub_fps=30.4 frames=266818 result_subs=1 roi=ok intrinsic=ok inference_age_ms=60 target=none transport=False sorting_thread=alive
16:13:41 [v4][heartbeat] enter=False sorting=False cam=LIVE ai=LIVE cam_fps=56.8 pub_fps=30.2 frames=267102 result_subs=1 roi=ok intrinsic=ok inference_age_ms=45 target=none transport=False sorting_thread=alive
16:13:46 [v4][heartbeat] enter=False sorting=False cam=LIVE ai=LIVE cam_fps=58.8 pub_fps=30.4 frames=267396 result_subs=1 roi=ok intrinsic=ok inference_age_ms=53 target=none transport=False sorting_thread=alive
16:13:51 [v4][heartbeat] enter=False sorting=False cam=LIVE ai=LIVE cam_fps=55.8 pub_fps=30.2 frames=267675 result_subs=1 roi=ok intrinsic=ok inference_age_ms=45 target=none transport=False sorting_thread=alive
16:13:56 [v4][heartbeat] enter=False sorting=False cam=LIVE ai=LIVE cam_fps=59.4 pub_fps=30.4 frames=267972 result_subs=1 roi=ok intrinsic=ok inference_age_ms=74 target=none transport=False sorting_thread=alive
16:14:01 [v4][heartbeat] enter=False sorting=False cam=LIVE ai=LIVE cam_fps=58.2 pub_fps=30.4 frames=268263 result_subs=1 roi=ok intrinsic=ok inference_age_ms=45 target=none transport=False sorting_thread=alive
16:14:06 [v4][heartbeat] enter=False sorting=False cam=LIVE ai=LIVE cam_fps=56.0 pub_fps=30.2 frames=268543 result_subs=1 roi=ok intrinsic=ok inference_age_ms=61 target=none transport=False sorting_thread=alive
16:14:11 [v4][heartbeat] enter=False sorting=False cam=LIVE ai=LIVE cam_fps=58.4 pub_fps=30.2 frames=268835 result_subs=1 roi=ok intrinsic=ok inference_age_ms=72 target=none transport=False sorting_thread=alive
16:14:16 [v4][heartbeat] enter=False sorting=False cam=LIVE ai=LIVE cam_fps=57.0 pub_fps=30.4 frames=269120 result_subs=1 roi=ok intrinsic=ok inference_age_ms=59 target=none transport=False sorting_thread=alive
16:14:21 [v4][heartbeat] enter=False sorting=False cam=LIVE ai=LIVE cam_fps=55.6 pub_fps=30.2 frames=269398 result_subs=1 roi=ok intrinsic=ok inference_age_ms=65 target=none transport=False sorting_thread=alive
16:14:26 [v4][heartbeat] enter=False sorting=False cam=LIVE ai=LIVE cam_fps=58.8 pub_fps=30.4 frames=269692 result_subs=1 roi=ok intrinsic=ok inference_age_ms=62 target=none transport=False sorting_thread=alive
16:14:31 [v4][heartbeat] enter=False sorting=False cam=LIVE ai=LIVE cam_fps=55.2 pub_fps=30.2 frames=269968 result_subs=1 roi=ok intrinsic=ok inference_age_ms=61 target=none transport=False sorting_thread=alive
16:14:36 [v4][heartbeat] enter=False sorting=False cam=LIVE ai=LIVE cam_fps=57.6 pub_fps=30.4 frames=270256 result_subs=1 roi=ok intrinsic=ok inference_age_ms=64 target=none transport=False sorting_thread=alive
16:14:41 [v4][heartbeat] enter=False sorting=False cam=LIVE ai=LIVE cam_fps=56.2 pub_fps=30.4 frames=270537 result_subs=1 roi=ok intrinsic=ok inference_age_ms=39 target=none transport=False sorting_thread=alive
16:14:46 [v4][heartbeat] enter=False sorting=False cam=LIVE ai=LIVE cam_fps=57.6 pub_fps=30.2 frames=270825 result_subs=1 roi=ok intrinsic=ok inference_age_ms=52 target=none transport=False sorting_thread=alive
16:14:51 [v4][heartbeat] enter=False sorting=False cam=LIVE ai=LIVE cam_fps=59.2 pub_fps=30.2 frames=271121 result_subs=1 roi=ok intrinsic=ok inference_age_ms=52 target=none transport=False sorting_thread=alive
16:14:56 [v4][heartbeat] enter=False sorting=False cam=LIVE ai=LIVE cam_fps=55.8 pub_fps=30.4 frames=271400 result_subs=1 roi=ok intrinsic=ok inference_age_ms=65 target=none transport=False sorting_thread=alive
16:15:01 [v4][heartbeat] enter=False sorting=False cam=LIVE ai=LIVE cam_fps=56.6 pub_fps=30.4 frames=271683 result_subs=1 roi=ok intrinsic=ok inference_age_ms=54 target=none transport=False sorting_thread=alive
16:15:06 [v4][heartbeat] enter=False sorting=False cam=LIVE ai=LIVE cam_fps=57.6 pub_fps=30.2 frames=271971 result_subs=1 roi=ok intrinsic=ok inference_age_ms=37 target=none transport=False sorting_thread=alive
16:15:11 [v4][heartbeat] enter=False sorting=False cam=LIVE ai=LIVE cam_fps=56.2 pub_fps=30.4 frames=272252 result_subs=1 roi=ok intrinsic=ok inference_age_ms=42 target=none transport=False sorting_thread=alive
16:15:16 [v4][heartbeat] enter=False sorting=False cam=LIVE ai=LIVE cam_fps=59.4 pub_fps=30.2 frames=272549 result_subs=1 roi=ok intrinsic=ok inference_age_ms=77 target=none transport=False sorting_thread=alive
16:15:21 [v4][heartbeat] enter=False sorting=False cam=LIVE ai=LIVE cam_fps=55.4 pub_fps=30.2 frames=272826 result_subs=1 roi=ok intrinsic=ok inference_age_ms=53 target=none transport=False sorting_thread=alive
16:15:26 [v4][heartbeat] enter=False sorting=False cam=LIVE ai=LIVE cam_fps=57.4 pub_fps=30.4 frames=273113 result_subs=1 roi=ok intrinsic=ok inference_age_ms=41 target=none transport=False sorting_thread=alive
16:15:31 [v4][heartbeat] enter=False sorting=False cam=LIVE ai=LIVE cam_fps=56.8 pub_fps=30.4 frames=273397 result_subs=1 roi=ok intrinsic=ok inference_age_ms=48 target=none transport=False sorting_thread=alive
16:15:36 [v4][heartbeat] enter=False sorting=False cam=LIVE ai=LIVE cam_fps=56.2 pub_fps=30.2 frames=273678 result_subs=1 roi=ok intrinsic=ok inference_age_ms=71 target=none transport=False sorting_thread=alive
16:15:41 [v4][heartbeat] enter=False sorting=False cam=LIVE ai=LIVE cam_fps=58.4 pub_fps=30.4 frames=273970 result_subs=1 roi=ok intrinsic=ok inference_age_ms=44 target=none transport=False sorting_thread=alive
16:15:46 [v4][heartbeat] enter=False sorting=False cam=LIVE ai=LIVE cam_fps=54.2 pub_fps=30.2 frames=274241 result_subs=1 roi=ok intrinsic=ok inference_age_ms=49 target=none transport=False sorting_thread=alive
16:15:51 [v4][heartbeat] enter=False sorting=False cam=LIVE ai=LIVE cam_fps=58.4 pub_fps=30.4 frames=274533 result_subs=1 roi=ok intrinsic=ok inference_age_ms=57 target=none transport=False sorting_thread=alive
16:15:56 [v4][heartbeat] enter=False sorting=False cam=LIVE ai=LIVE cam_fps=58.8 pub_fps=30.2 frames=274827 result_subs=1 roi=ok intrinsic=ok inference_age_ms=43 target=none transport=False sorting_thread=alive
16:16:01 [v4][heartbeat] enter=False sorting=False cam=LIVE ai=LIVE cam_fps=54.4 pub_fps=30.4 frames=275099 result_subs=1 roi=ok intrinsic=ok inference_age_ms=51 target=none transport=False sorting_thread=alive
16:16:06 [v4][heartbeat] enter=False sorting=False cam=LIVE ai=LIVE cam_fps=58.8 pub_fps=30.2 frames=275393 result_subs=1 roi=ok intrinsic=ok inference_age_ms=64 target=none transport=False sorting_thread=alive
16:16:11 [v4][heartbeat] enter=False sorting=False cam=LIVE ai=LIVE cam_fps=56.8 pub_fps=30.4 frames=275677 result_subs=1 roi=ok intrinsic=ok inference_age_ms=72 target=none transport=False sorting_thread=alive
16:16:16 [v4][heartbeat] enter=False sorting=False cam=LIVE ai=LIVE cam_fps=56.6 pub_fps=30.4 frames=275960 result_subs=1 roi=ok intrinsic=ok inference_age_ms=58 target=none transport=False sorting_thread=alive
16:16:21 [v4][heartbeat] enter=False sorting=False cam=LIVE ai=LIVE cam_fps=58.8 pub_fps=30.2 frames=276254 result_subs=1 roi=ok intrinsic=ok inference_age_ms=63 target=none transport=False sorting_thread=alive
16:16:26 [v4][heartbeat] enter=False sorting=False cam=LIVE ai=LIVE cam_fps=54.8 pub_fps=30.2 frames=276528 result_subs=1 roi=ok intrinsic=ok inference_age_ms=40 target=none transport=False sorting_thread=alive
16:16:31 [v4][heartbeat] enter=False sorting=False cam=LIVE ai=LIVE cam_fps=59.0 pub_fps=30.4 frames=276823 result_subs=1 roi=ok intrinsic=ok inference_age_ms=51 target=none transport=False sorting_thread=alive
16:16:36 [v4][heartbeat] enter=False sorting=False cam=LIVE ai=LIVE cam_fps=56.2 pub_fps=30.2 frames=277104 result_subs=1 roi=ok intrinsic=ok inference_age_ms=44 target=none transport=False sorting_thread=alive
16:16:41 [v4][heartbeat] enter=False sorting=False cam=LIVE ai=LIVE cam_fps=56.4 pub_fps=30.4 frames=277386 result_subs=1 roi=ok intrinsic=ok inference_age_ms=69 target=none transport=False sorting_thread=alive
16:16:46 [v4][heartbeat] enter=False sorting=False cam=LIVE ai=LIVE cam_fps=59.4 pub_fps=30.2 frames=277683 result_subs=1 roi=ok intrinsic=ok inference_age_ms=58 target=none transport=False sorting_thread=alive
16:16:51 [v4][heartbeat] enter=False sorting=False cam=LIVE ai=LIVE cam_fps=55.6 pub_fps=30.4 frames=277961 result_subs=1 roi=ok intrinsic=ok inference_age_ms=64 target=none transport=False sorting_thread=alive
16:16:56 [v4][heartbeat] enter=False sorting=False cam=LIVE ai=LIVE cam_fps=58.0 pub_fps=30.2 frames=278251 result_subs=1 roi=ok intrinsic=ok inference_age_ms=67 target=none transport=False sorting_thread=alive
16:17:01 [v4][heartbeat] enter=False sorting=False cam=LIVE ai=LIVE cam_fps=58.2 pub_fps=30.4 frames=278542 result_subs=1 roi=ok intrinsic=ok inference_age_ms=88 target=none transport=False sorting_thread=alive
16:17:06 [v4][heartbeat] enter=False sorting=False cam=LIVE ai=LIVE cam_fps=56.6 pub_fps=30.4 frames=278825 result_subs=1 roi=ok intrinsic=ok inference_age_ms=72 target=none transport=False sorting_thread=alive
16:17:11 [v4][heartbeat] enter=False sorting=False cam=LIVE ai=LIVE cam_fps=57.8 pub_fps=30.2 frames=279114 result_subs=1 roi=ok intrinsic=ok inference_age_ms=59 target=none transport=False sorting_thread=alive
16:17:16 [v4][heartbeat] enter=False sorting=False cam=LIVE ai=LIVE cam_fps=55.5 pub_fps=30.4 frames=279392 result_subs=1 roi=ok intrinsic=ok inference_age_ms=53 target=none transport=False sorting_thread=alive
16:17:21 [v4][heartbeat] enter=False sorting=False cam=LIVE ai=LIVE cam_fps=58.1 pub_fps=30.2 frames=279682 result_subs=1 roi=ok intrinsic=ok inference_age_ms=64 target=none transport=False sorting_thread=alive
16:17:26 [v4][heartbeat] enter=False sorting=False cam=LIVE ai=LIVE cam_fps=56.8 pub_fps=30.2 frames=279966 result_subs=1 roi=ok intrinsic=ok inference_age_ms=39 target=none transport=False sorting_thread=alive
16:17:31 [v4][heartbeat] enter=False sorting=False cam=LIVE ai=LIVE cam_fps=55.6 pub_fps=30.4 frames=280244 result_subs=1 roi=ok intrinsic=ok inference_age_ms=61 target=none transport=False sorting_thread=alive
16:17:36 [v4][heartbeat] enter=False sorting=False cam=LIVE ai=LIVE cam_fps=58.6 pub_fps=30.4 frames=280537 result_subs=1 roi=ok intrinsic=ok inference_age_ms=56 target=none transport=False sorting_thread=alive
16:17:41 [v4][heartbeat] enter=False sorting=False cam=LIVE ai=LIVE cam_fps=55.6 pub_fps=30.2 frames=280815 result_subs=1 roi=ok intrinsic=ok inference_age_ms=45 target=none transport=False sorting_thread=alive
16:17:46 [v4][heartbeat] enter=False sorting=False cam=LIVE ai=LIVE cam_fps=58.6 pub_fps=30.4 frames=281108 result_subs=1 roi=ok intrinsic=ok inference_age_ms=80 target=none transport=False sorting_thread=alive
16:17:51 [v4][heartbeat] enter=False sorting=False cam=LIVE ai=LIVE cam_fps=57.2 pub_fps=30.2 frames=281394 result_subs=1 roi=ok intrinsic=ok inference_age_ms=71 target=none transport=False sorting_thread=alive
16:17:56 [v4][heartbeat] enter=False sorting=False cam=LIVE ai=LIVE cam_fps=55.2 pub_fps=30.4 frames=281670 result_subs=1 roi=ok intrinsic=ok inference_age_ms=76 target=none transport=False sorting_thread=alive
16:18:01 [v4][heartbeat] enter=False sorting=False cam=LIVE ai=LIVE cam_fps=59.6 pub_fps=30.2 frames=281968 result_subs=1 roi=ok intrinsic=ok inference_age_ms=76 target=none transport=False sorting_thread=alive
16:18:06 [v4][heartbeat] enter=False sorting=False cam=LIVE ai=LIVE cam_fps=54.6 pub_fps=30.4 frames=282241 result_subs=1 roi=ok intrinsic=ok inference_age_ms=59 target=none transport=False sorting_thread=alive
16:18:11 [v4][heartbeat] enter=False sorting=False cam=LIVE ai=LIVE cam_fps=56.0 pub_fps=30.2 frames=282521 result_subs=1 roi=ok intrinsic=ok inference_age_ms=78 target=none transport=False sorting_thread=alive
16:18:16 [v4][heartbeat] enter=False sorting=False cam=LIVE ai=LIVE cam_fps=58.1 pub_fps=30.4 frames=282812 result_subs=1 roi=ok intrinsic=ok inference_age_ms=60 target=none transport=False sorting_thread=alive
16:18:21 [v4][heartbeat] enter=False sorting=False cam=LIVE ai=LIVE cam_fps=55.6 pub_fps=30.2 frames=283090 result_subs=1 roi=ok intrinsic=ok inference_age_ms=36 target=none transport=False sorting_thread=alive
16:18:26 [v4][heartbeat] enter=False sorting=False cam=LIVE ai=LIVE cam_fps=59.2 pub_fps=30.4 frames=283386 result_subs=1 roi=ok intrinsic=ok inference_age_ms=76 target=none transport=False sorting_thread=alive
16:18:31 [v4][heartbeat] enter=False sorting=False cam=LIVE ai=LIVE cam_fps=56.2 pub_fps=30.2 frames=283667 result_subs=1 roi=ok intrinsic=ok inference_age_ms=47 target=none transport=False sorting_thread=alive
16:18:36 [v4][heartbeat] enter=False sorting=False cam=LIVE ai=LIVE cam_fps=57.0 pub_fps=30.4 frames=283952 result_subs=1 roi=ok intrinsic=ok inference_age_ms=53 target=none transport=False sorting_thread=alive
16:18:41 [v4][heartbeat] enter=False sorting=False cam=LIVE ai=LIVE cam_fps=58.2 pub_fps=30.2 frames=284243 result_subs=1 roi=ok intrinsic=ok inference_age_ms=69 target=none transport=False sorting_thread=alive
16:18:46 [v4][heartbeat] enter=False sorting=False cam=LIVE ai=LIVE cam_fps=56.6 pub_fps=30.4 frames=284526 result_subs=1 roi=ok intrinsic=ok inference_age_ms=52 target=none transport=False sorting_thread=alive
16:18:51 [v4][heartbeat] enter=False sorting=False cam=LIVE ai=LIVE cam_fps=59.0 pub_fps=30.2 frames=284821 result_subs=1 roi=ok intrinsic=ok inference_age_ms=41 target=none transport=False sorting_thread=alive
16:18:56 [v4][heartbeat] enter=False sorting=False cam=LIVE ai=LIVE cam_fps=57.4 pub_fps=30.4 frames=285108 result_subs=1 roi=ok intrinsic=ok inference_age_ms=36 target=none transport=False sorting_thread=alive
16:19:01 [v4][heartbeat] enter=False sorting=False cam=LIVE ai=LIVE cam_fps=56.0 pub_fps=30.2 frames=285388 result_subs=1 roi=ok intrinsic=ok inference_age_ms=72 target=none transport=False sorting_thread=alive
16:19:06 [v4][heartbeat] enter=False sorting=False cam=LIVE ai=LIVE cam_fps=59.2 pub_fps=30.4 frames=285684 result_subs=1 roi=ok intrinsic=ok inference_age_ms=63 target=none transport=False sorting_thread=alive
16:19:11 [v4][heartbeat] enter=False sorting=False cam=LIVE ai=LIVE cam_fps=55.0 pub_fps=30.2 frames=285959 result_subs=1 roi=ok intrinsic=ok inference_age_ms=45 target=none transport=False sorting_thread=alive
16:19:16 [v4][heartbeat] enter=False sorting=False cam=LIVE ai=LIVE cam_fps=58.2 pub_fps=30.4 frames=286250 result_subs=1 roi=ok intrinsic=ok inference_age_ms=61 target=none transport=False sorting_thread=alive
16:19:21 [v4][heartbeat] enter=False sorting=False cam=LIVE ai=LIVE cam_fps=57.4 pub_fps=30.2 frames=286537 result_subs=1 roi=ok intrinsic=ok inference_age_ms=57 target=none transport=False sorting_thread=alive
16:19:26 [v4][heartbeat] enter=False sorting=False cam=LIVE ai=LIVE cam_fps=55.4 pub_fps=30.4 frames=286814 result_subs=1 roi=ok intrinsic=ok inference_age_ms=44 target=none transport=False sorting_thread=alive
16:19:31 [v4][heartbeat] enter=False sorting=False cam=LIVE ai=LIVE cam_fps=59.4 pub_fps=30.2 frames=287111 result_subs=1 roi=ok intrinsic=ok inference_age_ms=64 target=none transport=False sorting_thread=alive
16:19:36 [v4][heartbeat] enter=False sorting=False cam=LIVE ai=LIVE cam_fps=56.4 pub_fps=30.4 frames=287393 result_subs=1 roi=ok intrinsic=ok inference_age_ms=40 target=none transport=False sorting_thread=alive
16:19:41 [v4][heartbeat] enter=False sorting=False cam=LIVE ai=LIVE cam_fps=57.9 pub_fps=30.4 frames=287683 result_subs=1 roi=ok intrinsic=ok inference_age_ms=52 target=none transport=False sorting_thread=alive
16:19:46 [v4][heartbeat] enter=False sorting=False cam=LIVE ai=LIVE cam_fps=57.9 pub_fps=30.3 frames=287972 result_subs=1 roi=ok intrinsic=ok inference_age_ms=33 target=none transport=False sorting_thread=alive
16:19:51 [v4][heartbeat] enter=False sorting=False cam=LIVE ai=LIVE cam_fps=55.8 pub_fps=30.2 frames=288251 result_subs=1 roi=ok intrinsic=ok inference_age_ms=61 target=none transport=False sorting_thread=alive
16:19:56 [v4][heartbeat] enter=False sorting=False cam=LIVE ai=LIVE cam_fps=58.4 pub_fps=30.4 frames=288543 result_subs=1 roi=ok intrinsic=ok inference_age_ms=73 target=none transport=False sorting_thread=alive
16:20:01 [v4][heartbeat] enter=False sorting=False cam=LIVE ai=LIVE cam_fps=55.0 pub_fps=30.2 frames=288818 result_subs=1 roi=ok intrinsic=ok inference_age_ms=53 target=none transport=False sorting_thread=alive
16:20:06 [v4][heartbeat] enter=False sorting=False cam=LIVE ai=LIVE cam_fps=56.8 pub_fps=30.4 frames=289102 result_subs=1 roi=ok intrinsic=ok inference_age_ms=61 target=none transport=False sorting_thread=alive
16:20:11 [v4][heartbeat] enter=False sorting=False cam=LIVE ai=LIVE cam_fps=55.8 pub_fps=30.4 frames=289381 result_subs=1 roi=ok intrinsic=ok inference_age_ms=63 target=none transport=False sorting_thread=alive
16:20:16 [v4][heartbeat] enter=False sorting=False cam=LIVE ai=LIVE cam_fps=57.4 pub_fps=30.2 frames=289668 result_subs=1 roi=ok intrinsic=ok inference_age_ms=56 target=none transport=False sorting_thread=alive
16:20:21 [v4][heartbeat] enter=False sorting=False cam=LIVE ai=LIVE cam_fps=58.4 pub_fps=30.2 frames=289960 result_subs=1 roi=ok intrinsic=ok inference_age_ms=46 target=none transport=False sorting_thread=alive
16:20:26 [v4][heartbeat] enter=False sorting=False cam=LIVE ai=LIVE cam_fps=58.0 pub_fps=30.4 frames=290250 result_subs=1 roi=ok intrinsic=ok inference_age_ms=38 target=none transport=False sorting_thread=alive
16:20:31 [v4][heartbeat] enter=False sorting=False cam=LIVE ai=LIVE cam_fps=55.0 pub_fps=30.4 frames=290525 result_subs=1 roi=ok intrinsic=ok inference_age_ms=58 target=none transport=False sorting_thread=alive
16:20:36 [v4][heartbeat] enter=False sorting=False cam=LIVE ai=LIVE cam_fps=58.6 pub_fps=30.2 frames=290818 result_subs=1 roi=ok intrinsic=ok inference_age_ms=72 target=none transport=False sorting_thread=alive
16:20:41 [v4][heartbeat] enter=False sorting=False cam=LIVE ai=LIVE cam_fps=55.4 pub_fps=30.4 frames=291095 result_subs=1 roi=ok intrinsic=ok inference_age_ms=50 target=none transport=False sorting_thread=alive
16:20:46 [v4][heartbeat] enter=False sorting=False cam=LIVE ai=LIVE cam_fps=57.0 pub_fps=30.2 frames=291380 result_subs=1 roi=ok intrinsic=ok inference_age_ms=68 target=none transport=False sorting_thread=alive
16:20:51 [v4][heartbeat] enter=False sorting=False cam=LIVE ai=LIVE cam_fps=58.8 pub_fps=30.4 frames=291674 result_subs=1 roi=ok intrinsic=ok inference_age_ms=73 target=none transport=False sorting_thread=alive
16:20:56 [v4][heartbeat] enter=False sorting=False cam=LIVE ai=LIVE cam_fps=54.8 pub_fps=30.2 frames=291948 result_subs=1 roi=ok intrinsic=ok inference_age_ms=42 target=none transport=False sorting_thread=alive
16:21:01 [v4][heartbeat] enter=False sorting=False cam=LIVE ai=LIVE cam_fps=57.6 pub_fps=30.4 frames=292236 result_subs=1 roi=ok intrinsic=ok inference_age_ms=72 target=none transport=False sorting_thread=alive
16:21:06 [v4][heartbeat] enter=False sorting=False cam=LIVE ai=LIVE cam_fps=58.6 pub_fps=30.2 frames=292529 result_subs=1 roi=ok intrinsic=ok inference_age_ms=39 target=none transport=False sorting_thread=alive
16:21:11 [v4][heartbeat] enter=False sorting=False cam=LIVE ai=LIVE cam_fps=56.8 pub_fps=30.4 frames=292813 result_subs=1 roi=ok intrinsic=ok inference_age_ms=56 target=none transport=False sorting_thread=alive
16:21:16 [v4][heartbeat] enter=False sorting=False cam=LIVE ai=LIVE cam_fps=59.2 pub_fps=30.2 frames=293109 result_subs=1 roi=ok intrinsic=ok inference_age_ms=49 target=none transport=False sorting_thread=alive
16:21:21 [v4][heartbeat] enter=False sorting=False cam=LIVE ai=LIVE cam_fps=55.0 pub_fps=30.4 frames=293384 result_subs=1 roi=ok intrinsic=ok inference_age_ms=36 target=none transport=False sorting_thread=alive
16:21:26 [v4][heartbeat] enter=False sorting=False cam=LIVE ai=LIVE cam_fps=57.2 pub_fps=30.2 frames=293670 result_subs=1 roi=ok intrinsic=ok inference_age_ms=39 target=none transport=False sorting_thread=alive
16:21:31 [v4][heartbeat] enter=False sorting=False cam=LIVE ai=LIVE cam_fps=55.4 pub_fps=30.4 frames=293947 result_subs=1 roi=ok intrinsic=ok inference_age_ms=89 target=none transport=False sorting_thread=alive
16:21:36 [v4][heartbeat] enter=False sorting=False cam=LIVE ai=LIVE cam_fps=55.0 pub_fps=30.2 frames=294222 result_subs=1 roi=ok intrinsic=ok inference_age_ms=36 target=none transport=False sorting_thread=alive
16:21:41 [v4][heartbeat] enter=False sorting=False cam=LIVE ai=LIVE cam_fps=60.0 pub_fps=30.4 frames=294522 result_subs=1 roi=ok intrinsic=ok inference_age_ms=54 target=none transport=False sorting_thread=alive
16:21:46 [v4][heartbeat] enter=False sorting=False cam=LIVE ai=LIVE cam_fps=53.8 pub_fps=30.2 frames=294791 result_subs=1 roi=ok intrinsic=ok inference_age_ms=51 target=none transport=False sorting_thread=alive
16:21:51 [v4][heartbeat] enter=False sorting=False cam=LIVE ai=LIVE cam_fps=57.4 pub_fps=30.4 frames=295078 result_subs=1 roi=ok intrinsic=ok inference_age_ms=61 target=none transport=False sorting_thread=alive
16:21:56 [v4][heartbeat] enter=False sorting=False cam=LIVE ai=LIVE cam_fps=58.0 pub_fps=30.2 frames=295368 result_subs=1 roi=ok intrinsic=ok inference_age_ms=42 target=none transport=False sorting_thread=alive
16:22:01 [v4][heartbeat] enter=False sorting=False cam=LIVE ai=LIVE cam_fps=55.0 pub_fps=30.2 frames=295643 result_subs=1 roi=ok intrinsic=ok inference_age_ms=69 target=none transport=False sorting_thread=alive
16:22:06 [v4][heartbeat] enter=False sorting=False cam=LIVE ai=LIVE cam_fps=57.6 pub_fps=30.4 frames=295931 result_subs=1 roi=ok intrinsic=ok inference_age_ms=43 target=none transport=False sorting_thread=alive
16:22:11 [v4][heartbeat] enter=False sorting=False cam=LIVE ai=LIVE cam_fps=54.2 pub_fps=30.4 frames=296202 result_subs=1 roi=ok intrinsic=ok inference_age_ms=75 target=none transport=False sorting_thread=alive
16:22:16 [v4][heartbeat] enter=False sorting=False cam=LIVE ai=LIVE cam_fps=57.0 pub_fps=30.2 frames=296487 result_subs=1 roi=ok intrinsic=ok inference_age_ms=79 target=none transport=False sorting_thread=alive
16:22:21 [v4][heartbeat] enter=False sorting=False cam=LIVE ai=LIVE cam_fps=59.6 pub_fps=30.4 frames=296785 result_subs=1 roi=ok intrinsic=ok inference_age_ms=64 target=none transport=False sorting_thread=alive
16:22:26 [v4][heartbeat] enter=False sorting=False cam=LIVE ai=LIVE cam_fps=53.2 pub_fps=30.2 frames=297051 result_subs=1 roi=ok intrinsic=ok inference_age_ms=49 target=none transport=False sorting_thread=alive
16:22:31 [v4][heartbeat] enter=False sorting=False cam=LIVE ai=LIVE cam_fps=59.4 pub_fps=30.4 frames=297348 result_subs=1 roi=ok intrinsic=ok inference_age_ms=31 target=none transport=False sorting_thread=alive
16:22:36 [v4][heartbeat] enter=False sorting=False cam=LIVE ai=LIVE cam_fps=55.2 pub_fps=30.2 frames=297624 result_subs=1 roi=ok intrinsic=ok inference_age_ms=40 target=none transport=False sorting_thread=alive
16:22:41 [v4][heartbeat] enter=False sorting=False cam=LIVE ai=LIVE cam_fps=57.6 pub_fps=30.4 frames=297912 result_subs=1 roi=ok intrinsic=ok inference_age_ms=57 target=none transport=False sorting_thread=alive
16:22:46 [v4][heartbeat] enter=False sorting=False cam=LIVE ai=LIVE cam_fps=59.0 pub_fps=30.2 frames=298207 result_subs=1 roi=ok intrinsic=ok inference_age_ms=40 target=none transport=False sorting_thread=alive
16:22:51 [v4][heartbeat] enter=False sorting=False cam=LIVE ai=LIVE cam_fps=54.8 pub_fps=30.4 frames=298481 result_subs=1 roi=ok intrinsic=ok inference_age_ms=46 target=none transport=False sorting_thread=alive
16:22:56 [v4][heartbeat] enter=False sorting=False cam=LIVE ai=LIVE cam_fps=57.8 pub_fps=30.4 frames=298770 result_subs=1 roi=ok intrinsic=ok inference_age_ms=50 target=none transport=False sorting_thread=alive
16:23:01 [v4][heartbeat] enter=False sorting=False cam=LIVE ai=LIVE cam_fps=55.0 pub_fps=30.2 frames=299045 result_subs=1 roi=ok intrinsic=ok inference_age_ms=67 target=none transport=False sorting_thread=alive
16:23:06 [v4][heartbeat] enter=False sorting=False cam=LIVE ai=LIVE cam_fps=57.0 pub_fps=30.4 frames=299330 result_subs=1 roi=ok intrinsic=ok inference_age_ms=63 target=none transport=False sorting_thread=alive
16:23:11 [v4][heartbeat] enter=False sorting=False cam=LIVE ai=LIVE cam_fps=58.4 pub_fps=30.2 frames=299622 result_subs=1 roi=ok intrinsic=ok inference_age_ms=69 target=none transport=False sorting_thread=alive
16:23:16 [v4][heartbeat] enter=False sorting=False cam=LIVE ai=LIVE cam_fps=55.4 pub_fps=30.4 frames=299899 result_subs=1 roi=ok intrinsic=ok inference_age_ms=62 target=none transport=False sorting_thread=alive
16:23:21 [v4][heartbeat] enter=False sorting=False cam=LIVE ai=LIVE cam_fps=58.8 pub_fps=30.2 frames=300193 result_subs=1 roi=ok intrinsic=ok inference_age_ms=59 target=none transport=False sorting_thread=alive
16:23:26 [v4][heartbeat] enter=False sorting=False cam=LIVE ai=LIVE cam_fps=56.6 pub_fps=30.4 frames=300476 result_subs=1 roi=ok intrinsic=ok inference_age_ms=61 target=none transport=False sorting_thread=alive
16:23:31 [v4][heartbeat] enter=False sorting=False cam=LIVE ai=LIVE cam_fps=56.6 pub_fps=30.2 frames=300759 result_subs=1 roi=ok intrinsic=ok inference_age_ms=62 target=none transport=False sorting_thread=alive
16:23:36 [v4][heartbeat] enter=False sorting=False cam=LIVE ai=LIVE cam_fps=59.0 pub_fps=30.4 frames=301054 result_subs=1 roi=ok intrinsic=ok inference_age_ms=64 target=none transport=False sorting_thread=alive
16:23:41 [v4][heartbeat] enter=False sorting=False cam=LIVE ai=LIVE cam_fps=55.4 pub_fps=30.2 frames=301331 result_subs=1 roi=ok intrinsic=ok inference_age_ms=53 target=none transport=False sorting_thread=alive
16:23:46 [v4][heartbeat] enter=False sorting=False cam=LIVE ai=LIVE cam_fps=57.2 pub_fps=30.2 frames=301617 result_subs=1 roi=ok intrinsic=ok inference_age_ms=45 target=none transport=False sorting_thread=alive
16:23:51 [v4][heartbeat] enter=False sorting=False cam=LIVE ai=LIVE cam_fps=57.6 pub_fps=30.4 frames=301905 result_subs=1 roi=ok intrinsic=ok inference_age_ms=44 target=none transport=False sorting_thread=alive
16:23:56 [v4][heartbeat] enter=False sorting=False cam=LIVE ai=LIVE cam_fps=57.4 pub_fps=30.4 frames=302192 result_subs=1 roi=ok intrinsic=ok inference_age_ms=52 target=none transport=False sorting_thread=alive
16:24:01 [v4][heartbeat] enter=False sorting=False cam=LIVE ai=LIVE cam_fps=58.8 pub_fps=30.2 frames=302486 result_subs=1 roi=ok intrinsic=ok inference_age_ms=41 target=none transport=False sorting_thread=alive
16:24:06 [v4][heartbeat] enter=False sorting=False cam=LIVE ai=LIVE cam_fps=52.0 pub_fps=30.4 frames=302746 result_subs=1 roi=ok intrinsic=ok inference_age_ms=76 target=none transport=False sorting_thread=alive
16:24:11 [v4][heartbeat] enter=False sorting=False cam=LIVE ai=LIVE cam_fps=56.8 pub_fps=30.2 frames=303030 result_subs=1 roi=ok intrinsic=ok inference_age_ms=69 target=none transport=False sorting_thread=alive
16:24:16 [v4][heartbeat] enter=False sorting=False cam=LIVE ai=LIVE cam_fps=59.0 pub_fps=30.4 frames=303325 result_subs=1 roi=ok intrinsic=ok inference_age_ms=56 target=none transport=False sorting_thread=alive
16:24:21 [v4][heartbeat] enter=False sorting=False cam=LIVE ai=LIVE cam_fps=53.0 pub_fps=30.2 frames=303590 result_subs=1 roi=ok intrinsic=ok inference_age_ms=44 target=none transport=False sorting_thread=alive
16:24:26 [v4][heartbeat] enter=False sorting=False cam=LIVE ai=LIVE cam_fps=58.1 pub_fps=30.4 frames=303881 result_subs=1 roi=ok intrinsic=ok inference_age_ms=58 target=none transport=False sorting_thread=alive
16:24:31 [v4][heartbeat] enter=False sorting=False cam=LIVE ai=LIVE cam_fps=57.1 pub_fps=30.2 frames=304166 result_subs=1 roi=ok intrinsic=ok inference_age_ms=62 target=none transport=False sorting_thread=alive
16:24:36 [v4][heartbeat] enter=False sorting=False cam=LIVE ai=LIVE cam_fps=57.6 pub_fps=30.4 frames=304454 result_subs=1 roi=ok intrinsic=ok inference_age_ms=49 target=none transport=False sorting_thread=alive
16:24:41 [v4][heartbeat] enter=False sorting=False cam=LIVE ai=LIVE cam_fps=58.4 pub_fps=30.2 frames=304746 result_subs=1 roi=ok intrinsic=ok inference_age_ms=44 target=none transport=False sorting_thread=alive
16:24:46 [v4][heartbeat] enter=False sorting=False cam=LIVE ai=LIVE cam_fps=54.2 pub_fps=30.4 frames=305017 result_subs=1 roi=ok intrinsic=ok inference_age_ms=76 target=none transport=False sorting_thread=alive
16:24:51 [v4][heartbeat] enter=False sorting=False cam=LIVE ai=LIVE cam_fps=58.0 pub_fps=30.2 frames=305307 result_subs=1 roi=ok intrinsic=ok inference_age_ms=47 target=none transport=False sorting_thread=alive
16:24:56 [v4][heartbeat] enter=False sorting=False cam=LIVE ai=LIVE cam_fps=53.6 pub_fps=30.4 frames=305575 result_subs=1 roi=ok intrinsic=ok inference_age_ms=56 target=none transport=False sorting_thread=alive
16:25:01 [v4][heartbeat] enter=False sorting=False cam=LIVE ai=LIVE cam_fps=55.6 pub_fps=30.2 frames=305853 result_subs=1 roi=ok intrinsic=ok inference_age_ms=69 target=none transport=False sorting_thread=alive
16:25:06 [v4][heartbeat] enter=False sorting=False cam=LIVE ai=LIVE cam_fps=59.4 pub_fps=30.4 frames=306150 result_subs=1 roi=ok intrinsic=ok inference_age_ms=35 target=none transport=False sorting_thread=alive
16:25:11 [v4][heartbeat] enter=False sorting=False cam=LIVE ai=LIVE cam_fps=53.0 pub_fps=30.2 frames=306415 result_subs=1 roi=ok intrinsic=ok inference_age_ms=46 target=none transport=False sorting_thread=alive
16:25:16 [v4][heartbeat] enter=False sorting=False cam=LIVE ai=LIVE cam_fps=57.0 pub_fps=30.4 frames=306700 result_subs=1 roi=ok intrinsic=ok inference_age_ms=36 target=none transport=False sorting_thread=alive
16:25:21 [v4][heartbeat] enter=False sorting=False cam=LIVE ai=LIVE cam_fps=55.4 pub_fps=30.4 frames=306977 result_subs=1 roi=ok intrinsic=ok inference_age_ms=47 target=none transport=False sorting_thread=alive
16:25:26 [v4][heartbeat] enter=False sorting=False cam=LIVE ai=LIVE cam_fps=56.2 pub_fps=30.2 frames=307258 result_subs=1 roi=ok intrinsic=ok inference_age_ms=63 target=none transport=False sorting_thread=alive
16:25:31 [v4][heartbeat] enter=False sorting=False cam=LIVE ai=LIVE cam_fps=57.0 pub_fps=30.4 frames=307543 result_subs=1 roi=ok intrinsic=ok inference_age_ms=49 target=none transport=False sorting_thread=alive
16:25:36 [v4][heartbeat] enter=False sorting=False cam=LIVE ai=LIVE cam_fps=53.2 pub_fps=30.2 frames=307809 result_subs=1 roi=ok intrinsic=ok inference_age_ms=36 target=none transport=False sorting_thread=alive
16:25:41 [v4][heartbeat] enter=False sorting=False cam=LIVE ai=LIVE cam_fps=56.4 pub_fps=30.2 frames=308091 result_subs=1 roi=ok intrinsic=ok inference_age_ms=62 target=none transport=False sorting_thread=alive
16:25:46 [v4][heartbeat] enter=False sorting=False cam=LIVE ai=LIVE cam_fps=56.8 pub_fps=30.4 frames=308375 result_subs=1 roi=ok intrinsic=ok inference_age_ms=61 target=none transport=False sorting_thread=alive
16:25:51 [v4][heartbeat] enter=False sorting=False cam=LIVE ai=LIVE cam_fps=55.4 pub_fps=30.4 frames=308652 result_subs=1 roi=ok intrinsic=ok inference_age_ms=62 target=none transport=False sorting_thread=alive
16:25:56 [v4][heartbeat] enter=False sorting=False cam=LIVE ai=LIVE cam_fps=57.4 pub_fps=30.2 frames=308939 result_subs=1 roi=ok intrinsic=ok inference_age_ms=44 target=none transport=False sorting_thread=alive
16:26:01 [v4][heartbeat] enter=False sorting=False cam=LIVE ai=LIVE cam_fps=54.6 pub_fps=30.2 frames=309212 result_subs=1 roi=ok intrinsic=ok inference_age_ms=55 target=none transport=False sorting_thread=alive
16:26:06 [v4][heartbeat] enter=False sorting=False cam=LIVE ai=LIVE cam_fps=57.4 pub_fps=30.4 frames=309499 result_subs=1 roi=ok intrinsic=ok inference_age_ms=39 target=none transport=False sorting_thread=alive
16:26:11 [v4][heartbeat] enter=False sorting=False cam=LIVE ai=LIVE cam_fps=54.8 pub_fps=30.4 frames=309773 result_subs=1 roi=ok intrinsic=ok inference_age_ms=57 target=none transport=False sorting_thread=alive
16:26:16 [v4][heartbeat] enter=False sorting=False cam=LIVE ai=LIVE cam_fps=54.4 pub_fps=30.2 frames=310045 result_subs=1 roi=ok intrinsic=ok inference_age_ms=32 target=none transport=False sorting_thread=alive
16:26:21 [v4][heartbeat] enter=False sorting=False cam=LIVE ai=LIVE cam_fps=57.4 pub_fps=30.4 frames=310332 result_subs=1 roi=ok intrinsic=ok inference_age_ms=61 target=none transport=False sorting_thread=alive
16:26:26 [v4][heartbeat] enter=False sorting=False cam=LIVE ai=LIVE cam_fps=51.0 pub_fps=30.2 frames=310587 result_subs=1 roi=ok intrinsic=ok inference_age_ms=46 target=none transport=False sorting_thread=alive
16:26:31 [v4][heartbeat] enter=False sorting=False cam=LIVE ai=LIVE cam_fps=58.2 pub_fps=30.4 frames=310878 result_subs=1 roi=ok intrinsic=ok inference_age_ms=53 target=none transport=False sorting_thread=alive
16:26:36 [v4][heartbeat] enter=False sorting=False cam=LIVE ai=LIVE cam_fps=58.0 pub_fps=30.2 frames=311168 result_subs=1 roi=ok intrinsic=ok inference_age_ms=38 target=none transport=False sorting_thread=alive
16:26:41 [v4][heartbeat] enter=False sorting=False cam=LIVE ai=LIVE cam_fps=55.2 pub_fps=30.4 frames=311444 result_subs=1 roi=ok intrinsic=ok inference_age_ms=56 target=none transport=False sorting_thread=alive
16:26:46 [v4][heartbeat] enter=False sorting=False cam=LIVE ai=LIVE cam_fps=58.0 pub_fps=30.2 frames=311734 result_subs=1 roi=ok intrinsic=ok inference_age_ms=68 target=none transport=False sorting_thread=alive
16:26:51 [v4][heartbeat] enter=False sorting=False cam=LIVE ai=LIVE cam_fps=54.2 pub_fps=30.4 frames=312005 result_subs=1 roi=ok intrinsic=ok inference_age_ms=64 target=none transport=False sorting_thread=alive
16:26:56 [v4][heartbeat] enter=False sorting=False cam=LIVE ai=LIVE cam_fps=55.8 pub_fps=30.2 frames=312284 result_subs=1 roi=ok intrinsic=ok inference_age_ms=44 target=none transport=False sorting_thread=alive
16:27:01 [v4][heartbeat] enter=False sorting=False cam=LIVE ai=LIVE cam_fps=54.8 pub_fps=30.2 frames=312558 result_subs=1 roi=ok intrinsic=ok inference_age_ms=58 target=none transport=False sorting_thread=alive
16:27:06 [v4][heartbeat] enter=False sorting=False cam=LIVE ai=LIVE cam_fps=53.8 pub_fps=30.4 frames=312827 result_subs=1 roi=ok intrinsic=ok inference_age_ms=43 target=none transport=False sorting_thread=alive
16:27:11 [v4][heartbeat] enter=False sorting=False cam=LIVE ai=LIVE cam_fps=57.0 pub_fps=30.4 frames=313112 result_subs=1 roi=ok intrinsic=ok inference_age_ms=59 target=none transport=False sorting_thread=alive
16:27:16 [v4][heartbeat] enter=False sorting=False cam=LIVE ai=LIVE cam_fps=53.0 pub_fps=30.2 frames=313377 result_subs=1 roi=ok intrinsic=ok inference_age_ms=67 target=none transport=False sorting_thread=alive
16:27:21 [v4][heartbeat] enter=False sorting=False cam=LIVE ai=LIVE cam_fps=54.4 pub_fps=30.4 frames=313649 result_subs=1 roi=ok intrinsic=ok inference_age_ms=70 target=none transport=False sorting_thread=alive
16:27:26 [v4][heartbeat] enter=False sorting=False cam=LIVE ai=LIVE cam_fps=59.0 pub_fps=30.2 frames=313944 result_subs=1 roi=ok intrinsic=ok inference_age_ms=48 target=none transport=False sorting_thread=alive
16:27:31 [v4][heartbeat] enter=False sorting=False cam=LIVE ai=LIVE cam_fps=52.0 pub_fps=30.4 frames=314204 result_subs=1 roi=ok intrinsic=ok inference_age_ms=57 target=none transport=False sorting_thread=alive
16:27:36 [v4][heartbeat] enter=False sorting=False cam=LIVE ai=LIVE cam_fps=54.0 pub_fps=30.2 frames=314474 result_subs=1 roi=ok intrinsic=ok inference_age_ms=42 target=none transport=False sorting_thread=alive
16:27:41 [v4][heartbeat] enter=False sorting=False cam=LIVE ai=LIVE cam_fps=53.4 pub_fps=30.4 frames=314741 result_subs=1 roi=ok intrinsic=ok inference_age_ms=58 target=none transport=False sorting_thread=alive
16:27:46 [v4][heartbeat] enter=False sorting=False cam=LIVE ai=LIVE cam_fps=56.6 pub_fps=30.2 frames=315024 result_subs=1 roi=ok intrinsic=ok inference_age_ms=41 target=none transport=False sorting_thread=alive
16:27:51 [v4][heartbeat] enter=False sorting=False cam=LIVE ai=LIVE cam_fps=57.8 pub_fps=30.4 frames=315313 result_subs=1 roi=ok intrinsic=ok inference_age_ms=36 target=none transport=False sorting_thread=alive
16:27:56 [v4][heartbeat] enter=False sorting=False cam=LIVE ai=LIVE cam_fps=53.6 pub_fps=30.2 frames=315581 result_subs=1 roi=ok intrinsic=ok inference_age_ms=52 target=none transport=False sorting_thread=alive
16:28:01 [v4][heartbeat] enter=False sorting=False cam=LIVE ai=LIVE cam_fps=57.2 pub_fps=30.4 frames=315867 result_subs=1 roi=ok intrinsic=ok inference_age_ms=55 target=none transport=False sorting_thread=alive
16:28:06 [v4][heartbeat] enter=False sorting=False cam=LIVE ai=LIVE cam_fps=55.0 pub_fps=30.2 frames=316142 result_subs=1 roi=ok intrinsic=ok inference_age_ms=44 target=none transport=False sorting_thread=alive
16:28:11 [v4][heartbeat] enter=False sorting=False cam=LIVE ai=LIVE cam_fps=57.0 pub_fps=30.4 frames=316427 result_subs=1 roi=ok intrinsic=ok inference_age_ms=54 target=none transport=False sorting_thread=alive
16:28:16 [v4][heartbeat] enter=False sorting=False cam=LIVE ai=LIVE cam_fps=54.8 pub_fps=30.2 frames=316701 result_subs=1 roi=ok intrinsic=ok inference_age_ms=64 target=none transport=False sorting_thread=alive
16:28:21 [v4][heartbeat] enter=False sorting=False cam=LIVE ai=LIVE cam_fps=54.6 pub_fps=30.4 frames=316974 result_subs=1 roi=ok intrinsic=ok inference_age_ms=58 target=none transport=False sorting_thread=alive
16:28:26 [v4][heartbeat] enter=False sorting=False cam=LIVE ai=LIVE cam_fps=57.6 pub_fps=30.4 frames=317262 result_subs=1 roi=ok intrinsic=ok inference_age_ms=58 target=none transport=False sorting_thread=alive
16:28:31 [v4][heartbeat] enter=False sorting=False cam=LIVE ai=LIVE cam_fps=54.2 pub_fps=30.2 frames=317533 result_subs=1 roi=ok intrinsic=ok inference_age_ms=67 target=none transport=False sorting_thread=alive
16:28:36 [v4][heartbeat] enter=False sorting=False cam=LIVE ai=LIVE cam_fps=55.4 pub_fps=30.4 frames=317810 result_subs=1 roi=ok intrinsic=ok inference_age_ms=49 target=none transport=False sorting_thread=alive
16:28:41 [v4][heartbeat] enter=False sorting=False cam=LIVE ai=LIVE cam_fps=56.4 pub_fps=30.2 frames=318092 result_subs=1 roi=ok intrinsic=ok inference_age_ms=66 target=none transport=False sorting_thread=alive
16:28:46 [v4][heartbeat] enter=False sorting=False cam=LIVE ai=LIVE cam_fps=53.0 pub_fps=30.4 frames=318357 result_subs=1 roi=ok intrinsic=ok inference_age_ms=41 target=none transport=False sorting_thread=alive
16:28:51 [v4][heartbeat] enter=False sorting=False cam=LIVE ai=LIVE cam_fps=58.0 pub_fps=30.2 frames=318647 result_subs=1 roi=ok intrinsic=ok inference_age_ms=44 target=none transport=False sorting_thread=alive
16:28:56 [v4][heartbeat] enter=False sorting=False cam=LIVE ai=LIVE cam_fps=56.4 pub_fps=30.4 frames=318929 result_subs=1 roi=ok intrinsic=ok inference_age_ms=46 target=none transport=False sorting_thread=alive
16:29:01 [v4][heartbeat] enter=False sorting=False cam=LIVE ai=LIVE cam_fps=53.4 pub_fps=30.2 frames=319196 result_subs=1 roi=ok intrinsic=ok inference_age_ms=50 target=none transport=False sorting_thread=alive
16:29:06 [v4][heartbeat] enter=False sorting=False cam=LIVE ai=LIVE cam_fps=56.8 pub_fps=30.4 frames=319480 result_subs=1 roi=ok intrinsic=ok inference_age_ms=52 target=none transport=False sorting_thread=alive
16:29:11 [v4][heartbeat] enter=False sorting=False cam=LIVE ai=LIVE cam_fps=52.8 pub_fps=30.2 frames=319744 result_subs=1 roi=ok intrinsic=ok inference_age_ms=60 target=none transport=False sorting_thread=alive
16:29:16 [v4][heartbeat] enter=False sorting=False cam=LIVE ai=LIVE cam_fps=56.0 pub_fps=30.4 frames=320024 result_subs=1 roi=ok intrinsic=ok inference_age_ms=48 target=none transport=False sorting_thread=alive
16:29:21 [v4][heartbeat] enter=False sorting=False cam=LIVE ai=LIVE cam_fps=55.6 pub_fps=30.2 frames=320302 result_subs=1 roi=ok intrinsic=ok inference_age_ms=37 target=none transport=False sorting_thread=alive
16:29:26 [v4][heartbeat] enter=False sorting=False cam=LIVE ai=LIVE cam_fps=53.0 pub_fps=30.4 frames=320567 result_subs=1 roi=ok intrinsic=ok inference_age_ms=61 target=none transport=False sorting_thread=alive
16:29:31 [v4][heartbeat] enter=False sorting=False cam=LIVE ai=LIVE cam_fps=57.2 pub_fps=30.2 frames=320853 result_subs=1 roi=ok intrinsic=ok inference_age_ms=41 target=none transport=False sorting_thread=alive
16:29:36 [v4][heartbeat] enter=False sorting=False cam=LIVE ai=LIVE cam_fps=53.4 pub_fps=30.4 frames=321120 result_subs=1 roi=ok intrinsic=ok inference_age_ms=68 target=none transport=False sorting_thread=alive
16:29:41 [v4][heartbeat] enter=False sorting=False cam=LIVE ai=LIVE cam_fps=53.8 pub_fps=30.2 frames=321389 result_subs=1 roi=ok intrinsic=ok inference_age_ms=73 target=none transport=False sorting_thread=alive
16:29:46 [v4][heartbeat] enter=False sorting=False cam=LIVE ai=LIVE cam_fps=56.4 pub_fps=30.4 frames=321671 result_subs=1 roi=ok intrinsic=ok inference_age_ms=48 target=none transport=False sorting_thread=alive
16:29:51 [v4][heartbeat] enter=False sorting=False cam=LIVE ai=LIVE cam_fps=54.0 pub_fps=30.2 frames=321941 result_subs=1 roi=ok intrinsic=ok inference_age_ms=68 target=none transport=False sorting_thread=alive
16:29:56 [v4][heartbeat] enter=False sorting=False cam=LIVE ai=LIVE cam_fps=57.6 pub_fps=30.4 frames=322229 result_subs=1 roi=ok intrinsic=ok inference_age_ms=60 target=none transport=False sorting_thread=alive
16:30:01 [v4][heartbeat] enter=False sorting=False cam=LIVE ai=LIVE cam_fps=53.6 pub_fps=30.2 frames=322497 result_subs=1 roi=ok intrinsic=ok inference_age_ms=56 target=none transport=False sorting_thread=alive
16:30:06 [v4][heartbeat] enter=False sorting=False cam=LIVE ai=LIVE cam_fps=56.8 pub_fps=30.4 frames=322781 result_subs=1 roi=ok intrinsic=ok inference_age_ms=48 target=none transport=False sorting_thread=alive
16:30:11 [v4][heartbeat] enter=False sorting=False cam=LIVE ai=LIVE cam_fps=55.4 pub_fps=30.2 frames=323058 result_subs=1 roi=ok intrinsic=ok inference_age_ms=57 target=none transport=False sorting_thread=alive
16:30:16 [v4][heartbeat] enter=False sorting=False cam=LIVE ai=LIVE cam_fps=53.2 pub_fps=30.4 frames=323324 result_subs=1 roi=ok intrinsic=ok inference_age_ms=68 target=none transport=False sorting_thread=alive
16:30:21 [v4][heartbeat] enter=False sorting=False cam=LIVE ai=LIVE cam_fps=56.8 pub_fps=30.2 frames=323608 result_subs=1 roi=ok intrinsic=ok inference_age_ms=47 target=none transport=False sorting_thread=alive
16:30:26 [v4][heartbeat] enter=False sorting=False cam=LIVE ai=LIVE cam_fps=56.4 pub_fps=30.4 frames=323890 result_subs=1 roi=ok intrinsic=ok inference_age_ms=51 target=none transport=False sorting_thread=alive
16:30:31 [v4][heartbeat] enter=False sorting=False cam=LIVE ai=LIVE cam_fps=55.6 pub_fps=30.2 frames=324168 result_subs=1 roi=ok intrinsic=ok inference_age_ms=51 target=none transport=False sorting_thread=alive
16:30:36 [v4][heartbeat] enter=False sorting=False cam=LIVE ai=LIVE cam_fps=59.0 pub_fps=30.4 frames=324463 result_subs=1 roi=ok intrinsic=ok inference_age_ms=55 target=none transport=False sorting_thread=alive
16:30:41 [v4][heartbeat] enter=False sorting=False cam=LIVE ai=LIVE cam_fps=52.0 pub_fps=30.2 frames=324723 result_subs=1 roi=ok intrinsic=ok inference_age_ms=49 target=none transport=False sorting_thread=alive
16:30:46 [v4][heartbeat] enter=False sorting=False cam=LIVE ai=LIVE cam_fps=57.0 pub_fps=30.4 frames=325008 result_subs=1 roi=ok intrinsic=ok inference_age_ms=64 target=none transport=False sorting_thread=alive
16:30:51 [v4][heartbeat] enter=False sorting=False cam=LIVE ai=LIVE cam_fps=57.2 pub_fps=30.4 frames=325294 result_subs=1 roi=ok intrinsic=ok inference_age_ms=45 target=none transport=False sorting_thread=alive
16:30:56 [v4][heartbeat] enter=False sorting=False cam=LIVE ai=LIVE cam_fps=56.2 pub_fps=30.2 frames=325575 result_subs=1 roi=ok intrinsic=ok inference_age_ms=65 target=none transport=False sorting_thread=alive
16:31:01 [v4][heartbeat] enter=False sorting=False cam=LIVE ai=LIVE cam_fps=56.6 pub_fps=30.4 frames=325858 result_subs=1 roi=ok intrinsic=ok inference_age_ms=48 target=none transport=False sorting_thread=alive
16:31:06 [v4][heartbeat] enter=False sorting=False cam=LIVE ai=LIVE cam_fps=53.6 pub_fps=30.2 frames=326126 result_subs=1 roi=ok intrinsic=ok inference_age_ms=44 target=none transport=False sorting_thread=alive
16:31:11 [v4][heartbeat] enter=False sorting=False cam=LIVE ai=LIVE cam_fps=58.0 pub_fps=30.2 frames=326416 result_subs=1 roi=ok intrinsic=ok inference_age_ms=84 target=none transport=False sorting_thread=alive
16:31:16 [v4][heartbeat] enter=False sorting=False cam=LIVE ai=LIVE cam_fps=56.0 pub_fps=30.4 frames=326696 result_subs=1 roi=ok intrinsic=ok inference_age_ms=33 target=none transport=False sorting_thread=alive
16:31:21 [v4][heartbeat] enter=False sorting=False cam=LIVE ai=LIVE cam_fps=54.2 pub_fps=30.4 frames=326967 result_subs=1 roi=ok intrinsic=ok inference_age_ms=51 target=none transport=False sorting_thread=alive
16:31:26 [v4][heartbeat] enter=False sorting=False cam=LIVE ai=LIVE cam_fps=58.0 pub_fps=30.2 frames=327257 result_subs=1 roi=ok intrinsic=ok inference_age_ms=63 target=none transport=False sorting_thread=alive
16:31:31 [v4][heartbeat] enter=False sorting=False cam=LIVE ai=LIVE cam_fps=55.6 pub_fps=30.4 frames=327535 result_subs=1 roi=ok intrinsic=ok inference_age_ms=48 target=none transport=False sorting_thread=alive
16:31:36 [v4][heartbeat] enter=False sorting=False cam=LIVE ai=LIVE cam_fps=54.2 pub_fps=30.2 frames=327806 result_subs=1 roi=ok intrinsic=ok inference_age_ms=69 target=none transport=False sorting_thread=alive
16:31:41 [v4][heartbeat] enter=False sorting=False cam=LIVE ai=LIVE cam_fps=55.6 pub_fps=30.4 frames=328084 result_subs=1 roi=ok intrinsic=ok inference_age_ms=60 target=none transport=False sorting_thread=alive
16:31:46 [v4][heartbeat] enter=False sorting=False cam=LIVE ai=LIVE cam_fps=53.4 pub_fps=30.2 frames=328351 result_subs=1 roi=ok intrinsic=ok inference_age_ms=34 target=none transport=False sorting_thread=alive
16:31:51 [v4][heartbeat] enter=False sorting=False cam=LIVE ai=LIVE cam_fps=57.4 pub_fps=30.4 frames=328638 result_subs=1 roi=ok intrinsic=ok inference_age_ms=52 target=none transport=False sorting_thread=alive
16:31:56 [v4][heartbeat] enter=False sorting=False cam=LIVE ai=LIVE cam_fps=55.6 pub_fps=30.2 frames=328916 result_subs=1 roi=ok intrinsic=ok inference_age_ms=60 target=none transport=False sorting_thread=alive
16:32:01 [v4][heartbeat] enter=False sorting=False cam=LIVE ai=LIVE cam_fps=56.8 pub_fps=30.4 frames=329200 result_subs=1 roi=ok intrinsic=ok inference_age_ms=41 target=none transport=False sorting_thread=alive
16:32:06 [v4][heartbeat] enter=False sorting=False cam=LIVE ai=LIVE cam_fps=56.8 pub_fps=30.2 frames=329484 result_subs=1 roi=ok intrinsic=ok inference_age_ms=70 target=none transport=False sorting_thread=alive
16:32:11 [v4][heartbeat] enter=False sorting=False cam=LIVE ai=LIVE cam_fps=54.0 pub_fps=30.4 frames=329754 result_subs=1 roi=ok intrinsic=ok inference_age_ms=58 target=none transport=False sorting_thread=alive
16:32:16 [v4][heartbeat] enter=False sorting=False cam=LIVE ai=LIVE cam_fps=58.4 pub_fps=30.2 frames=330046 result_subs=1 roi=ok intrinsic=ok inference_age_ms=67 target=none transport=False sorting_thread=alive
16:32:21 [v4][heartbeat] enter=False sorting=False cam=LIVE ai=LIVE cam_fps=54.8 pub_fps=30.4 frames=330320 result_subs=1 roi=ok intrinsic=ok inference_age_ms=72 target=none transport=False sorting_thread=alive
16:32:26 [v4][heartbeat] enter=False sorting=False cam=LIVE ai=LIVE cam_fps=56.6 pub_fps=30.2 frames=330603 result_subs=1 roi=ok intrinsic=ok inference_age_ms=33 target=none transport=False sorting_thread=alive
16:32:31 [v4][heartbeat] enter=False sorting=False cam=LIVE ai=LIVE cam_fps=57.7 pub_fps=30.4 frames=330891 result_subs=1 roi=ok intrinsic=ok inference_age_ms=61 target=none transport=False sorting_thread=alive
16:32:36 [v4][heartbeat] enter=False sorting=False cam=LIVE ai=LIVE cam_fps=53.0 pub_fps=30.2 frames=331156 result_subs=1 roi=ok intrinsic=ok inference_age_ms=40 target=none transport=False sorting_thread=alive
16:32:41 [v4][heartbeat] enter=False sorting=False cam=LIVE ai=LIVE cam_fps=57.2 pub_fps=30.4 frames=331442 result_subs=1 roi=ok intrinsic=ok inference_age_ms=56 target=none transport=False sorting_thread=alive
16:32:46 [v4][heartbeat] enter=False sorting=False cam=LIVE ai=LIVE cam_fps=54.2 pub_fps=30.2 frames=331713 result_subs=1 roi=ok intrinsic=ok inference_age_ms=34 target=none transport=False sorting_thread=alive
16:32:51 [v4][heartbeat] enter=False sorting=False cam=LIVE ai=LIVE cam_fps=54.2 pub_fps=30.4 frames=331984 result_subs=1 roi=ok intrinsic=ok inference_age_ms=74 target=none transport=False sorting_thread=alive
16:32:56 [v4][heartbeat] enter=False sorting=False cam=LIVE ai=LIVE cam_fps=55.6 pub_fps=30.2 frames=332262 result_subs=1 roi=ok intrinsic=ok inference_age_ms=51 target=none transport=False sorting_thread=alive
16:33:01 [v4][heartbeat] enter=False sorting=False cam=LIVE ai=LIVE cam_fps=53.2 pub_fps=30.4 frames=332528 result_subs=1 roi=ok intrinsic=ok inference_age_ms=54 target=none transport=False sorting_thread=alive
16:33:06 [v4][heartbeat] enter=False sorting=False cam=LIVE ai=LIVE cam_fps=56.0 pub_fps=30.2 frames=332808 result_subs=1 roi=ok intrinsic=ok inference_age_ms=50 target=none transport=False sorting_thread=alive
16:33:11 [v4][heartbeat] enter=False sorting=False cam=LIVE ai=LIVE cam_fps=56.0 pub_fps=30.4 frames=333088 result_subs=1 roi=ok intrinsic=ok inference_age_ms=52 target=none transport=False sorting_thread=alive
16:33:16 [v4][heartbeat] enter=False sorting=False cam=LIVE ai=LIVE cam_fps=55.8 pub_fps=30.2 frames=333367 result_subs=1 roi=ok intrinsic=ok inference_age_ms=37 target=none transport=False sorting_thread=alive
16:33:21 [v4][heartbeat] enter=False sorting=False cam=LIVE ai=LIVE cam_fps=58.6 pub_fps=30.4 frames=333660 result_subs=1 roi=ok intrinsic=ok inference_age_ms=50 target=none transport=False sorting_thread=alive
16:33:26 [v4][heartbeat] enter=False sorting=False cam=LIVE ai=LIVE cam_fps=53.6 pub_fps=30.2 frames=333928 result_subs=1 roi=ok intrinsic=ok inference_age_ms=58 target=none transport=False sorting_thread=alive
16:33:31 [v4][heartbeat] enter=False sorting=False cam=LIVE ai=LIVE cam_fps=56.8 pub_fps=30.4 frames=334212 result_subs=1 roi=ok intrinsic=ok inference_age_ms=78 target=none transport=False sorting_thread=alive
16:33:36 [v4][heartbeat] enter=False sorting=False cam=LIVE ai=LIVE cam_fps=56.2 pub_fps=30.2 frames=334493 result_subs=1 roi=ok intrinsic=ok inference_age_ms=57 target=none transport=False sorting_thread=alive
16:33:41 [v4][heartbeat] enter=False sorting=False cam=LIVE ai=LIVE cam_fps=54.6 pub_fps=30.4 frames=334766 result_subs=1 roi=ok intrinsic=ok inference_age_ms=61 target=none transport=False sorting_thread=alive
16:33:46 [v4][heartbeat] enter=False sorting=False cam=LIVE ai=LIVE cam_fps=57.2 pub_fps=30.4 frames=335052 result_subs=1 roi=ok intrinsic=ok inference_age_ms=55 target=none transport=False sorting_thread=alive
16:33:51 [v4][heartbeat] enter=False sorting=False cam=LIVE ai=LIVE cam_fps=52.8 pub_fps=30.2 frames=335316 result_subs=1 roi=ok intrinsic=ok inference_age_ms=45 target=none transport=False sorting_thread=alive
16:33:56 [v4][heartbeat] enter=False sorting=False cam=LIVE ai=LIVE cam_fps=56.0 pub_fps=30.2 frames=335596 result_subs=1 roi=ok intrinsic=ok inference_age_ms=55 target=none transport=False sorting_thread=alive
16:34:01 [v4][heartbeat] enter=False sorting=False cam=LIVE ai=LIVE cam_fps=54.8 pub_fps=30.4 frames=335870 result_subs=1 roi=ok intrinsic=ok inference_age_ms=76 target=none transport=False sorting_thread=alive
16:34:06 [v4][heartbeat] enter=False sorting=False cam=LIVE ai=LIVE cam_fps=52.6 pub_fps=30.4 frames=336133 result_subs=1 roi=ok intrinsic=ok inference_age_ms=53 target=none transport=False sorting_thread=alive
16:34:11 [v4][heartbeat] enter=False sorting=False cam=LIVE ai=LIVE cam_fps=57.2 pub_fps=30.2 frames=336419 result_subs=1 roi=ok intrinsic=ok inference_age_ms=31 target=none transport=False sorting_thread=alive
16:34:16 [v4][heartbeat] enter=False sorting=False cam=LIVE ai=LIVE cam_fps=55.8 pub_fps=30.4 frames=336698 result_subs=1 roi=ok intrinsic=ok inference_age_ms=54 target=none transport=False sorting_thread=alive
16:34:21 [v4][heartbeat] enter=False sorting=False cam=LIVE ai=LIVE cam_fps=57.0 pub_fps=30.2 frames=336983 result_subs=1 roi=ok intrinsic=ok inference_age_ms=55 target=none transport=False sorting_thread=alive
16:34:26 [v4][heartbeat] enter=False sorting=False cam=LIVE ai=LIVE cam_fps=57.4 pub_fps=30.2 frames=337270 result_subs=1 roi=ok intrinsic=ok inference_age_ms=48 target=none transport=False sorting_thread=alive
16:34:31 [v4][heartbeat] enter=False sorting=False cam=LIVE ai=LIVE cam_fps=51.8 pub_fps=30.4 frames=337529 result_subs=1 roi=ok intrinsic=ok inference_age_ms=35 target=none transport=False sorting_thread=alive
16:34:36 [v4][heartbeat] enter=False sorting=False cam=LIVE ai=LIVE cam_fps=55.8 pub_fps=30.4 frames=337808 result_subs=1 roi=ok intrinsic=ok inference_age_ms=77 target=none transport=False sorting_thread=alive
16:34:41 [v4][heartbeat] enter=False sorting=False cam=LIVE ai=LIVE cam_fps=54.2 pub_fps=30.2 frames=338079 result_subs=1 roi=ok intrinsic=ok inference_age_ms=45 target=none transport=False sorting_thread=alive
16:34:46 [v4][heartbeat] enter=False sorting=False cam=LIVE ai=LIVE cam_fps=56.8 pub_fps=30.4 frames=338363 result_subs=1 roi=ok intrinsic=ok inference_age_ms=43 target=none transport=False sorting_thread=alive
16:34:51 [v4][heartbeat] enter=False sorting=False cam=LIVE ai=LIVE cam_fps=58.8 pub_fps=30.2 frames=338657 result_subs=1 roi=ok intrinsic=ok inference_age_ms=42 target=none transport=False sorting_thread=alive
16:34:56 [v4][heartbeat] enter=False sorting=False cam=LIVE ai=LIVE cam_fps=55.4 pub_fps=30.4 frames=338934 result_subs=1 roi=ok intrinsic=ok inference_age_ms=66 target=none transport=False sorting_thread=alive
16:35:01 [v4][heartbeat] enter=False sorting=False cam=LIVE ai=LIVE cam_fps=56.8 pub_fps=30.2 frames=339218 result_subs=1 roi=ok intrinsic=ok inference_age_ms=69 target=none transport=False sorting_thread=alive
16:35:06 [v4][heartbeat] enter=False sorting=False cam=LIVE ai=LIVE cam_fps=53.8 pub_fps=30.4 frames=339487 result_subs=1 roi=ok intrinsic=ok inference_age_ms=35 target=none transport=False sorting_thread=alive
16:35:11 [v4][heartbeat] enter=False sorting=False cam=LIVE ai=LIVE cam_fps=56.8 pub_fps=30.2 frames=339771 result_subs=1 roi=ok intrinsic=ok inference_age_ms=42 target=none transport=False sorting_thread=alive
16:35:16 [v4][heartbeat] enter=False sorting=False cam=LIVE ai=LIVE cam_fps=55.6 pub_fps=30.4 frames=340049 result_subs=1 roi=ok intrinsic=ok inference_age_ms=67 target=none transport=False sorting_thread=alive
16:35:21 [v4][heartbeat] enter=False sorting=False cam=LIVE ai=LIVE cam_fps=52.2 pub_fps=30.2 frames=340310 result_subs=1 roi=ok intrinsic=ok inference_age_ms=69 target=none transport=False sorting_thread=alive
16:35:26 [v4][heartbeat] enter=False sorting=False cam=LIVE ai=LIVE cam_fps=55.2 pub_fps=30.4 frames=340586 result_subs=1 roi=ok intrinsic=ok inference_age_ms=59 target=none transport=False sorting_thread=alive
16:35:31 [v4][heartbeat] enter=False sorting=False cam=LIVE ai=LIVE cam_fps=53.8 pub_fps=30.2 frames=340855 result_subs=1 roi=ok intrinsic=ok inference_age_ms=68 target=none transport=False sorting_thread=alive
16:35:36 [v4][heartbeat] enter=False sorting=False cam=LIVE ai=LIVE cam_fps=55.2 pub_fps=30.4 frames=341131 result_subs=1 roi=ok intrinsic=ok inference_age_ms=49 target=none transport=False sorting_thread=alive
16:35:41 [v4][heartbeat] enter=False sorting=False cam=LIVE ai=LIVE cam_fps=55.8 pub_fps=30.2 frames=341410 result_subs=1 roi=ok intrinsic=ok inference_age_ms=73 target=none transport=False sorting_thread=alive
16:35:46 [v4][heartbeat] enter=False sorting=False cam=LIVE ai=LIVE cam_fps=52.4 pub_fps=30.4 frames=341672 result_subs=1 roi=ok intrinsic=ok inference_age_ms=64 target=none transport=False sorting_thread=alive
16:35:51 [v4][heartbeat] enter=False sorting=False cam=LIVE ai=LIVE cam_fps=57.4 pub_fps=30.2 frames=341959 result_subs=1 roi=ok intrinsic=ok inference_age_ms=50 target=none transport=False sorting_thread=alive
16:35:56 [v4][heartbeat] enter=False sorting=False cam=LIVE ai=LIVE cam_fps=53.4 pub_fps=30.4 frames=342226 result_subs=1 roi=ok intrinsic=ok inference_age_ms=58 target=none transport=False sorting_thread=alive
16:36:01 [v4][heartbeat] enter=False sorting=False cam=LIVE ai=LIVE cam_fps=53.0 pub_fps=30.2 frames=342491 result_subs=1 roi=ok intrinsic=ok inference_age_ms=63 target=none transport=False sorting_thread=alive
16:36:06 [v4][heartbeat] enter=False sorting=False cam=LIVE ai=LIVE cam_fps=55.0 pub_fps=30.4 frames=342766 result_subs=1 roi=ok intrinsic=ok inference_age_ms=35 target=none transport=False sorting_thread=alive
16:36:11 [v4][heartbeat] enter=False sorting=False cam=LIVE ai=LIVE cam_fps=55.0 pub_fps=30.2 frames=343041 result_subs=1 roi=ok intrinsic=ok inference_age_ms=52 target=none transport=False sorting_thread=alive
16:36:16 [v4][heartbeat] enter=False sorting=False cam=LIVE ai=LIVE cam_fps=53.0 pub_fps=30.4 frames=343306 result_subs=1 roi=ok intrinsic=ok inference_age_ms=64 target=none transport=False sorting_thread=alive
16:36:21 [v4][heartbeat] enter=False sorting=False cam=LIVE ai=LIVE cam_fps=55.8 pub_fps=30.2 frames=343585 result_subs=1 roi=ok intrinsic=ok inference_age_ms=45 target=none transport=False sorting_thread=alive
16:36:26 [v4][heartbeat] enter=False sorting=False cam=LIVE ai=LIVE cam_fps=52.6 pub_fps=30.4 frames=343848 result_subs=1 roi=ok intrinsic=ok inference_age_ms=54 target=none transport=False sorting_thread=alive
16:36:31 [v4][heartbeat] enter=False sorting=False cam=LIVE ai=LIVE cam_fps=58.3 pub_fps=30.2 frames=344140 result_subs=1 roi=ok intrinsic=ok inference_age_ms=75 target=none transport=False sorting_thread=alive
16:36:36 [v4][heartbeat] enter=False sorting=False cam=LIVE ai=LIVE cam_fps=54.5 pub_fps=30.4 frames=344412 result_subs=1 roi=ok intrinsic=ok inference_age_ms=70 target=none transport=False sorting_thread=alive
16:36:41 [v4][heartbeat] enter=False sorting=False cam=LIVE ai=LIVE cam_fps=56.8 pub_fps=30.2 frames=344696 result_subs=1 roi=ok intrinsic=ok inference_age_ms=97 target=none transport=False sorting_thread=alive
16:36:46 [v4][heartbeat] enter=False sorting=False cam=LIVE ai=LIVE cam_fps=57.6 pub_fps=30.4 frames=344984 result_subs=1 roi=ok intrinsic=ok inference_age_ms=69 target=none transport=False sorting_thread=alive
16:36:51 [v4][heartbeat] enter=False sorting=False cam=LIVE ai=LIVE cam_fps=55.2 pub_fps=30.2 frames=345260 result_subs=1 roi=ok intrinsic=ok inference_age_ms=50 target=none transport=False sorting_thread=alive
16:36:56 [v4][heartbeat] enter=False sorting=False cam=LIVE ai=LIVE cam_fps=56.6 pub_fps=30.4 frames=345543 result_subs=1 roi=ok intrinsic=ok inference_age_ms=57 target=none transport=False sorting_thread=alive
16:37:01 [v4][heartbeat] enter=False sorting=False cam=LIVE ai=LIVE cam_fps=55.4 pub_fps=30.4 frames=345820 result_subs=1 roi=ok intrinsic=ok inference_age_ms=66 target=none transport=False sorting_thread=alive
16:37:06 [v4][heartbeat] enter=False sorting=False cam=LIVE ai=LIVE cam_fps=55.0 pub_fps=30.2 frames=346095 result_subs=1 roi=ok intrinsic=ok inference_age_ms=38 target=none transport=False sorting_thread=alive
16:37:11 [v4][heartbeat] enter=False sorting=False cam=LIVE ai=LIVE cam_fps=57.4 pub_fps=30.2 frames=346382 result_subs=1 roi=ok intrinsic=ok inference_age_ms=80 target=none transport=False sorting_thread=alive
16:37:16 [v4][heartbeat] enter=False sorting=False cam=LIVE ai=LIVE cam_fps=53.4 pub_fps=30.4 frames=346649 result_subs=1 roi=ok intrinsic=ok inference_age_ms=51 target=none transport=False sorting_thread=alive
16:37:21 [v4][heartbeat] enter=False sorting=False cam=LIVE ai=LIVE cam_fps=57.4 pub_fps=30.4 frames=346936 result_subs=1 roi=ok intrinsic=ok inference_age_ms=76 target=none transport=False sorting_thread=alive
16:37:26 [v4][heartbeat] enter=False sorting=False cam=LIVE ai=LIVE cam_fps=58.0 pub_fps=30.2 frames=347226 result_subs=1 roi=ok intrinsic=ok inference_age_ms=84 target=none transport=False sorting_thread=alive
16:37:31 [v4][heartbeat] enter=False sorting=False cam=LIVE ai=LIVE cam_fps=53.4 pub_fps=30.4 frames=347493 result_subs=1 roi=ok intrinsic=ok inference_age_ms=57 target=none transport=False sorting_thread=alive
16:37:36 [v4][heartbeat] enter=False sorting=False cam=LIVE ai=LIVE cam_fps=58.4 pub_fps=30.2 frames=347785 result_subs=1 roi=ok intrinsic=ok inference_age_ms=54 target=none transport=False sorting_thread=alive
16:37:41 [v4][heartbeat] enter=False sorting=False cam=LIVE ai=LIVE cam_fps=55.0 pub_fps=30.4 frames=348060 result_subs=1 roi=ok intrinsic=ok inference_age_ms=64 target=none transport=False sorting_thread=alive
16:37:46 [v4][heartbeat] enter=False sorting=False cam=LIVE ai=LIVE cam_fps=56.4 pub_fps=30.2 frames=348342 result_subs=1 roi=ok intrinsic=ok inference_age_ms=45 target=none transport=False sorting_thread=alive
16:37:51 [v4][heartbeat] enter=False sorting=False cam=LIVE ai=LIVE cam_fps=53.8 pub_fps=30.4 frames=348611 result_subs=1 roi=ok intrinsic=ok inference_age_ms=75 target=none transport=False sorting_thread=alive
16:37:56 [v4][heartbeat] enter=False sorting=False cam=LIVE ai=LIVE cam_fps=55.8 pub_fps=30.2 frames=348890 result_subs=1 roi=ok intrinsic=ok inference_age_ms=59 target=none transport=False sorting_thread=alive
16:38:01 [v4][heartbeat] enter=False sorting=False cam=LIVE ai=LIVE cam_fps=58.0 pub_fps=30.4 frames=349180 result_subs=1 roi=ok intrinsic=ok inference_age_ms=61 target=none transport=False sorting_thread=alive
16:38:06 [v4][heartbeat] enter=False sorting=False cam=LIVE ai=LIVE cam_fps=53.1 pub_fps=30.1 frames=349446 result_subs=1 roi=ok intrinsic=ok inference_age_ms=65 target=none transport=False sorting_thread=alive
16:38:11 [v4][heartbeat] enter=False sorting=False cam=LIVE ai=LIVE cam_fps=56.1 pub_fps=30.4 frames=349726 result_subs=1 roi=ok intrinsic=ok inference_age_ms=55 target=none transport=False sorting_thread=alive
16:38:16 [v4][heartbeat] enter=False sorting=False cam=LIVE ai=LIVE cam_fps=57.2 pub_fps=30.2 frames=350012 result_subs=1 roi=ok intrinsic=ok inference_age_ms=50 target=none transport=False sorting_thread=alive
16:38:21 [v4][heartbeat] enter=False sorting=False cam=LIVE ai=LIVE cam_fps=54.4 pub_fps=30.4 frames=350284 result_subs=1 roi=ok intrinsic=ok inference_age_ms=39 target=none transport=False sorting_thread=alive
16:38:26 [v4][heartbeat] enter=False sorting=False cam=LIVE ai=LIVE cam_fps=57.0 pub_fps=30.2 frames=350569 result_subs=1 roi=ok intrinsic=ok inference_age_ms=47 target=none transport=False sorting_thread=alive
16:38:31 [v4][heartbeat] enter=False sorting=False cam=LIVE ai=LIVE cam_fps=53.8 pub_fps=30.4 frames=350838 result_subs=1 roi=ok intrinsic=ok inference_age_ms=59 target=none transport=False sorting_thread=alive
16:38:36 [v4][heartbeat] enter=False sorting=False cam=LIVE ai=LIVE cam_fps=54.8 pub_fps=30.2 frames=351112 result_subs=1 roi=ok intrinsic=ok inference_age_ms=46 target=none transport=False sorting_thread=alive
16:38:41 [v4][heartbeat] enter=False sorting=False cam=LIVE ai=LIVE cam_fps=54.8 pub_fps=30.4 frames=351386 result_subs=1 roi=ok intrinsic=ok inference_age_ms=60 target=none transport=False sorting_thread=alive
16:38:46 [v4][heartbeat] enter=False sorting=False cam=LIVE ai=LIVE cam_fps=55.6 pub_fps=30.2 frames=351664 result_subs=1 roi=ok intrinsic=ok inference_age_ms=76 target=none transport=False sorting_thread=alive
16:38:51 [v4][heartbeat] enter=False sorting=False cam=LIVE ai=LIVE cam_fps=57.8 pub_fps=30.4 frames=351953 result_subs=1 roi=ok intrinsic=ok inference_age_ms=42 target=none transport=False sorting_thread=alive
16:38:56 [v4][heartbeat] enter=False sorting=False cam=LIVE ai=LIVE cam_fps=55.2 pub_fps=30.2 frames=352229 result_subs=1 roi=ok intrinsic=ok inference_age_ms=92 target=none transport=False sorting_thread=alive
16:39:01 [v4][heartbeat] enter=False sorting=False cam=LIVE ai=LIVE cam_fps=54.2 pub_fps=30.4 frames=352500 result_subs=1 roi=ok intrinsic=ok inference_age_ms=38 target=none transport=False sorting_thread=alive
16:39:06 [v4][heartbeat] enter=False sorting=False cam=LIVE ai=LIVE cam_fps=56.6 pub_fps=30.2 frames=352783 result_subs=1 roi=ok intrinsic=ok inference_age_ms=49 target=none transport=False sorting_thread=alive
16:39:11 [v4][heartbeat] enter=False sorting=False cam=LIVE ai=LIVE cam_fps=54.0 pub_fps=30.4 frames=353053 result_subs=1 roi=ok intrinsic=ok inference_age_ms=64 target=none transport=False sorting_thread=alive
16:39:16 [v4][heartbeat] enter=False sorting=False cam=LIVE ai=LIVE cam_fps=57.6 pub_fps=30.2 frames=353341 result_subs=1 roi=ok intrinsic=ok inference_age_ms=68 target=none transport=False sorting_thread=alive
16:39:21 [v4][heartbeat] enter=False sorting=False cam=LIVE ai=LIVE cam_fps=56.4 pub_fps=30.4 frames=353623 result_subs=1 roi=ok intrinsic=ok inference_age_ms=40 target=none transport=False sorting_thread=alive
16:39:26 [v4][heartbeat] enter=False sorting=False cam=LIVE ai=LIVE cam_fps=55.4 pub_fps=30.2 frames=353900 result_subs=1 roi=ok intrinsic=ok inference_age_ms=81 target=none transport=False sorting_thread=alive
16:39:31 [v4][heartbeat] enter=False sorting=False cam=LIVE ai=LIVE cam_fps=57.6 pub_fps=30.4 frames=354188 result_subs=1 roi=ok intrinsic=ok inference_age_ms=71 target=none transport=False sorting_thread=alive
16:39:36 [v4][heartbeat] enter=False sorting=False cam=LIVE ai=LIVE cam_fps=53.8 pub_fps=30.4 frames=354457 result_subs=1 roi=ok intrinsic=ok inference_age_ms=50 target=none transport=False sorting_thread=alive
16:39:41 [v4][heartbeat] enter=False sorting=False cam=LIVE ai=LIVE cam_fps=53.6 pub_fps=30.2 frames=354725 result_subs=1 roi=ok intrinsic=ok inference_age_ms=44 target=none transport=False sorting_thread=alive
16:39:46 [v4][heartbeat] enter=False sorting=False cam=LIVE ai=LIVE cam_fps=57.2 pub_fps=30.4 frames=355011 result_subs=1 roi=ok intrinsic=ok inference_age_ms=66 target=none transport=False sorting_thread=alive
16:39:51 [v4][heartbeat] enter=False sorting=False cam=LIVE ai=LIVE cam_fps=53.8 pub_fps=30.2 frames=355280 result_subs=1 roi=ok intrinsic=ok inference_age_ms=43 target=none transport=False sorting_thread=alive
16:39:56 [v4][heartbeat] enter=False sorting=False cam=LIVE ai=LIVE cam_fps=54.8 pub_fps=30.4 frames=355554 result_subs=1 roi=ok intrinsic=ok inference_age_ms=73 target=none transport=False sorting_thread=alive
16:40:01 [v4][heartbeat] enter=False sorting=False cam=LIVE ai=LIVE cam_fps=53.8 pub_fps=30.2 frames=355823 result_subs=1 roi=ok intrinsic=ok inference_age_ms=66 target=none transport=False sorting_thread=alive
16:40:06 [v4][heartbeat] enter=False sorting=False cam=LIVE ai=LIVE cam_fps=54.6 pub_fps=30.4 frames=356096 result_subs=1 roi=ok intrinsic=ok inference_age_ms=58 target=none transport=False sorting_thread=alive
16:40:11 [v4][heartbeat] enter=False sorting=False cam=LIVE ai=LIVE cam_fps=57.4 pub_fps=30.2 frames=356383 result_subs=1 roi=ok intrinsic=ok inference_age_ms=50 target=none transport=False sorting_thread=alive
16:40:16 [v4][heartbeat] enter=False sorting=False cam=LIVE ai=LIVE cam_fps=52.6 pub_fps=30.4 frames=356646 result_subs=1 roi=ok intrinsic=ok inference_age_ms=60 target=none transport=False sorting_thread=alive
16:40:21 [v4][heartbeat] enter=False sorting=False cam=LIVE ai=LIVE cam_fps=56.4 pub_fps=30.2 frames=356928 result_subs=1 roi=ok intrinsic=ok inference_age_ms=71 target=none transport=False sorting_thread=alive
16:40:26 [v4][heartbeat] enter=False sorting=False cam=LIVE ai=LIVE cam_fps=53.0 pub_fps=30.4 frames=357193 result_subs=1 roi=ok intrinsic=ok inference_age_ms=57 target=none transport=False sorting_thread=alive
16:40:31 [v4][heartbeat] enter=False sorting=False cam=LIVE ai=LIVE cam_fps=55.6 pub_fps=30.2 frames=357471 result_subs=1 roi=ok intrinsic=ok inference_age_ms=60 target=none transport=False sorting_thread=alive
16:40:36 [v4][heartbeat] enter=False sorting=False cam=LIVE ai=LIVE cam_fps=56.2 pub_fps=30.4 frames=357752 result_subs=1 roi=ok intrinsic=ok inference_age_ms=61 target=none transport=False sorting_thread=alive
16:40:41 [v4][heartbeat] enter=False sorting=False cam=LIVE ai=LIVE cam_fps=53.0 pub_fps=30.2 frames=358017 result_subs=1 roi=ok intrinsic=ok inference_age_ms=61 target=none transport=False sorting_thread=alive
16:40:46 [v4][heartbeat] enter=False sorting=False cam=LIVE ai=LIVE cam_fps=57.4 pub_fps=30.4 frames=358304 result_subs=1 roi=ok intrinsic=ok inference_age_ms=68 target=none transport=False sorting_thread=alive
16:40:51 [v4][heartbeat] enter=False sorting=False cam=LIVE ai=LIVE cam_fps=55.0 pub_fps=30.2 frames=358579 result_subs=1 roi=ok intrinsic=ok inference_age_ms=43 target=none transport=False sorting_thread=alive
16:40:56 [v4][heartbeat] enter=False sorting=False cam=LIVE ai=LIVE cam_fps=56.6 pub_fps=30.4 frames=358862 result_subs=1 roi=ok intrinsic=ok inference_age_ms=65 target=none transport=False sorting_thread=alive
16:41:01 [v4][heartbeat] enter=False sorting=False cam=LIVE ai=LIVE cam_fps=57.2 pub_fps=30.2 frames=359148 result_subs=1 roi=ok intrinsic=ok inference_age_ms=66 target=none transport=False sorting_thread=alive
16:41:06 [v4][heartbeat] enter=False sorting=False cam=LIVE ai=LIVE cam_fps=52.6 pub_fps=30.4 frames=359411 result_subs=1 roi=ok intrinsic=ok inference_age_ms=62 target=none transport=False sorting_thread=alive
16:41:11 [v4][heartbeat] enter=False sorting=False cam=LIVE ai=LIVE cam_fps=57.0 pub_fps=30.2 frames=359696 result_subs=1 roi=ok intrinsic=ok inference_age_ms=70 target=none transport=False sorting_thread=alive
16:41:16 [v4][heartbeat] enter=False sorting=False cam=LIVE ai=LIVE cam_fps=54.4 pub_fps=30.4 frames=359968 result_subs=1 roi=ok intrinsic=ok inference_age_ms=75 target=none transport=False sorting_thread=alive
16:41:21 [v4][heartbeat] enter=False sorting=False cam=LIVE ai=LIVE cam_fps=55.0 pub_fps=30.2 frames=360243 result_subs=1 roi=ok intrinsic=ok inference_age_ms=78 target=none transport=False sorting_thread=alive
16:41:26 [v4][heartbeat] enter=False sorting=False cam=LIVE ai=LIVE cam_fps=56.6 pub_fps=30.4 frames=360526 result_subs=1 roi=ok intrinsic=ok inference_age_ms=65 target=none transport=False sorting_thread=alive
16:41:31 [v4][heartbeat] enter=False sorting=False cam=LIVE ai=LIVE cam_fps=52.8 pub_fps=30.2 frames=360790 result_subs=1 roi=ok intrinsic=ok inference_age_ms=38 target=none transport=False sorting_thread=alive
16:41:36 [v4][heartbeat] enter=False sorting=False cam=LIVE ai=LIVE cam_fps=57.2 pub_fps=30.4 frames=361076 result_subs=1 roi=ok intrinsic=ok inference_age_ms=44 target=none transport=False sorting_thread=alive
16:41:41 [v4][heartbeat] enter=False sorting=False cam=LIVE ai=LIVE cam_fps=55.8 pub_fps=30.2 frames=361355 result_subs=1 roi=ok intrinsic=ok inference_age_ms=53 target=none transport=False sorting_thread=alive
16:41:46 [v4][heartbeat] enter=False sorting=False cam=LIVE ai=LIVE cam_fps=55.0 pub_fps=30.4 frames=361630 result_subs=1 roi=ok intrinsic=ok inference_age_ms=33 target=none transport=False sorting_thread=alive
16:41:51 [v4][heartbeat] enter=False sorting=False cam=LIVE ai=LIVE cam_fps=58.6 pub_fps=30.4 frames=361923 result_subs=1 roi=ok intrinsic=ok inference_age_ms=54 target=none transport=False sorting_thread=alive
16:41:56 [v4][heartbeat] enter=False sorting=False cam=LIVE ai=LIVE cam_fps=51.4 pub_fps=30.2 frames=362180 result_subs=1 roi=ok intrinsic=ok inference_age_ms=63 target=none transport=False sorting_thread=alive
16:42:01 [v4][heartbeat] enter=False sorting=False cam=LIVE ai=LIVE cam_fps=54.0 pub_fps=30.4 frames=362450 result_subs=1 roi=ok intrinsic=ok inference_age_ms=66 target=none transport=False sorting_thread=alive
16:42:06 [v4][heartbeat] enter=False sorting=False cam=LIVE ai=LIVE cam_fps=56.4 pub_fps=30.2 frames=362732 result_subs=1 roi=ok intrinsic=ok inference_age_ms=68 target=none transport=False sorting_thread=alive
16:42:11 [v4][heartbeat] enter=False sorting=False cam=LIVE ai=LIVE cam_fps=53.6 pub_fps=30.4 frames=363000 result_subs=1 roi=ok intrinsic=ok inference_age_ms=54 target=none transport=False sorting_thread=alive
16:42:16 [v4][heartbeat] enter=False sorting=False cam=LIVE ai=LIVE cam_fps=56.0 pub_fps=30.2 frames=363280 result_subs=1 roi=ok intrinsic=ok inference_age_ms=62 target=none transport=False sorting_thread=alive
16:42:21 [v4][heartbeat] enter=False sorting=False cam=LIVE ai=LIVE cam_fps=50.4 pub_fps=30.4 frames=363532 result_subs=1 roi=ok intrinsic=ok inference_age_ms=52 target=none transport=False sorting_thread=alive
16:42:26 [v4][heartbeat] enter=False sorting=False cam=LIVE ai=LIVE cam_fps=55.6 pub_fps=30.2 frames=363810 result_subs=1 roi=ok intrinsic=ok inference_age_ms=62 target=none transport=False sorting_thread=alive
16:42:31 [v4][heartbeat] enter=False sorting=False cam=LIVE ai=LIVE cam_fps=55.2 pub_fps=30.4 frames=364086 result_subs=1 roi=ok intrinsic=ok inference_age_ms=61 target=none transport=False sorting_thread=alive
16:42:36 [v4][heartbeat] enter=False sorting=False cam=LIVE ai=LIVE cam_fps=53.8 pub_fps=30.2 frames=364355 result_subs=1 roi=ok intrinsic=ok inference_age_ms=46 target=none transport=False sorting_thread=alive
16:42:41 [v4][heartbeat] enter=False sorting=False cam=LIVE ai=LIVE cam_fps=57.8 pub_fps=30.4 frames=364644 result_subs=1 roi=ok intrinsic=ok inference_age_ms=56 target=none transport=False sorting_thread=alive
16:42:46 [v4][heartbeat] enter=False sorting=False cam=LIVE ai=LIVE cam_fps=53.0 pub_fps=30.2 frames=364909 result_subs=1 roi=ok intrinsic=ok inference_age_ms=40 target=none transport=False sorting_thread=alive
16:42:51 [v4][heartbeat] enter=False sorting=False cam=LIVE ai=LIVE cam_fps=56.8 pub_fps=30.4 frames=365193 result_subs=1 roi=ok intrinsic=ok inference_age_ms=50 target=none transport=False sorting_thread=alive
16:42:56 [v4][heartbeat] enter=False sorting=False cam=LIVE ai=LIVE cam_fps=56.2 pub_fps=30.2 frames=365474 result_subs=1 roi=ok intrinsic=ok inference_age_ms=46 target=none transport=False sorting_thread=alive
16:43:01 [v4][heartbeat] enter=False sorting=False cam=LIVE ai=LIVE cam_fps=52.8 pub_fps=30.4 frames=365738 result_subs=1 roi=ok intrinsic=ok inference_age_ms=80 target=none transport=False sorting_thread=alive
16:43:06 [v4][heartbeat] enter=False sorting=False cam=LIVE ai=LIVE cam_fps=58.2 pub_fps=30.2 frames=366029 result_subs=1 roi=ok intrinsic=ok inference_age_ms=64 target=none transport=False sorting_thread=alive
16:43:11 [v4][heartbeat] enter=False sorting=False cam=LIVE ai=LIVE cam_fps=53.2 pub_fps=30.2 frames=366295 result_subs=1 roi=ok intrinsic=ok inference_age_ms=53 target=none transport=False sorting_thread=alive
16:43:16 [v4][heartbeat] enter=False sorting=False cam=LIVE ai=LIVE cam_fps=55.2 pub_fps=30.4 frames=366571 result_subs=1 roi=ok intrinsic=ok inference_age_ms=45 target=none transport=False sorting_thread=alive
16:43:21 [v4][heartbeat] enter=False sorting=False cam=LIVE ai=LIVE cam_fps=55.8 pub_fps=30.4 frames=366850 result_subs=1 roi=ok intrinsic=ok inference_age_ms=57 target=none transport=False sorting_thread=alive
16:43:26 [v4][heartbeat] enter=False sorting=False cam=LIVE ai=LIVE cam_fps=53.8 pub_fps=30.2 frames=367119 result_subs=1 roi=ok intrinsic=ok inference_age_ms=94 target=none transport=False sorting_thread=alive
16:43:31 [v4][heartbeat] enter=False sorting=False cam=LIVE ai=LIVE cam_fps=58.8 pub_fps=30.4 frames=367413 result_subs=1 roi=ok intrinsic=ok inference_age_ms=53 target=none transport=False sorting_thread=alive
16:43:36 [v4][heartbeat] enter=False sorting=False cam=LIVE ai=LIVE cam_fps=56.4 pub_fps=30.2 frames=367695 result_subs=1 roi=ok intrinsic=ok inference_age_ms=53 target=none transport=False sorting_thread=alive
16:43:41 [v4][heartbeat] enter=False sorting=False cam=LIVE ai=LIVE cam_fps=56.8 pub_fps=30.4 frames=367979 result_subs=1 roi=ok intrinsic=ok inference_age_ms=70 target=none transport=False sorting_thread=alive
16:43:46 [v4][heartbeat] enter=False sorting=False cam=LIVE ai=LIVE cam_fps=57.6 pub_fps=30.2 frames=368267 result_subs=1 roi=ok intrinsic=ok inference_age_ms=34 target=none transport=False sorting_thread=alive
16:43:51 [v4][heartbeat] enter=False sorting=False cam=LIVE ai=LIVE cam_fps=54.6 pub_fps=30.4 frames=368540 result_subs=1 roi=ok intrinsic=ok inference_age_ms=50 target=none transport=False sorting_thread=alive
16:43:56 [v4][heartbeat] enter=False sorting=False cam=LIVE ai=LIVE cam_fps=58.2 pub_fps=30.2 frames=368831 result_subs=1 roi=ok intrinsic=ok inference_age_ms=56 target=none transport=False sorting_thread=alive
16:44:01 [v4][heartbeat] enter=False sorting=False cam=LIVE ai=LIVE cam_fps=54.6 pub_fps=30.4 frames=369104 result_subs=1 roi=ok intrinsic=ok inference_age_ms=51 target=none transport=False sorting_thread=alive
16:44:06 [v4][heartbeat] enter=False sorting=False cam=LIVE ai=LIVE cam_fps=54.8 pub_fps=30.2 frames=369378 result_subs=1 roi=ok intrinsic=ok inference_age_ms=75 target=none transport=False sorting_thread=alive
16:44:11 [v4][heartbeat] enter=False sorting=False cam=LIVE ai=LIVE cam_fps=56.8 pub_fps=30.4 frames=369662 result_subs=1 roi=ok intrinsic=ok inference_age_ms=62 target=none transport=False sorting_thread=alive
16:44:16 [v4][heartbeat] enter=False sorting=False cam=LIVE ai=LIVE cam_fps=54.0 pub_fps=30.2 frames=369932 result_subs=1 roi=ok intrinsic=ok inference_age_ms=75 target=none transport=False sorting_thread=alive
16:44:21 [v4][heartbeat] enter=False sorting=False cam=LIVE ai=LIVE cam_fps=57.2 pub_fps=30.4 frames=370218 result_subs=1 roi=ok intrinsic=ok inference_age_ms=69 target=none transport=False sorting_thread=alive
16:44:26 [v4][heartbeat] enter=False sorting=False cam=LIVE ai=LIVE cam_fps=55.6 pub_fps=30.2 frames=370496 result_subs=1 roi=ok intrinsic=ok inference_age_ms=53 target=none transport=False sorting_thread=alive
16:44:31 [v4][heartbeat] enter=False sorting=False cam=LIVE ai=LIVE cam_fps=50.4 pub_fps=30.4 frames=370748 result_subs=1 roi=ok intrinsic=ok inference_age_ms=45 target=none transport=False sorting_thread=alive
16:44:36 [v4][heartbeat] enter=False sorting=False cam=LIVE ai=LIVE cam_fps=57.2 pub_fps=30.4 frames=371034 result_subs=1 roi=ok intrinsic=ok inference_age_ms=52 target=none transport=False sorting_thread=alive
16:44:41 [v4][heartbeat] enter=False sorting=False cam=LIVE ai=LIVE cam_fps=53.2 pub_fps=30.2 frames=371300 result_subs=1 roi=ok intrinsic=ok inference_age_ms=60 target=none transport=False sorting_thread=alive
16:44:46 [v4][heartbeat] enter=False sorting=False cam=LIVE ai=LIVE cam_fps=55.0 pub_fps=30.4 frames=371575 result_subs=1 roi=ok intrinsic=ok inference_age_ms=46 target=none transport=False sorting_thread=alive
16:44:51 [v4][heartbeat] enter=False sorting=False cam=LIVE ai=LIVE cam_fps=55.6 pub_fps=30.2 frames=371853 result_subs=1 roi=ok intrinsic=ok inference_age_ms=36 target=none transport=False sorting_thread=alive
16:44:56 [v4][heartbeat] enter=False sorting=False cam=LIVE ai=LIVE cam_fps=54.6 pub_fps=30.2 frames=372126 result_subs=1 roi=ok intrinsic=ok inference_age_ms=40 target=none transport=False sorting_thread=alive
16:45:01 [v4][heartbeat] enter=False sorting=False cam=LIVE ai=LIVE cam_fps=56.6 pub_fps=30.4 frames=372409 result_subs=1 roi=ok intrinsic=ok inference_age_ms=65 target=none transport=False sorting_thread=alive
16:45:06 [v4][heartbeat] enter=False sorting=False cam=LIVE ai=LIVE cam_fps=52.8 pub_fps=30.4 frames=372673 result_subs=1 roi=ok intrinsic=ok inference_age_ms=53 target=none transport=False sorting_thread=alive
16:45:11 [v4][heartbeat] enter=False sorting=False cam=LIVE ai=LIVE cam_fps=55.8 pub_fps=30.2 frames=372952 result_subs=1 roi=ok intrinsic=ok inference_age_ms=73 target=none transport=False sorting_thread=alive
16:45:16 [v4][heartbeat] enter=False sorting=False cam=LIVE ai=LIVE cam_fps=56.4 pub_fps=30.4 frames=373234 result_subs=1 roi=ok intrinsic=ok inference_age_ms=71 target=none transport=False sorting_thread=alive
16:45:21 [v4][heartbeat] enter=False sorting=False cam=LIVE ai=LIVE cam_fps=54.0 pub_fps=30.2 frames=373504 result_subs=1 roi=ok intrinsic=ok inference_age_ms=59 target=none transport=False sorting_thread=alive
16:45:26 [v4][heartbeat] enter=False sorting=False cam=LIVE ai=LIVE cam_fps=55.6 pub_fps=30.2 frames=373782 result_subs=1 roi=ok intrinsic=ok inference_age_ms=61 target=none transport=False sorting_thread=alive
16:45:31 [v4][heartbeat] enter=False sorting=False cam=LIVE ai=LIVE cam_fps=52.4 pub_fps=30.4 frames=374044 result_subs=1 roi=ok intrinsic=ok inference_age_ms=38 target=none transport=False sorting_thread=alive
16:45:36 [v4][heartbeat] enter=False sorting=False cam=LIVE ai=LIVE cam_fps=55.8 pub_fps=30.2 frames=374323 result_subs=1 roi=ok intrinsic=ok inference_age_ms=46 target=none transport=False sorting_thread=alive
16:45:41 [v4][heartbeat] enter=False sorting=False cam=LIVE ai=LIVE cam_fps=57.2 pub_fps=30.4 frames=374609 result_subs=1 roi=ok intrinsic=ok inference_age_ms=60 target=none transport=False sorting_thread=alive
16:45:46 [v4][heartbeat] enter=False sorting=False cam=LIVE ai=LIVE cam_fps=55.2 pub_fps=30.4 frames=374885 result_subs=1 roi=ok intrinsic=ok inference_age_ms=61 target=none transport=False sorting_thread=alive
16:45:51 [v4][heartbeat] enter=False sorting=False cam=LIVE ai=LIVE cam_fps=57.0 pub_fps=30.2 frames=375170 result_subs=1 roi=ok intrinsic=ok inference_age_ms=57 target=none transport=False sorting_thread=alive
16:45:56 [v4][heartbeat] enter=False sorting=False cam=LIVE ai=LIVE cam_fps=55.4 pub_fps=30.4 frames=375447 result_subs=1 roi=ok intrinsic=ok inference_age_ms=63 target=none transport=False sorting_thread=alive
16:46:01 [v4][heartbeat] enter=False sorting=False cam=LIVE ai=LIVE cam_fps=55.1 pub_fps=30.2 frames=375722 result_subs=1 roi=ok intrinsic=ok inference_age_ms=33 target=none transport=False sorting_thread=alive
16:46:06 [v4][heartbeat] enter=False sorting=False cam=LIVE ai=LIVE cam_fps=56.8 pub_fps=30.4 frames=376006 result_subs=1 roi=ok intrinsic=ok inference_age_ms=67 target=none transport=False sorting_thread=alive
16:46:11 [v4][heartbeat] enter=False sorting=False cam=LIVE ai=LIVE cam_fps=52.8 pub_fps=30.2 frames=376270 result_subs=1 roi=ok intrinsic=ok inference_age_ms=53 target=none transport=False sorting_thread=alive
16:46:16 [v4][heartbeat] enter=False sorting=False cam=LIVE ai=LIVE cam_fps=57.2 pub_fps=30.4 frames=376556 result_subs=1 roi=ok intrinsic=ok inference_age_ms=63 target=none transport=False sorting_thread=alive
16:46:21 [v4][heartbeat] enter=False sorting=False cam=LIVE ai=LIVE cam_fps=57.6 pub_fps=30.2 frames=376844 result_subs=1 roi=ok intrinsic=ok inference_age_ms=46 target=none transport=False sorting_thread=alive
16:46:26 [v4][heartbeat] enter=False sorting=False cam=LIVE ai=LIVE cam_fps=54.4 pub_fps=30.4 frames=377116 result_subs=1 roi=ok intrinsic=ok inference_age_ms=60 target=none transport=False sorting_thread=alive
16:46:31 [v4][heartbeat] enter=False sorting=False cam=LIVE ai=LIVE cam_fps=59.4 pub_fps=30.2 frames=377413 result_subs=1 roi=ok intrinsic=ok inference_age_ms=58 target=none transport=False sorting_thread=alive
16:46:36 [v4][heartbeat] enter=False sorting=False cam=LIVE ai=LIVE cam_fps=52.2 pub_fps=30.4 frames=377674 result_subs=1 roi=ok intrinsic=ok inference_age_ms=51 target=none transport=False sorting_thread=alive
16:46:41 [v4][heartbeat] enter=False sorting=False cam=LIVE ai=LIVE cam_fps=56.4 pub_fps=30.2 frames=377956 result_subs=1 roi=ok intrinsic=ok inference_age_ms=35 target=none transport=False sorting_thread=alive
16:46:46 [v4][heartbeat] enter=False sorting=False cam=LIVE ai=LIVE cam_fps=55.8 pub_fps=30.4 frames=378235 result_subs=1 roi=ok intrinsic=ok inference_age_ms=60 target=none transport=False sorting_thread=alive
16:46:51 [v4][heartbeat] enter=False sorting=False cam=LIVE ai=LIVE cam_fps=54.2 pub_fps=30.2 frames=378506 result_subs=1 roi=ok intrinsic=ok inference_age_ms=52 target=none transport=False sorting_thread=alive
16:46:56 [v4][heartbeat] enter=False sorting=False cam=LIVE ai=LIVE cam_fps=56.8 pub_fps=30.4 frames=378790 result_subs=1 roi=ok intrinsic=ok inference_age_ms=59 target=none transport=False sorting_thread=alive
16:47:01 [v4][heartbeat] enter=False sorting=False cam=LIVE ai=LIVE cam_fps=52.2 pub_fps=30.2 frames=379051 result_subs=1 roi=ok intrinsic=ok inference_age_ms=77 target=none transport=False sorting_thread=alive
16:47:06 [v4][heartbeat] enter=False sorting=False cam=LIVE ai=LIVE cam_fps=55.6 pub_fps=30.4 frames=379329 result_subs=1 roi=ok intrinsic=ok inference_age_ms=49 target=none transport=False sorting_thread=alive
16:47:11 [v4][heartbeat] enter=False sorting=False cam=LIVE ai=LIVE cam_fps=58.0 pub_fps=30.4 frames=379619 result_subs=1 roi=ok intrinsic=ok inference_age_ms=55 target=none transport=False sorting_thread=alive
16:47:16 [v4][heartbeat] enter=False sorting=False cam=LIVE ai=LIVE cam_fps=51.6 pub_fps=30.2 frames=379877 result_subs=1 roi=ok intrinsic=ok inference_age_ms=35 target=none transport=False sorting_thread=alive
16:47:21 [v4][heartbeat] enter=False sorting=False cam=LIVE ai=LIVE cam_fps=57.4 pub_fps=30.4 frames=380164 result_subs=1 roi=ok intrinsic=ok inference_age_ms=55 target=none transport=False sorting_thread=alive
16:47:26 [v4][heartbeat] enter=False sorting=False cam=LIVE ai=LIVE cam_fps=54.8 pub_fps=30.2 frames=380438 result_subs=1 roi=ok intrinsic=ok inference_age_ms=35 target=none transport=False sorting_thread=alive
16:47:31 [v4][heartbeat] enter=False sorting=False cam=LIVE ai=LIVE cam_fps=56.4 pub_fps=30.2 frames=380720 result_subs=1 roi=ok intrinsic=ok inference_age_ms=42 target=none transport=False sorting_thread=alive
16:47:36 [v4][heartbeat] enter=False sorting=False cam=LIVE ai=LIVE cam_fps=55.0 pub_fps=30.4 frames=380995 result_subs=1 roi=ok intrinsic=ok inference_age_ms=42 target=none transport=False sorting_thread=alive
16:47:41 [v4][heartbeat] enter=False sorting=False cam=LIVE ai=LIVE cam_fps=55.2 pub_fps=30.2 frames=381271 result_subs=1 roi=ok intrinsic=ok inference_age_ms=57 target=none transport=False sorting_thread=alive
16:47:46 [v4][heartbeat] enter=False sorting=False cam=LIVE ai=LIVE cam_fps=56.2 pub_fps=30.4 frames=381552 result_subs=1 roi=ok intrinsic=ok inference_age_ms=43 target=none transport=False sorting_thread=alive
16:47:51 [v4][heartbeat] enter=False sorting=False cam=LIVE ai=LIVE cam_fps=53.0 pub_fps=30.4 frames=381817 result_subs=1 roi=ok intrinsic=ok inference_age_ms=56 target=none transport=False sorting_thread=alive
16:47:56 [v4][heartbeat] enter=False sorting=False cam=LIVE ai=LIVE cam_fps=55.0 pub_fps=30.2 frames=382092 result_subs=1 roi=ok intrinsic=ok inference_age_ms=63 target=none transport=False sorting_thread=alive
16:48:01 [v4][heartbeat] enter=False sorting=False cam=LIVE ai=LIVE cam_fps=56.4 pub_fps=30.4 frames=382374 result_subs=1 roi=ok intrinsic=ok inference_age_ms=72 target=none transport=False sorting_thread=alive
16:48:06 [v4][heartbeat] enter=False sorting=False cam=LIVE ai=LIVE cam_fps=53.2 pub_fps=30.2 frames=382640 result_subs=1 roi=ok intrinsic=ok inference_age_ms=54 target=none transport=False sorting_thread=alive
16:48:11 [v4][heartbeat] enter=False sorting=False cam=LIVE ai=LIVE cam_fps=56.4 pub_fps=30.2 frames=382922 result_subs=1 roi=ok intrinsic=ok inference_age_ms=50 target=none transport=False sorting_thread=alive
16:48:16 [v4][heartbeat] enter=False sorting=False cam=LIVE ai=LIVE cam_fps=53.8 pub_fps=30.4 frames=383191 result_subs=1 roi=ok intrinsic=ok inference_age_ms=36 target=none transport=False sorting_thread=alive
16:48:21 [v4][heartbeat] enter=False sorting=False cam=LIVE ai=LIVE cam_fps=56.4 pub_fps=30.4 frames=383473 result_subs=1 roi=ok intrinsic=ok inference_age_ms=51 target=none transport=False sorting_thread=alive
16:48:26 [v4][heartbeat] enter=False sorting=False cam=LIVE ai=LIVE cam_fps=58.2 pub_fps=30.2 frames=383764 result_subs=1 roi=ok intrinsic=ok inference_age_ms=35 target=none transport=False sorting_thread=alive
16:48:31 [v4][heartbeat] enter=False sorting=False cam=LIVE ai=LIVE cam_fps=54.4 pub_fps=30.4 frames=384036 result_subs=1 roi=ok intrinsic=ok inference_age_ms=48 target=none transport=False sorting_thread=alive
16:48:36 [v4][heartbeat] enter=False sorting=False cam=LIVE ai=LIVE cam_fps=58.0 pub_fps=30.2 frames=384326 result_subs=1 roi=ok intrinsic=ok inference_age_ms=57 target=none transport=False sorting_thread=alive
16:48:41 [v4][heartbeat] enter=False sorting=False cam=LIVE ai=LIVE cam_fps=56.7 pub_fps=30.2 frames=384609 result_subs=1 roi=ok intrinsic=ok inference_age_ms=51 target=none transport=False sorting_thread=alive
16:48:46 [v4][heartbeat] enter=False sorting=False cam=LIVE ai=LIVE cam_fps=56.0 pub_fps=30.4 frames=384889 result_subs=1 roi=ok intrinsic=ok inference_age_ms=38 target=none transport=False sorting_thread=alive
16:48:51 [v4][heartbeat] enter=False sorting=False cam=LIVE ai=LIVE cam_fps=58.4 pub_fps=30.4 frames=385181 result_subs=1 roi=ok intrinsic=ok inference_age_ms=54 target=none transport=False sorting_thread=alive
16:48:56 [v4][heartbeat] enter=False sorting=False cam=LIVE ai=LIVE cam_fps=56.0 pub_fps=30.2 frames=385461 result_subs=1 roi=ok intrinsic=ok inference_age_ms=67 target=none transport=False sorting_thread=alive
16:49:01 [v4][heartbeat] enter=False sorting=False cam=LIVE ai=LIVE cam_fps=58.4 pub_fps=30.4 frames=385753 result_subs=1 roi=ok intrinsic=ok inference_age_ms=67 target=none transport=False sorting_thread=alive
16:49:06 [v4][heartbeat] enter=False sorting=False cam=LIVE ai=LIVE cam_fps=57.8 pub_fps=30.2 frames=386042 result_subs=1 roi=ok intrinsic=ok inference_age_ms=44 target=none transport=False sorting_thread=alive
16:49:11 [v4][heartbeat] enter=False sorting=False cam=LIVE ai=LIVE cam_fps=54.4 pub_fps=30.4 frames=386314 result_subs=1 roi=ok intrinsic=ok inference_age_ms=58 target=none transport=False sorting_thread=alive
16:49:16 [v4][heartbeat] enter=False sorting=False cam=LIVE ai=LIVE cam_fps=58.6 pub_fps=30.2 frames=386607 result_subs=1 roi=ok intrinsic=ok inference_age_ms=42 target=none transport=False sorting_thread=alive
16:49:21 [v4][heartbeat] enter=False sorting=False cam=LIVE ai=LIVE cam_fps=54.4 pub_fps=30.4 frames=386879 result_subs=1 roi=ok intrinsic=ok inference_age_ms=52 target=none transport=False sorting_thread=alive
16:49:26 [v4][heartbeat] enter=False sorting=False cam=LIVE ai=LIVE cam_fps=57.6 pub_fps=30.2 frames=387167 result_subs=1 roi=ok intrinsic=ok inference_age_ms=47 target=none transport=False sorting_thread=alive
16:49:31 [v4][heartbeat] enter=False sorting=False cam=LIVE ai=LIVE cam_fps=57.2 pub_fps=30.4 frames=387453 result_subs=1 roi=ok intrinsic=ok inference_age_ms=66 target=none transport=False sorting_thread=alive
16:49:36 [v4][heartbeat] enter=False sorting=False cam=LIVE ai=LIVE cam_fps=55.2 pub_fps=30.2 frames=387729 result_subs=1 roi=ok intrinsic=ok inference_age_ms=46 target=none transport=False sorting_thread=alive
16:49:41 [v4][heartbeat] enter=False sorting=False cam=LIVE ai=LIVE cam_fps=58.4 pub_fps=30.4 frames=388021 result_subs=1 roi=ok intrinsic=ok inference_age_ms=64 target=none transport=False sorting_thread=alive
16:49:46 [v4][heartbeat] enter=False sorting=False cam=LIVE ai=LIVE cam_fps=54.4 pub_fps=30.2 frames=388293 result_subs=1 roi=ok intrinsic=ok inference_age_ms=44 target=none transport=False sorting_thread=alive
16:49:51 [v4][heartbeat] enter=False sorting=False cam=LIVE ai=LIVE cam_fps=57.6 pub_fps=30.4 frames=388581 result_subs=1 roi=ok intrinsic=ok inference_age_ms=49 target=none transport=False sorting_thread=alive
16:49:56 [v4][heartbeat] enter=False sorting=False cam=LIVE ai=LIVE cam_fps=58.0 pub_fps=30.2 frames=388871 result_subs=1 roi=ok intrinsic=ok inference_age_ms=61 target=none transport=False sorting_thread=alive
16:50:01 [v4][heartbeat] enter=False sorting=False cam=LIVE ai=LIVE cam_fps=54.8 pub_fps=30.4 frames=389145 result_subs=1 roi=ok intrinsic=ok inference_age_ms=38 target=none transport=False sorting_thread=alive
16:50:06 [v4][heartbeat] enter=False sorting=False cam=LIVE ai=LIVE cam_fps=58.4 pub_fps=30.2 frames=389437 result_subs=1 roi=ok intrinsic=ok inference_age_ms=80 target=none transport=False sorting_thread=alive
16:50:11 [v4][heartbeat] enter=False sorting=False cam=LIVE ai=LIVE cam_fps=57.0 pub_fps=30.4 frames=389722 result_subs=1 roi=ok intrinsic=ok inference_age_ms=64 target=none transport=False sorting_thread=alive
16:50:16 [v4][heartbeat] enter=False sorting=False cam=LIVE ai=LIVE cam_fps=57.8 pub_fps=30.4 frames=390011 result_subs=1 roi=ok intrinsic=ok inference_age_ms=52 target=none transport=False sorting_thread=alive
16:50:21 [v4][heartbeat] enter=False sorting=False cam=LIVE ai=LIVE cam_fps=58.0 pub_fps=30.2 frames=390301 result_subs=1 roi=ok intrinsic=ok inference_age_ms=54 target=none transport=False sorting_thread=alive
16:50:26 [v4][heartbeat] enter=False sorting=False cam=LIVE ai=LIVE cam_fps=55.0 pub_fps=30.4 frames=390576 result_subs=1 roi=ok intrinsic=ok inference_age_ms=70 target=none transport=False sorting_thread=alive
16:50:31 [v4][heartbeat] enter=False sorting=False cam=LIVE ai=LIVE cam_fps=58.8 pub_fps=30.2 frames=390870 result_subs=1 roi=ok intrinsic=ok inference_age_ms=40 target=none transport=False sorting_thread=alive
16:50:36 [v4][heartbeat] enter=False sorting=False cam=LIVE ai=LIVE cam_fps=54.0 pub_fps=30.2 frames=391140 result_subs=1 roi=ok intrinsic=ok inference_age_ms=52 target=none transport=False sorting_thread=alive
16:50:41 [v4][heartbeat] enter=False sorting=False cam=LIVE ai=LIVE cam_fps=56.2 pub_fps=30.4 frames=391421 result_subs=1 roi=ok intrinsic=ok inference_age_ms=55 target=none transport=False sorting_thread=alive
16:50:46 [v4][heartbeat] enter=False sorting=False cam=LIVE ai=LIVE cam_fps=59.2 pub_fps=30.4 frames=391717 result_subs=1 roi=ok intrinsic=ok inference_age_ms=52 target=none transport=False sorting_thread=alive
16:50:51 [v4][heartbeat] enter=False sorting=False cam=LIVE ai=LIVE cam_fps=50.6 pub_fps=30.2 frames=391970 result_subs=1 roi=ok intrinsic=ok inference_age_ms=45 target=none transport=False sorting_thread=alive
16:50:56 [v4][heartbeat] enter=False sorting=False cam=LIVE ai=LIVE cam_fps=59.2 pub_fps=30.4 frames=392266 result_subs=1 roi=ok intrinsic=ok inference_age_ms=41 target=none transport=False sorting_thread=alive
16:51:01 [v4][heartbeat] enter=False sorting=False cam=LIVE ai=LIVE cam_fps=57.2 pub_fps=30.2 frames=392552 result_subs=1 roi=ok intrinsic=ok inference_age_ms=34 target=none transport=False sorting_thread=alive
16:51:06 [v4][heartbeat] enter=False sorting=False cam=LIVE ai=LIVE cam_fps=56.6 pub_fps=30.2 frames=392835 result_subs=1 roi=ok intrinsic=ok inference_age_ms=55 target=none transport=False sorting_thread=alive
16:51:11 [v4][heartbeat] enter=False sorting=False cam=LIVE ai=LIVE cam_fps=57.6 pub_fps=30.4 frames=393123 result_subs=1 roi=ok intrinsic=ok inference_age_ms=53 target=none transport=False sorting_thread=alive
16:51:16 [v4][heartbeat] enter=False sorting=False cam=LIVE ai=LIVE cam_fps=55.2 pub_fps=30.4 frames=393399 result_subs=1 roi=ok intrinsic=ok inference_age_ms=64 target=none transport=False sorting_thread=alive
16:51:21 [v4][heartbeat] enter=False sorting=False cam=LIVE ai=LIVE cam_fps=57.0 pub_fps=30.2 frames=393684 result_subs=1 roi=ok intrinsic=ok inference_age_ms=51 target=none transport=False sorting_thread=alive
16:51:26 [v4][heartbeat] enter=False sorting=False cam=LIVE ai=LIVE cam_fps=58.0 pub_fps=30.4 frames=393974 result_subs=1 roi=ok intrinsic=ok inference_age_ms=72 target=none transport=False sorting_thread=alive
16:51:31 [v4][heartbeat] enter=False sorting=False cam=LIVE ai=LIVE cam_fps=55.2 pub_fps=30.2 frames=394250 result_subs=1 roi=ok intrinsic=ok inference_age_ms=39 target=none transport=False sorting_thread=alive
16:51:36 [v4][heartbeat] enter=False sorting=False cam=LIVE ai=LIVE cam_fps=59.4 pub_fps=30.4 frames=394547 result_subs=1 roi=ok intrinsic=ok inference_age_ms=80 target=none transport=False sorting_thread=alive
16:51:41 [v4][heartbeat] enter=False sorting=False cam=LIVE ai=LIVE cam_fps=53.6 pub_fps=30.2 frames=394815 result_subs=1 roi=ok intrinsic=ok inference_age_ms=64 target=none transport=False sorting_thread=alive
16:51:46 [v4][heartbeat] enter=False sorting=False cam=LIVE ai=LIVE cam_fps=57.2 pub_fps=30.4 frames=395101 result_subs=1 roi=ok intrinsic=ok inference_age_ms=61 target=none transport=False sorting_thread=alive
16:51:51 [v4][heartbeat] enter=False sorting=False cam=LIVE ai=LIVE cam_fps=57.8 pub_fps=30.2 frames=395390 result_subs=1 roi=ok intrinsic=ok inference_age_ms=73 target=none transport=False sorting_thread=alive
16:51:56 [v4][heartbeat] enter=False sorting=False cam=LIVE ai=LIVE cam_fps=56.0 pub_fps=30.4 frames=395670 result_subs=1 roi=ok intrinsic=ok inference_age_ms=62 target=none transport=False sorting_thread=alive
16:52:01 [v4][heartbeat] enter=False sorting=False cam=LIVE ai=LIVE cam_fps=59.0 pub_fps=30.2 frames=395965 result_subs=1 roi=ok intrinsic=ok inference_age_ms=43 target=none transport=False sorting_thread=alive
16:52:06 [v4][heartbeat] enter=False sorting=False cam=LIVE ai=LIVE cam_fps=53.2 pub_fps=30.4 frames=396231 result_subs=1 roi=ok intrinsic=ok inference_age_ms=87 target=none transport=False sorting_thread=alive
16:52:11 [v4][heartbeat] enter=False sorting=False cam=LIVE ai=LIVE cam_fps=58.8 pub_fps=30.2 frames=396525 result_subs=1 roi=ok intrinsic=ok inference_age_ms=41 target=none transport=False sorting_thread=alive
16:52:16 [v4][heartbeat] enter=False sorting=False cam=LIVE ai=LIVE cam_fps=58.4 pub_fps=30.4 frames=396817 result_subs=1 roi=ok intrinsic=ok inference_age_ms=37 target=none transport=False sorting_thread=alive
16:52:21 [v4][heartbeat] enter=False sorting=False cam=LIVE ai=LIVE cam_fps=54.8 pub_fps=30.2 frames=397091 result_subs=1 roi=ok intrinsic=ok inference_age_ms=43 target=none transport=False sorting_thread=alive
16:52:26 [v4][heartbeat] enter=False sorting=False cam=LIVE ai=LIVE cam_fps=58.6 pub_fps=30.4 frames=397384 result_subs=1 roi=ok intrinsic=ok inference_age_ms=65 target=none transport=False sorting_thread=alive
16:52:31 [v4][heartbeat] enter=False sorting=False cam=LIVE ai=LIVE cam_fps=54.6 pub_fps=30.2 frames=397657 result_subs=1 roi=ok intrinsic=ok inference_age_ms=42 target=none transport=False sorting_thread=alive
16:52:36 [v4][heartbeat] enter=False sorting=False cam=LIVE ai=LIVE cam_fps=57.4 pub_fps=30.4 frames=397944 result_subs=1 roi=ok intrinsic=ok inference_age_ms=60 target=none transport=False sorting_thread=alive
16:52:41 [v4][heartbeat] enter=False sorting=False cam=LIVE ai=LIVE cam_fps=59.2 pub_fps=30.2 frames=398240 result_subs=1 roi=ok intrinsic=ok inference_age_ms=54 target=none transport=False sorting_thread=alive
16:52:46 [v4][heartbeat] enter=False sorting=False cam=LIVE ai=LIVE cam_fps=52.6 pub_fps=30.4 frames=398503 result_subs=1 roi=ok intrinsic=ok inference_age_ms=40 target=none transport=False sorting_thread=alive
16:52:51 [v4][heartbeat] enter=False sorting=False cam=LIVE ai=LIVE cam_fps=58.6 pub_fps=30.2 frames=398796 result_subs=1 roi=ok intrinsic=ok inference_age_ms=46 target=none transport=False sorting_thread=alive
16:52:56 [v4][heartbeat] enter=False sorting=False cam=LIVE ai=LIVE cam_fps=56.2 pub_fps=30.4 frames=399077 result_subs=1 roi=ok intrinsic=ok inference_age_ms=65 target=none transport=False sorting_thread=alive
16:53:01 [v4][heartbeat] enter=False sorting=False cam=LIVE ai=LIVE cam_fps=56.8 pub_fps=30.2 frames=399361 result_subs=1 roi=ok intrinsic=ok inference_age_ms=39 target=none transport=False sorting_thread=alive
16:53:06 [v4][heartbeat] enter=False sorting=False cam=LIVE ai=LIVE cam_fps=59.2 pub_fps=30.4 frames=399657 result_subs=1 roi=ok intrinsic=ok inference_age_ms=52 target=none transport=False sorting_thread=alive
16:53:11 [v4][heartbeat] enter=False sorting=False cam=LIVE ai=LIVE cam_fps=56.8 pub_fps=30.2 frames=399941 result_subs=1 roi=ok intrinsic=ok inference_age_ms=66 target=none transport=False sorting_thread=alive
16:53:16 [v4][heartbeat] enter=False sorting=False cam=LIVE ai=LIVE cam_fps=58.2 pub_fps=30.4 frames=400232 result_subs=1 roi=ok intrinsic=ok inference_age_ms=42 target=none transport=False sorting_thread=alive
16:53:21 [v4][heartbeat] enter=False sorting=False cam=LIVE ai=LIVE cam_fps=57.0 pub_fps=30.2 frames=400517 result_subs=1 roi=ok intrinsic=ok inference_age_ms=51 target=none transport=False sorting_thread=alive
16:53:26 [v4][heartbeat] enter=False sorting=False cam=LIVE ai=LIVE cam_fps=55.6 pub_fps=30.4 frames=400795 result_subs=1 roi=ok intrinsic=ok inference_age_ms=42 target=none transport=False sorting_thread=alive
16:53:31 [v4][heartbeat] enter=False sorting=False cam=LIVE ai=LIVE cam_fps=58.6 pub_fps=30.4 frames=401088 result_subs=1 roi=ok intrinsic=ok inference_age_ms=65 target=none transport=False sorting_thread=alive
16:53:36 [v4][heartbeat] enter=False sorting=False cam=LIVE ai=LIVE cam_fps=52.8 pub_fps=30.2 frames=401352 result_subs=1 roi=ok intrinsic=ok inference_age_ms=57 target=none transport=False sorting_thread=alive
16:53:41 [v4][heartbeat] enter=False sorting=False cam=LIVE ai=LIVE cam_fps=58.8 pub_fps=30.2 frames=401646 result_subs=1 roi=ok intrinsic=ok inference_age_ms=40 target=none transport=False sorting_thread=alive
16:53:46 [v4][heartbeat] enter=False sorting=False cam=LIVE ai=LIVE cam_fps=57.4 pub_fps=30.4 frames=401933 result_subs=1 roi=ok intrinsic=ok inference_age_ms=36 target=none transport=False sorting_thread=alive
16:53:51 [v4][heartbeat] enter=False sorting=False cam=LIVE ai=LIVE cam_fps=54.7 pub_fps=30.4 frames=402207 result_subs=1 roi=ok intrinsic=ok inference_age_ms=60 target=none transport=False sorting_thread=alive
16:53:56 [v4][heartbeat] enter=False sorting=False cam=LIVE ai=LIVE cam_fps=58.9 pub_fps=30.2 frames=402501 result_subs=1 roi=ok intrinsic=ok inference_age_ms=66 target=none transport=False sorting_thread=alive
16:54:01 [v4][heartbeat] enter=False sorting=False cam=LIVE ai=LIVE cam_fps=54.8 pub_fps=30.4 frames=402775 result_subs=1 roi=ok intrinsic=ok inference_age_ms=74 target=none transport=False sorting_thread=alive
16:54:06 [v4][heartbeat] enter=False sorting=False cam=LIVE ai=LIVE cam_fps=58.0 pub_fps=30.2 frames=403065 result_subs=1 roi=ok intrinsic=ok inference_age_ms=58 target=none transport=False sorting_thread=alive
16:54:11 [v4][heartbeat] enter=False sorting=False cam=LIVE ai=LIVE cam_fps=57.2 pub_fps=30.2 frames=403351 result_subs=1 roi=ok intrinsic=ok inference_age_ms=52 target=none transport=False sorting_thread=alive
16:54:16 [v4][heartbeat] enter=False sorting=False cam=LIVE ai=LIVE cam_fps=53.0 pub_fps=30.4 frames=403616 result_subs=1 roi=ok intrinsic=ok inference_age_ms=72 target=none transport=False sorting_thread=alive
16:54:21 [v4][heartbeat] enter=False sorting=False cam=LIVE ai=LIVE cam_fps=58.0 pub_fps=30.2 frames=403906 result_subs=1 roi=ok intrinsic=ok inference_age_ms=62 target=none transport=False sorting_thread=alive
16:54:26 [v4][heartbeat] enter=False sorting=False cam=LIVE ai=LIVE cam_fps=54.2 pub_fps=30.4 frames=404177 result_subs=1 roi=ok intrinsic=ok inference_age_ms=65 target=none transport=False sorting_thread=alive
16:54:31 [v4][heartbeat] enter=False sorting=False cam=LIVE ai=LIVE cam_fps=57.6 pub_fps=30.4 frames=404465 result_subs=1 roi=ok intrinsic=ok inference_age_ms=57 target=none transport=False sorting_thread=alive
16:54:36 [v4][heartbeat] enter=False sorting=False cam=LIVE ai=LIVE cam_fps=58.6 pub_fps=30.2 frames=404758 result_subs=1 roi=ok intrinsic=ok inference_age_ms=36 target=none transport=False sorting_thread=alive
16:54:41 [v4][heartbeat] enter=False sorting=False cam=LIVE ai=LIVE cam_fps=55.2 pub_fps=30.4 frames=405034 result_subs=1 roi=ok intrinsic=ok inference_age_ms=36 target=none transport=False sorting_thread=alive
16:54:46 [v4][heartbeat] enter=False sorting=False cam=LIVE ai=LIVE cam_fps=58.4 pub_fps=30.2 frames=405326 result_subs=1 roi=ok intrinsic=ok inference_age_ms=42 target=none transport=False sorting_thread=alive
16:54:51 [v4][heartbeat] enter=False sorting=False cam=LIVE ai=LIVE cam_fps=54.4 pub_fps=30.4 frames=405598 result_subs=1 roi=ok intrinsic=ok inference_age_ms=59 target=none transport=False sorting_thread=alive
16:54:56 [v4][heartbeat] enter=False sorting=False cam=LIVE ai=LIVE cam_fps=57.8 pub_fps=30.2 frames=405887 result_subs=1 roi=ok intrinsic=ok inference_age_ms=71 target=none transport=False sorting_thread=alive
16:55:01 [v4][heartbeat] enter=False sorting=False cam=LIVE ai=LIVE cam_fps=58.4 pub_fps=30.4 frames=406179 result_subs=1 roi=ok intrinsic=ok inference_age_ms=67 target=none transport=False sorting_thread=alive
16:55:06 [v4][heartbeat] enter=False sorting=False cam=LIVE ai=LIVE cam_fps=54.8 pub_fps=30.2 frames=406453 result_subs=1 roi=ok intrinsic=ok inference_age_ms=50 target=none transport=False sorting_thread=alive
16:55:11 [v4][heartbeat] enter=False sorting=False cam=LIVE ai=LIVE cam_fps=57.8 pub_fps=30.4 frames=406742 result_subs=1 roi=ok intrinsic=ok inference_age_ms=67 target=none transport=False sorting_thread=alive
16:55:16 [v4][heartbeat] enter=False sorting=False cam=LIVE ai=LIVE cam_fps=56.2 pub_fps=30.2 frames=407023 result_subs=1 roi=ok intrinsic=ok inference_age_ms=46 target=none transport=False sorting_thread=alive
16:55:21 [v4][heartbeat] enter=False sorting=False cam=LIVE ai=LIVE cam_fps=57.0 pub_fps=30.4 frames=407308 result_subs=1 roi=ok intrinsic=ok inference_age_ms=65 target=none transport=False sorting_thread=alive
16:55:26 [v4][heartbeat] enter=False sorting=False cam=LIVE ai=LIVE cam_fps=59.0 pub_fps=30.2 frames=407603 result_subs=1 roi=ok intrinsic=ok inference_age_ms=40 target=none transport=False sorting_thread=alive
16:55:31 [v4][heartbeat] enter=False sorting=False cam=LIVE ai=LIVE cam_fps=56.0 pub_fps=30.4 frames=407883 result_subs=1 roi=ok intrinsic=ok inference_age_ms=57 target=none transport=False sorting_thread=alive
16:55:36 [v4][heartbeat] enter=False sorting=False cam=LIVE ai=LIVE cam_fps=58.8 pub_fps=30.2 frames=408177 result_subs=1 roi=ok intrinsic=ok inference_age_ms=80 target=none transport=False sorting_thread=alive
16:55:41 [v4][heartbeat] enter=False sorting=False cam=LIVE ai=LIVE cam_fps=56.0 pub_fps=30.4 frames=408457 result_subs=1 roi=ok intrinsic=ok inference_age_ms=60 target=none transport=False sorting_thread=alive
16:55:46 [v4][heartbeat] enter=False sorting=False cam=LIVE ai=LIVE cam_fps=56.6 pub_fps=30.4 frames=408740 result_subs=1 roi=ok intrinsic=ok inference_age_ms=50 target=none transport=False sorting_thread=alive
16:55:51 [v4][heartbeat] enter=False sorting=False cam=LIVE ai=LIVE cam_fps=59.0 pub_fps=30.2 frames=409035 result_subs=1 roi=ok intrinsic=ok inference_age_ms=54 target=none transport=False sorting_thread=alive
16:55:56 [v4][heartbeat] enter=False sorting=False cam=LIVE ai=LIVE cam_fps=53.6 pub_fps=30.2 frames=409303 result_subs=1 roi=ok intrinsic=ok inference_age_ms=36 target=none transport=False sorting_thread=alive
16:56:01 [v4][heartbeat] enter=False sorting=False cam=LIVE ai=LIVE cam_fps=58.4 pub_fps=30.4 frames=409595 result_subs=1 roi=ok intrinsic=ok inference_age_ms=51 target=none transport=False sorting_thread=alive
16:56:06 [v4][heartbeat] enter=False sorting=False cam=LIVE ai=LIVE cam_fps=57.2 pub_fps=30.2 frames=409881 result_subs=1 roi=ok intrinsic=ok inference_age_ms=54 target=none transport=False sorting_thread=alive
16:56:11 [v4][heartbeat] enter=False sorting=False cam=LIVE ai=LIVE cam_fps=56.0 pub_fps=30.4 frames=410161 result_subs=1 roi=ok intrinsic=ok inference_age_ms=62 target=none transport=False sorting_thread=alive
16:56:16 [v4][heartbeat] enter=False sorting=False cam=LIVE ai=LIVE cam_fps=58.6 pub_fps=30.4 frames=410454 result_subs=1 roi=ok intrinsic=ok inference_age_ms=83 target=none transport=False sorting_thread=alive
16:56:21 [v4][heartbeat] enter=False sorting=False cam=LIVE ai=LIVE cam_fps=53.0 pub_fps=30.2 frames=410719 result_subs=1 roi=ok intrinsic=ok inference_age_ms=60 target=none transport=False sorting_thread=alive
16:56:26 [v4][heartbeat] enter=False sorting=False cam=LIVE ai=LIVE cam_fps=58.8 pub_fps=30.4 frames=411013 result_subs=1 roi=ok intrinsic=ok inference_age_ms=61 target=none transport=False sorting_thread=alive
16:56:31 [v4][heartbeat] enter=False sorting=False cam=LIVE ai=LIVE cam_fps=59.2 pub_fps=30.2 frames=411309 result_subs=1 roi=ok intrinsic=ok inference_age_ms=42 target=none transport=False sorting_thread=alive
16:56:36 [v4][heartbeat] enter=False sorting=False cam=LIVE ai=LIVE cam_fps=53.4 pub_fps=30.4 frames=411576 result_subs=1 roi=ok intrinsic=ok inference_age_ms=53 target=none transport=False sorting_thread=alive
16:56:41 [v4][heartbeat] enter=False sorting=False cam=LIVE ai=LIVE cam_fps=59.6 pub_fps=30.2 frames=411874 result_subs=1 roi=ok intrinsic=ok inference_age_ms=41 target=none transport=False sorting_thread=alive
16:56:46 [v4][heartbeat] enter=False sorting=False cam=LIVE ai=LIVE cam_fps=54.8 pub_fps=30.4 frames=412148 result_subs=1 roi=ok intrinsic=ok inference_age_ms=44 target=none transport=False sorting_thread=alive
16:56:51 [v4][heartbeat] enter=False sorting=False cam=LIVE ai=LIVE cam_fps=58.6 pub_fps=30.2 frames=412441 result_subs=1 roi=ok intrinsic=ok inference_age_ms=48 target=none transport=False sorting_thread=alive
16:56:56 [v4][heartbeat] enter=False sorting=False cam=LIVE ai=LIVE cam_fps=59.0 pub_fps=30.4 frames=412736 result_subs=1 roi=ok intrinsic=ok inference_age_ms=55 target=none transport=False sorting_thread=alive
16:57:01 [v4][heartbeat] enter=False sorting=False cam=LIVE ai=LIVE cam_fps=52.4 pub_fps=30.2 frames=412998 result_subs=1 roi=ok intrinsic=ok inference_age_ms=62 target=none transport=False sorting_thread=alive
16:57:06 [v4][heartbeat] enter=False sorting=False cam=LIVE ai=LIVE cam_fps=59.5 pub_fps=30.4 frames=413296 result_subs=1 roi=ok intrinsic=ok inference_age_ms=56 target=none transport=False sorting_thread=alive
16:57:11 [v4][heartbeat] enter=False sorting=False cam=LIVE ai=LIVE cam_fps=52.4 pub_fps=30.2 frames=413558 result_subs=1 roi=ok intrinsic=ok inference_age_ms=51 target=none transport=False sorting_thread=alive
16:57:16 [v4][heartbeat] enter=False sorting=False cam=LIVE ai=LIVE cam_fps=57.8 pub_fps=30.4 frames=413847 result_subs=1 roi=ok intrinsic=ok inference_age_ms=41 target=none transport=False sorting_thread=alive
16:57:21 [v4][heartbeat] enter=False sorting=False cam=LIVE ai=LIVE cam_fps=58.2 pub_fps=30.2 frames=414138 result_subs=1 roi=ok intrinsic=ok inference_age_ms=65 target=none transport=False sorting_thread=alive
16:57:26 [v4][heartbeat] enter=False sorting=False cam=LIVE ai=LIVE cam_fps=53.4 pub_fps=30.4 frames=414405 result_subs=1 roi=ok intrinsic=ok inference_age_ms=61 target=none transport=False sorting_thread=alive
16:57:31 [v4][heartbeat] enter=False sorting=False cam=LIVE ai=LIVE cam_fps=58.2 pub_fps=30.2 frames=414696 result_subs=1 roi=ok intrinsic=ok inference_age_ms=48 target=none transport=False sorting_thread=alive
16:57:36 [v4][heartbeat] enter=False sorting=False cam=LIVE ai=LIVE cam_fps=55.6 pub_fps=30.4 frames=414974 result_subs=1 roi=ok intrinsic=ok inference_age_ms=59 target=none transport=False sorting_thread=alive
16:57:41 [v4][heartbeat] enter=False sorting=False cam=LIVE ai=LIVE cam_fps=56.0 pub_fps=30.2 frames=415254 result_subs=1 roi=ok intrinsic=ok inference_age_ms=73 target=none transport=False sorting_thread=alive
16:57:46 [v4][heartbeat] enter=False sorting=False cam=LIVE ai=LIVE cam_fps=58.6 pub_fps=30.4 frames=415547 result_subs=1 roi=ok intrinsic=ok inference_age_ms=61 target=none transport=False sorting_thread=alive
16:57:51 [v4][heartbeat] enter=False sorting=False cam=LIVE ai=LIVE cam_fps=56.0 pub_fps=30.2 frames=415827 result_subs=1 roi=ok intrinsic=ok inference_age_ms=56 target=none transport=False sorting_thread=alive
16:57:56 [v4][heartbeat] enter=False sorting=False cam=LIVE ai=LIVE cam_fps=58.2 pub_fps=30.4 frames=416118 result_subs=1 roi=ok intrinsic=ok inference_age_ms=69 target=none transport=False sorting_thread=alive
16:58:01 [v4][heartbeat] enter=False sorting=False cam=LIVE ai=LIVE cam_fps=55.6 pub_fps=30.2 frames=416396 result_subs=1 roi=ok intrinsic=ok inference_age_ms=45 target=none transport=False sorting_thread=alive
16:58:06 [v4][heartbeat] enter=False sorting=False cam=LIVE ai=LIVE cam_fps=55.4 pub_fps=30.4 frames=416673 result_subs=1 roi=ok intrinsic=ok inference_age_ms=66 target=none transport=False sorting_thread=alive
16:58:11 [v4][heartbeat] enter=False sorting=False cam=LIVE ai=LIVE cam_fps=57.9 pub_fps=30.4 frames=416963 result_subs=1 roi=ok intrinsic=ok inference_age_ms=73 target=none transport=False sorting_thread=alive
16:58:16 [v4][heartbeat] enter=False sorting=False cam=LIVE ai=LIVE cam_fps=50.1 pub_fps=30.2 frames=417213 result_subs=1 roi=ok intrinsic=ok inference_age_ms=38 target=none transport=False sorting_thread=alive
16:58:21 [v4][heartbeat] enter=False sorting=False cam=LIVE ai=LIVE cam_fps=58.2 pub_fps=30.2 frames=417504 result_subs=1 roi=ok intrinsic=ok inference_age_ms=50 target=none transport=False sorting_thread=alive
16:58:26 [v4][heartbeat] enter=False sorting=False cam=LIVE ai=LIVE cam_fps=57.6 pub_fps=30.4 frames=417792 result_subs=1 roi=ok intrinsic=ok inference_age_ms=62 target=none transport=False sorting_thread=alive
16:58:31 [v4][heartbeat] enter=False sorting=False cam=LIVE ai=LIVE cam_fps=56.2 pub_fps=30.4 frames=418073 result_subs=1 roi=ok intrinsic=ok inference_age_ms=51 target=none transport=False sorting_thread=alive
16:58:36 [v4][heartbeat] enter=False sorting=False cam=LIVE ai=LIVE cam_fps=58.8 pub_fps=30.2 frames=418367 result_subs=1 roi=ok intrinsic=ok inference_age_ms=67 target=none transport=False sorting_thread=alive
16:58:41 [v4][heartbeat] enter=False sorting=False cam=LIVE ai=LIVE cam_fps=56.8 pub_fps=30.2 frames=418651 result_subs=1 roi=ok intrinsic=ok inference_age_ms=46 target=none transport=False sorting_thread=alive
16:58:46 [v4][heartbeat] enter=False sorting=False cam=LIVE ai=LIVE cam_fps=58.8 pub_fps=30.4 frames=418945 result_subs=1 roi=ok intrinsic=ok inference_age_ms=48 target=none transport=False sorting_thread=alive
16:58:51 [v4][heartbeat] enter=False sorting=False cam=LIVE ai=LIVE cam_fps=58.4 pub_fps=30.2 frames=419237 result_subs=1 roi=ok intrinsic=ok inference_age_ms=55 target=none transport=False sorting_thread=alive
16:58:56 [v4][heartbeat] enter=False sorting=False cam=LIVE ai=LIVE cam_fps=54.4 pub_fps=30.4 frames=419509 result_subs=1 roi=ok intrinsic=ok inference_age_ms=66 target=none transport=False sorting_thread=alive
16:59:01 [v4][heartbeat] enter=False sorting=False cam=LIVE ai=LIVE cam_fps=57.8 pub_fps=30.2 frames=419798 result_subs=1 roi=ok intrinsic=ok inference_age_ms=51 target=none transport=False sorting_thread=alive
16:59:06 [v4][heartbeat] enter=False sorting=False cam=LIVE ai=LIVE cam_fps=56.6 pub_fps=30.4 frames=420081 result_subs=1 roi=ok intrinsic=ok inference_age_ms=63 target=none transport=False sorting_thread=alive
16:59:11 [v4][heartbeat] enter=False sorting=False cam=LIVE ai=LIVE cam_fps=58.2 pub_fps=30.4 frames=420372 result_subs=1 roi=ok intrinsic=ok inference_age_ms=67 target=none transport=False sorting_thread=alive
16:59:16 [v4][heartbeat] enter=False sorting=False cam=LIVE ai=LIVE cam_fps=58.3 pub_fps=30.2 frames=420663 result_subs=1 roi=ok intrinsic=ok inference_age_ms=39 target=none transport=False sorting_thread=alive
16:59:21 [v4][heartbeat] enter=False sorting=False cam=LIVE ai=LIVE cam_fps=52.2 pub_fps=30.2 frames=420924 result_subs=1 roi=ok intrinsic=ok inference_age_ms=54 target=none transport=False sorting_thread=alive
16:59:26 [v4][heartbeat] enter=False sorting=False cam=LIVE ai=LIVE cam_fps=58.2 pub_fps=30.4 frames=421215 result_subs=1 roi=ok intrinsic=ok inference_age_ms=67 target=none transport=False sorting_thread=alive
16:59:31 [v4][heartbeat] enter=False sorting=False cam=LIVE ai=LIVE cam_fps=56.0 pub_fps=30.4 frames=421495 result_subs=1 roi=ok intrinsic=ok inference_age_ms=39 target=none transport=False sorting_thread=alive
16:59:36 [v4][heartbeat] enter=False sorting=False cam=LIVE ai=LIVE cam_fps=57.2 pub_fps=30.2 frames=421782 result_subs=1 roi=ok intrinsic=ok inference_age_ms=47 target=none transport=False sorting_thread=alive
16:59:41 [v4][heartbeat] enter=False sorting=False cam=LIVE ai=LIVE cam_fps=58.4 pub_fps=30.4 frames=422073 result_subs=1 roi=ok intrinsic=ok inference_age_ms=58 target=none transport=False sorting_thread=alive
16:59:46 [v4][heartbeat] enter=False sorting=False cam=LIVE ai=LIVE cam_fps=55.2 pub_fps=30.2 frames=422349 result_subs=1 roi=ok intrinsic=ok inference_age_ms=54 target=none transport=False sorting_thread=alive
16:59:51 [v4][heartbeat] enter=False sorting=False cam=LIVE ai=LIVE cam_fps=58.8 pub_fps=30.4 frames=422643 result_subs=1 roi=ok intrinsic=ok inference_age_ms=82 target=none transport=False sorting_thread=alive
16:59:56 [v4][heartbeat] enter=False sorting=False cam=LIVE ai=LIVE cam_fps=54.2 pub_fps=30.2 frames=422914 result_subs=1 roi=ok intrinsic=ok inference_age_ms=69 target=none transport=False sorting_thread=alive
17:00:01 [v4][heartbeat] enter=False sorting=False cam=LIVE ai=LIVE cam_fps=57.0 pub_fps=30.4 frames=423199 result_subs=1 roi=ok intrinsic=ok inference_age_ms=58 target=none transport=False sorting_thread=alive
17:00:06 [v4][heartbeat] enter=False sorting=False cam=LIVE ai=LIVE cam_fps=58.8 pub_fps=30.2 frames=423493 result_subs=1 roi=ok intrinsic=ok inference_age_ms=40 target=none transport=False sorting_thread=alive
17:00:11 [v4][heartbeat] enter=False sorting=False cam=LIVE ai=LIVE cam_fps=55.4 pub_fps=30.4 frames=423770 result_subs=1 roi=ok intrinsic=ok inference_age_ms=69 target=none transport=False sorting_thread=alive
17:00:16 [v4][heartbeat] enter=False sorting=False cam=LIVE ai=LIVE cam_fps=58.0 pub_fps=30.2 frames=424060 result_subs=1 roi=ok intrinsic=ok inference_age_ms=45 target=none transport=False sorting_thread=alive
17:00:21 [v4][heartbeat] enter=False sorting=False cam=LIVE ai=LIVE cam_fps=55.4 pub_fps=30.4 frames=424337 result_subs=1 roi=ok intrinsic=ok inference_age_ms=60 target=none transport=False sorting_thread=alive
17:00:26 [v4][heartbeat] enter=False sorting=False cam=LIVE ai=LIVE cam_fps=57.2 pub_fps=30.2 frames=424623 result_subs=1 roi=ok intrinsic=ok inference_age_ms=40 target=none transport=False sorting_thread=alive
17:00:31 [v4][heartbeat] enter=False sorting=False cam=LIVE ai=LIVE cam_fps=58.2 pub_fps=30.4 frames=424914 result_subs=1 roi=ok intrinsic=ok inference_age_ms=65 target=none transport=False sorting_thread=alive
17:00:36 [v4][heartbeat] enter=False sorting=False cam=LIVE ai=LIVE cam_fps=53.6 pub_fps=30.2 frames=425182 result_subs=1 roi=ok intrinsic=ok inference_age_ms=54 target=none transport=False sorting_thread=alive
17:00:41 [v4][heartbeat] enter=False sorting=False cam=LIVE ai=LIVE cam_fps=58.6 pub_fps=30.4 frames=425475 result_subs=1 roi=ok intrinsic=ok inference_age_ms=64 target=none transport=False sorting_thread=alive
17:00:46 [v4][heartbeat] enter=False sorting=False cam=LIVE ai=LIVE cam_fps=57.2 pub_fps=30.2 frames=425761 result_subs=1 roi=ok intrinsic=ok inference_age_ms=46 target=none transport=False sorting_thread=alive
17:00:51 [v4][heartbeat] enter=False sorting=False cam=LIVE ai=LIVE cam_fps=55.0 pub_fps=30.4 frames=426036 result_subs=1 roi=ok intrinsic=ok inference_age_ms=89 target=none transport=False sorting_thread=alive
17:00:56 [v4][heartbeat] enter=False sorting=False cam=LIVE ai=LIVE cam_fps=58.2 pub_fps=30.2 frames=426327 result_subs=1 roi=ok intrinsic=ok inference_age_ms=78 target=none transport=False sorting_thread=alive
17:01:01 [v4][heartbeat] enter=False sorting=False cam=LIVE ai=LIVE cam_fps=55.2 pub_fps=30.4 frames=426603 result_subs=1 roi=ok intrinsic=ok inference_age_ms=71 target=none transport=False sorting_thread=alive
17:01:06 [v4][heartbeat] enter=False sorting=False cam=LIVE ai=LIVE cam_fps=58.2 pub_fps=30.2 frames=426894 result_subs=1 roi=ok intrinsic=ok inference_age_ms=73 target=none transport=False sorting_thread=alive
17:01:11 [v4][heartbeat] enter=False sorting=False cam=LIVE ai=LIVE cam_fps=58.0 pub_fps=30.4 frames=427184 result_subs=1 roi=ok intrinsic=ok inference_age_ms=63 target=none transport=False sorting_thread=alive
17:01:16 [v4][heartbeat] enter=False sorting=False cam=LIVE ai=LIVE cam_fps=57.0 pub_fps=30.2 frames=427469 result_subs=1 roi=ok intrinsic=ok inference_age_ms=77 target=none transport=False sorting_thread=alive
17:01:21 [v4][heartbeat] enter=False sorting=False cam=LIVE ai=LIVE cam_fps=58.4 pub_fps=30.4 frames=427761 result_subs=1 roi=ok intrinsic=ok inference_age_ms=63 target=none transport=False sorting_thread=alive
17:01:26 [v4][heartbeat] enter=False sorting=False cam=LIVE ai=LIVE cam_fps=57.0 pub_fps=30.4 frames=428046 result_subs=1 roi=ok intrinsic=ok inference_age_ms=42 target=none transport=False sorting_thread=alive
17:01:31 [v4][heartbeat] enter=False sorting=False cam=LIVE ai=LIVE cam_fps=58.6 pub_fps=30.2 frames=428339 result_subs=1 roi=ok intrinsic=ok inference_age_ms=49 target=none transport=False sorting_thread=alive
17:01:36 [v4][heartbeat] enter=False sorting=False cam=LIVE ai=LIVE cam_fps=57.6 pub_fps=30.4 frames=428627 result_subs=1 roi=ok intrinsic=ok inference_age_ms=55 target=none transport=False sorting_thread=alive
17:01:41 [v4][heartbeat] enter=False sorting=False cam=LIVE ai=LIVE cam_fps=54.6 pub_fps=30.2 frames=428900 result_subs=1 roi=ok intrinsic=ok inference_age_ms=67 target=none transport=False sorting_thread=alive
17:01:46 [v4][heartbeat] enter=False sorting=False cam=LIVE ai=LIVE cam_fps=58.1 pub_fps=30.4 frames=429191 result_subs=1 roi=ok intrinsic=ok inference_age_ms=71 target=none transport=False sorting_thread=alive
17:01:51 [v4][heartbeat] enter=False sorting=False cam=LIVE ai=LIVE cam_fps=53.7 pub_fps=30.2 frames=429459 result_subs=1 roi=ok intrinsic=ok inference_age_ms=61 target=none transport=False sorting_thread=alive
17:01:56 [v4][heartbeat] enter=False sorting=False cam=LIVE ai=LIVE cam_fps=57.8 pub_fps=30.4 frames=429748 result_subs=1 roi=ok intrinsic=ok inference_age_ms=61 target=none transport=False sorting_thread=alive
17:02:01 [v4][heartbeat] enter=False sorting=False cam=LIVE ai=LIVE cam_fps=58.8 pub_fps=30.2 frames=430042 result_subs=1 roi=ok intrinsic=ok inference_age_ms=36 target=none transport=False sorting_thread=alive
17:02:06 [v4][heartbeat] enter=False sorting=False cam=LIVE ai=LIVE cam_fps=55.4 pub_fps=30.2 frames=430319 result_subs=1 roi=ok intrinsic=ok inference_age_ms=59 target=none transport=False sorting_thread=alive
17:02:11 [v4][heartbeat] enter=False sorting=False cam=LIVE ai=LIVE cam_fps=58.4 pub_fps=30.4 frames=430611 result_subs=1 roi=ok intrinsic=ok inference_age_ms=65 target=none transport=False sorting_thread=alive
17:02:16 [v4][heartbeat] enter=False sorting=False cam=LIVE ai=LIVE cam_fps=55.4 pub_fps=30.4 frames=430888 result_subs=1 roi=ok intrinsic=ok inference_age_ms=49 target=none transport=False sorting_thread=alive
17:02:21 [v4][heartbeat] enter=False sorting=False cam=LIVE ai=LIVE cam_fps=57.4 pub_fps=30.2 frames=431175 result_subs=1 roi=ok intrinsic=ok inference_age_ms=58 target=none transport=False sorting_thread=alive
17:02:26 [v4][heartbeat] enter=False sorting=False cam=LIVE ai=LIVE cam_fps=59.2 pub_fps=30.4 frames=431471 result_subs=1 roi=ok intrinsic=ok inference_age_ms=60 target=none transport=False sorting_thread=alive
17:02:31 [v4][heartbeat] enter=False sorting=False cam=LIVE ai=LIVE cam_fps=54.6 pub_fps=30.2 frames=431744 result_subs=1 roi=ok intrinsic=ok inference_age_ms=73 target=none transport=False sorting_thread=alive
17:02:36 [v4][heartbeat] enter=False sorting=False cam=LIVE ai=LIVE cam_fps=58.8 pub_fps=30.4 frames=432038 result_subs=1 roi=ok intrinsic=ok inference_age_ms=59 target=none transport=False sorting_thread=alive
17:02:41 [v4][heartbeat] enter=False sorting=False cam=LIVE ai=LIVE cam_fps=54.0 pub_fps=30.2 frames=432308 result_subs=1 roi=ok intrinsic=ok inference_age_ms=67 target=none transport=False sorting_thread=alive
17:02:46 [v4][heartbeat] enter=False sorting=False cam=LIVE ai=LIVE cam_fps=56.2 pub_fps=30.4 frames=432589 result_subs=1 roi=ok intrinsic=ok inference_age_ms=57 target=none transport=False sorting_thread=alive
17:02:51 [v4][heartbeat] enter=False sorting=False cam=LIVE ai=LIVE cam_fps=57.8 pub_fps=30.2 frames=432878 result_subs=1 roi=ok intrinsic=ok inference_age_ms=45 target=none transport=False sorting_thread=alive
17:02:56 [v4][heartbeat] enter=False sorting=False cam=LIVE ai=LIVE cam_fps=52.8 pub_fps=30.4 frames=433142 result_subs=1 roi=ok intrinsic=ok inference_age_ms=70 target=none transport=False sorting_thread=alive
17:03:01 [v4][heartbeat] enter=False sorting=False cam=LIVE ai=LIVE cam_fps=58.4 pub_fps=30.2 frames=433434 result_subs=1 roi=ok intrinsic=ok inference_age_ms=45 target=none transport=False sorting_thread=alive
17:03:06 [v4][heartbeat] enter=False sorting=False cam=LIVE ai=LIVE cam_fps=56.8 pub_fps=30.4 frames=433718 result_subs=1 roi=ok intrinsic=ok inference_age_ms=62 target=none transport=False sorting_thread=alive
17:03:11 [v4][heartbeat] enter=False sorting=False cam=LIVE ai=LIVE cam_fps=57.8 pub_fps=30.2 frames=434007 result_subs=1 roi=ok intrinsic=ok inference_age_ms=39 target=none transport=False sorting_thread=alive
17:03:16 [v4][heartbeat] enter=False sorting=False cam=LIVE ai=LIVE cam_fps=58.3 pub_fps=30.4 frames=434299 result_subs=1 roi=ok intrinsic=ok inference_age_ms=45 target=none transport=False sorting_thread=alive
17:03:21 [v4][heartbeat] enter=False sorting=False cam=LIVE ai=LIVE cam_fps=54.6 pub_fps=30.2 frames=434572 result_subs=1 roi=ok intrinsic=ok inference_age_ms=51 target=none transport=False sorting_thread=alive
17:03:26 [v4][heartbeat] enter=False sorting=False cam=LIVE ai=LIVE cam_fps=58.4 pub_fps=30.4 frames=434864 result_subs=1 roi=ok intrinsic=ok inference_age_ms=76 target=none transport=False sorting_thread=alive
17:03:31 [v4][heartbeat] enter=False sorting=False cam=LIVE ai=LIVE cam_fps=57.4 pub_fps=30.2 frames=435151 result_subs=1 roi=ok intrinsic=ok inference_age_ms=52 target=none transport=False sorting_thread=alive
17:03:36 [v4][heartbeat] enter=False sorting=False cam=LIVE ai=LIVE cam_fps=56.0 pub_fps=30.4 frames=435431 result_subs=1 roi=ok intrinsic=ok inference_age_ms=71 target=none transport=False sorting_thread=alive
17:03:41 [v4][heartbeat] enter=False sorting=False cam=LIVE ai=LIVE cam_fps=58.8 pub_fps=30.2 frames=435725 result_subs=1 roi=ok intrinsic=ok inference_age_ms=53 target=none transport=False sorting_thread=alive
17:03:46 [v4][heartbeat] enter=False sorting=False cam=LIVE ai=LIVE cam_fps=55.4 pub_fps=30.4 frames=436002 result_subs=1 roi=ok intrinsic=ok inference_age_ms=39 target=none transport=False sorting_thread=alive
17:03:51 [v4][heartbeat] enter=False sorting=False cam=LIVE ai=LIVE cam_fps=58.0 pub_fps=30.2 frames=436292 result_subs=1 roi=ok intrinsic=ok inference_age_ms=57 target=none transport=False sorting_thread=alive
17:03:56 [v4][heartbeat] enter=False sorting=False cam=LIVE ai=LIVE cam_fps=56.6 pub_fps=30.4 frames=436575 result_subs=1 roi=ok intrinsic=ok inference_age_ms=69 target=none transport=False sorting_thread=alive
17:04:01 [v4][heartbeat] enter=False sorting=False cam=LIVE ai=LIVE cam_fps=54.0 pub_fps=30.2 frames=436845 result_subs=1 roi=ok intrinsic=ok inference_age_ms=48 target=none transport=False sorting_thread=alive
17:04:06 [v4][heartbeat] enter=False sorting=False cam=LIVE ai=LIVE cam_fps=58.8 pub_fps=30.4 frames=437139 result_subs=1 roi=ok intrinsic=ok inference_age_ms=44 target=none transport=False sorting_thread=alive
17:04:11 [v4][heartbeat] enter=False sorting=False cam=LIVE ai=LIVE cam_fps=54.4 pub_fps=30.4 frames=437411 result_subs=1 roi=ok intrinsic=ok inference_age_ms=62 target=none transport=False sorting_thread=alive
17:04:16 [v4][heartbeat] enter=False sorting=False cam=LIVE ai=LIVE cam_fps=56.4 pub_fps=30.2 frames=437693 result_subs=1 roi=ok intrinsic=ok inference_age_ms=73 target=none transport=False sorting_thread=alive
17:04:21 [v4][heartbeat] enter=False sorting=False cam=LIVE ai=LIVE cam_fps=59.6 pub_fps=30.4 frames=437991 result_subs=1 roi=ok intrinsic=ok inference_age_ms=58 target=none transport=False sorting_thread=alive
17:04:26 [v4][heartbeat] enter=False sorting=False cam=LIVE ai=LIVE cam_fps=54.8 pub_fps=30.2 frames=438265 result_subs=1 roi=ok intrinsic=ok inference_age_ms=68 target=none transport=False sorting_thread=alive
17:04:31 [v4][heartbeat] enter=False sorting=False cam=LIVE ai=LIVE cam_fps=58.6 pub_fps=30.4 frames=438558 result_subs=1 roi=ok intrinsic=ok inference_age_ms=73 target=none transport=False sorting_thread=alive
17:04:36 [v4][heartbeat] enter=False sorting=False cam=LIVE ai=LIVE cam_fps=55.6 pub_fps=30.2 frames=438836 result_subs=1 roi=ok intrinsic=ok inference_age_ms=56 target=none transport=False sorting_thread=alive
17:04:41 [v4][heartbeat] enter=False sorting=False cam=LIVE ai=LIVE cam_fps=57.8 pub_fps=30.4 frames=439125 result_subs=1 roi=ok intrinsic=ok inference_age_ms=62 target=none transport=False sorting_thread=alive
17:04:46 [v4][heartbeat] enter=False sorting=False cam=LIVE ai=LIVE cam_fps=58.2 pub_fps=30.2 frames=439416 result_subs=1 roi=ok intrinsic=ok inference_age_ms=76 target=none transport=False sorting_thread=alive
17:04:51 [v4][heartbeat] enter=False sorting=False cam=LIVE ai=LIVE cam_fps=54.8 pub_fps=30.2 frames=439690 result_subs=1 roi=ok intrinsic=ok inference_age_ms=57 target=none transport=False sorting_thread=alive
17:04:56 [v4][heartbeat] enter=False sorting=False cam=LIVE ai=LIVE cam_fps=57.4 pub_fps=30.4 frames=439977 result_subs=1 roi=ok intrinsic=ok inference_age_ms=59 target=none transport=False sorting_thread=alive
17:05:01 [v4][heartbeat] enter=False sorting=False cam=LIVE ai=LIVE cam_fps=56.8 pub_fps=30.4 frames=440261 result_subs=1 roi=ok intrinsic=ok inference_age_ms=48 target=none transport=False sorting_thread=alive
17:05:06 [v4][heartbeat] enter=False sorting=False cam=LIVE ai=LIVE cam_fps=57.6 pub_fps=30.2 frames=440549 result_subs=1 roi=ok intrinsic=ok inference_age_ms=54 target=none transport=False sorting_thread=alive
17:05:11 [v4][heartbeat] enter=False sorting=False cam=LIVE ai=LIVE cam_fps=59.8 pub_fps=30.4 frames=440848 result_subs=1 roi=ok intrinsic=ok inference_age_ms=64 target=none transport=False sorting_thread=alive
17:05:16 [v4][heartbeat] enter=False sorting=False cam=LIVE ai=LIVE cam_fps=54.0 pub_fps=30.2 frames=441118 result_subs=1 roi=ok intrinsic=ok inference_age_ms=74 target=none transport=False sorting_thread=alive
17:05:21 [v4][heartbeat] enter=False sorting=False cam=LIVE ai=LIVE cam_fps=57.8 pub_fps=30.4 frames=441407 result_subs=1 roi=ok intrinsic=ok inference_age_ms=63 target=none transport=False sorting_thread=alive
17:05:26 [v4][heartbeat] enter=False sorting=False cam=LIVE ai=LIVE cam_fps=56.8 pub_fps=30.2 frames=441691 result_subs=1 roi=ok intrinsic=ok inference_age_ms=66 target=none transport=False sorting_thread=alive
17:05:31 [v4][heartbeat] enter=False sorting=False cam=LIVE ai=LIVE cam_fps=56.2 pub_fps=30.4 frames=441972 result_subs=1 roi=ok intrinsic=ok inference_age_ms=55 target=none transport=False sorting_thread=alive
17:05:36 [v4][heartbeat] enter=False sorting=False cam=LIVE ai=LIVE cam_fps=59.0 pub_fps=30.2 frames=442267 result_subs=1 roi=ok intrinsic=ok inference_age_ms=78 target=none transport=False sorting_thread=alive
17:05:41 [v4][heartbeat] enter=False sorting=False cam=LIVE ai=LIVE cam_fps=56.0 pub_fps=30.4 frames=442547 result_subs=1 roi=ok intrinsic=ok inference_age_ms=71 target=none transport=False sorting_thread=alive
17:05:46 [v4][heartbeat] enter=False sorting=False cam=LIVE ai=LIVE cam_fps=56.4 pub_fps=30.2 frames=442829 result_subs=1 roi=ok intrinsic=ok inference_age_ms=62 target=none transport=False sorting_thread=alive
17:05:51 [v4][heartbeat] enter=False sorting=False cam=LIVE ai=LIVE cam_fps=57.4 pub_fps=30.4 frames=443116 result_subs=1 roi=ok intrinsic=ok inference_age_ms=62 target=none transport=False sorting_thread=alive
17:05:56 [v4][heartbeat] enter=False sorting=False cam=LIVE ai=LIVE cam_fps=56.6 pub_fps=30.2 frames=443399 result_subs=1 roi=ok intrinsic=ok inference_age_ms=72 target=none transport=False sorting_thread=alive
17:06:01 [v4][heartbeat] enter=False sorting=False cam=LIVE ai=LIVE cam_fps=58.6 pub_fps=30.4 frames=443692 result_subs=1 roi=ok intrinsic=ok inference_age_ms=33 target=none transport=False sorting_thread=alive
17:06:06 [v4][heartbeat] enter=False sorting=False cam=LIVE ai=LIVE cam_fps=55.4 pub_fps=30.2 frames=443969 result_subs=1 roi=ok intrinsic=ok inference_age_ms=52 target=none transport=False sorting_thread=alive
17:06:11 [v4][heartbeat] enter=False sorting=False cam=LIVE ai=LIVE cam_fps=56.2 pub_fps=30.4 frames=444250 result_subs=1 roi=ok intrinsic=ok inference_age_ms=44 target=none transport=False sorting_thread=alive
17:06:16 [v4][heartbeat] enter=False sorting=False cam=LIVE ai=LIVE cam_fps=55.8 pub_fps=30.2 frames=444529 result_subs=1 roi=ok intrinsic=ok inference_age_ms=45 target=none transport=False sorting_thread=alive
17:06:21 [v4][heartbeat] enter=False sorting=False cam=LIVE ai=LIVE cam_fps=55.6 pub_fps=30.4 frames=444807 result_subs=1 roi=ok intrinsic=ok inference_age_ms=60 target=none transport=False sorting_thread=alive
17:06:26 [v4][heartbeat] enter=False sorting=False cam=LIVE ai=LIVE cam_fps=58.2 pub_fps=30.2 frames=445098 result_subs=1 roi=ok intrinsic=ok inference_age_ms=40 target=none transport=False sorting_thread=alive
17:06:31 [v4][heartbeat] enter=False sorting=False cam=LIVE ai=LIVE cam_fps=55.8 pub_fps=30.4 frames=445377 result_subs=1 roi=ok intrinsic=ok inference_age_ms=85 target=none transport=False sorting_thread=alive
17:06:36 [v4][heartbeat] enter=False sorting=False cam=LIVE ai=LIVE cam_fps=56.2 pub_fps=30.2 frames=445658 result_subs=1 roi=ok intrinsic=ok inference_age_ms=73 target=none transport=False sorting_thread=alive
17:06:41 [v4][heartbeat] enter=False sorting=False cam=LIVE ai=LIVE cam_fps=57.4 pub_fps=30.4 frames=445945 result_subs=1 roi=ok intrinsic=ok inference_age_ms=65 target=none transport=False sorting_thread=alive
17:06:46 [v4][heartbeat] enter=False sorting=False cam=LIVE ai=LIVE cam_fps=53.8 pub_fps=30.2 frames=446214 result_subs=1 roi=ok intrinsic=ok inference_age_ms=48 target=none transport=False sorting_thread=alive
17:06:51 [v4][heartbeat] enter=False sorting=False cam=LIVE ai=LIVE cam_fps=57.0 pub_fps=30.4 frames=446499 result_subs=1 roi=ok intrinsic=ok inference_age_ms=58 target=none transport=False sorting_thread=alive
17:06:56 [v4][heartbeat] enter=False sorting=False cam=LIVE ai=LIVE cam_fps=53.2 pub_fps=30.4 frames=446765 result_subs=1 roi=ok intrinsic=ok inference_age_ms=66 target=none transport=False sorting_thread=alive
17:07:01 [v4][heartbeat] enter=False sorting=False cam=LIVE ai=LIVE cam_fps=55.6 pub_fps=30.2 frames=447043 result_subs=1 roi=ok intrinsic=ok inference_age_ms=52 target=none transport=False sorting_thread=alive
17:07:06 [v4][heartbeat] enter=False sorting=False cam=LIVE ai=LIVE cam_fps=55.6 pub_fps=30.2 frames=447321 result_subs=1 roi=ok intrinsic=ok inference_age_ms=49 target=none transport=False sorting_thread=alive
17:07:11 [v4][heartbeat] enter=False sorting=False cam=LIVE ai=LIVE cam_fps=54.0 pub_fps=30.4 frames=447591 result_subs=1 roi=ok intrinsic=ok inference_age_ms=30 target=none transport=False sorting_thread=alive
17:07:16 [v4][heartbeat] enter=False sorting=False cam=LIVE ai=LIVE cam_fps=56.2 pub_fps=30.4 frames=447872 result_subs=1 roi=ok intrinsic=ok inference_age_ms=53 target=none transport=False sorting_thread=alive
17:07:21 [v4][heartbeat] enter=False sorting=False cam=LIVE ai=LIVE cam_fps=55.6 pub_fps=30.2 frames=448150 result_subs=1 roi=ok intrinsic=ok inference_age_ms=58 target=none transport=False sorting_thread=alive
17:07:26 [v4][heartbeat] enter=False sorting=False cam=LIVE ai=LIVE cam_fps=56.4 pub_fps=30.4 frames=448432 result_subs=1 roi=ok intrinsic=ok inference_age_ms=62 target=none transport=False sorting_thread=alive
17:07:31 [v4][heartbeat] enter=False sorting=False cam=LIVE ai=LIVE cam_fps=59.0 pub_fps=30.2 frames=448727 result_subs=1 roi=ok intrinsic=ok inference_age_ms=46 target=none transport=False sorting_thread=alive
17:07:36 [v4][heartbeat] enter=False sorting=False cam=LIVE ai=LIVE cam_fps=54.4 pub_fps=30.2 frames=448999 result_subs=1 roi=ok intrinsic=ok inference_age_ms=54 target=none transport=False sorting_thread=alive
17:07:41 [v4][heartbeat] enter=False sorting=False cam=LIVE ai=LIVE cam_fps=55.4 pub_fps=30.4 frames=449276 result_subs=1 roi=ok intrinsic=ok inference_age_ms=41 target=none transport=False sorting_thread=alive
17:07:46 [v4][heartbeat] enter=False sorting=False cam=LIVE ai=LIVE cam_fps=55.8 pub_fps=30.4 frames=449555 result_subs=1 roi=ok intrinsic=ok inference_age_ms=46 target=none transport=False sorting_thread=alive
17:07:51 [v4][heartbeat] enter=False sorting=False cam=LIVE ai=LIVE cam_fps=54.6 pub_fps=30.2 frames=449828 result_subs=1 roi=ok intrinsic=ok inference_age_ms=55 target=none transport=False sorting_thread=alive
17:07:56 [v4][heartbeat] enter=False sorting=False cam=LIVE ai=LIVE cam_fps=57.8 pub_fps=30.4 frames=450117 result_subs=1 roi=ok intrinsic=ok inference_age_ms=73 target=none transport=False sorting_thread=alive
17:08:01 [v4][heartbeat] enter=False sorting=False cam=LIVE ai=LIVE cam_fps=54.8 pub_fps=30.2 frames=450391 result_subs=1 roi=ok intrinsic=ok inference_age_ms=64 target=none transport=False sorting_thread=alive
17:08:06 [v4][heartbeat] enter=False sorting=False cam=LIVE ai=LIVE cam_fps=56.4 pub_fps=30.4 frames=450673 result_subs=1 roi=ok intrinsic=ok inference_age_ms=60 target=none transport=False sorting_thread=alive
17:08:11 [v4][heartbeat] enter=False sorting=False cam=LIVE ai=LIVE cam_fps=55.4 pub_fps=30.2 frames=450950 result_subs=1 roi=ok intrinsic=ok inference_age_ms=72 target=none transport=False sorting_thread=alive
17:08:16 [v4][heartbeat] enter=False sorting=False cam=LIVE ai=LIVE cam_fps=55.2 pub_fps=30.4 frames=451226 result_subs=1 roi=ok intrinsic=ok inference_age_ms=55 target=none transport=False sorting_thread=alive
17:08:21 [v4][heartbeat] enter=False sorting=False cam=LIVE ai=LIVE cam_fps=57.8 pub_fps=30.2 frames=451515 result_subs=1 roi=ok intrinsic=ok inference_age_ms=44 target=none transport=False sorting_thread=alive
17:08:26 [v4][heartbeat] enter=False sorting=False cam=LIVE ai=LIVE cam_fps=54.2 pub_fps=30.4 frames=451786 result_subs=1 roi=ok intrinsic=ok inference_age_ms=61 target=none transport=False sorting_thread=alive
17:08:31 [v4][heartbeat] enter=False sorting=False cam=LIVE ai=LIVE cam_fps=56.5 pub_fps=30.4 frames=452069 result_subs=1 roi=ok intrinsic=ok inference_age_ms=55 target=none transport=False sorting_thread=alive
17:08:36 [v4][heartbeat] enter=False sorting=False cam=LIVE ai=LIVE cam_fps=57.1 pub_fps=30.2 frames=452354 result_subs=1 roi=ok intrinsic=ok inference_age_ms=53 target=none transport=False sorting_thread=alive
17:08:41 [v4][heartbeat] enter=False sorting=False cam=LIVE ai=LIVE cam_fps=54.4 pub_fps=30.2 frames=452626 result_subs=1 roi=ok intrinsic=ok inference_age_ms=42 target=none transport=False sorting_thread=alive
17:08:46 [v4][heartbeat] enter=False sorting=False cam=LIVE ai=LIVE cam_fps=56.4 pub_fps=30.4 frames=452908 result_subs=1 roi=ok intrinsic=ok inference_age_ms=68 target=none transport=False sorting_thread=alive
17:08:51 [v4][heartbeat] enter=False sorting=False cam=LIVE ai=LIVE cam_fps=54.2 pub_fps=30.2 frames=453179 result_subs=1 roi=ok intrinsic=ok inference_age_ms=85 target=none transport=False sorting_thread=alive
17:08:56 [v4][heartbeat] enter=False sorting=False cam=LIVE ai=LIVE cam_fps=56.2 pub_fps=30.4 frames=453460 result_subs=1 roi=ok intrinsic=ok inference_age_ms=57 target=none transport=False sorting_thread=alive
17:09:01 [v4][heartbeat] enter=False sorting=False cam=LIVE ai=LIVE cam_fps=56.8 pub_fps=30.2 frames=453744 result_subs=1 roi=ok intrinsic=ok inference_age_ms=49 target=none transport=False sorting_thread=alive
17:09:06 [v4][heartbeat] enter=False sorting=False cam=LIVE ai=LIVE cam_fps=53.2 pub_fps=30.4 frames=454010 result_subs=1 roi=ok intrinsic=ok inference_age_ms=62 target=none transport=False sorting_thread=alive
17:09:11 [v4][heartbeat] enter=False sorting=False cam=LIVE ai=LIVE cam_fps=56.8 pub_fps=30.2 frames=454294 result_subs=1 roi=ok intrinsic=ok inference_age_ms=75 target=none transport=False sorting_thread=alive
17:09:16 [v4][heartbeat] enter=False sorting=False cam=LIVE ai=LIVE cam_fps=53.8 pub_fps=30.4 frames=454563 result_subs=1 roi=ok intrinsic=ok inference_age_ms=46 target=none transport=False sorting_thread=alive
17:09:21 [v4][heartbeat] enter=False sorting=False cam=LIVE ai=LIVE cam_fps=56.6 pub_fps=30.2 frames=454846 result_subs=1 roi=ok intrinsic=ok inference_age_ms=59 target=none transport=False sorting_thread=alive
17:09:26 [v4][heartbeat] enter=False sorting=False cam=LIVE ai=LIVE cam_fps=57.4 pub_fps=30.4 frames=455133 result_subs=1 roi=ok intrinsic=ok inference_age_ms=37 target=none transport=False sorting_thread=alive
17:09:31 [v4][heartbeat] enter=False sorting=False cam=LIVE ai=LIVE cam_fps=52.0 pub_fps=30.4 frames=455393 result_subs=1 roi=ok intrinsic=ok inference_age_ms=52 target=none transport=False sorting_thread=alive
17:09:36 [v4][heartbeat] enter=False sorting=False cam=LIVE ai=LIVE cam_fps=57.4 pub_fps=30.2 frames=455680 result_subs=1 roi=ok intrinsic=ok inference_age_ms=29 target=none transport=False sorting_thread=alive
17:09:41 [v4][heartbeat] enter=False sorting=False cam=LIVE ai=LIVE cam_fps=53.0 pub_fps=30.4 frames=455945 result_subs=1 roi=ok intrinsic=ok inference_age_ms=39 target=none transport=False sorting_thread=alive
17:09:46 [v4][heartbeat] enter=False sorting=False cam=LIVE ai=LIVE cam_fps=56.0 pub_fps=30.2 frames=456225 result_subs=1 roi=ok intrinsic=ok inference_age_ms=46 target=none transport=False sorting_thread=alive
17:09:51 [v4][heartbeat] enter=False sorting=False cam=LIVE ai=LIVE cam_fps=58.6 pub_fps=30.2 frames=456518 result_subs=1 roi=ok intrinsic=ok inference_age_ms=81 target=none transport=False sorting_thread=alive
17:09:56 [v4][heartbeat] enter=False sorting=False cam=LIVE ai=LIVE cam_fps=52.6 pub_fps=30.4 frames=456781 result_subs=1 roi=ok intrinsic=ok inference_age_ms=71 target=none transport=False sorting_thread=alive
17:10:01 [v4][heartbeat] enter=False sorting=False cam=LIVE ai=LIVE cam_fps=56.6 pub_fps=30.4 frames=457064 result_subs=1 roi=ok intrinsic=ok inference_age_ms=58 target=none transport=False sorting_thread=alive
17:10:06 [v4][heartbeat] enter=False sorting=False cam=LIVE ai=LIVE cam_fps=55.8 pub_fps=30.2 frames=457343 result_subs=1 roi=ok intrinsic=ok inference_age_ms=48 target=none transport=False sorting_thread=alive
17:10:11 [v4][heartbeat] enter=False sorting=False cam=LIVE ai=LIVE cam_fps=55.6 pub_fps=30.4 frames=457621 result_subs=1 roi=ok intrinsic=ok inference_age_ms=63 target=none transport=False sorting_thread=alive
17:10:16 [v4][heartbeat] enter=False sorting=False cam=LIVE ai=LIVE cam_fps=58.4 pub_fps=30.2 frames=457913 result_subs=1 roi=ok intrinsic=ok inference_age_ms=88 target=none transport=False sorting_thread=alive
17:10:21 [v4][heartbeat] enter=False sorting=False cam=LIVE ai=LIVE cam_fps=54.4 pub_fps=30.2 frames=458185 result_subs=1 roi=ok intrinsic=ok inference_age_ms=51 target=none transport=False sorting_thread=alive
17:10:26 [v4][heartbeat] enter=False sorting=False cam=LIVE ai=LIVE cam_fps=56.0 pub_fps=30.4 frames=458465 result_subs=1 roi=ok intrinsic=ok inference_age_ms=70 target=none transport=False sorting_thread=alive
17:10:31 [v4][heartbeat] enter=False sorting=False cam=LIVE ai=LIVE cam_fps=57.8 pub_fps=30.4 frames=458754 result_subs=1 roi=ok intrinsic=ok inference_age_ms=55 target=none transport=False sorting_thread=alive
17:10:36 [v4][heartbeat] enter=False sorting=False cam=LIVE ai=LIVE cam_fps=55.8 pub_fps=30.2 frames=459033 result_subs=1 roi=ok intrinsic=ok inference_age_ms=69 target=none transport=False sorting_thread=alive
17:10:41 [v4][heartbeat] enter=False sorting=False cam=LIVE ai=LIVE cam_fps=55.8 pub_fps=30.4 frames=459312 result_subs=1 roi=ok intrinsic=ok inference_age_ms=66 target=none transport=False sorting_thread=alive
17:10:46 [v4][heartbeat] enter=False sorting=False cam=LIVE ai=LIVE cam_fps=54.4 pub_fps=30.2 frames=459584 result_subs=1 roi=ok intrinsic=ok inference_age_ms=54 target=none transport=False sorting_thread=alive
17:10:51 [v4][heartbeat] enter=False sorting=False cam=LIVE ai=LIVE cam_fps=53.4 pub_fps=30.4 frames=459851 result_subs=1 roi=ok intrinsic=ok inference_age_ms=61 target=none transport=False sorting_thread=alive
17:10:56 [v4][heartbeat] enter=False sorting=False cam=LIVE ai=LIVE cam_fps=57.8 pub_fps=30.2 frames=460140 result_subs=1 roi=ok intrinsic=ok inference_age_ms=42 target=none transport=False sorting_thread=alive
17:11:01 [v4][heartbeat] enter=False sorting=False cam=LIVE ai=LIVE cam_fps=54.4 pub_fps=30.4 frames=460412 result_subs=1 roi=ok intrinsic=ok inference_age_ms=58 target=none transport=False sorting_thread=alive
17:11:06 [v4][heartbeat] enter=False sorting=False cam=LIVE ai=LIVE cam_fps=57.8 pub_fps=30.2 frames=460701 result_subs=1 roi=ok intrinsic=ok inference_age_ms=62 target=none transport=False sorting_thread=alive
17:11:11 [v4][heartbeat] enter=False sorting=False cam=LIVE ai=LIVE cam_fps=56.2 pub_fps=30.4 frames=460982 result_subs=1 roi=ok intrinsic=ok inference_age_ms=49 target=none transport=False sorting_thread=alive
17:11:16 [v4][heartbeat] enter=False sorting=False cam=LIVE ai=LIVE cam_fps=55.6 pub_fps=30.2 frames=461260 result_subs=1 roi=ok intrinsic=ok inference_age_ms=62 target=none transport=False sorting_thread=alive
17:11:21 [v4][heartbeat] enter=False sorting=False cam=LIVE ai=LIVE cam_fps=57.8 pub_fps=30.4 frames=461549 result_subs=1 roi=ok intrinsic=ok inference_age_ms=58 target=none transport=False sorting_thread=alive
17:11:26 [v4][heartbeat] enter=False sorting=False cam=LIVE ai=LIVE cam_fps=55.0 pub_fps=30.2 frames=461824 result_subs=1 roi=ok intrinsic=ok inference_age_ms=70 target=none transport=False sorting_thread=alive
17:11:31 [v4][heartbeat] enter=False sorting=False cam=LIVE ai=LIVE cam_fps=59.4 pub_fps=30.4 frames=462121 result_subs=1 roi=ok intrinsic=ok inference_age_ms=62 target=none transport=False sorting_thread=alive
17:11:36 [v4][heartbeat] enter=False sorting=False cam=LIVE ai=LIVE cam_fps=53.4 pub_fps=30.2 frames=462388 result_subs=1 roi=ok intrinsic=ok inference_age_ms=59 target=none transport=False sorting_thread=alive
17:11:41 [v4][heartbeat] enter=False sorting=False cam=LIVE ai=LIVE cam_fps=55.4 pub_fps=30.4 frames=462665 result_subs=1 roi=ok intrinsic=ok inference_age_ms=73 target=none transport=False sorting_thread=alive
17:11:46 [v4][heartbeat] enter=False sorting=False cam=LIVE ai=LIVE cam_fps=56.4 pub_fps=30.2 frames=462947 result_subs=1 roi=ok intrinsic=ok inference_age_ms=56 target=none transport=False sorting_thread=alive
17:11:51 [v4][heartbeat] enter=False sorting=False cam=LIVE ai=LIVE cam_fps=54.4 pub_fps=30.4 frames=463219 result_subs=1 roi=ok intrinsic=ok inference_age_ms=57 target=none transport=False sorting_thread=alive
17:11:56 [v4][heartbeat] enter=False sorting=False cam=LIVE ai=LIVE cam_fps=56.8 pub_fps=30.2 frames=463503 result_subs=1 roi=ok intrinsic=ok inference_age_ms=46 target=none transport=False sorting_thread=alive
17:12:01 [v4][heartbeat] enter=False sorting=False cam=LIVE ai=LIVE cam_fps=56.2 pub_fps=30.4 frames=463784 result_subs=1 roi=ok intrinsic=ok inference_age_ms=51 target=none transport=False sorting_thread=alive
17:12:06 [v4][heartbeat] enter=False sorting=False cam=LIVE ai=LIVE cam_fps=52.2 pub_fps=30.2 frames=464045 result_subs=1 roi=ok intrinsic=ok inference_age_ms=76 target=none transport=False sorting_thread=alive
17:12:11 [v4][heartbeat] enter=False sorting=False cam=LIVE ai=LIVE cam_fps=58.4 pub_fps=30.4 frames=464337 result_subs=1 roi=ok intrinsic=ok inference_age_ms=68 target=none transport=False sorting_thread=alive
17:12:16 [v4][heartbeat] enter=False sorting=False cam=LIVE ai=LIVE cam_fps=54.9 pub_fps=30.2 frames=464612 result_subs=1 roi=ok intrinsic=ok inference_age_ms=52 target=none transport=False sorting_thread=alive
17:12:21 [v4][heartbeat] enter=False sorting=False cam=LIVE ai=LIVE cam_fps=57.5 pub_fps=30.4 frames=464899 result_subs=1 roi=ok intrinsic=ok inference_age_ms=55 target=none transport=False sorting_thread=alive
17:12:26 [v4][heartbeat] enter=False sorting=False cam=LIVE ai=LIVE cam_fps=56.2 pub_fps=30.4 frames=465180 result_subs=1 roi=ok intrinsic=ok inference_age_ms=39 target=none transport=False sorting_thread=alive
17:12:31 [v4][heartbeat] enter=False sorting=False cam=LIVE ai=LIVE cam_fps=52.6 pub_fps=30.2 frames=465443 result_subs=1 roi=ok intrinsic=ok inference_age_ms=43 target=none transport=False sorting_thread=alive
17:12:36 [v4][heartbeat] enter=False sorting=False cam=LIVE ai=LIVE cam_fps=56.4 pub_fps=30.2 frames=465725 result_subs=1 roi=ok intrinsic=ok inference_age_ms=71 target=none transport=False sorting_thread=alive
17:12:41 [v4][heartbeat] enter=False sorting=False cam=LIVE ai=LIVE cam_fps=54.0 pub_fps=30.4 frames=465995 result_subs=1 roi=ok intrinsic=ok inference_age_ms=68 target=none transport=False sorting_thread=alive
17:12:46 [v4][heartbeat] enter=False sorting=False cam=LIVE ai=LIVE cam_fps=55.8 pub_fps=30.2 frames=466274 result_subs=1 roi=ok intrinsic=ok inference_age_ms=47 target=none transport=False sorting_thread=alive
17:12:51 [v4][heartbeat] enter=False sorting=False cam=LIVE ai=LIVE cam_fps=54.6 pub_fps=30.4 frames=466547 result_subs=1 roi=ok intrinsic=ok inference_age_ms=37 target=none transport=False sorting_thread=alive
17:12:56 [v4][heartbeat] enter=False sorting=False cam=LIVE ai=LIVE cam_fps=54.2 pub_fps=30.4 frames=466818 result_subs=1 roi=ok intrinsic=ok inference_age_ms=44 target=none transport=False sorting_thread=alive
17:13:01 [v4][heartbeat] enter=False sorting=False cam=LIVE ai=LIVE cam_fps=56.6 pub_fps=30.2 frames=467101 result_subs=1 roi=ok intrinsic=ok inference_age_ms=40 target=none transport=False sorting_thread=alive
17:13:06 [v4][heartbeat] enter=False sorting=False cam=LIVE ai=LIVE cam_fps=56.6 pub_fps=30.4 frames=467384 result_subs=1 roi=ok intrinsic=ok inference_age_ms=67 target=none transport=False sorting_thread=alive
17:13:11 [v4][heartbeat] enter=False sorting=False cam=LIVE ai=LIVE cam_fps=56.0 pub_fps=30.2 frames=467664 result_subs=1 roi=ok intrinsic=ok inference_age_ms=71 target=none transport=False sorting_thread=alive
17:13:16 [v4][heartbeat] enter=False sorting=False cam=LIVE ai=LIVE cam_fps=56.8 pub_fps=30.4 frames=467948 result_subs=1 roi=ok intrinsic=ok inference_age_ms=80 target=none transport=False sorting_thread=alive
17:13:21 [v4][heartbeat] enter=False sorting=False cam=LIVE ai=LIVE cam_fps=54.0 pub_fps=30.2 frames=468218 result_subs=1 roi=ok intrinsic=ok inference_age_ms=71 target=none transport=False sorting_thread=alive
17:13:26 [v4][heartbeat] enter=False sorting=False cam=LIVE ai=LIVE cam_fps=58.6 pub_fps=30.4 frames=468511 result_subs=1 roi=ok intrinsic=ok inference_age_ms=45 target=none transport=False sorting_thread=alive
17:13:31 [v4][heartbeat] enter=False sorting=False cam=LIVE ai=LIVE cam_fps=54.6 pub_fps=30.2 frames=468784 result_subs=1 roi=ok intrinsic=ok inference_age_ms=45 target=none transport=False sorting_thread=alive
17:13:36 [v4][heartbeat] enter=False sorting=False cam=LIVE ai=LIVE cam_fps=53.6 pub_fps=30.4 frames=469052 result_subs=1 roi=ok intrinsic=ok inference_age_ms=57 target=none transport=False sorting_thread=alive
17:13:41 [v4][heartbeat] enter=False sorting=False cam=LIVE ai=LIVE cam_fps=57.4 pub_fps=30.2 frames=469339 result_subs=1 roi=ok intrinsic=ok inference_age_ms=36 target=none transport=False sorting_thread=alive
17:13:46 [v4][heartbeat] enter=False sorting=False cam=LIVE ai=LIVE cam_fps=54.4 pub_fps=30.4 frames=469611 result_subs=1 roi=ok intrinsic=ok inference_age_ms=72 target=none transport=False sorting_thread=alive
17:13:51 [v4][heartbeat] enter=False sorting=False cam=LIVE ai=LIVE cam_fps=55.7 pub_fps=30.2 frames=469889 result_subs=1 roi=ok intrinsic=ok inference_age_ms=61 target=none transport=False sorting_thread=alive
17:13:56 [v4][heartbeat] enter=False sorting=False cam=LIVE ai=LIVE cam_fps=54.6 pub_fps=30.4 frames=470162 result_subs=1 roi=ok intrinsic=ok inference_age_ms=67 target=none transport=False sorting_thread=alive
17:14:01 [v4][heartbeat] enter=False sorting=False cam=LIVE ai=LIVE cam_fps=56.2 pub_fps=30.2 frames=470443 result_subs=1 roi=ok intrinsic=ok inference_age_ms=75 target=none transport=False sorting_thread=alive
17:14:06 [v4][heartbeat] enter=False sorting=False cam=LIVE ai=LIVE cam_fps=53.4 pub_fps=30.4 frames=470710 result_subs=1 roi=ok intrinsic=ok inference_age_ms=65 target=none transport=False sorting_thread=alive
17:14:11 [v4][heartbeat] enter=False sorting=False cam=LIVE ai=LIVE cam_fps=54.4 pub_fps=30.2 frames=470982 result_subs=1 roi=ok intrinsic=ok inference_age_ms=39 target=none transport=False sorting_thread=alive
17:14:16 [v4][heartbeat] enter=False sorting=False cam=LIVE ai=LIVE cam_fps=56.8 pub_fps=30.4 frames=471266 result_subs=1 roi=ok intrinsic=ok inference_age_ms=86 target=none transport=False sorting_thread=alive
17:14:21 [v4][heartbeat] enter=False sorting=False cam=LIVE ai=LIVE cam_fps=56.2 pub_fps=30.2 frames=471547 result_subs=1 roi=ok intrinsic=ok inference_age_ms=50 target=none transport=False sorting_thread=alive
17:14:26 [v4][heartbeat] enter=False sorting=False cam=LIVE ai=LIVE cam_fps=55.0 pub_fps=30.4 frames=471822 result_subs=1 roi=ok intrinsic=ok inference_age_ms=57 target=none transport=False sorting_thread=alive
17:14:31 [v4][heartbeat] enter=False sorting=False cam=LIVE ai=LIVE cam_fps=57.4 pub_fps=30.2 frames=472109 result_subs=1 roi=ok intrinsic=ok inference_age_ms=50 target=none transport=False sorting_thread=alive
17:14:36 [v4][heartbeat] enter=False sorting=False cam=LIVE ai=LIVE cam_fps=56.2 pub_fps=30.4 frames=472390 result_subs=1 roi=ok intrinsic=ok inference_age_ms=61 target=none transport=False sorting_thread=alive
17:14:41 [v4][heartbeat] enter=False sorting=False cam=LIVE ai=LIVE cam_fps=56.8 pub_fps=30.2 frames=472674 result_subs=1 roi=ok intrinsic=ok inference_age_ms=73 target=none transport=False sorting_thread=alive
17:14:46 [v4][heartbeat] enter=False sorting=False cam=LIVE ai=LIVE cam_fps=55.0 pub_fps=30.4 frames=472949 result_subs=1 roi=ok intrinsic=ok inference_age_ms=46 target=none transport=False sorting_thread=alive
17:14:51 [v4][heartbeat] enter=False sorting=False cam=LIVE ai=LIVE cam_fps=55.2 pub_fps=30.4 frames=473225 result_subs=1 roi=ok intrinsic=ok inference_age_ms=52 target=none transport=False sorting_thread=alive
17:14:56 [v4][heartbeat] enter=False sorting=False cam=LIVE ai=LIVE cam_fps=58.2 pub_fps=30.2 frames=473516 result_subs=1 roi=ok intrinsic=ok inference_age_ms=74 target=none transport=False sorting_thread=alive
17:15:01 [v4][heartbeat] enter=False sorting=False cam=LIVE ai=LIVE cam_fps=55.8 pub_fps=30.2 frames=473795 result_subs=1 roi=ok intrinsic=ok inference_age_ms=58 target=none transport=False sorting_thread=alive
17:15:06 [v4][heartbeat] enter=False sorting=False cam=LIVE ai=LIVE cam_fps=55.9 pub_fps=30.4 frames=474074 result_subs=1 roi=ok intrinsic=ok inference_age_ms=63 target=none transport=False sorting_thread=alive
17:15:11 [v4][heartbeat] enter=False sorting=False cam=LIVE ai=LIVE cam_fps=57.4 pub_fps=30.2 frames=474361 result_subs=1 roi=ok intrinsic=ok inference_age_ms=47 target=none transport=False sorting_thread=alive
17:15:16 [v4][heartbeat] enter=False sorting=False cam=LIVE ai=LIVE cam_fps=54.2 pub_fps=30.4 frames=474632 result_subs=1 roi=ok intrinsic=ok inference_age_ms=73 target=none transport=False sorting_thread=alive
17:15:21 [v4][heartbeat] enter=False sorting=False cam=LIVE ai=LIVE cam_fps=56.6 pub_fps=30.4 frames=474915 result_subs=1 roi=ok intrinsic=ok inference_age_ms=63 target=none transport=False sorting_thread=alive
17:15:26 [v4][heartbeat] enter=False sorting=False cam=LIVE ai=LIVE cam_fps=53.6 pub_fps=30.2 frames=475183 result_subs=1 roi=ok intrinsic=ok inference_age_ms=36 target=none transport=False sorting_thread=alive
17:15:31 [v4][heartbeat] enter=False sorting=False cam=LIVE ai=LIVE cam_fps=54.6 pub_fps=30.4 frames=475456 result_subs=1 roi=ok intrinsic=ok inference_age_ms=53 target=none transport=False sorting_thread=alive
17:15:36 [v4][heartbeat] enter=False sorting=False cam=LIVE ai=LIVE cam_fps=58.4 pub_fps=30.2 frames=475748 result_subs=1 roi=ok intrinsic=ok inference_age_ms=60 target=none transport=False sorting_thread=alive
17:15:41 [v4][heartbeat] enter=False sorting=False cam=LIVE ai=LIVE cam_fps=52.6 pub_fps=30.4 frames=476011 result_subs=1 roi=ok intrinsic=ok inference_age_ms=72 target=none transport=False sorting_thread=alive
17:15:46 [v4][heartbeat] enter=False sorting=False cam=LIVE ai=LIVE cam_fps=56.2 pub_fps=30.2 frames=476292 result_subs=1 roi=ok intrinsic=ok inference_age_ms=65 target=none transport=False sorting_thread=alive
17:15:51 [v4][heartbeat] enter=False sorting=False cam=LIVE ai=LIVE cam_fps=52.8 pub_fps=30.2 frames=476556 result_subs=1 roi=ok intrinsic=ok inference_age_ms=59 target=none transport=False sorting_thread=alive
17:15:56 [v4][heartbeat] enter=False sorting=False cam=LIVE ai=LIVE cam_fps=54.2 pub_fps=30.4 frames=476827 result_subs=1 roi=ok intrinsic=ok inference_age_ms=42 target=none transport=False sorting_thread=alive
17:16:01 [v4][heartbeat] enter=False sorting=False cam=LIVE ai=LIVE cam_fps=56.0 pub_fps=30.4 frames=477107 result_subs=1 roi=ok intrinsic=ok inference_age_ms=53 target=none transport=False sorting_thread=alive
17:16:06 [v4][heartbeat] enter=False sorting=False cam=LIVE ai=LIVE cam_fps=54.6 pub_fps=30.2 frames=477380 result_subs=1 roi=ok intrinsic=ok inference_age_ms=45 target=none transport=False sorting_thread=alive
17:16:11 [v4][heartbeat] enter=False sorting=False cam=LIVE ai=LIVE cam_fps=56.8 pub_fps=30.4 frames=477664 result_subs=1 roi=ok intrinsic=ok inference_age_ms=46 target=none transport=False sorting_thread=alive
17:16:16 [v4][heartbeat] enter=False sorting=False cam=LIVE ai=LIVE cam_fps=55.6 pub_fps=30.2 frames=477942 result_subs=1 roi=ok intrinsic=ok inference_age_ms=46 target=none transport=False sorting_thread=alive
17:16:21 [v4][heartbeat] enter=False sorting=False cam=LIVE ai=LIVE cam_fps=55.6 pub_fps=30.4 frames=478220 result_subs=1 roi=ok intrinsic=ok inference_age_ms=55 target=none transport=False sorting_thread=alive
17:16:26 [v4][heartbeat] enter=False sorting=False cam=LIVE ai=LIVE cam_fps=56.6 pub_fps=30.2 frames=478503 result_subs=1 roi=ok intrinsic=ok inference_age_ms=35 target=none transport=False sorting_thread=alive
17:16:31 [v4][heartbeat] enter=False sorting=False cam=LIVE ai=LIVE cam_fps=51.8 pub_fps=30.4 frames=478762 result_subs=1 roi=ok intrinsic=ok inference_age_ms=62 target=none transport=False sorting_thread=alive
17:16:36 [v4][heartbeat] enter=False sorting=False cam=LIVE ai=LIVE cam_fps=55.4 pub_fps=30.2 frames=479039 result_subs=1 roi=ok intrinsic=ok inference_age_ms=65 target=none transport=False sorting_thread=alive
17:16:41 [v4][heartbeat] enter=False sorting=False cam=LIVE ai=LIVE cam_fps=55.7 pub_fps=30.4 frames=479318 result_subs=1 roi=ok intrinsic=ok inference_age_ms=41 target=none transport=False sorting_thread=alive
17:16:46 [v4][heartbeat] enter=False sorting=False cam=LIVE ai=LIVE cam_fps=55.0 pub_fps=30.2 frames=479593 result_subs=1 roi=ok intrinsic=ok inference_age_ms=65 target=none transport=False sorting_thread=alive
17:16:51 [v4][heartbeat] enter=False sorting=False cam=LIVE ai=LIVE cam_fps=58.4 pub_fps=30.4 frames=479885 result_subs=1 roi=ok intrinsic=ok inference_age_ms=61 target=none transport=False sorting_thread=alive
17:16:56 [v4][heartbeat] enter=False sorting=False cam=LIVE ai=LIVE cam_fps=53.2 pub_fps=30.2 frames=480151 result_subs=1 roi=ok intrinsic=ok inference_age_ms=45 target=none transport=False sorting_thread=alive
17:17:01 [v4][heartbeat] enter=False sorting=False cam=LIVE ai=LIVE cam_fps=57.4 pub_fps=30.4 frames=480438 result_subs=1 roi=ok intrinsic=ok inference_age_ms=62 target=none transport=False sorting_thread=alive
17:17:06 [v4][heartbeat] enter=False sorting=False cam=LIVE ai=LIVE cam_fps=55.2 pub_fps=30.2 frames=480714 result_subs=1 roi=ok intrinsic=ok inference_age_ms=57 target=none transport=False sorting_thread=alive
17:17:11 [v4][heartbeat] enter=False sorting=False cam=LIVE ai=LIVE cam_fps=54.6 pub_fps=30.4 frames=480987 result_subs=1 roi=ok intrinsic=ok inference_age_ms=42 target=none transport=False sorting_thread=alive
17:17:16 [v4][heartbeat] enter=False sorting=False cam=LIVE ai=LIVE cam_fps=58.6 pub_fps=30.2 frames=481280 result_subs=1 roi=ok intrinsic=ok inference_age_ms=75 target=none transport=False sorting_thread=alive
17:17:21 [v4][heartbeat] enter=False sorting=False cam=LIVE ai=LIVE cam_fps=54.8 pub_fps=30.4 frames=481554 result_subs=1 roi=ok intrinsic=ok inference_age_ms=59 target=none transport=False sorting_thread=alive
17:17:26 [v4][heartbeat] enter=False sorting=False cam=LIVE ai=LIVE cam_fps=57.3 pub_fps=30.4 frames=481841 result_subs=1 roi=ok intrinsic=ok inference_age_ms=56 target=none transport=False sorting_thread=alive
17:17:31 [v4][heartbeat] enter=False sorting=False cam=LIVE ai=LIVE cam_fps=55.5 pub_fps=30.2 frames=482118 result_subs=1 roi=ok intrinsic=ok inference_age_ms=40 target=none transport=False sorting_thread=alive
17:17:36 [v4][heartbeat] enter=False sorting=False cam=LIVE ai=LIVE cam_fps=55.8 pub_fps=30.2 frames=482397 result_subs=1 roi=ok intrinsic=ok inference_age_ms=54 target=none transport=False sorting_thread=alive
17:17:41 [v4][heartbeat] enter=False sorting=False cam=LIVE ai=LIVE cam_fps=58.0 pub_fps=30.4 frames=482687 result_subs=1 roi=ok intrinsic=ok inference_age_ms=62 target=none transport=False sorting_thread=alive
17:17:46 [v4][heartbeat] enter=False sorting=False cam=LIVE ai=LIVE cam_fps=53.6 pub_fps=30.2 frames=482955 result_subs=1 roi=ok intrinsic=ok inference_age_ms=55 target=none transport=False sorting_thread=alive
17:17:51 [v4][heartbeat] enter=False sorting=False cam=LIVE ai=LIVE cam_fps=55.0 pub_fps=30.4 frames=483231 result_subs=1 roi=ok intrinsic=ok inference_age_ms=32 target=none transport=False sorting_thread=alive
17:17:56 [v4][heartbeat] enter=False sorting=False cam=LIVE ai=LIVE cam_fps=56.4 pub_fps=30.4 frames=483512 result_subs=1 roi=ok intrinsic=ok inference_age_ms=85 target=none transport=False sorting_thread=alive
17:18:01 [v4][heartbeat] enter=False sorting=False cam=LIVE ai=LIVE cam_fps=52.6 pub_fps=30.2 frames=483775 result_subs=1 roi=ok intrinsic=ok inference_age_ms=57 target=none transport=False sorting_thread=alive
17:18:06 [v4][heartbeat] enter=False sorting=False cam=LIVE ai=LIVE cam_fps=57.4 pub_fps=30.2 frames=484062 result_subs=1 roi=ok intrinsic=ok inference_age_ms=70 target=none transport=False sorting_thread=alive
17:18:11 [v4][heartbeat] enter=False sorting=False cam=LIVE ai=LIVE cam_fps=49.4 pub_fps=30.4 frames=484309 result_subs=1 roi=ok intrinsic=ok inference_age_ms=79 target=none transport=False sorting_thread=alive
17:18:16 [v4][heartbeat] enter=False sorting=False cam=LIVE ai=LIVE cam_fps=50.8 pub_fps=30.4 frames=484563 result_subs=1 roi=ok intrinsic=ok inference_age_ms=59 target=none transport=False sorting_thread=alive
17:18:21 [v4][heartbeat] enter=False sorting=False cam=LIVE ai=LIVE cam_fps=53.2 pub_fps=30.2 frames=484829 result_subs=1 roi=ok intrinsic=ok inference_age_ms=52 target=none transport=False sorting_thread=alive
17:18:26 [v4][heartbeat] enter=False sorting=False cam=LIVE ai=LIVE cam_fps=48.4 pub_fps=30.4 frames=485071 result_subs=1 roi=ok intrinsic=ok inference_age_ms=51 target=none transport=False sorting_thread=alive
17:18:31 [v4][heartbeat] enter=False sorting=False cam=LIVE ai=LIVE cam_fps=53.0 pub_fps=30.2 frames=485336 result_subs=1 roi=ok intrinsic=ok inference_age_ms=56 target=none transport=False sorting_thread=alive
17:18:36 [v4][main] KeyboardInterrupt - shutting down
17:18:36 [v4][camera] cv_bridge output publish failed
17:18:36 [v4][camera] EXCEPTION: RCLError: Failed to publish: publisher's context is invalid, at ./src/rcl/publisher.c:389
Traceback (most recent call last):
  File "/home/ubuntu/ros2_ws/build/app/app/custom_sortingv5.py", line 3118, in _publish_image
    self.result_publisher.publish(msg)
  File "/opt/ros/humble/local/lib/python3.10/dist-packages/rclpy/publisher.py", line 70, in publish
    self.__publisher.publish(msg)
rclpy._rclpy_pybind11.RCLError: Failed to publish: publisher's context is invalid, at ./src/rcl/publisher.c:389
17:18:36 [v4][inference] worker thread stopped
