# -*- coding: utf-8 -*-

# Resource object code
#
# Created by: The Resource Compiler for PyQt5 (Qt v5.15.3)
#
# WARNING! All changes made in this file will be lost!

from PyQt5 import QtCore

qt_resource_data = b"\
\x00\x00\x00\xb0\
\x89\
\x50\x4e\x47\x0d\x0a\x1a\x0a\x00\x00\x00\x0d\x49\x48\x44\x52\x00\
\x00\x00\x05\x00\x00\x00\x09\x08\x06\x00\x00\x00\xfa\xad\xe6\x9e\
\x00\x00\x00\x09\x70\x48\x59\x73\x00\x00\x0b\x13\x00\x00\x0b\x13\
\x01\x00\x9a\x9c\x18\x00\x00\x00\x20\x63\x48\x52\x4d\x00\x00\x7a\
\x25\x00\x00\x80\x83\x00\x00\xf9\xff\x00\x00\x80\xe9\x00\x00\x75\
\x30\x00\x00\xea\x60\x00\x00\x3a\x98\x00\x00\x17\x6f\x92\x5f\xc5\
\x46\x00\x00\x00\x36\x49\x44\x41\x54\x78\xda\x64\x8e\xc9\x0d\x00\
\x30\x0c\xc2\x0c\xfb\xef\x4c\x1e\x55\xa5\x1c\x3c\x8d\xa3\x20\x20\
\x49\x44\x8b\x01\x24\xe5\xc0\x5d\xb8\x1b\xbf\x10\x30\x4e\x8f\xc9\
\xfb\x2a\x6f\x30\xcc\x3e\xcb\x1b\x00\xd4\x00\xc4\xb5\x14\x0b\x10\
\xb7\x31\xe1\x00\x00\x00\x00\x49\x45\x4e\x44\xae\x42\x60\x82\
\x00\x01\x50\x4c\
\x89\
\x50\x4e\x47\x0d\x0a\x1a\x0a\x00\x00\x00\x0d\x49\x48\x44\x52\x00\
\x00\x01\xf4\x00\x00\x02\x38\x08\x06\x00\x00\x00\x9c\x14\x1b\xd8\
\x00\x00\x22\x6d\x7a\x54\x58\x74\x52\x61\x77\x20\x70\x72\x6f\x66\
\x69\x6c\x65\x20\x74\x79\x70\x65\x20\x65\x78\x69\x66\x00\x00\x78\
\xda\xa5\x9b\x69\x96\x1c\xa9\x92\x85\xff\xb3\x8a\x5e\x02\xf3\xb0\
\x1c\xc0\xe0\x9c\xde\x41\x2f\xbf\xbf\x4b\xa4\x54\x25\xbd\x1a\x54\
\xf5\x52\x55\x8a\x54\x66\x84\x3b\x60\x66\x77\x30\x70\x77\xfe\xef\
\x7f\xaf\xfb\x1f\xbe\x7a\x6c\xd9\xe5\xd2\x7a\x1d\xb5\x7a\xbe\xf2\
\xc8\x23\x4e\xbe\xe9\xfe\xf3\x35\xdf\xdf\xc1\xe7\xf7\xf7\xfb\xba\
\xf9\xeb\xbb\xf0\xe3\xcf\x5d\xea\x3e\xbe\xef\x22\x3f\x4a\xbc\xa6\
\xcf\x2f\x7a\xfd\xbc\x86\x6f\x3f\xff\xfa\xc0\xb7\xd7\x30\xf9\xae\
\xfc\xee\x42\x7d\x7f\xfd\x62\xfd\xf8\x8b\x91\x3f\xaf\xb1\xff\x74\
\xa1\xaf\x1b\x25\x8d\x48\x43\xb0\xaf\x0b\x8d\xaf\x0b\xa5\xf8\xf9\
\x45\xf8\xba\xc0\xfc\x4c\xcb\xd7\xd1\xdb\xef\xa7\xb0\xce\xe7\xf5\
\xeb\xf3\x9f\x65\xe0\x7f\xa7\xbf\x6a\xf0\xf7\x8d\xea\xeb\x22\x3f\
\xff\x3b\x37\x56\xcf\x0a\xf7\x49\x31\x9e\x14\x92\xe7\xef\x94\xe2\
\x67\x00\x49\xff\x27\x97\x26\xdf\x04\xfe\x4e\x49\x6f\x0c\xa9\xbc\
\xef\x33\x7f\x87\xd4\xbe\x46\xc2\x82\xfc\xd1\x3a\x7d\xff\x1a\x8c\
\xe8\x6a\xa8\xf9\x0f\xdf\xf4\x43\x54\xce\x6f\xbf\xff\xe1\xe7\xdf\
\xbe\x73\x3f\x47\x2b\xc7\xaf\xb7\xa4\x9f\x16\xb9\x7e\x7f\xfd\xc3\
\x9f\xbb\x50\xfe\x38\x2a\x6f\xe9\x7f\x77\xe7\xdc\xbf\xbe\x8b\x3f\
\xfe\xdc\xe7\x70\x3f\x23\xfa\x69\xf5\xf5\xff\xbd\xd6\xef\x9b\x33\
\xb3\x98\xb9\xb2\xd4\xf5\x6b\x52\xdf\xa6\xf2\xbe\xe3\x7d\x8b\x2b\
\xe9\xd6\xdd\x31\xb4\xea\x1b\xff\x17\x2e\xd1\xde\x9f\xc1\x9f\x4e\
\x56\x6f\xa2\x66\x7e\xfb\xc5\x9f\x1d\x46\x88\x84\xeb\x86\x1c\x2c\
\xcc\x70\xc3\x79\xaf\x3b\x6c\x86\x98\xe3\x71\xb1\xf1\x4d\x8c\x3b\
\xa6\xf7\xc3\x9e\x5a\x1c\x71\xbf\x48\x66\xfd\x09\x37\xb6\x34\x92\
\xa5\x4e\x90\xf7\x0b\x7b\x4e\xf1\xfb\x58\xc2\xbb\xed\xf0\xdb\xbd\
\xbb\x75\xee\x6c\x81\xb7\xc6\xc0\xc5\x02\x1f\xf9\xc7\x7f\xdc\x3f\
\xfd\xc0\xbd\x2a\x85\x10\xfc\xd7\xe2\x1f\x85\x2a\xc4\xa8\xc5\x66\
\x18\x8a\x9c\xfe\xe6\x6d\x44\xe4\x13\x87\x57\x7b\xe1\x77\x7f\x7e\
\xfe\x52\x5c\x13\x11\x2c\x5a\x65\x95\xc8\x60\x61\xd7\xe7\x12\xab\
\x84\xdf\x90\x20\xbd\x40\x27\xde\x58\x78\xfd\x94\x4b\x68\xf6\x75\
\x01\x05\x9e\x5b\x31\x98\x90\x88\x00\x51\xa3\x2a\x02\xd5\xd5\x62\
\x6c\x21\xb0\x90\x9d\x00\x4d\x86\x1e\x53\x8e\x8b\x08\x84\x52\xa2\
\x31\xc8\x98\x53\xaa\xc4\xa6\x47\xdd\x9a\x8f\xb4\xf0\xde\x1a\x4b\
\xe4\xc7\x8e\x9f\x03\x66\x44\xa2\xa4\x9a\x1a\xb1\x19\x69\x12\xac\
\x9c\x0b\xf9\xd3\x72\x27\x87\x66\x49\x25\x97\x52\x6a\x69\xa5\x97\
\x51\x66\x4d\x35\xd7\x52\x6b\x6d\x55\xa0\x38\x5b\x02\x21\x5b\x69\
\xb5\xb5\xd6\xdb\x68\xb3\xa7\x9e\x7b\xe9\xb5\xb7\xde\xfb\xe8\x73\
\xc4\x91\x00\xcd\x32\xea\x68\xa3\x8f\x31\xe6\xe4\x9e\x93\x2b\x4f\
\x3e\x3d\x79\xc3\x9c\x2b\xae\xb4\xf2\x2a\x6e\xd5\xd5\x56\x5f\x63\
\xcd\x4d\xfa\xec\xbc\xcb\xae\xbb\xed\xbe\xc7\x9e\x16\x2d\x19\xf8\
\x61\xd5\x9a\x75\x1b\x36\x4f\x38\xa4\xd2\xc9\xa7\x9c\x7a\xda\xe9\
\x67\x9c\x79\x49\xb5\x9b\xdc\xcd\xb7\xdc\x7a\xdb\xed\x77\xdc\xf9\
\x3d\x6a\xe1\xab\x6c\x7f\xfe\xf3\x0f\xa2\x16\xbe\xa2\x16\x5f\xa4\
\xf4\xc6\xf6\x3d\x6a\xfc\xb4\xb5\x6f\x97\x08\x82\x93\xa2\x98\x11\
\xb0\xe8\x72\x20\xe2\x4d\x21\x20\xa1\xa3\x62\xe6\x7b\xc8\x39\x2a\
\x72\x8a\x99\x1f\xc0\x5f\x2a\x91\x41\x16\xc5\xcc\x82\x22\x46\x04\
\xf3\x09\xb1\xdc\xf0\x2d\x76\x2e\x7e\x22\xaa\xc8\xfd\x57\x71\x73\
\x2d\xff\x10\xb7\xf8\x6f\x23\xe7\x14\xba\x7f\x18\xb9\xff\x8c\xdb\
\x1f\x45\xcd\x44\x43\xfb\x45\xec\x53\x85\x5a\x54\x9f\xa8\x3e\x7e\
\x7f\xfa\x8c\x7d\x8a\xec\xfe\xe3\xd5\xfd\xd9\x2f\xfe\xe9\xeb\x7f\
\x7f\xa1\x35\xd3\xbd\xa2\xec\xdc\x6a\x59\xe7\xfa\x5b\x47\x6a\x61\
\x56\x1b\x2c\x5b\x23\xe4\x7b\x47\x7e\x55\xcf\x42\x06\x84\x36\xa1\
\xe4\x73\x73\xd9\xf9\xe4\xc1\xea\x10\x81\x02\x6f\x56\x41\x3b\xf8\
\x6b\xce\xd6\xc8\x3d\xe5\x36\x00\x79\x28\x93\xf4\xcb\xf7\x86\xb9\
\x74\x9b\xc9\x8a\xd7\xa6\xfb\x21\x41\x16\x7c\xb0\xce\x48\x77\x13\
\xbf\x14\xcf\xc9\x6b\x0e\x5f\xd6\xca\x2d\x92\x1b\x14\xed\x78\x1f\
\x59\x7f\xf8\x91\x79\xce\x28\xd7\x8f\xbb\x4b\x6a\x7c\x10\x94\x26\
\x5a\xc3\x22\xc9\xb4\x56\xb8\x76\xf2\x8d\x81\xf4\xa6\xfa\x01\xaa\
\xb4\x2d\x9e\xd6\x6f\x83\xba\x09\x75\x5c\x17\x50\xed\x95\xf9\x9f\
\x11\xd7\xba\x9d\xb9\x87\xa3\xf9\x5b\x30\x28\x7f\x85\xcc\xf4\x7b\
\x29\xe1\x64\x3b\xbe\x6f\xe6\xe3\x4a\x27\x19\x93\xed\x70\xf3\x64\
\x40\xd6\x56\x0e\xfa\xc8\xa9\xe4\xd9\x19\xe4\x45\x38\x36\x50\x15\
\x7b\xee\x74\x58\xb0\x4b\x8d\xc2\x73\x75\x96\x05\x0e\x52\x59\x7e\
\xae\x76\x8a\x43\x54\xbc\x10\x2c\x14\xc3\x7c\xdf\xfa\xbf\x7b\x0d\
\xbb\xf7\x1b\x77\xa7\x14\x6b\xdf\xe7\xec\x1c\xe7\x74\x93\xfc\x8d\
\x19\x41\xe7\x0b\x19\x0e\xa4\x16\x2a\x36\xa7\x3a\x56\xeb\xbe\x1f\
\x68\xd2\xdb\x3d\x54\xf6\x61\x65\xe6\x0e\x93\xda\xc8\xe4\xfb\xa5\
\x02\x07\x2b\x10\xa8\xa0\x2b\x35\x02\x94\xa4\xad\xff\x56\xa9\xac\
\x9d\xdd\xbc\xfb\x65\x5e\xad\xaf\x12\x89\x0c\x00\x50\xba\x9d\xd3\
\x22\xf3\x3f\x07\x81\x47\xfe\xec\x50\x59\xab\x6b\xbe\x96\xb9\xe7\
\xc9\xfe\x36\xd7\xc7\xba\x3b\x8e\x39\xa8\xfc\x12\x33\xe3\xed\xab\
\x8d\x0c\x52\xf0\x7e\x38\x80\x84\x63\x81\x5b\x49\xf9\x02\x56\x77\
\x91\x57\x53\xc8\xd0\xe6\xba\x63\xef\x94\x6e\xb6\xc5\xbf\xdc\x01\
\x20\x2c\x91\x77\x51\xfa\xd3\x72\x3b\x26\x80\xf0\x6b\xb1\x1c\xb6\
\xa1\xe5\xc1\x80\xd7\x8e\xf7\x50\xf9\xac\x93\xb5\x06\x29\x32\x4d\
\xbf\x72\x1f\x27\x29\x1b\x57\x32\xb7\x57\xbb\x73\xf3\x13\xab\x82\
\x9c\x64\xc4\xb8\xa7\xb5\xc6\xad\xa1\x64\xd4\x82\xb7\x32\x97\xed\
\x49\xde\x9d\xb5\x6a\x1d\x20\x60\xaf\xe0\xd2\xc9\x8c\xba\xcd\x93\
\x58\x71\xab\x6e\x98\x71\xab\x06\xf3\x13\x54\x9b\x79\xeb\x3b\x52\
\xa5\x92\x20\x2d\xc1\x8d\x8b\xdc\x33\x03\x59\x76\xf3\xbb\xd5\x15\
\x43\x6b\xd5\xcf\x74\x0a\xe3\x1b\xf3\xac\x1d\x28\xb7\xe9\x34\x0f\
\xd2\x3a\xef\x0a\xbe\xf4\x93\xf6\xea\x59\x01\x8a\xbd\xde\x72\x32\
\x77\x47\x80\xd8\x5a\x85\x48\x96\x13\xc2\xca\x20\xe6\xbd\xe4\xfc\
\x64\x1c\xbd\x64\xb0\xb0\xc7\xcd\x85\xa8\x9b\x46\x91\xae\x16\x8a\
\xe5\x62\x97\x04\x25\x4c\x3e\x15\x52\xd7\x58\x7d\xae\xe9\x81\xc6\
\x7a\x54\xd5\x61\x67\xd6\xa1\xc5\x7c\x80\xea\x0d\xf9\xa2\x75\x57\
\x05\xb9\xb3\x5b\x91\xc4\xa0\x64\xc8\xef\x5b\x3b\x99\x72\xe6\x0a\
\xb6\x6d\x31\xa4\x5d\xd3\xbc\x76\xeb\xee\xa7\x76\x9f\xea\x62\x8e\
\x54\x60\x28\x73\x9e\x51\x63\xe8\x91\x10\xec\x35\x7c\xdb\xc7\x31\
\x18\x5f\x3a\xf5\x3c\x36\x89\x95\x3b\x69\x41\xca\xf4\xb3\xac\xae\
\x8d\xc8\xba\xfe\x2d\x4f\x2c\xe6\xfb\x94\x64\xc8\x7e\x32\xf4\x95\
\x59\x88\x0a\xaa\x1c\x41\x29\x89\xeb\xf4\xa9\x09\x84\x5a\xda\x85\
\x0a\x1d\x37\x92\x3c\x93\xb1\xc0\x16\x52\x7a\x48\x06\x80\x76\xef\
\xbb\x94\x4d\xf0\x8f\x4f\xc3\x6a\x24\x94\x97\x8a\x24\xbe\x08\xf6\
\xd1\xfc\x72\xf5\x90\xaa\x1d\xd5\xe7\xab\xfe\x1b\xbb\xea\xd3\x9b\
\xec\xf0\xac\x91\x47\xed\x25\x38\xc7\x66\xdc\x36\xc5\x2c\x8b\xc4\
\x84\x4f\x82\x59\xa9\x61\x35\x7f\x4a\xe8\x33\x94\xed\x0e\x1f\x3b\
\x27\x21\xfd\xb8\xdf\xac\xc2\x19\x80\xab\x96\x60\xd3\x66\x18\xdd\
\x54\x80\x91\x6a\x07\xe3\x2e\xda\x92\x4c\x38\xcc\x5c\xbc\x09\x8c\
\x1d\xc6\x26\x5a\x89\xdb\x51\x61\x61\x15\x7f\x61\x3c\x08\x88\xbc\
\x41\x10\x6d\xe0\x0a\x68\xa1\x02\x83\xf0\x09\xd4\x59\x10\xf0\x02\
\xf1\x88\x3e\xb3\x47\x58\xd5\x96\x6e\xa4\x56\xfb\x24\x97\x77\x0d\
\xdd\x0d\x8c\x5f\x38\x94\xa5\xdf\x4c\x9e\x3b\xdf\x3b\x4f\xb9\x2c\
\xf5\x22\x6b\x81\x21\xbf\x95\x45\x01\x1c\x3d\xcc\xe9\x96\x79\x6e\
\x5c\xfd\x80\x53\x28\x64\x86\xd1\xa9\x54\xe4\x83\x9b\x0c\x12\x0c\
\x49\x60\x02\x54\xe9\xa9\x85\x01\x5d\x36\x52\x04\x5a\x27\x13\x90\
\x9b\x9e\xea\xf2\x94\x6c\x46\x05\x64\xc0\x17\xdd\xbb\x40\x9f\x02\
\x30\x92\x67\xd4\x85\xdd\xd5\x1d\xa5\xb0\xc0\x4a\xe0\x00\x11\xde\
\x6f\xa7\x9a\x59\x36\x28\x1d\x5c\x5e\x7b\xcf\x49\x48\x54\x9f\x81\
\x97\x14\x4b\x58\x17\x9a\x3e\x59\x79\xb1\x00\x02\x3b\x69\x06\x20\
\x27\x21\xd8\x2f\xa8\x3f\x0e\xe0\x46\x8d\x6f\x95\x40\x1b\x67\x90\
\x48\xc7\xfa\xe4\xaa\xf8\x01\xae\x05\xf0\x14\x7f\x34\x7c\x34\x0a\
\x60\x59\x2a\x30\x00\x05\x90\x33\x44\x29\x86\xe3\x76\x94\xa8\x37\
\x20\xc0\x20\xe5\xa0\xe4\xf5\xac\xd3\x4e\x70\xc6\x1e\x35\xcc\x9e\
\xcb\x8a\xb9\x00\x69\x89\xf5\x0c\x5c\x0c\x92\x28\x03\x72\x41\xeb\
\x80\x66\x4c\xb4\xb6\x13\x1d\x30\x97\xce\xb6\x84\xc6\x28\x9b\x99\
\x03\x55\x15\xf2\x4b\x82\x57\x42\x49\x86\x1f\x58\x87\x88\xa6\x36\
\x67\x1e\xb3\x1d\x86\x46\xc6\x50\xc4\x9b\xab\x82\x22\x56\x88\x71\
\x70\xc5\x90\x4c\x13\x88\xe4\x07\xd0\x04\x5a\xab\x90\x6f\x7c\xe5\
\x12\x72\x41\xdd\x20\x72\x82\xbe\x67\x3a\x7f\xfa\x8a\x7e\x76\x53\
\xc1\x35\xd2\x2c\x51\x9b\x9b\x52\x79\xf4\x00\x72\x51\x23\x3e\x93\
\xe8\x99\x3c\x89\xab\x90\x12\x1e\xb8\x7a\x3e\xa2\x2e\x78\x59\x19\
\xb9\x98\x74\xc7\xf7\x88\xfb\xa9\x47\x0a\xdb\xab\xda\x5a\x62\x16\
\x23\x30\x09\x1b\x54\x92\x10\x2a\x87\x7d\x47\x83\x7f\xb6\x17\x21\
\x13\x28\x6c\x3c\x49\x36\x60\xd9\xde\x0e\x35\xb8\x7b\xa4\xe6\x43\
\xc5\xd4\xf0\x41\xea\x6e\xa4\x1e\xc8\x07\x5c\x78\x85\x06\x17\xc5\
\x49\xe6\x69\xe5\x49\x14\x90\x92\x6a\x0c\x73\x3c\x03\x05\x28\x41\
\x37\xa5\xc2\x3c\x2c\x4f\x69\x31\x90\xb3\x11\x11\x91\x37\xb9\x18\
\xe2\xda\x85\xc2\xdf\x13\xdc\x24\x61\x4b\x22\x3c\x5c\xa3\xd8\x32\
\xbc\xd9\x45\x49\x1e\xc1\x66\xc4\xee\x01\x71\xdc\x58\xe3\x61\xb6\
\x06\x6d\x5c\x50\xd4\x0d\x6f\x94\x0c\xcc\xbe\xdb\x2c\xb5\x41\x2d\
\x5d\x83\x06\xfe\x29\x1b\x72\x5d\x55\xd3\xa9\x64\xe4\x2c\x37\x14\
\x47\x51\xe0\xa3\x50\x65\xb0\x58\xf7\x31\x69\xf4\xa8\x0d\x47\x88\
\xa6\x9f\x52\x2a\x88\x44\xb2\xb0\x22\x2f\x12\x99\xc1\x87\x66\xa1\
\x06\x10\x8e\x8a\xf9\x40\x7a\xc3\x89\xfc\x23\x18\xa2\x3c\xa1\x38\
\x00\xe3\x01\x23\x93\x1e\x54\xf6\x92\xac\x41\x47\x20\x69\x8f\x4d\
\xd0\x03\x44\x68\xa1\x51\x92\xad\xce\xc9\xe2\xb1\xfa\xfb\x18\xe5\
\x8d\xd4\x84\xf1\xb6\xa0\x95\x8c\x89\xfc\x10\x34\xd9\xa8\xdf\xb1\
\x05\x06\xc1\x49\xe9\x02\x22\x9b\x00\x90\xef\x2c\x75\x9b\x94\x2b\
\xc2\x0d\xbd\x84\xec\x41\x1e\x4b\xeb\x54\xd6\x01\xb1\xcc\x35\xa8\
\xfe\x23\xb0\x86\x3b\x59\x8c\xb6\x37\x82\x37\x61\xad\x5d\x11\xbb\
\x66\x72\x69\x41\x44\x9e\xbc\x60\x49\xa1\x21\xad\x1b\x88\x46\x0e\
\x87\x98\x46\x65\x39\x36\x31\xdb\x21\x0d\x54\x1f\x58\xe9\xc5\xd5\
\xf8\x99\x20\xa1\x48\x3a\x9b\x43\x56\x44\x44\x1c\x64\x66\x89\x00\
\x37\x10\x01\xc5\xef\x1b\x13\x01\x14\xa0\x28\x01\x41\xdb\x97\xa5\
\x44\x6b\x12\xf6\x97\x58\x62\x6b\xf0\xdf\xa8\xcd\xe6\x7b\xa6\xb4\
\x1c\x50\x43\x8e\x9f\xc0\xd4\x7b\x22\x22\x33\xab\xe4\x48\x08\x58\
\xd3\xb2\x24\x5e\xee\x20\xc8\xa6\xf4\x12\x53\x82\xf5\xa2\xf0\x00\
\xd1\x22\xf0\xc3\x2f\x56\x29\xdb\x6d\x0e\xd7\x86\x9e\x48\xac\x9d\
\x89\x6c\x3c\x92\x86\x12\x3b\x13\x63\x83\x76\x0d\x92\xb4\x63\xa3\
\xd2\xf2\x45\x6e\xa8\x40\x70\x0c\x83\x49\x34\xe4\xa0\xef\xeb\xae\
\xd4\x1b\xf8\xb9\x25\x22\xda\x33\x4d\xad\x54\x16\xe6\x65\x73\xb7\
\xb2\xb2\x55\x18\x1e\x02\x34\xaa\x4a\xd6\x8a\x14\x1c\x1a\xc4\x0e\
\x31\x48\x4c\x93\x1c\x95\xfc\x36\x2a\x51\x81\x77\x9e\x45\x0c\xe8\
\x17\xf4\x0c\x92\x0d\xc5\x02\x5b\x45\xd8\x16\xcc\x24\x21\x70\x14\
\x67\x9f\xc6\x6d\xb1\xce\x37\x81\x6e\xd4\x2a\x56\xa4\x48\x5c\xed\
\xba\x02\x2a\xa1\x1f\x72\xaa\xbb\x08\xc2\x9f\x81\x7e\xca\xa7\x36\
\x5e\x30\x6a\xd0\x45\x3e\xe8\x62\xbb\xc0\xb8\x79\x2c\x16\x9c\x04\
\x5e\x23\x9a\x2a\xe9\x41\x8a\x80\x4b\xa7\xa4\x8d\x1e\x25\xc7\xa9\
\x12\x72\x1a\x5e\xbb\x2c\x10\x06\x97\x81\x32\x49\xcc\xce\x28\xdc\
\x8f\xc4\x47\x1c\x9c\x13\x0d\x1a\xef\x6d\x26\xc6\x81\xbf\x3b\x1d\
\x47\xc5\x2a\x40\x9d\x04\x6c\x91\x9e\xd4\x19\xa8\xd4\x80\x11\x64\
\x55\x18\x10\x84\x47\x27\x6d\x41\x05\x63\xa4\x36\x57\x05\x1d\xfa\
\x90\x24\x1a\x60\xbd\x64\x57\x65\xe9\x9a\x8a\x02\x97\x75\xfb\xe2\
\xa7\x26\x25\x07\x4c\x84\x99\x5d\xdc\xd2\x90\xaf\xd0\x25\xe4\x3c\
\x7c\x6e\x94\x2d\xce\xa0\x57\xb1\x21\xb2\x25\x09\x81\x11\x4a\x61\
\xef\x2a\x85\x4b\x7c\x17\x2b\x2b\xb1\x1d\x31\x92\x95\x88\xaa\xc7\
\x46\x4d\x2d\x54\x76\x81\x17\xa5\x49\x48\xcb\x12\x90\xee\xc4\x0b\
\xe9\x92\x53\xf7\xe4\x3a\x52\xae\x35\x92\x2a\xf1\xe6\x08\x08\x1f\
\x6a\x03\x0b\x88\x7f\x0b\x8d\x2b\x2f\x74\x80\x30\x9b\x2c\xe9\x19\
\xa4\x44\x30\x82\x17\xb8\xf8\x35\x6f\x05\x91\xd0\x7b\xbc\x34\x48\
\x1b\xa9\x03\x20\x25\x6a\xf7\x40\x62\x15\xac\x59\x7d\x82\x00\x05\
\x74\xbc\x94\x14\xee\xd3\xdd\x68\x6a\x84\x91\x15\xfb\x01\x6c\x07\
\x68\xdf\x3d\x0e\x52\x1a\xea\xed\x7d\x22\xb6\xc7\xbb\xc5\x4e\xba\
\x03\xdc\x81\x41\x51\x4b\x45\xd2\xfb\x8b\x30\x70\x47\xf0\xc7\x77\
\x17\x31\xff\xd4\xe2\xc1\x00\xb3\xe2\xe3\x60\x57\x3e\xf1\xda\x2e\
\x9a\x03\xe8\x3f\x19\x17\xae\x02\x84\x8c\x0b\xb1\xcb\x18\x30\x32\
\x4c\xbf\xaa\x5c\x22\xa0\x82\xea\x18\xb0\x2d\x65\x83\x4e\x42\x35\
\x18\x57\x81\x1f\xf0\x7e\x24\x12\xa9\x03\xa3\xc2\xb2\x43\x45\x8c\
\x00\xaa\x6f\x44\x64\xf6\x92\x80\x84\xd7\x0f\x77\xc0\x3a\xc5\x41\
\x66\x11\x45\x74\xe8\x44\x4f\x55\xc8\x9d\x54\x80\xd9\xd1\x7a\x88\
\xdc\x06\xa8\x92\xdd\x1a\xea\x05\x03\xa8\x1b\xc0\x5f\xde\x91\x34\
\xbc\x13\xa0\xdf\xac\x03\x6a\x59\x2a\x2a\x0c\x82\x8b\x63\x2a\x88\
\x11\x2b\x1d\x2f\x80\xe7\x62\x59\x8b\x51\xd0\xa8\x6f\x9c\x07\xd4\
\x82\x18\x91\x77\x23\x17\x1c\xee\xed\x16\xe0\x2a\xae\x80\x73\xa1\
\x62\x01\xc3\x08\x7a\x6f\x55\xdb\xc4\xe3\xe0\xe5\x95\xa6\xaf\x20\
\x7a\xab\x19\x95\x74\x40\x2f\x92\x0b\x05\xa0\x36\xf9\x61\x22\x76\
\x1d\x00\x83\x97\x00\x2e\x08\x26\xb5\xb6\xae\x07\x8a\xba\x47\x2f\
\x22\x4b\x31\x09\x94\x6c\x0d\x02\x02\xb0\x8a\x52\x61\x95\x30\xc4\
\x6d\x03\x85\x05\x85\x90\xe6\x96\xa2\x6b\x2a\x11\xb4\x13\x79\x67\
\x4a\x17\x28\xd5\xe6\xac\xd3\x03\x21\xcc\x8c\x9f\x35\x56\x00\x14\
\x0a\x04\x9b\xa2\x45\x5b\xdd\x89\x69\x95\x65\x1a\x90\x09\xc3\x26\
\x75\x1a\x35\x59\x9b\x93\x32\x32\x56\xde\x46\x47\x13\xa7\xa3\xc1\
\x82\x6b\x84\x79\xe1\x33\x0c\xb6\xa1\x78\x42\x82\x27\x8e\x19\x25\
\x8c\x8b\x07\xe5\xb0\x2b\x7c\x83\xe8\x84\x75\xa1\x43\x3e\xea\x48\
\x0a\x8f\x5e\x25\x0d\x37\x1c\x44\x19\x34\x8a\x43\x40\xee\x07\x06\
\xac\xb3\xac\x84\x2b\xcb\xea\x43\x4f\x50\x7d\xc5\x58\xa5\xc4\x6c\
\x58\x5a\x82\x66\x20\x0c\xff\xc6\xf7\x2f\x29\x2a\x32\x87\xe8\xd7\
\x8e\xc1\x29\xd9\x8b\x53\xf5\x71\xd4\x34\x74\xb8\x50\x83\x48\x74\
\xdc\x3e\xf5\x2b\x48\x5f\xc0\x91\x57\x51\x07\xca\x68\x28\x75\x16\
\x46\x11\x35\x72\xd0\x2c\x2d\xc0\xa6\xf8\xe3\xfb\x1c\xeb\xa8\xac\
\x5e\x95\x50\x7a\x59\x41\xe8\x9b\xe1\x5b\x1b\x2f\xbb\xe0\xc9\x67\
\x2a\x3b\x2f\x0f\xb5\x4f\x60\x04\x7d\x0d\x53\x3b\xf2\x18\x05\x0b\
\xa1\x25\x01\x10\xe5\x09\xac\x27\x90\xa9\x40\x23\x15\x82\x3a\x20\
\x01\xbf\xa4\xee\x70\xb3\x2c\x59\x9e\xed\x37\x01\x0d\x00\x40\x17\
\x50\x38\x74\x44\xb0\xa1\xc4\x8b\xe4\x47\xe6\x61\x51\xe6\x7e\x84\
\xd5\x21\xdf\x53\x17\xd1\x45\x27\x52\xc5\x87\x79\x62\x43\xca\xae\
\xc5\x20\xa5\x6b\x7b\x9c\x89\xe0\x82\x17\x46\x6a\xe4\xa0\x83\x98\
\xc8\x90\x02\x7d\x46\x72\x66\xab\xb2\xf1\x0d\x8c\x2e\x90\xe9\x9e\
\x1a\x63\x35\x82\x60\x8d\xe5\xb8\x88\x9e\x3e\xa9\xc0\x78\xd0\x39\
\xd1\xb8\x7a\x0c\x83\x04\x3e\x3e\xb9\x4d\x76\xa0\x22\x18\x34\x06\
\xa3\x4b\xe0\x42\xf7\x30\x3d\xa4\x4a\x6d\x4d\x02\x47\x02\xce\xea\
\xb1\x15\xa8\x23\x53\x87\x8a\x31\x8a\x83\xd3\x1e\x11\x59\x57\x59\
\x2c\x8c\x94\x5b\xe0\x18\xec\xde\x36\xd2\x19\x7b\xd6\x97\x87\x64\
\xc0\x22\xe4\xc6\xc5\xc9\xed\xd1\x71\x47\x00\xa7\x21\x27\x49\xa9\
\xdb\x59\x6d\x50\x1f\x88\x8d\x19\xe1\x83\xa2\x2d\x5e\x3d\x03\x35\
\xeb\xa8\x77\xed\x96\xc0\xbd\xb0\x20\x9a\xb7\x93\x93\x9d\x84\x9f\
\x12\x63\x10\x98\x81\x37\xf2\xa0\xa0\xa4\x7f\x8a\x09\xfa\xd2\xc2\
\x80\xcc\x18\x0f\x68\x07\xa5\xe4\x49\x48\xa0\x1e\xd7\xd9\x58\xf4\
\xcc\x48\x77\x94\xc9\x45\xce\xa3\x96\x36\x16\x1b\x63\x48\x78\x91\
\x67\x42\x72\x75\xda\x30\x70\x65\xbe\x5a\x22\x3f\x36\x45\x44\x14\
\x40\x33\x17\x51\x26\x8c\x06\x85\x76\x33\x66\xd5\xd7\xd8\x47\x9e\
\x48\xf6\x4c\x3c\xf8\x0d\x56\x33\x0e\x35\x69\x48\x2f\x60\x2c\x62\
\x6d\x30\x9e\x41\xa6\x5e\x9d\x6a\xf8\x87\x9f\x07\x28\x7b\x0f\x19\
\x1d\x88\x24\x0e\xe0\x0b\xd4\x93\x4d\x64\x5e\x88\x2a\xb4\xde\x44\
\xd0\xc9\x3a\x07\x44\x94\xba\x0b\x06\x00\xc1\xee\x94\x17\xfe\x4a\
\x3c\x46\x22\x3f\xee\x9a\x4e\xd2\x51\xd9\xde\xb2\xcf\xd8\x87\x1e\
\xe0\x69\x5c\x8e\x04\xce\x22\x74\xa8\x89\x6e\x19\x01\xce\xa8\x82\
\x64\x5b\xc2\xa2\x0e\x2c\x67\xf6\xc3\x54\x0a\x15\xc7\x7b\xa8\x01\
\x07\x33\x03\x07\xcf\x5c\x6d\x75\x64\x82\xd2\xb1\x92\x5b\x28\x2d\
\xf0\xc3\xd4\x94\xa5\xd4\xaa\x3a\x2f\xcd\x7f\xc6\x85\xe6\xb6\xae\
\xc9\xf2\xd9\xc1\xda\x33\xca\xea\x50\x13\x6b\x66\xc3\xcf\xa2\x93\
\x30\x89\x0c\x67\x4f\x28\xc6\x53\x39\x77\x71\xbd\x89\x26\x64\x86\
\x68\x8f\x52\x73\x96\x64\x59\x5f\xac\x04\xf8\xf3\x73\x6c\xac\xec\
\x18\xc6\x0f\x14\xad\xb3\xca\x02\xa3\x2a\x92\x04\xd1\x02\x4e\xae\
\x5c\xa2\x7c\x9c\x2c\x28\x21\xe5\xcd\x48\x83\xad\x59\xde\x45\xf8\
\x0c\xc3\xf6\xd5\x3a\x1b\x65\x04\x80\x0d\xd7\x6d\xc1\x28\x17\xf4\
\x62\xc1\x71\xa0\xca\xd0\x8c\x49\xa6\xbb\x26\xf4\x84\x5c\xa4\xd8\
\x0d\xf5\xd7\xff\xa2\x69\xe6\x7e\xfa\x01\x48\x9e\xb3\xf2\x65\x30\
\x50\xb0\x0b\x18\x6d\x05\xf7\xcd\x1c\x26\x52\x0b\x48\xa4\x72\x90\
\x61\x37\x09\xd5\x78\x7f\xc3\x7a\x40\x86\xd1\xa1\x54\x81\xba\x25\
\xf9\xa3\x04\x65\x90\x5e\x7a\xab\x82\xa1\x27\xb3\xc4\x5b\xe5\x47\
\x35\x01\xfe\x58\x5d\x2e\x89\xc9\xde\xd4\x1b\xb4\x9e\xc4\x40\x17\
\xd7\x81\x13\x6a\x8e\xca\x07\xe4\x71\xd6\xa8\xb1\x85\xb8\x85\x68\
\x21\x67\x34\x28\xe8\x8a\x40\xa6\x18\x08\x4e\x20\x29\x28\x39\xd0\
\x7b\xcb\x06\xc2\x9a\x8b\x22\x27\xf6\xd8\x2e\x5e\xe0\xca\xeb\x9e\
\xb4\x0a\x24\x44\x2f\x5a\x17\xc0\xa9\xc2\x6d\x38\x3e\xc8\xa5\x01\
\xfb\x7e\xf4\x9a\x60\x3a\x24\xba\x9c\xf5\xdb\xd7\xa2\xe2\xb0\xa0\
\xd2\x04\x35\x1d\x20\x18\x38\x39\x0e\x39\xc8\x14\xd5\x28\xc2\x30\
\x77\xe9\xbb\x98\x0f\x7a\xf9\xb3\x68\x7c\x0c\x7d\xca\x04\xc9\x0a\
\xf8\xeb\x90\x58\x94\x1a\xf5\xd4\x50\xe5\xe4\x72\xe7\x6e\x87\x44\
\xe6\x42\x70\x87\x0d\x06\x77\x1f\x6f\x93\x3c\xea\x3b\xaa\xab\x4a\
\x7e\x8c\x8e\x25\x82\x93\x34\x6a\x4a\xb6\x5b\x5c\xea\xe6\xbd\x0b\
\xdb\x68\x59\x12\x57\x17\xc6\x00\x2f\x27\x09\xa9\xe6\x2b\x7c\xcd\
\x74\xb1\x51\x28\x35\x2e\x04\x98\x91\x3c\x91\x5c\x59\x67\x02\x79\
\xbb\x1c\x7c\xc8\xb5\xdb\xeb\x8b\xe9\x13\x0b\xea\xb0\x2e\x10\x28\
\xa2\x6f\x5c\x1a\x28\x07\x8f\x01\x4a\xe4\xf5\x49\x44\xfd\xb6\x0f\
\xc7\x09\xe4\x49\x5e\x88\x5c\xec\x8b\x59\xa0\x88\x4b\x83\xfb\xf1\
\x2e\x78\x5a\xd2\xf3\x40\xb1\x86\xaa\x9c\x28\x56\x87\xfc\xb9\xc0\
\x66\x5d\x12\xcb\x6a\x61\x75\xac\x93\x76\x01\x98\x39\x88\xa2\x16\
\x1f\x88\x2c\x3b\x44\xe5\x4f\xfc\x05\x54\xa0\xa6\xc8\xf4\xe0\x25\
\x7e\x95\xaa\x24\x57\x57\x50\x66\x43\xb5\x7d\x27\x6d\x97\xc1\xa9\
\x45\x5b\x1d\x4b\x4d\x83\x84\xc7\x11\x8d\xe6\x30\x51\x5a\x92\xc2\
\x45\x3a\x81\x41\x95\x28\x93\xc2\xb5\xbb\x5a\x1e\x71\x79\xe9\x23\
\xf8\x19\x2e\x85\xf7\xa6\xca\x1c\x55\x04\xf5\x1e\x90\x63\x43\x84\
\xd8\x81\xbb\xa9\xc5\x2b\x26\x87\x69\x10\x92\x88\xee\x81\xf8\x1e\
\x27\x98\x85\x1a\xd5\xd6\x46\x2a\xb7\xe2\xdd\x42\x76\xe0\x2d\x60\
\x35\x80\x13\x89\x80\xde\xd9\xe8\x35\x09\x20\x66\x8c\x15\xc3\xd1\
\x7a\x0a\x85\x10\xc1\x53\x49\xb6\x0e\xd5\x28\x21\x0c\xcf\x23\x6b\
\xd4\x86\x25\xd7\x13\x5e\xe4\x6a\x65\xe0\x81\x04\x6c\x41\xa7\x83\
\x9b\x46\xf2\x12\xdd\x0c\xdb\xe2\x2f\xbd\x46\x65\x88\x7a\xea\x46\
\x11\xab\x20\xe4\x7c\xcd\x9f\x1e\x77\xdc\x01\x5c\x2e\xf3\x3a\xa8\
\xa9\x0f\x6d\x05\xa8\x43\x27\xb3\x78\x91\xef\x78\x33\xf2\x27\xc7\
\x11\xa5\x91\x91\xbd\x18\xaf\xa1\xf9\x81\x99\x50\xaf\x2e\xf7\x00\
\xe5\x08\x50\x20\x55\xca\xc1\xa1\x4e\x7b\x66\xf9\x72\xa1\x10\xe0\
\x3a\xa9\x22\xd1\x2d\xa9\x01\xed\x03\x36\xad\x53\x7d\x40\x16\x16\
\x0b\x55\xba\x66\x38\x45\xa6\x0c\x53\xa1\xd6\x14\x61\x4c\xd7\x72\
\xb8\x0e\x87\x3b\xd6\x92\x5d\xf3\xe7\xc9\xd3\xab\x1d\xb1\x6e\x33\
\x41\x80\xb8\xd2\x2d\xf2\xf2\xa5\xbc\x51\x88\x99\xa8\x69\xd4\x74\
\x56\x4b\x07\x2f\x86\x27\x83\xa7\x00\x34\x47\x70\x44\x8d\x94\x96\
\xa9\x63\xf5\xb7\x6d\x7f\x6e\x06\x7a\xe2\x63\x84\xbc\xa3\xce\x68\
\x55\x0d\x6c\xdc\x11\x28\x41\xa6\xa1\xa7\x28\x76\x26\x20\x25\x8c\
\xbe\x84\x6c\x81\xad\xc6\x2f\x70\x39\xaf\xd6\x62\xb7\x34\xde\x56\
\xc8\x4d\x5a\x1a\xc2\xa6\x0d\x36\x88\x0c\x8f\x41\x89\xe0\x60\x51\
\x67\xd0\xa2\x5a\x93\xda\x9b\x45\x39\x97\x18\x20\x75\xd4\xac\xb6\
\x15\x58\x3e\x45\x15\xeb\xfc\x97\x43\x75\xf3\x3b\x5e\x10\x05\xa1\
\xfb\xeb\xdd\x8c\x20\xdd\x84\x93\x04\x3d\xd2\xbe\x50\xff\x04\x3b\
\x82\x84\x10\x4a\x6c\xf2\x47\xe4\x49\xae\x22\x95\x05\xf6\x39\xa2\
\x21\x73\xd4\x16\xe9\xa2\x4e\xd0\x84\x45\xa4\x40\x96\x03\xb1\xb8\
\xcc\x41\x28\x7b\x43\x5c\x92\xa0\x96\x51\xfa\x32\x14\x18\x7c\xc4\
\xe8\xf2\x9d\x82\x04\x93\x97\x9f\x32\x88\x6e\x41\x54\xe3\x34\x68\
\x07\x07\x64\xe9\x83\x13\x04\x04\x39\x25\x3b\x49\x75\x93\x93\x6a\
\xdd\xbd\xce\xe3\x52\x7b\x04\x6f\x11\xc6\x40\x63\x62\xed\x8a\xe8\
\x60\x82\xad\xee\x29\xd6\x46\xe5\x69\x5f\xea\x06\x6e\x8b\x4d\x04\
\x8d\xf3\xb3\x01\x9d\xeb\xa1\x38\x40\xac\xa3\x6d\x53\x40\x20\x77\
\xa0\x01\xb4\x81\x17\x0e\xc5\x8a\x65\xc2\xff\xf0\x59\xd7\x2b\x9a\
\x09\x9d\xd7\x1a\x82\x38\x00\xb5\x59\x9a\x16\x0b\xac\x0d\x59\x5c\
\xda\x21\xa4\x59\x36\x59\x64\x89\xf6\xd0\xc0\x20\x21\xe6\x7b\x52\
\x25\xd0\x64\x2e\xd2\x34\x5f\x47\x15\xc0\x3e\x13\xfb\x34\xb2\xb4\
\x11\xfa\x0b\xcc\x20\x4c\xfb\xf2\x32\xa2\xc9\xae\xed\x06\xf4\x83\
\x87\x2c\x82\x69\xa7\x15\x50\x63\x6d\x40\x1c\x24\xb5\x64\x12\x1c\
\xe4\x30\x22\x56\xb1\xb8\x68\x8c\xea\x59\x67\x60\x49\x73\x46\xb8\
\x6d\xe4\x01\x29\xc2\x2a\x4f\xbf\x90\x0f\x75\x74\x12\x1e\xa4\x19\
\x61\x93\xd2\x78\xd9\xfe\x42\x48\xb9\x83\x86\x8e\x80\x93\xa4\xd4\
\x04\x4b\x4f\x15\xa1\xde\xd1\xb6\x43\x2c\x53\x73\x09\x5c\xee\x99\
\xf1\x2e\xad\x02\xb5\xb2\xc0\x20\x6f\xaa\x70\x17\xaa\x86\xc9\x36\
\x75\x00\x89\xb5\x87\x20\x9f\xd4\x85\x4a\xc0\xff\x31\x37\x60\x18\
\x82\x2a\x1c\x7a\xc5\x7a\x46\xf5\x64\x89\xf1\x15\x4a\x56\xd0\x43\
\x6d\x28\xf2\x4b\x93\x6f\x2c\xb9\xb5\x7e\x31\xad\xad\x70\xa1\x2e\
\xa1\x81\x61\x81\x36\xa1\x43\x35\x71\xa7\x80\x75\x69\xc9\x16\x68\
\x47\x7e\x9b\x7c\x27\x36\x17\xa9\xe2\x51\x6c\xa8\xa5\x89\x68\xca\
\x47\xbb\xd0\x24\x69\xc7\x51\xb8\xc9\xd7\xbe\x08\xe0\x8f\xe6\x58\
\x25\xad\x7f\xb5\xcb\xea\xfe\xea\x0d\x07\x6d\xf4\x39\xb8\xa1\x9d\
\xca\x45\x18\xd5\x66\x37\x72\x23\x25\x6d\x25\xaa\x45\xa5\xae\x12\
\xab\x3c\xdd\x6d\xf1\x6d\x89\x14\x92\x99\x44\x96\xef\xb0\x0c\x8f\
\xc2\x52\x09\xd3\x2a\x89\x16\xc8\x7d\xb0\xec\xed\x99\xb2\x0a\xc8\
\x0e\x7c\x7a\x27\x7f\xe4\x9f\xdf\xf6\x3f\xc5\x8d\xcb\xb6\x07\x13\
\xa0\x1d\x9f\x2f\x88\x3d\x2e\x35\x94\x13\x11\x48\xc9\x65\x2f\x82\
\x81\x73\xc4\xf6\xce\xc8\xc8\x32\x0c\x8b\x3f\x61\xa9\x0d\xdb\x96\
\x00\x28\xf2\x89\xf8\xb9\x2a\xbf\x0c\xe3\xa1\xd1\x13\x59\x3f\x5b\
\x93\xd2\x54\xb3\x07\x35\xe8\x73\xdd\x76\xa0\x05\xe0\x72\x90\xdb\
\xa3\x73\x19\x0a\xaf\x69\xeb\xcd\xd4\x21\x60\xa8\x5e\x9d\x12\xc4\
\xa8\x85\x41\x00\xa3\x1a\xd8\x14\x51\x81\xa5\xf3\x2c\x5d\xfb\x26\
\x7e\x61\x93\x89\xc8\x15\xb7\xca\xd5\x43\xb4\x85\xf1\x50\x87\x85\
\x5c\xa1\xb8\x26\x32\x7b\x6b\xb3\x22\x46\x04\x7b\x25\x53\x37\x50\
\x31\x26\xfc\xcc\x9c\x77\x20\x83\x64\x79\xd5\xb2\x4e\xb2\x88\xa2\
\xda\x29\xd8\x6c\xb3\x42\x75\x08\x21\x84\x29\x74\xc5\xa5\xee\x80\
\x43\x61\x3e\xdc\x11\x73\x29\x13\xa3\x8e\x6a\x60\xae\x5d\xcd\xb0\
\x86\x73\xbc\x20\x26\x98\x70\x0c\x75\x26\xf8\x6a\xcc\xbe\x44\x2c\
\xd3\x4a\xbe\xab\x20\x4f\xab\x52\x10\xdd\xb3\x36\x2c\xbf\x33\xd5\
\x0a\x74\x24\xaa\x00\xda\x6a\x93\x33\x40\x75\x4b\xc2\xad\xcc\xe7\
\x28\x9b\x11\x37\x5a\x8a\x7b\x80\x73\x60\x31\x96\x2b\xeb\xa0\x41\
\xd5\xf6\x02\x5c\x37\x48\x10\x73\xda\xa2\x82\x83\x91\x46\xcc\xdc\
\x4b\x1c\x5c\x75\x48\x28\x8a\xc6\x8a\xc1\x3d\xda\x1b\x5f\xa6\xa6\
\x21\x53\x05\xc2\x65\x04\x61\x51\x50\x94\x29\x82\xfa\x30\x22\xa1\
\x0b\x0e\xdd\xbb\xd4\x9b\xf2\xd2\xae\xb8\xea\x01\x7c\x0e\xed\x51\
\x20\x98\x30\x3a\x3a\x17\x60\x65\xa3\xf8\x7a\xae\x1e\x8e\x54\xc3\
\x45\xbb\x0f\xac\xba\xf5\xb7\x0d\x51\x74\x72\xae\xb8\x6f\xdf\xfc\
\xcb\xd7\xe9\xdf\xd6\xb0\xcf\x4e\x02\xc4\x27\xc6\x8e\x32\xdb\x40\
\x3e\xce\x42\x76\x0b\x0c\xf1\x67\x61\xb1\x60\x63\xcc\xfb\xf6\x50\
\x0b\x56\x15\x43\x31\x7b\x50\x9f\x5d\xfc\x56\x8f\x34\x3a\x0a\x72\
\x30\xa2\x62\x63\xb0\xb6\x8b\x10\x63\x65\x07\x1e\x02\x88\x3f\x1f\
\xb7\x88\x49\x2a\x41\x9b\x20\x66\x38\xeb\x8b\x57\x47\x80\xc8\xbd\
\x91\x2e\x69\x05\xbc\x87\x32\xb4\xa1\x37\x4f\x76\x1e\xcb\x60\xc4\
\xcd\xab\xcd\x7b\xca\x4a\x48\x13\x9c\x12\x48\xa3\x6d\x29\x54\x6b\
\xc7\x7e\x37\x84\x2d\xc2\xb4\x1c\x0a\x99\x09\xcc\x0b\xac\xe1\xb2\
\x19\x80\xc8\x18\x8d\x9b\xb1\xeb\xa2\x1a\x9d\x55\x98\xa2\xe7\x4e\
\xa0\xc0\xd7\x90\xa5\x04\x87\x14\x8e\x5a\x54\xb2\xf6\x43\xdb\xa5\
\x44\xf4\x16\x31\x22\xc2\x1a\xa2\x51\xb3\x09\x83\x87\x62\xc8\xdb\
\xe9\x80\xa7\x8e\x9a\x34\x9d\x6d\x21\xe4\x8b\xa8\x53\x42\x88\x78\
\x14\x25\x57\xee\x1b\xa4\x46\xfb\x04\x48\xcb\x53\xd5\x50\x32\x46\
\xe6\x6a\x67\x72\xa2\x9e\xd0\x2b\xdc\x1b\x6f\xe2\x96\x91\xa9\x5b\
\xfb\xb2\x4b\x67\x2c\x8e\x9a\x82\xa2\x2e\xbd\xa9\x5e\x98\x1b\x15\
\x21\x2a\x4e\x7b\x69\x79\x48\xbd\x18\x40\x0a\x6d\xec\x80\x0c\xad\
\x6b\x93\x13\xcd\xbd\x1d\xfa\x69\xef\x8d\x32\x89\x33\x66\x7f\x60\
\xb8\xaa\x13\x5f\xa1\xc2\x41\x80\x80\x2a\x95\xdb\x44\x64\x5f\x81\
\xf3\x40\xe4\x59\xa5\x7f\xbb\x8e\xd5\x61\x8f\x24\x11\x94\xb7\x51\
\x3a\x3b\xbd\x33\x0e\x88\x51\x08\xa9\xf7\x88\x24\x49\xbb\x9d\xd4\
\xe1\x74\xb5\xb7\x8d\x25\xa4\x40\x11\x8b\xf0\x1a\x9c\x9e\x11\x60\
\x48\x44\x6e\x19\xa5\xc1\x99\x4e\xf4\x17\xc1\x9e\xd6\x73\x99\xd8\
\x58\xed\xb3\x30\x95\xeb\x59\x55\x1c\x3e\xc8\x39\x90\xa0\x6a\xe3\
\xc1\x9e\x91\x8c\xe2\x86\xb2\x47\xac\x48\x4e\xfb\x78\xc5\x9d\x85\
\xc7\xa9\x22\x57\x1c\xf2\xc1\x4b\x57\x0a\x0d\x91\x5b\x49\xe7\x03\
\x26\xff\xe5\x99\x9b\x51\xe0\xea\x89\x97\xc6\x95\x84\x7d\x0d\x51\
\xa8\xae\x79\xd3\x11\x91\x24\x51\x90\xd0\x3a\xda\x4a\x48\x50\x36\
\x35\x59\x67\x22\xf1\x24\xfa\x8f\x8f\xe0\x34\x11\x07\xcc\xf2\xa7\
\x12\x1a\xdc\x3b\xfc\xdf\x6d\xfb\xb9\xbf\xdf\x17\xfc\xad\x9e\x5e\
\x39\x61\xb5\xd0\xbd\xa8\x8e\x1d\x0f\x16\x02\x87\x22\xbb\xd8\x5c\
\xf5\x14\xbd\x01\xf9\xc4\x7f\x29\x69\xda\x52\x6f\x10\x96\x05\x4e\
\x20\xf0\x04\x02\xb0\xec\x2b\x29\xb3\x21\x88\xaa\xf3\x33\x51\xdd\
\x0c\x48\x01\xae\x45\x06\xcd\x43\x0e\x3a\x84\xd8\x50\x2f\xd3\xe3\
\x91\xe6\xee\x49\x66\xef\x20\xc9\x5e\x55\xe2\x07\x11\xf5\xb9\x58\
\x88\xaa\xbd\x92\xf1\x1d\x95\xdc\x96\xe3\xda\x85\x7c\x29\x50\x7a\
\x07\xbf\x37\xb2\xa6\xeb\xbe\xed\xb5\x54\xae\xba\xf9\x18\xad\xd7\
\x03\x43\x9c\x5d\x12\x17\xee\xb9\xa8\x8a\x77\xa2\x46\x67\x4b\x5e\
\x31\x0f\xbb\xda\xe8\x82\xf3\xb4\xf1\xaa\xc6\xcf\x71\xa6\x3d\x7a\
\x56\x14\xa9\x42\xcd\x82\xcf\xd8\x46\x6d\x93\x02\xc8\x1f\x11\x2c\
\x79\x86\xb0\x44\xab\x60\x68\x9b\xac\x1f\xf8\x00\xd7\x62\xc0\x98\
\x0b\xd1\x45\xfb\x9d\x0b\xb0\x01\xa2\x85\x14\x42\x02\x40\x38\x54\
\x08\x12\x24\xdf\xb7\x61\x73\x2b\xbe\x54\x7b\x31\x80\xa4\xba\x30\
\x88\x96\x8c\x37\x58\xef\x06\x01\xec\xbe\xe2\x3c\x44\x14\xbc\x66\
\xae\xce\x1d\xd5\xbe\x80\x39\x91\x72\x64\xa0\xf6\x6c\xa9\xd6\x00\
\xf3\xcc\x67\x5f\x70\xac\xcc\x4d\xad\x64\x75\x3b\x07\x77\x2e\x61\
\x87\xda\x74\xe2\x19\x64\x6e\x10\x15\x23\x74\x20\x61\x9e\x3a\x71\
\x15\xe4\x0f\x51\x2e\x10\x05\x80\xb5\x07\x36\x0c\xbe\x9f\xb8\x83\
\x8c\x6d\xde\x80\x41\x07\x02\x33\x99\xa8\x6a\x51\x37\xa0\x52\x8b\
\x92\xcd\xad\xce\xb1\x1c\xd9\x1e\xe5\x54\xa1\x99\xad\x7e\x14\xd1\
\x88\xda\xff\xcb\xe4\x2b\x64\xa7\xde\xd8\x04\xad\xa2\x0a\x29\x40\
\x63\x47\x5b\xc8\x1b\x09\xb8\x1a\xce\x01\x37\x08\xf5\xc0\x97\x14\
\xad\x0e\x77\x97\x4f\x2c\x56\x20\x9b\xe6\x3b\xcb\x98\xd5\xbc\xc2\
\x38\x92\xf0\x28\xe1\xf2\xbc\x1b\xc2\x80\x9b\xa2\x92\x13\x5a\x8b\
\x4c\x03\x1b\xb8\xc1\x69\xdc\x18\x31\xba\x14\xfe\xc9\xbb\x24\x6d\
\xa5\x1c\x46\xe8\xd8\x5a\xbc\x82\xb6\xac\x3a\x53\x23\x9d\x6e\x62\
\xb9\x49\xc1\xb0\xde\x46\x34\x6e\x02\x05\xd7\xb1\x8b\x7c\x45\x10\
\x1b\x88\x76\xb8\x9b\xa1\x83\x60\xda\x73\x43\xac\x72\x7d\x2e\xd0\
\xdf\x7e\xe0\x54\xb3\xf2\x57\x55\x9b\xfb\xd3\x37\xc0\x2d\x1f\x3d\
\x85\x73\xdd\xf9\xbc\xc3\xe1\xdc\x03\xa9\xd5\x22\x74\x0e\xdb\x68\
\x47\xa7\x6a\x03\x48\x7d\x40\x87\xb7\x04\xaf\x6a\x40\x2e\xa0\x09\
\x7a\x83\xaf\x41\x8e\xe5\xcf\x31\xed\xb5\x89\x83\x90\x3c\x11\x6a\
\x05\x53\xc4\x5b\xb9\x8e\x77\x7c\x4e\xd0\x6f\xed\x04\xb5\x56\x6b\
\xef\x2e\xa9\x74\x75\x68\x9d\x8f\x7b\xf9\x9d\x6d\x54\x2e\xaa\xb0\
\x6a\x9b\xfa\xe3\xa8\xf0\xeb\xcb\x2a\x55\x05\xc9\x84\x00\xaf\x84\
\xc4\x5b\x76\xd7\x91\x5a\x4a\x89\x1b\x11\xb5\x64\x95\xe1\x02\xa9\
\xf8\x02\xb5\x76\x8f\xce\x4d\xc8\x1a\xb3\xfc\x24\x9f\xba\xcf\xf0\
\xd7\xdb\x15\xbe\x48\x93\x4a\xf1\x79\xed\x74\x68\x95\x29\x5f\xd8\
\xe7\x9d\x03\x88\x0e\x15\x82\xae\xc6\xac\x03\x05\x2f\xcb\xa8\x3d\
\x35\x58\xd4\x4b\x97\xc3\x01\xa3\x75\xbe\x0c\x63\x46\x36\x43\x9b\
\xe5\x55\x41\xd7\x76\xd1\xc2\xda\x02\x2a\x49\x7d\x72\x73\x04\xcf\
\x2a\x6f\x2e\xdb\x4b\x89\xbe\xea\x0e\x08\x9a\xae\x13\x27\xda\xdf\
\xcc\xda\x03\xa4\x34\x08\xb7\xce\x8f\x0f\x74\x01\xf1\xaf\x22\xc2\
\x3b\x45\xff\xaf\x13\x1f\x1d\x30\xd4\xba\x44\xe1\xc5\xd9\xc8\xd8\
\x48\xe2\xac\xcb\xbf\x99\x4e\xf4\x98\x7a\x22\xb1\x65\xa0\x4f\x5a\
\x38\xc7\x87\x4b\x07\x20\xc4\x2d\xa0\x9e\x6c\x2a\x76\x69\x55\xd7\
\x8f\xbe\x8f\x59\xcd\xe0\x81\xc5\xc0\xbc\x25\x3d\x76\xd0\x04\xb3\
\x55\x67\x59\x22\xaa\x60\x83\x54\x52\x76\x15\xc8\xc0\xaf\x73\x4b\
\xd1\x07\x6a\x5c\x47\xc5\x30\x7e\x2c\xf6\xee\x22\x58\xcc\x53\xdf\
\x49\x47\xd2\x4b\xe8\x1b\x4d\xd3\xb0\xa7\x20\xec\xd6\x31\x69\xdd\
\x1e\xf1\x50\xe4\xcc\x6c\x2f\xa9\x03\x9c\x7e\x57\x1e\x20\x24\x75\
\xcc\x29\x9b\x80\x8d\x9c\xfb\x56\x5d\xcd\x37\x6c\x3f\xc4\x3b\x75\
\x54\x05\xf5\x99\x71\x70\x47\x9b\x97\x31\x09\x7b\x5f\x5b\x4c\xdb\
\xd4\x17\x01\xaa\xed\xef\x8d\xb7\x6b\x3a\x77\x85\x18\xe5\x63\x91\
\x2a\x0f\x9b\x99\xea\x7c\x63\x01\xc8\x74\x72\x27\xea\xe1\x06\x5d\
\x57\xb0\x98\xb5\xdf\xe7\x3f\xdc\x46\x40\xd0\xb7\x7c\x96\x8f\xa2\
\x4d\xbf\x3e\xea\xd4\x34\x2a\xfe\xc3\x5f\xe3\xcc\x5f\x38\xb6\xf2\
\x6b\xbc\x06\x6c\x64\xd3\x91\x21\x2b\xd8\x59\xe0\xda\xcb\xdd\xc0\
\x3f\x1e\x8d\x4a\xd5\x25\xb4\x2c\x19\x53\x4f\x78\x47\x38\x62\x57\
\xb9\xa1\x0a\xaa\x7b\x67\x8a\x73\x57\x7f\x2a\xb7\xf7\xc0\xc6\x21\
\x9b\x1f\xd0\xf0\x9d\x19\xca\x36\xd4\x9c\x2b\xb9\xac\x03\x31\x23\
\x3c\xa3\x38\x51\x1e\x5e\x72\x70\xa5\x8b\xb6\xec\x5c\x28\xd5\x00\
\x28\x93\x19\x88\x61\x6d\xd2\x34\xb5\x44\xca\x52\x93\x1f\xb9\xcd\
\xea\x43\xab\x5d\xed\x06\x2c\x23\x36\x0d\x01\xb5\x23\x06\x00\xa6\
\xe5\xea\xef\x24\x5e\x5f\x58\xe2\xeb\xf0\xd2\xa1\x62\x13\x2a\x60\
\x81\x31\xaf\xf1\x26\xc9\xa2\x45\xe4\x50\x68\x38\x79\x8c\x12\x9c\
\xdb\x29\xae\xb3\x6b\x19\x54\x7a\xe9\xfb\xc2\xdf\x21\x69\x9b\xf6\
\x84\x77\xba\x06\x73\x7c\x9b\x0e\x94\x62\xb5\x40\x0d\x01\xc1\x4a\
\x8d\x3a\xc2\xc5\xe8\xb0\x36\x59\x7f\xb2\x36\x21\xa8\xe6\xa5\x9e\
\x31\x0a\x10\xa3\x1e\x74\x96\xb7\xe8\x74\x99\x70\x74\x03\x02\x18\
\xbf\x4a\xf6\xa8\xe0\x03\xef\xc3\x62\x4c\x79\x33\x84\x2e\x99\xa7\
\xd6\x97\x1a\xd9\x47\x8b\x22\xa3\xe1\xb1\x67\xd8\x88\x22\x14\xed\
\xbc\x2b\xbc\x86\x39\x90\x83\xf8\x75\xd8\x54\x9f\x14\x04\x4c\xcb\
\xd6\xb1\x4b\x92\xa2\x03\x4b\xda\xa5\x4e\x50\xc8\xd5\x16\x3e\x2a\
\x58\xca\x9d\x71\x0b\x09\xde\x49\x39\x9d\xd7\xdd\x60\x99\x7a\xf2\
\xb8\xb8\xe6\x84\x6f\x7c\xf6\x9d\x0a\xcb\x0b\x50\x4b\x37\x22\xfc\
\x0c\x9b\x68\x68\xf5\xa1\x7c\x47\x90\x45\x53\x20\x01\x56\xaa\x8e\
\x92\x82\x6b\xf2\x5c\xc0\x12\x6e\x4a\x4b\xda\x86\xc3\xe2\x29\xe7\
\x91\xdf\xe4\x7f\xf0\x15\xd6\x6a\x65\x41\x9d\x19\xfc\x39\xad\xe8\
\x48\x6a\x25\xea\xa5\x4b\x8e\xae\x94\x74\x44\x16\x6e\x4f\x04\x7f\
\x6d\x1f\x5f\x13\x09\xe0\x74\x12\x2a\x04\xe4\x51\x51\x1b\xe5\x9d\
\x83\x0e\xe8\x13\xfc\xa2\x8e\x1d\xa3\xe2\x58\x9e\x42\xc8\x07\xe3\
\x4f\x22\xc0\xb6\xf7\xe7\xe3\xda\x4a\xff\x7c\x1a\x0a\x72\xfa\x38\
\x48\x8f\xea\x13\xe8\x2e\xfb\xb7\xb5\xe2\xfe\xea\x2c\x98\x0e\xd7\
\xa1\x96\x5a\x21\x33\x4e\x4c\x3a\xea\x8a\xf6\x65\x96\xc7\xa3\x2a\
\xc8\x17\x84\x15\x00\x80\xd2\xbd\xc3\xe9\x70\x28\xcb\xe6\x51\x82\
\x83\x50\xe8\xb5\x49\x8a\x40\x3d\xda\xcc\x4d\xa3\x96\x4a\xf1\x4c\
\xbf\xa5\x72\x4d\x7b\xf0\x41\xed\x3b\x75\xe4\x31\xb4\x30\x8b\x5a\
\x8b\xf9\xea\xc1\x13\xb2\x04\xdd\xe5\xef\xf1\x15\x80\xbd\x3a\xfe\
\x00\x6c\xa1\x2b\x58\x5c\xf2\x81\x94\xe7\xab\x64\xd6\xc0\x64\x72\
\xb8\x68\xac\x5a\x1c\xb4\x79\xd0\xd1\xe2\x63\xab\xe8\xa1\x0a\x64\
\x07\x43\x40\x36\xa2\x96\x51\x6c\xc9\x0f\xcc\xc2\xc2\x21\xec\x97\
\xcd\x77\xe2\x62\x86\x8e\x1b\x8b\x65\x50\x79\x4b\x8d\x9e\x30\xd0\
\x71\xd2\x5e\x88\x0f\x0a\xd1\x92\xd3\xf1\x4b\x0d\xd2\xe6\xe6\x4f\
\x12\xcd\xda\xc6\xd8\xe3\x88\xb0\xba\x58\x43\x9d\x68\x6d\xef\xbc\
\x28\x46\x42\xca\xd6\x74\xe4\x8a\x42\xa7\xe4\x91\xb8\x5d\x4f\x2e\
\x00\x89\x4e\xce\x2b\x6f\xb8\x67\x63\x20\x01\xef\xbe\xb6\x1e\x23\
\xc2\xd2\x50\x5e\xe4\xd2\x6d\x3a\x14\x8b\x25\x46\x31\x61\x00\xb2\
\xc8\x5d\x67\x85\x59\x25\xa1\x4b\xd2\xe1\x63\x8f\x39\x70\x7b\x37\
\x48\x56\x7d\x77\xed\x55\x6b\x93\x1a\xfc\xd6\xd6\x9e\x36\xf0\x98\
\x07\x3a\x28\xda\x1a\x52\x54\xa4\x59\x23\x35\xfd\xa1\x16\x25\x8f\
\x24\x0e\x94\xee\xda\xe8\x6c\x10\xe4\x32\x1d\x3b\x16\xac\xeb\x88\
\x41\xd5\xa6\xd4\x5d\x62\x43\xd2\xdc\xaf\xc0\x82\x40\x32\x57\x47\
\x42\x67\x51\xa1\x0c\xa4\x31\x9e\xa3\x21\xce\x75\x00\x7a\x22\xd0\
\x90\xad\xea\xf9\x47\xe5\x23\x61\xa6\xb8\xe5\xfb\xed\xed\xcc\xdc\
\x82\xf3\xc6\xa4\xe8\x2c\xd4\x33\x29\x7a\x9e\x8a\x8c\x21\x68\xfd\
\x1e\x1d\xbe\x34\x1d\x48\xdb\xba\x24\xc4\x76\x70\xd9\xef\xc1\x89\
\x9d\x89\x30\x82\x16\xf8\x21\xec\x45\x87\x38\x51\x67\x88\x9f\x83\
\x80\xaf\x3a\x10\x0f\xa1\xaa\x5f\xa8\x4d\x8c\x02\xf9\x8e\x01\x74\
\x5d\x82\x00\xf1\xdd\xe4\x23\x23\x1a\x42\x0e\x94\x72\x3a\x97\x4c\
\xd6\x09\x32\xae\x89\x4c\x24\x3b\xcc\x0f\x5c\xd9\x43\xf0\x89\x0e\
\xbc\x98\xcb\x49\x9d\xd5\x2f\xdf\x04\xf2\x7d\xd7\x65\xee\xdf\x3e\
\x05\xc1\x62\xbe\x63\x45\xcb\x18\xc8\xd4\x53\x3e\x4d\x65\xdb\x10\
\xf8\x7a\xae\xac\x92\x3b\xb8\xef\x5e\xe7\x3b\x69\x4e\x19\x43\x93\
\x19\xa3\xca\xb0\x9a\xf6\xd6\xb3\x9e\x2d\x04\xff\x80\x59\xaf\x33\
\x06\x54\x25\x00\x46\xea\x39\xed\x30\x9e\x14\xe6\xae\x5e\xa7\x68\
\xb6\xe7\x1d\x7a\x27\x82\x42\xba\x1c\x6b\xb9\x27\xb1\x01\x58\x75\
\x5e\x58\x08\x2e\x65\xa1\x53\x47\x40\x97\x30\x4d\xec\x05\xf9\x3a\
\xbb\xeb\x85\xfe\x50\x3f\xd8\x4f\x6d\x2c\x23\xdf\x90\x19\x28\xd0\
\x08\x8b\xe4\xa4\x63\x14\x24\x32\x78\x4c\x00\xdb\xa1\x4c\xf7\xc5\
\x06\x61\xcf\x6e\x4d\x51\x2d\x20\xe8\xed\xea\xa9\x43\x9d\x18\x9e\
\xe8\x78\xe0\x7b\x37\xe8\x5c\x5b\x52\x78\x15\x1d\xc2\xd5\x19\xfa\
\x34\x5b\xa0\x1c\x3c\x9e\x35\xc5\x86\xc1\x42\x42\x34\x69\x75\xfc\
\x46\x78\x6e\xc5\x7c\x8b\x0e\x80\x55\x3e\x49\x8f\x18\xe9\xa8\x5d\
\x78\x72\x1e\xe7\x0c\xf2\x40\x53\xa2\x2a\x6c\xd8\xd1\xa3\x3d\x81\
\x48\x0f\x9d\x9f\x21\xbf\xa1\x13\x9d\xc0\x6e\x00\x4b\xd4\x0e\x57\
\x77\x4a\xec\x2d\x53\x8d\xd0\x4b\x7b\x1f\x9d\x1d\xba\x03\xb0\xed\
\x0b\x33\x42\xa1\x5b\x68\x6a\x75\x53\xbe\x33\xe8\x89\x02\x1d\x2a\
\x9e\x02\x7e\xe8\x84\x9b\x8a\x72\x74\x2a\xc8\x15\x3d\xcc\x13\xde\
\xd9\x91\xab\x51\xab\x7f\x78\xb5\x25\x4e\x6d\xf8\x81\xf9\x45\x00\
\x66\x8a\x03\x6c\x36\x2a\x0e\xc6\x1a\x11\xc9\x3d\xa2\x9e\x53\x83\
\xb9\xd4\xfa\x6d\x35\x77\x47\xca\x17\x2c\x1c\x7a\x0e\x6c\x05\xdc\
\x16\xaa\x16\x63\x2a\x15\xcc\xcd\x49\x0c\xd6\x99\x89\x43\x5d\xda\
\x48\x67\xbd\x14\x1c\x1d\x59\xb0\x02\xe4\x37\xa1\x8c\x1c\xf2\x70\
\x41\x67\xc5\x87\x4e\x1b\xff\xb8\x78\xbf\x5f\xbb\xda\x81\xa4\x5d\
\x0e\x23\xa6\x02\x57\xef\x6a\xd3\x35\x6d\xf9\x22\x1e\x81\x4e\x30\
\x67\x38\x12\x5e\x29\x15\xf4\x84\xc1\xd5\x2e\xb8\x45\xcc\x35\xc0\
\xd6\x50\x97\xea\x3b\x68\x67\xf6\xec\xa3\x7d\x1a\xcc\x74\xf3\xd2\
\x99\x5e\xc8\x39\xa2\xba\x18\x6a\xd2\xe8\xb8\xac\x33\x09\xc5\x77\
\x2e\xa0\xf2\x4e\x1d\x7a\x02\x67\xb5\xdb\xa7\x03\xde\x25\x7a\xb9\
\xec\xae\xce\xec\x95\x4f\xab\x9e\xf4\xea\x24\x3c\x66\x20\xeb\x20\
\x52\xca\x80\x3d\x30\x01\x41\x22\xcd\x09\xb7\x5a\xb8\x03\x07\x3f\
\x47\x93\xfd\xa9\xe8\x8f\x83\x7c\x7d\xba\x00\x39\x03\xe0\x63\xb1\
\xb1\x4c\x5a\x29\xb0\x71\xf1\x46\x46\xbe\xcc\x4b\x3f\x6b\x13\xdf\
\xf5\xf5\xab\x4f\xc0\xfc\xe5\xab\xb9\x6c\x7a\xb0\x79\x61\xd2\xcf\
\x93\xed\xa6\x63\x6f\x7d\x4f\xb5\x42\x00\x6d\x53\x25\x51\xee\x01\
\x4f\xa9\x2d\x1d\x1d\x89\xd6\x33\x7d\xb0\x45\x92\xd5\x01\xe4\x4d\
\xe7\x70\x70\x47\x50\x98\x9a\x21\xc6\x2a\xe2\xf8\xa7\xec\x11\x7a\
\x0c\xcd\x0c\x24\x05\x75\x88\x9a\x36\x3d\xc9\xe5\xca\x24\x65\xb9\
\xd2\x54\x4f\x43\x8f\x43\x80\x5f\x5a\xae\xa3\x9d\x5b\x67\xc8\xb7\
\xea\xfd\x26\xe3\xb5\x87\x99\xd5\x23\x22\x2f\x9b\xce\x16\x5a\x38\
\x45\x4f\xe1\x54\x46\xa1\xfe\x2f\xe6\x09\x99\xb9\xef\x6b\xe2\x2f\
\x6d\x81\x56\x56\x37\xeb\x3c\x47\x72\x5d\x47\x49\x99\x63\xcd\xa4\
\x5e\x24\x53\x50\x51\x41\x9e\x4c\xe7\x7f\xc6\x7d\x47\xdb\x5a\x47\
\x7f\xf9\xd3\xa4\x49\xb4\x19\x2d\xd9\x09\xdd\xea\x79\x8b\x8e\xc8\
\xe5\x7e\xdb\x1c\x14\xb0\xe0\xae\x83\xb8\x43\x1c\x0c\x44\x72\x20\
\x50\x24\x83\xce\x04\x93\x8e\xe4\xb4\x9e\xd5\x3a\xab\x6e\x4c\x95\
\x55\x3d\x11\xac\x7d\x7f\x90\x1a\x60\xc7\xfc\x51\x24\x0b\xf4\x77\
\xf8\x55\x16\x80\x65\xd0\xc3\x2b\xaa\x86\x81\x4b\xf5\xc8\x3a\x84\
\x15\x04\x7d\xf5\x54\x28\x86\xdd\xc4\x47\xea\x45\xe3\x81\xc8\xc0\
\x03\x85\x46\xec\x08\xa2\xa4\xe9\xb4\x56\xac\x0e\x61\x15\x90\x1e\
\x7a\xe6\x0c\x39\x5c\x53\x30\x08\x84\x2a\x94\x42\xd4\x43\x4f\x14\
\xed\x6b\x2f\x34\x3d\x3d\xac\x47\x7b\xe1\x5c\x10\x9b\x7b\x0d\x61\
\xe0\x85\xf8\x24\xd8\x82\xc3\x2d\xb1\x68\x83\x28\x26\x6a\xde\xcf\
\x86\x97\x85\x46\x2e\x6f\x4c\xc7\x2f\x9d\x02\x3a\x4b\x9c\x52\xd5\
\x44\x82\x6e\x75\x39\x03\xc6\xa9\x9d\xd6\x53\x4d\x49\xca\x15\x79\
\xbc\xd0\x43\x08\xd1\x9d\x90\x7e\x1d\x60\xc3\xc4\x6b\xbf\xb6\xa6\
\xa5\xbe\xf0\x3c\x38\x21\xa8\xba\x1e\x9c\x1e\xf2\x84\x2b\x5b\xd5\
\x29\x0f\x84\x2a\x8a\x65\xb3\xea\xef\x48\x21\x0e\x52\xfb\x16\xd4\
\xcf\x24\xd9\x6b\x46\x86\x4d\xe0\x03\x85\x4e\xb6\x34\x59\x74\x6d\
\x8b\x28\xbb\x40\x32\x8a\xed\xca\xe6\xe8\x39\x34\xb4\x05\xc2\xe1\
\x32\xb0\xda\xf0\xea\x60\x82\x23\x4f\xab\xce\xbe\x4d\x14\x7a\x42\
\x64\x00\x63\xaa\x25\x92\x0a\x88\x4b\x9f\xb3\x3f\x8c\x0b\x1c\x1e\
\x58\x63\x63\x16\x58\xcc\xd5\xf5\x98\x72\x3f\x3a\x9e\xb3\xb0\xaf\
\x6a\x68\xd6\x41\x1c\x2a\xba\x26\x33\x1f\xe0\x1d\x90\xc2\xb1\x02\
\x22\xf2\x3d\x51\xcf\xec\x69\x4b\x1c\xb9\x91\xda\xb9\x49\x07\x6a\
\x3d\x4a\x42\x79\x0f\xb0\xc1\x2f\x92\x7e\x7a\xf6\xcc\x21\xbb\x58\
\x41\x22\x0d\xc8\x97\x0e\x23\x6b\xb3\x62\x9e\x86\x3d\x12\x2b\x53\
\x0b\xbf\xa6\x6b\xdd\xaf\x08\x60\xf5\xcd\x54\x5f\x43\x4f\x0b\xe0\
\x94\xcd\xf0\xdb\x59\x0f\x1c\x23\x5a\xb1\x18\xd0\x0c\x7e\x0d\xed\
\xf1\x27\xec\x6e\xf8\xee\x59\x27\x81\x09\x14\x11\x4a\x8d\xd4\x41\
\x1c\x1a\x86\x82\xcc\x7b\x4f\x6b\xd6\x39\xdf\xbd\x66\x76\xda\x23\
\x23\x6a\xef\x20\xcc\x48\xda\x95\xf9\x25\x10\x4a\x17\x95\xe9\xfe\
\x1f\x01\x07\x6a\x7c\xb9\x2b\x87\x1b\x00\x00\x01\x86\x69\x43\x43\
\x50\x49\x43\x43\x20\x70\x72\x6f\x66\x69\x6c\x65\x00\x00\x78\x9c\
\x7d\x91\x3d\x48\xc3\x50\x14\x85\x4f\x53\xb5\x22\x15\x07\x8b\x88\
\x88\x64\xa8\x9d\x2c\x88\x8a\x38\x4a\x15\x8b\x60\xa1\xb4\x15\x5a\
\x75\x30\x79\xe9\x8f\xd0\xa4\x21\x49\x71\x71\x14\x5c\x0b\x0e\xfe\
\x2c\x56\x1d\x5c\x9c\x75\x75\x70\x15\x04\xc1\x1f\x10\x57\x17\x27\
\x45\x17\x29\xf1\xbe\xa4\xd0\x22\xc6\x0b\x8f\xf7\x71\xde\x3d\x87\
\xf7\xee\x03\x84\x7a\x99\xa9\x66\xc7\x38\xa0\x6a\x96\x91\x8a\xc7\
\xc4\x6c\x6e\x45\x0c\xbc\xc2\x87\x11\x74\x21\x82\x01\x89\x99\x7a\
\x22\xbd\x90\x81\x67\x7d\xdd\x53\x37\xd5\x5d\x94\x67\x79\xf7\xfd\
\x59\xbd\x4a\xde\x64\x80\x4f\x24\x9e\x65\xba\x61\x11\xaf\x13\x4f\
\x6f\x5a\x3a\xe7\x7d\xe2\x10\x2b\x49\x0a\xf1\x39\xf1\x98\x41\x17\
\x24\x7e\xe4\xba\xec\xf2\x1b\xe7\xa2\xc3\x02\xcf\x0c\x19\x99\xd4\
\x1c\x71\x88\x58\x2c\xb6\xb1\xdc\xc6\xac\x64\xa8\xc4\x53\xc4\x61\
\x45\xd5\x28\x5f\xc8\xba\xac\x70\xde\xe2\xac\x96\xab\xac\x79\x4f\
\xfe\xc2\x60\x5e\x5b\x4e\x73\x9d\xd6\x30\xe2\x58\x44\x02\x49\x88\
\x90\x51\xc5\x06\xca\xb0\x10\xa5\x5d\x23\xc5\x44\x8a\xce\x63\x1e\
\xfe\x21\xc7\x9f\x24\x97\x4c\xae\x0d\x30\x72\xcc\xa3\x02\x15\x92\
\xe3\x07\xff\x83\xdf\xb3\x35\x0b\x93\x13\x6e\x52\x30\x06\x74\xbe\
\xd8\xf6\xc7\x28\x10\xd8\x05\x1a\x35\xdb\xfe\x3e\xb6\xed\xc6\x09\
\xe0\x7f\x06\xae\xb4\x96\xbf\x52\x07\x66\x3e\x49\xaf\xb5\xb4\xf0\
\x11\xd0\xb7\x0d\x5c\x5c\xb7\x34\x79\x0f\xb8\xdc\x01\x06\x9f\x74\
\xc9\x90\x1c\xc9\x4f\x4b\x28\x14\x80\xf7\x33\xfa\xa6\x1c\xd0\x7f\
\x0b\xf4\xac\xba\x73\x6b\x9e\xe3\xf4\x01\xc8\xd0\xac\x96\x6e\x80\
\x83\x43\x20\x52\xa4\xec\x35\x8f\x77\x77\xb7\xcf\xed\xdf\x9e\xe6\
\xfc\x7e\x00\x84\x42\x72\xae\x00\x25\xc2\xb5\x00\x00\x0f\x34\x69\
\x54\x58\x74\x58\x4d\x4c\x3a\x63\x6f\x6d\x2e\x61\x64\x6f\x62\x65\
\x2e\x78\x6d\x70\x00\x00\x00\x00\x00\x3c\x3f\x78\x70\x61\x63\x6b\
\x65\x74\x20\x62\x65\x67\x69\x6e\x3d\x22\xef\xbb\xbf\x22\x20\x69\
\x64\x3d\x22\x57\x35\x4d\x30\x4d\x70\x43\x65\x68\x69\x48\x7a\x72\
\x65\x53\x7a\x4e\x54\x63\x7a\x6b\x63\x39\x64\x22\x3f\x3e\x0a\x3c\
\x78\x3a\x78\x6d\x70\x6d\x65\x74\x61\x20\x78\x6d\x6c\x6e\x73\x3a\
\x78\x3d\x22\x61\x64\x6f\x62\x65\x3a\x6e\x73\x3a\x6d\x65\x74\x61\
\x2f\x22\x20\x78\x3a\x78\x6d\x70\x74\x6b\x3d\x22\x58\x4d\x50\x20\
\x43\x6f\x72\x65\x20\x34\x2e\x34\x2e\x30\x2d\x45\x78\x69\x76\x32\
\x22\x3e\x0a\x20\x3c\x72\x64\x66\x3a\x52\x44\x46\x20\x78\x6d\x6c\
\x6e\x73\x3a\x72\x64\x66\x3d\x22\x68\x74\x74\x70\x3a\x2f\x2f\x77\
\x77\x77\x2e\x77\x33\x2e\x6f\x72\x67\x2f\x31\x39\x39\x39\x2f\x30\
\x32\x2f\x32\x32\x2d\x72\x64\x66\x2d\x73\x79\x6e\x74\x61\x78\x2d\
\x6e\x73\x23\x22\x3e\x0a\x20\x20\x3c\x72\x64\x66\x3a\x44\x65\x73\
\x63\x72\x69\x70\x74\x69\x6f\x6e\x20\x72\x64\x66\x3a\x61\x62\x6f\
\x75\x74\x3d\x22\x22\x0a\x20\x20\x20\x20\x78\x6d\x6c\x6e\x73\x3a\
\x78\x6d\x70\x4d\x4d\x3d\x22\x68\x74\x74\x70\x3a\x2f\x2f\x6e\x73\
\x2e\x61\x64\x6f\x62\x65\x2e\x63\x6f\x6d\x2f\x78\x61\x70\x2f\x31\
\x2e\x30\x2f\x6d\x6d\x2f\x22\x0a\x20\x20\x20\x20\x78\x6d\x6c\x6e\
\x73\x3a\x73\x74\x45\x76\x74\x3d\x22\x68\x74\x74\x70\x3a\x2f\x2f\
\x6e\x73\x2e\x61\x64\x6f\x62\x65\x2e\x63\x6f\x6d\x2f\x78\x61\x70\
\x2f\x31\x2e\x30\x2f\x73\x54\x79\x70\x65\x2f\x52\x65\x73\x6f\x75\
\x72\x63\x65\x45\x76\x65\x6e\x74\x23\x22\x0a\x20\x20\x20\x20\x78\
\x6d\x6c\x6e\x73\x3a\x64\x63\x3d\x22\x68\x74\x74\x70\x3a\x2f\x2f\
\x70\x75\x72\x6c\x2e\x6f\x72\x67\x2f\x64\x63\x2f\x65\x6c\x65\x6d\
\x65\x6e\x74\x73\x2f\x31\x2e\x31\x2f\x22\x0a\x20\x20\x20\x20\x78\
\x6d\x6c\x6e\x73\x3a\x47\x49\x4d\x50\x3d\x22\x68\x74\x74\x70\x3a\
\x2f\x2f\x77\x77\x77\x2e\x67\x69\x6d\x70\x2e\x6f\x72\x67\x2f\x78\
\x6d\x70\x2f\x22\x0a\x20\x20\x20\x20\x78\x6d\x6c\x6e\x73\x3a\x74\
\x69\x66\x66\x3d\x22\x68\x74\x74\x70\x3a\x2f\x2f\x6e\x73\x2e\x61\
\x64\x6f\x62\x65\x2e\x63\x6f\x6d\x2f\x74\x69\x66\x66\x2f\x31\x2e\
\x30\x2f\x22\x0a\x20\x20\x20\x20\x78\x6d\x6c\x6e\x73\x3a\x78\x6d\
\x70\x3d\x22\x68\x74\x74\x70\x3a\x2f\x2f\x6e\x73\x2e\x61\x64\x6f\
\x62\x65\x2e\x63\x6f\x6d\x2f\x78\x61\x70\x2f\x31\x2e\x30\x2f\x22\
\x0a\x20\x20\x20\x78\x6d\x70\x4d\x4d\x3a\x44\x6f\x63\x75\x6d\x65\
\x6e\x74\x49\x44\x3d\x22\x67\x69\x6d\x70\x3a\x64\x6f\x63\x69\x64\
\x3a\x67\x69\x6d\x70\x3a\x34\x38\x62\x61\x32\x32\x32\x65\x2d\x62\
\x62\x38\x34\x2d\x34\x35\x63\x39\x2d\x38\x39\x62\x66\x2d\x61\x30\
\x36\x66\x35\x65\x31\x36\x34\x63\x30\x37\x22\x0a\x20\x20\x20\x78\
\x6d\x70\x4d\x4d\x3a\x49\x6e\x73\x74\x61\x6e\x63\x65\x49\x44\x3d\
\x22\x78\x6d\x70\x2e\x69\x69\x64\x3a\x38\x61\x35\x37\x33\x61\x66\
\x37\x2d\x66\x62\x32\x37\x2d\x34\x64\x36\x63\x2d\x62\x36\x62\x65\
\x2d\x39\x66\x30\x36\x38\x36\x36\x64\x66\x66\x61\x61\x22\x0a\x20\
\x20\x20\x78\x6d\x70\x4d\x4d\x3a\x4f\x72\x69\x67\x69\x6e\x61\x6c\
\x44\x6f\x63\x75\x6d\x65\x6e\x74\x49\x44\x3d\x22\x78\x6d\x70\x2e\
\x64\x69\x64\x3a\x64\x62\x39\x34\x38\x37\x65\x36\x2d\x66\x39\x37\
\x65\x2d\x34\x65\x36\x38\x2d\x62\x34\x34\x65\x2d\x33\x31\x66\x34\
\x31\x33\x66\x61\x66\x61\x37\x34\x22\x0a\x20\x20\x20\x64\x63\x3a\
\x46\x6f\x72\x6d\x61\x74\x3d\x22\x69\x6d\x61\x67\x65\x2f\x70\x6e\
\x67\x22\x0a\x20\x20\x20\x47\x49\x4d\x50\x3a\x41\x50\x49\x3d\x22\
\x32\x2e\x30\x22\x0a\x20\x20\x20\x47\x49\x4d\x50\x3a\x50\x6c\x61\
\x74\x66\x6f\x72\x6d\x3d\x22\x57\x69\x6e\x64\x6f\x77\x73\x22\x0a\
\x20\x20\x20\x47\x49\x4d\x50\x3a\x54\x69\x6d\x65\x53\x74\x61\x6d\
\x70\x3d\x22\x31\x36\x37\x35\x30\x36\x34\x30\x35\x38\x39\x31\x38\
\x38\x39\x33\x22\x0a\x20\x20\x20\x47\x49\x4d\x50\x3a\x56\x65\x72\
\x73\x69\x6f\x6e\x3d\x22\x32\x2e\x31\x30\x2e\x33\x32\x22\x0a\x20\
\x20\x20\x74\x69\x66\x66\x3a\x4f\x72\x69\x65\x6e\x74\x61\x74\x69\
\x6f\x6e\x3d\x22\x31\x22\x0a\x20\x20\x20\x78\x6d\x70\x3a\x43\x72\
\x65\x61\x74\x6f\x72\x54\x6f\x6f\x6c\x3d\x22\x47\x49\x4d\x50\x20\
\x32\x2e\x31\x30\x22\x0a\x20\x20\x20\x78\x6d\x70\x3a\x4d\x65\x74\
\x61\x64\x61\x74\x61\x44\x61\x74\x65\x3d\x22\x32\x30\x32\x33\x3a\
\x30\x31\x3a\x33\x30\x54\x31\x35\x3a\x33\x34\x3a\x31\x37\x2b\x30\
\x38\x3a\x30\x30\x22\x0a\x20\x20\x20\x78\x6d\x70\x3a\x4d\x6f\x64\
\x69\x66\x79\x44\x61\x74\x65\x3d\x22\x32\x30\x32\x33\x3a\x30\x31\
\x3a\x33\x30\x54\x31\x35\x3a\x33\x34\x3a\x31\x37\x2b\x30\x38\x3a\
\x30\x30\x22\x3e\x0a\x20\x20\x20\x3c\x78\x6d\x70\x4d\x4d\x3a\x48\
\x69\x73\x74\x6f\x72\x79\x3e\x0a\x20\x20\x20\x20\x3c\x72\x64\x66\
\x3a\x53\x65\x71\x3e\x0a\x20\x20\x20\x20\x20\x3c\x72\x64\x66\x3a\
\x6c\x69\x0a\x20\x20\x20\x20\x20\x20\x73\x74\x45\x76\x74\x3a\x61\
\x63\x74\x69\x6f\x6e\x3d\x22\x73\x61\x76\x65\x64\x22\x0a\x20\x20\
\x20\x20\x20\x20\x73\x74\x45\x76\x74\x3a\x63\x68\x61\x6e\x67\x65\
\x64\x3d\x22\x2f\x22\x0a\x20\x20\x20\x20\x20\x20\x73\x74\x45\x76\
\x74\x3a\x69\x6e\x73\x74\x61\x6e\x63\x65\x49\x44\x3d\x22\x78\x6d\
\x70\x2e\x69\x69\x64\x3a\x32\x34\x32\x34\x30\x66\x66\x39\x2d\x64\
\x31\x37\x63\x2d\x34\x65\x62\x37\x2d\x39\x65\x61\x31\x2d\x34\x61\
\x66\x63\x36\x62\x64\x37\x36\x65\x36\x31\x22\x0a\x20\x20\x20\x20\
\x20\x20\x73\x74\x45\x76\x74\x3a\x73\x6f\x66\x74\x77\x61\x72\x65\
\x41\x67\x65\x6e\x74\x3d\x22\x47\x69\x6d\x70\x20\x32\x2e\x31\x30\
\x20\x28\x57\x69\x6e\x64\x6f\x77\x73\x29\x22\x0a\x20\x20\x20\x20\
\x20\x20\x73\x74\x45\x76\x74\x3a\x77\x68\x65\x6e\x3d\x22\x32\x30\
\x32\x33\x2d\x30\x31\x2d\x32\x39\x54\x31\x39\x3a\x31\x35\x3a\x32\
\x32\x22\x2f\x3e\x0a\x20\x20\x20\x20\x20\x3c\x72\x64\x66\x3a\x6c\
\x69\x0a\x20\x20\x20\x20\x20\x20\x73\x74\x45\x76\x74\x3a\x61\x63\
\x74\x69\x6f\x6e\x3d\x22\x73\x61\x76\x65\x64\x22\x0a\x20\x20\x20\
\x20\x20\x20\x73\x74\x45\x76\x74\x3a\x63\x68\x61\x6e\x67\x65\x64\
\x3d\x22\x2f\x22\x0a\x20\x20\x20\x20\x20\x20\x73\x74\x45\x76\x74\
\x3a\x69\x6e\x73\x74\x61\x6e\x63\x65\x49\x44\x3d\x22\x78\x6d\x70\
\x2e\x69\x69\x64\x3a\x64\x61\x30\x64\x32\x64\x37\x35\x2d\x62\x61\
\x34\x31\x2d\x34\x61\x64\x34\x2d\x38\x62\x63\x37\x2d\x64\x64\x62\
\x39\x63\x61\x39\x62\x37\x33\x31\x38\x22\x0a\x20\x20\x20\x20\x20\
\x20\x73\x74\x45\x76\x74\x3a\x73\x6f\x66\x74\x77\x61\x72\x65\x41\
\x67\x65\x6e\x74\x3d\x22\x47\x69\x6d\x70\x20\x32\x2e\x31\x30\x20\
\x28\x57\x69\x6e\x64\x6f\x77\x73\x29\x22\x0a\x20\x20\x20\x20\x20\
\x20\x73\x74\x45\x76\x74\x3a\x77\x68\x65\x6e\x3d\x22\x32\x30\x32\
\x33\x2d\x30\x31\x2d\x33\x30\x54\x31\x34\x3a\x35\x37\x3a\x35\x37\
\x22\x2f\x3e\x0a\x20\x20\x20\x20\x20\x3c\x72\x64\x66\x3a\x6c\x69\
\x0a\x20\x20\x20\x20\x20\x20\x73\x74\x45\x76\x74\x3a\x61\x63\x74\
\x69\x6f\x6e\x3d\x22\x73\x61\x76\x65\x64\x22\x0a\x20\x20\x20\x20\
\x20\x20\x73\x74\x45\x76\x74\x3a\x63\x68\x61\x6e\x67\x65\x64\x3d\
\x22\x2f\x22\x0a\x20\x20\x20\x20\x20\x20\x73\x74\x45\x76\x74\x3a\
\x69\x6e\x73\x74\x61\x6e\x63\x65\x49\x44\x3d\x22\x78\x6d\x70\x2e\
\x69\x69\x64\x3a\x35\x66\x33\x61\x32\x34\x36\x61\x2d\x37\x62\x37\
\x64\x2d\x34\x35\x62\x36\x2d\x38\x36\x32\x64\x2d\x31\x37\x34\x36\
\x36\x33\x63\x61\x32\x39\x36\x37\x22\x0a\x20\x20\x20\x20\x20\x20\
\x73\x74\x45\x76\x74\x3a\x73\x6f\x66\x74\x77\x61\x72\x65\x41\x67\
\x65\x6e\x74\x3d\x22\x47\x69\x6d\x70\x20\x32\x2e\x31\x30\x20\x28\
\x57\x69\x6e\x64\x6f\x77\x73\x29\x22\x0a\x20\x20\x20\x20\x20\x20\
\x73\x74\x45\x76\x74\x3a\x77\x68\x65\x6e\x3d\x22\x32\x30\x32\x33\
\x2d\x30\x31\x2d\x33\x30\x54\x31\x35\x3a\x33\x34\x3a\x31\x38\x22\
\x2f\x3e\x0a\x20\x20\x20\x20\x3c\x2f\x72\x64\x66\x3a\x53\x65\x71\
\x3e\x0a\x20\x20\x20\x3c\x2f\x78\x6d\x70\x4d\x4d\x3a\x48\x69\x73\
\x74\x6f\x72\x79\x3e\x0a\x20\x20\x3c\x2f\x72\x64\x66\x3a\x44\x65\
\x73\x63\x72\x69\x70\x74\x69\x6f\x6e\x3e\x0a\x20\x3c\x2f\x72\x64\
\x66\x3a\x52\x44\x46\x3e\x0a\x3c\x2f\x78\x3a\x78\x6d\x70\x6d\x65\
\x74\x61\x3e\x0a\x20\x20\x20\x20\x20\x20\x20\x20\x20\x20\x20\x20\
\x20\x20\x20\x20\x20\x20\x20\x20\x20\x20\x20\x20\x20\x20\x20\x20\
\x20\x20\x20\x20\x20\x20\x20\x20\x20\x20\x20\x20\x20\x20\x20\x20\
\x20\x20\x20\x20\x20\x20\x20\x20\x20\x20\x20\x20\x20\x20\x20\x20\
\x20\x20\x20\x20\x20\x20\x20\x20\x20\x20\x20\x20\x20\x20\x20\x20\
\x20\x20\x20\x20\x20\x20\x20\x20\x20\x20\x20\x20\x20\x20\x20\x20\
\x20\x20\x20\x20\x20\x20\x20\x20\x0a\x20\x20\x20\x20\x20\x20\x20\
\x20\x20\x20\x20\x20\x20\x20\x20\x20\x20\x20\x20\x20\x20\x20\x20\
\x20\x20\x20\x20\x20\x20\x20\x20\x20\x20\x20\x20\x20\x20\x20\x20\
\x20\x20\x20\x20\x20\x20\x20\x20\x20\x20\x20\x20\x20\x20\x20\x20\
\x20\x20\x20\x20\x20\x20\x20\x20\x20\x20\x20\x20\x20\x20\x20\x20\
\x20\x20\x20\x20\x20\x20\x20\x20\x20\x20\x20\x20\x20\x20\x20\x20\
\x20\x20\x20\x20\x20\x20\x20\x20\x20\x20\x20\x20\x20\x0a\x20\x20\
\x20\x20\x20\x20\x20\x20\x20\x20\x20\x20\x20\x20\x20\x20\x20\x20\
\x20\x20\x20\x20\x20\x20\x20\x20\x20\x20\x20\x20\x20\x20\x20\x20\
\x20\x20\x20\x20\x20\x20\x20\x20\x20\x20\x20\x20\x20\x20\x20\x20\
\x20\x20\x20\x20\x20\x20\x20\x20\x20\x20\x20\x20\x20\x20\x20\x20\
\x20\x20\x20\x20\x20\x20\x20\x20\x20\x20\x20\x20\x20\x20\x20\x20\
\x20\x20\x20\x20\x20\x20\x20\x20\x20\x20\x20\x20\x20\x20\x20\x20\
\x20\x20\x0a\x20\x20\x20\x20\x20\x20\x20\x20\x20\x20\x20\x20\x20\
\x20\x20\x20\x20\x20\x20\x20\x20\x20\x20\x20\x20\x20\x20\x20\x20\
\x20\x20\x20\x20\x20\x20\x20\x20\x20\x20\x20\x20\x20\x20\x20\x20\
\x20\x20\x20\x20\x20\x20\x20\x20\x20\x20\x20\x20\x20\x20\x20\x20\
\x20\x20\x20\x20\x20\x20\x20\x20\x20\x20\x20\x20\x20\x20\x20\x20\
\x20\x20\x20\x20\x20\x20\x20\x20\x20\x20\x20\x20\x20\x20\x20\x20\
\x20\x20\x20\x20\x20\x20\x20\x0a\x20\x20\x20\x20\x20\x20\x20\x20\
\x20\x20\x20\x20\x20\x20\x20\x20\x20\x20\x20\x20\x20\x20\x20\x20\
\x20\x20\x20\x20\x20\x20\x20\x20\x20\x20\x20\x20\x20\x20\x20\x20\
\x20\x20\x20\x20\x20\x20\x20\x20\x20\x20\x20\x20\x20\x20\x20\x20\
\x20\x20\x20\x20\x20\x20\x20\x20\x20\x20\x20\x20\x20\x20\x20\x20\
\x20\x20\x20\x20\x20\x20\x20\x20\x20\x20\x20\x20\x20\x20\x20\x20\
\x20\x20\x20\x20\x20\x20\x20\x20\x20\x20\x20\x20\x0a\x20\x20\x20\
\x20\x20\x20\x20\x20\x20\x20\x20\x20\x20\x20\x20\x20\x20\x20\x20\
\x20\x20\x20\x20\x20\x20\x20\x20\x20\x20\x20\x20\x20\x20\x20\x20\
\x20\x20\x20\x20\x20\x20\x20\x20\x20\x20\x20\x20\x20\x20\x20\x20\
\x20\x20\x20\x20\x20\x20\x20\x20\x20\x20\x20\x20\x20\x20\x20\x20\
\x20\x20\x20\x20\x20\x20\x20\x20\x20\x20\x20\x20\x20\x20\x20\x20\
\x20\x20\x20\x20\x20\x20\x20\x20\x20\x20\x20\x20\x20\x20\x20\x20\
\x20\x0a\x20\x20\x20\x20\x20\x20\x20\x20\x20\x20\x20\x20\x20\x20\
\x20\x20\x20\x20\x20\x20\x20\x20\x20\x20\x20\x20\x20\x20\x20\x20\
\x20\x20\x20\x20\x20\x20\x20\x20\x20\x20\x20\x20\x20\x20\x20\x20\
\x20\x20\x20\x20\x20\x20\x20\x20\x20\x20\x20\x20\x20\x20\x20\x20\
\x20\x20\x20\x20\x20\x20\x20\x20\x20\x20\x20\x20\x20\x20\x20\x20\
\x20\x20\x20\x20\x20\x20\x20\x20\x20\x20\x20\x20\x20\x20\x20\x20\
\x20\x20\x20\x20\x20\x20\x0a\x20\x20\x20\x20\x20\x20\x20\x20\x20\
\x20\x20\x20\x20\x20\x20\x20\x20\x20\x20\x20\x20\x20\x20\x20\x20\
\x20\x20\x20\x20\x20\x20\x20\x20\x20\x20\x20\x20\x20\x20\x20\x20\
\x20\x20\x20\x20\x20\x20\x20\x20\x20\x20\x20\x20\x20\x20\x20\x20\
\x20\x20\x20\x20\x20\x20\x20\x20\x20\x20\x20\x20\x20\x20\x20\x20\
\x20\x20\x20\x20\x20\x20\x20\x20\x20\x20\x20\x20\x20\x20\x20\x20\
\x20\x20\x20\x20\x20\x20\x20\x20\x20\x20\x20\x0a\x20\x20\x20\x20\
\x20\x20\x20\x20\x20\x20\x20\x20\x20\x20\x20\x20\x20\x20\x20\x20\
\x20\x20\x20\x20\x20\x20\x20\x20\x20\x20\x20\x20\x20\x20\x20\x20\
\x20\x20\x20\x20\x20\x20\x20\x20\x20\x20\x20\x20\x20\x20\x20\x20\
\x20\x20\x20\x20\x20\x20\x20\x20\x20\x20\x20\x20\x20\x20\x20\x20\
\x20\x20\x20\x20\x20\x20\x20\x20\x20\x20\x20\x20\x20\x20\x20\x20\
\x20\x20\x20\x20\x20\x20\x20\x20\x20\x20\x20\x20\x20\x20\x20\x20\
\x0a\x20\x20\x20\x20\x20\x20\x20\x20\x20\x20\x20\x20\x20\x20\x20\
\x20\x20\x20\x20\x20\x20\x20\x20\x20\x20\x20\x20\x20\x20\x20\x20\
\x20\x20\x20\x20\x20\x20\x20\x20\x20\x20\x20\x20\x20\x20\x20\x20\
\x20\x20\x20\x20\x20\x20\x20\x20\x20\x20\x20\x20\x20\x20\x20\x20\
\x20\x20\x20\x20\x20\x20\x20\x20\x20\x20\x20\x20\x20\x20\x20\x20\
\x20\x20\x20\x20\x20\x20\x20\x20\x20\x20\x20\x20\x20\x20\x20\x20\
\x20\x20\x20\x20\x20\x0a\x20\x20\x20\x20\x20\x20\x20\x20\x20\x20\
\x20\x20\x20\x20\x20\x20\x20\x20\x20\x20\x20\x20\x20\x20\x20\x20\
\x20\x20\x20\x20\x20\x20\x20\x20\x20\x20\x20\x20\x20\x20\x20\x20\
\x20\x20\x20\x20\x20\x20\x20\x20\x20\x20\x20\x20\x20\x20\x20\x20\
\x20\x20\x20\x20\x20\x20\x20\x20\x20\x20\x20\x20\x20\x20\x20\x20\
\x20\x20\x20\x20\x20\x20\x20\x20\x20\x20\x20\x20\x20\x20\x20\x20\
\x20\x20\x20\x20\x20\x20\x20\x20\x20\x20\x0a\x20\x20\x20\x20\x20\
\x20\x20\x20\x20\x20\x20\x20\x20\x20\x20\x20\x20\x20\x20\x20\x20\
\x20\x20\x20\x20\x20\x20\x20\x20\x20\x20\x20\x20\x20\x20\x20\x20\
\x20\x20\x20\x20\x20\x20\x20\x20\x20\x20\x20\x20\x20\x20\x20\x20\
\x20\x20\x20\x20\x20\x20\x20\x20\x20\x20\x20\x20\x20\x20\x20\x20\
\x20\x20\x20\x20\x20\x20\x20\x20\x20\x20\x20\x20\x20\x20\x20\x20\
\x20\x20\x20\x20\x20\x20\x20\x20\x20\x20\x20\x20\x20\x20\x20\x0a\
\x20\x20\x20\x20\x20\x20\x20\x20\x20\x20\x20\x20\x20\x20\x20\x20\
\x20\x20\x20\x20\x20\x20\x20\x20\x20\x20\x20\x20\x20\x20\x20\x20\
\x20\x20\x20\x20\x20\x20\x20\x20\x20\x20\x20\x20\x20\x20\x20\x20\
\x20\x20\x20\x20\x20\x20\x20\x20\x20\x20\x20\x20\x20\x20\x20\x20\
\x20\x20\x20\x20\x20\x20\x20\x20\x20\x20\x20\x20\x20\x20\x20\x20\
\x20\x20\x20\x20\x20\x20\x20\x20\x20\x20\x20\x20\x20\x20\x20\x20\
\x20\x20\x20\x20\x0a\x20\x20\x20\x20\x20\x20\x20\x20\x20\x20\x20\
\x20\x20\x20\x20\x20\x20\x20\x20\x20\x20\x20\x20\x20\x20\x20\x20\
\x20\x20\x20\x20\x20\x20\x20\x20\x20\x20\x20\x20\x20\x20\x20\x20\
\x20\x20\x20\x20\x20\x20\x20\x20\x20\x20\x20\x20\x20\x20\x20\x20\
\x20\x20\x20\x20\x20\x20\x20\x20\x20\x20\x20\x20\x20\x20\x20\x20\
\x20\x20\x20\x20\x20\x20\x20\x20\x20\x20\x20\x20\x20\x20\x20\x20\
\x20\x20\x20\x20\x20\x20\x20\x20\x20\x0a\x20\x20\x20\x20\x20\x20\
\x20\x20\x20\x20\x20\x20\x20\x20\x20\x20\x20\x20\x20\x20\x20\x20\
\x20\x20\x20\x20\x20\x20\x20\x20\x20\x20\x20\x20\x20\x20\x20\x20\
\x20\x20\x20\x20\x20\x20\x20\x20\x20\x20\x20\x20\x20\x20\x20\x20\
\x20\x20\x20\x20\x20\x20\x20\x20\x20\x20\x20\x20\x20\x20\x20\x20\
\x20\x20\x20\x20\x20\x20\x20\x20\x20\x20\x20\x20\x20\x20\x20\x20\
\x20\x20\x20\x20\x20\x20\x20\x20\x20\x20\x20\x20\x20\x20\x0a\x20\
\x20\x20\x20\x20\x20\x20\x20\x20\x20\x20\x20\x20\x20\x20\x20\x20\
\x20\x20\x20\x20\x20\x20\x20\x20\x20\x20\x20\x20\x20\x20\x20\x20\
\x20\x20\x20\x20\x20\x20\x20\x20\x20\x20\x20\x20\x20\x20\x20\x20\
\x20\x20\x20\x20\x20\x20\x20\x20\x20\x20\x20\x20\x20\x20\x20\x20\
\x20\x20\x20\x20\x20\x20\x20\x20\x20\x20\x20\x20\x20\x20\x20\x20\
\x20\x20\x20\x20\x20\x20\x20\x20\x20\x20\x20\x20\x20\x20\x20\x20\
\x20\x20\x20\x0a\x20\x20\x20\x20\x20\x20\x20\x20\x20\x20\x20\x20\
\x20\x20\x20\x20\x20\x20\x20\x20\x20\x20\x20\x20\x20\x20\x20\x20\
\x20\x20\x20\x20\x20\x20\x20\x20\x20\x20\x20\x20\x20\x20\x20\x20\
\x20\x20\x20\x20\x20\x20\x20\x20\x20\x20\x20\x20\x20\x20\x20\x20\
\x20\x20\x20\x20\x20\x20\x20\x20\x20\x20\x20\x20\x20\x20\x20\x20\
\x20\x20\x20\x20\x20\x20\x20\x20\x20\x20\x20\x20\x20\x20\x20\x20\
\x20\x20\x20\x20\x20\x20\x20\x20\x0a\x20\x20\x20\x20\x20\x20\x20\
\x20\x20\x20\x20\x20\x20\x20\x20\x20\x20\x20\x20\x20\x20\x20\x20\
\x20\x20\x20\x20\x20\x20\x20\x20\x20\x20\x20\x20\x20\x20\x20\x20\
\x20\x20\x20\x20\x20\x20\x20\x20\x20\x20\x20\x20\x20\x20\x20\x20\
\x20\x20\x20\x20\x20\x20\x20\x20\x20\x20\x20\x20\x20\x20\x20\x20\
\x20\x20\x20\x20\x20\x20\x20\x20\x20\x20\x20\x20\x20\x20\x20\x20\
\x20\x20\x20\x20\x20\x20\x20\x20\x20\x20\x20\x20\x20\x0a\x20\x20\
\x20\x20\x20\x20\x20\x20\x20\x20\x20\x20\x20\x20\x20\x20\x20\x20\
\x20\x20\x20\x20\x20\x20\x20\x20\x20\x20\x20\x20\x20\x20\x20\x20\
\x20\x20\x20\x20\x20\x20\x20\x20\x20\x20\x20\x20\x20\x20\x20\x20\
\x20\x20\x20\x20\x20\x20\x20\x20\x20\x20\x20\x20\x20\x20\x20\x20\
\x20\x20\x20\x20\x20\x20\x20\x20\x20\x20\x20\x20\x20\x20\x20\x20\
\x20\x20\x20\x20\x20\x20\x20\x20\x20\x20\x20\x20\x20\x20\x20\x20\
\x20\x20\x0a\x20\x20\x20\x20\x20\x20\x20\x20\x20\x20\x20\x20\x20\
\x20\x20\x20\x20\x20\x20\x20\x20\x20\x20\x20\x20\x20\x20\x20\x20\
\x20\x20\x20\x20\x20\x20\x20\x20\x20\x20\x20\x20\x20\x20\x20\x20\
\x20\x20\x20\x20\x20\x20\x20\x20\x20\x20\x20\x20\x20\x20\x20\x20\
\x20\x20\x20\x20\x20\x20\x20\x20\x20\x20\x20\x20\x20\x20\x20\x20\
\x20\x20\x20\x20\x20\x20\x20\x20\x20\x20\x20\x20\x20\x20\x20\x20\
\x20\x20\x20\x20\x20\x20\x20\x0a\x20\x20\x20\x20\x20\x20\x20\x20\
\x20\x20\x20\x20\x20\x20\x20\x20\x20\x20\x20\x20\x20\x20\x20\x20\
\x20\x20\x20\x0a\x3c\x3f\x78\x70\x61\x63\x6b\x65\x74\x20\x65\x6e\
\x64\x3d\x22\x77\x22\x3f\x3e\x4f\x29\xf7\xaf\x00\x00\x00\x06\x62\
\x4b\x47\x44\x00\xff\x00\xff\x00\xff\xa0\xbd\xa7\x93\x00\x00\x00\
\x09\x70\x48\x59\x73\x00\x00\x4c\xe5\x00\x00\x4c\xe5\x01\x75\xce\
\xf0\x95\x00\x00\x00\x07\x74\x49\x4d\x45\x07\xe7\x01\x1e\x07\x22\
\x12\x1b\x77\xa9\x6b\x00\x00\x20\x00\x49\x44\x41\x54\x78\xda\xec\
\xbd\x79\x94\x5d\xf5\x75\xe7\xfb\xdd\xbf\x33\xdc\xb1\x46\x95\x54\
\x92\xaa\x24\xa1\x09\x09\x04\x48\x08\x31\x18\x33\x78\x9e\x20\x71\
\x42\xf0\xeb\xc4\xed\xa4\x93\xd8\x49\x3a\x4e\xf2\x56\x77\xf2\x5e\
\x6c\xc7\xaf\xf3\xd6\x4a\x7b\x39\x49\x27\x4e\xd2\x49\x5e\xda\x49\
\x9c\x60\x63\xbb\x8d\xc1\x4e\x62\x1b\x1b\x6c\x04\x08\x10\x02\x01\
\x62\xd0\x2c\x95\xa6\xd2\x50\xaa\x79\xb8\x55\x75\x87\x33\xfc\xf6\
\xfb\xe3\x4c\xbf\x73\xee\x2d\x21\x30\xc4\xd8\xfc\x3e\xac\x42\x35\
\xdc\x7b\xa6\x7b\xef\xd9\xbf\x3d\x7d\x37\xa0\xd1\x68\x34\x1a\x8d\
\x46\xa3\xd1\x68\x34\x1a\x8d\x46\xa3\xd1\x68\x34\x1a\x8d\x46\xa3\
\xd1\x68\x34\x1a\x8d\x46\xa3\xd1\x68\x34\x1a\x8d\x46\xa3\xd1\x68\
\x34\x1a\x8d\x46\xa3\xd1\x68\x34\x1a\x8d\x46\xa3\xd1\x68\x34\x1a\
\x8d\x46\xa3\xd1\x68\x34\x1a\x8d\x46\xa3\xd1\x68\x34\x1a\x8d\x46\
\xa3\xd1\x68\x34\x1a\x8d\x46\xa3\xd1\x68\x34\x1a\x8d\x46\xa3\xd1\
\x68\x34\x1a\x8d\x46\xa3\xd1\x68\x34\x1a\x8d\x46\xa3\xd1\x68\x34\
\x1a\x8d\x46\xa3\xd1\x68\x34\x1a\x8d\x46\xa3\xd1\x68\x34\x1a\x8d\
\x46\xa3\xd1\x68\x34\x1a\x8d\x46\xa3\xd1\x68\x34\x1a\x8d\x46\xa3\
\xd1\x68\x34\x1a\x8d\x46\xa3\xd1\x68\x34\x1a\x8d\x46\xa3\xd1\x68\
\x34\x1a\x8d\x46\xa3\xd1\x68\x34\x1a\x8d\x46\xa3\xd1\x68\x34\x1a\
\x8d\x46\xa3\xd1\x68\x34\x1a\x8d\x46\xa3\xd1\x68\x34\x1a\x8d\x46\
\xa3\xd1\x68\x34\x1a\x8d\x46\xa3\xd1\x68\x34\x1a\x8d\x46\xa3\xd1\
\x68\x34\x1a\x8d\x46\xa3\xd1\x68\x34\x1a\x8d\x46\xa3\xd1\x68\x34\
\x1a\x8d\x46\xa3\xd1\x68\x34\x1a\x8d\x46\xa3\xd1\x68\x34\x1a\x8d\
\x46\xa3\xd1\x68\x34\x1a\x8d\x46\xa3\xd1\x68\x34\x1a\x8d\x46\xa3\
\xd1\x68\x34\x1a\x8d\x46\xa3\xd1\x68\x34\x1a\x8d\x46\xa3\xd1\x68\
\x34\x1a\x8d\x46\xa3\xd1\x68\x34\x1a\x8d\x46\xa3\xd1\x68\x34\x1a\
\x8d\x46\xa3\xd1\x68\x34\x1a\x8d\x46\xa3\xd1\x68\x34\x1a\x8d\x46\
\xa3\xd1\x68\x34\x1a\x8d\x46\xa3\xd1\x68\x34\x1a\x8d\x46\xa3\xd1\
\x68\x34\x1a\x8d\x46\xa3\xd1\x68\x34\x1a\x8d\x46\xa3\xd1\x68\x34\
\x1a\x8d\x46\xa3\xd1\x68\x34\x1a\x8d\x46\xa3\xd1\x68\x34\x1a\x8d\
\x46\xa3\xd1\x68\x34\x1a\x8d\x46\xa3\xd1\x68\x34\x1a\x8d\x46\xa3\
\xd1\x68\x34\x1a\x8d\x46\xa3\xd1\x68\x34\x1a\x8d\x46\xa3\xd1\x68\
\x34\x1a\x8d\x46\xa3\xd1\x68\x34\x1a\xcd\x4f\x28\x35\x76\xf2\xcc\
\x2c\xf4\x95\xd0\x68\x5e\x1d\xa4\x2f\x81\x46\xa3\xf9\x51\xf2\x70\
\xe3\xb9\xeb\xcf\xf2\xf8\x17\xeb\x70\x56\x09\x16\xb5\xc5\x66\xe7\
\x5d\x37\x9b\x57\x7f\x72\x11\x95\x3c\x7d\x75\x34\x1a\x6d\xd0\x35\
\x9a\xd7\x94\x27\x87\xf7\x7f\xdc\x99\xad\xdb\x6f\x5f\xbf\xed\xaf\
\xf4\xd5\x78\xed\xf8\x6e\xfd\xa9\x3b\x4f\xd3\xe8\xd7\xea\x70\xcd\
\xe0\x8e\x44\x10\x20\x2c\xa6\x8e\x5d\xd7\x99\x97\xbd\x7d\x1d\x2d\
\x77\xf4\x55\xd2\x68\xb4\x41\xd7\x68\x5e\x13\xfe\xe8\x8b\x7f\xf1\
\xd4\x90\x3b\x7d\x83\xf0\x19\x7f\xf7\x9f\xff\xbb\xfe\xcc\xbc\x46\
\x7c\xcf\x79\xfa\xce\x53\x18\xb9\xa7\xc1\xae\x21\x48\xa0\x4c\x85\
\x89\x06\xbb\x9d\x0d\xb8\x86\x10\x02\x8b\xfd\xb6\x5d\x9b\xec\xd5\
\x6f\xdf\x4c\x6b\xb5\x51\xd7\x68\x2e\x02\x9d\xaf\xd2\x68\x5e\x06\
\x66\x46\xb5\xad\x8e\x5a\x49\xdb\x95\xd7\xcc\x98\xbb\x4f\xdf\x79\
\x8a\x46\xef\x69\xb0\x6b\x80\x81\xc5\x7e\xdb\x63\x74\xcf\xf0\x2f\
\xad\x9e\xe9\xfe\xcd\xa2\xc8\x79\x52\x4a\x8c\x89\xca\x8d\x07\x9c\
\x93\x8f\x1e\xe2\xb3\xb6\xbe\x62\x1a\x8d\x36\xe8\x1a\xcd\x0f\x6f\
\xd0\x25\x73\xa1\xb3\x84\x5c\x7b\x41\x5f\x8c\xd7\x80\xfb\xeb\xbb\
\xee\x3c\x85\xd1\x7b\x1a\xec\x18\x60\xa0\x97\x3a\x1f\x9b\xbe\xfb\
\xd8\x3f\xdc\xfd\xad\xaf\x7e\x7b\xfb\x63\x8f\x7e\x76\x9d\x5c\xfa\
\xdb\x79\x36\x3d\xc9\x8c\x61\x7f\xea\xc6\x17\x9c\xc3\x3b\xce\xf0\
\xb8\x36\xea\x1a\x8d\x36\xe8\x1a\xcd\x0f\x07\x09\xc1\x24\x04\xaa\
\xd5\xaa\xbe\x18\x3f\x24\xdf\x6d\xec\xba\xf3\x14\x46\xee\xa9\xcb\
\x86\xc1\x92\xb1\xcc\xec\xde\x31\xfd\xc5\xa3\xff\x70\xef\xc3\xdf\
\xbc\xbb\xf7\x67\x2e\x37\x96\xbe\x6b\x63\xcf\x98\xd5\xf8\xcc\x06\
\x63\x45\x60\xd4\xc1\x18\x96\x53\x6f\x79\xac\xf1\xfc\x8e\x01\x3e\
\xa7\x8d\xba\x46\xa3\x0d\xba\x46\xf3\x43\x18\x74\x06\x40\x00\x19\
\xfa\xe3\xf2\x43\x79\xe6\xb5\x27\xef\x3c\xc9\x23\xf7\xd4\xa5\x63\
\x10\x08\xbd\xdc\xb9\x63\xf2\x9f\x8f\xfc\xe3\x7d\x8f\xfe\xeb\xdd\
\xbd\x1f\xbc\xcc\xb8\xe6\xf6\x9b\xd1\xd5\xd1\x83\x71\x7f\xb2\xe7\
\xa4\x77\xfe\x33\xeb\x79\xf9\xc7\x0b\xb0\x3c\xc9\x12\x63\x54\x79\
\xcb\xd3\xd5\xfd\x3b\x5e\x92\xc7\xb5\x51\xd7\x68\xb4\x41\xd7\x68\
\x5e\x2d\xcc\x2c\x19\xa4\xcb\xe1\x5e\x35\xdf\x9a\x7f\xe2\x8e\x13\
\x72\xf8\x9e\xba\xef\x18\x90\x8c\x1e\xb7\x6d\xc7\xcc\x97\x8f\xfd\
\xe3\xbd\x0f\x7f\xf3\xee\xde\x0f\x5e\x6e\x6c\xbb\xfd\x56\x74\x75\
\x74\x63\xde\x9d\x41\xad\x51\xc5\x34\xe6\x7b\x4e\xca\xe1\xcf\x5e\
\x66\xad\xfa\x78\xc9\xc8\x7b\x52\x4a\x8c\x62\xfa\x2d\xfb\x9d\x13\
\x3b\x8e\xf3\x50\x5e\x5f\x51\x8d\x46\x1b\x74\x8d\xe6\x15\xe3\xfb\
\x52\x5a\x79\x1b\x56\x4e\x3b\x87\xaf\x86\x7f\x9b\x7d\xec\xce\x93\
\xde\xf9\x7b\xab\x4e\xcd\x60\x96\x58\x4a\xdd\x3b\x2a\x5f\x3e\xfe\
\x8f\xf7\x3d\xfc\x2f\x77\x2f\xbe\x6d\xa3\xb1\xf5\xb6\x9b\xd1\xd5\
\xbe\x08\xf3\x6e\x05\xf5\x5a\x15\xd2\xf3\xe0\x36\x5c\x4c\x79\xb3\
\x3d\xc7\x1a\x67\x3f\xbb\x1e\x7d\x1f\xcf\xc3\xf2\x98\x80\x11\x9e\
\x7e\xcb\xd3\xb5\xfd\x8f\x9e\xa8\xeb\xf0\xbb\x46\xa3\x0d\xba\x46\
\xf3\xca\x3d\x74\x58\x45\x1b\xb6\xad\x6d\xc8\x2b\xe5\x1b\x63\x0f\
\xdf\x71\xc2\x3d\x7f\x4f\xd5\xad\x1b\xec\x33\x16\x3b\xed\x8f\xce\
\x7c\xe5\xd8\x3f\xde\xbb\xfd\x9b\x77\x2f\xbe\x6d\x83\x71\xdd\x07\
\xdf\x86\xce\xb6\x2e\x4c\xd7\xc6\x50\x9b\x9f\x87\xf4\x7d\x30\x33\
\xa4\xe7\xc3\x73\x3d\x4c\xba\x95\x9e\x63\xb5\x33\x9f\x5d\x2f\x97\
\xff\xb6\xed\x0a\xcf\x73\x5d\x9c\xf3\x26\x6e\xd8\xe5\xed\x7f\xec\
\x84\xab\xab\xdf\x35\x1a\x6d\xd0\x35\x9a\x57\x80\x94\x0c\x33\x6f\
\xc3\x2a\x68\xfb\xf1\x4a\xb8\x6f\xf8\x07\x77\x9c\xf0\x87\xee\xad\
\xf9\x75\x03\x92\xb1\x8c\xba\x76\x54\xbf\x71\xfa\x0b\xf7\x7e\xff\
\x1b\x77\xf7\xfe\xcc\x65\xc6\xb6\x9f\xbe\x15\xed\xed\x9d\xa8\xcc\
\x8e\xa3\x36\x33\x07\xaf\xee\xc0\x6b\xb8\xf0\xea\x2e\xa4\xe7\xc3\
\x77\x7d\xf8\x9e\x8f\x49\x6f\xb6\xe7\x58\xed\xcc\x67\x36\x9a\x2b\
\x3f\x9e\xf3\x4c\x4f\x4a\x1f\xe7\x9c\xb1\x1b\x76\xd6\xf6\x3d\x76\
\xa0\x71\x42\x87\xdf\x35\x9a\x10\x53\x5f\x02\x8d\xe6\xc2\x78\x9e\
\xc7\xd2\x97\x30\x72\x0b\x7f\x5c\xee\x7d\xec\x5b\x77\x32\x81\x20\
\x01\x66\x16\x24\x44\xb8\x60\x66\x30\x07\x8f\x21\x41\x60\xc9\x04\
\x82\x00\x11\xac\xb2\x4d\xa5\xe5\x6d\xc8\x75\x15\x00\x41\x26\x09\
\x21\x83\x78\x00\x04\x98\xc1\xc4\x86\x94\xd2\x04\x41\x30\x83\x98\
\x59\x30\x33\x48\x10\x48\x10\x20\x19\x92\x19\x60\x90\x30\x09\x20\
\x02\xfb\x0c\x30\x40\x06\x81\x7d\x19\x6c\x2b\x88\x32\x10\x27\xcb\
\x78\x4b\xb2\x34\x18\x80\x2f\x7d\x93\x88\x40\x86\x10\xec\x49\x40\
\x80\x20\x04\x01\x0c\xf6\x25\x40\x14\x6c\x2f\xaa\x1f\x10\x04\x29\
\xa5\x00\x40\x4c\x10\xd2\x97\xa0\x60\x0f\xe4\xfb\x3e\x91\x20\x30\
\xc1\x90\x82\xdb\xcf\xce\x0c\x7f\xd4\x93\x6c\x08\x32\xb0\x48\xb4\
\xcd\xda\x86\x3d\xb8\x67\xd1\xd0\xdd\x97\xfd\xe6\xcd\xc6\xaa\x6b\
\x37\xa0\xdc\x5e\xc6\x7c\x7d\x1a\x8e\xd3\x00\x40\x20\x02\x84\x21\
\x20\x25\x07\x87\x40\x04\xe9\xf9\x80\x10\x98\xc2\x5c\xcf\xd1\xb9\
\xc1\xcf\x6e\xc8\xf7\x7f\xfc\x88\x3c\xfb\x77\x55\x34\xcc\xf3\xfe\
\xe4\x0d\x7b\xea\x87\x1f\x3d\xc2\x67\xde\xbe\x81\x56\xd4\xf5\x3b\
\x55\xf3\x66\x47\x97\xf9\x68\x34\x2f\xc3\xa7\xfe\xee\x33\x33\x7b\
\x2b\x27\xdb\x0d\xdb\x48\x8c\x29\x07\xd5\xef\x91\x91\x0c\xed\x5e\
\x33\x9c\x58\x43\x22\x02\x33\x03\xcc\x20\x21\xd0\xb9\xbc\x13\x2b\
\xaf\x5e\x8d\xce\xbe\x6e\x88\xb0\x82\xbe\x69\x1b\x44\x60\x29\xe3\
\xe7\x47\x9f\x5a\x0a\xfe\x17\x6e\x2f\xfc\x24\x73\xf0\xb3\x10\x94\
\x6c\x87\xd5\xad\x86\xfb\x0f\x9f\xcf\xd1\xef\x39\x7c\x7a\x78\xa8\
\xe1\xc2\x23\xdc\x77\xb0\x80\x50\xb7\xc5\xe1\x79\x05\xe7\x83\xf0\
\x7a\x04\x1b\x61\x19\xfe\x2d\x34\xc8\xc9\x13\xc3\x0b\x14\xee\x84\
\x44\x72\x2d\xe2\xf3\x0c\xb7\x19\x5f\xb7\xe8\x38\x18\x60\x29\x21\
\x7d\x1f\x6d\x5e\x7e\x62\x55\x6e\xe9\xd7\x0e\x55\x4e\xfc\xe6\x3c\
\x1a\x86\x61\x18\x68\x1b\x37\x77\xbf\xad\xed\x9a\xb7\x5d\xd1\xb7\
\x41\x1b\x75\x8d\xf6\xd0\x35\x1a\xcd\xc2\xf8\x9e\x4c\x3c\x6c\x66\
\xb0\xc7\xe1\xf7\xea\x92\x98\x42\x3b\xc4\x0b\x18\xf5\xc4\xae\x46\
\x06\x91\x43\x8f\x37\xf0\x9f\x81\xa8\x92\x5e\xb1\x71\xc9\x62\x21\
\x32\xcc\xe1\xca\x41\xb2\x0c\xfe\x4e\x89\x61\x8f\xcd\x27\x73\x68\
\x37\x83\x27\x46\x46\x3c\xde\x3b\x2b\x8b\x82\xd0\x44\x33\x00\x12\
\xe1\x7e\x24\x2b\xc6\x5d\xd9\xb6\xb2\x90\x81\x10\xc1\x36\xc2\x83\
\x25\x41\x60\x10\x48\x04\xcf\x65\x24\x7f\xe3\x78\xc1\x13\x1d\x07\
\x2b\x97\x2d\xf0\xcc\x03\xaf\x5c\x84\xc7\x1e\x6e\x33\x5a\x2c\x00\
\x20\x61\x40\x58\x06\x6a\x52\x2e\x1a\xc0\xf0\x6f\xdb\xed\x45\x76\
\x1a\x8c\xd1\x13\xe7\xf1\xc2\xbe\xd3\xd7\x8f\x2d\x1a\xdf\xb1\x7f\
\x78\xe0\x6d\x57\x2c\x5d\xaf\x8d\xba\xe6\x4d\x8b\xce\xa1\x6b\x34\
\x2f\x6b\xd0\x3d\xa6\xc8\xbb\x0d\x0d\x25\xcb\xd0\x0c\xb2\x6a\x44\
\x55\x8b\x8d\xb4\x55\x8e\x8d\x7d\x68\xd4\x08\x41\x48\x3b\x32\x7a\
\x32\xf4\x4e\x29\x30\xb3\x81\xa7\x1a\x79\xa8\x14\xd9\xc1\xd8\xcb\
\x8d\xfe\x1e\x6e\x2a\x30\xb2\xa0\xd8\xc3\x25\xa8\xde\xb0\x08\xbe\
\x80\x20\xda\x8f\x70\x31\x12\x19\x4e\xa2\x78\x7b\xb1\x91\x8d\x16\
\x1a\x9c\x58\x64\xf6\x93\xf4\x01\x98\x01\xc9\xca\x42\x26\x59\x33\
\x44\xc7\xc0\xa1\xa1\x8f\xae\x17\x85\xc6\x3b\xfe\x7b\xb8\xf1\x68\
\xf1\x11\x78\xe8\x80\x10\x02\x42\x90\xe2\xad\x2b\xfb\x23\xc0\x27\
\x09\xd7\xf4\x29\x5f\x2e\x62\xd9\xa5\x2b\xb0\xf6\x86\x8d\x38\x25\
\x47\xaf\xff\xc6\x53\xdf\xdb\xf1\xf4\xb1\x17\x74\x4e\x5d\xa3\x0d\
\xba\x46\xa3\x69\x8d\x94\x32\x08\x7b\xc7\x1e\x67\xca\xd5\x56\x0c\
\x6d\x68\xd8\x55\x8b\x9e\x31\xf2\x89\x41\x0c\xf3\xdc\x92\x63\x03\
\x4c\x84\x96\x71\x7b\x86\xba\x58\x48\x42\xf8\xcc\x1c\x2c\x2c\x42\
\x8f\x3a\xfa\x3e\x95\x07\x88\x36\x1e\xff\x3a\xf4\xc6\x41\xb1\xeb\
\x1f\x6d\x5b\xf5\xf2\xa3\x7d\x51\x6a\x4d\x92\x2c\x3e\x98\x91\x3a\
\x8e\x60\xfb\xdc\x7a\x91\x10\x1a\x6a\x75\x41\xc2\x12\xe9\x05\x81\
\x94\x71\x64\x81\x95\x45\x0e\x22\x2f\x3d\x34\xf8\xd1\x39\x47\x27\
\x65\xe5\x6d\xf4\xae\xee\xc5\x95\xef\xb8\x12\xb3\x7d\xfe\xf5\x0f\
\x1d\xd9\xf5\xe8\xf3\x27\xf6\x6b\xa3\xae\xd1\x06\x5d\xa3\xd1\xb4\
\x30\xa8\x92\x63\x63\x03\x64\x0b\x4f\x9a\xcb\x50\xa8\x55\x69\x0a\
\xb7\xfe\x91\x04\x01\x82\x92\x10\xbe\x62\x5c\x15\x67\x3e\x30\x68\
\x4d\xfb\x51\xb6\x45\x49\xfe\x3b\x7a\x6c\x9c\xa3\xe6\x16\x87\x41\
\xe9\xa3\x4d\x72\xf1\x6a\x98\x9e\x92\xaf\x30\x2a\x10\x1d\x8b\x7a\
\x8a\xa4\x2c\x1a\x20\x28\xb5\x6a\x61\x56\x97\x37\xac\x44\x33\x64\
\x18\x05\x48\xf2\xfb\x14\x5a\x7d\x96\x0c\xe9\x73\x6c\xc0\xa5\x9f\
\xa4\x3c\xa2\xe8\x05\x45\x06\x3f\xc4\xb0\x4d\xac\xd8\xb2\x0a\xe6\
\xb5\xed\x37\x3c\x36\xfd\xfc\x8e\x7d\x67\x8f\x6a\xa3\xae\xd1\x06\
\x5d\xa3\xd1\x64\x3d\x74\x3f\x95\x1b\x67\xce\x78\xcf\xd1\x7f\x91\
\xa7\xca\xdc\xf4\x95\xf5\xe4\xa3\x44\x76\x54\x60\x17\x19\x73\x4e\
\x39\xc8\x49\x32\x5d\x35\xec\x88\x3d\xe2\x56\xab\x0f\x25\x22\x10\
\xd9\x73\x4e\x8e\x4d\x8d\x24\x24\xf1\x74\xc5\x28\x63\x81\xed\xc6\
\x2b\x86\x24\x8c\x1e\xef\x20\x3e\xa6\xa0\x32\x3e\xf1\xa4\x13\xaf\
\xbf\xe9\xd4\xe3\x73\x49\x16\x07\xac\xe4\xee\x01\x4e\xa7\x0f\xa0\
\x2c\x18\xa2\x62\xc0\xa8\xc8\x30\x2a\xcc\x27\x42\xa1\xab\x04\xbe\
\x34\x7f\xfd\x9e\xfc\xc0\x8e\x81\xca\xa0\x36\xea\x9a\x37\x15\xba\
\x28\x4e\xf3\xea\x3d\x57\xdf\x2f\x8e\x8e\x8e\x88\xc3\x47\x8e\x00\
\xcc\x68\xef\xe8\x10\xc5\x62\xd1\xae\x37\x1a\xc8\x97\xf2\xe8\x5b\
\xd6\x27\xcb\xa5\xb6\xc9\x1f\xf7\xf3\xf4\x5d\x3f\x8e\x45\xc7\x86\
\x30\x0a\x29\xf3\x42\x17\x47\x71\x5f\x83\x34\x38\xe2\x62\x30\xa6\
\xb8\x60\x2d\x32\x64\xd9\xc2\xb7\x28\xa7\xac\x16\x97\xc5\xde\x73\
\x68\xb8\xa3\xa2\x38\xca\x44\x13\x62\x63\x48\x99\x22\x3d\xd5\xa5\
\x8f\xa2\xd6\xca\x71\xa8\x5b\x8a\xbf\x27\xe5\xb1\xc8\x7c\x1f\x56\
\xda\xc7\xab\x81\xd0\xb8\x46\x97\x25\xae\xea\x8f\x6d\x76\x52\x84\
\x17\xb6\xf5\x05\xdf\x2b\x6d\x71\x51\xa1\x61\xf4\xf7\xb8\x70\x2f\
\x92\xde\x95\x49\xe4\x20\xb9\x46\x6a\x2e\x9f\x41\x96\x81\x69\xb3\
\x7e\xfd\xb3\x3c\xb0\x63\x9f\x7b\xfc\x6d\x57\x5a\x6b\x75\xa1\x9c\
\x46\x1b\x74\x8d\x66\x21\x8e\x1f\x3f\xde\xf3\x9d\xfb\xbf\x73\x66\
\x6a\x72\xc2\xaa\x54\x2a\xb4\xf9\xaa\x2b\x51\xcc\x5b\xc4\xbe\x83\
\x23\x87\x0f\x62\x64\x78\x84\x96\xad\x5b\xe9\x4a\x29\x97\x0a\x21\
\x7e\xac\x8d\x7a\xec\x19\x43\xf1\x2c\x23\xeb\x73\x21\x81\x77\x35\
\xa2\xcc\x69\x37\x38\xce\x17\xfb\x91\xa7\x2c\x40\xc4\x60\xa6\xd6\
\xb9\xef\xb0\xa2\x3c\xce\x7f\x0b\xa4\x8f\x21\x32\x76\xf1\xbe\x92\
\x90\x7d\x66\x6d\x91\x54\xc7\x67\xcf\x27\x63\xf7\x83\xf0\x84\xd2\
\xf2\x16\x79\xf3\xea\x02\x83\xd2\xe7\x46\x48\x8c\x7a\xcb\x6b\xa7\
\xfc\x4c\x99\xeb\x18\xf5\xd8\x23\xca\x93\x87\x7f\x16\x44\xc1\x82\
\x28\x2c\xaa\x4b\xb5\xca\x29\x11\x89\xa0\x37\x3f\xb8\xb6\x12\x8c\
\x51\x9a\xb9\x7e\xaf\x3c\xf9\xd4\x51\x3e\xf3\xd6\x4b\x69\x85\x1e\
\x95\xa7\xd1\x06\x5d\xa3\x69\x45\x75\xbe\x2a\x8e\x1f\x3f\x91\x9b\
\x9b\x9d\xa1\x5c\xce\x46\x2e\x97\x43\xb1\x58\x8c\xfb\xa0\x6b\xb5\
\x2a\x4e\x9c\x19\x34\xc0\xb0\xde\x68\xc7\x3e\x30\x30\xf0\x67\xae\
\xe3\xfc\x47\x12\x42\xf8\xbe\x3f\xb3\x69\xd3\xa6\x4d\x44\xe4\x2d\
\xf4\xf8\xae\x25\x3d\xfb\x30\x3a\x76\x33\x32\x21\xf0\xb4\x51\x67\
\x5c\xac\xac\x43\x52\x1d\xcf\x71\x2b\x57\xf4\xbb\x38\x92\x1d\x79\
\xf3\x94\x5d\x13\x28\x5e\xb1\x5a\x98\x26\x39\xe5\x34\x47\x6e\x32\
\xa7\x42\xea\x99\xec\xbe\xe2\x75\xc7\x05\x71\x51\x6f\x79\x38\x62\
\x4e\x5d\x87\x90\x1a\x6e\xc8\x78\xec\x71\x5f\x7b\x64\x98\xb1\x40\
\xf4\x42\x29\xee\xcb\xae\x75\x44\xe4\xb5\x33\xa7\x17\x16\xca\x71\
\xc7\x45\x73\x12\xa9\xdc\x07\x4b\x09\x90\x08\xd3\x01\x80\x0c\x0d\
\xfb\x38\x55\xb6\x3c\xef\x0e\xec\x18\xf4\x87\x6e\x59\x65\x2c\xd7\
\x9e\xba\x46\x1b\x74\x8d\xa6\xc9\xf9\x24\x92\x44\xc4\x52\xfa\x71\
\xe6\x55\x4a\x99\x14\x58\x85\xde\x9d\x2f\xfd\x37\x5c\x9d\xc6\xae\
\xa7\x9e\xda\x3c\x3d\x35\xb5\x8c\x99\x61\x9a\xe6\xa2\x4d\x9b\x36\
\xd9\x00\x16\x34\xe8\x9e\xe7\x71\xca\x7e\x87\xe6\x96\x28\x63\xa4\
\x90\xf1\xd8\x17\xa8\x58\x8f\x7c\xd9\xa8\x12\x3c\xae\x08\xa7\xf4\
\xf3\xa2\xb0\x35\x21\x6d\xbc\x5a\x6c\x54\x31\x80\xd4\xf4\x07\x02\
\xb5\xfa\xb5\x22\x48\xc3\xe9\xfc\xbc\xba\xb5\xec\xf9\x64\x0a\xe2\
\xe2\x05\x81\x52\xe1\x9e\x36\xca\x94\xe4\xec\xa3\xa7\x2b\x2d\x6a\
\x51\x3b\x1b\xfb\x32\xee\x6d\x0f\x6a\x0b\x92\xe3\x4b\x55\xf8\x67\
\x8f\x29\x2a\xd8\x13\x22\x09\xcf\x2b\x39\x7a\xc9\x12\x23\x98\xbe\
\x76\x67\xe3\xc0\xe3\x03\x73\x83\xb7\xac\x2f\xaf\xd2\x46\x5d\xa3\
\x0d\xba\x46\x93\x7a\xe3\x98\xa6\x34\x0c\x81\x48\x7d\x2c\xfe\x0a\
\x6f\xe2\x81\x00\x8b\x4f\x52\xf2\x1b\xc6\xa0\x33\xb3\x00\x70\xc3\
\x5f\xff\xf5\x5f\xb7\xed\xdd\xbb\x17\xcc\x8c\x5c\x2e\x87\xb9\xb9\
\xb9\x0f\xd4\x6b\xf5\x2e\xdf\xf7\x20\x99\x85\x6d\x5b\x34\x5d\xa9\
\x3c\xdb\xbb\x78\xc9\x1e\x00\x70\x5d\x87\x99\x19\x32\xca\xe3\x32\
\x01\x94\x6e\xdd\xa2\xac\x07\xfa\x72\xb3\x56\x09\xe9\xc7\xa9\x6a\
\x6f\xc8\xf4\xb3\x13\x92\x02\xb0\xb8\xb5\x2c\x5d\x66\x4e\x59\x61\
\x1b\x89\x94\xa2\x5c\xc6\xd2\xc5\x4b\x8b\xa8\x7f\x1d\x02\x49\x71\
\x1e\xb5\x08\x36\x34\x55\xf9\xb7\x30\xec\x4a\x08\x9d\x32\x4b\x98\
\xd4\x5a\x01\xa1\x10\x4d\x28\x2d\xab\x0a\xce\x44\x85\x82\xac\xe6\
\x0b\x14\x81\x9a\xc8\x8b\x97\x52\x36\x15\xcd\xc5\x2d\x6d\x91\x8a\
\x1d\x82\x5c\x3c\x83\x31\x4e\xb3\xd7\x3e\x39\xbb\xff\xf1\xfd\xd3\
\x47\x6f\xb9\xa2\xf3\x52\x6d\xd4\x35\xda\xa0\x6b\x34\x11\xe5\x72\
\xd9\x13\xc2\x70\x26\x27\x27\xf3\xf9\x7c\x1e\xe7\xce\x0d\xc1\x71\
\x5c\x48\x29\x71\x6e\xe8\x1c\x26\x27\xa7\xd0\x61\xf7\x78\x46\x78\
\x03\xf6\x7d\x5f\x10\xa1\x08\x10\xc6\xc7\xc7\xec\x9e\x9e\xc5\x8e\
\x10\x62\xee\xdf\xf3\x98\xa5\xef\x7f\xf6\xd8\xb1\x81\x4f\xbc\xf8\
\xc2\x0b\x38\x74\xf8\x30\x98\x19\x6d\x6d\x65\xf3\xae\xbb\xee\xba\
\xb7\xbf\xbf\x9f\x00\x82\x94\x3e\x7c\xdf\xc7\x99\x91\xa1\x99\x7d\
\x87\xf6\xf7\x5c\x79\xd9\x15\x9e\xe7\xfa\xe9\x1e\x6d\x4a\x7b\xb7\
\x41\x14\x3a\x31\x70\xaa\xa8\x4b\x2b\x4f\x3a\x9d\x5b\x4f\xba\xc3\
\x89\x33\x8e\x38\x45\xbf\x57\x8c\xa7\x5a\x8e\xde\xa2\x6f\x3d\x36\
\xec\xc4\xa9\x87\xc6\xbb\x22\x35\x1b\x9e\x5e\x90\x70\x93\x83\xcf\
\xe0\x16\x81\x07\xc5\x2d\x4f\x2c\xb5\xf2\x00\xca\x5a\x6f\x24\x5e\
\x77\xe0\x91\xc7\x55\x82\xf1\xba\x20\xf6\xe7\x95\x16\xb9\x24\x2c\
\x1f\xc6\x44\x88\x20\x7d\x3f\x31\xe4\x6a\xe1\x20\x10\x1b\xf3\xb8\
\x1a\x5f\xe9\xd1\x63\x30\x26\xec\xb9\x6b\x9f\x9a\xde\xff\xd8\x81\
\xe9\xa3\xb7\x6e\xd2\x46\x5d\xa3\x0d\xfa\x9b\x17\x66\x36\x01\xac\
\x01\xd0\x03\xa0\x01\xa0\x04\xe0\x0c\x80\x41\x22\x92\xaf\xf3\xbe\
\x8b\x00\x3e\x00\xe0\x9d\x00\x96\x00\xa8\x01\x28\x02\x38\x08\x60\
\x37\x80\xb7\x03\x58\xef\xb9\x4e\x9d\x48\x74\x19\xa6\x39\x09\x60\
\x07\x80\xaf\x10\x51\xe5\x55\xee\x73\x3d\x80\xff\x67\x76\xb6\x72\
\x83\xeb\xb8\x6d\x92\xd9\x15\x82\xec\x5c\x2e\x37\x5a\x2a\x95\xbf\
\xff\x95\xbb\xbf\x74\xcd\xf8\xd8\x68\xbe\x58\x2c\xe2\xba\x6b\xb7\
\xa1\xa7\xa7\x07\xb9\x9c\x0d\x96\x12\x97\xae\x5b\x8f\xbd\x87\x0f\
\x62\x68\x7a\xcc\xfa\xec\xe7\xfe\xf8\x71\xdf\xf3\x5e\x9a\xad\xcc\
\xdc\x3c\x33\x33\xd3\x6e\x1a\x06\x7b\xbe\x67\x9c\x3a\x31\xeb\x4f\
\x4e\x4e\x8e\x77\x76\x76\xfe\x95\x10\xe2\xcf\x5f\xef\xd7\xcf\xf7\
\xa5\x38\x76\xf4\xf0\x7f\x3c\x78\xf0\x00\x86\x87\x87\x30\x32\x32\
\x02\x66\xc6\xdc\xdc\x1c\x9e\x79\xe6\x19\x1a\x1c\x1c\x0c\x04\x64\
\x98\xe1\xf9\x3e\x84\x10\x76\xfd\x2d\x55\x01\x00\xae\xe3\xb0\x1a\
\x36\x56\x6d\x1a\xa9\x79\xe6\xe6\x6b\xd8\xfc\xfb\xa8\x04\x5c\xa4\
\xb7\x17\xe7\xb8\x29\xdd\x83\xae\x6a\xb2\x53\xd6\xaa\x4a\xa4\xfc\
\x60\xd5\x73\x8e\x73\xd8\xca\x22\x82\x94\x86\xf1\x6c\xb1\x5a\xd4\
\x36\x47\xd9\xde\x35\x35\x58\x40\x0b\x14\xb9\xc5\x0f\xe0\x26\xbd\
\x5a\x55\xe6\x96\x28\x69\xd3\x83\xda\x33\xef\x4b\x08\xd3\x08\xc4\
\x65\x24\xc3\xa9\x3a\xb0\xf2\x56\x5c\xed\x4e\x22\x3c\x57\x56\xaa\
\xdf\x19\x8a\x28\x0f\x25\x6b\x13\x12\x4a\xfb\x1d\x27\xaa\x7b\x44\
\x30\xf2\x16\xc6\xec\xd9\xeb\x76\x4e\xef\x7d\xfc\x78\xed\xf4\x2d\
\x6b\x0b\x2b\xb5\x51\xd7\x68\x83\xfe\x66\xc3\x73\xdd\xff\x36\x3d\
\x3d\xf5\x89\x91\xe1\xe1\x62\xb1\x58\x22\xd3\x34\x51\xaf\xd7\x51\
\x99\x99\x91\x7d\xfd\xfd\xd3\xcc\xf2\xa7\x88\xc4\xae\xd7\xc7\x10\
\xf9\x62\x6c\x74\x64\xef\xd4\xe4\xc4\xda\xe9\xe9\x69\xf4\xf5\xaf\
\x84\x69\x1a\x98\x99\x99\xc6\x9e\x3d\x7b\x7e\x76\xdd\xba\xf5\xc8\
\xe7\x73\x28\x95\x4a\x28\x95\xca\xf0\xa5\xc4\xde\x17\x5f\x40\xdd\
\x71\x3e\x74\xf3\xcd\xb7\xfc\x16\x80\x4d\xaf\x74\x9f\x95\x99\x8a\
\x18\x38\x72\xe4\xc9\xd1\xd1\xe1\xc5\x2c\x7d\x5c\xb9\xf9\x6a\xe4\
\x2c\x1b\xa3\x23\xe7\xf1\xf7\xff\xf4\x0f\x4b\xdf\xfd\xce\x77\x5f\
\x45\x44\x98\x9e\x9e\x42\x5b\x5b\x19\x2b\x57\xae\x40\x5b\x5b\x1b\
\x88\x04\x7c\xe9\xc3\xb4\x2c\x58\xb6\x85\x93\xa7\x4f\x63\x49\xcf\
\xe2\x35\x0f\x3e\xf0\xdd\x35\xb3\xb3\x15\x6c\xbb\xf6\x3a\xb4\xb5\
\x2d\x02\x33\xe3\x3b\xdf\xfb\x96\xf9\xc0\x93\x0f\xf7\xfd\xdf\xbf\
\xf1\x5f\xff\x78\x6e\x6e\xf6\xcb\xe5\x72\xdb\xc8\xeb\xf9\x1a\x4e\
\x4d\x4d\x99\xa3\xa3\x63\x3d\x37\xdf\x7c\x13\x1e\x7a\xe8\x21\x9c\
\x38\x31\x08\x10\xe0\xba\x2e\x06\x06\x06\x30\x36\x36\x16\x7b\x7b\
\x9e\xe7\x62\xcb\xe6\x2d\x86\xeb\x7a\x22\x7c\xfd\x39\x1a\x90\xa2\
\x4a\xbd\x12\x28\x98\x61\x46\x29\x29\xb6\xd0\xf8\xa9\x21\x70\x52\
\x0c\x6a\xda\xb3\x6f\x65\xef\x9b\x12\xde\xca\xf3\x54\x09\xda\x94\
\x46\xbb\x5a\xab\xa6\x16\xc3\xb5\xac\x66\xa7\x96\x8b\x8f\x66\x5b\
\x9d\x2c\x57\x58\xd5\x5f\xcf\xae\x60\x68\x81\x06\x76\x45\x88\x86\
\x32\x36\x5f\x4a\x4e\xd5\x5b\x48\x2f\x88\x82\xbc\xf8\xd5\x9d\x38\
\xf9\xbd\x7d\x58\xf6\xd6\xb5\xb8\xf6\xd7\xde\x19\x8e\xac\xa5\x94\
\xaa\x5e\x32\x18\x26\xd1\xb6\x5f\x30\x22\x42\x51\xc1\x5c\xf0\xb7\
\x7c\x47\x09\x43\xf3\xe3\xd7\x7e\xff\xec\xae\xc7\x4f\x39\xe7\x6e\
\xb9\xc4\xee\xd3\x46\x5d\xa3\x0d\xfa\x9b\x85\xb3\x67\xcf\x9a\xdf\
\xbd\xff\xfe\x4f\x8d\x8e\x9e\x2f\x2c\x59\xbc\x04\x5b\xb6\x6e\x83\
\x2f\x25\xa4\xf4\x71\xdf\x37\xbe\x2e\x26\xa6\xa7\xba\x7f\xfd\xa3\
\xbf\xfe\x99\xd1\xd1\x91\x77\xb9\xae\x8b\xe0\xcb\x13\x52\x4a\x38\
\xae\x0b\xd7\x71\xe0\x4b\x09\xdf\xf7\xe1\xb9\x1e\x1c\xd7\x11\x73\
\x73\x73\x00\x03\x7e\x28\x58\xe2\xb9\x1e\xe6\xe6\xe7\x44\x77\x57\
\x97\xb0\x4c\x13\xf5\x46\x43\xcc\xcd\xcd\xa1\x5c\x2e\x8b\x81\x81\
\x81\xc5\xdf\xb8\xef\xde\xd5\x93\x93\x13\x58\xbe\x6c\x19\x2e\xdd\
\xb0\x01\x20\x81\xca\xf4\x14\xbe\xf7\xc0\x03\xa8\xc1\xc1\x95\xeb\
\x2e\x47\x7f\x7f\x1f\x0a\xf9\x02\x7c\xdf\xc7\x0b\x2f\xbc\x80\xc7\
\x9f\x7f\x0a\x1f\x3e\x76\x6c\xed\xc3\x0f\x3f\xfc\xbe\xa9\xa9\x29\
\x4b\xfa\x2c\xa4\x94\xc4\x60\x48\x5f\x9a\xd5\x5a\x35\xef\x38\x0d\
\xdb\xf7\x7c\xc1\xcc\xd4\x70\x1a\x46\xa3\x5e\xb7\x6a\xf5\xba\xf9\
\xa7\xff\xe3\x4f\xf3\xf5\x5a\xad\xeb\xf0\xe1\x43\x28\x16\x0b\x58\
\xbe\xbc\x0f\x44\x84\xca\x6c\x05\xcf\xef\x7b\x09\x07\x0f\x1c\xc2\
\x3b\x6e\x7d\xc7\x48\xad\xe1\x74\x6f\x7f\xe4\x7e\x6b\xfb\x23\x3b\
\xb0\x7c\xe9\x52\x14\x4b\x45\xcc\xcd\xcd\xe3\xfc\xf0\x30\x66\x2a\
\x15\x5c\x75\xd5\x55\xb2\x2d\xd7\x36\xf2\xe7\x9f\xfb\xcb\x65\x8d\
\x46\x03\xa5\xd2\x17\x83\xa9\x62\x0c\x8c\x4d\x8c\x63\x62\x66\x0a\
\x9f\x9d\x70\x8c\xae\xee\xae\xef\xff\xfc\x2f\xfe\x02\x0b\xc3\x10\
\x02\x24\x5c\xc7\x15\xae\xe3\x52\xa9\x50\x30\x7c\x29\x89\x99\x49\
\x90\x00\x04\xcc\xce\x8e\xce\xc6\xaf\x7d\xec\xd7\x6e\xd9\xb2\x65\
\xcb\xe8\x2b\x79\x1d\xc7\xc7\x46\x71\xf6\xdc\x59\xea\xee\xee\xc4\
\xf4\xcc\x0c\x3a\x3b\x3b\xc1\x08\xf2\xe2\x67\xcf\x9e\xc5\xf8\xc4\
\x78\x2a\x8c\x7b\xc5\xa6\x2b\x62\xfb\x10\x79\xee\xd9\x30\x34\x67\
\x5b\xc3\x52\x43\x4f\x38\x3d\x6d\x2c\x98\x72\xaa\x18\xc8\xd6\xce\
\x6d\x3a\xcd\xcd\x4d\xbd\xe1\xac\x2c\x04\x5a\x46\xb6\x15\x69\xd7\
\x6c\xa1\x5a\x2b\xcf\x5a\x8d\x22\x50\x53\x7c\x5e\x09\xc9\x47\xab\
\x05\xe6\xb4\x45\xcf\x88\xe1\x34\x49\xc7\x0a\x91\x6c\x4f\x72\x3c\
\xe8\xc6\xb0\x8c\x30\xe7\x2d\x61\x98\x26\xa4\xf4\x31\x7b\x7e\x1a\
\x03\x5f\x7e\x16\x86\x14\x38\x7d\xdf\x3e\x6c\x78\xff\x16\x2c\x5a\
\xb7\x34\x78\xba\x4c\xc4\x74\xa4\x1b\x0c\xa6\x31\x6c\x23\xc9\xc1\
\x83\x9a\x16\x1a\x71\x0b\x1c\x23\x1c\x03\x47\x30\x4c\x03\x85\xce\
\x32\xce\x0c\x8f\x5e\xfb\xc0\xe9\x9d\x8f\xef\x9f\x3a\xfa\xb6\x2b\
\xba\x2e\xd5\x2d\x6d\x1a\x6d\xd0\x7f\xd2\xf9\xfb\xcf\x7f\xfe\xcf\
\x3e\xfd\xe9\x4f\x7f\x70\x66\x7a\x26\x77\xf0\xe0\x01\xe4\x0b\x79\
\x14\x0b\x45\x18\xa6\x09\x30\x63\x6e\x7e\x1e\x33\x95\x19\x8c\x9c\
\x1f\xbb\xb1\x58\x2a\x8e\x7a\xae\x47\x9e\xe7\x11\x00\x21\xa5\x24\
\x22\x22\x12\x42\xc4\x2d\xba\x41\x8e\x96\x98\x11\xf5\xe7\x50\x14\
\x92\xf4\xa5\x14\xd2\xf7\x61\x9a\x26\xd9\xb6\x4d\x73\x73\x73\xf0\
\x7d\x9f\xa4\x94\x98\x98\x98\x20\xdf\xf7\x51\x28\x14\x60\x9a\x06\
\x88\x44\x6c\x78\xea\xf5\x3a\x0e\xbf\x78\x18\x0d\xa7\xd1\xe4\x3d\
\x7d\xe1\x9f\xfe\x39\x67\xdc\xf5\xa5\x07\xa4\x94\x69\x4f\x2e\x55\
\x46\x9d\x08\x9a\xa8\x9a\xdc\x2c\x19\xbe\x94\x81\xe9\xd9\xf3\x02\
\x84\x10\xc8\xe7\xf3\x30\x2d\x13\x43\x67\xcf\xe3\x9e\xaf\x7f\xbd\
\xd7\x30\x0c\xb4\xb5\xb7\x41\x08\x81\xe1\xb1\x71\xd0\x58\x60\x10\
\x6d\x3b\x87\xc5\x3d\x8b\x71\x7e\xe8\xbc\x18\x3a\x37\xb4\x4c\xca\
\xe0\x66\x3a\x3d\x53\x81\xe7\x79\x70\x3d\x0f\xae\xeb\xc0\x80\x81\
\x3d\x2f\x3e\x4f\xbe\x89\xcd\x6c\x12\x24\x31\x3c\xc7\x81\x5f\x77\
\x61\x78\xc0\xe2\xce\x1e\x4c\x55\xa6\xd1\xdd\xdd\x0d\x53\x98\x68\
\x78\x0e\x56\x2c\xef\x93\xb5\x5a\x2d\xf7\x4a\x5f\xcb\x62\xa9\x8c\
\x53\x83\xa7\xf9\xd8\xc0\x51\x8c\x8e\x8d\xa3\xb3\xab\x33\xe8\x57\
\x96\x12\xc3\xc3\xe7\x63\x79\xd1\xb0\x7e\x1d\xb3\xb3\xb3\x34\x3e\
\x36\x11\x44\x49\x3c\x0f\x4c\x32\xd4\x1b\x0f\x8a\xb1\x83\x07\x53\
\xea\x39\x2d\xac\x65\xd3\xcf\x4c\x14\xf4\x71\x13\x2d\x20\xd6\x92\
\xf6\x90\xd3\x36\x96\x33\xfb\xa3\xb0\xbd\xac\x45\x6b\x1b\xb8\xc9\
\x69\x26\x46\xfa\xf9\x4d\x75\x6d\x8a\x40\x4b\xb3\x89\xbf\x60\xdf\
\x7d\x2a\x14\x1f\x47\x25\x92\x04\xb9\xe7\x78\xe8\x3a\x23\x70\x63\
\xdb\x16\x14\x73\x45\x1c\x1b\x19\xc4\x33\xb9\x63\xc8\xf7\x94\x42\
\xb9\x58\x82\x5d\xca\xa3\xd0\xdb\x0e\x77\x78\x1e\x56\x67\x1e\x76\
\xb9\x10\x14\xb5\x85\xda\xed\x8d\xc9\x79\x5c\x5d\x59\x89\xcb\xba\
\xd7\xc1\x95\x1e\x9e\x9e\xd8\x8b\xa1\x15\x55\x98\x61\x78\xbe\xd5\
\x42\x24\x49\xf3\x27\xe9\x8c\x5c\xb9\x00\xab\x68\xe3\x4c\x75\xe4\
\xda\x27\x67\x5e\xda\x71\xb0\x76\xe2\x6d\x97\x17\xd6\x68\xa3\xae\
\xd1\x06\xfd\x27\x99\xb1\xf1\xf1\x1b\xf6\xec\xd9\xb3\xde\x71\x1d\
\x30\x18\xa6\x69\xc1\x30\x4d\x18\x86\x01\x00\xb0\x2c\x0b\xd2\x97\
\xd8\xf9\xd4\x93\xb9\xce\x8e\xce\xdc\xcc\xf4\x34\x24\x67\xa5\x34\
\xa9\x85\x37\x95\x6e\x0d\x02\x73\xfc\x3c\xdb\x34\xd1\xd5\xd5\x0d\
\xcf\xf7\x40\x44\xf0\x5c\x0f\x42\x08\x14\x8b\xc5\xb0\xbd\x49\xc4\
\x95\xbe\x6a\x48\x35\xa5\xec\x15\xde\xb4\x5d\xd7\x85\x07\x4f\x2d\
\xa0\x4e\xe7\x6d\xd5\x02\xeb\xc8\xd0\x53\xe2\xd5\x44\x15\xdd\xea\
\xf0\x0e\x96\x00\x99\x99\x38\x2f\x28\x10\xff\xc8\x18\xb0\xd4\x04\
\x32\x6a\xce\x01\xc7\x05\xe3\xa4\xb4\x3d\x85\x79\x69\xe9\xfb\x70\
\x5d\x37\xf4\x8e\x93\xed\x49\x66\xf8\x9e\xff\x8a\x5f\xcb\x52\xa9\
\x28\x05\x09\xde\xf5\xd4\x53\xa8\xd5\xea\x58\xb6\x6c\x19\x64\xe8\
\x21\x96\xcb\x65\xe4\xf3\xf9\xb8\x17\x9c\x59\xa2\x56\xad\xc1\x30\
\x83\x21\xe5\xbe\xe3\xb1\x34\x65\x52\x00\xc7\x94\x0a\x87\xa7\xe6\
\xa2\x37\x45\x9e\xa9\xe9\xbd\xd0\xc2\xf2\xa3\x49\x77\xb5\x45\x95\
\x79\x93\x20\x8b\xb2\xa8\x88\x0b\xdd\x92\xd2\xf5\xb4\x39\x56\xbf\
\xe5\x94\x7c\x9d\x12\x5c\xe7\x38\x2a\x90\xde\xc7\x42\xa5\xef\x4a\
\x58\x3d\x33\xdb\x3c\x7e\xaa\x2f\xe1\xbb\x1e\xec\x03\x35\xfc\xfc\
\x95\x1f\x42\x21\x5f\xc0\xc8\xf0\x30\x6e\xea\xdf\x06\xfb\x20\xe3\
\x09\xf3\x38\x8a\x8b\xda\x00\x06\x0a\x5d\x25\xdc\xf2\xd9\x9f\xc5\
\xe8\xbe\xb3\x58\xb4\x61\x19\xda\x97\x77\xc5\xc7\x5e\x9f\xa9\xe2\
\xfa\xe1\x95\xb8\xf5\xaa\x9b\x20\x59\x62\xe8\xdc\x39\xdc\xb9\xee\
\xbd\xf8\xc2\xae\xaf\xa2\x7e\x7d\x39\xcc\xc1\x27\xea\x79\xec\x4b\
\x90\x21\x92\xd9\xf5\x99\x62\x3f\xbb\x98\x87\xef\xf9\x18\xe2\xc9\
\x6b\x77\x8e\xbf\xb0\xe3\x84\x73\xe6\x96\x35\xf6\x0a\x1d\x7e\xd7\
\xfc\x58\xa3\xb5\xdc\x2f\x80\xeb\xba\x6e\xd2\x92\x95\x2d\x8a\x0a\
\x07\x47\xb0\x84\xf4\x7d\x38\x4e\x03\x9e\xe7\x41\xfa\x3e\x58\xca\
\xd0\x58\x70\x3c\xe8\x42\xfa\x9c\xe8\x5d\x47\x13\xb2\xa4\x54\xa6\
\x4c\x05\x3f\xbb\xae\x87\xb9\xb9\xb9\xf4\xd4\x2c\x34\xc7\x34\xa9\
\xc5\x68\xae\x28\x07\xcc\xc8\xaa\x7b\x71\xfc\x2f\x65\x7c\x30\xa8\
\xc6\x5c\xf9\x75\x22\xd5\xcd\xa9\xc5\x03\x11\x52\x71\x61\xca\x4c\
\xec\x4a\x3f\xb6\xa5\xdf\x9a\x0a\x38\x13\x67\x4e\x83\x93\xf0\xaa\
\xf4\x65\xca\xdb\x0c\xc3\xdf\x54\xad\x55\x5f\xf1\x42\x74\xd1\xa2\
\x45\x5e\xc3\x69\x0c\x1f\x3a\x74\x04\x00\x90\xcb\xe5\x50\x28\xe4\
\x61\xdb\x36\xda\xda\xda\xd0\xd5\xdd\x85\xae\xce\x2e\x74\x77\x77\
\xa3\xab\xbb\x1b\x20\xf8\x9d\x9d\x9d\x5e\x78\x8c\xcc\x52\x06\x5e\
\x3c\xb3\x62\xbc\x92\xd7\x37\x7e\x6d\x19\x19\xdd\x74\x55\xe7\x3d\
\xfb\xf8\x4c\x04\x9b\x91\xd2\x85\x67\x65\xfb\x2d\x35\xd9\x55\x43\
\x9d\x2d\x70\x83\x62\x83\xa9\xc5\x7b\x48\xcd\xa7\x37\xf5\x96\x73\
\x92\x97\x56\x07\xad\x80\xe3\x41\x35\x69\x41\x7b\x65\x90\x4b\xe6\
\x3d\x00\x00\x8d\xb9\x06\x56\x4c\xb5\x63\x64\xe8\x1c\xbe\xf7\x9d\
\x6f\xe1\x7b\xf7\x7f\x07\xa3\xc3\x43\xd8\xb0\x6c\x0d\x2a\x87\x47\
\x15\xad\x7b\x46\xd7\xaa\x25\xd8\xf0\x53\x5b\xb1\x68\xfd\xd2\xf8\
\x33\xc6\xcc\x98\x3f\x39\x89\xbe\xc2\x22\x3c\xb2\xfd\x07\x78\xfc\
\xd1\x87\xf1\xc8\xf6\x1f\x80\xa5\x8b\x2b\xed\x35\xa8\x4e\xcc\x41\
\x19\xec\x96\x8e\x24\xa8\xe7\x11\x6e\x8b\x88\x90\x2b\xe6\x83\xbf\
\x19\x84\x73\xfe\xf8\xb5\x0f\x9e\x79\xf2\x89\x13\xce\x59\xad\xfd\
\xae\xd1\x06\xfd\x27\x15\xc7\x71\x5c\x56\xf2\x98\xa4\x4c\x9f\x62\
\x56\xa6\x67\x2a\xd3\xb8\xa4\x0c\xf2\xb2\x6a\xfe\x33\xba\x7f\x26\
\x3f\x53\x4b\x6f\x15\x00\x24\x4b\x34\x1a\x4e\x73\x45\x75\xca\x33\
\x63\x24\x4e\x11\x37\x45\x68\x13\x95\xae\x68\x42\x16\x35\x99\x52\
\x75\xfe\x35\xa7\xbc\xb9\x74\xce\x35\x9a\x8b\x0d\x28\xe7\x99\xf1\
\xc0\x93\x51\x99\x50\x0d\xaf\xb2\xc0\x48\x0a\xb8\x92\x91\x9a\x4a\
\x98\x38\x4e\x39\x53\xbc\x90\xf0\x7d\x09\xcf\xf7\x90\x9d\x42\x42\
\x44\x70\x5d\x77\x41\xf5\x39\x66\xbe\xda\xf7\xfd\x3f\x71\x5d\xf7\
\x7e\xc7\x71\xfe\xad\x5e\xaf\x6f\x77\x1c\xe7\x5f\x4f\x1c\x3f\xfe\
\x5f\xba\xbb\xba\xbf\xb5\xbc\xaf\x0f\xe5\x72\x19\x86\x61\x40\x90\
\x80\x21\x0c\x94\x4a\x25\xb4\xb5\xb5\xa1\xa3\xb3\x03\xe5\x72\x39\
\xfa\x3b\x2f\x59\xb2\xd8\x9e\x9e\x99\xb1\x4d\xc3\x0c\x86\x8e\x84\
\xe7\x14\x8d\x53\x8d\xc7\x88\xaa\x43\xcd\x58\x35\xc2\x2d\xe6\xa3\
\x67\x3d\xf3\xac\x18\x4b\x6a\x8a\xc9\x42\x4f\xe5\x4c\x51\x9a\xf2\
\x9a\x52\x8b\x68\xc0\x85\xf6\x4f\x4d\xb1\x04\xe5\x8d\x44\xe9\x2f\
\x64\x02\x09\x59\x8f\x3c\x35\xf6\x34\xd9\xa9\x5f\x77\x71\xe2\xc8\
\x71\x9c\x3c\x71\x1c\xeb\xd6\xad\xc7\xfb\x3f\x70\x1b\x76\x3f\xbd\
\x0b\x67\xcf\x0c\x42\x56\x1c\x40\x26\xf3\xdd\x3d\xc7\x85\x5b\x77\
\xc3\xf7\x10\x07\xc5\x72\x9e\xc4\xfc\xe4\x2c\x5e\x7a\xe9\x25\x30\
\x4b\x5c\x79\xd5\x66\x5c\xb3\xed\x5a\x3c\xb2\xfd\x21\xcc\x57\x2a\
\x70\xab\x8d\xc4\x9a\x53\x3a\xf2\x15\x1d\x9f\x3a\x18\x86\x01\x98\
\x96\x09\xc3\x36\x21\x7d\x09\xc3\x32\x31\x91\xaf\x6e\x7b\xbc\xba\
\xef\x89\xfd\x93\x03\x45\x7d\xe7\xd3\xbc\xa9\x43\xee\xcc\xdc\x0d\
\xa0\xa3\xd1\x68\x58\x93\x93\x93\x62\x76\x76\x56\x54\xab\x55\xd1\
\x68\xd4\xcd\x5a\xad\x8e\x5c\x2e\x97\x33\x4d\xd3\x62\x66\xc3\x34\
\xcd\x9c\xeb\xba\x02\x80\x45\x44\x96\xef\xf9\x86\xe7\x7b\x26\x00\
\x43\x4a\x36\x72\xb9\x5c\xa1\x5e\xaf\xc1\x75\x5d\x11\xe6\xa3\x0d\
\xcb\xb2\xf2\x92\xd9\xae\xd7\x6a\xe4\x38\x0e\x0c\xc3\xb0\xa5\xf4\
\xcd\xb6\x72\xdb\x03\xef\x7d\xdf\xfb\x1e\x7f\x1d\xaf\x0f\x43\x09\
\x53\x47\x5e\x34\x0b\x91\xdc\xd4\x63\xaf\x89\x20\xa3\x99\xd9\x44\
\xe0\xb0\x7d\x86\x94\x46\x5b\xa2\x74\xce\x95\xa2\x82\x1e\x55\x3e\
\x33\x94\x4e\xcd\x7a\xc6\x8c\xcc\x88\xcb\x8c\x91\x57\x87\x61\xd8\
\x96\x0d\xdf\xf7\xe1\xb3\x44\xa1\x50\x44\x77\x57\x17\x13\x11\xc7\
\x15\xd7\x00\x4c\xd3\x40\xa1\x90\x67\xdb\xce\x31\x85\x89\x58\xc3\
\x30\xd8\x30\x0c\x90\x08\xda\xf0\x84\x10\x3c\x36\x36\x96\x3f\x7a\
\xe4\x28\x45\xd1\x88\xad\x5b\xb7\x3a\xa5\x52\xc9\x99\x9e\x9e\xce\
\x9f\x3b\x7b\xd6\xac\xd6\x6a\x30\x4d\x03\x6b\x57\x5f\x82\x72\x5b\
\x19\xa6\x61\x60\x62\x72\x0a\x33\xf5\x39\x8c\x4e\x8c\xe1\xf2\xd5\
\x1b\xfd\x72\xa9\x34\xe2\x4b\x69\xed\xde\xbd\x7b\xb1\xe3\x38\xb0\
\x2c\x13\xab\xd7\x6e\x94\xab\x57\x5d\x72\x92\x09\x5c\x28\x17\x64\
\x57\x47\xa7\xb4\x2d\x9b\x2a\xb3\xb3\xd3\x95\x99\x99\x79\xe9\xcb\
\x86\x65\x5a\x52\xb2\x64\xd3\x34\x7d\x22\xd1\x60\x66\xd7\xb6\xed\
\xb9\xf6\xb6\xf6\x96\x05\x71\xfb\xf6\xed\xfb\xc8\xae\x5d\xbb\xee\
\xde\xb7\x6f\x1f\x1d\x3d\x7a\x04\x8d\x86\x03\xc7\x75\x31\x31\x39\
\x81\xd1\xe1\x91\x9f\xd9\xb0\xe1\xd2\xa1\x4f\x7e\xe2\x13\xef\x1a\
\x3c\x7d\xfa\xf7\x76\xef\xde\xfd\x7e\x22\x82\x44\x20\x2e\x53\x2a\
\x96\x02\xe3\xe3\x07\x85\x8a\xf3\xf3\xf3\x85\x47\x77\xec\x18\x37\
\x84\x81\x02\x5b\x96\xf4\xa5\xd2\xda\xa5\x38\xc8\x0c\xb0\x50\xf3\
\xd3\x49\xe0\x3d\x33\x1c\x34\xec\x0d\x4f\x5e\xaf\xac\x5c\x6b\xd2\
\x1a\x46\x8a\x57\xdc\xac\xc7\x7e\x21\x89\xd9\xa4\x07\x5c\x09\xe3\
\x2f\xf8\x70\x6a\xfd\x1b\x7a\xf9\x35\x44\x36\x2a\x90\x9e\xf7\x1e\
\x2e\x74\xc2\xea\x72\xb3\x68\xe3\xd0\xe4\x29\x94\x8e\x15\x30\x70\
\x74\x00\xab\xd7\xac\x41\xb5\x5a\xc3\xc0\xb1\xe3\xa0\x55\x36\xa4\
\x94\x18\x3d\x74\x0e\xa7\x9e\x38\x8c\x91\x3d\x83\x70\xa7\x6b\xe8\
\xdc\xb0\x04\x3d\x57\xf6\xa3\x7b\x4d\x2f\x96\x5e\xb1\x02\xd6\xa2\
\x02\xf6\xec\x78\x11\x6b\x56\xae\xc2\xc8\xc8\x08\x0a\x85\x02\x00\
\xe0\x7c\x63\x12\xb9\x2d\xe5\xb8\xe2\x5d\x15\x9b\x89\x16\x9b\xa9\
\x94\x42\x54\x3f\x20\x04\xac\x9c\x85\xfa\x6c\x0d\xbe\x21\x60\x17\
\x72\x38\x36\x7e\x6a\xdb\xe9\x83\x47\x1f\x7b\xe9\xf4\xe1\x5b\x37\
\xaf\xdc\xa8\x73\xea\x9a\x37\x9f\x41\x3f\x36\x30\xf0\xab\xcf\x3d\
\xf7\xdc\xe7\x87\x86\x86\xac\x33\x67\xce\x60\x64\x64\x04\x95\x4a\
\x05\xb3\xb3\xb3\x98\x9f\x9f\x47\xad\x56\x83\xef\x7b\xf0\x7d\x09\
\xd7\x75\xc1\x1c\x78\x36\x9e\xef\x07\x21\xea\xb0\x02\x3c\xfa\xf0\
\x49\xdf\x87\x1f\x1a\x4b\xd9\x72\x0c\x65\x32\x4f\xf9\xb6\xdb\x6e\
\xff\xa9\x3f\xff\xb3\x3f\xff\x5e\xc3\x69\xe4\xa5\x94\x26\x33\x13\
\xb3\x14\xae\xeb\x9a\x8e\xe3\x9a\xae\xeb\x5a\xa6\x69\x1a\x44\x20\
\xc7\x71\x4d\xdf\xf7\x0d\xdf\xf7\x0d\x21\x04\x49\x29\xc9\x34\x8d\
\x9c\x61\x98\x26\x98\x4d\xc9\x2c\xa4\x94\x06\x11\x19\x44\x24\x00\
\xd0\xf0\xc8\xc8\x1a\xd3\x32\x21\x84\x80\x94\x0c\xdf\xf7\x51\xad\
\x56\x41\x44\x41\xd5\xba\xe7\x21\x9f\xcf\xc3\xb2\x2d\x18\x86\x81\
\xee\xee\xee\x64\x6e\x74\x66\x70\x45\x53\xf0\x99\xd4\xf0\x36\xb5\
\xec\x23\x66\x66\x04\x06\x56\x2c\xd8\xe7\xac\xde\x5b\x29\x6f\xa0\
\x51\xad\x63\x4d\xff\x25\x98\x9d\x9f\xc5\x64\xb5\x82\x6d\xd7\x5c\
\x33\xf7\xd7\x7f\xf9\x3f\xd7\x49\x96\xbe\x61\x98\x5e\x2e\x9f\xf3\
\x88\x48\x0a\x21\x20\x48\x48\x84\xdd\xcc\x87\x0e\x1e\xba\xf5\x7f\
\x7d\xfe\x7f\xdd\x33\x39\x39\x21\x5c\xd7\x15\xb6\x65\x05\xe7\xc2\
\xc8\xf5\x2c\xea\x26\xc3\x30\xe0\x38\x0e\xa6\xa6\x26\x85\xeb\x34\
\xec\x46\xc3\x11\xed\xed\x6d\x98\x99\x99\x81\x6d\x99\xb8\xe2\x8a\
\xcb\xd1\xdf\xd7\x07\xc9\x8c\x97\x5e\xda\x0b\xaa\x4f\xe2\x54\x6d\
\x18\x6b\xd7\xac\x36\xf2\xf9\xdc\xb2\xa1\xf3\xe7\xb1\x68\x71\x37\
\x06\x07\x07\x31\x33\x31\x0d\x06\x8b\x4a\xb5\xb2\xb6\xdc\xd7\x85\
\xb7\x6d\xb9\x05\x3f\x7d\xd3\x7b\xd1\x51\xea\x80\xe7\xe3\x2b\x7d\
\xfd\xcb\x7f\xf1\x42\xef\xb9\xff\xfe\x47\x7f\x94\xfa\xf9\xe4\xc9\
\x93\xf6\xf1\xe3\xc7\x57\x3c\xf0\xc0\x03\x1f\xba\xeb\xae\xbb\xa8\
\x56\xab\xc1\x34\x4d\x78\x9e\x07\xd3\x34\xe1\x7a\x2e\x6a\xd5\x1a\
\x6c\x3b\xd7\x3b\x33\x5b\xb1\x6a\xb5\x9a\x74\x1c\x27\x36\xe0\x42\
\x08\x98\xa6\x19\x4f\x01\x63\x96\x38\x71\xf2\x04\xfe\xe6\x6f\xff\
\x36\x27\x88\xe0\x16\x09\x5d\x5b\x57\xa4\x0c\x70\x6c\xcd\x49\x80\
\xa4\xaa\x93\x12\x25\xd5\x95\xaa\xf0\xe8\xf5\xe5\x44\x20\x25\x55\
\x1d\x1e\xcd\x3a\x4f\x2d\x00\x39\x55\x39\x9f\x12\xb3\x79\x59\xc9\
\xf8\x4c\x9b\xd9\xcb\xd9\xf3\x16\xfd\xf5\xb1\x31\x24\x75\x69\x81\
\x54\xcd\x7d\x53\xac\x8f\x29\x6e\xbb\x8b\xa2\x17\x42\x00\xb9\x72\
\x1e\xa5\xb7\xf5\xe1\xd0\x0f\x8e\x61\xdd\xd2\x55\x38\x7d\xe6\x34\
\x6a\xb5\x3a\x06\xe6\x8f\xa0\xe3\xea\x4b\xb0\xf3\x73\xdf\xc5\xb9\
\xef\x1e\x82\x29\xcc\xb8\x3e\x64\xfa\xa9\x21\x4c\x3f\x35\x04\xcf\
\xf7\xd1\x7d\x43\x3f\x36\xff\xf2\x4d\x18\x5d\xe3\x21\x77\x6e\x18\
\xcb\x96\xf4\x62\xbe\x56\xc5\xf8\xfc\x34\xa6\xaf\xb3\xb1\xb4\x7d\
\x71\x5a\xcc\x46\x11\xa4\x89\xcf\x45\x50\x70\xfd\x95\x62\xf8\x5c\
\x21\x8f\xea\xcc\x3c\xa4\xe7\x43\x7a\x3e\x4a\x5d\x65\x9c\xc9\x9d\
\xdc\xf6\xd0\x81\x27\x1f\x3f\x38\x74\xec\x96\xcb\x97\xaf\xd3\x46\
\x5d\xf3\xe6\x32\xe8\x3f\x78\xe8\xa1\x4f\xec\xda\xb5\xcb\x7a\xfa\
\xe9\xa7\x31\x3b\x3b\x8b\x42\xa1\x00\xcf\xf3\xe0\x38\x0e\x1a\x8d\
\x06\x5c\xd7\x05\x11\xa1\x54\x2a\xc1\xb2\xac\x54\x78\x96\xb0\xd0\
\xfc\x86\xac\x26\x34\x67\xee\x39\xc1\xcf\x8f\x3f\xfe\xf8\xa6\x62\
\xa9\xb4\x09\x59\x6f\x56\x59\x99\xb7\x2a\xd4\xca\x6e\x47\x0d\x1f\
\x47\x5f\x52\x4a\x48\x29\x61\x9a\x16\xd8\x90\x61\xd5\x77\x52\xa8\
\x25\xc3\xbe\x64\xd3\x34\x61\x46\x97\xd1\x50\xd3\xa1\xdc\x5a\x0c\
\x24\xe3\x39\xe0\x42\xe7\xdf\x54\xb9\x9b\xd9\x86\x68\x31\xc5\x2a\
\xea\xf1\x0d\x75\xb1\x99\x99\xda\xda\xdb\x27\x2e\x34\x7c\x04\x00\
\xf6\xed\xdd\xdf\x31\x32\x3c\xd2\x7d\xe6\xcc\x69\x08\x43\xa0\x54\
\x2c\xa2\x52\xa9\x60\xf0\xf4\x69\x54\xab\x55\x08\x12\x20\x21\x70\
\x74\xe0\x98\x59\x2e\x95\xb0\xa8\x67\x11\xd6\xad\x5d\x0b\xdb\xb6\
\x30\x3b\x3b\x0b\x22\x42\x4f\x4f\x0f\x2a\x95\x0a\x4e\x9c\x3c\x89\
\x6a\x1b\xc3\xce\xe7\xb0\x67\xcf\xf3\x38\x7c\xe4\x30\x01\x40\x57\
\x67\x27\x96\x2d\xe9\x85\xec\x59\x82\xb1\x89\x09\x9c\x9d\x38\x8f\
\xe5\x9d\x26\x64\x74\xc3\x25\x02\x88\xed\x57\xfa\x1e\x3c\x78\xf0\
\xc0\x5b\xff\xe6\x6f\xfe\x76\xfb\xe4\xe4\x24\x4d\x4d\x4d\xa1\xb7\
\xb7\x17\xe5\x72\xb9\xd9\x3b\x63\x69\x7c\xed\x7f\x7f\xed\x01\xcf\
\xf3\xd0\x68\x34\x62\x83\x5e\x2c\x95\x32\x5e\x68\x90\x52\x19\x19\
\x19\x81\x21\x04\x8a\xcb\xba\xe2\x9a\x07\x20\x74\xc7\xe3\x54\x06\
\xa7\xbd\xf5\x6c\xf1\x3a\x25\x63\x45\x59\xf5\xda\xb3\x8b\x3e\x46\
\xc6\x80\x26\x76\x93\x5f\xd6\x7d\x6e\x65\xab\xe9\x55\x7d\x9e\xe3\
\xa6\x3a\x75\xe1\xc0\x99\xf7\x58\x7a\x68\x7b\xd3\xef\xe5\x4d\xfe\
\x05\x00\x00\x20\x00\x49\x44\x41\x54\x92\xd1\xad\x12\xcc\x04\x61\
\x08\x2c\xdf\x72\x09\x26\xda\x0b\xd8\xb7\xff\x3c\x84\xc3\xa0\x4b\
\xf2\xe8\x5e\xbf\x12\xbb\x3f\xf7\x20\xe6\xf6\x8f\xc3\x36\xed\xb4\
\x94\x6b\x98\x7b\xb1\xc8\xc4\xcc\x33\xe7\xb1\xeb\xf4\xb7\x71\xdd\
\xef\xbf\x0f\x53\x6b\xea\x18\x3e\x7d\x1a\xc2\x34\xd0\xb6\x75\x31\
\x96\x6c\xec\x83\x30\x0d\x48\x29\x21\xc2\x8a\x78\x75\xe6\x3a\xa7\
\x43\x07\xa9\xa8\x96\x61\x99\xf1\x34\x39\xe9\x4b\xf8\x9e\x87\xfe\
\xad\x97\x60\xe8\xf8\xe8\x35\xdb\xa7\x77\x3f\x71\x92\x87\x6e\x5e\
\x4d\xcb\xb5\x51\xd7\xbc\x79\x0c\xfa\x73\xcf\x3d\x6b\x3d\xf4\xd0\
\x43\xa8\xd6\x6a\x60\x29\x91\xcb\x05\x1d\x45\x8e\xe3\xa0\x56\xab\
\xc5\xc6\xc7\x71\x1c\x08\x11\xb4\x5b\x45\xff\xb6\xca\xbd\xbe\x9c\
\x91\x53\xb5\xa9\x25\xcb\x96\xa3\x2d\xd5\x70\x9b\x6a\xd8\xb9\x69\
\x9b\x8a\x31\x57\x8b\x91\xd4\x21\x10\x4d\x1a\xd6\x48\x85\xcd\xa3\
\xe1\x11\x94\x0d\x86\x72\xb3\x01\x5e\xe8\x86\xcc\xad\xbc\x24\xa2\
\xa6\xe2\xb5\x85\x64\x3e\xa3\x90\x7c\x94\x8b\x94\xbe\x1f\xff\x3e\
\xec\x9a\x7b\xd9\x5a\x09\x22\x92\x24\x04\xaa\xb5\x2a\x0a\xf9\x3c\
\x98\x19\x5d\x5d\x5d\x18\x1e\x1e\xc1\x47\x7f\xe5\x97\xf1\xee\x77\
\xbd\x03\x9d\x1d\x1d\x70\x3d\x0f\x4f\x3d\xbd\x1b\xcf\xbc\xb4\x07\
\x67\x4e\x9c\x81\x65\x59\x98\x9d\xab\xc0\x34\x4d\x94\xcb\x65\xcc\
\x57\xe7\x31\x32\x32\x02\x61\xb7\x61\x51\xae\x0d\xf5\xa9\x79\x5c\
\xba\x7e\x1d\xfe\xc3\x87\x3e\x84\x2b\xae\xb8\x1c\xc5\x62\x11\x73\
\x73\x73\xf8\xc1\xa3\x8f\x60\xd7\xdc\x11\xd4\x0f\x8c\xc3\xf5\x3c\
\x78\x61\x94\x86\xe5\x2b\x37\xe8\xf9\x42\x01\x23\x23\xc3\xe2\xe4\
\xc9\x93\xb0\x73\xb9\xf8\x75\x57\xa7\x77\x11\x08\x9e\xef\x63\x6e\
\xae\x59\x6d\x96\xa3\x28\x51\xf8\x9a\x46\x3a\xe1\x3d\x3d\x3d\x30\
\x85\x01\x19\xe6\x5a\xd5\xb1\x9e\x44\x41\xa8\x1d\x19\x2f\x5a\x0d\
\xb6\x93\x3a\x72\x34\x5e\xc1\x66\xad\xa4\xd2\xb3\x4e\x68\x32\x3a\
\x17\x65\xbc\xd5\xd4\x0d\x63\xe1\x30\xfb\xcb\xb5\xc7\x71\x46\x61\
\x36\x6e\xef\x4e\x2f\xb0\x53\x9f\xb9\xcc\xc2\x59\x6d\x98\x8b\x67\
\x9e\x33\x60\xe5\x6d\xf4\x6e\xec\xc7\xe2\x4b\x97\x43\xba\x1e\x48\
\x08\x3c\xf5\xd7\x0f\x62\xee\xc0\x44\x10\x1d\xe1\xa0\x2b\xc3\xf1\
\x5d\x98\x86\x09\xdf\xf7\x61\x08\x01\xdb\xb2\x61\x18\x02\xfe\x48\
\x03\x2f\xfd\xf3\x13\x78\xc7\x67\x3e\x04\xf3\x3a\x0b\x2c\x19\x86\
\x6d\x06\xfb\x08\x47\xa7\x46\x8b\xff\xf8\x5a\x2b\x91\x10\x4e\xb5\
\xce\x07\x69\x2d\x61\x06\xdd\x2a\x6e\xdd\x01\x11\xc1\xb0\x4c\x08\
\x83\xb0\xf4\xf2\x3e\x54\x7d\xb9\x75\xc7\xe4\x9e\x27\x0e\x54\x8f\
\xdf\xbc\xa9\xb8\x56\x1b\x75\xcd\x9b\xc3\xa0\x03\xe4\xb7\x0c\xdb\
\x65\x3c\xe0\xd7\x0a\xb5\xe7\xb7\xe5\x3d\x2b\xbc\x19\x53\x8b\x8a\
\xdb\x56\x11\x81\x54\xe1\x92\x9a\xe7\x56\xc2\xfb\xd1\xe2\x81\xb3\
\x5e\x88\x5a\xbc\x94\x99\x04\x15\xdf\x64\x5b\x85\x37\x95\x71\x99\
\x49\x98\x95\x16\x38\xdf\xa0\x25\x0c\x0b\x1c\x7b\x5a\x09\x2c\x32\
\xe2\x46\x6c\x94\x2c\xcb\xbe\x28\xcb\x60\xd9\xd6\x60\x5f\x5f\xdf\
\x31\x80\x65\x3e\x97\x83\x69\x99\x7d\xb3\x95\x4a\x29\x97\xb3\xd1\
\xd9\xd1\x81\xc5\x8b\x17\xa3\xa3\xbd\x1d\x8d\x86\x83\xb6\xb6\x36\
\x94\xf3\x45\x08\x21\x60\x59\x81\xb1\x63\x29\x91\xcf\xe5\x20\x48\
\xc4\x85\x61\x92\x19\x9d\xa5\x12\x3c\x5f\xc2\x30\x04\x2c\xcb\x86\
\x6d\xdb\xb0\x2c\x0b\xa6\x61\x42\x18\x02\x3d\xe5\xae\xfa\xb2\xce\
\x25\x7f\x65\x19\x16\x9b\xa6\xe5\x90\xc0\xf6\x57\xfc\x26\x36\x2d\
\x37\xe8\xf1\x4f\xf7\x83\x47\xe1\x6d\x41\x22\x54\x27\x93\x71\x0f\
\x3f\x29\x06\x29\x88\xbc\x78\xb1\x45\x93\x52\x42\x10\xa1\xbd\xbd\
\x1d\x96\x69\xa1\x4e\x6e\xd0\xbd\xc0\x69\x1d\xf4\xa4\x3b\xa0\xf9\
\xbd\x45\x4a\x1b\x1f\x25\xf3\xd9\x5a\x84\xae\x2f\x10\x0e\xe7\x97\
\xfd\x30\xb4\xf6\xa2\xd5\xbf\x5d\xcc\x54\x57\xc5\x8a\xa7\x3e\x0f\
\x99\x54\x51\x2c\x70\x47\x2d\x04\x64\x80\x74\x6f\xa6\xf2\x7d\xd4\
\x4e\x46\x86\x80\x69\x19\xa0\x9c\x85\x91\x83\x67\x71\xfe\xfb\x03\
\x30\x44\x20\x30\x53\x6f\x34\x90\x2b\xe4\xb0\xa4\x18\xe8\x03\x08\
\xc3\x40\xbd\x51\xc7\xf4\xf4\x34\x4a\x85\xa0\x65\x73\x76\xdf\x38\
\xce\xbf\x38\x88\x35\x6f\xdf\x04\xe9\xfb\x10\x46\x28\x4e\xe3\xcb\
\xb8\x00\xa1\xf5\x6c\x9c\x44\x78\x26\x3a\x2c\xe9\x07\x51\x21\x21\
\x04\x7c\xdf\x0f\xba\x2a\x3c\x1f\xd2\x10\x20\x66\x98\x39\x13\x67\
\xa7\xc7\xb6\x7a\xf5\x97\x1e\xdf\x57\x39\x7a\xcb\x95\xed\x5a\x7c\
\x46\xf3\x26\x30\xe8\x84\xa0\x80\x8a\x5a\xf4\x21\xbf\x66\x46\x7c\
\x81\xed\x32\xb7\xf6\x56\x52\x12\x99\xcd\x0f\x58\x70\x14\x65\xb6\
\x48\x4d\x6d\x23\xca\x86\xc2\xa3\x7c\x28\xa7\xe6\x61\xab\x33\x3b\
\x12\xc3\x4d\xe1\x7f\x2d\xa7\x68\x65\xc3\xb4\xd1\x58\xc9\xc8\x4c\
\xa8\x22\x24\x4a\x94\x81\x52\x6d\x4a\xdc\xb4\xe8\xf1\x7d\x0f\xc4\
\x04\xcf\x75\xe9\x9b\xdf\xfc\xe6\xe6\xbb\xee\xba\xcb\x95\x52\x52\
\xb5\x5a\x35\xe7\xe7\xe7\x0d\xc7\x71\x45\xb9\x5c\xb6\x98\xa5\x59\
\xab\xd7\xc5\xbd\x5f\xbf\xc7\xe8\xea\xec\xf8\x2f\xdd\x5d\x5d\xb0\
\x73\x76\x6e\x64\x64\xf8\xd3\x63\xa3\xa3\x5b\x7d\x5f\xa2\x32\x3b\
\x8b\x73\x43\x43\x98\x99\xa9\xa0\xd1\x68\xe0\xdc\xb9\x21\x54\x2a\
\xb3\xf0\x3c\x0f\x82\x0c\xe4\xf2\x05\x8c\x8e\x8d\xe3\xd4\xe9\xd3\
\x18\x1e\x1e\x0e\x94\xf4\xe6\x1c\x30\x13\xe6\x42\x51\x99\x53\x83\
\x83\x10\x42\xc0\xb6\x6d\xcc\xcd\xcd\xe3\xf8\x89\x13\x98\x98\x1b\
\x46\x75\x9c\x8d\xc7\x1f\xdc\x71\xe5\x93\xdb\x77\xe6\x0d\x41\x06\
\x11\xbd\xe3\x3f\xff\xd6\x6f\x9a\xbe\xf4\x89\x99\x0d\x21\x84\x41\
\xa0\x68\x36\xa6\xf0\x7d\x29\x98\xa5\x15\x16\x5f\x11\x03\xf4\xe5\
\xaf\x7e\xb9\x38\x53\x9f\x83\xdd\x51\x80\x04\x61\x6a\x7e\x06\x73\
\x8d\x6a\x5c\xc4\x18\x5d\xf3\xce\xf6\x0e\x7c\xf4\x57\x3f\xfa\x27\
\xd5\x6a\x75\xca\xf3\x3c\xd7\x0d\xac\x78\xef\x33\xcf\x3c\xf3\x69\
\x27\x12\xe6\x01\x82\x5e\x77\xdf\x87\xc9\x56\xf0\x5a\xf8\x12\xf0\
\xc3\x6d\x85\x1e\x21\x22\x7d\x71\x0a\xc4\x5d\x58\x79\x4f\xa4\xed\
\x68\x92\x53\x4f\xe7\xcf\x15\x29\x53\x2c\x20\x9d\x9a\x0e\xe1\xa0\
\x49\x09\x46\xf1\x38\x53\x71\xe6\x74\xf1\x46\xb3\xe1\xbe\xc0\x02\
\x22\xd1\x33\xe0\x4c\x24\x68\x61\x3d\x81\x94\xa7\x9e\xd9\x8d\xef\
\xf9\xa8\x9c\x9b\x42\xae\xbd\x80\x62\x77\x39\x7e\xec\xb9\x67\x4e\
\x40\x20\xa8\x0d\x71\x5d\x17\xae\xef\x40\xd4\x09\x67\x27\xcf\x86\
\xe1\x73\x42\xb1\x58\x82\x30\x04\xea\x8d\x3a\xf2\xb9\x3c\x4c\xc3\
\xc0\xa9\x47\x0e\x62\xd5\x4d\x1b\xe2\x14\x4d\x6d\x6a\x0e\xb3\xc3\
\x33\xe8\x5c\xb9\x08\x66\x2e\x68\x7e\x20\x21\x92\xd7\x07\x49\x77\
\x4a\x3c\xc8\x85\x92\x94\x87\x30\x0d\x78\x9e\x97\x68\xcb\x23\x78\
\xbd\xd9\x10\xc8\xb7\x15\x31\x3a\x3f\x73\xcd\xd3\x73\xfb\x9f\x38\
\xee\x9c\xb9\x79\xad\xbd\x42\x1b\x75\xcd\x4f\xb6\x41\x8f\xc2\x56\
\x59\xc3\xf2\x4a\x42\x86\x3f\xd4\x82\x42\x59\x48\xc4\x5e\x90\xe4\
\xe6\x7c\xb3\xd2\x5a\xc3\x2d\x72\xee\xea\xcd\x2b\x11\x18\x51\x14\
\xb5\x54\xaf\x4e\x36\x0f\xd6\xe0\x68\xa1\x90\xed\x81\xa5\xf4\x31\
\xb0\x7a\x63\x54\x42\xf6\x71\x61\x54\xe2\x2a\xa5\x17\x12\xac\x86\
\xe1\xb3\xa1\xfc\x24\x1f\x2b\x59\x62\x64\x74\x14\xe3\xe3\xe3\x60\
\x66\x3c\x3a\xfd\x68\xfe\xc0\xfe\x03\xbb\xc3\xe3\x25\x29\x25\x3c\
\x2f\x28\x52\x8c\x66\x98\x7b\x9e\x17\x17\x28\x02\x81\x24\xad\x41\
\x02\xb5\x7a\x1d\x86\x61\xe0\xc1\x1f\x6c\xc7\xa3\x8f\x3d\x11\x5c\
\x1d\x52\xb4\xb8\x49\x40\x32\xa3\xbd\xa3\x13\x8f\xef\xdc\x85\xc7\
\x9f\x7c\x0a\x60\x86\x61\xda\xe0\x69\x0f\x12\x40\x05\x41\x0b\xd2\
\xb7\xef\x7f\x50\x89\xd2\x12\x1a\x8d\x06\x26\x66\x26\x31\xd5\x98\
\xb5\x6c\xc3\xba\xcd\x10\xe1\xfb\x48\x50\x93\x3e\x79\x3a\x3a\x13\
\xb5\x88\x85\x51\x80\xa8\x9f\x9f\x19\x14\x0e\xf8\x98\x6d\xcc\x83\
\x6b\xc1\xb9\x41\x46\x3a\x00\x12\xa6\x69\xf2\xbb\xdf\xf3\xae\xcf\
\x5f\xba\x7e\xc3\x60\xb4\xcd\x2f\x7c\xe1\x0b\x57\x10\xd1\x1f\x38\
\x8e\x43\xea\x48\x4e\xd7\x75\x61\x98\x06\x04\x11\x3c\xe9\xc3\xe0\
\x28\xe4\x2e\xc3\x30\x6f\xba\x02\x9d\x24\x32\x29\x95\x50\x15\x2e\
\xeb\x48\xa7\x44\x4e\xc2\x10\xb1\xb2\x78\xa4\x94\x2e\x3a\x23\x23\
\xe4\xde\x1c\x5e\x57\x74\x67\x59\x4d\x49\xf1\xab\xfc\xfc\xa9\x23\
\xe5\xd4\x9e\x6e\xa6\x96\x13\x53\x9b\x56\xd8\x8a\x8e\x2d\x03\xd8\
\xff\xcd\xdd\xd8\xff\xff\x3d\x01\x6b\x51\x01\xef\xfe\xcb\x5f\xc0\
\xa2\xb5\x4b\xe1\xbb\x1e\x26\x0e\x9c\x83\x08\xdf\xb7\x35\xa7\x0e\
\x01\xc2\xcc\xcc\x0c\x00\x42\xbd\x5e\x83\x65\x59\xa8\xd5\xea\x28\
\x96\x8a\x70\xa5\x8f\x7c\x2e\x68\x11\x9f\x78\xe1\x1c\xbc\x86\x0b\
\xab\x60\x63\x66\x68\x12\xdb\x7f\xef\x6b\x98\x3f\x39\x8d\x15\x3f\
\x7d\x19\xde\xfa\x5f\x6f\x87\x99\x33\x15\x9d\x77\xa4\xba\x42\x48\
\x99\x0c\x17\x5d\x67\x61\x1a\xb1\xe6\x41\x56\x80\x86\x04\x21\xdf\
\x5e\xc2\xc8\xf4\xcc\xd6\x87\x47\x9f\x79\x62\xa0\x36\x78\xf3\xfa\
\xc2\x2a\x6d\xd4\x35\x3f\xb9\x06\xdd\x34\x0c\x5e\xc8\x76\xbf\x76\
\x0e\x7b\xeb\xf8\x63\x4a\x63\x9b\x28\x76\x2a\x68\x01\x81\x8b\x8b\
\xf1\xfe\x5b\x19\x7b\x52\x75\xa2\x79\x81\x1b\xa0\xda\xf3\xaa\x0c\
\xcd\x88\x17\x08\x94\xf1\xf0\x91\x7e\x5c\xb6\x88\x2e\x75\x53\x6a\
\xd1\x7d\xd4\x32\xfa\xc0\x80\x2f\x25\xa6\xa7\xa6\xe1\xb9\x41\x0d\
\xdc\xcc\xcc\x0c\x2a\x95\x0a\x35\x3f\x47\x91\x06\x8d\xeb\x04\x92\
\x02\xa7\x42\xa1\xd0\xbc\x0f\xe2\x38\xac\xa9\x5e\x53\xca\xd8\x16\
\xc9\xb2\xe5\xa0\x8e\xec\x1b\x23\x55\x17\x11\x6d\xe8\x02\x1e\x25\
\xa5\x07\x7f\x26\x22\x22\x4d\xaf\x05\x52\xc3\x4f\xa2\xa8\x07\x00\
\xf8\xbe\x9f\x7a\xcf\xdb\xb6\x25\x3d\xcf\x43\xbd\x5e\x8f\x17\x34\
\x00\xe0\xb8\x2e\x24\x33\x5c\xd3\x45\x83\x7c\x14\x3d\xa5\x6d\x8d\
\x94\x00\x7a\x64\xf0\x44\x8b\xd8\x55\x46\xe0\x27\xae\x80\x8f\x22\
\x2f\x19\x99\x75\x46\x66\x6a\x5a\x8b\x17\x9e\x5b\x9d\x2f\x9a\xeb\
\x4b\x5a\xac\x1e\x94\x8b\xd6\xc2\x83\x6f\xf5\xbe\x5e\xa8\x08\xaf\
\x55\x60\x81\x95\xc8\x56\x68\x38\xbd\xba\x8b\x53\xdf\xd9\x87\xbc\
\x9d\x83\x9c\x76\x31\xf4\xc2\x49\x74\xaf\x5e\x12\x4c\x54\x9b\xae\
\x25\x8b\x27\xcf\x85\x53\x6b\xc0\x73\xbd\x50\xf0\xa7\x00\x29\x83\
\xae\x98\x46\xbd\x01\xb2\x92\x8b\xcb\xae\x84\xf4\x82\xd5\xd3\xf8\
\xd1\xf3\x70\xce\xcd\x23\x97\xcb\x61\x78\xfb\x71\x34\x3e\x56\x85\
\x69\xb7\x25\x73\xd1\x23\x6f\x9d\xd3\x53\xe0\x22\x09\x58\x12\x04\
\x12\x22\x48\x19\x85\x8b\x3e\x30\x40\x06\xc5\xcf\x25\x41\x28\x2e\
\x6a\xc3\xf8\xf4\xdc\xd6\x9d\xf5\xfd\x4f\x1c\xf1\x07\x6f\xde\x60\
\x68\xa3\xae\x79\x63\xf2\x43\x0b\xcb\x18\x86\x91\xc9\x2c\xbe\x7c\
\x88\x8f\xf1\x4a\x2d\x3d\x5f\x84\x31\xe6\x16\xcf\xe0\xd4\x3e\x93\
\x09\x54\x0b\x1b\xf7\x6c\xde\x5b\xf5\xaa\x9b\xe4\x55\xa3\x89\x5b\
\x4d\xaa\x59\x88\xb5\xb6\x5b\x1d\x7e\x3a\x97\x4a\x71\x3e\xbe\x75\
\xde\x9f\x16\x0c\xc5\xa6\xd5\xd8\x12\x35\x2c\xc7\x71\x52\xd3\xb3\
\x52\x2d\x7f\xa9\x2b\x81\x38\xf7\x98\x6c\x8b\x52\x9e\xb4\x2a\x33\
\xbb\x90\x51\x49\xb6\x0d\x65\x1b\x94\x5a\x9c\x44\xf5\xe0\x4d\xc5\
\x89\xad\xe6\x7c\x73\x2b\xc3\x92\x7d\x38\x29\x1e\x7d\x76\x50\x08\
\xa5\x66\x7b\x47\x5e\xbd\x20\x42\xad\x56\xb3\xd2\xd7\x50\x48\xcf\
\xf3\x50\xab\xd5\x50\xab\xd7\x51\x0f\xbf\x5c\x37\x28\xea\x9c\xaf\
\xce\xa3\x5e\xaf\x05\x47\x1f\xea\x0c\xa4\x35\x08\x62\x47\x3b\xbd\
\x80\x8d\xd4\xdd\x92\x95\x47\xac\xb0\xa6\x5e\xaf\x58\x37\x27\x2b\
\xe1\x9b\x5d\x2c\x36\x29\xb7\xb5\xb0\xbe\x2d\x8b\x44\x5a\x7d\xcf\
\xca\x22\x92\x33\x0a\x74\xe9\x9a\x12\xf0\x42\x1f\xbf\xe4\xfd\xa6\
\x2a\x02\x92\xb2\x42\x31\x73\x26\x56\xbe\x7d\x23\x60\x08\x18\xe5\
\x5c\x30\x68\x25\x7c\x3b\x9b\xa5\x5c\xea\xb3\xe6\x7a\x2e\xe6\xe7\
\xe7\x51\x2a\x95\xd0\xd5\xd5\x85\x42\xa1\x80\x5c\x2e\x07\x61\x1a\
\x10\x46\x52\xf7\x20\x2c\x03\x86\x69\x00\x60\x2c\x5a\xd3\x8b\xd2\
\x25\x9d\x20\x53\x60\xc5\x7b\x37\xa2\xd0\x59\x42\x2c\x19\x47\x99\
\xe8\x97\xaa\xdc\x18\xbd\x3e\x92\x81\xb0\x8d\x36\xa8\x76\xe7\x58\
\xef\x21\x16\xc7\x09\x0b\x4d\x0b\x9d\x25\x8c\xd2\xcc\xd6\x07\x0f\
\x3d\xf1\xc4\x33\x47\x5f\xd0\xe2\x33\x9a\x9f\x4c\x0f\x1d\x08\xda\
\xa1\x68\x01\x91\x8a\xd6\xb7\x9f\x57\x16\x0e\x4c\x15\x18\x65\x8a\
\xc0\xb2\xa3\x2b\xd3\xf7\x42\x6a\x0a\xb9\x73\x76\x39\xa1\xe4\xd4\
\x23\xc3\xaa\xe6\xba\x39\x73\xbc\x2d\xdb\xd1\x16\xee\xbf\x83\xaa\
\x49\xb9\x60\x2b\x9d\x72\x43\x8f\x23\x9c\x4d\x91\x82\xe6\x6b\x28\
\x59\x66\xd7\x11\x71\x91\x17\x29\xdb\x53\xcf\x95\x16\x88\x30\x50\
\xca\x79\xa3\xa6\xa2\x40\x35\xdc\x4f\x19\x41\x11\x6a\x51\x97\xa0\
\x8a\xe7\xa4\x5e\xf7\x8c\x01\x67\x19\x2d\x2b\x09\x4a\x87\x57\x93\
\x11\x4a\xbf\x26\x89\x34\x6a\xd4\x62\x48\xac\x7a\x5f\x89\x44\xab\
\x92\xb8\x00\x03\xe4\x79\x7e\x6a\x85\x62\x9a\x41\x45\x75\xd4\xc6\
\x16\xed\xd2\x73\x03\x0d\x7c\xe9\x0b\xf8\x36\xc5\x72\xbd\x10\x61\
\x78\x5d\x20\x96\xb8\x4b\x8d\x02\xe7\xcc\xec\x70\x8e\xd2\x31\xc9\
\x5b\x8d\x16\x10\x71\xa3\x94\x72\x1f\x67\xfb\xd5\xd2\x4f\x6a\x15\
\xc9\x60\x35\x4f\xd1\x22\x87\xde\xfc\xe0\xcc\xd6\xb9\xc9\xf0\x37\
\xa9\x08\xc6\xd5\xf8\xd9\x3e\xf4\xe6\xf7\x16\x09\x81\xab\xfe\xd3\
\x4d\x58\x75\xcb\x46\xd8\xa5\x1c\xca\xcb\xbb\x42\x65\x36\x03\x3d\
\x57\xf6\x63\x6e\xdf\x58\xd0\xd2\x9a\x2f\xa2\xe1\x3b\xb0\x9c\x40\
\xf6\x78\x76\x76\x16\x95\x4a\x05\xf9\x7c\x1e\x6d\xdd\xed\xb0\x0d\
\x3b\x7c\x39\x25\x7a\xae\xea\x87\x59\x08\xd6\x64\x1d\xfd\xdd\x78\
\xd7\x5f\xfe\x02\xaa\x93\x73\xe8\xe8\xef\x0e\x34\x04\x7c\x19\x1c\
\x8b\x08\xde\x5b\x24\x02\x5d\x77\xf5\xf3\x25\x94\x14\x99\xf4\xd5\
\x45\x66\xf8\x58\x23\xa9\xce\x27\x83\xe2\x08\x8f\x95\xb7\x70\xb2\
\x72\x62\xeb\xd8\xa9\xf3\x4f\xec\x3f\x7b\xe4\xe6\x2b\xfa\x37\x68\
\x4f\x5d\xf3\x93\x65\xd0\x0d\x43\xc8\x85\x5d\xf2\x8b\x29\xd5\x7d\
\x65\x86\xbd\x69\x61\xc0\xdc\xa4\x72\x49\xca\x22\xa0\x75\x68\x3a\
\xd1\x24\x6f\x1a\x8b\x79\xa1\xbc\x81\x1a\x26\xe5\x0b\xa4\x15\x32\
\xa1\x7f\xa2\x8c\x34\x68\x8b\x4b\x43\x99\xd0\x6b\xb3\x27\x9e\xee\
\x95\x47\xc6\xf3\x16\x91\xd1\x67\x20\x9f\xcf\x07\xa1\xca\xf0\x1a\
\xf4\xf4\xf4\xa0\xaf\xaf\x8f\x0d\x23\xa8\x2d\x23\x41\x30\x4d\x8b\
\xa5\x0c\xaa\xcf\xa5\x94\x1c\xb5\x12\x4a\xc9\x30\x0c\xc1\x67\xce\
\x9c\x35\x47\x46\x82\x11\xe5\x9e\xe7\xc1\xf2\xfd\xd4\x35\x95\x91\
\xb6\x39\xa5\x25\x60\xe3\x34\x08\xa5\x17\x31\x86\x21\x60\x1a\x16\
\x84\x21\x82\x16\x25\xc7\x85\xcf\x3e\x72\x86\x89\xdb\xdf\xf5\xbe\
\x21\xcb\xb6\x66\x99\xe1\x02\xf0\x89\x88\x89\x88\xa5\x94\xbe\xe7\
\x7b\x1e\x18\xbe\x30\x84\x4f\x44\xdc\x68\x38\xbe\x61\x08\xcf\x34\
\x4c\x5f\x18\x82\x73\xb6\xed\xe5\x73\x85\xc2\x7d\xdf\xb8\xef\xdd\
\x63\x93\xe3\x00\x03\xa5\x42\x11\xf9\x62\x1e\x96\x65\xc2\x32\x2d\
\x98\xe1\x40\x1d\xcb\xb4\xf0\xa5\xbb\xbe\xf4\xc4\x6f\xfc\xc6\x6f\
\x30\x33\x0b\x66\xc6\xf6\xed\xdb\x8d\xf1\xf1\x71\x52\x17\x30\x44\
\x41\x8b\x5b\xf4\x62\x4a\x29\xe2\x4a\x7e\x04\x9a\x43\xb1\xf7\x06\
\x41\x89\xf1\x65\x75\x38\x2a\xb5\x8c\x17\x51\xa6\x10\x32\x15\x80\
\xc8\x28\x0a\x26\x79\xf4\xf4\xc2\x50\x6d\x11\x4b\x87\xf4\x33\x9f\
\xbd\xa6\x43\x48\xfa\xe1\x53\x0b\xac\x26\x09\xd7\xf4\x62\xb7\xa5\
\x48\x8d\x1a\x95\x41\xf6\x78\x93\x68\x8d\x30\x0d\x74\x6f\x58\x0a\
\xf6\x39\xee\xbc\x60\xc9\xe8\xbb\x6e\x0d\x4e\x7e\xed\x79\x80\x03\
\x5d\xfd\xb2\x57\x02\x75\x13\xbc\x86\x0f\xe9\xfa\x28\xb7\x97\x61\
\x16\x03\x15\xb9\x62\xa9\x10\x7f\x2e\xfa\x6f\x5d\x1f\xf4\x9b\x87\
\x87\x90\x6b\x2f\x20\xd7\x59\x8c\xc7\xf2\xc6\x75\x10\x51\x71\xa9\
\x4c\x17\xad\x22\xae\xb1\x09\xfe\xf5\x1c\x37\x69\xd7\xe3\x16\x7a\
\x17\x61\x51\x27\x85\x91\xa0\x95\x57\xaf\xc1\xa0\x3c\xb1\xf5\x6b\
\x8f\x7d\x6b\xe7\xfe\xd3\x87\x6f\xba\x42\x2b\xca\x69\x7e\x92\x0c\
\x7a\x7b\x7b\xfb\xec\xe2\x9e\x1e\x4c\xcf\xcc\xa0\x56\xab\xa1\x5a\
\xad\x06\x85\x56\xbe\x07\xcb\xb2\xd2\xa1\x61\x6a\x11\x8a\xfd\x21\
\x8a\xe7\x56\xac\xe8\x97\xcb\x96\x2d\xaf\x71\x22\xc7\x29\x99\x99\
\xfd\xb0\xe2\x2b\x97\xcb\xb1\xef\xfb\xec\xb9\xae\x8c\xfe\x26\x84\
\x80\x10\x42\x1a\x86\xe1\x59\x96\x29\x99\xe1\x0b\x21\x58\x4a\x29\
\x85\x21\x7c\x02\xb1\x10\x42\x5a\x96\x25\xeb\xf5\x7a\xff\x63\x3b\
\x1e\xeb\x76\x3d\x0f\xcc\x51\x1b\x58\xa0\x0a\xc7\x82\xe3\xfe\x7a\
\xc7\x75\xe0\x38\x0e\x2c\x33\xfc\x5b\x0b\x4b\xaf\x86\xc0\xa3\x3b\
\xad\x94\x32\xbe\xcd\x08\x22\x78\xbe\xa7\x18\x68\x01\xc9\x12\x85\
\x7c\x01\x96\x65\x42\x08\xc2\xb5\xdb\xb6\x62\xd5\xca\x15\xb0\x6d\
\x1b\x8d\x7a\x1d\xa7\x06\x4f\xe3\x91\x27\x1f\x07\x5b\x04\xf6\x00\
\x6e\x48\x74\x15\xda\xe1\x18\x0e\x6a\xd5\x1a\x3c\xf8\x70\xea\x0d\
\xbc\x73\xf3\x3b\xa7\xee\xb8\xe3\x8e\x6b\x7c\xdf\xf3\x2c\xcb\x92\
\xa6\x65\xa1\x54\x2c\x46\xdd\x09\x12\x04\xbf\x90\x2f\x48\xd3\x0c\
\x44\x5e\x4a\xc5\x22\xfe\xf8\x8f\xff\x64\x60\x7c\x7c\xbc\x3b\xca\
\x2f\xe7\x72\xb9\x78\xca\xdc\x7c\x75\x1e\x13\xe3\x13\x98\x9e\x9e\
\xc2\x96\xcd\x9b\x31\x33\x33\x03\x22\xc2\x1d\x3f\xfb\x33\x38\x73\
\xe6\x0c\xbe\xff\xc8\xc3\xe8\xdb\x74\x09\x8e\x3d\x7b\x08\x9e\xe3\
\xa1\xad\xad\x0d\xdd\xdd\xdd\x28\x97\xad\x78\x51\xe0\xb8\x0e\x3c\
\x92\xb0\xc9\xc4\xb5\xd7\x5c\xfb\x5b\x1f\xfb\xd8\xc7\xfe\xed\xd5\
\xbe\x0f\x8e\x1c\x39\xba\xf1\xfe\x6f\x7f\xe7\xa0\x3b\xdf\x20\xd3\
\x34\x50\xe8\xc8\xa3\xab\xb3\x0b\xb6\x6d\xa7\x52\x06\xcc\xc0\xde\
\x7d\x7b\xbb\xa3\xf7\x5d\xb4\x10\xa9\xd5\x82\x22\x2c\x75\x91\xc5\
\x52\x26\x45\x78\x12\xb1\xc2\x21\x09\x4e\x57\xad\x47\xed\x52\x99\
\x59\xe1\xad\xda\xd8\x12\x81\x99\x64\x42\x1b\x2b\x51\x0e\xb5\xa6\
\x22\x5d\xe8\xb6\x40\xc4\x9b\x12\x73\x4e\x17\x0a\x8f\xa5\x6a\x34\
\x39\x13\x8d\x69\xf6\xfc\x5b\xa5\x83\xd2\xb5\x22\x49\xd5\x38\x29\
\xfb\x4a\x15\xa2\x41\x29\x3e\x93\xc1\xcf\x89\x73\x4f\x58\x7c\x79\
\x1f\x96\xbe\x6b\x3d\x46\xb6\x1f\x83\x00\xa1\xbd\xd4\x06\xb3\x66\
\xa2\x6a\xd4\x20\x0b\x12\x82\x04\xf2\x86\x8d\x62\xd8\x1e\xc9\xcc\
\x68\xbb\xac\x07\x2b\x6e\x58\x1f\xbe\x0e\x02\x52\xfa\x20\x43\xa4\
\x22\x37\xa9\x7a\x54\x52\xeb\x18\x44\xf2\xda\x08\x84\x13\xd9\x00\
\xa7\xda\x80\xda\x33\x9f\xa4\x1b\xb8\x69\x21\x14\x1d\xfb\xaa\x6d\
\x6b\x70\x9a\x8f\x5f\x7d\xcf\x13\xdf\xda\xf9\xdc\xd1\x17\x6f\xda\
\x76\xe9\x16\x6d\xd4\x35\x3f\x19\x06\xfd\xfa\xeb\xaf\xff\x3d\xd3\
\x34\xbf\x3b\x35\x35\xd5\x51\xaf\xd5\xe0\xb8\x2e\x4b\x29\x39\x28\
\x30\x62\x26\x12\x1c\xe6\x62\x39\xfc\x60\x4a\x00\x32\xbc\xa9\x72\
\x78\xc3\x65\x29\xa5\x4f\x44\x32\x34\xf0\xcc\xcc\x52\xfa\xbe\x64\
\x80\x85\x10\x52\x08\x21\xa5\xf4\xa5\xf4\x25\x4b\x66\x69\x18\x86\
\x5c\xbb\x76\xed\xfd\x1f\xf8\xc0\x07\x7e\x9f\x88\x60\x08\x01\xd3\
\xb2\x60\xdb\x16\x4c\xd3\x94\x44\x14\xf4\x3a\x0b\x01\xd3\x32\x61\
\x9a\x89\x84\x6b\x7b\x7b\xbb\xbc\x98\x73\xfb\x8b\xbf\xf8\x8b\xbf\
\xdf\xbe\x7d\xfb\xaf\xd7\xeb\x75\x10\x11\x8a\xc5\x22\x0a\x85\x02\
\x0c\x23\xe8\xf3\x6e\x34\xc2\x9c\x6b\xa3\x8e\xea\x7c\x15\x85\x7c\
\x01\xb6\x6d\xa7\x65\x33\x19\x2d\xc3\xf5\x41\x5f\x3b\x2b\x33\xc9\
\x23\xcf\x37\x90\xb5\x8d\x6e\xa0\xdd\x5d\x5d\xc8\xe5\x72\xf8\xd9\
\x0f\xfe\x34\x7e\xf1\x23\x1f\x8e\x6f\x2a\xcc\x81\x7c\xee\xc8\xec\
\x04\x8e\x9e\x3e\x01\x61\x0a\xf8\xb3\x4e\xac\x71\x1d\x84\x1a\xc3\
\xa9\x65\x2c\xe5\xfb\x3f\xf0\xfe\xc1\xce\x8e\xce\x8b\x3a\xef\xc9\
\xa9\x29\x41\x44\x7e\xca\x6b\x03\x02\xef\x5a\xca\xd4\x10\x8f\x53\
\x83\x83\x60\xc9\x98\xaf\x56\xf1\xcd\x7f\xfd\x37\xcc\x56\x66\x51\
\x9b\xaf\xe1\xcc\x4b\x27\xe2\xb6\xa1\x44\x48\x48\xa4\xc7\xbd\x46\
\x83\xe2\x03\xa9\xdd\x57\x8d\x10\xc1\xfb\x26\xb8\xa6\xc1\x6b\x6d\
\x59\x56\x68\xcc\x19\x49\x8d\x00\x83\x39\x31\xe4\x41\x58\x36\xd3\
\x49\x80\x64\x4c\x6b\x92\x9a\x4e\x8c\x1a\xcb\xc8\x63\x0e\x9c\xf5\
\xd8\xb9\xcd\xa4\x67\x54\x5f\x38\xee\x43\x57\x24\x7e\x63\xdb\x2d\
\x39\x3d\xd6\x96\xd1\xe4\x11\x47\x05\x8b\xaa\x79\x4a\x2d\x3e\x16\
\x1a\xad\x9e\x09\xcb\x13\x67\x2d\xbd\x52\xc1\x9e\xf2\xb7\x5b\x4f\
\x5f\x4b\xb5\x64\xa6\xa2\xfb\x19\x4d\x7a\xa5\x83\x23\x5e\x10\x48\
\x82\xef\xfa\xc0\xa8\x03\x8b\x0d\x34\x0a\x1e\xae\xfe\xd8\xad\x78\
\xfc\xf4\x24\xaa\x47\x26\x41\x04\x14\x0b\x05\x14\x38\x1f\x0a\xbf\
\x88\xb8\xa0\x4d\x32\xc3\xee\x29\xe0\xba\xdf\x7d\x2f\xb8\x21\x61\
\x4e\xb9\xa0\x9c\x81\x6a\xbb\x0f\xab\x60\x85\xbd\xf1\xc1\x35\x93\
\x7e\xd0\x85\x90\xf2\x13\x52\xfd\xf1\x61\x87\x46\xd4\xe1\xd1\x70\
\x61\xe5\xed\xf8\x9a\x34\xa9\x2f\xa6\x52\x7e\x91\x23\x22\xb0\xea\
\xba\x75\x38\xc5\xc7\xae\xfe\xf6\x8b\x0f\x3f\xb1\xe7\xfc\x81\x9b\
\xaf\x59\xb6\x49\x1b\x75\xcd\x8f\xbf\x41\xbf\xfd\xf6\xdb\x77\x33\
\xf3\x12\x65\x5b\x32\xf3\x6f\xf6\xc3\x21\x5f\xcb\x13\xf8\xd4\xa7\
\x3e\xf5\xba\x5d\x9c\x5c\x2e\xe7\x5a\x96\x05\xc7\x75\x41\x00\x0c\
\xc3\x08\xa4\x5e\x43\x65\x2b\x5f\xfa\x41\xa5\x6c\x53\x95\x36\x65\
\xc2\xf2\x9c\xdc\xd8\x9a\xee\x93\xdc\x24\x4e\x93\x18\x78\x20\x9f\
\x2f\xa0\x5c\x2a\xe2\xa5\xbd\x7b\x51\xfe\xb7\x12\xfa\x96\x2f\x47\
\xa1\x50\xc0\xfc\xfc\x3c\x8e\x9f\x3c\x11\xc8\x93\x3a\x80\x5b\x97\
\x30\x8c\x20\xb4\x6c\x18\x26\x84\x30\xc0\x6e\xa0\x57\xee\x3a\x2e\
\xb9\x8e\x7b\xd1\xe7\xdd\xdd\xd5\x25\x3f\xfc\xe1\x0f\xfb\x14\x46\
\x0e\xd2\x21\xe0\xe4\x5c\x0d\xc3\x40\xb1\x58\xc2\xf8\xf8\x38\x2c\
\xcb\xc4\xc4\xc4\x24\xaa\xd5\x6a\xe0\xcd\x0b\x03\x96\x65\x05\x3d\
\xbe\x68\x1e\xf7\x1a\x39\x3e\xbe\xf4\x51\xaf\xd7\xd7\x7d\xe5\x2b\
\x5f\x59\xf5\x91\x8f\x7c\x64\xf0\xd5\xbc\x4e\xe5\x72\x79\x76\xeb\
\xd6\xad\x93\xeb\xd6\xae\x6b\x7f\x68\xfb\x43\x96\xeb\x06\x51\x85\
\xb4\x77\x1c\x0c\xa4\xb9\xfe\x86\x1b\x2a\xd5\x6a\xd5\xdb\xb7\x6f\
\x5f\x37\x10\x48\xbf\xaa\xdd\x12\x49\xd5\x3f\x07\xaf\xb5\x61\xc2\
\xcf\x5a\x4b\xe6\xd0\x06\x52\x5c\xb4\x9e\x2a\x38\x0b\xcf\x95\x99\
\x9a\x8d\xfa\x42\xbd\xe1\x19\x91\x18\xa6\xd6\xb5\x09\x0b\xd5\x0e\
\xb6\xfa\xb9\x39\xe3\x45\x29\x1b\x97\x4c\xdb\x53\x42\xf8\x4d\x49\
\x7e\x6e\x2e\x8c\xa7\xd6\xf3\xdf\xe3\x50\x77\xb4\x99\x30\x25\x21\
\x3d\x1f\x8d\xe9\x1a\x6e\x9c\x5e\x8b\xeb\x57\x6f\x85\x6d\xe7\x30\
\x32\x36\x8c\x7b\x8f\x3e\x80\x9b\xfe\xf0\xa7\xf1\xc2\xe7\x1f\xc5\
\xe8\xce\x41\x20\x14\x51\x8a\x5b\x31\xc3\xc5\x41\xe7\x55\xbd\xd8\
\xf2\x9b\x6f\x47\xa9\x62\xe0\x3f\x94\x6f\xc5\xca\xb5\x2b\x21\x59\
\xe2\xe0\xe9\x23\xf8\xce\xe4\x6e\x14\xfb\xda\xe3\x63\x14\x86\x91\
\xbc\x46\xd1\x7c\x74\xb5\x8b\x43\x59\x24\x79\x8d\x40\x30\x28\x99\
\x99\x4e\x4d\xdd\x2a\x4d\xe9\x0f\x4a\xd2\x7c\x2b\xb7\xad\xc1\xe4\
\x99\x89\xad\x87\x17\x8f\xed\x3c\xc6\x67\x6f\x5a\x47\xfd\xda\xa8\
\x6b\x7e\xa4\xbc\x26\xe3\x53\x43\xcf\xda\x09\xbf\xbc\xf0\x4b\xb6\
\xfa\xfa\xb1\x5a\xed\x98\xa6\x17\x8c\xd9\xa4\x94\x64\x6d\xe4\x75\
\x1a\x22\x30\x9c\x10\x99\x22\xb1\x16\x2b\xfc\x94\xa7\xce\x49\xc1\
\x52\x34\x36\x52\xfd\x9d\x7a\xf3\x3d\x75\x7a\x10\x85\x42\x01\x9b\
\x2e\xbf\x1c\x8e\xe3\x62\xc5\x8a\x7e\x5c\x7e\xd9\x46\x6c\xdd\x7a\
\x35\x56\xf6\xaf\xc0\xb6\x9b\xae\x43\xae\xbd\x08\xbf\xe1\xc6\xfb\
\x32\xc3\x2a\xe0\xa0\x12\x3b\xf8\xb5\xeb\x5e\x9c\x41\x7f\xf0\xc1\
\x07\xaf\xf9\xb9\x3b\x7f\x6e\x72\x70\xf0\x54\x6f\xac\x45\xde\xea\
\x7c\x42\x89\xd4\x4a\xa5\x82\x4a\x65\x16\x13\x13\x93\x18\x1e\x1e\
\xc6\xec\xec\x2c\x26\x27\x27\x31\x36\x36\x06\xc7\x69\x28\x92\x9c\
\xd9\xe7\x07\x66\xc4\xf3\x3c\x7c\xf5\xab\xff\xfb\x4f\x1f\x7c\xf0\
\xc1\x27\xfe\xe4\x4f\xff\xe4\xb6\x57\xf3\x3a\x2d\x5b\xb6\xec\xfc\
\x9a\xb5\x6b\xfe\xc7\xb9\xa1\x73\x06\x00\x9c\x3b\x77\x16\x87\x0f\
\x1f\xc6\x91\x23\x47\x70\xe4\xc8\x11\x1c\x3a\x74\x08\x7b\xf7\xed\
\xc5\xee\x67\x9f\xc5\x33\xcf\x3c\x53\xda\xb0\x61\xc3\xb7\xea\xf5\
\x3a\x2a\x33\x15\xcc\xcd\xcd\x05\x3d\xf8\x2c\xe3\xea\x75\xc9\x12\
\xa6\x69\x62\xf9\xb2\x65\x58\xba\x6c\x19\xda\x4b\x65\x48\x4f\x19\
\x9d\xaa\x5a\x85\x54\xe5\x3a\xa7\x22\x31\xcd\xa6\x56\x29\x54\x4c\
\xd5\x77\x70\x2a\x42\x90\xae\x1d\x4c\x0f\x48\x89\x4d\x2f\x5d\xa8\
\x29\x9c\x5b\x2f\xa9\xe3\xa4\xbd\xf2\x7c\x4e\xbf\x67\x9b\x46\xf2\
\x46\xda\x03\x91\x66\x82\x9a\x59\x68\x7d\x37\x48\xc6\xee\x86\xaf\
\xb3\xef\xf9\xe8\x3d\x2a\x70\xc3\xea\xad\x98\x9f\x9b\xc3\xee\xa7\
\x77\x41\x30\xe1\xf6\xe5\xb7\xa2\x3e\x5d\xc5\x5b\x3e\x75\x3b\x6e\
\xf8\xe3\x9f\xc2\xba\x5f\xde\x86\xee\x1b\xfa\x61\x2f\x2e\x22\xdf\
\x5f\xc6\xa2\x5b\x56\x61\xeb\x7f\x7b\x2f\xde\xf6\xd9\x3b\x91\x2b\
\xe7\xf1\x2e\xfb\x6a\x74\x96\x3b\x30\x35\x39\x81\xef\x7f\xef\xbb\
\xd8\xd8\xb7\x0e\x97\x0f\xf6\xc0\xad\x39\xa9\xb9\xed\x2d\xde\xb0\
\xca\xb9\x50\xbc\x70\xa9\xce\xcc\xa7\x7a\xd3\xb3\x33\xdd\x53\x0b\
\xf5\xf0\x7c\xa2\x75\x10\x09\x01\xc3\x32\xd1\xb3\x6a\x31\x86\x31\
\x7e\xf5\xd3\x7c\x78\xe7\x49\x3e\xaf\xab\xdf\x35\x3f\xde\x1e\xfa\
\x4f\x32\x96\x65\xc5\xc5\x62\xdc\xc2\x53\x12\x82\x9a\x8d\x7d\xa6\
\x88\x38\x56\x06\xcb\x4c\x57\x0b\x7e\x2d\xc2\x6a\xf5\xd0\x9b\xa3\
\xc4\x43\x8c\x0a\xcc\x0a\xc5\x22\xca\xe5\x72\x98\xbb\x17\xc8\xe5\
\x72\xb0\x73\x39\xf8\x9e\x07\x61\x18\x20\x43\x84\x7a\x69\x49\x8b\
\x59\xbc\xe8\x20\x81\xa5\xbd\x3d\xc8\xe7\xf3\xf2\x62\x86\x7a\x7c\
\xf2\x93\x9f\xfc\xbb\x3f\xfc\xc3\xff\xf6\x1b\x7b\xf7\xed\x13\x4b\
\x7b\x97\xc6\xb2\x98\xcd\x12\xb3\x14\x4b\xa9\xce\xcd\xcd\xc1\xf7\
\x13\x2f\x3c\xf2\x76\x03\xcf\x9c\x51\x08\x65\x3b\x53\xa6\x46\xb9\
\x4f\x1a\x86\x81\xa9\xa9\x49\xfc\xcb\xbf\xbc\xb0\xe2\xd8\xf1\x63\
\xdf\x79\xec\xb1\x1d\x57\xdd\x7a\xeb\xdb\xf6\xbf\xd2\xd7\x6a\x62\
\x7c\xe2\x2d\x47\x8e\x1c\x11\x42\x88\x78\x9e\x00\x67\x5a\xaa\x3c\
\xdf\xc3\x33\xcf\x3c\x63\xac\x5b\xbf\xee\x8e\x48\xbb\x5d\x9d\x63\
\x9f\x84\x96\x19\x57\x6f\xd9\xe2\x7d\xe4\x23\x1f\xf9\x7f\x01\x78\
\x4f\x3c\xb9\xf3\x57\x76\x0e\xbf\xb8\x31\x95\x1f\x0e\xc3\xd4\x1c\
\xe6\xd3\x53\xe2\x30\x32\x8c\x6f\x13\x42\x2f\x3d\x0c\x09\xa7\x44\
\x08\xa9\xc9\x68\x5e\x70\xd1\xac\x0c\x82\x89\x73\xf7\xa9\x42\x37\
\xb4\x68\x7d\x6c\x1e\xb7\x9b\x16\xac\x49\xd2\x11\xe9\x6e\xb9\x05\
\x94\xe7\x58\xb1\xfa\x84\xd4\x7e\xd3\x21\x29\x24\x6d\x63\x92\xd1\
\x98\xad\x23\x37\x26\x70\x70\xff\x4b\x38\x75\xf2\x14\x18\x40\x4f\
\x77\x17\xda\xda\xda\xe0\xed\xaf\xc0\xba\x6c\x39\xfa\xaf\x5d\x87\
\xe5\xdb\xd6\x80\xbd\x20\x0c\x6e\x98\xc1\x42\xd9\xb0\x83\x59\xf4\
\xd5\x73\x33\x70\xa9\x8e\x47\x1f\xfe\x01\x3a\x3a\xda\x01\xe9\x63\
\x6a\x7c\x0c\x8b\xcd\x36\xbc\x38\x3c\x84\x8e\x4b\x7a\xd2\x5e\x78\
\x24\xe4\x14\x65\x4e\x42\x2f\x3c\x6a\x47\x23\x41\xa8\x4e\xcd\x86\
\x61\x76\x11\xb4\xc6\x89\x24\x4f\xae\xce\x49\x88\x16\xb0\x64\x20\
\x1e\x95\xac\xea\xf7\x0b\x26\x8c\xca\xe9\xab\x77\x19\x87\x76\x1e\
\xf2\x4f\xdd\x74\x99\x71\x89\xf6\xd4\x35\xda\xa0\xbf\xd1\x68\x6b\
\x6b\xdf\x73\xed\xb5\xd7\x1e\x1e\x1d\x1d\x5b\x7f\xf8\xd0\x41\xc3\
\xf7\x7d\xcc\xcc\x4c\x83\x48\xa0\xa3\xbd\x1d\xc5\x62\x01\x52\x7a\
\xd8\xb0\x71\x83\xbc\xea\xca\xab\x9e\x9e\x9f\x9f\x9f\x95\xcc\xbe\
\x21\x08\x44\xc2\x17\x42\xd4\x29\xb0\xd7\x60\x66\xd7\x97\xbe\x2f\
\x7d\xe9\x85\x9e\xbf\x74\x3d\xd7\x33\x0d\xd3\x73\x83\x1e\x29\x69\
\xdb\x16\x1b\x86\x51\x2f\x14\x8b\x6e\x3e\x97\x77\x7c\xdf\xf3\x96\
\x2c\xee\xed\xd9\xf3\xdc\xb3\x9f\x8e\x6e\x2e\x2c\x19\x82\x08\x32\
\x28\xee\x83\x10\x41\xfd\xc0\xdb\x6f\xbd\x05\x1b\x36\xac\x47\x77\
\x77\x37\xea\xb5\x1a\x4e\x9c\x3c\x85\x9d\x4f\xee\xc2\x3b\xde\xf9\
\xae\x83\xb7\xdf\x76\xdb\x2f\x2c\x5f\xbe\xec\x65\xa3\x23\x13\x13\
\x13\xd7\x3d\xff\xfc\x0b\x22\x1a\xdb\xaa\x2a\xa7\x65\x95\xf1\x80\
\xa0\x3d\xce\x73\xbd\x54\x3f\x7c\x10\x2a\x16\xe1\x58\x5c\x99\x89\
\x4a\x04\xcf\x95\x9c\x99\xd5\x4d\x40\xbd\x51\x47\xad\x5a\xa3\x99\
\x99\x99\xce\x57\xb9\xf8\x72\x45\x50\xb1\x8f\x9c\x65\xc3\x71\xbd\
\x58\xf6\xd5\x34\x4d\x14\x4b\x25\x38\xa3\x41\x0a\xe2\xbb\xf7\x7f\
\xb7\x63\xf1\xe2\xc5\x49\x61\x1c\x38\x9c\x0c\x96\xe4\xd3\x6d\xdb\
\xf2\xdb\xdb\xdb\xff\xe2\xb6\xdb\x6e\xab\xff\xf2\x47\x7f\xe5\x66\
\x96\xbc\x31\x6b\x14\x23\xb9\xd7\xac\x1a\xa0\xaa\x12\x97\x7a\x4e\
\xcb\x44\x77\x62\x23\x55\x57\x39\x16\xcd\x89\xab\xe2\x5b\xb5\x3a\
\x22\x5e\x58\x24\xdf\x72\xca\x53\x56\x53\x3b\xd4\xaa\x1a\x3e\x73\
\x4c\x94\x8a\xe9\x67\x87\x1e\x85\xd7\xa7\x45\xc4\x49\x95\x57\x05\
\x90\x2c\x38\x08\x60\xdf\xc7\xde\x83\x87\x50\x44\x0e\x7d\x2b\x56\
\x60\xdd\xba\x4b\xf1\x8d\xfb\xee\xc1\xa5\x97\x6e\x00\x99\x46\xa8\
\xab\x1e\xbe\x15\x4c\x81\x9c\x55\x08\x0a\xde\x94\x22\x85\x86\xe3\
\xe0\x99\x97\x9e\xc5\x8a\xfe\x7e\xac\x5e\xb3\x0e\x33\x33\x33\x78\
\xe4\x91\x87\x91\x2b\x17\x80\xde\x24\x1c\xae\x96\x63\x44\x51\x8f\
\x38\xa7\x8f\x44\x56\xd9\xa9\x39\xa8\x4e\xcf\x23\x57\xca\xc1\x30\
\x8d\x8c\x8a\x1c\x62\x69\xd9\x94\xd6\x44\x24\x25\x2b\x92\x6d\xc7\
\xc2\x35\x4c\x18\xa6\xc9\xab\xf7\x90\xdc\x79\x88\x4f\xdf\x74\x19\
\xad\xd4\x46\x5d\xa3\x0d\xfa\x1b\x89\x0f\x7d\xe8\xce\xaf\xdc\x77\
\xef\xd7\xf1\xe4\xce\x9d\x5f\x5e\xbb\x66\x15\x08\xc1\x14\xb9\xd5\
\x97\x5c\x82\xde\xde\x25\x71\x0f\x73\xad\xde\x10\x57\x6d\xde\xba\
\x7b\xdb\xb5\xdb\x7e\xf7\xb5\x3e\x86\x33\xa7\xcf\x5c\x7e\x6c\xe0\
\xc8\xa7\xe3\x5e\x74\xe5\x5e\x2a\xc2\x0a\xe2\x4b\x96\xaf\xc4\x27\
\x3f\xf1\x7f\x05\x69\x80\xb0\x12\x9d\x43\x3d\xf2\x2f\x7e\xf1\x8b\
\x97\x6f\xbc\x6c\xe3\x06\x00\x7b\x2f\x22\x75\xd2\x74\x93\x5e\xa8\
\x13\x21\xee\xb1\x56\x1e\x17\xa5\x0d\xa2\x88\x85\x61\x18\x4d\xbd\
\xe8\x91\xb7\x19\xfa\x3c\x90\x8c\xf8\x71\x81\x28\x8e\x6b\xbc\x9a\
\xeb\xb4\x75\xeb\xd6\x4f\x77\x74\x74\xac\x98\x9a\x9a\xda\x64\x59\
\x16\x1d\x3e\x7c\xb8\x3c\x3f\x3f\x0f\x12\x84\x25\x8b\x97\x60\xed\
\xda\xb5\xe3\x7b\xf7\xee\xed\x7c\x6a\xd7\x2e\xb3\xde\x68\x64\xc6\
\xe5\xca\x30\x4a\xc2\xb1\x1f\x3c\x3d\x3d\x63\x75\x75\x75\xf4\x02\
\x18\x8c\x22\x0f\xc8\x46\x2a\x62\x6f\x5d\x9d\x7f\x8e\xb8\x8a\x3d\
\x36\x90\xd9\x11\x7c\xe9\xf9\xaa\xe9\xde\xfc\x0b\x0e\x53\x51\x8c\
\xaa\x6a\xc4\x53\x43\x7e\x54\x2f\x3a\x9d\x23\x4f\x55\xd1\xab\x3a\
\xa7\x91\x8c\xad\xea\xcd\xab\x89\xf3\xcc\x64\xb5\xf4\xd0\x58\xf5\
\x29\xac\xd4\xf7\x27\x2e\x6c\xae\xbd\x88\x13\xdd\x75\x1c\x3b\x7e\
\x1c\xc3\xc3\xc3\x38\xb0\x7f\x3f\xca\xe5\x36\x1c\x3a\x39\x00\xe3\
\xfa\x52\xdc\xca\x28\x0c\x81\x99\x73\x93\x18\x3e\x70\x06\x5d\x97\
\x2c\x46\xcf\xda\x65\xf1\x24\xb5\xf6\x95\x8b\xb0\xff\xfb\x2f\x40\
\x90\xc0\xf0\xf0\x30\xca\x6d\x6d\x30\x0d\x03\xfb\xa6\x8e\x23\xdf\
\xd5\x97\x3e\x6e\x55\xea\x35\x4a\xf9\x70\x5a\x6a\x6a\x6e\xa2\x12\
\xd4\x81\x58\xa6\x32\xba\x37\x4c\x15\x44\xd7\x51\x50\xa6\x47\x9f\
\x16\x48\xab\x05\xaf\x8b\x21\x05\x46\x8d\x99\xab\x9f\x93\x47\x76\
\x0e\xf0\xb9\x9b\xd6\x53\x9f\x36\xea\x1a\x6d\xd0\xdf\x48\x94\x4a\
\x65\xb7\xbd\xbd\x1d\x73\xf3\xb3\xf0\x43\x89\x48\xc7\x71\x50\xad\
\xd5\x60\x99\x26\x5c\xcf\x03\x91\x40\x2e\x97\xab\xbf\x1e\xfb\xcf\
\x17\x0a\xb3\x4b\x7a\x7b\x27\x7c\xdf\xb3\x6d\xcb\xf2\x2b\x95\x39\
\x69\x9a\x16\xfb\x2c\x65\xa5\x3a\x5f\x1a\x3d\x7d\xbe\x38\x3a\x34\
\x8c\x7b\xef\xfb\x06\x56\xae\x5c\x89\x52\xa9\x88\x99\x99\x0a\x8e\
\x1c\x39\x82\xdd\xcf\x3e\x87\xff\xf4\x4b\xbf\xb4\x67\x51\x77\xcf\
\xc3\x17\xb3\x2f\xb5\xc5\x2b\x97\xb3\x51\xaf\x37\x52\x72\xa8\x0b\
\x2d\x02\x12\x6d\xf7\x24\x7c\xcc\x1c\xb5\xe5\x2d\x28\x73\x17\xef\
\xd3\xf7\x82\x82\x7a\xc9\x12\xf3\xf3\x73\xf6\xab\xb9\x4e\x3f\xff\
\xf3\x3f\x3f\x00\xe0\x2d\x00\x30\x38\x38\x78\xf9\x9d\x77\xde\xb9\
\xff\xec\xd9\x33\x24\x4c\x13\x57\x6f\xb6\x9c\x5f\xfb\xb5\x8f\xad\
\xfe\x83\x3f\xf8\xf4\x9e\x65\xcb\x97\x5d\x5a\x2e\x97\x70\x6e\x68\
\x38\xd1\x07\x68\x12\xf5\x23\x9c\x39\x7b\x46\x90\x10\xcb\x00\x0c\
\x0a\x21\x38\x0e\xd7\x0a\xb5\x30\x4d\x9d\xfd\x97\x12\xee\x4f\xf7\
\xa5\x33\x00\xa1\x14\xc9\x29\xed\x61\x84\xd6\x06\x39\xf2\xc8\x09\
\x59\x59\x59\xca\x18\x14\x56\xec\x58\x72\x0c\x71\xea\x06\xca\xdc\
\x76\x42\xa6\xdd\x0d\x71\xc1\x18\x11\x9a\x24\x14\x53\xde\x7c\xa6\
\x58\x2e\x5d\x6f\x97\x9d\x5d\x10\x45\x02\x82\x05\x90\x99\x33\xb1\
\xe2\xbd\x97\xe1\xd0\xb7\xf7\x63\xc5\x74\x17\x8a\xb9\x02\xa6\x9c\
\x59\xcc\x6f\xc9\xa3\x7f\xc5\xfa\x58\x99\xad\x3e\x57\xc7\x23\x7f\
\x70\x1f\xaa\x03\x53\x40\x41\xe0\x03\x77\xfd\x2a\x3a\xfb\x7b\x20\
\xa5\x44\x5b\x6f\x07\x2a\xb7\xad\xc4\xfe\x87\x4f\x60\x79\x6e\x11\
\x26\xe6\xa6\x31\x6c\x55\xd0\xf1\xfe\xd5\x28\x97\x0b\xa1\x78\x0c\
\x40\xe1\x82\x36\x11\x19\x82\xd2\x52\x17\xcc\x66\x97\xbe\x8f\x99\
\xf3\x13\x30\x6d\x2b\x56\xa1\x53\x23\x60\x10\x51\x41\x9d\xb2\x38\
\x88\x86\xf2\x64\x6a\x5b\x29\x52\xa2\x93\x00\x4b\x1f\x04\x81\x51\
\x4c\x5f\xbd\x9b\x0e\xef\x3a\x26\xcf\xdc\xb8\x4e\xe8\x81\x2e\x1a\
\x6d\xd0\xdf\x30\x5c\x71\xe5\x55\xdf\x3a\x76\xec\x58\x75\x7a\x7a\
\xaa\x08\x00\xd7\x6c\xbd\x1a\xcb\x97\x2f\x87\x10\x02\xc7\x8f\x9f\
\xc0\xf6\x27\x77\xa0\x68\x96\xe4\xfb\x3e\x70\xfb\x57\x5e\x8f\xfd\
\x2f\x5e\xdc\x73\x26\xec\x22\xc8\x1a\x52\xf9\x4f\x5f\xf8\xc2\x53\
\xab\x16\xf7\xdf\xd0\x61\x95\xd1\xd5\xd9\x89\x8e\xf6\x76\xac\x5e\
\x7d\x09\xbe\xf5\xed\xfb\xf1\x4f\xff\xfc\x25\x78\xbe\x8f\xf7\xbc\
\xe7\xbd\x7b\x3e\xf0\x81\xf7\x4f\x5e\xd4\xe2\x21\x9f\x87\x65\x59\
\x68\x34\x1a\xb1\x5e\xbb\xda\xc6\xc3\xaa\xf0\x46\xa6\x97\x3b\x71\
\x82\x18\x52\x26\xf9\x74\x22\x55\xb5\xb4\xb5\x71\xb7\x6c\x1b\xa6\
\x65\x62\xc9\x92\x5e\xac\x5a\x75\x89\xfd\xc3\x5e\xb3\x7c\x3e\x3f\
\x7a\xc7\x1d\x77\xfc\xd5\xfc\xfc\x3c\x09\xc3\x70\xcb\xa5\xd2\x68\
\xce\xce\xd5\x57\xad\x5c\x55\x2b\x97\x0a\x30\x84\xc0\x99\x73\x43\
\xca\x74\x34\x0a\xc5\x4a\x92\x3c\xb1\x61\x18\xf0\x3c\x4f\xc4\x1e\
\x58\xa6\x58\x31\x35\x04\x0f\x49\x1e\x3d\x35\xf7\x9e\x95\xc9\x6b\
\xdc\x5c\xdd\x9e\x55\x4c\x4c\x34\xe7\x5b\xc8\xbf\xb6\xfa\x39\x9c\
\x8e\x96\x84\xe3\x9b\x0d\x6e\xdc\x2e\x97\x2d\xb8\x23\x75\xe8\x4b\
\xda\x58\xa7\x5a\xf8\x94\xb6\x34\x5a\x20\x5a\xa0\x8e\x3a\x48\x86\
\xb5\x85\xef\x0d\x3f\xd8\x76\xfb\xb2\x4e\xac\xfd\xf0\x35\x98\x19\
\x9a\x44\xa5\xea\xa0\xbc\xb8\x1f\xfd\x4b\x3a\x61\xe5\xed\xb8\x75\
\xd0\x99\x6f\xc0\x1d\xae\xc2\xb6\x6d\x78\x8e\x87\xea\xc4\x2c\xda\
\x97\x77\x05\xb5\x22\x04\xf4\x5f\xb3\x16\x73\x2b\x7a\x30\x3b\x3a\
\x03\x61\x0a\xf4\x2e\xee\x47\xa1\xab\x1c\x7b\xd7\x59\x58\xa9\x59\
\x89\x03\x28\x92\x51\x19\x9d\x81\x5b\x77\x90\x2f\x17\xc2\xdc\x79\
\x98\x43\x0f\x2f\x8b\xef\x04\x62\x32\xc2\x14\x0b\xc4\x49\x90\x99\
\x7d\x10\xcd\x61\x0f\xba\x1e\x04\x04\x46\xe5\xd4\xe6\xa7\xc4\xe1\
\x5d\x87\xf9\xf4\x8d\x1b\x75\xf8\x5d\xa3\x0d\xfa\x1b\x83\x5a\xb5\
\xea\x19\x86\x61\xf5\xf6\xf6\x42\x4a\x1f\xeb\xd7\xaf\x47\x7f\x7f\
\x1f\x84\x10\x70\x5c\x17\x1d\xfb\x3b\x30\x3d\x36\x23\x88\x28\xf7\
\x7a\x1d\xc3\x42\xdd\x01\xcc\x6c\x18\x86\x01\xd3\x32\x61\xdb\x36\
\xec\x9c\x8d\x7c\x3e\x0f\xdb\x0e\x04\x5c\x3c\xcf\x85\xe3\x38\xf9\
\x8b\xdd\x4f\xa1\x50\xc0\xfa\xf5\xeb\x63\xc3\xeb\x3a\x6e\x0b\x99\
\xde\xf4\xcd\xbd\xbf\xbf\x1f\x5d\x5d\x5d\xb0\x2c\x2b\x65\xe0\x83\
\x31\xab\xe7\x92\xd4\x00\x5a\xb4\x5f\x31\x43\xb2\x44\x67\x67\x27\
\xae\xd9\x7a\x0d\x84\x21\xb0\x6f\xff\x3e\xeb\x87\xbd\x5e\xbd\xbd\
\xbd\xe3\x00\x52\xe9\x8f\xdf\xff\xfd\xdf\xc7\xe7\xfe\xfc\x73\xd6\
\xc0\xc0\xe1\x78\x5c\x66\x14\x3d\x30\x0c\x01\xcb\x34\x53\x06\x4d\
\x90\x40\xb5\x5a\x2b\x44\xbf\x93\x92\xd3\x86\x17\x2d\x3c\x5a\x56\
\x06\xab\xa8\xea\x6b\x2d\x8c\xb2\x3a\x2e\xb7\x55\x9c\x9d\xb2\xda\
\xec\xd1\x9f\x25\x37\x09\xd6\xa4\x86\x07\x29\x11\x10\x52\x64\x72\
\x9b\x0e\xa0\x65\x1e\x3f\x2b\xfd\x8a\xa4\xd0\x4e\x09\xe5\xb7\xd2\
\xc1\x4b\xa9\x22\xa6\xb6\x11\x2e\x76\x0c\x81\x7c\x67\x19\x85\xce\
\x72\x4a\x07\x20\xce\x5b\x1b\x84\x52\x4f\x3b\x2e\xfd\x85\x6d\x38\
\x75\xff\x7e\xf4\x6e\x59\x8e\x45\x6b\x97\x02\x08\xda\xde\x20\x02\
\xef\xba\x6d\x69\x27\xca\xbd\x1d\xf1\x11\x44\xc5\x6e\x4d\x2f\x07\
\xa7\xd3\x0a\x51\x5a\xc8\xf7\x7c\x8c\x9f\x38\x1f\x18\xf0\xd0\x3b\
\x17\xa1\x41\x9f\x1d\xab\x60\xd1\x71\x81\x3b\xae\xbf\x1d\xe4\x0a\
\xec\x3e\xb7\x17\xa7\x97\x57\x90\x6b\x2b\xa4\x06\xfc\xc4\xfb\x6a\
\x92\x4f\xe0\x44\x5e\x59\x02\xa3\x3c\xbd\xf9\x59\x71\xe4\xc9\x03\
\x7c\xf2\xad\x9b\x68\xb5\x36\xea\x1a\x6d\xd0\x7f\xd4\xa4\x06\x4f\
\x84\xea\x6d\x6a\xf5\xb4\xa0\x20\x84\xe7\xfb\xbe\xf8\xf7\x3e\x36\
\x21\x44\x34\x5a\x05\x24\x04\xf2\xb9\x5c\x18\x2a\x14\x71\x4b\x9c\
\xeb\xba\x17\x7d\x5c\x73\x73\x73\x28\x16\x8b\xf0\xa5\x84\xef\xb9\
\x2d\x73\xb9\x59\xa5\xbf\x5c\x2e\x87\x42\x3e\x0f\xc3\x4c\xc6\x56\
\x4a\xa5\x18\xcd\xf7\xfd\xf8\xb1\xa9\xdc\x66\x78\x57\x14\x14\x88\
\xd5\x04\xd3\xb5\x3c\xb8\xae\x5b\x7e\xbd\xae\x57\xbe\x50\x18\x9d\
\x9c\x9c\xba\xdc\xb2\xad\x30\x74\x1e\x1c\x47\xde\xcc\xa3\x5c\x2c\
\xa7\x72\xcd\xcb\x97\x2d\xf7\xdb\xdb\xda\x4f\x44\x0b\x12\x8e\x0b\
\xfc\xf8\x65\xdc\x66\x28\x89\x73\x42\x3a\x62\x9d\x74\x33\x2c\xf8\
\xfc\x26\xf9\x55\x34\x6f\xbb\xc5\x82\xa2\x69\xc6\x40\xf3\x58\x73\
\x45\x27\x9f\x93\xa8\x01\x32\x9a\xfd\x4d\xae\x68\xeb\x85\x82\xaa\
\x61\xaf\x1a\xb3\xe8\x69\x12\xe9\x21\x45\x44\x22\xb3\xc6\xa1\x58\
\x9d\x2d\x36\xec\x06\xe1\xca\x8f\xdc\x88\x8d\x77\x6c\x83\x99\xb3\
\x40\x46\x10\x21\x92\x7e\xfa\x7c\x29\xbb\x2a\x6a\xa1\x83\xa3\x86\
\x0b\xd4\x05\xd8\xf4\xb9\x71\x38\xd5\x3a\x72\xa5\x7c\x90\x62\x0a\
\xc3\xf0\xb5\x4a\x15\xd3\xff\x3a\x80\xab\xa7\x8f\x08\x00\x00\x20\
\x00\x49\x44\x41\x54\x4f\xff\xee\x67\x51\x2c\x96\x30\x74\xee\x2c\
\x7e\xee\xd2\xf7\xe2\x4b\x4f\x7d\x1d\xb3\xd7\xf9\x10\x96\x91\x0c\
\x6c\x51\xda\xd7\x90\x55\x72\x56\x16\x3c\xc4\x02\x23\xfe\xd4\x96\
\x3d\x3c\xb0\x6b\x80\xcf\xde\xb8\x5e\xf7\xa9\x6b\x5e\x6f\x9b\xa0\
\x2f\xc1\x85\x31\x4c\x03\x08\xb4\xc5\x43\xf9\x4f\x19\x84\x67\xc3\
\x29\x4c\x42\x08\x48\x30\x24\x73\xee\xdf\xfb\xd8\x88\x02\x1d\x7d\
\x21\x04\x04\x11\x84\x30\x40\x42\x11\xe7\x00\xc1\xf3\xbd\x8b\x2e\
\x32\x13\x42\xc4\x66\x48\x08\x03\x59\x89\xd4\xc8\x53\xcb\xb6\x21\
\x4b\x45\x5f\x3e\xeb\xed\xa5\xfe\x6d\x1a\x9b\x9a\x2e\x1a\x93\xbe\
\x0f\xd7\xf5\x0a\xaf\xd7\xf5\xea\xed\xed\x7d\xa0\xad\xad\x0d\x9e\
\xf4\x60\x0a\x13\xa6\x61\xc0\x34\x4c\xb4\xb7\xb7\xa3\xa7\xa7\x07\
\x8b\x7b\x16\xa3\x67\x51\x0f\x7a\x16\xf5\xa0\xb3\xab\xd3\x9f\x9c\
\x9c\x38\x1f\xbe\x07\x64\x92\x7a\x48\x1b\xe9\xcc\xc4\x72\x65\x88\
\x8d\x72\x95\x52\x63\xd5\x90\xd2\x7c\xcd\x0a\xee\x2c\xa4\xf5\xff\
\x72\x23\x11\x92\x5c\x79\xab\xc7\x53\xcb\xf9\x00\x48\x77\x5f\xa5\
\x74\x91\x62\xa3\xdb\x62\xfc\x6a\x76\x22\x21\x94\xfc\xbb\x3a\x10\
\x2e\x5e\xc4\x11\xb7\xde\x7f\x14\xa5\xf1\x64\x1c\x76\x07\x00\xbb\
\x9c\x87\xb0\x0c\xb4\x1c\x6a\xa4\xf4\x3d\x46\x8b\x6a\xca\x2c\x84\
\xb8\xc5\xf5\x94\x92\x51\x9b\x99\xc7\xc8\xc0\x39\x08\xd3\x80\x61\
\x9b\x30\x73\x56\xb0\x70\x10\x84\xd1\xa3\x43\x78\xeb\xba\xad\x78\
\xee\xd9\xa7\xf1\xd8\x23\x0f\xe1\xc1\xef\xdd\x0f\xdf\x73\x70\x65\
\x7e\x35\xe6\x47\x2a\x29\x39\xd8\xf8\xa5\x91\x9c\x79\x4b\x50\x6a\
\x48\x92\x20\x82\xc1\x02\xa3\x3c\xb3\x79\x37\x1f\xde\x75\x8c\xcf\
\xe9\x3e\x75\x8d\xf6\xd0\x7f\xa4\x2b\x1e\x61\x40\x08\x21\xa3\x9b\
\x93\xe3\x04\x63\x1e\x01\x42\xad\x51\x87\x65\x59\x58\xd4\xbd\x88\
\xc1\xec\xff\x7b\x1f\x5b\xb9\x5c\xde\xd3\xde\xd1\xb1\x26\x97\xcf\
\xb3\x30\x4c\x78\xbe\xef\xcf\xcd\x57\x3d\x3b\x9f\xe7\xf7\xbc\xe7\
\x3d\x9e\x94\xcc\xfd\x7d\xfd\x4f\x5e\xec\xf6\xa4\x0c\xbb\xb1\x99\
\x63\xe9\xd4\xe6\x0a\x77\x4a\xdd\xf8\x53\x03\x70\xb2\x73\xd2\x5b\
\xf4\xef\xb7\x58\x95\xc0\x30\x0c\xb8\x70\xe1\x4b\x1f\xbe\xef\xe7\
\x5f\xaf\xeb\xb5\x71\xe3\x86\xbf\xfb\xe0\x07\x7f\xe6\x7d\xc7\x4f\
\x9c\xd8\x34\x39\x31\xbd\xa4\xde\xa8\x03\x20\xbc\xe3\xed\xef\x18\
\x2b\x97\xcb\x4e\x98\x2b\x67\x00\xc8\x17\x0b\x7b\xfa\x56\xac\x70\
\x00\xc0\x30\x0c\x3f\x65\x84\xa2\x73\x15\x69\xb7\x30\xd1\x12\x50\
\x4a\xe5\xb2\x33\xdf\x43\xcf\x95\xc3\x1d\x65\x7b\xfc\xe3\x22\xba\
\x54\x15\x7a\xf8\x8f\xe4\xb4\x37\xca\x2d\xdc\xd2\x16\x43\x86\x28\
\xce\xa3\x67\x87\xb0\x70\xcb\x82\x7a\xca\x84\x90\x55\xb5\x3a\x6e\
\xe1\xb8\x37\xe5\x93\x33\xea\x82\x29\xd1\xa4\xb8\xb2\x9f\x62\x25\
\xb7\xd8\x43\x07\x82\x30\x78\xb8\x4d\x61\x50\x32\x83\x3e\x3e\x6e\
\x5e\x20\x8c\x90\x8e\x5e\x70\x6a\xb5\xc5\x90\x9e\x8f\xa1\x03\xa7\
\x00\x06\xac\x9c\x05\x33\x4c\x4b\x45\x5f\xee\x7c\x03\x73\xb3\xf3\
\x70\xbb\x1b\xd8\xbc\x65\x2b\xda\x3a\x3b\xf0\xe8\xc3\x0f\xc1\xb4\
\x6d\xb8\x6d\x8e\xa2\x61\xbf\x40\x23\x42\x0b\x55\xbf\xe8\x39\x06\
\x13\x46\xe4\xf4\xe6\xa7\xe8\xe0\xae\x83\xf2\xe4\x8d\x97\x0b\x1d\
\x7e\xd7\x68\x83\xfe\x23\x61\xf5\xea\x4b\xbc\x97\x5e\x7c\xe9\xed\
\x8e\xdb\x28\x80\xe1\xe7\xf2\x39\x29\xcc\x9c\x24\x01\x77\xfd\xc6\
\xcb\x1a\x6b\xd7\x6d\xf0\x4c\xc3\x74\xcb\xe5\xf2\xf1\x7f\xef\x63\
\xfb\xd0\xff\xf1\xa1\xdf\xae\xce\xcf\xff\x9f\x14\x0e\xaf\x28\x86\
\x03\x57\x54\xbe\xf2\x95\x8b\xaf\xd5\x23\x0a\xd5\xbe\x89\x60\x18\
\x66\xea\xe6\x4f\x59\x29\xcc\xd0\x48\x45\xbd\xea\xae\xeb\xc6\xd5\
\xea\x41\x54\xa3\xd9\x4b\x4f\xdd\xfc\x48\x19\x50\xc3\x50\x43\xb2\
\xf6\xeb\x75\xbd\xae\xb8\xe2\x8a\x39\x00\xef\xb8\xfb\xee\xbb\xdf\
\xd3\xd5\xd9\xf5\xfd\x6a\xad\x0a\x02\xa1\xbf\xbf\xff\x0f\x7f\xe7\
\x77\x7e\xe7\xf3\x0b\x7e\x48\x0c\x33\x35\x95\x0f\x4c\xea\xac\x8f\
\xd4\x69\x65\x96\x3c\xa9\xea\xb9\xa6\xea\xe8\xcc\xdc\xf7\x44\x28\
\x36\x0a\x89\x73\x2a\x07\xdf\x54\x59\x9e\x19\x84\x02\xbe\x80\x71\
\xce\x68\xc5\xb7\x30\x87\xcd\x13\x57\x29\x1b\x95\xe0\xa4\x5f\x9b\
\xd3\x42\xbe\x51\x05\x7f\xd3\x22\x24\x16\xaf\x51\xe7\xba\x28\x9e\
\x37\x29\x73\x07\xa0\x86\xd3\xb9\xc9\x36\x46\x1d\x02\xa9\x31\xb4\
\x94\x19\x2f\xac\x56\x61\x86\xe7\x22\x25\x63\x74\xe0\x1c\xaa\xd3\
\xf3\xc8\xb7\x15\x60\xe6\x6d\x18\x96\x19\x78\xea\x61\x0f\x7a\xe7\
\xf2\x45\x18\x78\xf1\x38\x84\x04\x46\x47\x47\x91\x2f\x14\xc1\x52\
\x62\x64\xfc\x1c\xec\x4d\xc5\xa0\x85\x4d\xb2\xd2\x6b\xdf\x3c\xb6\
\x39\xea\x14\x60\xe6\xe0\xb5\x53\x16\xb6\x82\x09\xa3\x98\xde\xfc\
\x1c\x0f\xec\x3a\xc0\x27\x6f\xda\x44\xab\xe7\xf4\xdd\x55\xa3\x0d\
\xfa\x8f\x80\xcd\x5b\x36\x3f\xfd\x46\x3d\xb6\x62\xa9\xf4\x9a\xc9\
\xe9\x4a\x29\x65\x74\xef\xce\xe5\xec\x44\x2c\x46\x69\xfb\x41\x26\
\x6a\x1c\x0d\x89\x31\x84\x40\xb9\x2d\x48\x7f\xcf\xcf\xcf\xc7\x29\
\x09\x06\xb7\x74\x26\x53\xdb\x45\x38\xc3\x5c\x12\xa4\x94\xc6\xeb\
\x7d\xcd\xda\xdb\xdb\xdd\xfe\xbe\x7e\x38\x9e\x03\x02\xa1\x58\x2c\
\x5a\x17\x8e\xd2\x88\x96\xc3\x76\x40\x17\xa1\xbf\x47\xd9\x99\xf0\
\x19\x2b\x15\xda\x04\xa1\x0e\xad\x51\x27\xad\xb5\x9a\x8a\xd6\xa4\
\x07\x4f\x4d\x11\x94\xac\xa5\x4e\xf9\xd8\xdc\x42\xb9\x4f\x75\xde\
\x79\xa1\x21\x2f\x49\xed\x43\xdc\x7e\xa7\x18\x6c\x64\x44\x88\x28\
\x2a\xcc\x23\xa4\x66\x08\x33\x47\x03\x54\x28\x6e\x59\x4b\x46\xb5\
\x2a\x79\xfd\x16\x6b\x17\x52\xc3\x13\xf1\xa2\x21\x7d\x8d\xe3\x56\
\xcb\x70\x16\xfd\xc4\xe0\x08\xc6\x4f\x0e\x07\xc6\x3c\x67\x05\x1e\
\x7a\xce\x84\x95\x33\x83\x3c\xbe\x41\xe8\x5a\xb5\x18\x27\x2e\x19\
\xc6\xd0\xe8\x08\x96\xa1\x17\xd5\x5a\x1d\x93\xd5\x0a\x86\x37\xf9\
\xe8\xef\x5c\x8c\xd4\x4a\x22\x75\x74\x9c\xba\x2e\xd9\xc8\x01\x29\
\x61\x0c\xc1\x02\xa3\x98\xde\xfc\x3c\x8e\xed\x3c\xc2\xa7\x6f\xdc\
\xa0\xab\xdf\x35\xda\xa0\x6b\x5e\x2f\x22\xcd\x79\xe6\xc4\x88\x31\
\x18\x42\xa4\xf3\x93\x51\x3e\x3c\x92\x79\xf5\x5d\x17\x76\xb1\x88\
\x52\xb9\x0c\x41\x14\x18\x74\x4e\xf4\xc9\x5b\x0d\x19\x89\x3c\xd0\
\x20\x37\x1d\x16\xd2\x11\x60\x59\xd6\xeb\x5e\x8b\xb0\x76\xcd\x9a\
\x17\x6e\xbf\xfd\xb6\x5f\x92\x81\x44\xad\xd7\xd7\xd7\xf7\xc8\x85\
\x1e\x1f\x88\xf5\x70\x3a\xe1\x1c\x5b\x1a\xba\x80\x5b\x9c\x3d\x61\
\x64\xbc\xd7\xe4\x66\x9f\x32\x48\xaa\xf7\x2e\x5e\x6e\xd3\xdc\x64\
\x63\x92\x10\xb6\x32\xd1\x8e\x2f\x30\x8c\xb5\xd5\xa4\x95\xec\xdf\
\x5a\x1a\x77\x4e\x79\xa6\x80\x92\x16\x50\xc5\x68\x94\xd1\xc1\xcc\
\x68\xbe\x10\x4d\xae\x78\x3a\xb9\x4f\x48\xa6\xe2\xa9\x0d\x04\xa9\
\x7d\x0a\x65\x00\x8e\x52\xef\x30\x31\x38\x8c\xf3\x07\x06\x61\x97\
\xf2\x30\x6c\x0b\xa6\x65\x42\x18\x91\xd4\xab\x11\x7f\x6f\x94\x0c\
\xac\xbd\x7d\x33\xc6\x8f\x0c\x61\xe8\xd4\x29\x18\x86\x81\xf2\x55\
\x3d\xe8\xdb\x74\x09\x0c\xdb\x8c\x17\x22\x89\x58\x4f\x26\xda\x82\
\x4c\xea\x41\xe9\x81\x8f\xcf\x5f\x10\x4c\x98\x18\xc5\xcc\xe6\x67\
\x79\x60\xd7\x71\x3e\x7b\xe3\x5a\x5d\x28\xa7\xd1\x06\x5d\xf3\x7a\
\xc0\x8c\x20\x74\x2e\x7d\xcc\xcd\xcd\xc1\xb2\x2c\x58\x96\x15\xcf\
\x15\x8f\x6e\xc8\xa6\x69\xa2\xb3\xb3\x13\xe5\x72\x19\xf9\x7c\x3e\
\x1e\x4d\xeb\xb9\x2e\x84\x10\xb0\x6d\x1b\x92\x25\x96\xf7\x2d\x07\
\x4b\x8e\x27\xd4\x25\x33\xbf\x19\x85\xb0\xbd\x6e\x66\x7e\x16\xe7\
\x46\xcf\x07\x12\xb2\x81\xa7\xfe\xba\x1b\xf4\x2b\xaf\xba\x6a\x1a\
\xc0\x97\x2f\xfa\x43\x62\x99\x32\x1a\xa0\xa3\x4a\x8b\x92\x32\x34\
\x85\x54\x71\x15\x6e\xd1\xd1\xb4\xf0\x55\x4f\x79\xb5\x4d\x8e\x5e\
\xc6\x7e\xa6\x47\xa9\x66\x87\xde\x20\x35\x8a\x95\xa8\xf5\x2a\x20\
\x7e\xae\x5a\xac\x97\x92\xaa\x25\x50\x6a\xe1\x91\x9e\x3a\x96\x12\
\x9c\x09\x6b\x01\x52\x6b\x9c\xa6\x16\x3c\xc4\x0b\x0c\x52\x42\xe9\
\x2c\xd3\x83\x6c\x5a\x38\xb8\xe9\x45\x4a\xe2\x82\x43\x1d\xea\x1e\
\x2d\x18\xa5\x2a\xbd\xcb\xc0\xf8\xa9\x61\x9c\xdb\x7b\x02\x76\x29\
\x07\x2b\x6f\xc3\x0c\x0b\xe1\x0c\xcb\x8c\x0b\x48\x83\xaf\xa0\x85\
\x2d\x6f\x5b\xe8\xbf\x6e\x1d\xb0\x2d\x58\x14\x08\xd3\x80\x30\x0d\
\x25\x92\xa1\x28\x22\x72\xfa\x9a\x27\xaa\x89\x4a\x8d\x60\x2a\xbd\
\x91\x1c\xbf\xc1\x84\x51\x39\xb5\xf9\x91\xb9\xe7\x77\xed\x39\xbd\
\xef\xc6\x6b\x56\x5e\xa9\x8d\xba\x46\x1b\x74\xcd\x6b\xed\xa1\x83\
\xe7\xe7\x83\x09\x54\xf5\x5a\x1d\x9d\x9d\x9d\xf1\x7c\x77\x35\x97\
\x9e\xcf\xe7\x91\xcb\xe7\x14\x8f\x3e\xb8\x69\xd5\xeb\x75\x30\x18\
\x86\x69\xc2\x60\x86\xdd\x66\xb7\x9c\xb4\x46\x20\xd8\x76\x90\x2a\
\xaf\x35\xea\x38\x3b\x71\x3e\xe8\xfd\x86\x00\x81\xec\x37\xdc\x87\
\xc4\xb4\xe2\xe9\x61\x91\x61\x69\x12\x33\x89\xec\xa2\xc8\x38\xe4\
\x51\xdc\x3c\x2b\xf1\x9a\x9e\x50\x9a\x8c\xfa\x8c\xbd\x53\x5a\xd0\
\x91\x8e\x8c\x6c\xbc\x29\x41\xb1\x37\xa8\x8e\x6b\xcd\x3e\x31\x15\
\xfa\xe7\xe4\x91\x4d\xbd\x2e\xd9\x7e\xee\xcc\xa0\x96\x58\xde\x55\
\x15\xa9\x51\x47\x9e\x46\x2d\x74\x99\xa7\x92\x40\xeb\x5c\x3f\xb5\
\x76\xd6\x21\xa2\x61\x2a\x50\xf6\x19\xf4\xb4\xab\x1d\x13\xf1\x08\
\x63\x41\x80\x64\xf8\xae\x8f\xf3\x87\xcf\x60\xec\xd8\x10\x72\xa5\
\x1c\xec\x42\x0e\x86\x65\xc2\xcc\x87\xc6\xdc\x14\x10\x46\xba\x3f\
\x5d\x44\x86\x3d\x32\xf2\x91\x6a\x9c\xda\xdd\x11\xa9\x05\x2a\x4b\
\x98\x48\x80\x89\x29\x19\x91\x9c\x64\x22\x28\x53\x81\x9f\x44\x1f\
\x48\x12\x4e\x0c\x0d\x6e\x3e\x73\xe4\xd8\x53\xcf\x4f\x1e\x7c\xeb\
\xd6\xee\xcb\x75\x4e\x5d\xa3\x0d\xba\xe6\xb5\x75\xd2\xb3\x3f\xa9\
\x85\x70\x29\x4f\xb4\xa9\xca\x8b\x54\xdf\xae\xb9\xe7\xbc\x69\x47\
\x1c\xb7\x45\x45\xe1\xd4\x70\x50\x8a\xfd\xc6\xbc\x34\x19\xd5\x3c\
\xb4\xaa\x74\x46\xf3\x00\x16\x6a\x76\x91\x53\x69\x60\x56\x1f\x92\
\x78\x7f\x6a\xaf\xb5\x9a\x93\x46\x0b\x31\xdd\x58\xde\x54\x15\xfd\
\x51\x14\xde\xfe\x7f\xf6\xde\x33\x3a\x8e\xeb\xcc\x16\xdd\xe7\x54\
\x75\x46\x26\x40\x10\x91\x09\x81\x99\x22\x25\x9a\xa2\x64\x4b\xce\
\xca\x59\xb2\xa2\x6d\xc9\x77\x9c\x2d\x87\xb1\xdf\x5b\x6f\xdd\xf7\
\xe7\xad\x7b\xd7\x7a\xeb\xad\x3b\x63\x5b\xa3\xb1\x24\x8f\x66\x3c\
\x4e\xf2\xb5\xe5\xa4\x60\x79\x2c\x8f\xed\x71\x50\x22\xc5\x9c\x40\
\x02\x60\x06\xd0\x8d\x9c\xbb\xd1\xa1\xea\x9c\xf7\xa3\xd2\x39\xd5\
\xd5\x24\x24\x4b\x26\x28\x9e\xad\x45\x01\xe8\xae\xae\xae\xee\xae\
\xae\x7d\xbe\xb4\xb7\xdf\xdf\xdc\xb5\xee\x0d\x78\x2d\x6e\x57\xb9\
\xaf\x4a\xe2\xd1\xb9\xd0\x8d\xc6\x7c\x66\x32\xe0\xf2\x98\x59\xf1\
\x2a\x04\x41\x77\xb8\xc7\xeb\xf7\x1e\x17\xba\x01\x39\x67\x90\xb4\
\xec\x45\x0f\x01\xdb\x77\x1d\xb0\x46\xd3\xce\xec\xe9\xc5\xdc\xe4\
\x2c\xc2\xb1\x08\x42\xb1\x30\x42\xd1\x30\x42\x91\x10\x42\xd1\x30\
\xb4\xb0\x0e\x4d\xd7\xa0\x85\x74\x4b\xc7\x5d\xa3\x56\x24\xee\x2c\
\xd8\xc4\x39\x4a\xe2\x3f\xb7\xb9\x2c\xab\xe4\x13\xf4\xe3\xbc\xf8\
\xf3\xf5\xf7\x9d\x88\xa3\x6e\x8b\x57\x34\x60\x4c\x1f\xda\xb0\x33\
\x7d\xe4\x95\x09\x96\xd9\x56\x4d\xe3\x2a\x52\x57\x50\x84\xae\xf0\
\xd6\x91\x96\x18\x49\xf3\x20\xd1\x91\x22\x0d\x15\xdf\x05\xcb\x6f\
\x60\x52\x9a\x1e\x8b\xa3\x46\x70\x18\x86\xb1\xe0\x08\x9d\x6a\x54\
\xea\x29\x73\x89\xdd\x8d\x4a\x05\x6f\x7b\x2e\x13\x41\x91\xe0\x09\
\xb5\x5f\xbd\x14\xb1\x0b\x26\x2a\x5c\xe4\x5d\xc1\xe1\xcb\x66\x0c\
\x1e\xe8\x68\xca\x85\x29\x37\x79\x4e\x5e\x26\x22\xe1\x23\xe4\xa5\
\x56\x72\xce\x67\x4e\x64\xa6\xe2\xa4\x88\xa3\x82\x1b\x05\x89\xdc\
\x35\x2f\x8e\xb1\x11\x1f\x83\x4b\x6e\x68\x25\xce\x2f\xfb\x09\x5c\
\xce\x16\xa2\x62\xcf\x0f\x80\xc0\x2c\x98\x18\xee\x4d\x22\x79\xf8\
\x14\xa8\x4e\x11\x8a\x47\x10\x8a\xda\xff\x22\x21\xe8\xd1\x30\xf4\
\xb0\x10\xa1\x5b\xfa\x12\xb2\x31\x8b\xf4\x53\x56\xf3\x13\x35\x06\
\xb8\xeb\x6f\xe0\xa9\xf7\x70\x1e\xb0\xd4\x0b\x14\x59\x14\xb2\x5d\
\x1a\x45\xed\xd2\x25\x18\x49\xa5\x37\xfc\x25\x75\x70\xfb\x38\x9f\
\xbb\xbc\x86\xc4\x14\xa9\x2b\x28\x42\x57\x78\x6b\x02\x74\x51\xc4\
\xc3\xb4\x14\xf0\x7c\xd1\xa0\x20\x2c\x52\x34\x76\xcb\x8b\xf5\x50\
\xc4\x19\x66\x21\x32\x73\x22\x40\xb3\x60\xa0\x3c\x9a\x00\xe5\xd6\
\x3c\xba\x69\xb2\xe8\x42\x7b\x57\x34\xaa\x71\x27\xad\xeb\x11\x80\
\x3f\x32\xf7\x45\xe1\x22\x59\x4b\x49\x8b\x20\xf9\x35\xd9\xe2\xa5\
\x88\x14\x78\xf1\x88\xb3\xac\x14\xc7\xbd\x63\xe0\x42\x53\x9a\xdb\
\x1b\x47\x82\xbb\xf1\x39\x91\x8e\x95\xf3\x00\x09\x5a\x71\x24\xcc\
\x3f\x82\xe6\xc8\xba\x52\x27\x5a\x2f\x36\x77\xf1\xf8\x4b\x70\x36\
\x91\x16\x32\x82\x5c\xae\x70\x4e\x89\x63\x69\xf0\xf7\xc9\x09\x65\
\x0f\xc6\x38\xc6\x4f\x0f\xa3\x6f\xff\x71\xe4\x67\xb3\x88\x94\x45\
\xa1\x47\xc2\x08\xc5\xc2\x08\xc7\x22\x56\x9a\x3d\x12\x82\x1e\xb6\
\xc6\xd4\x2c\xf5\x39\x39\xb5\x4e\x4a\x7c\x76\x52\x22\x81\x7a\x33\
\xfe\x52\x33\x23\xc4\x2e\x7b\x6e\x2f\x84\x88\x5c\x42\x71\x5f\x90\
\xfd\x9e\x33\xef\xf3\xe2\x04\x48\x34\x26\x70\xe8\x4c\xcf\x7a\x24\
\xf9\x8e\x31\x9e\xde\xb6\x88\x24\x54\xfa\x5d\x41\x11\xba\xc2\x5f\
\xcf\xe8\xe1\x70\x18\x86\x69\x82\x33\x86\xb9\xb9\x39\x64\xe6\xe6\
\x84\xbc\x70\x50\x64\xc7\x83\xeb\x9f\x24\x38\x0a\xf7\x47\xf6\x04\
\x04\xd5\x89\x0a\x50\xaa\x41\xd7\x75\x18\x46\x61\x21\x9e\x93\xdc\
\xd5\x56\x27\x1e\x49\x13\x5b\x3a\x14\xbe\x26\x31\xb9\xbe\x2e\xd6\
\x5b\x6d\x02\x70\x47\xb8\xac\x7f\x9c\xd9\xde\xea\xd4\x9a\xbf\x26\
\x45\x5e\x6a\x10\x22\x46\x2b\xde\x96\x23\x65\x1a\xb0\x70\x42\x09\
\x21\x16\x5f\xc8\xe8\xd3\x15\xe0\x84\xcb\xe4\x2c\x95\x5d\x48\xd1\
\xfe\xad\x99\x6b\xe2\xab\xa3\x7b\xa5\x03\x2e\x58\xcb\x92\x80\x49\
\x2f\x8f\xbc\x7d\x6e\x75\xf6\x4f\x97\xc4\x09\x91\x8c\x50\xb2\xd3\
\x59\x4c\xf4\x0f\x63\xf0\x48\x3f\xf2\x73\x59\x84\xa2\x61\x44\x2b\
\xe3\x08\x45\xc2\x08\xc7\x23\xae\x0a\x9c\xd3\x08\xa7\x87\x43\x56\
\x7a\x9d\x52\x77\x82\xc3\x92\x9e\x2d\x91\x5d\x01\x6c\x63\x99\xe2\
\xb7\x51\x94\xd7\x15\x17\x56\xf2\xc2\x47\x58\x60\x15\xa7\x1d\x24\
\xb7\x41\xce\x18\x62\xcd\x31\x1c\x1a\xe8\x5d\x47\x06\xc9\x6b\x29\
\x73\x6a\x5b\x83\x56\xa9\x48\x5d\x41\x11\xba\xc2\x5f\x07\xa7\xb3\
\x5d\xf6\x0b\xe7\x25\x09\xd9\x8b\x64\x02\x24\x4b\x83\x3a\x9e\x09\
\x29\x26\x7d\x02\x68\xd4\x72\xd4\x32\x0a\xc6\x82\x3b\x27\x09\x25\
\xcc\x11\x40\x71\x45\x51\xdc\xb1\x3e\x39\xba\x74\x1c\xd7\x6c\x89\
\x1e\x41\x56\x3c\x48\x96\xd5\x4b\xbd\x12\x8d\x78\x0d\x57\x82\x8d\
\x2d\xe1\xfe\x26\xb7\x12\xea\x6e\xc2\x1c\xb7\xa3\x0c\x47\x08\x81\
\x59\x30\xdc\xfa\xb2\x94\x31\xf0\xd5\xb6\x45\x7f\x02\x4e\x88\x24\
\x49\xeb\xd4\x97\xdd\x3a\xbd\x3b\x1b\xef\x35\x8c\x39\xa6\x31\x54\
\x70\x9c\xb3\xa2\xfb\x00\xed\x7a\xd7\xb2\xd5\x2b\x57\x78\x99\x08\
\xee\x96\x35\xdc\xf1\x48\xce\x61\xe6\x0d\xcc\xcd\xcc\x61\x66\x68\
\x12\x13\x03\xa3\x98\x1e\x9a\x00\xa5\x04\x91\x78\x04\xb1\x8a\x38\
\xf4\xb0\x95\x56\x0f\x45\x42\xd0\xc2\x3a\x42\x31\x4b\x3c\xc6\xab\
\x97\x6b\x96\x6b\x9b\xad\x0f\x4f\xa9\xe6\xcb\x9e\xd8\x23\x6f\x42\
\xa6\x83\x68\x7e\x2d\x7e\xbf\xbb\x9d\xfc\x9a\x9c\x00\xdc\x1b\x23\
\xe4\xae\x8d\x2b\x63\x10\x84\x7b\x28\xfc\x3d\x8b\x84\x00\xf1\x96\
\x38\x0e\xf6\xf5\xac\x23\x23\xe4\xb5\x51\x9e\xd9\x56\x4b\xe2\x8a\
\xd4\x15\x14\xa1\x2b\xbc\x39\x50\x42\xa1\xfb\x5c\xc7\xfc\x84\x3e\
\x9f\xfa\xf8\xd9\xd9\x11\x92\x44\xac\x28\xbf\x69\x89\xd4\x18\xa1\
\x05\xf7\x25\x59\x12\x43\xcd\x8a\x3a\x84\xe3\x11\x4c\x9c\x1a\xb5\
\xbb\xf1\x9d\x08\x3d\x28\x72\x13\x66\xaf\x9d\x6d\x7c\x11\x20\x01\
\x40\x0c\x13\xf1\xf2\x08\x66\x86\x26\xbd\x1a\x2d\x21\xe0\xb6\x7a\
\x9e\xd5\x08\x06\xbb\x91\x4a\x20\x3e\x66\x33\xa7\x4d\xa4\x8c\x31\
\x50\xaa\x81\x31\xd3\x15\xf4\x21\x94\x20\xa2\x87\xb1\xf1\xf2\x4d\
\xdb\x29\xa5\x26\x67\xdc\x12\x74\xb1\xf4\xc6\xed\x35\x18\xb7\x4d\
\xbf\x39\x38\x15\xb2\xc9\x14\x1c\x0c\x8c\x68\x9e\x82\x1b\xb7\x6a\
\x2d\x56\x3f\x01\x07\x98\x6d\x56\x43\x88\x8f\xb0\x99\xfd\x7f\x86\
\x82\xa6\x51\x06\xdd\xba\x33\x3d\x3e\xdb\x7a\xe8\xe0\xa1\x4b\x0c\
\xd3\x70\x1b\xd3\x9c\x45\x84\xa3\x36\xe8\xda\xad\x82\x83\x31\x0e\
\x56\x30\x50\xc8\x16\x90\x9d\xcd\xa0\x90\xc9\x81\x99\x0c\x5a\xc8\
\x22\xe8\x58\x59\x0c\x5a\x44\xb7\x88\x3c\xac\x5b\xda\xec\x21\xeb\
\x67\xc8\xad\x97\x6b\xa0\xf6\xdc\x39\x71\xfe\xd9\xa9\x76\xc7\xe1\
\x8d\xd8\xe6\x2c\x16\xeb\xda\x1c\xec\x2c\xa2\xec\xe8\x59\x2c\xa8\
\x73\x5f\xfd\x83\x39\xeb\xaf\xa2\xd4\x3a\x7c\xaa\x76\xa4\xc4\xb9\
\x62\x2d\x98\x98\x69\xdd\x1d\x6b\x8c\xe2\x40\xb2\x7b\x1d\x1f\xc6\
\xf6\x29\x9e\xbd\xbc\x92\x44\x15\xa9\x2b\x28\x42\x57\x78\x73\x64\
\x4b\x6c\x6d\x75\x91\xc8\xcf\xa6\xc7\x2e\x6b\x84\x07\x4c\x20\x05\
\x8c\x28\x11\x5f\xf3\x9d\xf3\x93\x71\x06\xc3\x30\x17\x5c\x53\x5c\
\xd5\xa5\x4b\x58\x5b\xdd\x1a\x64\x26\x66\x71\xec\xbf\x0e\x20\x3a\
\x4e\xa1\x51\x2a\xb8\x6b\x79\xe9\x65\x49\x93\x8d\x07\xa5\xcf\xbd\
\xfb\x47\x01\x9c\xf8\xe9\x9e\x20\x61\x74\xf8\xdf\x42\xa7\xfe\x1e\
\xa0\xa3\x66\x65\x02\x38\xc3\x54\x66\x06\x61\x2d\x64\x37\xa3\x31\
\xb4\xb7\x75\xb0\xf7\xfe\xfd\x9a\x0f\xdd\x78\xd3\x4d\xe7\x9d\x14\
\xf6\xf7\x1e\xa4\xfd\xbd\x87\x7e\xf6\x4a\xcf\xde\xdb\x11\xa1\xa8\
\x6c\xa8\xb1\xb3\x1c\x9e\x5a\x9d\xd8\x78\xe6\xcc\x87\x53\x9b\x84\
\x2d\xb9\x56\xcd\x22\x6a\x5d\x03\xb5\x89\x5d\xd3\x35\xe8\x11\xdd\
\x1a\x95\x0c\x6b\xd6\xcf\x90\x0e\x3d\x62\x75\xb0\x5b\x91\x39\x95\
\xf6\x65\x67\x5d\x2c\x75\x3e\x2a\x4c\x67\x10\xcf\xfc\x45\xaa\xeb\
\x4b\xfd\x7c\xd6\x63\x9c\xec\x81\x57\x05\x70\x14\x99\x48\xf1\x79\
\xce\xfd\xfa\xb0\xc5\x56\xb5\xc4\x2e\xe1\x50\x00\xf1\xe6\x38\x0e\
\xf6\x1f\x5d\xcb\x4d\xb6\x7d\x94\x67\x2e\x57\x91\xba\x82\x22\x74\
\x85\x37\x49\xea\xb2\x3d\x6a\x11\x37\xfb\x3b\xde\xb9\x4f\xf4\xc3\
\x4a\x28\x02\x41\xf3\xd0\x67\x59\x14\x80\x00\xc4\x24\x28\xe4\xf3\
\x0b\xee\x9c\x64\x60\x9c\x68\x04\x54\xa7\xf6\x1c\x7e\x04\x1a\xd5\
\x2c\x45\x37\x9b\xcc\x5d\xc7\x39\x41\x12\xd5\x89\xb2\x45\xd5\x5c\
\xce\x83\xc8\xd8\x27\x04\x53\xc4\xe6\xf0\x8d\xa5\x11\xa9\x87\x8c\
\x00\x30\x99\x09\x4a\xa8\x65\x47\x0b\x06\x10\x87\xc4\xb4\x05\xf1\
\x1e\x6e\x6c\x5f\xcf\xfe\xb2\xff\x95\xbb\x38\xf8\xcf\x5e\xed\xdd\
\x7d\x7b\x38\x6e\x89\xbd\x78\x7e\xe6\x3e\xef\x72\x41\xf4\xc5\x55\
\x73\x13\xa2\x6d\x2d\x64\x89\xbe\xe8\x76\x3a\x9d\x50\x0a\x23\x57\
\xc0\xe8\xb1\x7e\x84\xf5\x30\xaa\x97\x2d\x46\xbc\xae\xcc\x7d\x0f\
\xbc\xfd\xb9\xf2\x73\xee\xf9\xe9\x75\xb5\x13\xcc\x4d\x66\x10\x9b\
\xa1\xd0\x63\x21\x64\xcb\x39\xf4\xa8\x55\x7e\x02\x95\xe7\xf8\xdc\
\x85\x95\x20\x8f\x1c\xfc\x7d\x90\xb6\x96\xc8\x5c\x56\x50\xb4\xfb\
\x11\xa8\x35\x63\x1f\x6b\x8a\xa1\x6b\xe8\xc4\x5a\x7d\x44\xdf\x3e\
\x62\xa6\x2f\xaf\xd3\x54\xa3\x9c\x82\x22\x74\x85\x37\xcc\xe7\x82\
\x19\x8b\xd8\xf0\x46\x02\x7c\xa8\xdd\xed\x20\xd5\xd0\x89\x5b\x3b\
\xf6\x3a\xba\x7d\xa5\x75\xf9\x5a\x27\x5c\xcf\x09\x21\x0b\xae\xcb\
\x7d\xf8\xd0\x00\x76\xed\x79\x1d\x99\x89\x19\x4c\xa4\xc6\x50\x55\
\xd5\x82\x50\x28\x64\x4b\xb4\x5a\x35\x5e\x4d\x8a\xd2\x61\xdf\xce\
\x00\x68\x52\xed\x59\x8e\xe0\x7d\xb1\x3b\xb7\xbd\xd7\x6d\x79\x5d\
\x12\x20\x16\xcf\x8b\xc6\x02\xed\x48\xd3\x14\x3b\xd6\x29\x7c\x43\
\xdf\x0b\x02\x57\x6d\xbc\x92\xbd\xb2\xff\xb5\xbb\x0a\xb3\xb9\x9f\
\xed\x3c\x72\xe8\xf6\xe5\x57\xad\x86\xee\xf8\x8c\x3b\xe5\x06\x78\
\xb6\xc4\x4e\x6a\xdc\x8d\xb0\x29\x71\x47\xce\x08\xa5\xd0\x42\x16\
\x59\xeb\x21\x1d\x93\xc9\x71\x68\x7f\x9e\xc0\xc3\xb7\x3c\x80\xc6\
\xe6\x26\xe4\x8c\x3c\x9e\x39\xf1\x7b\xa4\xdb\xe0\xee\x07\x01\xe7\
\xaf\x4b\xb0\x8c\x63\xf8\x40\x3f\xee\x8a\x5f\x85\x8d\xab\x37\x82\
\x10\xa0\xeb\x4c\x0f\x9e\x2d\xbc\x82\xb2\x65\x35\xc2\xe7\xc5\x24\
\x0b\x57\x6f\x9f\xa5\x64\x75\x5d\x47\x9a\x62\x12\x97\x56\x01\x5e\
\x89\x8b\x80\x80\x6a\x1a\xa2\x0d\x14\xfb\xfb\x8f\xae\x35\x19\xdb\
\x3e\xc1\xe7\x2e\xaf\x26\x31\x45\xea\x0a\x8a\xd0\x15\xe6\x07\xbf\
\xf3\x66\x10\xa1\xb8\xcd\x4a\x7e\x4e\xf6\x85\x97\xd4\x96\x4c\xf3\
\x9a\x7c\x89\xe4\x40\xe5\xcf\x00\x38\xf1\xbc\x61\x9a\xb1\x85\xf6\
\xbe\x34\xbf\xbb\x1d\xdb\x96\x1b\x98\xe8\x1b\xc1\x6b\xbd\x93\xe0\
\x73\x1c\x9a\xa6\x81\x58\xda\xa5\xa0\x62\xda\x5d\x9a\x25\xe7\x1e\
\xc1\x3b\x91\xbb\xbd\xad\x20\x91\x22\x91\xbb\x2c\x19\x4a\xfc\x6b\
\x9e\x00\xf5\x12\xab\x86\x4d\xb9\x55\xab\x37\x19\x83\x4e\x35\xbf\
\x6c\xcb\x82\xc1\x95\x1b\xb7\xb1\x7d\xfb\xf7\xdd\x95\xfb\xe9\xdc\
\xd3\x5d\xaf\xf5\xdc\xd9\xf6\xc1\x0d\xd0\xc3\xba\xfb\x3a\x44\xf2\
\x75\x23\x74\x67\xbc\x8c\x12\xb7\x53\x9d\x68\x5e\xe4\xce\x4c\x86\
\xec\xeb\x43\xf8\x9f\x9f\xfd\xef\xd0\xa9\x8e\x9e\x9e\x6e\x2c\x5b\
\xb6\x1c\xb7\xb6\xbc\x0f\xdf\xee\x7b\x16\x35\x9d\x4b\x04\x3d\x79\
\xa1\x11\xce\x59\x34\x70\x8e\xe9\xa1\x49\x5c\x39\xb9\x02\x6d\xab\
\x56\x62\x7a\x7a\x12\xdb\x5f\x7d\x15\x1f\xf8\xd0\x87\xb1\xe1\xb5\
\x13\x38\x5a\x37\x8d\x70\x22\xe2\x7d\x40\xc2\x1c\xbc\xbf\xcc\x42\
\x7c\x99\x15\x51\x4f\x80\x10\x4b\x95\x4f\xd4\x6b\x70\xb4\xe7\xad\
\xf9\x76\xef\x9b\xe0\x44\xfa\xd1\x86\x08\x0e\x26\xbb\xd7\xb2\xa4\
\xb9\x63\x92\xe7\xb6\x56\x91\x88\x22\x75\x05\x45\xe8\x0a\xf3\xa2\
\x74\xef\x42\xe3\x4b\xad\x07\xa6\xce\x09\x09\x9c\xaa\x2e\x4d\xda\
\xf2\xed\xe2\xf3\x38\xbf\x17\x0a\x85\x05\xd7\x14\xd7\xd8\xba\x0c\
\x46\x4b\x02\x33\x6b\x26\xd1\xfb\xc2\x3e\x98\x5d\x33\x5e\xb7\x32\
\x7c\x7e\xe6\x3e\x72\xe7\x1c\xb2\x9f\x38\xe7\xc5\xe4\x2c\x7d\x02\
\xdc\xbf\xa4\x42\xb0\x1b\xb9\xbc\x8d\x49\x4c\x84\xa8\x8e\x90\x16\
\x82\x46\x29\x0a\x46\x41\xea\x54\x5f\x48\xb8\x64\xe3\x25\xec\xe4\
\xe9\x93\x77\x3f\xf6\x9d\x27\x7e\x72\xe4\xb5\xee\xbb\x56\x5f\xbb\
\xc9\x12\x7a\xb1\x53\xce\x9a\xae\xd9\xef\x21\x71\x83\x5b\x97\xd8\
\xed\x94\xb9\x25\xdf\xaa\x81\xea\x14\xe9\xd1\x19\xac\xad\x58\x8e\
\xe4\x99\xd3\x38\x7e\xfc\x04\x28\xa5\xa8\xae\xaa\x44\x75\x55\x25\
\x78\x5f\x1a\xe8\xe0\x56\x43\x1c\x29\x61\x4c\xc3\x81\xe9\xbe\x71\
\x54\xc7\x56\xe0\x4f\x7f\xf8\x1d\xe2\xf1\x18\xf2\xb9\x39\x4c\x8d\
\x8f\x62\x71\xb8\x02\xbb\x52\x67\x50\xd3\x5e\x2f\x6b\xe3\x13\xf9\
\x13\xe2\xc2\x77\x42\x52\xff\xf1\xdb\xe2\x32\xa7\x97\xd1\xeb\xe6\
\xf7\x1a\xe8\x48\x91\xb8\x1f\xd1\x28\xe2\xcd\x71\x74\x0d\x1c\x5f\
\x83\x14\x76\x8c\xf3\xb9\xad\x35\x2a\x52\x57\x50\x84\xae\xf0\x66\
\x20\x76\xe3\x82\xcb\x44\xfe\x86\x63\x40\xa1\xc3\x3d\x28\xb5\x6f\
\x5d\x0b\xd9\x82\x23\x74\x02\x82\x30\x09\xa1\xba\xac\x06\x8b\x17\
\xd5\x62\x22\x92\x87\x5b\x58\xa0\xb2\x20\x8a\x95\x7d\x75\x6a\xb4\
\x82\xc5\xa8\xe8\x0f\xee\x46\xf2\x24\x70\xbe\x5f\xaa\x95\xa3\xb8\
\x1b\x21\x68\x01\x45\x28\x45\x28\x1c\x42\x44\x0b\x7b\xe9\x6a\xce\
\xa1\x69\x1a\x5d\x88\xe7\xd5\xf2\xa5\xcb\xd9\x2b\xdb\x5f\xb9\x27\
\xf4\xf2\x8b\xbc\xef\xc0\x99\x8f\xb4\x5e\xde\x0e\x2d\xa4\x17\x2d\
\x02\x89\x20\xc9\x4a\xa9\xd5\x90\x46\x04\x85\x37\xaa\x51\xe8\x91\
\x10\x06\x86\x07\x70\xe6\xcc\x19\x34\x37\xb7\x60\x45\xdb\x4a\xfc\
\xf2\x17\x3f\xc7\xaa\xce\x55\xf6\x34\x00\x91\x27\x10\x84\xc5\x94\
\xeb\x5d\x6e\x32\xec\x3d\xb0\x1f\xad\xcd\x2d\x68\x6b\x5f\x85\x74\
\x7a\x16\xbf\xff\xdd\xef\x10\x4e\xc4\x80\x1a\xc8\x5d\xeb\xf0\x2b\
\xdb\xc9\xd9\x27\x51\xa1\x2f\x40\xf9\xd7\xfb\x34\x85\x9d\x39\xc6\
\x2e\x54\xa3\x9e\x14\x32\x73\xc6\x02\x39\xe2\x2d\x71\x1c\x3a\xd3\
\xbb\x86\x0e\x6a\x3b\x86\xd8\xec\xd6\x7a\x5a\xa6\x48\x5d\x41\x11\
\xba\xc2\xd9\xc9\x9b\xda\x62\x29\xa4\x14\xa9\xbf\x51\x12\x17\xb9\
\xce\xcf\x44\xae\x72\xa6\x6d\x6e\x01\x0a\x5a\xdc\x51\x74\xde\x31\
\x39\x39\x8c\x11\x63\x18\x9c\x71\x98\x99\x82\xdd\x48\x65\x5f\xc8\
\x5d\x07\xb9\x20\xb6\x15\x7c\xc3\x89\x47\xf6\x9c\x70\x97\xf4\xdd\
\xf7\x88\x78\xc4\x4f\x84\xc8\xce\x7b\xff\x8a\x49\x5e\xfc\x5d\xd7\
\x34\x94\xc5\x12\x30\x4c\x13\x94\x52\x68\xd0\x00\x02\x12\x0e\x47\
\xe8\x42\x3d\xdf\xae\xbc\xfc\x4a\xb6\xfd\xf0\xce\x7b\x7f\x77\xe0\
\xcf\xe8\x3b\x9a\xfa\x48\xc3\xc6\xa5\xd0\xc2\xba\x65\xd4\xe3\xa6\
\xde\xbd\x54\xbc\x37\x26\x68\x91\xbb\xf3\xb6\x46\x2b\xe2\xe8\x5f\
\x94\x43\x4f\xef\x71\xa4\x06\x07\x71\xf4\xe8\x11\x54\x94\x57\xe0\
\xc8\xc9\x5e\x90\xcb\x12\xae\x45\x2f\x08\xb5\x1b\xd8\x7c\xce\x76\
\x94\xa2\xbc\xa5\x06\x07\x7f\xbb\x0f\x04\x04\xa9\x54\x12\x89\xb2\
\x32\xe8\x7a\x08\x07\x27\x8e\x21\xbe\xa8\x55\x16\x57\xf2\x7f\xce\
\x82\x00\x8e\x78\x2e\x48\x8b\x39\xb1\x1b\xde\x59\x14\x53\x02\x66\
\x98\x98\x19\x9c\xc6\xe4\xf1\x51\x70\x83\x21\xd1\x50\x81\xea\x65\
\xb5\xd0\xa3\x21\xaf\x03\x5e\xa3\xe0\x26\x43\x79\x6b\x19\x0e\xf5\
\xf5\xac\xc1\x10\xdf\x31\xc5\xf3\x5b\x2b\x49\x58\x91\xba\x82\x22\
\x74\x85\x73\x07\xd2\x38\xcb\xbc\x39\x79\x33\xfb\x0b\xda\x27\x97\
\xa3\x60\x9b\x98\x16\xdc\xd8\xda\xe4\x89\x11\x0c\x4c\x9e\x02\x33\
\x18\xc6\x86\xc7\xc0\x72\x59\x94\x69\x89\x52\xab\x22\xaf\x5e\xeb\
\x5c\xb8\x89\xe0\x6c\xe6\xaa\x8b\x08\x63\x4b\xc4\x8e\xf6\x39\x29\
\xf9\xe6\x16\x5b\x92\x12\x39\x23\xc0\x81\xe9\xd9\x19\x64\x0a\x59\
\x68\x94\x22\x11\x8e\x03\xb0\x53\xbb\x0b\x18\x97\xaf\xdd\xc2\xfa\
\x26\x53\xf7\x3e\xf5\x87\xa7\xf9\xe9\x43\x7d\x77\x37\x6e\x5a\x06\
\x3d\xa4\xfb\x9c\xed\xc4\xf7\x51\x54\x19\xb4\x88\x3e\xa4\x6b\x68\
\xbd\x66\x35\xba\x7f\x7d\x04\x8d\x13\x15\x48\x44\x62\x98\xcc\xcf\
\x62\x76\x43\x18\x2d\xcb\x3a\x5c\x4e\x75\xf5\x7a\x6c\xb1\x1b\xb1\
\x49\xb3\xac\xae\x12\x65\x37\x2e\xc3\xe1\x3f\x9c\x40\x63\x68\x11\
\x46\x67\xa6\x30\xa4\x4d\xa1\xec\xc3\xad\xa8\x2c\x8b\x59\x7c\x4e\
\x83\x8c\x70\x88\x44\xea\xa2\x4e\xbf\x9b\x85\x71\x6c\x5e\xed\xfe\
\x13\x67\xed\xc6\x0a\x26\x4e\xfc\xa5\x1b\xa7\x7f\xb4\x17\xc6\x68\
\x06\x00\x41\x28\x16\x46\xfc\x5d\xf5\x58\xff\xf1\x6d\x48\x2c\xaa\
\xb0\x1b\xf6\x6c\x97\x37\x8d\x20\xde\x1c\xc3\xc1\x33\xdd\x6b\xc8\
\x10\xdd\x31\xcb\x8d\xad\x65\x44\x57\xa4\xae\xa0\x08\x5d\xe1\xac\
\xc1\xf4\x79\x5b\x49\x50\x4d\x5b\x70\xe7\xe4\xec\xc0\x14\x1f\x4a\
\x0d\x02\x9c\x63\x62\x7c\x12\x95\x24\x52\x94\xd9\xe0\x82\x17\xb7\
\x9f\x95\x39\xec\x88\xdc\x21\x78\xfb\xc5\x4a\x91\xfd\x1b\x5c\x40\
\xf9\x17\x09\xc4\x9e\xa9\x4e\x44\xe3\x96\x09\x2d\x25\x6f\x6a\xf1\
\x75\x3e\xd0\x52\xd5\xc0\x4e\x4d\x0d\xdc\xf7\xf4\x1f\x7f\x81\x53\
\x07\xce\xdc\xdd\xb2\xa5\x0d\x44\xa7\x9e\x2d\xaa\xf0\x42\xa8\xd8\
\x7b\x21\x18\xa9\x94\x2d\xae\xc4\x8a\x7b\x36\x63\x3a\x39\x8e\xd9\
\x4c\x1e\x89\xda\x66\xb4\xd6\x57\x43\x8b\xe8\xae\xc5\xaa\x03\xaa\
\x11\xd7\xd5\xd6\xa1\x66\xaa\x53\x34\xac\x6f\x45\xa6\xb9\x06\x13\
\x03\xe3\x20\x00\xea\x5b\xd7\x22\x5e\x5b\x21\x9b\xf1\xf8\xdd\xe3\
\x1c\x63\x16\xff\x08\x47\x80\x13\xa1\xfb\x27\xa5\x60\xa6\x89\x81\
\x03\xa7\x71\xf0\xd1\x3f\x62\x66\x70\x02\xb9\x5c\xce\xba\x20\xeb\
\x3a\x12\x43\x23\x28\x70\x03\xdb\x1e\xfe\x30\xf4\x88\x35\x36\x47\
\x84\xca\x49\xbc\x39\x8e\x83\xa9\xee\x35\x18\xc1\xeb\x43\x7c\xf6\
\x5d\xf5\x44\xa5\xdf\x15\x14\xa1\x2b\x2c\x04\x42\xf7\x5f\x00\x39\
\x5f\x70\x29\xe2\xec\x74\x96\x4c\x8e\x4c\x82\x33\x8e\x5c\x26\x07\
\x71\xb2\x4e\xb4\x81\x15\x33\x0d\xfe\x68\x9a\x13\x31\xef\x8a\x60\
\xc3\x14\x51\x8d\x0c\xe7\x20\x64\x42\xdc\x20\xdf\x64\x0c\x8c\x31\
\x84\x43\x21\xcc\xe5\xb3\x20\x94\xa0\x2a\x51\x89\xf6\xf6\xf6\xa9\
\x78\x3c\x9e\xbf\x10\x4e\xbc\x65\x95\x4d\x6c\xe7\xf1\xbd\xf7\xfd\
\xd7\xc1\x97\x70\x6a\xe7\xb1\xbb\x97\x6e\xeb\xb4\x66\xe8\x45\x79\
\x59\xe1\xb5\x53\x78\x9d\xf0\xce\x5b\x1a\x29\x8f\xa1\x7e\x75\x0b\
\x5c\x55\x3c\x3b\x24\x77\x7e\x8a\xfe\x30\x5e\x32\xc5\xdb\x8f\x16\
\xd2\x51\xbe\xb8\x0a\x65\xb5\x95\xc5\xed\xea\x25\xc8\xda\x15\xc5\
\x91\x54\x02\x45\x45\x39\x41\x6d\xc9\xd1\xee\xe7\x0c\x46\xce\xc0\
\xc9\x3f\x76\x61\xbc\x6f\x18\x86\x61\x20\x9f\xcf\xdb\xa5\x06\x8a\
\x5c\x2e\x07\xf6\xdb\x23\x98\xbe\xed\x32\xd4\xac\xa8\xf7\x4a\x2b\
\xce\x82\x82\x10\x24\x9a\xe3\x38\xd8\xdf\xbd\x9a\x19\xe6\xce\x41\
\x3e\xb3\x75\x09\x29\x9f\x56\x97\x2f\x05\x45\xe8\x0a\x52\xd4\xe7\
\x5e\x38\xc8\xfc\x44\x61\xde\xea\x25\x04\xa1\x74\xc1\x9d\x93\xa1\
\xca\x30\xe2\x35\x09\x70\x70\x84\xe3\x61\x68\x59\x7a\xae\x37\xd2\
\x8b\xe8\x04\x52\x07\xec\x5a\x39\xf7\xf7\x18\xca\xea\x61\x24\xc0\
\xcc\x83\x20\x58\x91\x8f\x73\x8e\xde\xde\x5e\x4c\x4d\x4d\xa3\x79\
\x59\x33\x9a\xeb\x9b\xb0\x6e\xcd\xda\xf4\xfa\xf5\xeb\xbe\x75\xfd\
\xf5\x37\xfc\x8f\xb6\xb6\xb6\x0b\xc6\x8e\x73\xcb\xca\x4d\x6c\xcf\
\xa9\x03\xf7\xfd\x6e\xcf\x9f\xf8\xa9\xed\x3d\xf7\x2c\xdd\xd6\x01\
\x2d\xac\x0b\xf2\xb2\x3e\x4d\x7a\xfb\xbd\x22\x14\x5e\x23\x99\xad\
\xc1\x4e\xa0\x79\xfa\xeb\x92\x63\x1c\xe4\xe6\x4e\xe2\xed\xcf\xfd\
\x6c\x34\xe1\x53\x13\x9c\xe8\x88\x5d\x1a\xe1\xee\x61\x08\x65\x12\
\x22\x5b\xea\xc2\xe7\xb0\xea\x2d\x24\xac\xc5\x9f\x91\x2b\x60\xea\
\xe4\x08\x66\x66\x66\xa0\x69\x1a\x22\x91\x08\x98\xbd\x30\xcb\xe7\
\xf3\x28\x64\x0a\x98\x1d\x9e\x46\xcd\x8a\x7a\xb7\xf9\xc4\x7a\x1d\
\xcc\x2d\x3d\xc4\x9b\x62\x38\xdc\x7f\x6c\x15\x1d\xa2\xaf\x8f\xf1\
\xcc\x65\x8b\x94\xa2\x9c\x22\x74\xf5\x16\x28\xb8\xd7\x39\x41\xee\
\x55\x9a\x41\x97\x54\x2a\x79\xe0\x7d\x32\x47\xf3\xc0\x8e\x78\x3f\
\x71\x49\x17\x4a\xc7\x5c\x84\x73\x6d\xa1\xbd\x2f\xcb\xae\xec\x64\
\xc8\x57\x80\x99\x0c\xc3\xaf\x9f\x04\xb3\xc7\xd6\x5c\xf5\x73\x22\
\x37\xa9\x11\x14\x0b\xc0\xb8\x8b\x24\xbb\x29\x4e\x14\xe0\x11\xdf\
\x1b\xf7\x2d\x15\xe7\xa6\xa5\x85\x82\x6c\x82\x43\x08\x81\x16\x09\
\x21\x51\x57\x81\xf5\x1b\xd6\xb3\x0f\xbf\xef\x43\x5f\xbf\xf6\xba\
\xeb\xfe\x47\xdb\xca\x95\xb3\x5f\xfc\xe2\x97\x2e\xb8\x73\x70\xf3\
\xb2\x0d\xec\xf8\xd0\xa9\xfb\xbf\xf7\xcc\x53\x38\xf8\xcc\x8e\x7b\
\x36\xde\xb1\x0d\x34\x12\x12\x59\x58\x1a\x79\x14\x67\xb9\xc5\x85\
\xa9\x54\x02\x21\xc4\x35\xcd\x09\xd2\x25\x16\x8d\x69\x40\xec\x79\
\x70\x22\xfa\xde\xbb\x1f\xa2\xcf\x57\x87\xb8\x8b\x33\xff\xf7\xc8\
\x7f\xee\x73\x31\x43\xe0\xa6\x14\x34\x18\x86\x81\x42\xa1\x80\xfa\
\xfa\x7a\xe4\xf3\x79\x18\x86\x81\xa9\xa9\x29\x24\x2a\x13\xd0\x63\
\x21\xcf\x7b\x9d\x08\xa6\x38\xc4\xb3\x72\x4d\xb4\x26\x70\xb0\xaf\
\xa7\xd3\x4c\x9a\xbb\xc6\xf8\xdc\x65\x8b\xd4\x48\xdb\x45\x0d\xaa\
\xde\x02\x05\xe1\x42\xc8\x25\xd2\xe5\xf0\x35\xae\x89\x4d\x40\x28\
\x99\xa0\x27\xc2\x45\x97\x94\x58\x30\xb8\x91\xa6\x8f\xe4\x39\xe7\
\x0b\x6e\x91\x39\x71\x7c\x18\x03\x07\x4f\x23\x79\xb8\x0f\x99\xf1\
\x59\x39\x8a\x76\xc8\xe3\x6c\xae\x72\x01\xd1\x36\x7c\x01\x1c\xf7\
\xc9\x8a\x16\xf9\x74\x13\xef\xfd\xf7\xdb\xd2\xea\x84\x42\x37\x80\
\x78\x24\x9e\xbe\xe1\xc6\x1b\xfe\xaf\xb6\x95\x2b\x2f\xe8\x8b\xfa\
\xca\xfa\x65\xec\xd3\x77\x3c\x78\x7f\x53\xb2\xec\x27\xfb\x7e\xf1\
\x2a\xcc\xbc\x61\x8b\xc0\x50\x9f\xcb\x9d\xa8\x1a\x2b\xa6\xe0\x45\
\x0f\x02\x4f\x77\x5d\x64\x67\xbf\x7a\x1c\x77\xcf\x4f\x38\x61\xbd\
\xb0\x00\xf0\x7d\x36\x90\x46\xd1\xc1\x4b\x7e\x0f\x02\xbe\x26\xf6\
\x0d\xa1\x58\x18\x2d\xdb\xda\x10\x2d\x8f\x83\x73\x8e\xa9\xa9\x29\
\x0c\x0e\x0e\x62\x78\x78\x08\x7a\x28\x84\xc4\x9a\x3a\x94\x2d\xa9\
\x94\x7a\x2c\x9c\x63\xe6\x82\x4d\x2d\x08\x10\x6b\x8a\xe1\x70\xb6\
\xb7\xf3\xe5\xd4\xfe\xdd\xa3\x3c\x53\xa6\xae\x64\x8a\xd0\x15\x14\
\x8a\x54\xaf\xde\xc2\x95\x42\xf0\xd5\x2e\x00\xa6\x69\x2e\xb8\x73\
\x32\x9d\x9a\xc6\xd0\xf1\x41\x8c\x9c\x18\x44\x6e\x36\x2b\x93\xb6\
\xef\x6a\x1e\x64\x64\xe3\x35\xbf\x15\x6b\xe4\x17\x11\xbf\xe0\x3e\
\x27\xd6\x65\x89\xe8\xdb\x0d\xd8\x9d\xda\x16\xb5\x53\x42\x11\xd2\
\x42\xd6\xc8\xe1\x05\xd1\x06\x77\x6e\x34\xd7\x35\xb3\x5b\xaf\xb9\
\xe9\xfe\xd6\xa1\xca\x9f\xec\xfb\xd9\x2b\x30\x73\x86\xf5\xfa\x9c\
\x45\xa1\xdd\xe8\xe6\x8e\xb4\xd9\xb6\xa8\x2e\x83\x3a\x6f\x39\xf7\
\xab\xb8\x11\x78\xe2\xeb\xf6\xd2\xcc\x6e\xbe\x2b\xaa\xd5\xfb\xd2\
\x53\xb2\xcf\xbc\xb0\xa8\xe0\xdc\x72\xc8\x63\x9e\x62\x80\x7f\xfa\
\xd2\x2d\x1b\xd8\x11\xb6\x16\xd6\xb1\xe2\xdd\xab\xb1\xea\x9e\x77\
\xa1\x72\x49\x0d\xe6\xe6\xe6\xa0\x87\x42\x28\xab\xa8\xc0\xe2\xcb\
\x96\xa2\xf3\x8e\xcd\x88\x57\x25\x6c\x57\x38\x8a\x00\x4d\x1b\x2b\
\xda\xb7\x5d\xef\xe2\xcd\x09\x1c\xce\x1d\xeb\x78\x75\xf8\xd0\xae\
\x24\x9b\xae\x50\x57\xb3\x8b\x13\x2a\xe5\xae\xe0\x23\x17\x82\x40\
\x35\x8c\xbf\x6e\xa5\x10\x70\x5b\x70\x4c\xc3\x18\x5b\x70\x8c\x94\
\x4f\xe7\xf8\xf4\xd8\x34\xc0\x01\x23\x67\x80\xb1\x10\x0c\xc3\x40\
\x80\x4e\x98\x1b\xbd\x07\x2f\x8c\xce\xae\xdc\x26\xa6\x6a\xa5\xc8\
\xd0\x6e\x80\xe3\xbe\x72\x07\xe7\x96\x75\x6a\x55\x5d\x35\x42\xb1\
\x30\x2a\x2a\xcb\x49\x34\x1a\xa5\xf0\x2a\xb8\x17\x34\xae\xd8\x7a\
\x05\x7b\x75\xfb\xab\xf7\x3f\xf7\xbb\x17\xb0\xef\xe7\xaf\xde\xb3\
\xe9\x23\x57\x5a\x5d\xeb\x06\x73\x05\x66\x2c\x1d\x78\x2b\x4d\xce\
\x05\xe5\x35\x71\x1d\xc9\xa5\x45\x25\x97\xb3\x22\xc2\xdc\xbf\xd4\
\xdb\xe0\x76\xc0\x13\x99\x45\x89\x28\xf6\x03\xc1\x3f\x1d\x5e\xfd\
\x5c\x28\x39\xf9\x17\x6c\x96\xc4\xab\x75\x67\xbc\xa6\x0c\xef\x7a\
\xe8\x7d\x58\xb2\xbe\x19\xc3\x87\x07\x90\x9f\xce\xa2\xbc\xa9\x0a\
\xcb\xae\x5c\x85\xba\xb6\x06\x68\x61\xeb\xf2\xcc\x19\xf3\xd2\xf7\
\x6e\xf9\x00\xbe\x73\x83\x21\xda\x10\xc5\x81\x81\xa3\x9d\x04\xe4\
\xf5\x61\x9e\x7e\xd7\x62\x92\x50\x8d\x72\x8a\xd0\x15\x2e\x6e\x42\
\x3f\x6b\x00\xfd\x36\x1f\x00\x16\x64\x0d\x9d\x14\x08\x23\x05\x8a\
\xb0\x1e\xc2\x75\xdb\x3e\x38\xfd\xfb\x17\x7e\x5b\xc1\x38\xf3\x1d\
\x77\xc0\x7b\x26\x5e\xdc\x89\xb0\x61\x89\xc7\x15\x6d\xc6\x45\x07\
\x32\x04\x5a\xd1\x72\xce\x71\xe9\xa5\x97\x62\xd1\xe2\x3a\xac\xe9\
\x5c\x95\x8a\x47\xa3\xec\x9d\x74\x4e\x5e\x71\xf9\x15\x2c\x35\x96\
\xbc\xff\xd1\x27\x1f\x47\xcf\x1f\xf6\xdf\xd3\xf9\xe1\x4b\xdc\xee\
\x77\x69\xec\x0f\xb6\x18\x8d\xff\x6d\x76\xa6\x01\xb8\x2c\xa0\xeb\
\x4f\xa5\x4b\x4d\xe9\xee\x7a\xca\x5b\x11\xc8\x6b\x2c\x2e\xf7\x95\
\x10\x79\xbd\xc6\x85\x07\x11\xfb\x33\x0c\xca\xdc\x68\x21\x0d\x65\
\x75\x15\xe8\xfc\xc0\x46\xac\x7c\xcf\x1a\xcb\xef\x5d\xd7\x2c\xbf\
\xf8\x90\xee\x35\xf3\x89\x1d\xf4\xc4\x5e\x10\x38\x92\xb1\xcc\xee\
\xe6\xe7\x80\xa6\x6b\x28\x6b\x4e\xe0\xc0\xc0\xd1\x4e\x23\x69\xec\
\x1c\xe7\x73\x97\x2a\x99\x58\x45\xe8\x0a\x17\x2f\xa1\x73\x70\x59\
\x81\x4c\xac\x4f\xbe\x99\xc5\x81\xd4\x20\x57\x62\x3b\x6e\x47\x21\
\x04\x0b\x33\xe5\xde\xd9\xb4\xf2\x47\x11\x2d\xc2\x29\xa1\xc6\xa5\
\x2b\xd7\x3d\xd6\xd6\xbc\xfc\x8e\x99\xd9\x99\x7a\x47\x31\xce\xe9\
\x36\xa0\x84\x32\x4a\x09\x03\x21\x8c\x5b\xb0\xd3\xe2\xc4\x8d\xae\
\x19\x63\xa6\x93\x4e\xa7\x1a\x65\xf6\x7b\xc0\xec\x34\x2d\xb7\xef\
\x13\xa4\xc1\x09\x23\x84\x70\x4f\x3d\xce\x99\x5c\x22\xcc\xf9\x6c\
\xf2\x85\x3c\xab\xac\xa8\x3c\x75\xe5\x95\xef\x7e\xba\xb2\xaa\x8a\
\xbd\xd3\xce\xcb\x86\x45\x8d\xec\xe4\xe9\x13\xf7\xff\x66\x72\x3b\
\x4e\x1f\x1d\xb8\xa7\xae\xa3\x11\x7a\x58\x77\x5d\xda\x9c\xa5\x90\
\xac\x00\x60\xbf\xe3\x4e\x5d\x5c\x20\x5e\xaf\x9f\x8d\x48\x44\x2e\
\xd5\xab\xbd\xf8\x5c\x1a\x3f\xe7\x42\x84\xef\xad\x04\x48\x89\xd5\
\xa9\x53\x6e\xf1\x69\xbb\x53\xd1\xf9\x8d\x43\x8f\x84\xa0\x45\x74\
\x39\xaa\x77\x6a\xfc\x8c\xa1\x68\xc9\x27\x9c\x53\xde\x62\x81\xb8\
\x36\xaf\xf1\xe6\x38\x0e\x9f\xee\xe9\x20\x29\xb2\x7b\x9c\x67\xb7\
\xd4\x90\xa8\x8a\xd4\x15\xa1\x2b\x5c\x7c\x8c\xee\x23\xef\xb7\xa2\
\x9c\xce\xcf\xfe\x7c\xfe\x8d\x0c\xc3\x58\x70\x84\x7e\xe7\x07\x6e\
\xfe\x03\x80\x3f\x08\x37\x1d\x50\x27\xcb\xdf\x16\xcb\x97\xae\x60\
\x87\xa6\x8e\xdd\xff\x97\x13\xdb\xf9\xe9\xee\xfe\x7b\x97\xac\x5d\
\xea\xa9\xf2\x11\xcf\x45\x8d\x8b\xec\x2d\xae\x25\x49\xd1\x60\x82\
\xb0\x38\xf2\xa2\x60\xa9\xa1\x8e\x0b\x29\x77\x40\x98\xc4\x80\xb4\
\x32\x10\xf3\x5a\x92\x7d\x4e\xb1\xe8\xbb\x7d\xba\x7b\x21\xbf\xe5\
\x76\x4b\xbc\x03\x11\x17\x1d\x5c\xf0\x0a\x80\xcc\xe9\x5c\x50\x23\
\x14\x83\x78\x67\x9b\x44\x6b\x02\x5d\xc9\x63\x1d\x74\x98\xee\x1c\
\xe4\xb3\x5b\x96\x90\x32\x45\xea\x17\x01\x54\x53\x9c\x82\x70\x39\
\x0a\x76\x54\x93\x08\x78\x9e\xc1\x3a\x2f\x79\x3b\x0f\x60\x74\x69\
\xbc\x4b\x5b\x88\x9d\xee\x0a\xe7\x1f\xeb\x2a\xdb\xd8\x55\x6d\x97\
\x3f\xb0\x94\xd6\xff\x78\xf0\xf0\x19\x18\xb9\x82\x4d\xae\xd6\x2c\
\x3a\x84\xc9\x0c\xab\x23\x1c\x5e\xd3\x1c\x20\x29\xba\x89\x59\x78\
\xff\xb9\xea\x75\xb7\x93\x12\xe7\xb5\x4f\x5f\xc0\xed\x3d\x21\xd2\
\xbd\xee\x42\x81\x78\x75\x78\x71\xaa\x43\xee\xc6\xb7\x1e\xe9\x10\
\xb9\xdb\x98\xef\xfc\x22\x8a\xd4\xc0\x4e\xbb\x4b\x6a\x79\xc4\xbd\
\x9d\xda\xce\x72\xb1\xc6\x18\x0e\xcc\x1e\xed\xd8\x9e\x3c\xb8\x73\
\x88\xcf\xa8\x46\x39\x45\xe8\x0a\x17\x13\x18\x63\x9c\xdb\x57\x3d\
\x31\x02\x90\xae\x66\xf3\x8d\xda\xfd\x23\x6a\xd2\xa2\x41\x1e\x21\
\x12\x43\x1e\x3b\xe5\xae\xce\x4b\x85\x60\x52\x2f\x6f\x63\x37\xb4\
\xbf\xf7\x81\x56\xd4\xfd\x78\xa4\x7b\x00\x9c\x33\x77\xdc\xcc\x15\
\x92\xb1\x9d\xe6\x44\xf1\x1d\x2e\x2c\x48\xc5\xfe\x36\x37\x28\xb6\
\xcf\x57\xa9\xf7\x4d\x88\xcc\x8b\xf4\x00\xa4\xd3\x98\xbb\x04\x4d\
\x7c\xdf\x13\xff\x63\x39\x17\x54\x00\x05\xb1\x19\xc0\x52\xb4\xe3\
\x90\x23\x75\x71\x48\xce\x55\x9f\xe3\x82\x65\x80\x20\x9e\xe3\xb8\
\xd0\x89\xdf\xbb\x44\x73\x02\x47\x8c\x13\x1d\xdb\x87\xba\x76\x8e\
\xf2\x8c\x22\x75\x45\xe8\x0a\x17\x53\x8c\x0e\x51\x55\x8b\xbc\x8d\
\xcf\x23\x5d\xe0\xbc\x44\x80\x22\x74\x85\x73\x61\x69\x59\x33\xbb\
\x6b\xd3\x4d\x0f\xb4\x92\xba\x1f\x0f\x75\xf5\xc1\xcc\x1b\xe0\x52\
\xf8\x2d\x46\xb8\xbe\x2f\xf1\x21\x23\x00\x00\x20\x00\x49\x44\x41\
\x54\xc5\xa8\x78\xbb\x8f\xa4\x45\xd3\x17\x37\x25\x1e\xd0\x3f\x22\
\xcf\xa0\x0b\x39\x27\x21\x6d\x6e\x8d\xb2\x71\x79\x06\x5e\xdc\xd0\
\xd7\x2b\x09\xd1\x70\x86\x94\xd0\x68\xe4\x82\x83\x9b\xb4\x48\x80\
\x3d\x36\xc7\xdc\x85\x85\xfb\x15\xd6\x08\x22\xf5\x11\x1c\xca\xf4\
\x74\xbc\x94\xdc\xbf\x73\x8c\xcf\x29\x52\x57\x84\xae\x70\x51\xd0\
\xb9\xdb\x67\x43\xdc\x11\xb6\xb7\x55\xdc\x9d\x17\xff\x6a\x9a\x26\
\x51\xe7\xa5\xc2\xb9\xb0\x98\x56\xb1\xf7\xb7\x5f\xf1\xc0\x32\x5a\
\xff\xe3\x91\x9e\x01\x30\xc3\x04\xd5\x75\xc1\xb4\x05\x45\x5d\xf0\
\x62\x36\x88\x10\x99\xf8\x45\xe2\xb5\x08\x92\xcb\x8b\x04\x04\x6b\
\x0c\x88\x55\x23\x61\x32\x0e\xa2\x52\xad\xe7\x7f\x2e\x07\xf9\xe2\
\x42\x82\xb8\xe1\xba\xdc\xd1\xee\xfe\xea\xf8\xc0\x13\xbf\x64\x30\
\x97\x67\xe4\x21\xce\xdf\x73\x70\xc3\x92\x8a\x8d\x37\xc6\xd0\x95\
\x3b\xd6\xf1\x97\xe4\xbe\x9d\x03\xe6\xa4\x22\x75\x45\xe8\x0a\x17\
\x01\x0c\xbc\xb9\x92\x79\x29\x9e\x0e\xfc\x3b\x38\x66\x97\xea\x8f\
\xea\xbc\x54\x38\x27\xd6\x54\xb6\xb1\x77\xaf\xd8\xf2\xc0\x32\xcd\
\xae\xa9\x67\xf3\x96\x6c\xab\x20\x9b\xeb\xa6\xc0\x51\x2c\xe0\x83\
\x22\x21\x19\x79\x1b\x4a\xa9\x27\xb3\x1a\xa4\x9c\x28\x98\xae\x14\
\x59\xe9\x50\x4f\xa8\xc6\x39\xb3\x89\x30\x4b\x2e\xd6\xbc\x5d\xd3\
\x16\xbb\xd4\x65\xdd\x26\x0b\xd4\xb8\xa5\x30\x27\x52\x67\xde\xdf\
\x5c\x18\xa1\x94\x95\x19\xe1\xd9\xcd\x12\x82\x78\x93\x45\xea\x3b\
\x87\x8e\xee\x1c\xe4\xb3\x8a\xd4\x15\xa1\x2b\xbc\xc3\x61\x12\xbc\
\xfd\xcd\xed\x67\x3d\x21\x09\x21\xe9\x74\x5a\x35\xc5\x29\xcc\x0b\
\x1b\xaa\x3a\xd9\x2d\x1b\xae\x79\x60\x29\x59\xfc\xa3\xa1\x23\x7d\
\x60\x86\x61\x47\xd7\xf0\xe6\xfc\x85\x2e\x78\xd8\xea\x72\x10\x88\
\xd3\x25\x42\xc7\x77\x9d\x7a\xff\xdc\x73\x99\x17\x13\x25\x84\xc7\
\x38\x35\x6e\xce\xb8\xf0\x7c\x5e\xc3\x9a\x93\x05\x70\x46\x34\xc1\
\x79\xb0\xec\x2f\x81\x44\xe0\x9e\xd9\x0b\xf7\xc8\x1f\x5e\x26\x41\
\xdc\x44\x8a\xd2\x09\x91\xd4\xe9\x9c\x06\xbd\x78\x53\x0c\x87\xe6\
\x7a\x3a\x5e\x1b\x38\xb0\x73\x9c\x67\x15\xa9\x2b\x42\x57\x78\x27\
\x83\x83\x17\x5d\x64\xde\x28\xfc\x91\x7d\xa9\x5e\xe1\xe0\xa6\x7a\
\x42\x66\xa6\xa7\x15\xa1\x2b\xcc\x1b\x4d\x5a\x1d\xbb\x63\xe3\xf5\
\x1f\x5b\x4a\x17\x3f\x35\x74\xb4\x1f\x86\x53\x53\x97\xb2\xec\xf2\
\x98\x97\x74\x9b\xe8\x96\x26\x45\xb8\x5c\x4a\xd1\x13\x12\x9c\x57\
\x72\xd5\x02\xb9\xcc\xca\xae\x6f\x3b\xf7\x0e\x84\x88\x8b\x03\x42\
\x7c\xa6\x32\xf2\x97\xa2\xa8\x36\x4f\x65\x15\x79\x22\x74\xce\x3b\
\x49\x08\x2e\x2e\x38\x04\x95\x22\x42\xa9\xdd\xfd\x4e\x91\x68\x8e\
\xa3\xab\x70\xbc\xe3\x2f\xa9\x7d\x3b\xc7\x14\xa9\x2b\x42\x57\x78\
\x87\x9e\x0c\xb6\xe2\x94\xd3\x98\xf3\xf6\x81\x94\x0c\xe3\x39\xe7\
\x98\xcb\x66\xd5\x79\xa9\xf0\x86\xd0\x10\xaa\x65\xef\x5b\x79\xc5\
\xc7\x97\x6b\xf5\x4f\x8d\xf4\x0c\x00\x8c\x7b\x9a\xed\x62\x53\xda\
\x59\x7c\xe8\xfd\x0b\x59\x37\xd2\x17\x37\x75\x23\x7c\x61\x04\xd3\
\x29\x6c\xdb\x04\xeb\xd4\xdf\x99\xc9\x04\xa6\xf6\x06\xde\x88\x46\
\xbd\x95\x06\xb1\xfd\xda\x85\x7d\x10\x49\x00\xc7\x13\xa3\x71\x53\
\xf8\x44\xdc\x9c\xb8\x63\x79\x5e\x33\x1d\xf7\xfe\xa6\xb2\xd1\x0c\
\xd1\x88\x54\x53\x7f\x29\xa5\x6a\xea\x8a\xd0\x15\xde\x91\x30\x0c\
\x83\xbf\x99\xaa\x39\x3f\x47\x44\xcf\xc1\xe7\x1d\xf1\x13\x42\x48\
\x26\x9d\xd1\xd4\xa7\xa1\xf0\x46\xb1\xa6\x72\x25\xbb\xba\x6d\xdb\
\xc7\x97\xeb\x4b\x9e\x1a\xec\x3a\x03\x33\x6f\x48\x4a\x6a\x44\x30\
\x65\xb1\x52\xea\x54\x30\x74\xe1\x52\x1a\xbc\x94\xd7\x80\x14\x4d\
\x3b\x0b\x84\x00\xab\x55\x22\x76\xc4\x49\x62\x37\x72\xf3\x1d\x4c\
\x4b\x48\x8e\xf8\xfd\xd4\x45\x2b\x37\x61\x5e\x5d\xaa\xc1\xf3\x20\
\x25\x46\x2f\x8a\x27\xbe\x7d\x38\x06\x32\xce\xe3\x63\x8d\x51\x1c\
\xca\x74\x77\xec\x18\xec\xda\x39\xc4\xd4\x9c\xfa\x3b\x01\x2a\xb5\
\xa9\x20\x47\xe8\x6f\xa2\xfa\xed\x5e\x64\xce\xb6\xc5\x1b\x10\xa4\
\xc9\xcc\x65\xd4\x79\xa9\xf0\xa6\xb0\xb6\xa2\x8d\x0d\x14\x86\x3f\
\xfe\xec\xc1\xdf\xe2\xf4\xd1\xfe\x07\x16\xaf\x6a\x86\x1e\x09\xb9\
\xae\x64\xde\x78\x18\x97\x2d\x52\x3d\xeb\xf4\x22\x46\x97\x92\xe0\
\x4e\xfa\x9b\x73\x77\x5b\x66\x7a\x03\xe1\x84\xc8\x7a\x74\x45\x16\
\xb8\x84\x82\x99\x0c\x61\xa6\xb1\x4a\xc4\xff\x52\xce\x62\xbf\x64\
\x9c\x15\xe6\x58\xfe\xea\x74\x38\x77\xd3\x5c\xc8\x48\x38\xe6\x2d\
\x9e\x12\x9e\xe0\xd2\xe7\xaf\xb7\x8b\xea\x75\xd2\xa2\x99\x83\x33\
\xc1\x3a\xc8\x5d\x68\x58\xea\x73\x94\x10\x30\x06\xc4\x9b\xe2\x38\
\x92\x3c\xd6\x41\x07\xe9\xce\x31\x9e\xdb\xb2\x88\x44\x94\xa2\x9c\
\x22\x74\x85\x77\x02\x18\x63\xb2\x75\xb3\xd0\x2d\xfc\xd7\x80\xcc\
\x67\x03\xc7\xdd\x8a\x31\x92\x4e\xa7\xc3\xea\xd3\x50\x78\xb3\x68\
\x0a\x2d\x66\xe3\x7c\xe6\xe3\x3f\xde\xf3\x2c\x4e\x1f\xe9\x7b\xa0\
\x7e\xed\x52\x68\xba\xe6\x35\xa3\x89\x29\x6f\xa7\x4b\x9d\x10\x4b\
\x92\xdd\x26\x65\xee\x86\xd0\x1c\x9c\x13\xf8\xd7\xac\x6e\x86\x5d\
\x10\x87\x71\x5b\xe8\x84\x68\x9b\x73\xcb\x3c\xc5\x5b\x27\x70\xc4\
\xcd\x50\xba\x35\x53\x73\xcb\xf5\x75\xef\x11\xe5\x84\xbf\xfd\x4a\
\x6a\xcf\xe2\xbe\xda\xc9\x5f\x0c\xf1\xc9\x77\x33\x67\xe4\x8e\xc0\
\x32\x78\x11\x9f\xd7\xeb\xf4\xb3\xbb\xe3\xfd\x4b\x62\x52\xa4\x68\
\x07\xe1\x58\x09\xe3\x92\x8f\x7c\xac\x31\x86\xae\xa1\x63\x1d\x2c\
\xc5\x77\x8d\xf2\xf4\x65\xb5\xca\xa5\xed\xc2\x0d\xca\xd4\x5b\xa0\
\x20\x72\xba\x24\xcc\xea\x57\xc8\x7a\x4b\x59\xdc\x77\x0d\x82\x97\
\xba\x37\x0a\x86\x4a\xb9\x2b\xfc\x55\xa8\x21\xe5\xec\xbd\x2b\x2e\
\xff\xf8\x32\xad\xfe\xa9\xa1\xae\x33\x30\x0d\xc3\x4d\xb3\x43\xea\
\x0e\x27\xae\x5e\xba\x33\xbf\xcd\x18\xf3\x08\xdc\x11\x6d\xe1\x1c\
\x85\x9c\x01\xd3\x60\x92\xc4\xab\x38\xc3\xce\x4c\x2e\x74\x9e\x73\
\x69\x2e\xdd\x49\xa3\xeb\x4c\xe3\x4d\xd9\xea\xfb\x7d\x64\x0e\x00\
\xb8\xb2\x61\xf3\xf0\x25\x5a\xdb\xfb\x96\xf0\xca\x5f\xeb\x84\x7a\
\xa9\x72\x2e\xb7\x02\x04\x66\xc3\xfc\x9a\xf1\x42\xdf\xa9\xdb\xed\
\x8e\xe2\xb6\x02\x67\x61\x10\x6f\x8c\xa1\x6b\xae\xb7\xfd\xa5\xe4\
\x81\x5d\x49\x25\x13\xab\x22\x74\x85\x77\x06\x48\x00\xd7\x92\xa2\
\x65\x3e\xf7\xfc\xa0\x4b\x30\xb7\x23\xa4\xe1\xaf\x9d\x73\x4f\x66\
\xc3\x5d\x34\xb8\x35\x76\xfb\x42\x98\xcd\xa9\xa6\x38\x85\xbf\x1e\
\x6b\xab\xdb\xd9\xc1\x89\xde\x8f\x9b\xdd\xaf\xf0\xc3\xff\x75\xf0\
\xa3\x6d\xef\x5d\x07\x2d\xa4\xcb\xbc\xe7\x10\xaf\xe3\xad\xee\x46\
\xc6\x04\x9c\x01\xcc\x64\x48\x1d\xea\xc7\xe0\x4b\x27\xc0\x46\x72\
\x08\x55\xc7\x50\x75\x69\x23\x1a\x2f\x6b\x45\x24\x11\xb5\xc7\xd4\
\x88\x63\x9c\xe6\x46\xcc\xdc\x67\x1a\xe3\x3c\x69\x05\x89\x1e\xbe\
\x69\xd1\x55\xcf\x95\x3a\xe6\x55\xb4\xd5\xe8\x31\xfb\x6e\xdd\xcf\
\x8e\x3f\x93\x62\x13\x37\x9a\x84\x59\xcb\x6c\xa9\x46\xcf\xa5\x74\
\xbc\xeb\x28\xe7\x53\xa4\xf5\x4a\x09\xb2\xa1\x8c\xe8\x13\xef\x74\
\xdd\x73\x0e\x24\x9a\xe3\x38\x92\x3a\xde\x8e\x24\x76\x25\xd9\xf4\
\x65\x8d\xb4\x42\x45\xea\x8a\xd0\x15\x2e\xd8\x74\x0d\xa5\x80\x28\
\xf0\xc2\x45\xc9\x2b\x2f\x64\x39\x3b\x95\x97\x58\x08\x40\x68\xe0\
\x21\x01\xf5\x45\xb8\x17\x58\x32\x37\x37\xa7\xce\x4b\x85\xb7\x04\
\xeb\xab\xdb\xd9\x99\xc9\xe4\x83\xc3\x3f\xfa\x0e\x7a\xfe\x73\xdf\
\x47\x3b\xaf\xd9\x04\x2d\xac\x83\x19\xa6\xd7\x14\xe7\x86\xb2\xf6\
\x79\x4d\xac\xa8\x9c\x31\x8e\x13\x7f\x3e\x82\xee\x7f\x79\x0d\x73\
\xa3\x33\x30\x0d\x13\x7a\x48\x47\xfc\xcf\x3d\x18\xfa\xd0\x72\x6c\
\x7e\xe8\x2a\x84\x13\x11\x8f\x60\xc1\x01\x4a\xa5\xd9\x71\xa9\x0e\
\xce\x39\xa2\x46\xe8\xa5\x73\x1d\x73\x87\xd6\x62\x9c\x66\x83\xb7\
\xbd\x4e\x8e\xfe\x32\xc5\x27\x6e\x32\x09\x03\xa5\xd4\xca\x14\xd8\
\xc7\x28\xea\xce\x3b\xab\x09\xd7\x62\xd7\x5e\x54\x38\x9a\xf6\x9c\
\xcb\xca\x74\x10\x9d\xda\x38\xb7\xf4\xdf\xed\x5b\x62\x4b\xa2\xe8\
\x4a\x1d\x6b\xc7\x10\xd9\x6d\xfb\xa9\x2b\x52\xbf\x90\xae\xe1\xea\
\x2d\x50\xf0\xf1\xb0\xc3\xac\xfe\x5b\x84\x01\x57\x8e\x37\x23\x40\
\x43\xce\xd6\x1c\x67\x0f\xce\x32\xc6\x61\x18\x66\x48\x7d\x14\x0a\
\x6f\x15\x5a\xab\x1a\xd9\xc3\x0f\x7d\xe6\xc1\x95\xb4\xe1\x87\x3d\
\xbf\x39\x80\x42\x26\x0f\x4d\xd7\x8a\xce\x73\x62\x93\xa0\x13\x61\
\x4f\x0d\x8c\xe1\xc8\xf7\xb6\x63\xf8\x64\x12\x63\x63\x63\x18\x1d\
\x1b\xc5\xd8\xd8\x18\x92\x7d\xfd\x38\xfe\xb3\x3d\x38\xb5\xbd\xdb\
\x36\x43\xf1\x7f\x51\x88\x6b\x8b\xca\x7d\xd2\x72\x86\xc1\xe2\xf3\
\x39\xe6\xa5\x74\x89\xb1\xc5\xe8\xb8\x7d\x09\xab\xfc\x95\x46\xa8\
\x3b\x63\xee\x8d\xae\x11\xc9\xa1\x25\x50\x5b\xde\x21\x70\xd1\xf5\
\x4d\xf8\xba\x89\xb3\xfa\x62\x79\x2d\xb6\x24\x8a\xae\x6c\x6f\xdb\
\x4b\x43\x07\xf6\x8c\xf2\x9c\x4a\xbf\x2b\x42\x57\xb8\x70\x23\x74\
\x5e\x3c\x05\x53\xc4\xf6\x45\x42\x97\x01\x04\x5d\xda\x6d\xcd\x6b\
\x1f\xe2\xc2\x2c\xaf\xf5\x8f\x31\x13\xd9\xac\x8a\xd0\x15\xde\x5a\
\x2c\x8e\xd7\xb1\x5b\x2f\xbb\xfe\xc1\xf6\xa9\xfa\x1f\x76\xbf\xb0\
\x1f\x85\x5c\xc1\x95\x76\x75\x6d\x4c\x9d\x53\x97\x59\xd1\xee\xd8\
\xf1\x21\x4c\x1c\x1f\x42\x36\x9b\x05\xa5\x14\x86\x61\x20\x9d\xce\
\x60\x76\x76\x16\xb3\x93\x33\x48\xee\x39\x85\x42\x36\x6f\xcd\x9d\
\x33\x14\x19\xa6\x48\xdf\x11\x5b\x99\xae\x10\x32\xb7\xcc\xf7\x98\
\x97\x45\x1b\x8d\x4d\xe1\x8e\x5b\x1b\x49\xf5\xaf\x88\xe9\xc8\xbd\
\x7a\x3c\x2d\x93\xb3\x6f\x84\x8d\x7b\xb2\xb2\x6e\x77\xbc\xdc\x04\
\x2f\xcd\xa9\x8b\x5f\x6d\xce\x39\xca\x5a\xca\x70\x28\xd3\xb3\xf2\
\x95\xc1\xbd\x7b\x06\xcd\xd9\x2a\x75\x06\x29\x42\x57\xb8\xd0\xc2\
\x73\xee\x99\x3b\xba\xd2\x91\x72\x62\xef\xdc\x44\x1e\x18\xee\x97\
\xe4\x7c\xfb\x62\xc8\x5d\x9a\x37\x19\x43\x34\x16\x8b\xab\x4f\x43\
\xe1\xad\x46\x67\x73\x1b\xbb\xf6\x3d\x1f\x7c\x70\x55\xae\xe9\x87\
\x3d\xbf\xda\x8f\xfc\x5c\xce\x23\x49\xee\xd5\x93\x1d\x0b\xd2\xdc\
\x4c\x16\x99\xd9\x34\xa6\xa7\xa7\x51\x30\x0c\xd4\xd6\xd6\xa2\xaa\
\xaa\x12\xb1\x58\x0c\x86\x51\x00\x2f\x30\x70\x93\x81\x38\xba\x30\
\x8c\x4b\x0b\x59\x02\xe2\x35\xb4\xd9\x11\xf1\x0c\xb2\xab\x7f\x33\
\xf2\xca\x07\xe6\x7b\xcc\xed\xa4\x99\x6d\xd4\xdb\x6e\x6d\x40\xf5\
\xf3\x3a\xd1\x8a\xbf\x5b\xae\x3e\x3c\x24\x3b\x57\xa7\xf3\xcf\x29\
\x9d\x09\x7f\x49\xd2\xf6\x5c\x58\x7d\x38\xdf\x7e\xaa\x59\xe9\x7d\
\x5b\x26\x76\xe5\x6b\xa9\x03\xbb\x92\x6c\x5a\x91\xba\x22\x74\x85\
\x0b\x8c\xd0\x01\xfe\xd6\xf9\xab\xbd\x99\xfe\x78\xd3\x30\xc0\x4c\
\x33\xa2\x3e\x0d\x85\xb7\x03\xeb\x3a\x56\xb3\x8f\xde\x74\xf7\x83\
\x6d\xe9\x25\x3f\xec\xfd\x8f\x83\x30\x72\x05\x4b\x27\x5d\xa0\x3b\
\x27\xad\x9d\xa8\x2b\x07\x8d\x87\xac\x88\x35\x91\x80\xa6\x69\x48\
\xa7\xd3\x28\x14\x0a\x88\xc4\xa2\xa8\x5c\x5e\x2b\xe8\xb4\xdb\x39\
\x27\x61\xa2\x4c\xf4\x53\x77\xe6\xd6\x0b\x9a\x41\x92\x65\x53\x3f\
\xdd\x6d\x76\x37\xbc\x11\x52\xbf\x8c\x76\xde\xd1\x40\xaa\x9e\xa7\
\x9c\x80\x9b\x0c\xdc\x14\x4b\x62\xc4\xf7\x85\x13\x24\x62\x4b\xf8\
\xb2\xbb\x5a\xf3\x02\xa9\xbb\x99\x79\x4a\xed\x66\x41\x82\x58\x63\
\x1c\x5d\x85\xe3\x2b\x77\x24\x0f\xed\x1a\xe1\x69\x95\x7e\x57\x84\
\xae\x70\x21\x45\xe8\x81\xae\x54\xe7\x88\xb2\x65\x12\x27\x25\xa3\
\x75\x7f\x0a\x9e\x04\x5c\x68\x4c\xd3\x84\x61\x1a\x31\xf5\x69\x28\
\xbc\x5d\xa8\xaf\xab\x63\x9f\xbb\xef\xef\x1e\x6c\x4f\xd7\xff\xb0\
\xf7\xd7\x07\x60\x14\x4c\x6b\xda\x82\x79\xcd\x9a\x84\x10\xd4\xb6\
\x2d\xc1\xb2\x6b\xd7\xa2\xbc\xa2\x1c\x23\x23\x23\x48\x26\x93\x48\
\xa7\xd3\xe0\xe0\xa8\x5a\xd7\x80\xa6\xcd\xcb\x40\x75\x2a\x93\xa4\
\xf0\xbd\xe1\x8c\xdb\x4d\x77\x92\xb8\x3a\x66\xb4\xb9\x9a\x83\xe6\
\xa9\xbd\xaf\xe7\xbb\xe6\x4d\xea\xcb\xf5\x06\xe3\x8a\xd0\xfa\x3b\
\x1a\x78\xd5\xf3\xd4\xee\x45\x61\xa6\xed\x7f\x2e\xe8\xd4\x4b\x7c\
\x5e\xe2\x0b\xeb\x34\xc3\x71\x2e\x8c\xd9\x39\xc7\xec\xe4\xef\x1d\
\x31\x1b\x4a\x90\x68\x8a\xe3\x48\xe1\xf8\xca\x97\x53\x07\xf6\x8c\
\xf2\xb4\x8a\xd4\x17\x30\x54\xad\x52\xc1\x47\xe8\x3e\x63\x65\x51\
\x76\xd2\xae\x37\x5a\x3f\x19\xa6\xa6\x66\xdc\x88\xc6\xbd\x38\xd8\
\x23\x68\xe2\xb6\x94\x52\x54\x56\x56\x16\x2d\x0e\x5c\xef\x6a\x31\
\x42\x37\x4d\x00\x50\x4d\x71\x0a\x6f\x2b\xca\xe2\x71\x76\xfc\xf4\
\xc9\x07\x9f\xfd\xc3\xaf\x71\xe4\xf9\x7d\x1f\xed\xbc\x71\x23\x42\
\xb1\x90\x67\x5f\x4a\x08\x62\x95\x71\x5c\xfa\xd1\xf7\x20\x14\x0d\
\xa1\xef\xe5\x5e\xe4\x26\x32\xd0\x42\x3a\x6a\x37\x36\xe3\x92\x07\
\xae\x44\x4d\x6b\x9d\xd5\x29\x2f\x98\xac\x38\x64\x09\xa7\x7b\xdc\
\x89\x7c\x5d\x15\x46\x2b\xfa\x9d\xc0\x6c\xfd\x61\x7e\x7a\xef\x4e\
\x76\x64\xd3\x16\xba\x3a\x35\x9f\x63\x6e\x22\xb5\xc6\x71\x3e\x70\
\x1b\x29\xf4\x3e\x93\x22\x93\x37\x1b\x30\xe4\x15\x33\x95\x0c\xd8\
\xe5\x45\xb7\x58\xd4\xe7\x90\x07\x57\x5c\xff\x78\xb8\x52\xb8\x8e\
\x9f\xbc\xb3\x9b\x58\x63\x1c\x5d\xc9\x63\x2b\x91\xc2\xae\x14\x9b\
\xb9\xac\x81\x96\x4f\xaa\xb3\x48\x11\xba\xc2\x85\x40\xec\x25\x16\
\xf8\x62\x76\xcf\x34\x19\x66\x67\x67\xb0\xa4\x61\x89\x1b\x95\x53\
\x4a\xc1\x18\x93\xc8\x9c\x31\x86\xa1\xa1\x21\x54\x54\x56\x78\x63\
\x35\x20\x60\x8e\x87\xb3\x33\x62\x63\x5f\x54\x98\x25\xe2\xa1\x84\
\x65\x14\xde\x76\xac\x5c\xba\x9c\x1d\xee\x3d\xf2\x20\xfb\xcb\xef\
\x79\xef\x7f\x1c\xfc\x58\xfb\x0d\x1b\xa0\x47\x74\x70\xc6\x41\x29\
\x01\xd5\x35\x54\xb5\xd4\x62\xeb\x27\x3f\x80\xf6\x6b\x36\x60\x76\
\x64\x1a\xe1\x78\x04\xd5\xad\x75\x28\xab\xab\x00\xd1\xa8\xbd\x46\
\xf5\x22\x5d\xcb\x28\xc5\x5e\xe0\x32\x26\x75\x97\x5b\xdf\x07\x8f\
\x58\x27\x91\xae\xef\x32\xcf\xec\xd9\x61\x1c\xde\xbc\x55\x5f\x3b\
\x2f\x52\x5f\x49\x9a\xd8\x31\x3e\x70\x1b\x0a\xbd\xbf\x4c\x69\x93\
\xb7\x18\xdc\x74\xbb\xe2\x04\x5b\xf4\x92\x0d\x2c\xae\x01\x9b\xc8\
\xed\xc2\x17\xde\x35\x71\x11\x32\x0e\x8e\x25\x6c\xbc\x31\x86\xae\
\x81\xde\x95\x18\xc4\xae\x3e\x36\x79\x59\x0b\xad\x52\xa4\xbe\xc0\
\xa0\x52\xee\x0a\xc5\x84\xed\xa4\xe3\x18\x17\x9c\x1e\xed\x3a\x20\
\x3c\xb2\xd6\x75\x1d\xe1\x50\x18\x8c\x31\x14\x0a\x56\xd7\xf0\xe2\
\xba\x5a\xcb\x31\x6d\x6e\x0e\x9c\x73\x50\x4a\x5d\x17\x37\x6e\x5f\
\x1c\x18\x63\x20\xb0\x22\x77\xd7\x45\xca\x0e\x22\x18\x63\xd0\xa8\
\x16\x55\x9f\x86\xc2\xdf\x02\x6b\xdb\x57\xb3\x8f\xde\xf2\x91\x87\
\xda\x33\xf5\x3f\xe8\xfd\x8f\x03\x30\x72\x05\xf7\x7c\x24\x94\x42\
\x0b\xeb\x88\x55\x25\xd0\xb0\xb6\x15\x6d\x57\xaf\xc5\xd2\x77\xb5\
\xa3\xa2\xa1\x1a\x7a\x24\x04\xea\x8c\xbe\xc1\x73\x42\x73\xbf\x3b\
\x5c\x92\x3f\xf4\x22\x65\xef\x11\x00\x21\x98\x24\x99\x25\x47\x58\
\xdf\xde\x1d\x85\xf9\xa7\xdf\xdb\x48\x13\xbb\x2c\xb4\xea\xce\x06\
\x54\x3d\x17\xd2\x74\xa1\x54\xce\xcf\xce\xe8\xc2\x2c\xba\xec\xd7\
\x2e\x74\xc4\x43\xf0\x81\x17\x25\x67\xed\x0c\x5c\xbc\x39\x81\xae\
\xec\xb1\x95\x3b\x53\x5d\xbb\x46\x79\x56\xa5\xdf\x15\xa1\x2b\x2c\
\x5c\x46\xe7\xae\xf5\x23\x17\xcc\xa4\xdd\xdb\x6c\x59\x4c\x2e\x10\
\x3e\x33\x4d\x24\x93\x49\xec\xdc\xb9\x13\x13\xe3\x63\xa8\xae\xaa\
\xc2\xc9\x93\x27\xb0\x67\xcf\x1e\x4c\x4c\x4c\xb8\x17\x03\xe6\xb8\
\x3d\xd9\x8f\x35\x99\x09\xc3\x34\xc1\x4c\x06\xc6\xec\x7f\xf6\xef\
\x20\x2a\xe5\xae\xf0\xb7\xc3\x92\xda\x7a\xf6\xe9\xbb\x1f\x7c\xa8\
\x3d\x5d\xff\x83\x9e\x17\x2c\x52\xf7\xca\xc8\x04\x44\xd3\xa0\x85\
\x74\xe8\x61\x8b\xc4\xb5\x90\x66\x95\x92\x34\x6a\xa7\xdc\xbd\x34\
\xbb\x97\x6d\x22\x52\x2a\xdb\x9b\xe6\x80\xd0\x4e\x6f\x2d\x8e\x27\
\x91\xae\x3f\xc2\xcf\xec\xdb\xc9\x8e\xce\x9b\xd4\x97\x91\x25\xc6\
\xe5\xfa\xba\x3b\x1b\x50\xfd\x9c\x4e\x34\x37\xad\x6f\x8d\xa1\xd9\
\x4f\xe2\x33\x9a\x11\x6b\xe7\x92\x8b\x9b\xb0\x70\x77\x17\xf2\xdc\
\x93\xc2\xf5\x16\x2d\xd6\xae\x12\x2d\x09\x74\x1b\x27\x57\xbe\x3c\
\xb4\x6f\xb7\x22\x75\x45\xe8\x0a\x0b\x96\xcf\x79\xd6\x21\x55\x27\
\x92\x66\x8c\xc1\x64\x26\x4c\xd3\xf4\x88\xd7\xfe\xc7\x61\x11\x75\
\x5d\xdd\x62\xac\x5d\xbb\x16\x15\x95\x55\x18\x1d\x1f\xc7\xd2\xa5\
\xcb\xb0\x7e\xfd\x7a\x54\x54\x54\xb8\xab\x7c\x66\x3f\xde\x23\x77\
\x6e\xab\x71\x31\x6f\x91\x00\x77\xe1\xc0\xd4\xa7\xa1\xf0\xb7\x44\
\x45\x59\x05\xbb\xeb\xba\xdb\x1e\xea\xcc\x36\x7c\xbf\xe7\x57\xfb\
\x61\xe6\x0d\x8f\x9c\xa9\x50\x23\xb7\xe7\xb6\x3d\xe2\xf4\x82\x5f\
\x22\x5a\x9a\x12\x21\xc5\x2e\x8e\x91\x71\x5f\x19\xdb\xce\x5c\x4d\
\x22\xbd\xf8\xb0\x79\x7a\xdf\x6b\xc6\xa1\x79\x93\x7a\x33\xa9\x35\
\x36\xd1\xf6\xdb\x1b\x58\xe5\x73\x94\x50\x97\x90\x09\x21\x01\x41\
\xba\x20\xff\xca\xbd\xe8\x9b\x0b\x73\x75\x9c\x71\x4f\x1a\x56\xee\
\xef\xf3\x54\xf4\x6c\xf5\xb9\x58\x43\x14\x87\x32\x3d\x2b\x5e\x4a\
\xee\xdd\x3d\x60\x4e\x2a\x52\x57\x84\xae\xb0\xd0\x10\x8d\xc5\xb2\
\x4e\x6d\xbb\xa8\x23\xdd\xd7\xd0\x46\x04\xe7\x89\x58\x2c\x8a\xea\
\xea\x6a\x00\xc0\xc4\xc4\x24\x34\x4d\x43\x65\x65\x15\x74\x5d\x97\
\xd2\x7c\x4e\xc4\x2f\xa6\x25\xc5\xa8\xdd\x21\x77\x70\x98\xea\xd3\
\x50\xf8\x5b\x63\x59\x63\x0b\xfb\xda\x27\x1e\x7e\xb0\x33\xd7\xf8\
\xdd\xee\x5f\xed\xb7\x22\x75\xc6\x2c\x02\x66\xdc\xae\x99\x3b\x25\
\x22\xe2\x8e\x8e\xc9\x86\x46\x5e\x93\xb9\x4b\xae\x12\x43\x0a\xd1\
\x32\xe3\x10\xe6\xca\x30\x89\xf4\xe2\x6e\x3e\xb0\x77\x3b\xeb\x6a\
\x9a\xef\x31\xaf\x20\x0d\x6c\x73\xa8\xf3\xf6\x26\xba\xe8\x59\x0d\
\xd4\xcd\xa8\xc9\x8c\x2e\xcd\xd0\xb9\xcb\x09\xce\xb8\x27\x4f\x0b\
\xaf\xfe\x2f\x92\x3e\x17\x74\xe0\x5d\x29\x59\x3b\x63\x57\xd6\x9c\
\xc0\xa1\xb9\xee\x15\xdb\x93\x87\x77\xa5\xd8\x8c\x22\xf5\x05\x00\
\xd5\x14\xa7\xe0\xa2\x2c\x91\xc8\x10\x42\x30\x3b\x3b\x8b\x7c\xa1\
\x20\xcd\xa5\x73\x70\xc4\x63\x71\x44\x22\x11\xb7\xd9\x8d\x31\x86\
\x4c\x66\xce\x8d\x44\x9c\x19\x56\x66\x75\xaa\x5b\xf5\x70\xcd\x4a\
\x4f\x9a\x86\xd7\x91\x9b\xc9\x64\x30\x39\x39\xe9\x36\xd1\x51\x4a\
\x11\x0e\x87\xb1\x71\xd3\x25\x08\xeb\x21\x10\x4a\xf2\xea\xd3\x50\
\x38\x5f\x78\xf0\xd6\xfb\xfe\xee\xbb\xbf\xfc\x11\xef\x7d\xe1\xe0\
\x27\xda\x6f\x58\x6f\xf9\xa9\x73\x6e\x89\xc8\x38\xb3\xdb\xf6\x5c\
\xb9\x3b\x18\x42\x65\xcd\x76\xf7\x57\x48\xf2\xe9\xf2\x02\x40\xea\
\x44\xb7\xc8\x7f\x12\xe9\xfa\x23\x85\x33\x7b\x76\x9a\x47\x37\x6f\
\xd1\x56\x0d\xcc\x8b\xd4\x69\x23\x3b\xcd\x87\xee\x78\xbd\xd0\xf5\
\x8b\x41\x3a\x75\xab\xc1\x4c\x2f\xfd\x4f\xe1\x8d\xe4\x39\x9c\x4e\
\xa9\x3b\x52\xc7\xfd\x0b\x74\xee\x8c\xee\x71\xb8\x72\x4f\x04\x92\
\xf3\x1b\x9c\xbe\x17\xce\x91\x68\x4a\xa0\x7b\xe4\xd4\x4a\x92\x22\
\xbb\x87\x78\xfa\xd2\x7a\x92\x50\x8d\x72\x8a\xd0\x15\x16\x02\xea\
\xeb\xeb\xf7\x2d\x5f\xbe\x1c\xe9\x74\x1a\x67\xce\x9c\x41\x2e\x97\
\x03\xd5\x28\x22\xb1\x28\xc6\x47\xc6\x60\x14\x0c\x84\xc3\x9e\x55\
\xb9\xae\xeb\x98\x9d\x9d\x2d\xba\x28\xf9\xc7\xd1\x08\x21\x98\x9a\
\x9a\x72\xa3\xfe\x50\x28\x84\xd6\xa5\x4b\x11\x09\x87\x61\x98\x06\
\x88\x46\x51\xb3\xa8\x06\x1f\xf8\xc0\xfb\xd1\xdb\xdd\x6b\x34\x35\
\x36\xbd\xac\x3e\x0d\x85\xf3\x85\xda\x9a\x45\x8c\x71\xf6\xc9\xaf\
\x7f\xe7\x5b\xe8\xf9\xd5\xfe\x4f\x74\xdc\xb4\x11\xa1\x68\xd8\x4b\
\x53\xdb\xf6\xaa\xdc\x35\x43\x17\xa2\x62\xce\x41\x08\x05\x88\x17\
\xd9\x72\x37\x0a\x96\x67\xc9\xfc\x59\x2f\x67\x1f\x53\x24\xbd\xb8\
\x8b\x9f\xd9\xbb\xb3\xd0\xb5\x69\x4b\x68\xcd\xbc\x48\x7d\x29\xa9\
\x67\x67\xd8\xc8\x5d\x3b\x0a\x87\x7e\x36\xa8\x4d\xdd\x6a\x98\x06\
\xa8\xa3\x01\xcf\xbd\x79\x78\x6e\x72\x70\x22\xeb\xb8\x83\x48\xa5\
\x72\x57\x04\xc7\x29\x1f\x38\x7c\x6e\x45\xf0\xf6\xf6\xf6\x34\x8b\
\x16\xd2\x10\xab\x8f\xe0\x48\xea\xc4\x0a\x32\x48\xf7\x8c\xf1\xec\
\xe6\x45\x24\xaa\x48\xfd\x3c\x81\xa8\xb7\x40\xc1\xc1\xe9\xd3\xa7\
\xc3\x8f\x3d\xf6\xd8\xce\x91\x91\x91\x0d\xe5\xe5\xe5\xc8\xe5\x72\
\x88\x44\xa3\x28\x14\xf2\x18\xe8\xef\xc7\xd8\xd8\x38\x0a\x85\x82\
\x57\x57\xb4\x0b\x6e\x54\x48\xd9\x51\xaa\xb9\x27\x96\x33\x83\xee\
\x6c\x43\x29\x05\x07\x47\x4d\x75\x0d\x34\x5d\xe7\xb5\xb5\xb5\xc8\
\xce\xcd\xa1\xbc\xbc\x1c\x85\x42\x01\x00\xd2\x1d\x1d\xed\x7f\xff\
\x85\x2f\x3c\xfc\xaf\xea\xd3\x50\x38\xdf\x38\x93\xec\xa7\x3f\x7d\
\xf1\x99\x7f\x3d\x1a\x49\x7e\xa2\xe3\xc6\x0d\x88\xc4\x23\x60\x4c\
\x18\x47\x83\xd7\x00\xc7\x05\x83\x14\x37\x4a\x67\x5c\x4a\x71\xbb\
\x3f\x4b\xce\x84\xda\x8b\x01\x3b\xda\xaf\x46\xd9\xc8\x2a\xd2\xbc\
\x69\xab\x3e\x3f\x52\x07\x80\x63\x85\x7e\xba\x9f\x9c\xf8\xf9\x80\
\x39\x7a\x1b\x23\x76\xe3\x1d\x63\x76\x54\xce\xdc\x4b\x3e\xa1\x9e\
\x5d\xac\x5b\xcf\xa7\x82\x72\x9c\xdd\x28\x47\x6d\xf3\x19\x27\xdd\
\xee\x94\x10\x9c\x72\x99\xf5\xda\xad\xae\xfd\x74\xff\x2c\x56\x45\
\xdb\x4e\x6e\x5b\xb2\x6e\x73\x23\xad\x50\xa4\xae\x08\x5d\xe1\x7c\
\x63\x68\x70\x50\x7f\xe5\xd5\x57\xaf\x3b\x7e\xfc\xf8\x3a\x5d\xd7\
\xf3\x9a\xa6\xe5\x43\x21\xdd\x0c\x87\xc2\xf9\xca\xaa\x2a\x93\x31\
\x66\x84\x23\x61\x23\x12\x0e\x1b\x9a\xa6\x73\x4a\xa9\x41\x29\x35\
\x23\x91\x48\x36\x1c\x0e\x33\x42\x89\x41\x29\x05\x25\xd4\x8c\x44\
\xc2\x73\xba\x1e\x32\x6d\x62\x37\x28\xa5\x86\x46\x69\x4e\xd7\x43\
\x86\xdd\x00\x67\x30\xc6\x4c\x00\x06\x21\x94\x65\x73\xd9\xd9\xb6\
\x95\x2b\x0d\xf5\x29\x28\x2c\x24\xfc\xc3\x77\xfe\xf9\x3b\x3d\xd1\
\xe4\x27\x3a\x6f\xb9\xc4\x4a\xbf\x0b\xc4\x28\x68\xa7\x4a\x24\xcf\
\x83\xdc\x0a\x45\xbe\x2f\x75\x11\xb6\xf7\xc1\x4c\x06\x42\x09\x16\
\x69\x15\x23\x9d\xa4\x69\xd3\x56\x3a\x7f\x52\x3f\xce\x93\x74\x77\
\xf6\xe8\xcf\x53\x64\xf2\x36\xe8\xc4\xcd\x28\xb8\xcf\x46\x84\xa6\
\x38\xbb\xf3\x9e\x68\x54\xca\x12\x38\xaf\xc3\x1d\x88\x13\x4a\x08\
\xee\x0a\xc0\xf6\x69\x27\xf6\x71\x73\x93\x21\x9d\xcc\x60\x6d\xa4\
\xfd\xe4\xd6\x86\x75\x9b\x1b\x95\xf8\x8c\x22\x74\x05\x05\x05\x85\
\x85\x84\x91\x89\x51\xfa\xdd\x5f\xfc\xe8\x5f\x7b\xe3\x43\x9f\xe8\
\xbc\x69\x23\xb4\xb0\x06\xce\x60\xc9\xbe\xba\x33\xe7\x44\xe6\x64\
\x52\x3c\xcb\x2d\xf3\xbf\x6f\x1c\xcc\x09\xd4\xfd\x52\xca\x1a\x41\
\x35\x4f\x8c\xac\xa1\x4b\x37\xcd\xb7\xa6\x0e\x00\x03\x7c\x94\xbe\
\x9a\x3b\xf8\xb3\x41\x6d\xea\x76\x93\x99\x6e\x2d\xdf\x75\x97\xf3\
\x59\xb5\xc3\x95\xbe\x15\x8e\x9f\x7b\x11\xbe\x33\xb3\xee\xa9\xc7\
\x89\x0b\x1a\xee\x65\x00\x08\x41\x26\x35\x87\x55\xda\x8a\x93\x5b\
\xea\x3b\x37\xb7\xe8\x35\x8a\xd4\x15\xa1\x2b\x28\x28\x28\x2c\x1c\
\x18\x05\x83\x7e\xf3\x07\x8f\xff\x6b\x77\x38\xf5\x89\xce\x5b\x36\
\x42\xd3\x35\x2b\x0d\xed\xa4\xa9\xb9\x10\x7d\x73\x5f\x14\xce\xa5\
\xe0\xd8\x8b\x72\xfd\x29\x78\xb7\x99\x8e\xc8\xee\x69\x04\xa8\x46\
\x62\x64\x35\x6b\xdd\xb4\x35\x3a\xff\x48\x3d\xc9\x47\xe9\xab\x85\
\x43\x4f\xa7\xc8\xe4\x9d\x26\x37\x01\x42\xc0\x4c\x06\xaa\x09\xc3\
\x4d\xf6\x21\x38\xe9\x77\x77\x76\x1e\x82\xf2\xb3\xc8\xdd\x8c\x83\
\xea\x1a\x98\x69\xeb\xdf\x73\x61\x80\x05\x00\x37\xad\x7a\xfd\x5c\
\x6a\x0e\xab\xc2\x2b\x4e\xbd\xa7\xe1\x92\x4d\x75\x24\xae\x48\xfd\
\x6f\x04\x35\xb6\xa6\xa0\xa0\xa0\x70\x0e\xe8\x21\x9d\x3d\x70\xe3\
\x47\x3e\xb9\xc6\x68\xfe\x4e\xf7\xaf\xf6\xc3\x34\x4c\x3b\x5a\x95\
\x9d\xce\xfc\x0e\xa6\xae\x90\x8c\x9f\xcc\x3d\x85\x19\xc9\xa0\x98\
\xda\xda\xf0\x1e\xc1\x5b\x44\x3b\x49\x32\x75\x87\xc9\xe9\xbd\xdb\
\xf3\x87\xe7\x3d\xd2\xd6\x48\x6a\xd9\x16\x6d\xd5\xdd\x8d\xa8\xfe\
\x39\x85\xdd\xd9\x6e\x47\xe2\x5c\x54\xb4\x73\x86\xe3\xa9\x6c\xb2\
\xee\x76\xc6\x0b\x9a\xee\x84\x12\x18\xb9\x02\x0a\x73\x05\x98\x06\
\x73\x5f\x2b\xb7\x3b\xeb\xa8\x6e\x69\xd5\x47\x97\x44\x71\xb4\x70\
\x62\xd9\x4b\xc9\x7d\x7b\x06\xd9\x4c\x8d\x3a\x83\x54\x84\xae\xa0\
\xa0\xa0\xb0\xe0\xf0\xcd\xef\x3e\xfe\x6f\x47\xa2\x03\xff\xad\xe3\
\xc6\x0d\x56\xda\xdd\x69\xfe\x74\xfd\xc7\x61\xcb\x1e\x13\xa9\x1d\
\xce\x2f\xf4\x22\x4e\x82\x88\x11\xbe\xf7\xb7\x1c\xc1\x13\x00\x55\
\x48\x8c\x74\xf2\xe6\x4b\xb7\x45\xd6\xf5\xcd\xf7\x78\x4f\xf1\x41\
\xba\xdb\xe8\xfe\x49\x92\x8f\xdf\x65\x70\x66\xcf\xd4\xcb\x2b\x10\
\x29\xca\x76\x5d\xe2\xe0\xe9\xd2\x9b\x16\x79\x8f\x9d\x18\x46\xff\
\x1f\x7b\x91\x3f\x3d\x0d\x1a\x0d\xa1\x6c\x43\x1d\x5a\xaf\xea\x40\
\x62\x51\x19\x98\x61\xba\xca\x79\x16\xf9\x53\xcc\xf6\xcf\x62\x8d\
\xde\x76\x6a\x4b\xc3\xea\x4b\x9b\xb5\xaa\x71\x75\xf6\x28\x42\x57\
\x50\x50\x50\x58\x30\x48\x0e\x0f\xd1\x1f\xff\xfa\x67\x4f\x76\x47\
\x52\xff\xad\xfd\x86\xf5\x08\xc5\xc2\x70\x95\xd8\x84\x3c\xb5\x3b\
\x7f\x4e\x10\xd0\x1c\x27\xe7\xb2\x09\x9c\x4e\x79\xb1\xf6\x5e\x6c\
\x93\x44\x28\x50\x85\xb2\x91\xb5\xfa\xd2\x4d\x5b\xc8\xfc\x6b\xea\
\x29\x3e\x46\x5f\x31\x0f\xfd\x24\xc5\x27\xee\x32\x4c\xc3\xf5\x3c\
\x77\xfd\xdf\x21\x6a\xd1\x0b\xeb\x08\xa7\x86\xce\x81\xe4\xc1\x3e\
\x1c\xf9\xa7\xbf\x60\xea\xf4\x28\xb2\xd9\x2c\x34\x4d\x43\x79\x79\
\x39\x62\x1b\xeb\xb0\xe5\x2b\x1f\x42\x59\x6d\x85\xdb\x0d\x2f\xee\
\x2f\x3d\x90\xc1\x9a\x68\xfb\xa9\x2b\x96\xac\xbf\xb4\x9e\x24\x14\
\xa9\xbf\x8d\x50\x29\x77\x05\x05\x05\x85\x37\x80\xc6\xc5\xf5\xec\
\xcb\x1f\xfd\xdc\xa7\x3a\xb3\x8d\xff\xd6\xf3\xc2\x7e\x98\x05\xd3\
\x8d\xa8\x09\xbc\x70\x5c\x94\x55\x2d\xb2\x25\xb6\x6b\xd5\x0e\xd9\
\x73\x41\x97\x95\x83\xfb\xa2\x74\xb8\x69\x7b\xce\x81\x49\xa4\xeb\
\x0e\x1b\xa7\xf7\xee\x34\x8e\xcc\x3b\xfd\xde\x40\x16\xb1\xf7\x6a\
\x9b\xee\x59\x6c\x54\x3c\x43\x6d\xfb\x63\x31\xed\xcf\x45\x85\x39\
\x5b\xb6\xd6\x69\xde\xa3\x1a\x45\x76\x66\x0e\x47\x9f\xda\x81\x81\
\xc3\xa7\x30\x32\x32\x82\x89\x89\x09\x4c\x4e\x4e\x62\x60\x60\x00\
\xa9\x3f\xf7\xa2\xfb\x85\xbd\xe0\xa6\x2d\x19\x6d\x47\xf3\x8e\xbf\
\x7c\xbc\x29\x8e\xae\xdc\xb1\x65\x2f\x27\xf7\xef\x9e\xe0\x39\x95\
\x7e\x57\x84\xae\xa0\xa0\xa0\xb0\x70\xa0\xe9\x94\xdd\x7b\xc3\x1d\
\x9f\x5e\x95\x6f\xfe\xb7\xee\xe7\xf6\xc2\xcc\x1b\xde\x8c\x36\x04\
\xef\x13\x77\x94\xcd\xd7\x88\x26\x1a\xb9\x50\x22\xf5\xc6\x11\x3b\
\xba\x27\x41\x41\xbd\x5d\xdb\x9e\x44\xba\xae\x0b\x7d\x7b\x5f\x67\
\x47\x5a\xe6\x7b\xcc\xb5\xa4\x82\x6d\x35\x3b\xef\x89\x67\xf4\x7e\
\xce\xe0\xda\xbd\xba\x02\xb6\xc4\x7b\x7e\x67\x9c\x8d\x03\x30\x0b\
\x26\xa6\x06\xc6\x31\xbc\xf7\x0c\x66\x66\x66\x40\x29\x85\x69\x9a\
\xc8\x64\x32\x48\xa7\xd3\x98\x9e\x9e\xc6\xf8\xee\x01\xe4\x33\x39\
\x3b\x8b\xe0\x2d\x18\x9c\xac\x43\xa2\x31\x86\x6e\xe3\xc4\xb2\x3f\
\xa6\x76\xef\xee\x37\x27\x14\xa9\x2b\x42\x57\x50\x50\x50\x58\x40\
\x91\x7a\xfd\x12\xf6\xd5\x87\x3e\xff\xc9\xce\x5c\xd3\x93\xdd\xcf\
\xef\x87\x91\x37\x5c\xf1\x15\x02\x4b\x94\xc5\x6b\x96\x93\xf5\xd5\
\x89\x50\x3f\x77\x6e\x2e\x92\x87\x15\xd5\xe5\x7c\x51\x3e\xe7\x1c\
\x13\x7c\xb6\xae\xcb\x38\xbd\x7b\x7b\xe1\xf0\xbc\x49\x7d\x59\x59\
\x53\xbe\x9d\x34\x7d\x9a\x0a\x5e\xe7\x9e\x6f\x32\x2c\xe1\x1c\xa1\
\xb0\xee\x34\xe8\xe5\x66\xb3\x98\x9d\x9e\x41\x3a\x9d\x46\x66\x6e\
\x0e\xb5\xb5\xb5\xa8\xae\xae\x46\x22\x11\xb7\xc4\xa6\x38\xec\x1a\
\x3a\xf1\xbc\x68\xec\x7d\x3b\x7a\xf0\xd1\xfa\x28\x8e\xe4\x8e\x2f\
\xdb\x91\xea\xda\x3d\xc0\xa6\x14\xa9\x2b\x42\x57\x50\x50\x50\x58\
\x58\xf8\xea\x43\x9f\xff\x74\x67\xb6\xf1\xc9\xee\xe7\xf6\xc3\xc8\
\x9b\xae\xf4\xb1\x3b\x82\xe6\x58\xaa\x11\x2b\x52\x77\x34\xe0\xb9\
\x13\xa9\x4b\xbe\xe3\x16\x71\xbb\x6a\x8c\xb2\xea\x0c\xe0\x05\xfd\
\x60\x26\xc3\x24\xd2\x75\xdd\xa4\x7f\xf7\x8e\xdc\xfc\x49\xbd\x8c\
\xc7\xfe\x14\x61\xba\x49\xa8\x2f\x07\xe0\x74\xb3\xdb\xdd\xed\x4e\
\x37\x3c\x00\xc4\x6b\x12\xd0\x17\xc5\xc0\x39\x47\x3c\x16\x83\xa6\
\x69\x98\x9e\x9e\x86\x61\x9a\x08\x47\xc2\x88\x2c\xab\x84\x1e\x0d\
\x59\x82\x38\x00\xe0\x34\x04\xda\xaf\x83\xda\xfa\xef\x89\xa6\x04\
\xba\x8d\x93\xcb\xba\x47\x4f\x7d\x45\x9d\x39\x8a\xd0\x15\x14\x14\
\x14\x16\x1c\xbe\xfc\xb1\xcf\x7e\xb6\x33\xdb\xf0\x64\xf7\x73\xfb\
\xec\xf4\x3b\xdc\x08\x58\xaa\x85\xbb\x36\xa6\xc4\x23\xf0\x00\x53\
\x34\x39\x52\xb7\x75\xd4\x25\x9f\x75\xcb\x8f\x9d\x03\x98\xe0\xe9\
\xba\x2e\xd2\xb7\x67\x47\x7e\x9e\xa4\x1e\x26\xf9\x10\xd5\x0a\x10\
\xf6\x2d\xb9\x22\x3a\xd9\x03\xbb\x6e\x40\x28\x41\xf9\xe2\x2a\x74\
\xde\xba\x09\x15\x8b\xaa\x30\x39\x39\x89\xfe\x81\x7e\x64\x32\x19\
\xe4\x73\x79\x94\xb5\xd5\xa1\xe5\x3d\xed\xd0\x42\xba\x37\x02\xe7\
\x6a\xd5\xdb\x8e\x8a\x70\x52\xf1\x1c\xd1\xc5\x11\x9c\xc6\x99\x0f\
\x9c\x99\x19\x08\xab\x33\xe7\xad\x85\x32\x67\x51\x50\x50\x50\xf8\
\x6b\x2f\xa4\x21\x8d\x01\xf8\xf4\xd7\xbf\xfb\x18\x8e\x3e\xbf\xff\
\x53\x1d\x37\x6d\x44\x28\x1e\xb6\x1c\xda\x60\x45\xe6\x4e\x32\xdb\
\x89\x8c\x25\x83\x14\x1f\x89\x13\xc9\xae\x0d\xc2\x5c\x9b\xb8\x00\
\xb0\xee\x67\x9c\x61\x8a\xa4\x6b\xbb\x78\xdf\x9e\x57\xb3\x07\x37\
\x5f\x11\x5d\x7f\xd6\x91\x36\x2d\xa4\x2f\xcd\x71\x23\x22\xc9\xbf\
\x52\x61\x81\x01\x61\xff\xce\x1a\x20\x11\xc1\x9a\x1b\x2e\x05\xe7\
\x1c\xc7\x5f\x3c\x84\xec\xf0\x2c\x88\x46\x50\xd1\xb1\x18\x1b\xef\
\xb9\x1c\x0d\x6b\x9a\x5d\xf9\x58\x57\xfd\x8e\x90\x62\x13\x1a\xce\
\x91\x1e\x9f\xc1\xa9\x63\x3d\xdb\xfa\xe6\x8e\xff\xa9\x7b\xe8\xf8\
\xfb\xe3\xb1\x32\xa3\xa5\xa2\x5e\x49\x3e\xbf\x05\x50\x63\x6b\x0a\
\x0a\x0a\x0a\x6f\x21\xbe\xf1\xdd\xc7\xfe\xe5\x48\xa8\xff\x53\x6d\
\x37\xac\x47\x28\x1a\xb2\x08\xcd\x19\xe7\x12\x1a\xd1\xa4\x19\x74\
\xa1\x21\xcd\x8d\xe4\x6d\x76\x27\x76\x37\x3a\x47\x90\x07\xab\x30\
\x22\xc6\x38\xaa\xb5\xf2\xd1\xd5\x5a\xcb\xe6\xad\x74\x4d\x49\x52\
\xff\xe1\xd4\x8b\xff\x39\x1a\x99\xfd\x90\x57\xef\xe6\x76\xa4\x4e\
\x65\xa9\x5a\x71\xe4\x8e\x73\x30\xc3\x44\x3e\x93\xc3\x54\x72\x1c\
\xd3\xa9\x09\x50\x9d\xa2\xaa\x69\x11\xca\xea\xab\x10\x8e\x45\x00\
\xea\x35\xff\x49\x6b\x11\x78\x16\xae\xe9\xd1\x69\x0c\xf6\x0c\x60\
\x70\x60\x08\x63\xd9\x49\xac\xcd\x37\x9e\x69\xec\x5c\x59\x78\xff\
\xb6\x2b\xaf\xbc\x3c\xbe\x76\x48\x9d\x3d\x8a\xd0\x15\x14\x14\x14\
\x16\x14\xbe\xfe\xef\xdf\xfa\x97\x23\x7a\xff\xa7\x3a\x6f\xbd\xc4\
\x9a\x53\xe7\x9e\xbd\xb0\x43\x75\xb2\xce\xbb\x38\xbb\xed\xd5\xde\
\xfd\xda\xee\xa2\x3d\x39\xf1\xb5\xc2\x3b\x36\xa9\x15\x66\x6c\xb4\
\x35\x5d\xf3\xe1\x0f\xd6\x6c\xdd\xeb\x3f\xae\x67\x26\xff\xf4\x7f\
\x9e\x09\x8d\xfd\x7f\x3c\x04\xc2\x79\x90\x26\xad\xc0\x0a\x8c\xfb\
\x12\x08\x5e\x46\xc1\x19\x73\x73\x65\x64\x85\x06\x3a\xbf\x36\xbc\
\xb3\xfd\xec\xc8\x14\x46\x4e\x0c\x62\x70\x60\x10\xa9\xd9\x31\xf4\
\xed\xeb\xc5\xb2\x8e\x15\x78\xcf\x1d\x1f\xc6\xca\x86\xa5\xa9\x0d\
\xbc\x75\xd3\xa5\xa1\x0e\x45\xea\x8a\xd0\x15\x14\x14\x14\x16\x0e\
\x0a\x66\x81\x3e\xfa\x83\x27\x9f\x38\xaa\xf7\x7f\xaa\xe3\xe6\x0d\
\x88\x94\xc5\x60\xda\xfa\xe7\xae\xe9\x49\x50\xca\xdd\x89\x96\x9d\
\x2e\x74\x14\x13\xad\x2b\x42\xe3\xd8\xb4\x0a\xb7\x39\x9b\x85\x4d\
\xcd\xac\x32\xe2\x3f\xaa\x9a\x88\xfc\x74\x65\xd5\x8a\x9e\x53\x74\
\x60\x7d\xca\x1c\xfb\xbf\xa7\x23\xb9\xcd\x8c\x02\x8c\x31\xb7\x3e\
\xee\x3e\x17\x0f\x5e\x38\x04\xa4\x05\x84\xed\x88\xa7\x41\xef\x58\
\x2a\x07\xcc\xd1\xcf\x8e\x4c\x63\xe8\x58\x0a\x83\xfd\x83\x48\xcd\
\x8e\xa0\x6f\xef\x31\x2c\x5f\xbb\x12\xef\xb9\xfb\x1a\x2c\x5a\x5c\
\x07\x02\x82\x2a\x16\x4d\x5d\x42\x97\x6f\xba\x84\xac\x54\xa4\xae\
\x08\x5d\x41\x41\x41\x61\xe1\x20\x39\x38\x48\x9f\x7e\xf1\x97\x4f\
\x74\xe9\x7d\x9f\xea\xb8\x79\xa3\xad\x28\x07\x8f\xd0\x4d\x06\x5f\
\x1b\x3b\x44\x49\x58\x2f\x1d\x4e\x8a\x82\x68\x27\x75\xef\x46\xe6\
\x10\x52\xe6\x4e\x6d\x9c\x73\x50\x4e\x40\x38\x38\x27\x84\x98\x60\
\x6e\x54\x4f\x60\x8d\xa8\x89\x84\xee\xaa\xc4\x95\x62\x06\xbf\xdb\
\x8c\x78\x9c\xf0\xd5\xca\xe1\x75\xc9\xa7\xc7\x67\x31\xd4\x3b\x80\
\xd4\xc0\x20\x06\x67\xc7\xd0\x7f\xe0\x18\x96\x76\xac\xc0\xd5\xf7\
\x5e\x8b\x45\x75\x8b\x21\x2c\x5d\x50\x8d\x44\x6a\x0d\x9a\x36\x5d\
\x46\x54\xa4\xae\x08\x5d\x41\x41\x41\x61\x81\xe1\xeb\xff\xfe\xad\
\x7f\x39\x12\xea\xb7\x1a\xe5\x62\x61\xaf\x09\x8d\x8b\xf3\xde\x72\
\x20\x1e\x14\x99\xc3\xe7\x49\x2e\xf9\x93\x8b\x0f\x24\xbe\xfb\xfd\
\xa1\xbe\x6f\x27\x24\x20\xfe\xf6\x6b\xcc\xcb\x49\x04\x6e\x37\xc3\
\x8b\x32\xb5\xa4\xc8\x22\xde\xa9\x99\x0f\xf5\x26\x91\x4a\x5a\x64\
\xde\xb7\xb7\x17\xcb\x56\xad\xc0\xd5\xf7\x5d\x87\x9a\xda\x5a\x5b\
\x91\x8e\x4b\x91\x7d\x0d\x12\xa9\x75\x58\xba\x69\xb3\x8a\xd4\xdf\
\x30\xd4\xd8\x9a\x82\x82\x82\xc2\xdb\x88\xaf\x7e\xe2\x0b\x9f\x5e\
\x53\x68\x79\xb2\xf7\xd7\x07\x61\x64\x0b\x72\x44\x25\x75\xbc\x73\
\x21\x80\x27\x32\xb9\xba\x72\xb2\xf6\x6c\x37\x29\x0a\x96\x21\x69\
\xd7\x08\xb2\xb2\xa4\x88\xae\xc5\x8d\x04\x55\x3b\xf9\x61\x28\x6a\
\x78\x77\x24\xdf\x05\xc9\x58\xe7\x0e\xa7\x9c\x6f\x99\xb9\x00\xdc\
\x64\x48\x8f\x4d\x63\xe8\x58\x12\x83\xc9\x21\xa4\xa6\x47\xd1\xbf\
\xef\x18\x96\xad\x5a\x8e\xab\xef\xbf\x0e\x35\x75\xb5\x6e\x9f\x00\
\xf1\x1d\xcf\x38\xd2\x0d\x87\xd1\xb7\x77\x2f\x3f\x5e\xaf\xce\x1e\
\x45\xe8\x0a\x0a\x0a\x0a\x0b\x0a\x0f\x3f\xf0\xc9\xcf\xae\xce\x37\
\x3d\xd9\xfd\xfc\x3e\x18\x39\x8f\xd4\x1d\x8b\x52\xc7\x20\x85\x88\
\xb7\x8b\x72\xac\x42\x44\xec\xd4\xcd\x8b\x95\xe5\xe0\x52\xb1\xeb\
\x95\xe6\x26\x02\x88\x3c\x63\x4e\x08\x82\x78\xde\xdd\x2f\x47\xb1\
\x06\x3d\x87\xfc\x58\xa1\x09\xce\xad\xde\xdb\x77\x65\x26\x66\x31\
\xdc\x9b\xc4\x60\xff\x20\x92\xd3\x23\xe8\xdf\x7f\x0c\x2d\xed\x4b\
\x71\xd5\x7d\xd7\xa1\x66\x51\x6d\xd1\xa2\xc2\x5e\xae\xb8\x4f\x3b\
\x8e\xd9\x86\x03\x38\xbd\x6f\x0f\x3f\xa6\x48\xfd\x0d\x40\xa5\xdc\
\x15\x14\x14\x14\xfe\x46\xf8\xc6\x77\x1f\xfb\x76\x57\xa8\xef\xd3\
\x9d\xb7\x6c\x82\x1e\xd6\xbd\xce\x77\xd1\x56\x5d\xf2\x50\x25\x9e\
\xf3\x9a\xa3\x0d\x4f\x4a\x04\xdb\x42\xcd\xdd\x9d\x03\x17\x16\x00\
\x45\xf9\x79\xe2\xe3\xd4\x22\x67\x38\x6f\x5b\x42\xc4\x05\x84\x93\
\xaa\x27\xb6\x61\x0c\xf7\x9c\xd9\x38\x47\x66\x7c\x16\x83\xdd\xfd\
\x48\x9e\x49\x21\x95\x1e\x45\xf2\xc0\x09\xb4\x76\x2c\xc3\xd5\xf7\
\x59\x35\x73\xee\x2e\x3a\xc8\x59\x29\x89\x00\xa8\xe2\xf1\xc1\xb5\
\xac\xe9\x92\xcb\xf4\x4e\x95\x7e\x57\x11\xba\x82\x82\x82\xc2\xc2\
\xc1\xdf\x3f\xf4\xf9\xcf\xac\x35\x5a\xbf\xdd\xf3\xdc\x3e\x14\xb2\
\x79\x41\xa0\x4d\x4c\x7f\x73\xb7\xa1\xac\x78\xb4\x8c\xbb\x91\xb2\
\x1b\xb1\x3b\xee\x68\xdc\x7b\x8c\xe0\x0b\x63\x47\xfe\x44\x70\x57\
\x73\x52\xe4\xb2\x29\x4c\x20\xb9\x0a\xe3\x68\x22\xeb\x3b\x35\x6f\
\xa7\x54\x20\xd6\xcc\x07\xbb\xfb\x91\xea\x1b\x44\x2a\x33\x86\x81\
\xfd\xc7\xd1\xdc\xd6\x6a\xd5\xcc\x6d\x32\xe7\xe0\xf3\x8e\x27\x27\
\x49\x66\x49\x97\x96\xdc\xfb\xba\x71\xb4\x41\x9d\x3d\x2a\x42\x57\
\x50\x50\x50\x58\x70\xf8\xe6\xf7\x1e\x7f\xfc\x88\xde\xff\xd9\xf6\
\x9b\x37\x40\x0b\xeb\x45\x1d\xe2\x52\x3e\xdd\xd6\x43\x77\x48\x5e\
\xf2\x1c\x07\xdc\xbf\xdd\x00\x9c\x73\xc0\xd7\xbd\x5e\x14\x73\x13\
\x00\xdc\x5b\x10\x38\x0b\x87\xa0\x00\x5d\x9e\x89\xe7\xc2\x61\x79\
\xd5\x6f\xce\x38\xe6\x26\x66\x31\xd8\x63\x75\xb3\x27\xa7\x47\x91\
\x3c\x78\x02\x2d\x6d\x2d\xb8\xea\xde\xeb\xac\xd1\x34\xe2\x37\x86\
\x27\x08\xbe\xa5\x38\xf5\x50\xcd\xe3\x83\xeb\xd0\x72\xc9\xa5\x54\
\x75\xbf\xab\x08\x5d\x41\x41\x41\x61\x01\xe1\x2b\x0f\x7e\xee\x73\
\xab\x8c\xa6\x27\x7a\x9e\xdb\x87\x42\x26\x27\xcd\x9e\x3b\x7e\xe9\
\xf0\x49\xa6\x3a\x44\xec\x39\xa4\x59\xa9\x6b\x47\x2f\xde\xa5\x57\
\x27\x98\x17\xcc\x55\xfc\x1a\x36\x62\xfa\xdc\xcd\x02\x70\x4f\xd5\
\x4d\x5c\x60\x70\x6e\xf9\x9c\x13\x21\xc2\x17\xcd\x5e\x39\xe7\x48\
\x8f\xcd\x08\x64\x3e\x62\x45\xe6\x2b\x9a\x71\xd5\x3d\xd7\x61\x51\
\x7d\x9d\xfd\x58\x6e\xc7\xf6\xb4\x44\xba\xdd\x7b\x4d\xfe\x0e\xbf\
\x09\x92\x59\x72\x18\x03\xfb\xf6\x32\x55\x53\x57\x11\xba\x82\x82\
\x82\xc2\x02\xc4\x37\xbe\xfb\xd8\x13\x5d\xf4\xcc\x67\x3a\x6e\xde\
\x88\x48\x59\xd4\x12\x7c\xf1\xcf\x9d\xb9\x66\x27\x14\x8e\x24\xac\
\x3b\xff\x2d\xcc\x97\x11\x8d\x5a\xea\x6e\x5c\x8c\x6e\xe1\x1b\x89\
\xb3\x05\x68\xb8\x7f\xae\xcd\x23\x54\xc7\x00\xc6\xdb\x46\x6c\xa5\
\xf7\x9e\xcf\x79\x9a\xf4\xd8\x8c\x35\x67\xde\x3f\x88\xe4\x8c\x45\
\xe6\x2d\xed\xad\x78\xdf\x03\x37\xa2\xa6\xae\xce\x7e\x35\x4c\x38\
\x02\x39\x2e\xe7\x81\xa4\x5e\x1c\xc1\x53\x10\x54\xb2\xd8\xe0\x1a\
\x34\x6f\x7e\x97\xd6\x99\x52\x67\x8f\x22\x74\x05\x05\x05\x85\x05\
\x85\xaf\x7f\xf7\xb1\x27\x8e\x68\x7d\x9f\xe9\xb8\x69\x03\x42\xf1\
\x88\x3c\xa3\x0e\x51\x32\xd6\xfb\x1b\x84\xd8\x36\xa7\x5e\xc3\x9a\
\x6b\x87\xca\xbd\x59\xf1\x20\xe9\xd8\xe2\x41\xf6\xd2\xec\xe0\xef\
\x97\x13\xa3\x72\x66\x32\xcc\x4d\xa5\x31\xd4\x63\x91\x79\x2a\x3d\
\x8a\x81\x7d\xc7\xd1\xd2\xb1\x14\xef\xbd\xff\x7a\x2c\xaa\xad\xf3\
\xb2\x00\xe2\x02\x43\x54\x93\x13\xfe\x7f\xb6\x26\x39\xa7\xee\x4e\
\x41\x50\x85\xd8\xe0\x2a\xd6\xb4\x79\xab\xb6\x4a\x91\xba\x22\x74\
\x05\x05\x05\x85\x85\x17\xa9\x1f\x0d\x0f\x7c\xa6\xed\xc6\xf5\xd0\
\xc3\x3a\x08\xa5\x72\xed\xda\xb5\x25\x85\x1b\x2d\xfb\x09\x9b\x73\
\x0e\x4a\x49\x91\x70\x8c\x54\x1f\x97\x4b\xf3\x72\x94\x0f\x71\x03\
\xa7\x61\xce\x6b\xc6\xe3\xe2\x3e\x4d\x8e\xf4\xd8\x34\x86\x8f\xa7\
\x90\xec\x4b\x21\x35\x6b\x75\xb3\xb7\xb4\xb5\xe2\xbd\x0f\xdc\x80\
\x45\x75\x75\x42\xbc\xcd\x25\xc2\xb1\xb2\x04\x32\x9d\x93\xb3\x52\
\x13\x97\x88\x9d\x70\xa0\x1a\x65\x83\xeb\x49\xeb\xe6\xcd\x64\xa5\
\x22\x75\x01\xaa\x86\xae\xa0\xa0\xa0\x70\x9e\xf1\xf7\x0f\x7d\xfe\
\xb3\xab\xf2\x4d\xdf\xee\x7e\x66\x1f\xcc\xbc\x69\x93\xad\x93\xd6\
\xe6\x82\xb2\x0b\xdc\x26\x36\x57\x72\xd5\xe7\x95\xee\x36\xb3\x51\
\xfb\xf2\xce\xe4\x3a\x3a\x71\x3d\xd0\x89\xad\xbf\x0e\x61\x00\x9d\
\x78\x2a\x35\xee\xb8\x1c\x17\xee\x22\x76\x9a\xdd\x22\x73\x2b\xcd\
\x3e\x8a\x81\x7d\x27\xd0\xda\xbe\x14\x57\xdf\x7f\x3d\x6a\xea\x6a\
\xdd\xec\x95\x0b\x70\x00\x00\x20\x00\x49\x44\x41\x54\xd1\x34\x99\
\xcc\x8b\x25\x6e\x78\x00\xe9\x07\x43\xc8\x58\x10\x8e\x49\x92\x5e\
\x72\x10\x67\xf6\xec\xe1\xc7\x54\xf7\xbb\x8a\xd0\x15\x14\x14\x14\
\x16\x1e\xbe\xf9\xbd\xc7\x1f\xef\xd2\xfb\x3e\xdb\x71\xd3\x06\xe8\
\xd1\x10\x08\x08\x18\x93\x0d\x5b\x44\xad\x76\x2b\xcd\x4e\xa4\x68\
\x7e\x6e\x2a\x83\x99\xe4\x24\x98\xc1\x91\x58\x5c\x8e\xf8\xa2\x04\
\x34\x5d\x13\xe6\xc5\x6d\x7a\x75\x5c\xd1\xb8\xd7\x64\xe7\x2c\x0a\
\xdc\xdb\xc4\x3a\x3a\xf1\x1a\xe0\x86\x6d\x05\xb8\xe4\xd4\x08\xfa\
\xf7\x1f\xc7\xd2\x8e\xa5\xb8\xea\x7e\x4b\xce\x95\xda\xde\xef\xa4\
\xc8\xc2\xad\x38\x16\x17\x67\xd2\xcf\x96\x94\x0f\x1e\xbe\x07\x6a\
\x50\x3e\xb8\x86\x37\x6e\xbe\x8c\x76\xa8\x48\x5d\x11\xba\x82\x82\
\x82\xc2\xc2\xc2\x23\xdf\x7f\xe2\x5b\x87\x70\xfa\xf3\x9d\xb7\x5d\
\x82\x50\x34\x24\xa5\xba\x83\x3b\xe2\xac\xdf\x4c\xc3\xc4\x60\xd7\
\x00\x8e\x3f\xb5\x1b\x85\xd3\x33\x00\xe7\x08\x55\x44\x51\x7e\x65\
\x33\xda\x6f\xde\x80\x78\x4d\x99\x2c\x3c\x03\x7b\x7e\x1d\x10\xdc\
\x5b\x89\x54\x67\x77\xba\xde\x61\xd7\xcc\x33\xf6\x68\xda\x60\x72\
\x08\xa9\x99\x51\x77\xce\xfc\xbd\xf7\x5f\x8f\x45\x8b\xeb\x8a\xa2\
\xf1\x52\x09\x75\xf8\x22\x73\x52\x82\x92\xce\x76\xbf\x43\xfb\xd5\
\x28\x1b\x5a\x87\xd6\x4d\x9b\xc9\x8a\x8b\x9e\xd4\x15\xa1\x2b\x28\
\x28\x28\x2c\x34\x52\xff\xde\xe3\xdf\x3a\xac\xf5\x7d\xbe\xfd\xe6\
\x0d\x08\xc7\xc2\x5e\xea\xdd\x49\x5b\x33\x0e\x42\x3d\xc9\x58\x66\
\x9a\x18\x3b\x39\x8c\x3d\xff\xef\xef\x30\xd6\x93\x44\x76\x2e\x0b\
\x0e\x0e\x4d\xd3\x50\x51\x59\x89\xc5\x37\x74\x60\xeb\xa7\x3f\x00\
\x3d\xa2\x0b\x13\x67\xc4\x15\xaa\x01\x25\xc5\xa6\x30\x82\xd3\x1b\
\x37\x19\xd2\xe3\xb3\x18\x3e\x96\xb4\xd2\xec\xb3\x23\x18\xd8\x7f\
\x02\xad\x6d\xad\x78\xcf\x3d\xd7\xa2\xae\x61\x09\x20\x91\x6f\xf1\
\x84\xb9\x9f\x78\xfc\xad\x72\x41\x74\x1f\x44\xe2\xa2\xd6\x3c\x05\
\x10\x41\x04\x65\x5c\x1b\x6a\x37\xeb\x37\xbd\x2b\xb4\xe6\xa2\x26\
\x75\x55\x43\x57\x50\x50\x50\x58\x60\xf8\xf2\x83\x9f\xfb\xc2\x1a\
\xb3\xe5\xb1\xde\xe7\x0f\xa0\x90\x2d\xd8\x01\x3a\xf5\x1a\xdc\x84\
\x32\x37\xe7\x1c\xac\x60\xe2\xd4\x1f\x8f\x62\xf0\xf0\x69\xcc\xce\
\xce\x22\x9d\x49\x23\x93\xc9\x20\x9d\x4e\x63\x74\x64\x04\x27\x7f\
\x75\x00\x63\x27\x87\x64\x97\x15\x87\x2c\x45\x3f\x74\x87\xd1\x45\
\x32\x67\x5e\x9a\xdd\x19\x4d\x4b\xee\x3f\x81\xa5\x1d\x56\xcd\xbc\
\xae\xa1\x1e\xc1\xe6\x2f\x80\x68\xf7\x22\xff\x07\x1f\xf9\x07\x91\
\x39\x09\xd8\x82\x4b\x63\x6c\x11\x44\x61\xb0\x2c\x46\x8c\x89\xfa\
\xc3\xe6\x99\xbd\x3b\x73\x5d\x17\x75\x4d\x5d\x11\xba\x82\x82\x82\
\xc2\x02\xc4\x57\x1e\xfc\xdc\x17\xd6\xf3\xa5\x8f\x1d\xfd\xe5\x5e\
\x14\xe6\xf2\x5e\x0d\xdc\x65\x74\xb8\x82\x2d\x85\x5c\x01\x13\xbd\
\x43\x98\x9a\x9a\x44\xa1\x50\x40\x28\x14\x02\xb5\xfd\xd1\xe7\xe6\
\xe6\x90\xcf\xe4\x30\x33\x32\xe5\x9a\xc1\x14\x05\xd0\x3e\x4d\x77\
\xc7\xcf\x85\x33\x4b\x9b\x7d\xa8\x37\x89\x54\x7f\xca\x25\xf3\x16\
\x3b\x32\xaf\x5d\xbc\xd8\x7d\x90\x6c\x2f\x53\xec\xdb\xe6\x2d\x25\
\x48\x40\xe4\x1e\xd4\x2a\xe7\xec\x97\x48\xf7\x70\x70\x50\x10\xc4\
\x10\x85\xc1\xb3\x28\xb0\x3c\x38\x67\x98\x24\xb3\xf5\x87\xc9\x99\
\xbd\x3b\xcd\x8b\x57\x26\x56\x11\xba\x82\x82\x82\xc2\x02\xc5\x17\
\x3f\xf6\x99\x2f\x6c\x20\xcb\x1f\xeb\x79\x76\x1f\xf2\x73\x39\x2f\
\x70\xa6\x4e\xf3\x9a\xd7\xbd\x6e\x52\x8e\x7c\xbe\x80\x99\x99\x19\
\x54\x54\x54\xa0\xa6\xa6\x06\x65\x65\x65\x00\x01\xf4\x58\x08\x7a\
\x24\x24\x59\xaa\x7a\xa6\x30\x02\xe1\xda\xff\x23\x80\x3b\x9a\xe6\
\x58\xa0\x26\xa7\x47\x91\x3a\x70\x12\x2d\xed\xad\x78\xef\xfd\x37\
\xa0\xae\xbe\x1e\x72\x1b\x5b\xa9\x39\xf2\x20\x02\x0f\x22\x73\x8e\
\xe2\x7e\x77\x52\x14\xef\x53\x50\x44\x10\x41\x9e\xcd\xa1\x60\x64\
\xed\xec\x85\xf5\x7e\x4c\xd1\x4c\x7d\x17\x3f\xb3\x77\x87\x71\x71\
\x46\xea\x8a\xd0\x15\x14\x14\x14\x16\x30\xbe\xf4\xf1\xcf\x7c\x61\
\x1d\x96\x7d\xeb\xd8\xaf\x0e\xc2\xc8\x15\x2c\x49\x57\xc6\x5d\x5f\
\x74\x42\x00\xaa\x51\x2c\xd9\xd4\x8a\x58\x59\x1c\x94\x52\x64\xb3\
\x59\xa4\x52\x29\x8c\x0c\x8f\x80\x80\xa0\xbc\xa3\x0e\x55\xcd\x35\
\xa0\xd4\x16\x85\x71\x64\x61\x5d\xa5\x55\x2e\x48\xc5\x5a\xdd\xf2\
\xe9\xb1\x69\x0c\xf5\xa6\x90\xec\x4b\x22\x39\x3d\x82\xe4\xe1\x93\
\x68\xe9\x58\x8a\xf7\x3d\x70\xa3\xdb\x00\xc7\xc1\x02\xc8\xdc\x3f\
\x43\xce\xe7\xf1\x2a\x83\xd3\xeb\xc5\x5b\x51\x44\x11\x41\x81\x65\
\x51\x30\xb3\xd2\xd3\x39\x0d\x7e\x93\x98\xad\x3f\xc2\xfa\xf6\xee\
\xba\x08\x0d\x5d\x14\xa1\x2b\x28\x28\x28\x2c\x70\x7c\xf9\xc1\xcf\
\x3e\xbc\xda\x68\xfe\xe7\x9e\xe7\xf6\x23\x3f\x97\x07\xd5\x88\xa5\
\xb1\x0e\xab\xb6\xae\x47\x74\x2c\x7f\x77\x27\xda\x6e\xdb\x84\x8a\
\xba\x2a\x4c\x4e\x4d\x81\x73\x8e\x48\x3c\x8a\xaa\xd5\x0d\x58\x7b\
\xe7\x16\x94\xd5\x55\xba\xaa\x73\xd6\xec\xba\x8f\x4b\xed\xfa\x3a\
\x67\x1c\x99\x89\x19\x0c\x1f\x4f\x61\xb0\x3f\x85\xc1\x99\x51\x24\
\xf7\x1f\x47\xd3\xb2\x26\x77\xce\x1c\x98\xcf\xec\x38\x7c\xd4\x4c\
\xce\x42\xe6\xc5\xc4\xce\xdd\x67\xf1\x54\xe2\x2c\x32\x9f\x43\xc1\
\xcc\x7a\x6b\x11\x26\x37\xdf\x31\xc6\x31\xc1\x67\xea\x0f\xf3\xd3\
\x7b\x77\xe6\x8f\x5c\x54\xa4\xae\xba\xdc\x15\x14\x14\x14\x2e\x10\
\x3c\xf2\xbd\xc7\x1f\x3d\xc8\x4f\x3d\xdc\x7e\xf3\x06\x44\xcb\xe3\
\xae\x7d\x29\x08\xc0\x0c\x13\x93\x03\xe3\x38\xf9\xca\x51\xa4\xf6\
\x9f\x46\x61\x26\x87\xf2\xe6\x6a\xac\xbc\x7a\x0d\x9a\x2e\x59\x8e\
\x50\x2c\x0c\xa2\x51\x9f\xe7\xba\x47\xcd\xce\x34\xdc\xec\xe8\x34\
\x86\x8e\x0d\x60\xb0\x7f\x08\xa9\xd9\x51\xf4\xef\x3d\x86\xd6\xce\
\x65\xb8\xea\x5e\xab\x66\x6e\x45\xc2\x41\xd1\xb3\x1c\x99\x17\x0f\
\xac\x9d\xcd\xa8\xd5\xbf\x4f\x2e\x45\xe5\xc4\x26\xf3\xbc\x99\x81\
\x61\xe6\x5d\xa3\x38\x88\x2a\x7a\x4e\xa9\x40\xd8\x4d\x35\x12\x43\
\x6b\x69\xeb\xa6\x2d\x17\x49\xf7\xbb\x22\x74\x05\x05\x05\x85\x0b\
\x89\xd4\xbf\xff\xc4\xa3\x87\xe9\x99\x87\xdb\x6f\x5a\x8f\x70\x3c\
\x6a\xf1\x1a\x67\x00\x07\xcc\x82\x01\xb3\x60\x20\x9f\xc9\xc3\xcc\
\x1b\xd0\x23\x21\x84\x62\x61\x4b\xa4\x86\x10\x8f\xd0\x21\xa8\xc3\
\x52\x62\x2f\x08\x18\x32\xe3\x33\x18\xea\x19\x40\x72\x60\x08\xa9\
\x99\x11\x24\x0f\x9d\x44\xcb\xca\x16\x4b\xce\xb5\xb6\x4e\x8a\x9c\
\x83\x09\xdd\xb3\x3c\x0d\x1a\x3a\x43\xd1\x63\x49\xe0\xad\x22\xb1\
\x6b\xd0\x10\x45\x0c\x79\x33\x83\xbc\x99\xf5\x56\x1e\xc4\x67\xf3\
\x62\x8f\xf5\x39\xbd\x01\x4e\x49\xa1\x86\x96\x0d\xad\xa6\xad\x97\
\xbe\x4b\x5b\x3d\xa0\x08\x5d\x41\x41\x41\x41\x61\x81\x45\xea\x4f\
\x3c\x7a\x58\x3b\xfd\x70\xfb\x4d\x1b\xa0\x47\xc2\x70\x24\x60\x45\
\xc9\x77\x6e\x32\xb7\x79\xce\x55\x81\x13\x85\x63\x88\x47\xa9\x8c\
\x31\xcc\x8e\x4e\x63\xe4\xb8\x55\x33\x4f\xcd\x8e\x21\x79\xd0\x22\
\xf3\xab\xef\xbb\x1e\xb5\xf5\x8b\x03\xc9\x16\xd2\xae\x82\x5d\xd4\
\x4a\x47\xe9\x3c\xf0\x6f\x91\xe0\xad\x34\xbb\x35\x9a\x96\x33\xb2\
\x82\x7e\xbd\x43\xde\x25\x9e\xcb\x55\xbb\xe3\x20\x94\xa2\x8a\xc5\
\x2f\x8a\x48\x5d\x11\xba\x82\x82\x82\xc2\x05\x88\x6f\x7e\xef\xf1\
\x47\x0f\xe3\xf4\xc3\x9d\xb7\x6f\x42\x28\x1a\x06\x67\x4c\xb6\x38\
\x75\xae\xf0\x8c\x07\xeb\xbc\x58\x05\x78\x80\x73\xcc\xda\x16\xa8\
\x83\x03\x43\x96\x05\xea\xc1\x13\x68\x5d\xd9\x8a\xab\xef\xbf\xde\
\x1d\x4d\xe3\xe0\xf3\x20\x67\xfe\x06\x5e\x41\x90\x9c\xab\x47\xe7\
\x14\xd4\x22\x73\x6e\x91\xb9\x7b\xd8\x25\x9f\xc2\x95\xbb\xf3\x6d\
\x67\xfd\x52\x4d\xcb\x87\xd7\x69\xcb\x36\x5f\x46\x3b\xdf\xb1\x91\
\xba\x22\x74\x05\x05\x05\x85\x0b\x14\xff\xf4\xfd\x6f\x3f\xba\x9f\
\x9d\x78\x78\xf5\xed\x9b\xa1\x47\x43\x4e\x70\x6a\xd1\x98\x6c\x9c\
\xe6\x23\x42\xef\xce\xd9\xd1\x69\x99\xcc\xf7\x1e\x47\x4b\x47\x2b\
\xde\xf7\xb1\x1b\x51\x53\x5b\x0b\xd1\x56\x65\xfe\xca\x6e\xf3\xed\
\x6c\x0f\x4a\xd0\x5b\x64\x1e\x47\x1c\x39\x96\x46\xde\xc8\x59\x8b\
\x89\x80\x1a\xb9\xf8\xda\x3c\xad\x7a\x12\xcc\x72\x8c\xa3\x9a\x96\
\x8d\xac\xd6\x96\x6e\xda\xfa\x0e\x4d\xbf\x2b\x42\x57\x50\x50\x50\
\xb8\x80\xf1\xc8\xf7\x9f\x78\xf4\x20\x4e\x3d\xdc\x71\xf3\x46\x44\
\xca\xa2\xb6\xd0\x9b\x1c\xad\x5b\xa4\x27\x8c\xbb\x51\x02\xc6\x39\
\xd2\xa3\xd3\xb6\x68\xcc\x20\x06\xd3\x63\x18\xd8\x77\x1c\xad\x9d\
\xcb\xf0\x9e\xbb\xaf\x41\xed\x92\x7a\xd7\xe8\x54\xb2\x2f\x0d\x8c\
\xce\xfd\x94\xc2\xcf\x41\x31\xa5\xef\x27\x00\x62\x88\xa3\xc0\xe6\
\x90\x37\xe6\xdc\x32\x82\xf7\x3f\x2e\xdc\xe6\x95\x10\x24\x42\x97\
\x74\x6c\x1d\x25\x3c\x0e\xaa\x51\x54\xf1\xc4\x70\x27\x6f\xdc\xbc\
\x2d\xb2\xfe\x1d\x47\xea\x8a\xd0\x15\x14\x14\x14\x2e\x74\x52\xff\
\xde\x13\x8f\x1c\x64\x27\xbf\xd4\x71\xdb\x25\x08\xc7\xc2\x52\xdd\
\x9c\x0b\xa1\xba\x2b\xdf\xce\x18\x32\xe3\xb3\x18\xec\x1d\xc0\xa0\
\x23\xe7\x7a\xe8\x14\x5a\xda\xac\x9a\xb9\x33\x67\x2e\x2e\x09\xfc\
\xbe\xe6\xe7\xa6\x12\x7e\x0e\x8a\xe1\x45\x8b\x00\x02\xe2\x92\xb9\
\x33\x67\xce\x83\x4a\x05\xf0\xa5\x1f\xfc\x37\xd9\x2f\xb4\x38\x3d\
\x6f\xd7\xd4\x91\x18\x5e\x43\x5a\x37\x0f\x8e\x0c\x36\x9b\x09\x72\
\xbd\x46\xb5\xfe\xa5\xe1\x86\x67\x36\x86\xdb\x46\x15\xa1\x2b\x28\
\x28\x28\x28\x9c\x67\x52\x7f\xfc\x91\x83\xfc\xd4\x97\x3a\x6f\xdb\
\x84\x50\x2c\x2c\xf8\xa8\xc3\x6e\x0e\xb3\x1a\xe4\x98\x69\x75\xb3\
\x0f\xf6\x0c\x60\x70\x60\x10\xa9\xe9\x51\xf4\xef\xb7\x22\xf3\xab\
\xee\xb9\x16\x75\x4b\xea\x03\x5c\xce\x82\x93\xe8\x67\xaf\xa9\xcf\
\x87\x6a\xbc\x34\xbe\x53\x33\xcf\x9b\x19\x14\xcc\xbc\x8f\xc0\x4b\
\x24\x00\x82\x76\x2d\x3a\xc7\x81\xcb\xc6\x74\x42\x77\x7c\xdc\x08\
\xcd\x8d\x8c\x8d\x46\x0d\xca\x48\x28\x1c\x42\x85\x9e\x98\x69\x8b\
\x34\xdd\x73\x6d\x7c\xdb\x7f\x28\x42\x57\x50\x50\x50\x50\x38\xbf\
\xa4\xfe\xfd\x27\x1e\x39\x60\x9c\xf8\xd2\xaa\x3b\x36\xdb\x7e\xea\
\x3e\xae\xe3\x1c\x99\x09\x4b\x9b\x3d\xd9\x97\x42\x72\x66\x14\xc9\
\x03\x27\x6c\x39\x57\x2b\x32\xb7\x66\xc2\x19\xe6\xe3\x80\x46\xfe\
\x6a\x7a\xb1\x08\x5d\x03\x45\x14\x31\x14\xcc\x0c\xf2\x66\xae\x38\
\xba\x9f\x4f\x59\x5e\x24\x6d\x31\x7a\xf7\x35\xc7\x59\xf6\xb1\xd6\
\x1d\xf9\xb9\x3c\xd2\xe3\xd3\x20\x3a\x85\x1e\xd6\x51\x1e\x2e\x33\
\xd6\xc4\x97\xdd\xf9\xa1\xf0\x96\xe7\x14\xa1\x2b\x28\x28\x28\x28\
\x9c\x57\x3c\xfa\x83\x6f\x3f\xb2\xdf\x3c\xf1\xa5\xce\x5b\x2f\x41\
\x28\x11\xb1\xba\xdc\x6d\x9e\xb3\xb4\xd9\x53\x18\x1c\xb0\xd2\xec\
\x03\x07\x4e\xa0\xb5\x7d\x29\xae\xba\xf7\x5a\x2c\xaa\xaf\x93\xc4\
\x61\xc8\x39\x63\xed\x52\x23\x68\xc5\xcd\x73\xc5\x81\xb6\x57\x93\
\xb7\x46\xd3\x62\xc8\xb3\x0c\x0a\x46\xce\x56\xb3\x83\xd7\x85\xef\
\xce\xe1\x49\xc5\xf4\xa2\x83\x2a\xe2\x73\x78\x16\xf2\xde\x0b\x91\
\x3b\xe1\x01\xa0\xcc\x8c\xe4\xb5\x69\xf3\xd4\x99\xfc\x70\x07\x0d\
\x69\x28\x0f\x25\x8c\xce\x48\xeb\xed\xd7\x95\x6d\xfb\xd5\x85\xf6\
\xd9\x2b\xe9\x57\x05\x05\x05\x85\x77\x10\xbe\xf8\xb1\xcf\x7c\x79\
\xa3\xb6\xe2\x91\x9e\xe7\xf6\xa3\x90\xc9\x83\x68\xd4\x8e\xcc\xed\
\xd1\xb4\xfe\x41\x0c\x66\xc6\x30\x70\xc0\x72\x4d\xbb\xea\xbe\x6b\
\x51\x57\x5f\x0f\xea\x23\x4a\x7f\x56\x9b\x04\x46\xeb\xbc\x28\x9a\
\x0e\xaa\x9c\x97\x12\x8d\x71\x5c\xd3\x0a\x7e\x32\x17\x6c\x5d\x25\
\x76\x2e\x15\x83\x3a\xb2\xf4\x5c\x70\x77\x73\xf6\x53\xd4\x54\x07\
\xc0\xd6\xc3\xe7\x8c\x63\x56\xcf\x87\x69\x65\x74\x51\x2b\xa9\x3b\
\xcc\x0a\x26\x66\xf2\x69\xbd\x3b\x77\xe6\x97\xbf\x9d\xdb\x71\x8b\
\x8a\xd0\x15\x14\x14\x14\x14\xce\x3b\xfe\xe9\xfb\xdf\xfe\xe6\x61\
\x76\xea\x4b\xeb\x3e\xb2\x05\xd3\x53\xd3\x64\xb0\x67\xc0\xeb\x66\
\x3f\x78\x02\xad\x6d\x4b\x71\xd5\x7d\xd7\x62\x51\x5d\x9d\x24\xe7\
\xe2\xc8\xc5\x90\x00\x9f\x55\x8e\x37\xa2\xf7\x76\xf6\x46\x39\x2a\
\x18\xad\xe4\x8d\xac\x17\x5a\x13\x02\x39\xac\xe7\x08\x6c\x7e\x03\
\x7c\x42\x33\x01\x21\x3b\x0f\x48\x37\xf8\x6f\xb7\x5b\x0d\x2a\xcd\
\xf8\x38\xc6\xf3\xc9\x53\xf9\xc1\x75\x5a\x44\x47\x65\xbc\xc2\x58\
\x15\x6e\xb9\xf3\x9a\xf8\xe5\x17\x4c\xfa\x5d\x11\xba\x82\x82\x82\
\xc2\x3b\x14\xcf\xfd\xfe\xd7\x1f\xe6\x9b\x12\xad\xdb\x8f\xee\xf9\
\x97\x63\xa7\x4e\xd2\xc1\xd9\x51\xf4\x1f\x38\x61\x29\xc0\x3d\x70\
\x3d\x6a\xeb\x16\x17\xe9\xb2\x73\xc9\xdb\xbc\x34\x45\xc8\x8d\x73\
\xf3\x1d\x57\x73\x22\x73\x5f\x03\x9c\xeb\x0b\xeb\xe7\x66\x81\xe4\
\xcf\xd2\x1c\xe7\x19\xcd\x10\x29\xe7\xee\x68\xcf\x71\xd7\xe4\x1d\
\x92\x52\x9e\x73\x9f\xd3\x15\x5f\x43\xca\xc7\xf9\x58\x2e\x79\xba\
\x30\xb4\x8e\x86\x35\x94\xe9\x71\xa3\x53\x6f\xb9\xf3\xba\xca\x2b\
\x2e\x08\x52\x57\x84\xae\xa0\xa0\xa0\xf0\x0e\xc7\xb7\xff\xfc\xc3\
\x87\x5e\x3c\xf1\xf2\xbf\xed\xdd\xb5\x87\xb6\xb4\x2d\xc5\xd5\xf7\
\x5e\x67\xfb\x99\xcb\xb3\xe5\xc1\x6e\xe4\x32\x83\x9e\x6b\x18\xed\
\x6c\xf4\xe2\x2c\x14\x22\x8e\x05\xaa\x91\x83\x7f\x04\xad\xd4\x64\
\x1a\xf7\x05\xf9\x41\xfd\x6e\xe7\x6c\x9e\x13\x4b\xf2\x4c\xae\xd5\
\x73\xce\xa1\x59\x73\xea\x63\x18\xcf\x0d\x9e\x2a\x0c\xad\xa5\xba\
\x86\xf2\x50\xdc\x58\x15\x5d\x7a\xe7\xb5\x65\xdb\x16\x3c\xa9\x2b\
\x42\x57\x50\x50\x50\xb8\x08\xf0\x3f\xbf\xfb\x0f\xbf\xf8\x53\x66\
\xff\xed\xdb\xee\x7c\x3f\x6a\xea\xea\x40\x6d\xd7\x34\x12\x40\xd8\
\xa5\xc8\x61\x7e\xf1\xb7\xb3\x0d\xf1\xc5\xc9\x70\x5d\xd3\x72\x46\
\x06\x06\x2b\xb8\x33\xf2\x84\x08\x51\x78\x80\xd0\x1b\x2f\xf5\x24\
\xc5\x7f\x94\xa6\x39\xd9\x3b\x46\x98\xcf\x17\xee\xa2\x04\x94\x10\
\x54\x98\xb1\x31\x32\x96\x4f\x9d\x36\x87\xd7\xe9\xb1\x30\xca\xf4\
\xb8\x95\x7e\x4f\x2c\xec\xf4\xbb\x6a\x8a\x53\x50\x50\x50\xb8\x08\
\x50\xbe\xb8\xfa\xe4\xfb\xee\xba\x16\x35\x75\xb5\x12\x99\x13\x89\
\x06\x88\xfd\x5f\x69\x3f\xb5\xe0\x2e\x77\x52\x14\x85\xfb\x29\x99\
\x00\x88\x22\x8a\x9c\x31\x07\x83\xe5\x3d\x32\x77\xfe\xef\x77\x4f\
\xb5\xff\xe6\x4e\x87\xbb\xfb\xcf\xb7\x81\xd3\x40\xe7\x36\xcd\x89\
\x47\x49\xe4\x7d\xfa\x26\xe1\x88\x23\x42\xe3\xa4\xea\x99\xe5\xbf\
\x3e\x45\x33\x8b\x50\x1b\x69\x5c\x16\xaa\x3f\x68\x66\x0b\x98\x9a\
\x9b\xd6\x8f\xe6\xfb\x7e\xfe\xdb\xcc\xc2\x6e\x94\x53\x11\xba\x82\
\x82\x82\xc2\x45\x82\x5f\x18\xaf\x3c\x9a\xd4\x26\x1f\x66\x02\xcb\
\xf1\xa2\xd0\x97\x9c\x33\x52\x2f\x4d\x21\xc1\x3d\xee\x14\x14\x11\
\x84\x91\x37\xb3\x96\x9f\x39\xf7\x19\xbd\x90\x52\x33\xe7\xc2\x51\
\x88\x42\x39\x25\x75\x6a\x02\x14\xe4\xdc\xa7\xf0\xea\xeb\x4e\x23\
\x1d\x21\xa4\x44\xc0\x6f\xdd\x57\xc5\x13\xe3\x64\xbc\x90\x3c\x65\
\x0c\xae\xa3\xba\x86\xf2\x70\xc2\xe8\x0c\x35\xdf\x75\x5d\xc5\x95\
\xcf\x2a\x42\x57\x50\x50\x50\x50\x38\xaf\x78\x96\x6d\xff\xe7\x24\
\x99\xfc\x42\x01\x26\x18\xcc\xa2\x78\x1a\x67\xa1\xe8\x62\xba\x0e\
\xbe\xc7\xdf\x48\x1e\x73\xe7\xcc\xf3\x67\x67\x23\xa9\x0b\x3d\x60\
\x49\x11\xd4\x00\x7f\x96\xa3\x26\xc4\xeb\x0b\x70\x64\x70\x09\x88\
\x34\xde\xe6\x28\xc7\xf9\xd7\x04\x4e\x7d\xbd\x8a\xc7\xc7\xd9\x78\
\x7e\xa8\x9f\x8d\xac\x26\x1a\x45\x79\x38\x61\xac\x8e\x2e\x5d\x90\
\xe9\x77\x95\x72\x57\x50\x50\x50\xb8\x88\x70\x2b\xbd\xfc\xe1\x25\
\xbc\xe2\x5b\x54\xd2\x44\x25\x25\x94\xda\x89\x20\x02\x73\xb6\x08\
\x30\x68\x86\xdd\x99\x33\x8f\x59\xda\xec\x85\x9c\x54\xb7\x2e\xca\
\x8e\x17\x0d\xbe\x97\xee\xb2\x77\x8f\x85\x94\x3a\x04\x51\x1f\xde\
\xfe\xcb\x9f\x15\x70\x76\xc4\xb9\x65\x5c\xe3\x2e\x12\xb8\x97\x0d\
\xa0\x04\x13\x34\x53\x43\x6b\xc2\xf5\xcd\xa8\xed\x32\xb2\x05\xcc\
\xe4\xd3\xfa\xd1\xdc\x99\x9f\xbf\x98\xde\xbe\xe0\xd2\xef\x2a\x42\
\x57\x50\x50\x50\xb8\x08\xf1\x0c\x7f\xed\xd1\x01\x4c\x3c\x6c\xc0\
\xb4\xb9\x8d\x97\x1c\x55\x0b\xd2\x76\x9f\xaf\x9f\xb9\x35\x9a\x96\
\xb3\x39\x52\x60\x6f\x31\xcd\xee\x77\x51\x21\x24\x38\x0a\xf7\x3d\
\x9c\x97\x4a\x23\xb8\x11\xba\xef\x26\x7f\xd4\xef\x5b\x60\x70\x9f\
\xe2\x2d\x11\xb4\xf0\xab\x69\xd9\x38\x1b\xca\xa6\x4e\x17\x86\xd6\
\xea\xb1\x10\xca\x23\x09\x63\x4d\x7c\xf9\x5d\x1f\x8e\xbe\x6b\xc1\
\xa4\xdf\x55\x84\xae\xa0\xa0\xa0\x70\x11\xe2\x36\xb2\xed\x8b\x8d\
\x66\xe5\x3f\x69\x9c\x08\x7d\xe8\x6e\xd8\x5a\x14\x6f\x17\x93\x38\
\x87\x5f\x2d\xce\x8b\xf7\xa9\x17\x99\x9b\x79\x41\x3f\x5d\x20\x51\
\xf1\xa1\xae\xc5\xa9\xd3\x04\xe7\xfd\x2c\x15\x85\x06\xdd\x4f\x08\
\x11\x1a\xdd\x00\xbf\xc6\x5d\xd1\x63\xec\x28\xdc\x69\xaa\x23\xd4\
\x8b\xe4\x89\x70\xac\x9c\x73\x4c\x92\x74\x0d\xa9\x0d\x37\xae\x88\
\x34\x1c\xe2\x06\x43\xda\xcc\xea\x47\x73\xa7\x7f\xf6\xe2\xec\x6b\
\xb7\xaa\x08\x5d\x41\x41\x41\x41\xe1\xfc\x47\xea\xe6\xab\x8f\x0c\
\x90\x89\x2f\x19\x84\xdb\xa6\x2c\x80\x9c\x6a\x17\x93\xf1\xc5\xca\
\x71\x1e\x6d\x52\xb7\x73\xde\xaa\x99\xcf\xa1\x50\xc8\x7a\xc4\x1a\
\xe0\x51\xee\x3e\x98\x07\x2d\x1e\x4a\x50\x94\xb3\x2b\xdf\x3a\xc3\
\x6d\x7a\xf3\x2f\x1c\xc4\x26\xbf\xa2\x79\x75\xe1\x58\x04\xcd\x78\
\x0e\x5f\x36\x41\x78\xa2\x6a\xc4\xc7\xc9\x58\x21\x75\xda\x1c\x5e\
\x4b\x42\x1a\xca\xf4\x98\xb1\x3a\xb6\xec\xae\x6b\x13\x97\x9f\xf7\
\x48\x5d\x11\xba\x82\x82\x82\xc2\x45\x8e\xe7\xf8\x8e\x6f\xf6\xf1\
\xb1\x2f\xe7\x79\xc1\x8e\xa6\x8b\x87\xd4\xbc\x94\x7c\xe9\xc8\x9d\
\xda\xa2\x31\x79\x73\x0e\x86\x99\x87\x63\x5f\x4a\x9c\x68\x38\x88\
\x98\xfd\xbb\x0b\x48\xbf\xfb\xd9\x4a\x26\xf4\x20\xa5\x19\xf9\x39\
\x8a\x96\x0a\x25\x9a\xe9\xc4\x26\x3a\xd7\x10\x06\x00\xa1\xd4\xcb\
\xd2\x33\x86\x2a\x9e\x18\xd7\xa6\xcc\xe4\xa9\xfc\xe0\x3a\x50\xa0\
\x4c\x8b\x1b\xad\x53\xd5\x77\xdd\xd9\x79\xdd\x79\x25\x75\x95\x72\
\x57\x50\x50\x50\xb8\xc8\x71\x0b\xd9\xfa\x95\x26\x5e\xf5\x48\x88\
\xe8\xa0\x84\x04\xd4\xd2\xb9\x2f\x5a\xe7\xf0\x77\xb5\x11\xc0\x52\
\x80\x33\x6c\x32\xb7\x23\x73\xaf\xb7\x8d\xcb\x4d\x71\x10\x52\xe0\
\x3c\x20\xc7\xee\x06\xda\xe2\x50\x3a\x20\xaa\xb8\x4a\x11\x36\x0f\
\x28\x15\x70\x5e\x52\x94\x46\x3c\x2e\xef\x78\x78\xe0\xb1\x70\xce\
\x5c\x33\x17\x42\x28\xa6\x48\xa6\x86\x55\xeb\x4d\xad\xda\xe2\x83\
\xdc\xe0\x38\xd9\x73\x42\xff\xfd\xce\x97\x7f\x72\xe8\x4c\x77\xbd\
\x22\x74\x05\x05\x05\x05\x85\xf3\x8a\xdb\xb4\x2b\xbe\xd2\x4a\x16\
\x3d\x12\x82\x0e\x5e\x54\x47\x27\xbe\x7e\x77\xf1\x56\xcb\x68\x25\
\x86\x18\x0c\x96\x45\x81\xe5\xdd\x74\x35\x09\xa8\x63\x7b\x45\x72\
\x7f\x28\x6d\x6f\x47\x85\xdf\xa5\xb2\xbe\x5f\x5c\xc6\x17\xb6\x97\
\xa8\xb9\xbb\xf5\x78\xdf\xd3\xb9\x82\x35\x8e\xe4\xac\x50\x77\xe7\
\x72\x2d\xc1\x7d\x80\x38\xb7\x3e\x6e\xce\x54\xf3\x45\xa1\xe6\x9a\
\x91\xc8\xc1\xd3\xbb\x8e\xa3\x3e\x9b\x78\xb2\x26\x52\x31\x72\xa0\
\xef\xfc\x91\xba\x4a\xb9\x2b\x28\x28\x28\x28\xb8\x78\x86\xbd\xfa\
\xcd\x7e\x32\xf1\x65\x53\xe8\x6c\xe7\x3e\x22\xf7\x93\x7c\x0c\x51\
\xe4\xcc\x39\x14\x8c\x6c\x89\xf1\xb1\xb3\x33\x50\xa0\x27\x8b\xe4\
\x83\x1e\x64\x9d\x16\x14\x7a\x07\x94\x04\x7c\xbe\xea\x0e\x71\x73\
\xc6\x64\x32\xe7\xc2\xab\x64\x1c\x84\x12\xf7\xa9\x39\xf7\x4a\x07\
\x4e\x7d\xdd\x6a\xa0\x03\x2a\xcc\xd8\x44\xf9\x9e\xc2\xff\x73\x69\
\xd3\xfa\x6f\xfd\xfb\x7f\xfe\xe8\xeb\x6c\x4d\xf9\x67\xdf\x7f\xc5\
\x55\xf7\x7c\x90\x6e\xfe\x9b\xa7\xdf\x15\xa1\x2b\x28\x28\x28\x28\
\x48\x78\x96\x6f\xff\xe6\x00\x26\xbe\x5c\x80\xe1\xa3\x0a\x99\x54\
\x3d\x0b\xd4\x39\xe4\x0b\xd9\xa2\x54\x38\x21\x01\x34\x23\x2a\xb7\
\x94\x2a\xc9\x9f\x8b\xa5\xfc\xb6\xaa\x81\xcd\x6e\x01\x21\xb9\x3d\
\xdf\x4e\x08\x01\x67\x3e\xf9\x58\xbf\xa2\x0c\x87\xdb\x4f\x00\x57\
\x94\xc6\x32\x75\x81\xd0\x30\x47\x08\x41\x25\xe2\xa3\xf1\x1d\xd9\
\xff\xfe\x9f\x93\xbb\x9e\x6c\xbb\x6a\x0d\x12\x3c\x6c\xb4\xd3\xa6\
\xbb\xaf\xab\xb8\xe2\x97\x8a\xd0\x15\x14\x14\x14\x14\xce\x2b\x9e\
\xe3\x3b\xbe\xd1\x8f\xb1\xaf\xe4\xed\x39\x75\xe2\xa3\x0c\xa7\x01\
\xae\x60\xce\xa1\x60\xe6\x84\x2c\x7a\x80\x9e\x1c\x09\x62\xee\x12\
\x44\xef\x3d\x28\x80\xf0\xc5\xd0\xdd\x97\xc6\x27\xa5\x23\x77\x8f\
\xab\x2d\x32\x67\x8c\x81\x50\x22\x37\xe2\x89\xdd\xf1\x6e\xea\xdd\
\x13\xa3\x21\x94\xfa\x7a\x00\x84\x61\x78\xce\x51\xa7\x55\x0e\xb0\
\xb4\x31\xd4\x9f\x1b\xde\xcc\xc1\x51\x16\x8a\x19\x1d\xa1\x96\xbb\
\xaf\x2b\xff\xdb\x91\xba\xaa\xa1\x2b\x28\x28\x28\x28\x14\xe1\x16\
\xb2\xf5\xef\x9b\xf9\xa2\x47\xc2\xd0\x25\x32\xe7\xb6\x02\x5c\xc4\
\x8e\xcc\x2d\x0b\x54\x2f\x75\x4d\xec\xc8\x9c\x50\xe2\x12\xa8\xfb\
\x70\x7f\x4d\xdd\x65\x5a\x48\xf3\xe0\x6e\xb3\x1a\xb3\xff\x15\x91\
\x3a\xe4\xc6\x35\xbf\x48\x8d\x34\xcc\x2e\xae\x0d\x2c\xf3\x15\x42\
\x85\x7e\x7d\x47\x25\x8e\xdb\x76\xaa\xee\x71\x5b\xaf\x01\xd4\x7e\
\x24\x63\x9e\x0f\x8c\xb3\x8d\xb0\x2e\x19\xe5\x33\x4d\xa1\x78\x98\
\xd7\x99\xe5\xdb\x59\xc1\x44\xda\xcc\xea\x3d\x46\xff\xd3\xbf\xcd\
\xec\xb8\x5d\x11\xba\x82\x82\x82\x82\xc2\xf9\x25\x75\xba\xf5\x2b\
\x8d\xbc\xea\x9b\x3a\x34\xb7\xc3\x9d\x82\x20\x8a\xa8\x4d\xe6\x79\
\x97\x9f\xdd\xa6\x32\xb7\xf6\x5d\x62\xa7\x92\x19\x5a\x80\x57\xaa\
\xf3\x8b\x48\xee\x0e\x91\x8b\x0b\x02\x51\x1a\xb6\xd4\x3e\xc5\x45\
\x02\x25\x20\x94\xda\x0b\x0e\xc1\x61\x8d\x52\x50\x8d\xda\x35\x73\
\xdb\x71\x8d\x23\x60\x9e\x1d\x6e\x16\x82\x33\xa1\xde\xce\x39\x88\
\x66\x45\xef\xc3\xe6\xe4\xa5\x4b\xea\x96\xbc\xd2\x18\xaa\x7d\x8d\
\xe5\x4d\x64\x58\x4e\xef\xce\x9f\x79\xfa\x37\xe9\xd7\xfe\x26\xa4\
\xae\x52\xee\x0a\x0a\x0a\x0a\x0a\x67\xc5\x33\xe6\x6b\xff\x98\xa4\
\x13\x5f\x35\xc1\x11\x46\x18\x26\xcf\x21\x6f\xe4\x4a\x99\xab\xa1\
\x38\xad\x5e\x42\x09\x9e\x94\x20\xfe\xa2\x7d\x06\x34\xbc\x89\xba\
\xae\x7e\x49\x58\x37\x32\xa7\x92\x39\x8b\x73\x6c\x46\xc1\x40\x21\
\x93\x47\x28\x1a\x82\x16\x0e\xb9\x69\x78\xb7\x93\x9d\x90\xe2\x1d\
\xdb\x1e\xea\x84\x52\x9f\x64\xac\x27\x68\xc3\x19\x43\x04\x21\xd6\
\x3a\x58\x71\xdf\x68\xd9\xec\x17\x93\xe6\xf8\x15\x5a\x44\x47\x9c\
\x44\x8c\x0e\xbd\xf9\xee\x6b\xcb\xb6\xbd\xad\xe9\x77\x45\xe8\x0a\
\x0a\x0a\x0a\x0a\xe7\xc4\x73\x7c\xc7\x3f\x8e\x60\xe6\xab\x59\x47\
\xce\x95\x07\x48\xc2\x12\x9c\xd3\x01\xcd\xaf\x26\x23\x97\xbf\x4b\
\x74\xc0\x15\xb9\xb1\xf8\xf7\x25\x90\x36\xbc\x91\x34\x51\xf1\x8d\
\x6a\x14\xcc\x34\x31\x9d\x9a\xc4\xee\x27\xff\x0b\x63\xbb\xfb\x51\
\xd9\x59\x87\x4d\x9f\x7c\x1f\xea\x3a\x1a\xdc\xc8\xdb\x4a\xa7\x7b\
\xeb\x08\x6f\x9f\x1c\xdc\x16\x7b\x97\x44\xe4\x84\x0e\x79\x42\xad\
\xd6\xf7\xcc\x89\x09\x63\xf1\x6e\xfa\x00\xf9\x40\xcd\xc3\xc3\x74\
\xea\x4a\x12\xd2\x90\xd0\xa2\x46\x47\xa8\xe5\xee\x6b\x62\x5b\xdf\
\x36\x52\x57\x29\x77\x05\x05\x05\x05\x85\x73\xe2\x16\xb2\xf5\x6b\
\xf5\xbc\xec\xeb\x30\x4d\x5f\xc4\x2b\xd4\xbc\x79\xd0\xd0\x37\xdc\
\x4e\xf1\xa0\x98\x92\xf8\x1d\x54\xdc\x6e\xf4\xa2\x1d\x08\x9c\x4f\
\x20\x0b\xbe\x7b\x69\x74\x6f\xac\x8c\x7a\x64\xcc\x18\x98\x69\x82\
\x19\x0c\xfb\xfe\xed\xcf\x18\xff\xcb\x19\xd0\x0c\xc7\xec\xbe\x61\
\xec\xf8\x5f\xff\x81\xc2\x5c\x1e\x84\x12\x50\x81\xcc\xbd\x28\x9d\
\xbb\xf5\x75\x42\xa8\x2d\x30\xe3\x91\x39\x77\x56\x24\xb6\xca\x1c\
\xe7\x40\x6c\x79\xb5\xfe\xd2\xf0\xae\xa7\xf8\x8b\x63\xff\xdc\xa0\
\x2f\x7a\x05\x26\xc7\x1c\x0a\x7a\xaf\x39\xf0\xf4\x8b\xb3\x6f\x5f\
\xfa\x5d\x11\xba\x82\x82\x82\x82\xc2\xbc\x70\x13\xbd\xfc\x6b\xcd\
\xa4\xf6\xeb\x3a\xa7\x36\x77\x73\xb7\x9e\xec\x89\xc1\x90\x22\x0e\
\xe6\x67\x0b\xc0\xfd\x11\x38\xf1\xfb\x9f\x8b\x44\xce\x7d\x1a\xed\
\xf6\x6f\xd4\x7a\x32\x6e\x32\xb0\x82\x09\x63\x2a\x07\x3e\x51\x80\
\x91\x2d\xb8\xf7\x33\x93\xc1\x2c\x98\x98\x3c\x98\x92\x16\x11\x73\
\xc7\xa7\x90\x99\x98\x05\x37\x99\x7b\x9c\x66\xde\x04\x1b\xcb\x83\
\x4d\x1b\x60\x26\x73\x53\xfe\x84\x10\x68\xba\x55\x6f\x77\x22\x79\
\xc7\x67\x1d\x9c\x5b\xfb\x30\x2d\x3d\xfc\xc6\x0f\xaf\xd2\xff\xf7\
\x0b\x3f\x79\xaa\xf0\xec\xe0\x3f\x2f\x66\x95\xaf\x9a\x79\x03\x69\
\x33\xab\x9f\x0c\x0d\x3f\xfd\x9f\xf9\xd7\xdf\x16\x52\x57\x84\xae\
\xa0\xa0\xa0\xa0\x30\x6f\xdc\x1a\x7a\xb7\x45\xea\xa0\x32\x63\x07\
\xaa\xab\xc1\xc7\xe8\xbe\x48\x1c\xbc\x98\xb8\xc5\xed\x44\xbd\x76\
\x1e\x34\xee\x46\xa4\xe6\xb5\xdc\x4c\x16\xed\x27\x2a\xf1\x89\xc8\
\x35\xf8\x54\xc5\x8d\xb8\x39\x7d\x19\x0a\xc7\xa7\x01\x0e\x50\x4d\
\x83\xa6\x6b\xa8\x68\xaf\x73\x1f\xca\x01\xc4\x5a\x2b\x10\xad\x8a\
\x03\xd4\xaa\x81\xe7\xfb\x67\xf1\xc1\x91\x35\xf8\x74\xe5\x4d\xf8\
\xbb\xd8\x75\xd8\x78\x72\x09\xb2\x13\x19\x37\x4a\x67\xcc\x8a\xd8\
\x19\xe3\xee\x62\xc1\xc9\x40\x50\x8d\x82\xd8\x0d\x76\x8b\x57\x36\
\xa2\xf1\xae\xf5\xfa\x8f\x7f\xfd\xf4\x53\xe6\x0b\x43\x8f\x36\x90\
\xea\x57\x09\x07\x66\xf3\x19\xfd\x18\x4b\x3e\xfd\xbb\xc2\xae\x3b\
\x15\xa1\x2b\x28\x28\x28\x28\x9c\x57\xdc\x16\x7e\xcf\xd7\x9a\x78\
\xcd\x3f\x86\xa8\x06\x2d\x64\xd5\x8d\xb9\x28\xcb\xca\xbd\xc6\x34\
\x49\xea\xd5\x2f\x08\xe3\xef\x66\x47\xc0\x02\xc0\x6f\x02\x23\xa5\
\xe3\x3d\x7b\x53\xb3\x60\x60\x51\x0f\xc7\x35\x1d\x57\x23\x16\x8a\
\xa1\xef\xd4\x69\x2c\x49\xd4\xe2\x7a\x72\x19\xa6\x06\xc6\x01\x70\
\x68\x61\x0d\x97\x7c\xea\x6a\x94\xaf\xad\x03\x07\x10\x6d\x29\xc7\
\xe6\xaf\x7c\x10\xe1\x78\x14\x04\x40\x6e\x6a\x0e\x57\xcd\x74\xa0\
\x73\xc9\x4a\x68\x84\xe2\x44\x77\x0f\xae\xee\xb8\x1c\x4d\x07\x75\
\x18\xd9\xbc\x4d\xea\x56\x6a\x9e\x52\x22\xd4\xdd\xed\xf7\x00\x4e\
\xad\xdd\xea\x7c\x5f\xfb\xa1\x4b\xb1\xe8\xa6\x4e\xfd\xc7\xbf\xf9\
\xe9\x53\xc6\xf3\xa9\x47\x97\x90\xaa\x57\xc0\x80\x39\x96\xd7\x8f\
\x99\x03\x3f\xfe\x5d\x7e\xe7\x5b\x4a\xea\xaa\x29\x4e\x41\x41\x41\
\x41\xe1\x4d\xe1\x59\xe3\xe5\x7f\x18\xe0\x63\x5f\xcb\x9b\x85\xe2\
\xbe\xb5\xb3\x75\xb8\x97\x52\x72\xf5\x3b\xa8\x09\x1b\xf9\x9b\xda\
\xb9\xb0\x38\xe0\x26\x43\x76\x2a\x83\xb6\x5d\x11\xac\x69\x6d\xc7\
\xa1\x43\x87\x91\xcf\xe7\x71\xd5\x55\x57\x21\x1e\x8f\xe3\x1b\x7b\
\x7f\x88\xc5\xef\x6f\x03\x21\x14\x84\x00\x85\xb9\x3c\x72\x33\x59\
\x84\x13\x11\x84\x62\x61\x77\xec\x6e\x78\xd7\x69\xdc\x1d\x7b\x37\
\x4e\x1c\x3f\x89\x70\x38\x8c\xd9\x99\x19\xdc\x70\xe3\x8d\xd8\x7f\
\xe8\x20\xfe\xab\xa9\x17\xe5\x8d\xd5\xd6\xf3\x81\x7b\xb3\xf9\xf6\
\x71\x31\x93\x81\x52\xe2\x46\xee\x00\xa0\x69\x3a\xb2\xb3\x39\xec\
\x7a\xfe\x25\x8c\xbd\xd0\x63\xdc\x7b\xfd\x47\x3e\x16\xbb\xab\xe5\
\xf3\xc3\x74\xfa\x4a\x50\x20\x46\x22\x46\x3b\x69\xbc\xfb\x83\xe1\
\xcb\xde\x92\x46\x39\x15\xa1\x2b\x28\x28\x28\x28\xbc\x29\xdc\xaa\
\xbf\xfb\xff\x68\xc6\xa2\x7f\x0c\x69\xba\x54\x33\x2f\x32\x5e\x71\
\x7e\x0b\xba\xdf\x67\xb8\xe2\xe8\xa6\x3b\xb7\x39\xc4\xed\x7a\xa9\
\x70\x21\x8f\x6f\xff\xed\xd4\xc8\x8f\x74\x1d\x45\x5f\x5f\x3f\x36\
\x6c\xd8\x88\x5b\x6e\xbd\x0d\x7f\xf8\xfd\xef\xd1\xd3\xd3\x03\x70\
\x22\xe9\xc2\xd3\x90\x86\x44\x5d\x39\x42\xf1\xb0\x9d\x49\xb0\x1e\
\x3f\x97\xc9\x62\xe7\xce\xdd\x88\x44\xc2\xd8\xba\xed\x0a\xac\xdf\
\xb8\x11\x2f\xbe\xf8\x1b\x8c\x8e\x8d\xc2\x2c\x98\x6e\x24\x2e\x8a\
\xd1\x70\xd3\x72\x62\xa3\xd4\x96\x93\x65\xdc\x4d\x22\x30\x66\xa2\
\xa2\xb2\x12\x5b\x6e\xb9\x1a\x8b\x6f\x5d\xad\xff\xef\x5f\x3f\xfd\
\x83\xb9\x9f\x9d\x79\xac\xce\x2c\x7f\x85\x1b\x0c\xe9\xc2\x9c\xde\
\xcb\x06\x9e\xfe\x5d\x6e\xe7\xad\x2a\x42\x57\x50\x50\x50\x50\x38\
\xef\x78\xae\xf0\xf2\x3f\xf4\xb1\xd1\xaf\x16\xb8\x41\x3c\x4d\x16\
\xbf\xfc\x2b\xbc\xae\xf0\xc0\x94\xba\xa8\xa1\x2e\x3f\x90\x88\x64\
\x4e\x44\xa5\x56\xaf\x01\x2f\x9f\xce\xe1\xc8\xbf\xbe\x8a\x4d\xe1\
\xe5\xa0\x84\xa0\xba\xa6\x1a\x04\x04\x39\xb3\x80\x9e\x75\xb3\x58\
\xbc\xae\x19\x20\x14\x85\x74\x0e\x53\xc9\x71\x18\xd9\x3c\x42\xb1\
\x30\xe2\x8b\xca\x11\xab\x4a\x80\x31\x86\x89\x53\x23\x98\xf9\x7e\
\x37\x56\xb5\xb6\x01\x9c\xa1\xa2\xa2\x12\xe1\x70\x18\x27\xb3\x83\
\x30\x6f\xa8\x43\xac\xaa\xcc\xb6\x50\x15\x0c\x5b\xec\xd7\x44\x9d\
\xc6\x3c\x5b\xe1\x8e\x83\x83\x6a\x1a\x98\x61\x22\x16\xaa\xc0\xf4\
\xec\x24\x76\x3f\xff\x12\x46\x9e\x3f\x6a\xdc\x77\xdd\x47\x3e\x16\
\xbf\x77\xd9\xe7\x87\x31\x75\x25\x03\x47\x42\x8f\x1a\x6d\xb4\xf1\
\xae\x0f\xea\x97\xfd\x55\x86\x2e\x8a\xd0\x15\x14\x14\x14\x14\xfe\
\x6a\x3c\x9b\x7f\xe9\x7f\xf5\x63\xec\x6b\x05\x6e\xfa\x3c\x4d\x3d\
\x63\x14\x42\xa8\xfd\xa7\x2c\xe9\x2a\x0a\xb3\xc9\xa1\xbc\xe7\x84\
\x26\xea\xa8\x3b\xf3\xe2\x80\xe7\x7a\x66\xe4\x0d\x8c\xfe\xff\xec\
\xbd\x79\x70\x1c\xd7\x9d\xe7\xf9\x7d\x2f\xeb\xae\x42\xa1\x70\x10\
\xf7\xc1\x13\x22\xa9\x9b\x3a\x29\xc9\xd6\x65\x4b\xb6\x25\x4b\xb4\
\x0e\x8b\x92\x65\xb7\x67\xfa\x92\x3b\x3a\x66\x76\x62\xbb\x7b\x76\
\xbb\x67\x3b\xa6\xb7\x3b\x66\x77\x3b\x7a\x37\x62\x66\xbc\x1b\xb1\
\x11\xbb\xbd\x3d\xbd\xed\x95\x65\x6b\x7c\x48\xb6\xd5\x76\xdb\x3a\
\x29\x4a\x24\xc5\x1b\x3c\x01\x02\x3c\x71\x56\xe1\xa8\xbb\x2a\x33\
\xdf\xdb\x3f\xf2\x7a\x99\x55\xa4\x28\xb7\x2c\x42\xd2\xef\x13\x21\
\x13\x40\x01\x59\x09\x14\x8c\xef\xfb\x5d\xdf\xdf\xf8\x34\xe6\x5f\
\x3e\x89\x0d\xd1\x7e\xa4\xe2\x09\x2c\x16\x97\x31\xb7\xce\xc0\xe0\
\x03\x9b\x21\x0c\x81\xb1\x7f\x3c\x88\xf1\xff\xba\x0f\xf5\xe9\xb2\
\x2b\xc4\x5a\x5b\x14\x83\x5f\xda\x84\xcd\xdb\x6e\x41\xb4\x25\x86\
\x33\x3b\x8e\x23\xb2\xbb\x80\xa1\xb6\x3e\x30\xc6\x30\x55\xcd\x42\
\x7b\xa0\x07\x1d\x1b\x7a\xbd\xa6\x37\x06\xb7\x9e\xae\x0a\xbb\xba\
\x94\xc6\xc9\x2c\xe8\x55\x1d\xf5\x72\x0d\xab\xba\xfb\x51\xc8\x17\
\xb0\xfb\x27\xaf\x21\xfb\xf2\x09\xe3\xe9\x2f\x3c\xf9\x8d\xe8\x13\
\x83\x7f\x98\x65\xf9\x3b\x58\x88\x23\x86\xb0\xb1\x9e\xf5\x3d\xf9\
\xf9\xe8\x2d\xbf\xb6\xa8\x93\xa0\x13\x04\x41\x10\x1f\x0a\x2f\x99\
\x3b\xff\xfa\xac\x39\xf7\x47\x75\x61\x30\xd6\x64\xee\x9c\x71\xe6\
\x13\x65\x77\xf9\x49\xc0\xa8\xc5\x89\xbe\x9d\x5a\xb5\x6a\xb7\x6a\
\x45\xeb\xd2\x9e\x33\xf7\xa2\x75\x29\x24\x4c\xdd\x44\x69\x21\x8f\
\x85\xf1\x59\x18\xa5\x3a\x92\x7d\xad\x68\x5f\xd3\x0d\xa3\xaa\x63\
\xc7\x5f\xbd\x84\xc2\xa1\x39\x70\x65\x3e\x1d\xf0\x9a\xd8\xc2\x7d\
\x09\x6c\xfd\x77\x0f\x23\x33\xd8\x89\xc5\xf3\x59\x14\xcf\x2d\x80\
\x85\x34\x64\x56\x77\x20\xd5\xd5\x86\x50\x34\xe4\xba\xc4\x31\x27\
\xbd\xae\xcc\xb9\xab\x8f\x01\xde\x7d\x19\x75\x03\x73\xa7\xa6\xd0\
\xd6\xb7\x0a\x1d\x1d\xbd\x58\xca\x2f\x60\xcf\x4b\x6f\x20\xf7\xb3\
\x93\xc6\xd3\x5f\xfc\xea\x37\x62\x8f\x0f\xfc\x61\x96\x17\xee\x80\
\xc6\x11\x67\x61\x63\x3d\xef\x7f\xec\x73\xa1\x9b\x5e\x26\x41\x27\
\x08\x82\x20\xae\x28\x3f\xd6\x77\xfc\xf5\x39\x99\xfd\x23\x5d\x18\
\xee\xf6\x12\xa6\x4c\xb0\x05\xc5\xd4\x3f\x9a\x06\x77\x19\x8a\x2b\
\xf0\xea\x63\x4e\xf4\xee\x36\xc9\x2b\x6b\x4d\xa5\x67\xcf\x6a\x99\
\xbf\x48\xf0\x10\x87\x51\x33\xf0\xe6\x5f\xfc\x10\x4b\x7b\xa6\xc0\
\x00\xe8\xa6\x01\xa6\x71\xc4\x62\x31\xd4\xeb\x75\x18\xba\x81\x68\
\x28\x0c\x09\x20\xd4\x17\xc7\xe7\xfe\xb7\xa7\x11\xcb\x24\x2d\xd1\
\x36\x05\x98\xc6\xbd\x7b\x51\x67\xcf\x15\x41\x77\x1b\xf6\x84\xe7\
\x37\x6f\x6d\x73\xb3\x6a\xed\x33\x27\xce\x21\x14\x09\x21\xbd\xaa\
\x1d\x1d\x6d\x3d\x58\x2c\x58\xa2\x9e\xfd\xc9\x09\xe3\xe9\x07\x9e\
\x7c\x36\xf1\xb5\x35\xff\x7a\x5e\x2e\x6d\x95\x0c\x48\x21\x56\xba\
\x29\x34\xb2\x76\x8b\x36\x32\xf7\x41\x7f\xf6\xd4\x14\x47\x10\x04\
\x41\x7c\x68\x3c\x1a\xbe\xeb\x4f\x06\xd0\xf9\x37\x9a\xe4\x52\x6d\
\x68\x83\x84\x2b\xb4\xce\x88\x1b\x03\x6b\xee\xdb\xee\x1b\x71\xb3\
\x63\x4f\x67\xfb\x19\x03\x18\x98\xf5\x69\xc2\xba\x4e\xbd\x52\xc7\
\xfc\xc9\x69\x2c\x9d\xcb\x5a\xf5\xec\x90\xe6\x46\xd4\x67\xdf\x39\
\x89\xa5\xf7\x2c\x33\x99\x72\xbd\x8a\x58\x22\x86\x64\x2c\x01\xb3\
\x6e\x20\x1e\x89\x22\x9d\x6e\x41\xa9\x56\x06\x00\x18\x17\x2a\x18\
\xff\xc5\x21\x30\x8d\x83\x6b\x1a\x78\x48\x03\xd7\x34\x14\x67\x97\
\x31\x77\x62\x0a\xd5\xa5\x92\x67\x88\xe7\xa5\x0b\x14\xc7\x38\x65\
\x71\x8b\x90\x10\xa6\x00\x03\x43\x28\x12\xb6\x9a\xee\xf2\x45\x2c\
\x97\x72\xc8\xb4\xb4\xe1\xd6\x47\xee\x41\xfb\x17\x37\x84\x9e\xff\
\xc5\xf7\xff\xa1\xf4\x0f\x93\xff\xb1\x53\xa6\xf7\x00\x40\x11\xb5\
\xe4\xac\x91\x7b\xf2\xd7\xf9\xd9\x87\xe8\xd7\x8f\x20\x08\x82\xf8\
\x30\xd9\x16\xb9\xeb\x4f\x7e\x58\x7d\x13\xe7\x91\xfb\x23\x03\x26\
\x53\x9b\xe0\xa4\x94\x60\x4e\x24\xee\x88\x33\x24\x20\x54\x0d\xf7\
\xd2\xeb\x68\xe2\xf3\xee\x3a\xb3\x49\x89\x52\x36\x8f\x1d\x7f\xf5\
\x32\xf2\x87\x66\xc1\x34\x86\xb5\xcf\x6c\xc1\x96\x6f\xde\xed\x0a\
\xee\xf9\x37\x4e\x80\x01\x30\x4c\x03\x60\x40\x7e\x31\x8f\x6a\xb5\
\x0a\xc3\x30\x10\x89\x84\x11\x0a\x85\xa1\x45\x42\xa8\x54\x2b\x88\
\xc7\x12\x38\xfd\x93\x51\x6c\x7c\xf4\x66\x44\x92\x31\x40\x02\xc7\
\x7f\xb2\x17\x07\xff\xf3\x1b\x40\xc5\x40\x74\xb0\x05\x5b\xff\xec\
\x61\x74\x6d\x1c\xb0\x0f\x28\xc2\x5a\xd8\x26\x84\xeb\xe9\xee\x74\
\xc2\x33\xc6\xc0\x6c\xff\x78\x48\x09\xbd\x5a\x47\x28\x12\x42\x69\
\x29\x0f\xce\x39\xda\x5a\xda\x71\xeb\xa3\x77\xe3\x3d\xce\x43\x7b\
\x0f\xee\xfb\xf3\x47\xf8\x35\xdf\x9b\x33\x97\x6f\x01\x07\x74\x26\
\x7a\x7e\x9d\x9f\x3b\x45\xe8\x04\x41\x10\xc4\x87\xce\x57\x62\x9f\
\xfd\x93\x41\xd6\xf9\x37\x61\x16\x92\xf0\x6d\x40\xf3\x02\x71\x28\
\x41\x78\xd0\x68\xce\xf5\x7f\x67\x81\x94\xb6\xb0\xc3\x77\xdb\x90\
\xe6\xc4\x4b\xfb\x51\x3c\x92\x45\x38\x1c\x46\x88\x87\x30\xf9\xff\
\xed\x47\xee\xd4\x0c\x98\xc6\x60\xd6\x0c\x2c\x1f\xb7\x32\xd7\x95\
\x5a\x15\xf5\x4a\x0d\xe5\x72\x19\x42\x08\xd4\x6a\x35\x94\xcb\x15\
\x2c\x2f\x2f\xa3\x56\xa9\xa2\x52\xaf\x80\x33\xa0\x36\x55\x42\x2d\
\x5f\x01\x63\x40\x61\x6e\x19\xa3\xdf\x7e\x13\x21\x83\x21\x1c\x89\
\xc0\x9c\xa9\xe2\xe8\xf3\xef\x42\x18\x86\xeb\xed\x6e\x35\xc6\xc1\
\xb2\x7c\x75\x0d\x75\x98\xb7\x63\x5d\xe3\xe0\x21\xcd\x4d\xd3\x33\
\xc6\x50\x29\x96\x50\xac\x2d\x61\x55\x6b\x37\x1e\x78\xe4\x4b\x33\
\x8f\xfc\xf9\xb3\xff\xf9\xb4\x98\xf9\x1f\xc0\x80\x30\x34\x99\x44\
\xec\x15\x12\x74\x82\x20\x08\x62\xc5\xb0\xfa\x6c\xe6\xdf\x2d\x1f\
\x9c\xbe\xa0\x57\xea\x8a\x1b\x8c\xb7\xcc\xc5\x4d\xbf\xc3\x33\x8c\
\xf3\xde\xb0\x65\xde\xdd\x4f\xae\x46\xe7\xf6\x63\x52\xa2\x3c\x93\
\xf7\x95\xdd\x21\x81\x4a\xae\x08\x00\x30\x75\x03\x66\xd9\xb0\xde\
\x16\x26\x4a\xe5\x32\x8a\x45\xeb\xb1\x4c\x26\x83\x78\x3c\x8e\x50\
\x38\x04\xbd\xae\x83\x71\x0e\x61\x9f\x28\xf4\x6a\x1d\x42\x48\xe8\
\xa5\x1a\x64\x4d\xf8\xec\xe4\x4b\x17\x96\xad\xa7\xb7\x6b\xe4\x70\
\x16\xb7\x68\xdc\x6b\xe8\x73\xba\xf8\xed\x51\x3b\xae\x71\xaf\xe6\
\x6e\x7f\xef\xd5\x4a\x19\x5a\x5d\x9f\x19\x8e\xaf\xfa\x8b\xc9\xd0\
\xdc\xb7\xab\x52\xd7\x38\xe7\x58\x25\xd3\x3f\xbe\x3f\x7a\xd3\x4e\
\x12\x74\x82\x20\x08\x62\x45\x70\x70\xfc\x48\xec\x6f\x5f\xfa\x87\
\x57\x5f\x7f\xf5\xf5\x81\x33\xfb\xc7\x20\x0d\xe1\x29\xae\x2d\xda\
\x9e\xeb\xab\xb5\xf8\x84\x31\xe6\x5f\xa5\xaa\x8a\xbb\x33\xa2\xce\
\x98\xf2\xf5\x0c\xbd\xb7\xac\x81\xb4\x37\x9d\x41\x4a\x84\x33\x31\
\xb4\xad\xe9\x82\x34\x25\x98\xa6\x21\xda\x99\x00\x00\x68\x5c\x83\
\x09\x13\xba\xae\x23\x91\x48\x20\x12\xb1\x4c\x65\x84\x29\xa0\x45\
\x42\xe0\xdc\x96\x43\xce\x10\x6b\x89\x83\x01\x68\xe9\x6d\x43\x7a\
\xe3\x2a\xf7\x20\x21\x25\xd0\xff\x99\x0d\x76\xc4\x0d\xff\x4e\x76\
\x65\xd3\x9c\xb0\xe7\xd0\x9d\x6e\x40\xd3\x30\xdd\x32\x81\xa9\x5b\
\x5b\xdf\x5a\x65\x62\xba\x1b\xe9\xbf\x38\xae\x9f\xfd\x76\x0d\xba\
\xa6\x71\x0d\xdd\x22\xf3\x4f\x8f\xc4\xee\x7a\xf2\xd7\xfd\x99\x6b\
\xf4\x6b\x47\x10\x04\x41\x7c\x98\x1c\x99\x38\x1e\xf9\x2f\xff\xf8\
\xc2\xab\x13\x62\xfa\xce\xae\x75\x3d\x28\x2f\x15\x51\xc9\x97\xd1\
\xda\xdd\x0e\x6e\x77\x8d\xbb\xb3\xdb\xf6\xfc\xb6\x3b\xd7\x0d\xb8\
\x8b\x50\x2e\x66\x4e\xe3\x86\xcb\x8c\x21\xb3\xba\x13\x91\xce\x38\
\x2a\xcb\x65\xa4\xd6\xb6\xe3\xc6\x7f\x75\x1f\xda\xd6\x76\x59\xeb\
\x50\x43\x1a\x96\xce\x67\x51\x38\x39\x0f\x4d\xd3\x50\x93\x3a\x60\
\x4a\x54\xab\x55\x54\x2a\x15\x2c\xe7\xf3\x08\x87\x42\x88\x24\xa3\
\x48\x45\x13\xd0\x38\x47\xc7\xcd\x7d\x58\xff\xd0\x0d\x60\x21\x8e\
\x50\x44\x43\xe7\xf5\xfd\xa8\xd5\x6a\x40\x98\x61\xe8\xe1\xcd\xd8\
\xfc\xe4\xad\xe0\x21\xcd\x97\x11\x00\xf3\xaf\x5d\x65\xcc\x5a\x06\
\x23\x4d\x6b\x9c\xad\xbc\x50\x80\xa9\x9b\x08\xc5\xc2\x08\x85\x43\
\xe8\x8c\x66\xa6\x86\x22\xdd\x7f\x79\x52\x3f\xff\xed\x3a\x37\x35\
\x0e\x86\xbe\x50\xe7\x2f\x3e\x17\xbd\xf9\xa1\x56\x96\x34\x7e\xdd\
\x9f\x3b\x8d\xad\x11\x04\x41\x10\x1f\x1a\xc7\x4f\x8f\x45\xfe\xef\
\x9f\xfc\xc3\x6b\x67\x63\xb9\x3b\xba\x46\xba\xa1\xd7\xea\xa8\x95\
\x6a\xa8\x95\x2a\x68\xeb\x5f\x85\xb5\x37\x6f\x04\x0f\x6b\xb6\x88\
\x03\x5c\x63\xde\x54\x9a\x62\xff\xca\x94\x91\x34\xaf\x96\xce\x94\
\xcf\x11\x9e\x63\x1c\x63\x90\x86\xb0\x3b\xdc\x39\x18\xb3\x9a\xd1\
\x78\x48\xc3\xdc\x91\xf3\x78\xeb\xdf\xbc\x08\x66\x48\x54\xf5\x3a\
\x96\x6a\x79\xeb\x73\x75\xeb\x71\x16\xd1\x90\x0a\x25\x90\x88\xc6\
\x01\x00\x37\xfd\xfb\x2f\x60\xe8\xce\xab\xdc\xf9\x77\xce\x19\x0c\
\xdd\x84\x34\x04\x42\xd1\x90\x97\x6a\x87\xd2\x0c\xe0\x7e\xcc\xc9\
\x2c\xc0\xe7\x6e\x37\x7d\xe2\x1c\x84\x10\x88\xa7\xe2\xe8\x49\x76\
\x4e\x0d\xc7\x7b\xff\xf2\x14\x9f\xf9\x76\x0d\xba\x16\x0a\x87\xd1\
\x83\xcc\xcf\xef\x8c\x5f\xf7\xf0\x30\xeb\x36\xfe\x39\x3f\x7b\x8a\
\xd0\x09\x82\x20\x88\x0f\x85\xc3\xa7\x8e\x45\xfe\xee\x1f\x9f\x7f\
\x6d\xba\xb5\x70\xc7\xd0\x96\xd5\xe0\x9a\x66\x29\xae\xb0\x04\xb0\
\x38\xbf\x8c\x6a\xb1\x82\xd6\x9e\x76\x70\x4d\xf3\x19\xcd\x40\xb1\
\x76\x65\x68\x8c\x7a\xad\x7f\x94\xda\x3a\x63\x80\xf0\x3e\xc6\xb8\
\x17\xf1\x33\x38\x23\x6e\x0c\xf1\x8e\x14\xcc\x90\x40\xee\xc0\x05\
\x84\xb5\x10\x62\x5a\x14\x21\x4d\x43\x38\x1a\x41\x34\x12\x45\x3a\
\x9a\x42\x34\x64\x2d\x68\xe9\x7f\x78\x23\x36\x3f\x7e\x57\xe9\x31\
\xf2\x00\x00\x20\x00\x49\x44\x41\x54\x0b\x00\x2b\xc2\x76\x9c\xdf\
\x38\xb7\x1a\xdb\x24\xe0\x7e\x2f\x4c\xc9\x14\x30\xce\xdd\x86\x37\
\x35\x93\xc0\x00\x48\x01\x2c\x4d\x65\xa1\x85\x34\xac\x8a\x64\xa6\
\xd7\xa6\xfa\xff\xf2\x84\x79\xfe\xdb\x75\x3b\xcd\xde\xcb\xdb\x7f\
\x71\x6f\x7c\xcb\xc3\x03\x7c\x95\xf1\xcf\xfd\xf9\x93\xa0\x13\x04\
\x41\x10\xff\x6c\x8e\x2e\x8e\xc5\xfe\xfe\xe7\x2f\xbc\x9a\x6d\x2f\
\xdf\xb1\xfa\xe6\x75\x56\x23\x98\x1d\x69\x33\xee\x99\xb3\x14\xb3\
\xcb\xa8\xe6\xcb\x68\xeb\xeb\x74\xbf\x96\x29\xd1\x39\xec\x71\x2f\
\x4f\x30\x15\x8f\x77\xf8\x3e\xd1\x5e\x88\x22\x2c\x4b\x56\xfb\x63\
\xb5\x5c\x19\x3d\xf3\x09\xf4\x96\x5b\xb1\xb4\xb0\x08\xd9\xa2\xa1\
\x73\x53\x1f\xb4\xd6\x08\x72\x87\xa7\xc0\x05\x43\x58\x0b\x23\x16\
\x89\x22\xa2\x45\x2c\xe1\xd7\x18\xd6\x3e\x7d\x23\xae\xfb\xfa\x9d\
\xe0\xe1\x10\x70\xbe\x8c\x91\x4a\x0f\x92\xcb\x1a\x72\xb5\x3c\x78\
\x5c\x73\x2d\x68\x1d\x01\x87\x7a\xd8\x90\xea\x74\x9d\x62\x2a\x23\
\x24\x4c\x5d\xc7\xf2\xf4\x02\xba\xa3\x6d\x53\xeb\x5b\x87\xff\xf2\
\x68\xf5\xf4\xb7\x75\x66\x68\xa1\x70\x18\xbd\xac\xfd\x17\xdb\x5a\
\xee\x7d\xa8\x9d\xb7\x18\x1f\xc6\x6b\x40\x82\x4e\x10\x04\x41\xfc\
\xb3\x38\x55\xbf\x10\x79\xa3\xb2\xef\xd5\x5c\x6b\xf9\x8e\xde\x91\
\x01\x3b\xba\x85\xe7\x9a\xa6\xa4\xa1\x19\x67\x28\x66\xf3\x28\xe7\
\x8b\x68\xeb\xef\xb4\x6a\xcd\x4e\xea\x9c\xfb\x23\x71\xa7\x59\x2e\
\xb8\x12\x5d\x5d\xad\xca\xec\x0c\x80\x30\x04\xaa\xe7\xf3\x78\x5c\
\xbb\x13\xf7\xac\xd9\x8a\x91\xcc\x1a\x5c\x9f\xdc\x80\xd3\xfb\x8e\
\xa3\xdc\xcb\xd0\xb9\xb9\x1f\xfd\x77\x6f\x80\x96\x89\xc0\x94\x26\
\x58\x98\x23\x3e\xd0\x8a\xc1\x07\x37\xe2\x9a\xdf\xbe\x0b\xeb\x1e\
\xbc\x16\x52\x4a\xa4\x0e\xd5\xf0\xcd\xb5\xdb\x70\x4d\xd7\x55\xd8\
\xdc\xb6\x1e\xab\xab\x9d\x78\xef\xf4\x41\x44\xba\x12\x76\xa6\x5d\
\xbd\x27\xdb\x82\x36\x28\xe6\xf0\x22\xf4\x4a\xbe\x8c\x64\x5e\x9b\
\xda\xd8\xb5\xfe\x2f\x8f\xd5\x4e\x7f\x5b\xd7\x4c\x2d\x1c\x89\x60\
\x20\xbc\xea\x17\x5f\x6a\xbd\xe3\xa1\x56\x96\x30\x3e\xac\xd7\x81\
\x6a\xe8\x04\x41\x10\xc4\xaf\xcd\x19\x73\x3a\xf2\xcb\xc2\x9e\xd7\
\xa7\xea\xd9\xad\x61\x1e\x86\x94\x12\xa6\x61\x42\x98\xc2\x1a\x1b\
\xab\x1b\x30\xea\x3a\xf4\x9a\x8e\x7a\xa9\x06\xbd\x5a\x43\xad\x54\
\x45\xb5\x50\x41\x5b\x7f\x27\xd6\xde\xbe\x09\x5a\x24\x64\x59\xb5\
\x6a\x1c\x52\x08\x45\xb0\x95\x06\x38\x3b\xe2\xf5\xa5\xe2\xbd\x07\
\xa1\x57\x74\x0c\xec\x65\x78\xf4\xb6\x2f\xe1\xc2\x85\x29\x1c\x3f\
\x76\x04\x5b\x6e\xba\x05\x5c\xe3\xf8\x8f\xa7\xbf\x8b\x9e\x9b\xd6\
\x80\x73\x0e\x21\x04\x84\x61\xba\xd7\x0b\xc5\x22\x56\xdc\x2f\x25\
\x96\x26\xe7\xb0\x5d\xde\x85\x64\x22\x05\xd3\x30\xb1\x63\xc7\x1b\
\xd8\xfe\xcc\xd7\xf1\xcb\x1d\xbf\xc4\xc1\x6b\x72\x88\xa6\x13\xb0\
\xc6\xed\xe0\xde\x9f\x27\xe0\x70\x2b\x01\x50\x16\xca\x44\x96\x30\
\xd3\xb9\x1c\xff\x8b\x63\xf5\x33\xdf\x96\x09\xae\x85\x23\x11\x0c\
\x46\xbb\x7f\xf1\xd9\xf6\x1b\x1f\x5a\xa3\xf5\x19\x1f\xe6\x6b\x41\
\x11\x3a\x41\x10\x04\xf1\x6b\x31\x69\x4e\xc5\x5e\x2d\xee\x7d\x6d\
\x5a\x2c\x6e\x8d\x84\xa2\x6e\x07\x3b\x53\xeb\xd8\x52\x79\x5f\x99\
\x25\xe7\x76\xa4\x5e\x59\x2a\x21\xd3\xdb\x01\x1e\xe2\xae\xad\xaa\
\x9a\x65\x77\xbc\xd3\xd1\x70\x0d\x37\x10\xb6\xec\x5f\x0b\x55\x44\
\x0f\x94\x61\x54\xaa\xc8\x2f\x2f\x22\xdd\x92\x46\xa5\x5c\x42\x58\
\xe3\xd8\x7f\xe6\x28\x92\xeb\xda\x21\x84\x70\xef\x8b\x87\x43\x6e\
\x6a\x5f\x18\x26\x18\x03\x16\x8f\xcd\xa2\x77\x39\x81\xd3\x93\x13\
\x48\xc4\xe3\x88\xc7\xe3\xa8\x57\x2b\xa8\x95\x2b\x18\x0b\xcd\x22\
\x96\x49\xda\x79\x03\x78\xd9\x01\xe6\x75\xec\x2b\x81\x3b\x00\x09\
\x2e\x39\x7a\x2b\xe9\x17\x0e\xce\x1f\xff\x53\x3d\x64\x6a\xe1\x48\
\x18\x7d\xe8\xf8\xc5\x03\xab\xb6\x3e\x34\x1c\xea\x31\x3e\xec\xd7\
\x83\x04\x9d\x20\x08\x82\xf8\xc0\x4c\xd4\xa7\x62\x6f\xd4\xf6\xff\
\x6a\x56\x2e\xdd\x11\x0d\x47\xa1\xa9\x75\x6f\x77\x9d\xa8\x3d\x5b\
\xce\x99\xd2\xbc\xc6\xc0\x99\x67\x81\x52\xc8\x2e\xa3\xba\x5c\x46\
\xab\x23\xea\xf0\x84\x9a\x29\x8b\x4e\xfc\x35\x75\xb8\xaa\xee\x8c\
\xba\xe9\x55\x1d\x93\xff\x34\x8a\x54\x28\x8e\x50\x28\x8c\x81\xa1\
\x61\xbc\xfb\xce\xdb\x30\x4d\x81\xc9\xc8\x3c\x92\xc3\x6d\x56\xf3\
\x9a\x94\x98\x3b\x76\x01\xa7\xdf\x3e\x0e\xbd\x54\x43\xa2\xb3\xc5\
\x35\x7e\x59\x9a\x59\xc0\xf2\xae\x0b\x48\xc4\xe3\xe8\xe8\x5c\x05\
\x5d\x37\x30\x3e\x36\x86\x42\xb5\x8c\xc5\x21\x81\x68\x4b\x0c\xde\
\x0e\x76\x66\x7b\xb8\x07\xf6\xbf\x2b\x6b\x5e\x51\x33\xe5\xc9\x63\
\x27\x6e\xd0\xc3\x52\x0b\x47\xc2\x18\x8e\xf7\xfe\xd3\x93\x03\x0f\
\x3c\xd4\x15\x6a\x33\x7e\x13\xaf\x09\x09\x3a\x41\x10\x04\xf1\x81\
\x38\x23\xa6\x62\x6f\xd4\x0f\xfc\x6a\x0e\xcb\x77\x84\xb5\xb0\x1d\
\xb3\xfa\x77\x98\x3b\x22\xec\x19\xc1\x00\x6a\x73\x1b\xb7\x6d\x53\
\x39\x63\x28\x2e\x14\x50\x2d\x94\x91\xe9\xeb\xb0\x0c\x5e\xa4\xb4\
\x76\xa7\xdb\x79\x6c\x75\x04\x2c\xa8\x99\x9e\x21\x0d\xc3\xec\xc2\
\x3c\x8c\xc9\x22\x84\x61\xe0\xc2\xf9\xf3\x88\x44\xa3\x18\xcb\x9e\
\x85\xbc\xb9\x15\x89\xb6\x94\x75\x10\xf9\xe5\x28\xde\xf9\xb3\x97\
\x90\xdb\x75\x0e\xe7\xff\xe9\x38\xea\xac\x8e\xee\x6b\x87\xac\x85\
\x2e\xb1\x30\xc6\xf6\x1c\x45\x5a\xc4\x91\x9d\x9f\x47\xa1\x50\x80\
\x6e\x18\x38\xca\xce\x23\x79\xcd\x2a\xf0\x50\xc8\x3b\x53\x28\xa3\
\x6a\x8c\xfb\xcb\x00\xce\xf7\x3c\x75\xe2\x2c\x2b\x95\x4b\x2c\x16\
\x8f\x61\x75\xbc\xef\x17\x8f\x0f\x7f\xee\xa1\x36\x2d\x6d\xfc\xa6\
\x5e\x17\x12\x74\x82\x20\x08\xe2\xb2\x99\x34\xa6\x23\xaf\x57\x0f\
\xbc\x36\x23\x97\xee\x08\xf3\x10\xbc\x6e\x37\x67\xd1\x8a\x12\x61\
\x73\xe6\xd5\x96\xe1\x45\xb1\xde\x96\x35\x06\x1e\xe2\x10\xa6\x40\
\x79\xa1\x80\x6a\xa1\x82\xd6\xbe\x0e\x77\x65\xa9\x55\x9f\xf6\xae\
\x0f\xa5\x29\x8d\x29\xd1\xba\x63\xe4\x92\xec\xc9\xe0\xcc\xd2\x05\
\x2c\x4f\x2d\xa0\x54\x2e\x63\x42\x9f\x86\x7e\x7b\x1a\x6d\xc3\xab\
\xc0\x38\x87\x51\xd5\xf1\xee\xff\xfc\x33\xc8\xbc\xe1\x1e\x02\x16\
\x46\x67\xb0\xfa\xa1\x6b\x10\x4b\xc7\x11\x8a\x84\x10\xea\x4b\x62\
\xfc\xf4\x04\xea\x4b\x15\x64\x8b\x8b\x38\x95\xce\x21\x7d\xd7\x00\
\xe2\xad\x49\x70\xbb\x16\xc0\xdc\xc8\x9c\x05\xad\x6f\xc0\x34\x0e\
\x29\x81\x7a\xb9\x86\x1d\xcf\xff\x0a\xf1\x68\x0c\x57\xf7\x8d\xbc\
\xf2\xf9\xc1\x3b\xbe\x3c\x10\xeb\x36\x7e\x93\xaf\x0d\x6d\x5b\x23\
\x08\x82\x20\x2e\x8b\x53\xc6\x54\xec\xf5\xea\xbe\x57\xe7\x78\x7e\
\x6b\x44\x8b\xf8\x1e\x73\x52\xcf\x4c\x32\x5f\xf6\x99\x31\x0e\xae\
\x59\x91\xb9\x16\x12\x30\x6a\x40\xfe\xdc\x22\xca\x73\x05\x54\x8d\
\x1a\xd2\xbd\xad\x88\xa5\x62\xd0\xc2\x1a\x16\xcf\x67\x21\xcc\xa3\
\x58\xb7\x75\xb3\x25\xea\x52\xda\x75\x78\xbb\x56\x0d\x00\x52\xd8\
\x07\x02\xe6\xf7\x70\xe7\x0c\x89\xb6\x24\x46\xbe\x74\x23\xaa\xf9\
\x32\x4c\xc3\x44\x6f\x32\x86\x68\x2a\xa6\xec\x34\x97\xee\xec\xba\
\x74\xb2\x05\x02\x10\xa6\x69\xd5\xd1\x35\x8e\x8e\x35\xdd\x48\x6d\
\x4f\xa3\xb2\x5c\x02\x63\x0c\x43\xad\x49\x84\x93\x31\xb7\x3e\xee\
\x88\xb9\xd3\xf4\xa6\x8a\xbb\xfb\x1c\x52\xe2\xcc\xa1\x53\x58\x9a\
\x5b\xc2\x2d\x1d\x9b\x7f\xfe\xe5\xe1\x7b\x1e\x19\x4c\xf5\x19\xbf\
\xe9\xd7\x87\x22\x74\x82\x20\x08\xe2\xfd\xc5\xdc\x3c\x17\x7b\x53\
\x3f\xf4\xea\xac\x5c\xde\x1a\x0d\x45\xe1\xa4\xcf\x19\x6b\x1c\x2d\
\xb3\xb2\xe5\xcc\xd6\x37\xe9\x0a\xa8\x51\xd5\xb1\x69\xae\x0b\xbf\
\xb3\xe5\xab\xf8\xe2\xd5\x77\xa3\xab\x9e\xc4\x2b\xcf\xff\x04\xd1\
\xbe\x14\xa2\xc9\x38\x18\x03\x4a\x8b\x45\x54\x96\x4b\x68\x1b\x58\
\xe5\x8d\x84\xd9\x7b\xc6\xad\xe7\xe2\xbe\xbd\xaa\x9e\xc0\xda\xa6\
\x6d\x21\x8e\x70\x22\x8a\x78\x26\x89\x50\x34\x6c\xa5\xc3\x39\x07\
\x63\x80\x16\xd6\x60\x0a\x13\xf3\xef\x9d\x77\xef\x77\xe0\xcb\x9b\
\xb0\xe6\xbe\xab\xbd\x71\x34\x06\x84\xa2\x61\xc4\xd2\x09\xc4\x5a\
\x93\xd0\xa2\x61\x2f\xdb\x00\xe9\xb6\xc4\x31\xce\x6d\xff\x77\xe9\
\xce\xa8\x4b\xfb\x46\xaa\xc5\x2a\x76\x7d\xe7\x35\x6c\xed\xbf\xee\
\xe7\xff\xe3\xef\xfc\x77\x0f\x77\x24\x3a\x8c\x8f\xe2\x35\x22\x41\
\x27\x08\x82\x20\x2e\xc9\x84\x31\x1d\x7b\x4b\x3f\xf4\xea\x3c\xf2\
\x5b\xc3\x5a\x18\x9c\x7b\x35\xf3\x86\x09\x32\xe5\x0d\x06\x78\x22\
\x2c\x25\x8c\x93\x79\x7c\xfd\xba\x47\x51\x2d\x95\x91\x9d\x9f\x47\
\x69\x39\x8f\xab\xd7\x6d\xc4\x3f\xbd\xf1\x2a\x7a\xaf\x1d\x72\x6b\
\xed\xc5\xec\x32\x2a\xcb\x25\xab\xa6\x6e\x6f\x31\x73\xa3\x5f\xc0\
\xb7\xc8\x45\xaa\x76\xb1\xdc\xeb\x3c\x77\x56\x9b\x7a\x0d\x6b\x96\
\xf0\x77\x6c\xe8\x41\xcb\x48\x27\xa2\xbd\x49\x0c\x3d\xb8\x09\x1b\
\xb7\xdd\x8c\x50\x2c\xec\xd6\xfd\x01\xaf\xb3\xde\xed\xce\x47\x60\
\x3e\x9e\xa9\xae\x75\xde\x73\x58\x7d\x80\x1c\xc7\x7f\x79\x00\x6b\
\x4a\x9d\xaf\xfc\xd9\xef\xfe\xf1\x97\xd3\xa9\x56\xe3\xa3\x7a\x9d\
\x48\xd0\x09\x82\x20\x88\x8b\x72\xda\x9c\x8e\xbc\x69\x1e\x78\x7d\
\x9e\xe5\xb7\x86\x59\x18\x7e\xd7\x36\xa0\xc1\xf7\x45\x89\xaa\x9d\
\x0e\x74\xc0\xda\x17\x2e\x0e\x2c\x61\x20\xd6\x81\x1d\x6f\xbf\x85\
\x4a\xa5\x8c\x44\x2c\x8e\x81\xbe\x3e\x1c\xde\x77\x18\x89\x6b\x3a\
\xad\x88\xda\x16\xcf\x52\xae\x60\x89\x7a\x7f\xa7\x2d\x9e\x52\x31\
\x75\x51\x84\xdd\x6e\x4e\x63\xca\x21\xc3\xed\xb2\x57\x9c\x62\x9d\
\x7b\x05\xe7\x68\x1d\xee\x44\xef\x96\xd5\x68\x5f\xd7\x0d\x2d\x16\
\x76\xc7\xe4\x9c\x43\x83\x0c\x88\xba\xf7\xc5\x0c\x81\xee\x37\xb8\
\xf3\xf2\xf6\x3d\x2d\x9e\xcf\x21\xfc\x5e\xe9\x67\xbf\xf3\xc8\xb3\
\x8f\x0e\xf6\x0d\x19\x1f\xe5\x6b\x45\x82\x4e\x10\x04\x41\x34\x65\
\xdc\x38\x17\x7b\xd3\x38\xf4\xfa\x1c\x96\x6f\xb7\xc4\xdc\x6b\x76\
\x73\xe7\xc0\x01\x5f\x83\x9a\xb5\x50\x85\x29\x8d\x6f\x96\x30\x0a\
\x53\xe0\xdc\x7b\xa7\x10\xca\x5a\x0d\x69\x9b\xae\xbe\x1a\x67\x4f\
\x9f\x45\xbd\x56\xc3\x74\x25\x07\x6d\x5d\x0a\xa1\x68\x18\xe0\x5e\
\x87\x7c\x31\xb7\x8c\x6a\xde\x4a\xbf\x3b\xee\x73\xae\x03\x2b\xf3\
\x67\x04\x3c\x01\x86\x62\xbf\xea\x1c\x32\xbc\x08\xdd\x5d\xfa\x22\
\x3d\xeb\x1a\xe9\x6c\x76\x15\x52\xd1\x6a\x55\xbc\x15\xe1\xb6\xa3\
\x7f\x67\xb9\x8c\x9b\x85\xd0\x38\x8c\x4a\x1d\x6c\xef\xd2\x2b\xcf\
\xde\xf1\xf8\xa3\x1b\x37\x6c\x34\x3e\xea\xd7\x8b\x04\x9d\x20\x08\
\x82\x68\x60\xac\x7a\x2e\xb6\x53\x8e\xbe\x36\x87\xe5\xdb\x43\x2c\
\x64\x77\x78\xc3\x8b\x92\x21\x95\x46\x31\x2f\x58\x75\xcd\x56\xe0\
\x8f\x8e\xb9\xc6\x51\xac\x55\xb0\xb8\x6f\x0a\xc9\x68\x1c\xe7\xcf\
\x9d\x03\xd7\x34\x2c\x17\x0b\x38\xd7\x91\x47\x6a\xa8\x3d\x30\xea\
\x06\x70\xce\x51\xc8\xe6\x51\xc9\x97\xd0\xd6\xd7\x69\xa7\xfa\xad\
\x8b\x3a\x8d\x71\x6e\x80\xac\x88\xb1\xf4\xf2\xf0\xae\x9d\x2c\x9c\
\x95\xac\x12\x76\x1a\x1f\xea\x6a\x76\x65\x21\x0c\x73\x0f\x00\x5e\
\x30\x2e\x11\x34\x56\x75\xc4\xdc\x39\x61\x30\x53\x22\x35\x85\x57\
\x9e\xdd\xf0\xe8\x23\x43\x83\x43\xc6\x95\x78\xcd\x48\xd0\x09\x82\
\x20\x08\xbf\x98\x1b\x67\x23\x3b\xcc\xd1\xd7\xe6\x90\xdf\x1a\x42\
\xc8\x8d\x6a\x1d\x25\x73\xc5\x8c\x5b\x91\xb8\xdf\x5c\x45\xd9\x38\
\x06\xd5\x57\x0d\x48\x76\xb6\x60\xd6\x58\xc2\xe2\xe9\x39\x30\x13\
\x98\x5e\x9e\xc7\x89\x96\x39\xb4\xdf\xd4\x8f\x70\x2c\xe2\x13\x72\
\x47\x47\x19\xf3\xd2\xef\x6d\x03\x9d\xd6\x4a\x53\xa7\xae\xae\xcc\
\xb6\x33\x9f\x98\xb3\xa0\xff\x8c\xbb\xf2\x94\x31\x06\x69\x0a\xe5\
\x01\xc5\x89\xce\xb5\xa2\x63\xca\xe7\x23\x20\xe6\xde\x06\x36\x47\
\xfc\x39\x63\x68\x2f\xc4\x7f\xf6\x50\xf2\x8e\x47\xbb\x3b\xbb\x8c\
\x2b\xf5\xba\x91\xa0\x13\x04\x41\x10\x2e\xe3\xb5\xb3\x91\x9d\xec\
\xe8\xeb\x73\x62\x79\x6b\x98\x87\x7d\x8d\x67\xaa\x91\x8a\x54\x04\
\xd7\xaf\x9c\x4a\xba\xda\xd7\xc4\x66\x89\x65\xeb\x60\x07\xb4\x75\
\x2d\x28\xf5\x33\xb0\x4d\x2d\xe8\xd8\xdc\x8b\x48\x32\xaa\x7c\x9e\
\xe7\x30\x07\x09\x30\x4d\x03\x63\x40\x71\xa1\xa0\xd8\xc4\x6a\x8a\
\xc9\x8c\xf4\x0e\x15\xb6\xc1\x8b\xb5\x7d\x8d\x29\xe2\xcb\xec\xc3\
\x07\xfc\x9d\xf9\xce\x91\x43\xb5\x9a\x6d\x88\xc9\x95\x83\x03\x98\
\x32\x0b\x6f\x77\xde\x4b\x60\x55\xad\xe5\x67\xb7\x69\x1b\x1f\x1d\
\x6e\x1b\x30\xae\xe4\x6b\x47\x82\x4e\x10\x04\x41\x00\x00\xf6\x1d\
\x3d\x18\x79\xe1\x9d\x97\xde\x28\xf5\x62\x6b\x34\x12\x73\xa5\x8d\
\xb1\xe0\x1e\xaf\x8b\xec\xf5\x52\x3d\xd7\x3d\xb9\x74\xbb\xc7\x39\
\xe7\xd0\x42\x1c\xd1\x54\x0c\xf1\xf6\x14\x62\x2d\x09\xf0\x90\x06\
\xae\x71\x4b\x84\x99\xea\xfd\xee\x5d\xc1\x59\x8f\x5a\x5a\x28\x22\
\x3f\xbf\x84\x4c\x5f\x3b\x42\x91\x90\x9d\x29\x60\x6e\xaf\x9a\x14\
\x12\x7e\xab\x17\x2b\xb3\xa0\xa6\xe3\x9d\xfa\xbf\x57\x26\xb0\x5d\
\xe9\xd4\x08\xdd\xf7\xb6\xad\xe5\x52\x4d\x3b\x58\x1f\x94\xba\x40\
\x47\x29\xf1\xb3\xbb\x22\xd7\x3e\xba\x3e\x3d\x64\x5c\xe9\xd7\x8f\
\x04\x9d\x20\x08\x82\xc0\x89\xc2\x64\xec\x95\x33\x6f\xbc\x7e\xb6\
\x3e\x77\x7b\xcf\xc8\x80\x95\xd6\x76\xb6\x9b\xd9\xa9\x75\xd7\x19\
\x4d\x4a\x9f\x63\x9b\x5f\xc0\xed\x40\x56\xba\x1e\xaf\xde\x23\xea\
\x76\x15\x45\xe8\x19\xe7\x80\x50\x04\x94\x59\x29\x6d\xb7\x53\xde\
\xee\x62\xe7\x8c\xa1\x5a\xa8\x60\xe1\x7c\x16\xc9\xb6\x16\x44\x93\
\x31\x25\x39\x20\x7d\xb3\xe4\x6e\xf1\xde\xcd\x2a\x70\x5b\x98\xad\
\x6b\x09\x53\x2a\xe2\xad\xfa\xb3\x7b\xf7\xee\x66\x16\x94\xce\x77\
\x6f\xbb\x5b\x1d\xe9\x5c\xe8\x95\x6d\xed\x77\x3f\xda\x97\xec\x36\
\x56\xc2\x6b\x48\x82\x4e\x10\x04\xf1\x29\x67\x59\x56\x63\x6f\x4d\
\x1f\x7c\xed\x7c\x3c\x77\xfb\xe0\x0d\x6b\xed\x1a\xb6\xba\xdd\xcc\
\x4b\x44\x4b\x3b\x42\x65\x4a\x44\xae\x06\xc5\x6e\x6d\x9d\x01\x41\
\x63\x54\x6f\x7c\xcc\x32\x9a\x61\x3e\x31\xf5\xbe\xde\xb7\xd0\xc5\
\x15\x77\x6b\x9e\x9d\x41\xc2\xa8\xe9\x98\x1f\x9f\x06\x0f\x69\x96\
\x25\xab\xc6\xed\xb9\x73\xaf\x59\x4d\x4a\xff\x2c\x39\xfc\xdf\x86\
\x7f\xac\x0d\xf0\x77\xc5\xbb\x91\xbb\x92\x79\x70\xae\x2b\x04\xf2\
\xd3\x8b\x88\x4f\x1a\x3f\xfb\xea\xd0\x83\x8f\x76\xa6\x3b\x8c\x95\
\xf2\x3a\x92\xa0\x13\x04\x41\x7c\x8a\x59\x30\x4b\x91\x1d\xd3\x87\
\x5f\x3f\x52\x3c\x75\x7b\x66\x4d\xbb\x17\xd5\x4a\x75\xf7\x38\xf3\
\x82\x5d\xa9\x3a\xc1\xf9\x77\x96\x33\x35\x44\x07\xf3\x09\xbf\xbf\
\xd4\x2e\x7d\x82\xed\x46\xec\x2c\x10\xc5\xbb\x6d\xe9\xdc\x1d\x97\
\xe3\x76\x4d\x1d\x00\x16\xce\xce\x61\x69\x2a\x87\x44\x6b\x0a\x91\
\x78\xc4\x76\x84\x63\xca\xb6\x37\x7f\x96\xc0\xcd\x08\x68\x9e\xe9\
\x8c\xdb\x39\xaf\x34\xfe\xa9\xc6\x31\x0c\x0c\x52\x08\x48\x29\x51\
\x5e\x2a\xe1\xdc\x7b\xe3\xc8\x5c\xd0\x7e\xfa\xe8\xd5\x9f\xdf\x36\
\xdc\x35\x68\xac\xa4\xd7\x92\x04\x9d\x20\x08\xe2\x53\xca\x92\xac\
\xc4\x76\xcc\x1c\x7e\x7d\x7f\xfe\xd8\xed\xa9\x35\x29\xdf\xfe\x72\
\x77\x1c\x2b\x90\x22\xf7\x22\x73\x25\xea\x56\x4c\x5d\xd4\xe5\x2c\
\xee\xfb\xd2\x6f\x0a\xc3\xec\xa8\xdb\xf3\x42\x97\x6e\x54\x2e\x95\
\x08\xda\xe7\xd8\xa6\x8c\x94\x31\xce\xc1\x35\x0d\x9c\x33\xd4\x4b\
\x35\xcc\x8e\x9f\x47\x69\xb1\x88\x58\x2a\x8e\x70\x34\xa2\xa4\xd1\
\xbd\xad\x2e\x8c\x71\xd7\x3e\x16\xbe\xf3\x88\x77\x6d\x5f\xad\x5d\
\x11\xf9\x6a\xb1\x82\x73\xfb\xc7\x71\x6e\xf7\x38\xd6\x6a\x3d\x3f\
\xfb\xea\xed\x8f\x6c\x1b\xe9\x5b\x6f\xac\xb4\xd7\x93\xd1\xaf\x34\
\x41\x10\xc4\xa7\x51\xcc\xab\xb1\x37\x2f\x1c\x78\xed\x60\xf1\xc4\
\xed\x89\xa1\xb8\x9b\xd6\x76\xf3\xd5\x52\x5d\x46\xa2\x0a\xbb\xf4\
\x59\xb1\x06\x17\x93\xf8\x05\x9d\xf9\x3e\xe6\x7c\xbe\xda\x68\x27\
\x6d\x0f\x74\x6b\x94\x8c\x41\x98\xa6\x25\xac\x52\x42\x98\x02\xa6\
\x61\x40\x0a\x09\xa3\x66\xc0\xac\xeb\xa8\x57\xeb\x30\xeb\x06\x8c\
\x9a\x0e\xa3\xa6\xa3\x5e\xae\x41\xaf\xd4\x61\xe8\x06\x8c\xba\x8e\
\x64\x7b\x1a\xab\xd6\xf5\xa2\x7d\x70\x15\xc2\xf1\x88\x5b\x8b\x87\
\x22\xd8\xee\x73\xdb\xab\x59\xdd\xec\x83\xe2\x82\xa7\x57\x75\x2c\
\xcf\x2c\x60\x7e\x62\x1a\xf9\xd9\x45\x30\x5d\xe2\xda\xee\x91\x9f\
\x7d\xeb\xfe\x6f\x3e\xda\x96\xca\x18\x2b\xf1\x35\x25\x41\x27\x08\
\x82\xf8\x14\x46\xe6\x6f\xcf\x1d\x79\xed\x40\xfe\xd8\xed\x89\xc1\
\xb8\x1d\x89\x0a\x25\x32\x87\x62\xc7\xa6\x88\xb6\xcf\x1e\x4e\x9d\
\x67\x0b\xcc\x69\xfb\x54\x5d\xd9\x61\xae\x34\x9b\x49\x21\x5d\x43\
\x18\xb5\x09\x4d\x98\xa6\xdb\x99\x2e\x0c\x13\xa6\x61\x7a\x6f\xeb\
\x86\x25\xec\xba\x01\xc3\x16\x75\xb3\x6e\x09\xb9\x5e\xad\x5b\x22\
\x5f\x37\xa0\x57\xeb\x00\x80\x64\x47\x1a\x99\xbe\x0e\xb4\xac\x6a\
\x45\x34\x15\x47\x24\x1e\xb1\xba\xea\xb9\x67\x2c\x23\xa5\x75\xed\
\x7a\xb5\x8e\x5a\xb1\x82\x62\xae\x80\xe5\x99\x1c\x8a\xd9\x3c\xa4\
\x29\xa0\x85\x35\x70\xc1\xb0\xb9\x6d\xdd\x4f\xff\xe0\x73\xdf\xdc\
\x96\x59\xa1\x62\x4e\x82\x4e\x10\x04\xf1\x29\x63\xd1\x2c\x45\xde\
\xbc\x70\xe8\x8d\xc3\x95\x93\xb7\x27\x57\xa7\xec\x08\x5a\x7a\x56\
\xad\xbe\x5c\xb9\x12\xbe\x3a\x91\x7a\x50\x41\x82\x66\xee\xce\xc7\
\xd5\x28\x1f\x5e\xea\x5d\x0a\x69\x75\x9c\x3b\x31\xb2\x73\x28\x10\
\x96\xab\x9b\x30\x85\x2d\xb4\xd6\xbf\xc2\x30\x61\x9a\x26\x84\x6e\
\x42\x98\xc2\xfa\xcf\x30\xdd\x08\xdd\x34\x4c\x98\xba\x09\xb3\xae\
\xbb\x91\xba\x23\xfc\x42\x08\x98\xba\xe1\x5e\x93\xd9\xe3\x71\xce\
\xa8\x1c\xe0\x64\x01\x4c\x98\x75\x4b\xa7\xb5\x90\x06\x2d\x1c\x82\
\xa6\x71\x68\xe1\x10\xcc\x8a\x8e\x8d\xe9\x35\x3f\x7d\xf2\x8e\x47\
\xb6\x8d\xf4\xac\x33\x56\xf2\x6b\x4b\xfb\xd0\x09\x82\x20\x3e\x2d\
\x62\x2e\xca\xb1\x9d\x73\x47\x5f\x3f\x5c\x1d\xbb\x2d\x31\x94\x54\
\x7c\xd1\xd5\x6d\x62\x4e\x07\xba\x1a\x80\x07\x6c\x4f\x5d\xdd\x76\
\x97\x94\xc3\xe7\x77\xde\x20\xf0\xd6\xc8\x99\x14\x02\x60\xd2\x6a\
\x32\x03\xa0\x69\xdc\xad\xc1\x0b\xd3\x54\x7c\xe1\x01\xc6\x34\x48\
\x21\xc0\x38\x87\x66\x3f\x17\xd7\x04\xa4\x29\x60\x32\x06\x08\x09\
\x61\x9a\xb6\x38\x9b\x08\x45\x42\x08\x45\x23\x96\xc8\xeb\x5e\x14\
\x2f\x84\x80\x30\x84\xf5\x9c\x76\x73\x9b\x10\x02\xa6\x69\xba\x4d\
\x74\xe1\x70\x18\x91\x98\x95\x9e\xd7\xc2\x21\x70\xce\xc0\x42\x1a\
\xea\xf9\x2a\x36\xb5\xad\xfb\xe9\x13\x37\x3f\xb4\xe2\xc5\x9c\x04\
\x9d\x20\x08\xe2\x53\xc2\xb2\xac\xc4\xde\x9c\x3a\xf4\xda\xa1\xd2\
\x89\xdb\x12\x03\x71\x80\x01\x42\x08\x77\x44\x4d\x3a\x23\x69\x76\
\x2b\xbb\x6c\x08\xb9\x7d\xfa\xec\x49\xbb\xab\xee\x4a\xc7\xbb\xb7\
\xb5\x04\x0c\xd2\x6d\xb6\x93\x52\x42\x5f\xac\x61\x53\xbe\x07\x9d\
\x3c\x83\xa9\xe2\x2c\x0e\xc7\xcf\xa1\x75\x4d\x27\x98\xc6\x5d\x01\
\xb7\x2e\xe1\xcd\xc0\x4b\x30\x70\xa6\x41\x9a\x80\x61\x4a\x88\x73\
\x15\x0c\xe4\x52\x58\x9a\x2e\x61\xdf\xc2\x31\x74\xdf\xb5\x0e\x89\
\xb6\x14\xb4\xb0\x95\x22\x37\x0d\xd3\x12\x7e\xc3\x84\x70\x52\xf6\
\xa6\x69\xcd\x9e\x4b\x09\x21\xa4\xb2\x3c\xcd\x1b\x91\xe3\x1a\x77\
\x45\xbe\xb6\x5c\xc1\xe6\x8e\xb5\x3f\xfb\x83\x7b\xfe\xc5\xb6\x96\
\x58\xd2\xf8\x38\xbc\xc6\x94\x72\x27\x08\x82\xf8\xa4\x47\xe6\xb2\
\x1a\xdb\x31\x73\xe8\xf5\x43\xc5\x13\xb7\xc5\xfb\x63\xae\x0d\xaa\
\xd3\xf4\xe6\x45\xe3\x81\x26\xb7\x60\x5c\x2e\xa1\xce\xa6\xb9\x9f\
\xef\x13\x7a\x35\xaa\xb7\x6b\xe4\xdc\x76\x67\x2b\x4d\x2f\xe1\xa1\
\xfa\xcd\xb8\x61\xc3\x75\xa8\xd7\x6a\x00\x03\x4e\x9c\x3a\x89\xef\
\xea\xaf\xa3\x73\x43\xaf\x6b\xea\xc2\x14\x87\x37\xa7\xb6\x6f\x35\
\xc6\xe9\x60\x63\x25\xfc\xde\x35\x4f\xa1\x2d\xdd\x86\x62\xb1\x80\
\x7c\x21\x8f\xff\xf4\x9d\xff\x1d\xf2\xfe\x4e\x44\x93\x31\xe8\x35\
\xc3\x6e\xa8\xf3\x52\xf4\x52\x48\xb7\x56\x2f\x85\xf5\x31\xc0\x1e\
\x59\x53\x04\x9d\xd9\x9d\xf7\xe7\xf7\x4d\xe2\xc6\xbe\x4d\x3f\xfd\
\xd7\x5f\xfe\xbd\x6d\xa9\xc8\xc7\x43\xcc\x29\x42\x27\x08\x82\xf8\
\x84\xb3\x24\x2a\xb1\xb7\xce\x1f\x78\xe3\x60\xe5\xe4\xad\xc9\xa1\
\x84\xdf\xc1\x54\x15\x65\xc6\x00\xa9\xf8\x9c\x2a\xa2\x6e\x0f\x7e\
\x29\x5d\xed\x81\xed\x63\x12\xfe\xf4\xbd\xe3\xae\xe6\xec\x40\x11\
\x56\xad\x9a\x1f\x2f\x61\xcd\x2d\xbd\xf8\xd5\x2f\x5e\x81\x90\x80\
\xc6\x39\xee\xb9\xef\x3e\xa4\x5f\xfc\x25\xc4\x5a\x01\x1e\xd6\x14\
\x67\x18\x7b\x6e\x5c\x78\xab\xdc\xf4\xaa\x8e\x1b\x2a\xbd\xa8\x14\
\x0a\x38\x72\xe0\x00\x8e\x1f\x3b\x86\x2f\x3e\xf4\x10\x7e\xef\xb1\
\x6f\xe2\x7f\x3d\xf8\xff\x22\x71\xc3\x20\x78\x38\xe4\x46\xe5\x56\
\x8d\xdc\x13\x71\x4b\xd8\x85\x7f\x4c\x4e\x7a\x73\xe7\x52\x02\xb9\
\xc3\xb3\xb8\x36\xb6\xfe\x27\x4f\xdc\xf0\xd0\x57\x3e\x4e\x62\x0e\
\xd0\x1c\x3a\x41\x10\xc4\x27\x96\x05\x51\x8c\xed\x98\x19\x7d\xe3\
\x40\xe9\xc4\xad\x89\xc1\xb8\x6d\xac\xa2\x36\xa5\x39\xb3\xe1\x0c\
\x3e\x8f\x17\x65\x61\x89\x8f\xc0\xe7\xa8\xa6\x32\x96\x72\x5b\xd1\
\x38\x53\x36\xae\x39\x9f\x6f\xea\x06\x96\x77\x9d\x47\xba\x1e\x01\
\xc0\x30\x32\x32\x82\xc5\x85\x1c\xca\xa5\x22\xa6\xa6\xa7\xa1\xaf\
\x8f\x41\x0b\x6b\xbe\xcd\x6d\xce\x1a\x53\xe7\xc0\x50\x2b\x54\x81\
\x03\x4b\x90\xba\x81\x96\x54\x0b\xd6\x6f\x18\xc1\x89\x63\x47\x11\
\x8b\x44\x71\x62\xe9\x0c\x62\x83\xad\x60\x9c\x41\xd3\x34\xcb\x3c\
\xc6\x36\xa2\xd1\x14\xbf\x78\x2d\x1c\x42\x28\x1a\x86\x16\x09\x21\
\x14\xb6\xfe\xe3\xe1\x10\xb8\xc6\x91\x1d\x9b\x41\xef\x62\xcb\x4f\
\xff\xe5\x63\xcf\x7e\x65\xfd\xe0\x5a\xe3\xe3\xf6\x7a\x53\x84\x4e\
\x10\x04\xf1\x09\x64\x59\x56\x63\x3b\x66\x0e\xbf\x71\xa8\x74\xf2\
\xd6\xe4\x60\x02\x70\xa2\x51\x28\xeb\x43\x21\x61\x1a\x02\x42\x08\
\x84\x22\x21\x3b\xe5\x0c\x38\xb6\xe7\x4a\x78\xae\x2e\x00\xf7\x29\
\xbd\x3a\x9e\x2e\x01\xaf\x3e\x0d\x6f\x54\xcd\x11\xd6\x79\x14\x71\
\xf0\xd0\x61\xc4\x63\x31\x68\xa1\x30\x2e\x5c\x98\x46\xb5\x5a\xc3\
\x52\xa4\x82\xa8\x62\x0e\x27\x85\xf4\x3b\xb7\xd9\xf7\xae\x45\x42\
\x38\x78\xfa\x10\xc2\x52\x83\x29\x26\xb0\x61\xc3\x55\x98\x9b\x9f\
\x47\xdd\x34\xc0\xda\xa3\xd0\xc2\x21\xb7\xfa\xcf\x0c\xd3\x17\xb3\
\x4a\xd3\xe9\xa8\x57\xb6\xb4\xd9\x37\x2a\x4c\x81\x85\xc9\x39\x6c\
\xec\x58\xf3\xd3\x3f\x78\xe8\xd9\x6d\x89\x58\xd2\xf8\x38\xbe\xe6\
\x14\xa1\x13\x04\x41\x7c\xc2\xb0\x1d\xe0\xde\x38\x58\x3c\x71\x6b\
\xac\x3f\xa6\x38\xa9\x7a\x69\xf2\x6a\xbe\x82\x89\x57\x8f\x61\xe2\
\xbf\x1e\xc2\xcc\x1b\x13\x58\x98\xcc\x42\xc6\x18\x52\x9d\xe9\x60\
\x4e\x3e\xf0\xb6\xf7\x41\xa9\x66\xe6\x19\xf3\x3b\xb6\x82\x29\x1f\
\xb7\x6b\xd5\x71\x0d\x93\xbb\x4f\xa2\x3d\x96\x46\x21\x9f\x87\x10\
\x02\xe3\x33\x67\x51\xbc\x21\x82\x64\x57\xab\xfd\xe9\xdc\xab\x69\
\xfb\x32\x03\x0c\x5a\x24\x84\xc5\x7a\x1e\xe5\x13\x0b\x48\x27\xd3\
\xc8\xe7\x97\xa1\x1b\x06\x46\x4b\x13\x48\xdc\xd2\x8d\x70\x2a\xe6\
\x39\xcc\x71\xee\x46\xe5\x5c\xe3\xd6\xc8\x1a\xb7\x47\xd6\x42\x21\
\xdb\x69\xce\xb2\x94\x9d\x3f\x39\x85\x41\xa3\xe3\x27\x7f\x78\xf7\
\x37\x1f\x4d\x44\x93\xe6\xc7\xf5\x75\xa7\xa6\x38\x82\x20\x88\x4f\
\x10\x39\xbd\x10\x7b\x7b\xee\xc8\x9b\xa3\xd5\xf1\x5b\xe2\x03\x31\
\x57\x74\xbd\xa5\x25\x12\xb5\x42\x15\x07\xfe\xaf\xb7\x90\x7d\x75\
\x02\xa5\x62\x11\x42\x08\xc4\x62\x31\x24\x7a\x5a\xb1\xee\xb7\x6f\
\xc1\xda\xcf\x6c\xb2\x1b\xc6\x82\x61\xfa\xc5\x24\xc3\x6b\x8e\x0b\
\x2e\x73\x51\xff\x31\xea\x06\x16\x26\x67\x31\xbb\x6b\x12\x89\xbc\
\x06\x91\xe2\x48\x6d\xe9\x46\xe7\x48\x1f\xb4\x88\x97\x30\x76\x04\
\x5d\xaa\x06\x37\xb6\xa3\x5c\xbd\x5c\xc3\xd4\xbe\x49\xd4\x8e\x2d\
\x20\x6e\x86\x51\xef\xd2\xd0\x75\xfb\x6a\x24\x3b\xd3\x6e\xe4\x0d\
\xa5\xc1\xcf\xdb\x9b\x6e\x7d\xcc\x71\xbe\x73\x1a\xe5\x66\x8f\x9e\
\xc3\x80\xde\xfe\xf2\x13\x5b\x1e\x7e\x6c\x6d\xd7\xb0\xf1\x71\x7e\
\xed\x49\xd0\x09\x82\x20\x3e\x29\x62\x6e\x96\x62\x3b\x67\x8f\xbc\
\x79\xb0\x78\xec\x96\xe4\x70\xd2\x2f\xc4\x76\x94\x6b\xd6\x0d\x4c\
\xbe\x76\x0c\x07\xfe\xfa\x97\x58\xc8\xe6\x60\x18\x3a\xa4\x04\x22\
\x91\x08\xc2\x91\x08\x92\x6b\xda\xf1\xf9\xbf\xd9\x8e\xd6\xfe\x36\
\xf8\x6a\xe4\xce\x18\x19\x3c\xf7\x38\xd5\xe1\xcd\x55\x6e\xe9\x5f\
\x1d\xee\x13\x7a\x09\x08\xd3\x32\x82\x11\x86\x69\x45\xdd\xd1\xb0\
\x65\xf2\x22\x01\x70\xd8\xbb\xc9\xe1\x8e\xb9\xb9\x28\xce\x72\x42\
\x08\x98\x55\x1d\x52\x4a\xf0\x90\x3d\x6a\xa6\xd9\xee\x73\xd2\x7f\
\x06\x71\x1c\xe9\xbc\x83\x81\x7d\x5f\x42\xe0\xfc\xbe\x53\x18\x30\
\x3a\x5e\x7e\xf2\xb6\x87\x1f\x5b\xd7\xb1\xc6\xf8\xb8\xbf\xfe\x54\
\x43\x27\x08\x82\xf8\x04\x60\xa5\xd9\x47\xdf\x3c\x54\x3a\x71\x4b\
\x72\x28\xe9\x8f\x90\x21\xad\x0e\x76\x26\x61\xd4\x0d\x4c\xef\x9e\
\xc4\xfc\xec\x9c\xbd\x20\x05\xa8\xd5\x6a\xa8\xd5\xea\x08\x85\x42\
\x90\x93\x12\x0b\x67\xe6\x90\xee\x6b\xf3\xd5\xc7\xe1\x49\xb9\x4f\
\x6c\x83\x41\x7c\x33\xd3\x38\x77\x26\x9d\x01\x0c\x1a\xc2\x21\xcd\
\xe7\x9d\xce\xb8\x5a\x40\x97\xfe\x35\xa6\x50\x44\x99\x31\x30\x0e\
\x68\x5c\x83\xd6\xa2\xf9\xc6\xd1\x00\x6f\x73\x9a\xef\x20\xc0\x9d\
\xf3\x0c\xf7\xf2\x09\x42\x62\xf6\xf8\x05\x0c\xe8\xed\x2f\xff\xab\
\xcf\xff\xf6\xb6\x44\x24\x21\x3e\x09\xbf\x03\x24\xe8\x04\x41\x10\
\x1f\x7b\x31\xaf\xc6\xde\x9a\x39\xf4\xc6\xe1\xf2\xc9\x5b\x12\x83\
\x71\x57\xd4\x98\xd2\xdd\xc6\x98\xd5\x18\x26\x0c\x13\xc5\xc5\x02\
\xca\xe5\x32\x4c\xd3\x44\x77\x77\x37\xd2\xe9\x34\xea\xf5\x3a\xca\
\xe5\x32\x18\xe7\x30\x6b\xd6\x42\x14\x70\xff\x56\x32\x4b\x28\x99\
\x6b\xcb\xea\x6b\x63\x97\x08\xcc\xb0\xfb\x55\x59\xdd\x51\x0e\x77\
\x29\x8a\xb2\x73\x35\x18\xd1\x3b\x57\x91\x81\x0d\x68\x9c\xb9\x42\
\xee\x1c\x06\x18\xbc\x4d\x6e\xd2\x89\xe6\xd5\x73\x86\xdd\xa8\xe7\
\x2c\x67\x39\xbd\x7b\x0c\x6b\xa3\x3d\x2f\xff\x37\x5f\xfa\x97\xdb\
\x42\x2c\x2c\x3e\x29\xbf\x07\x9c\xfe\xaf\x40\x10\x04\xf1\xf1\x65\
\xbe\x9e\x8f\xed\x9c\x1b\x7d\xe3\x70\xf9\xe4\xad\xb1\xfe\x98\x2d\
\xa5\xd2\x6f\xcb\x2a\xbd\x1a\x37\xd7\x38\x12\x83\xad\xee\xe8\x5a\
\x34\x1a\x45\xbd\x5e\x47\xb5\x5a\x85\x61\x18\x48\x76\xb6\x20\xd5\
\xd5\x6a\x0b\xb9\x9a\x5a\x57\xa2\x5e\xc9\x14\xd1\xb5\x23\x64\xe9\
\x75\x8f\xfb\x22\x64\x7b\xae\xdd\x77\x8d\x80\xf9\x8c\xab\xe4\xd2\
\x37\x0c\x67\x5f\xcb\x13\x75\x09\xb8\xb3\xed\xaa\xc3\x1b\x63\xfe\
\x06\x3c\x77\xef\xb9\xfd\x36\xb7\x57\xae\x82\x33\x8c\xfe\x74\x2f\
\x32\xe3\xec\xa5\xaf\xac\x7f\xe0\xb1\x4f\x92\x98\x03\xd4\xe5\x4e\
\x10\x04\xf1\xf1\x15\x73\xb3\x10\xdb\xbd\x70\xf2\xcd\x03\xf9\x63\
\xb7\x26\x06\xe2\x6e\x4a\xdc\x35\x77\x01\xf3\x47\xbc\x8c\x81\x69\
\x0c\xa1\x58\x08\xb3\xc7\x2e\xa0\x9a\x2d\xa2\x90\xb7\xdc\xd6\x0c\
\xc3\x40\xba\xad\x15\xab\x1f\xbd\x16\x6b\xef\xde\x84\x50\x34\x0c\
\x35\xcc\xb5\x4c\x5c\x1b\x53\xe8\x08\x2c\x60\x73\xf7\xbb\x34\xb8\
\xca\x05\xba\xe2\x95\xe8\x3d\x98\xa7\x97\xca\xff\x5a\x1d\xeb\x4c\
\x75\xae\xf1\x85\xf0\x8e\x55\xab\xf7\xc9\xcc\xdf\x9c\xcf\x99\x65\
\x2b\x6b\x0a\x1c\xfd\xe9\x3e\xf4\xce\x25\x5f\xfa\xad\x2f\x6d\x7f\
\x7c\x64\xf5\x7a\xe3\x93\xf6\xfb\x40\x82\x4e\x10\x04\xf1\x31\x64\
\xd1\x2c\x25\xde\x99\x3f\xf6\xe6\xc1\xe2\x89\x5b\xe2\x76\x64\xee\
\x34\xbe\x79\x8a\x27\x7d\x0b\xd4\x9c\x77\x62\x2d\x71\xa4\x07\xdb\
\x50\xab\xd5\x01\x43\x22\x99\x48\xa0\xb5\xbf\x03\x6b\x1f\xbd\x0e\
\xd7\x3c\x7e\x2b\x92\xed\x2d\x6e\xf4\xeb\x98\x9e\x33\xf5\x50\xc0\
\x94\x6e\x76\x47\xd8\x95\xd4\x3c\x1c\xf1\x57\x05\x5d\x06\x27\xd8\
\xd5\xbb\x54\x1c\xe6\x1c\xe5\xf7\xe9\x3e\xf3\xbd\xcd\x98\x17\xc7\
\x37\xb3\xa9\x55\xaf\xc5\x60\x35\x02\x1e\xff\xc7\x03\xe8\x99\x4d\
\xfe\xe4\x4f\x7f\xef\xbf\xdd\xd6\xdf\xd5\x67\x7e\x12\x7f\x27\xa8\
\xcb\x9d\x20\x08\xe2\x63\x46\xd6\x28\x24\x76\xce\x1c\x79\x63\xb4\
\x3a\x7e\x73\xac\x3f\x0a\x1e\xd2\xac\x6d\x65\x7e\x65\x45\xe3\xfe\
\x52\x2f\x25\x6e\xd4\x75\x94\xb2\x05\x2c\x9e\x9d\x47\x2d\x5f\x41\
\x6a\x55\x1a\x6d\xc3\x5d\x88\x67\x92\x96\x98\xdb\x33\xda\xca\x5a\
\x74\x7f\xc4\xed\x33\x9a\xb1\x3e\xc7\x5b\x7a\xc2\xdc\x7a\x35\x83\
\x12\xb2\xab\x4d\x73\x52\x8d\xfe\xfd\x97\x55\x5b\xe3\x59\xf0\xd3\
\x83\x1d\xf0\xae\xc0\xcb\xc6\xfa\x3b\x24\xcc\x9a\x81\x63\x3f\x3f\
\x88\xde\xf9\xd4\xcb\xff\xfe\x77\xff\x78\x5b\x38\x12\x15\x9f\xd4\
\xdf\x0b\x12\x74\x82\x20\x88\x8f\x11\x39\xb3\x10\xdb\x39\x73\x74\
\xc7\xc1\xf2\x89\x9b\x92\x83\x89\x86\xc8\x5c\x2a\xc2\x0d\x04\x37\
\x9f\x2a\xe9\x6f\x67\x95\xa8\x29\xdc\x2f\x62\x1a\x77\x97\x94\x34\
\x8d\xa6\x9b\x38\xc5\xf9\x53\xea\xde\x73\xba\x2e\x71\xae\xb7\x7b\
\xe3\x57\x49\x04\x05\x38\x70\x55\xd6\x18\xb0\x3b\xb3\xf4\xee\x34\
\x9e\x1a\xd9\x2b\x87\x05\x69\xaf\x4d\x9d\x9f\x9c\x41\xcb\x49\xf9\
\xd2\xb3\x77\x3d\xfe\xf8\xea\xde\x21\xe3\x93\xfc\xbb\x41\x82\x4e\
\x10\x04\xf1\xf1\x89\xcc\x63\xbb\x17\xc7\x76\xec\x5f\x3e\x72\x53\
\x7c\x20\xee\xaa\x97\x93\x86\x76\x57\x93\xdb\xdd\xde\xac\xe9\x5f\
\x79\x7b\x2f\x39\x14\xfb\x53\x65\xf9\x79\x43\x0a\x5b\x31\xa5\x81\
\xbd\x06\xb5\xa1\x18\xee\xb4\xb0\x3b\x55\x7c\xa1\xc8\xb3\x2f\x5d\
\xee\x9f\x4b\xb7\xa2\x78\xe6\x7a\xc4\xbb\xcf\x13\x88\xea\x7d\x62\
\xdf\x50\x88\xf7\x1f\x20\x9c\xeb\x09\x53\x20\x7b\x6a\x0a\x03\xb2\
\xf3\xe5\x87\x37\xdd\xf7\xd8\xea\x48\x9f\xf1\x49\xff\xfd\x20\x41\
\x27\x08\x82\xf8\x18\xb0\x28\xcb\x89\xb7\xa6\x0f\xbf\x79\xb8\x3c\
\x76\x93\x35\x9a\xe6\x09\xb0\x94\xfe\xf0\xd7\x4b\x4f\x37\x09\x5d\
\x1d\x41\x0f\x36\x99\x5d\x2c\x52\xf6\x8d\xa1\x5d\xc4\x31\x8e\xf9\
\x85\x56\x4d\xb7\xfb\x6a\xe9\x52\x06\x7d\x5f\x9a\x46\xe4\x8d\x4f\
\xe1\x4f\xd9\xb3\xe0\x77\xe4\xfb\x19\x58\xb3\xf6\x8b\x67\xe7\x30\
\x20\x3b\x5e\xfe\xfa\xe6\x6d\xdb\xd2\xa1\x94\xf8\x34\xfc\x8e\xd0\
\x1c\x3a\x41\x10\xc4\x0a\x27\x27\x0a\x89\x1d\x33\xa3\x6f\x1e\x2e\
\x9d\xbc\x29\xd6\x1f\xb3\x05\xb9\x41\xa7\x55\x53\x38\xbf\x6d\xaa\
\x2b\x94\x6a\x24\xee\x8f\xe9\xe4\xfb\x0a\x79\xe0\x09\x44\x30\x02\
\xf7\xc6\xe4\x7c\xc1\xbb\x52\x34\x97\x01\xf1\xf6\x55\xc8\xd5\x6d\
\x30\xee\x01\x41\xbd\x47\xcb\x18\xc7\xb9\x05\xff\x64\x9c\x74\x33\
\x08\x66\xdd\xc4\xc2\xe9\x59\xf4\x8b\xf6\x97\xff\xc5\xb5\x4f\x6c\
\x4b\x84\x62\xe2\xd3\xf2\x7b\x42\x82\x4e\x10\x04\xb1\x82\xc9\x1a\
\x85\xd8\xbb\x73\x27\xde\x3c\x5c\x3e\x79\x53\x7c\x20\xe6\x0a\x20\
\x03\x87\x84\x74\x37\x93\x41\x48\x5f\x13\x19\x53\xc5\xb6\x49\x31\
\xdc\x1f\x9c\xb3\x80\xb4\x07\x63\x75\x35\x34\x96\x80\x50\xb2\x00\
\xd2\x53\x58\xe9\x9f\x91\xf3\xf4\xbe\x89\x1d\x2c\x83\x1a\xd5\x33\
\x6b\xdc\x4e\x79\x0e\xb7\x7c\x80\xc6\x5e\x00\x5f\x4d\x5d\xf1\x79\
\x97\x42\x20\x3b\x39\x83\x41\xd6\xf9\xd2\x23\x1b\xee\x7d\xfc\xd3\
\x24\xe6\x00\x19\xcb\x10\x04\x41\xac\x58\xe6\xf4\xe5\xc4\xbb\xd9\
\xe3\x3b\xf7\xe7\x8f\xde\x14\xeb\x8d\x7a\xae\x6b\x8c\xfb\xb6\x98\
\x21\x28\xde\xbe\x50\x58\xfa\x85\x99\x05\x0c\xde\x7c\xe6\x33\xd2\
\x7b\xdf\xbd\x80\x37\xf7\x2d\x83\xbe\x30\xce\xd5\x6d\x85\x66\x9c\
\x7b\xce\x6d\x68\xb2\xac\x4d\x19\x81\xf3\xdf\xb3\xf4\x46\xdf\xec\
\x93\x03\x0b\xd4\xde\xfd\x07\x13\xe9\x4b\x3c\x38\x1e\xed\xd9\x53\
\xd3\x18\x64\x1d\x2f\x3d\xb8\xfa\xae\xc7\x07\x53\xfd\xc6\xa7\xed\
\xf7\x85\x6a\xe8\x04\x41\x10\x2b\x90\x05\x59\x49\xbc\x3d\x7d\x68\
\xc7\xa1\xf2\xc9\x1b\x63\x7d\x51\xcb\x77\xdd\x15\x33\xe6\xef\x22\
\x47\x60\xac\xab\x49\x8f\xba\xd7\x8c\xe6\x0f\x75\x65\xb3\xcf\x76\
\x16\xb1\x04\x26\xe0\x54\x65\x0d\x8c\x8a\x83\xb1\x66\xf2\x12\x38\
\x01\x70\xd5\xbd\x2e\x50\x0f\x67\x8d\xf5\x79\xe9\xb5\xec\xbb\xf7\
\x13\xcc\x2c\x40\x5a\xcb\x5a\xb2\xa7\x66\xd0\x67\xb6\xbd\xfc\x8d\
\xab\x1f\xdd\xd6\x1a\x4e\x8b\x4f\xe3\xef\x0c\xa5\xdc\x09\x82\x20\
\x56\x18\x39\x59\x4a\xec\x9c\x3f\xf2\xd6\xe1\xf2\xd8\x8d\xf1\xfe\
\x98\x6d\xd3\x6a\xd7\x89\x15\xdb\x55\xa9\xee\x1c\x6f\xd2\x6e\xe6\
\xba\xad\xb2\xa0\x58\x7b\x69\x6f\xe7\x00\xc0\x54\x81\x57\xc3\xdf\
\x80\x50\xcb\x06\xd3\x97\x26\x02\x0e\x7f\xaa\xdf\x77\x16\xb0\x0f\
\x03\xac\x69\xe4\xcd\x1a\x97\xbe\x48\xef\x3d\xbf\x51\x9c\xf5\x1d\
\x0b\xd3\x4a\xb3\xf7\x8b\xb6\x97\x7e\xff\xfa\xed\x5f\x09\x7f\xc2\
\xec\x5c\x49\xd0\x09\x82\x20\x3e\xae\x62\x6e\x16\x62\x3b\x67\x8e\
\xbc\x75\xb8\x7c\x72\x4b\xb4\x2f\xaa\x2c\x45\x69\x5c\x49\xaa\x8a\
\xa3\x17\xe1\x4a\x4f\xc8\x21\x1b\xba\xd9\x25\xac\xde\x32\xd6\x7c\
\xa6\xcd\x8b\xe0\x95\x8e\x74\xef\xe3\xcd\xc4\x9c\xf9\x7c\xda\xd5\
\xb9\xf3\x06\x82\x9d\x77\x32\xf0\xa0\xba\xbf\xdc\x9d\x45\x0b\x16\
\xe1\xed\x9a\x39\xb3\x66\xe8\xe7\x4f\x4d\x63\x40\xb6\xff\xe8\xb1\
\x91\x07\x1f\xff\x34\x8b\x39\x09\x3a\x41\x10\xc4\x0a\x22\x6b\x16\
\x12\x3b\x67\x8f\xbe\x75\xa8\x7c\x72\x4b\xbc\x3f\xee\x73\x51\x93\
\x52\x69\x5a\xbf\xc8\x2e\x72\x29\x55\xa1\x54\x4c\x5d\xec\x1a\xb3\
\xfa\x30\xf3\xfe\xc7\xbb\xb0\x9a\x12\x47\x30\xd3\xee\xbf\x3e\xe3\
\x81\xa8\x5c\xb5\x94\x93\xc1\xc6\x35\x34\x3d\x24\xa0\x59\x70\xaf\
\x1c\x0a\x64\x20\x4d\xa0\x06\xf4\x42\x37\x91\x9b\x9c\xc5\x80\x6c\
\xff\xd1\x03\xc3\x77\x3d\xd9\x17\xef\x12\x9f\xf6\xdf\x1f\xaa\xa1\
\x13\x04\x41\xac\x84\xc8\x5c\x16\x13\x6f\x4f\x1f\x79\xeb\x50\xe9\
\xe4\x96\xc4\x40\x1c\x4c\x73\x3a\xd7\x9b\xfd\xa9\x96\x4d\x6d\xd6\
\x82\x01\xaf\xcf\x56\x55\x49\xbd\xab\x23\x6d\x2c\xb0\xec\x04\x42\
\x06\x52\xe4\xca\x18\xd9\x45\x67\xdd\x9b\xd9\xae\xe2\x22\x43\xe3\
\x81\x0e\x7c\xf7\x30\xa0\x26\x12\xfc\x7b\xcd\xdd\xb2\x00\xb3\x3e\
\x66\xda\x62\xde\x27\xda\x7e\xfc\x5b\x1b\xb7\x3d\x96\x8e\xb6\x08\
\xfa\x0d\x22\x41\x27\x08\x82\x58\x01\x62\x5e\x4e\xec\x98\x3a\xf4\
\xd6\x91\xea\xf8\x96\x68\x6f\x04\x9c\x73\xb5\x5b\xac\xb9\x98\x37\
\xb3\x54\x97\xcd\x33\xdd\xcc\xdd\x8e\x66\xef\x12\x97\xfe\x6b\x84\
\xc0\x11\x36\x43\x3a\x03\xca\x12\x48\xd4\x43\x46\x58\x32\x35\x22\
\x97\xcd\x0f\x05\x08\x38\xbc\x05\xad\xe0\xd4\xcc\x81\xd2\xc0\xe7\
\x36\xdc\xb9\x97\x97\x6e\x16\x41\x2d\x2b\x48\x29\x95\x26\x7e\xeb\
\xfe\xf5\x9a\x6e\x75\xb3\x6b\xab\x7e\xfc\x07\x57\x3f\xf3\x18\x63\
\x8c\xc4\x1c\xce\xeb\x48\x10\x04\x41\x5c\x31\xb2\xa2\x98\xd8\x95\
\x3d\x66\x89\x79\x4f\xc4\xb6\x70\xb5\xf7\x99\x33\x2f\x05\x1e\xec\
\x2a\x77\xa3\x77\x69\xd5\x9b\x99\x63\xa1\xda\x10\xba\x3b\xef\x05\
\x6a\xdd\xf6\x36\xb5\x54\x2d\x9c\xeb\x43\xc7\x6f\xaf\xaf\x75\xbf\
\xb1\xa1\x63\x6d\xfe\xb8\x71\x26\x73\xb4\x32\xf9\x6f\xe6\xc3\x85\
\x7f\x5b\xe1\xba\x6f\x87\xaa\x3b\x2b\xde\xe4\x19\x24\x00\x08\x61\
\x3d\x13\x0f\xa6\x0d\xfc\x06\x37\x3e\xab\x56\xe6\xbf\x8a\x57\x5a\
\xf0\xaf\x67\x95\x52\xc2\x34\x0c\xe4\x4e\xcf\x62\x40\x76\xfc\xf8\
\xb1\xb5\x9f\x27\x31\xa7\x08\x9d\x20\x08\x62\xa5\x44\xe6\xa5\xc4\
\xdb\x17\x0e\xef\x38\x5c\x1b\xbf\x31\xda\x1d\x06\x0f\x69\x41\x7d\
\x73\x43\x6f\x9f\xdd\x8b\xf2\x4e\x43\x73\x5b\xc0\x57\xdd\x97\xbe\
\xb6\x3f\xce\x34\x06\x0e\x86\x6e\xde\xb6\x6b\x5d\xb9\xeb\x73\xb7\
\xa4\xaf\x2e\x06\xef\xed\xd5\xe2\x7b\x37\x1d\x93\xe7\xde\xa9\x47\
\xcc\x70\xd0\xe2\x2d\xd8\xe9\x0e\x29\xc1\x38\x83\x30\x6d\x5f\x79\
\x9f\xa0\x33\x6f\x9c\x5d\xc8\x8b\x2e\x5c\x71\xbe\x19\xc7\x67\x9e\
\x69\x1c\x52\x78\x55\x74\x53\x37\x90\x3b\x3d\x87\x01\xd9\xfe\xe3\
\x2f\xac\xf9\xec\x13\xeb\x5a\x86\x0c\xfa\x0d\x22\x41\x27\x08\x82\
\x58\x01\x62\x5e\x4e\xec\x9c\x19\xdd\x71\xa8\x78\xe2\x46\xc7\x01\
\x8e\xa9\xb3\x5c\xd2\xb7\x6b\x44\xf5\x4b\xf5\xd7\xd6\x59\xc3\xc2\
\x54\x57\x08\x85\x90\xb6\xd1\x0b\x7c\xce\x6b\x1a\xd7\xd0\xc5\x5a\
\xdf\xbd\x2d\xb4\xe9\xee\xb5\xbc\xaf\x7e\xb1\x7b\x7c\x71\xe9\x57\
\x7f\x7d\x3e\xb6\xf4\xc7\x12\x56\x9a\xde\x11\x6a\xb5\x5e\xee\x98\
\xd1\x70\xcd\x4a\xe7\x33\xce\xad\xd9\x70\x53\xa0\x30\x97\x47\x39\
\x5b\x44\x38\x16\x41\xb2\x27\x8d\x58\x4b\xcc\x53\x73\x09\x40\xbd\
\x37\x21\xc1\x34\xe6\x1a\xdb\x58\x19\x05\xeb\x6d\x61\x98\x98\x39\
\x76\x1e\x6b\xa2\x3d\x3f\xfe\xda\xe6\x47\x1e\xcb\x7c\x4a\xe7\xcc\
\x49\xd0\x09\x82\x20\x56\x18\x0b\xa2\x98\x78\x6b\x66\xf4\xad\xd1\
\xca\xf8\x96\x78\x5f\xd4\xed\x0e\xf7\xf6\x99\xc3\x3f\x8f\x1d\x30\
\x76\x51\x6b\xcb\xce\x9f\x72\xb7\x39\x0d\xde\x72\x14\x9f\xb7\x3b\
\x9c\x0e\x79\x86\x6e\x96\x79\xf7\x33\x91\x6b\xee\x1e\x60\xdd\xf5\
\x4b\xdd\xe7\x19\x7d\xba\xfd\x27\xc6\xae\xb9\x3a\x37\x34\x27\x0d\
\xee\xcd\xaa\x2b\xd1\xba\xb4\x52\xf8\xce\xdb\xf5\x72\x0d\xa7\x5e\
\x19\xc5\xdc\x2b\x63\x30\x0b\x35\x68\x21\x0d\xa1\xbe\x14\xfa\x1f\
\xdb\x8c\xe1\xdb\xd6\xdb\x87\x17\xe6\x0a\x3a\xec\xcd\x6b\x5e\x64\
\xef\x45\xf8\x66\xdd\xc0\xe8\x2b\x7b\xb1\xc6\x58\xf5\xe3\x3f\x7f\
\xfa\x8f\x29\xcd\x7e\x09\xa8\x86\x4e\x10\x04\xf1\x11\x32\x57\x5f\
\x4e\xec\x9c\x3f\xfe\xd6\xa1\xc2\x89\x2d\xc9\xa1\x04\x18\xe7\x90\
\x52\xc0\x59\x6e\x22\x21\x9b\xce\x8d\x3b\xa9\xf4\x60\x29\xdd\xb5\
\x6a\x55\xea\xcd\xce\xf6\x31\x7f\xc4\x2f\xc1\x19\x47\x17\x5a\xdf\
\xbd\x91\xaf\xbf\xf7\xfd\xc4\x1c\x00\x86\xc3\xbd\x0b\xff\x67\xf9\
\xe5\x7a\x1d\x46\xdc\xed\x44\x77\x9f\xd4\x9a\x9f\x53\x0f\x16\x9c\
\x33\xe8\x55\x1d\xa7\x7e\x3e\x8a\xf1\xff\x67\x17\x96\x72\x8b\xd0\
\x0d\x1d\x8c\x31\xc4\xce\xc5\xb0\x70\x66\x16\xa1\xff\x3e\x84\x81\
\x1b\xd7\x5a\x07\x00\x21\xec\xc3\x81\x65\x9c\x23\x85\x04\xd3\xb8\
\x1b\xc1\x9b\x86\x89\xd3\xbb\x4e\x62\x03\x7a\x7e\xf4\xbb\x5f\x78\
\xf6\x49\x12\xf3\x4b\x43\x5e\xee\x04\x41\x10\x1f\x11\x59\xb3\x18\
\xdb\x95\x3b\xb1\xe3\x50\xe9\xc4\x96\xc4\x60\xc2\x36\x8d\x11\xbe\
\x98\xd4\x37\x2c\xae\xbc\x29\x9b\x8d\xa5\x05\x4d\x5a\x94\x05\x29\
\x6e\xd7\xb9\x7d\x61\xce\xac\xc8\xfc\xba\xd0\xda\x7b\x37\x86\x87\
\xab\x97\x73\xbf\x67\x73\x17\xba\x6a\x66\x3d\x2a\x95\xec\x40\xc3\
\x58\x9a\xf4\x99\xb9\xa1\x94\xcd\xe3\xf4\x4b\x87\x30\x33\x3d\x83\
\x4a\xb5\x82\x52\xa9\x84\x6a\xb5\x8a\xe5\xe5\x65\xe4\xce\xcc\xe2\
\xf8\x0f\xf7\xc2\xa8\xe9\x4a\x72\xc1\x3e\x7c\x70\xdb\x9f\xde\xce\
\x36\x98\x86\x40\xf6\x48\x16\x1b\xe4\xd0\x8f\xbe\x7a\xef\x57\x9e\
\xec\x6a\xef\xa6\x9a\x39\x45\xe8\x04\xef\xb3\x46\xe7\x00\x00\x20\
\x00\x49\x44\x41\x54\x41\x10\x57\x9e\x9c\x2c\x26\xde\x9e\x39\xfa\
\xd6\xe1\xf2\xc9\x1b\x13\xfd\x31\xbf\x2f\xbb\x90\xc1\xe5\xa2\xee\
\x12\x95\xa0\x7d\x6b\x70\xae\x9c\x05\xb7\x9b\xda\xd7\x55\x9b\xe8\
\x38\x18\xba\x90\x7e\xf7\x8e\xd0\x35\x77\x0f\xb1\xae\xfa\xe5\xde\
\xf3\x5e\x3e\xf6\x84\x08\x49\x8e\xe0\x61\xc3\xe9\xbe\x77\xc6\xe1\
\xa4\x53\xb3\x17\x28\xce\xe7\x91\x3b\x33\x8b\x72\xa9\x84\x58\x2c\
\x86\x48\x34\x02\xd3\x30\x61\x9a\x26\xca\xe5\x32\x8c\xe9\x32\xf4\
\x4a\x1d\xa1\x68\xc8\x7f\x48\x70\x56\xa0\x42\x5a\x62\x7e\x74\x1e\
\x43\xe5\xf6\x1f\x7d\x63\xeb\x97\x1f\x4f\xa5\x52\x14\x99\x53\x84\
\x4e\x10\x04\xb1\x22\x22\xf3\xc4\xce\x99\xa3\x6f\x1d\x2e\x9d\xdc\
\x12\xef\x8b\x29\x5b\xd3\x98\x3b\xa2\xa5\x04\xac\xbe\xc6\x38\x06\
\xcb\x95\xcd\xe7\x7d\xee\xe8\xab\xaf\x13\xae\xb1\x83\x5c\x4a\x09\
\x8d\x71\x74\xf3\xcc\xbb\x77\x86\xaf\xfe\x40\x62\xbe\x7b\x79\xb4\
\x6b\x56\x5b\xfa\x5f\xa0\x31\x77\x84\x4c\x3d\x5b\xb8\x13\x75\xf0\
\x9e\xcb\xd9\x91\x5e\x33\xea\xa8\xd5\x6a\x00\x63\xe8\xec\xe8\x44\
\x32\x99\x44\x2a\x95\x82\x94\x12\x99\xae\x76\x6f\x73\x5b\x70\xb9\
\x0c\x63\x30\x75\x81\xf9\xc3\x73\x18\x2a\xb6\xff\xe8\x5b\xf7\x6c\
\x27\x31\x27\x41\x27\x08\x82\x58\x21\x62\x2e\x0a\xb1\x77\xe6\x8e\
\xee\x38\x54\x3a\xb1\x25\xd6\x1b\xb1\xc4\x4b\x08\x9f\xd9\x8b\xb3\
\xcf\x94\x29\xff\x7a\xb6\xad\x56\x0c\xab\x66\xe2\x7d\xde\x2d\x8e\
\x4d\xaa\xad\xb6\xaa\xe8\x33\x09\x74\xc9\xd6\x77\x6e\x0e\x5d\x75\
\xf7\x10\xef\xbd\x6c\x31\x3f\x66\x9c\x4e\x1f\x0b\x9f\x7f\xab\x1a\
\x35\x53\xce\x9e\x71\xa8\xb3\xe1\x9c\xf9\xcd\x61\xec\x2c\x03\xc0\
\xd0\xd2\x93\x41\xdb\xf5\xfd\x08\x85\x42\x30\x74\x1d\xf9\x7c\x1e\
\x33\x33\x33\x58\x5c\x5c\x44\x5b\x7b\x3b\x5a\xaf\xed\x42\x28\x1a\
\x56\x4f\x1d\xee\x1e\x77\x61\x47\xe6\x83\x85\xcc\x0f\x9e\xbc\xe1\
\xf3\x8f\x53\xcd\xfc\x83\xa1\xd1\x8f\x80\x20\x08\xe2\x37\xc3\xbc\
\x91\x8f\xbd\x3b\x77\x7c\xe7\x68\x75\xfc\xc6\x68\x4f\x44\xe9\xea\
\x66\xef\xb3\x1c\x25\x38\xe7\xad\x3c\x0e\x25\xed\xce\xbc\xdd\xe2\
\x8e\xb8\x3b\x51\xbb\xc6\x38\x7a\xb4\xf6\x77\xae\xd3\xd6\xde\x77\
\x15\x1f\xaa\x5d\xee\x3d\x1f\x31\x4e\xa7\xf7\x9a\x27\xf7\x2c\xf0\
\xe2\x88\x74\xf7\xa3\x78\x0e\x70\xbe\xf5\xab\xaa\x2d\xac\x23\x2a\
\x61\x0d\xb1\x4c\x02\x0b\x67\xb3\xa8\x2c\x94\x50\x2e\x96\x10\x0a\
\x85\xd0\x92\x69\xc5\xf0\xfd\x9b\xb0\xee\x91\xeb\x90\x68\x4b\x81\
\x6b\xdc\xbd\x16\xe3\x1c\x66\xdd\x40\xf6\xc8\x3c\x86\x8a\xed\x3f\
\xf8\xc2\xa6\x3b\x9f\x1a\xe8\xea\x33\xe9\x37\xe8\x83\x41\x63\x6b\
\x04\x41\x10\xbf\x01\x96\x64\x35\xf1\xe6\xec\xa1\x1d\xa3\xe5\xb1\
\x1b\x63\x7d\x51\x57\x99\xd5\xd1\x34\x9f\x66\xcb\xc0\x42\x14\xfb\
\x1d\x29\x2f\xf2\x87\x5b\xc9\xc1\xab\x06\x2c\x4e\x57\x7c\x6f\xa8\
\xfd\xdd\x5b\x43\x9b\xee\x5e\xcb\x2e\x3f\x32\x3f\xa2\x4f\xa6\xf7\
\x89\xb1\x3d\x59\x99\x1f\x71\x17\xb5\x38\xdb\xcf\x7c\xcf\xed\xf9\
\xb7\xbb\xa3\x6c\xce\x13\xdb\x63\x6b\x73\x27\x2e\x60\xec\xf5\x51\
\x94\xce\x2c\x22\x14\x0a\xa3\xf3\x9a\x3e\xac\xfe\xcc\x46\x64\x06\
\x3a\xac\x08\xdd\x39\x8c\x70\x06\x53\x37\x91\x1d\x9d\xc7\x50\xb1\
\xed\x87\x5f\xbf\xf5\xe1\x27\x5a\x5a\x68\xce\x9c\x04\x9d\x20\x08\
\x62\x85\x88\xf9\x5b\x33\x87\x76\x1c\x74\x4c\x63\xec\x96\x70\xce\
\xb9\x95\xae\x56\x22\xef\x86\x79\x73\xd5\x89\x2d\xb0\xdc\x44\xb5\
\x77\xf7\xaf\x4d\x85\x6b\x17\xcb\x00\x74\xcb\xd6\x77\x3f\x1b\xbd\
\xfe\xee\x7e\xb6\xea\xf2\xc5\xbc\x7e\x2a\xbd\x0f\xa7\xf6\xe4\x64\
\x61\x44\x08\xe1\x6f\x58\x53\x7d\xe3\x03\xf7\xc8\x1a\x93\x08\x56\
\x93\x9f\x69\x42\xaf\xd4\x51\x2b\x56\xc0\x18\x43\x24\x15\x43\x38\
\x1e\xb5\x8c\x6e\x38\x77\x83\x7e\x69\x0a\xe4\x8e\xe5\x30\x98\xcf\
\xfc\xf0\xb9\xcf\x6c\x7f\x82\x85\x29\xcd\xfe\xeb\x42\x5d\xee\x04\
\x41\x10\x1f\x22\x59\x59\x4c\xec\x98\x1f\xdd\x71\xb8\x32\x76\x63\
\xc2\x76\x80\x93\x4e\x37\x3b\x00\x26\xfc\xdb\x54\x58\x43\xd8\xad\
\x44\xea\xea\x6a\x71\x09\xbb\xeb\xc9\x31\x70\x97\xb6\x87\xbb\xf5\
\x21\x0e\x06\xce\x38\x56\x99\xe9\x77\x6e\x8e\x8e\xdc\xf3\x41\xc4\
\x7c\xb4\x3e\x91\xde\x6b\x9c\xdc\xb3\xa0\x95\x46\xa4\xb2\x23\x95\
\xa1\xd1\xe8\xc5\x9d\x95\x57\x33\x02\x4e\xb7\xbd\x2a\xfa\x9a\x86\
\x68\x2a\x8e\x70\x32\xea\xeb\x09\x60\xca\x92\x18\xb3\x6e\x60\xe1\
\xc4\x02\x86\x0a\x6d\x3f\x78\xea\xa6\x2f\x3c\x49\x62\x4e\x82\x4e\
\x10\x04\xb1\x32\xc4\xdc\x2c\x24\xde\x9d\x39\xba\xe3\x50\x65\xcc\
\xaa\x99\xdb\x61\xa8\xe5\x80\xc6\x7c\x69\x74\x06\xcf\xa8\xc5\x5b\
\x23\x2e\x7d\xdd\xec\xea\x22\x14\x9f\xf5\xab\x9d\xea\x76\x93\xe1\
\xd2\x8a\xcd\xbb\x58\xe6\x9d\x6b\xb4\xa1\xfb\x36\xb0\xc1\xcb\x16\
\xf3\xa3\xfa\xa4\x55\x33\xd7\x4a\x23\xfe\x95\xa8\xea\xf3\x7a\x43\
\xf0\x6a\xea\x5d\x5d\xc6\xa6\x2e\x61\x51\x0c\x5d\xc1\xb9\xe6\xa6\
\x1a\xd4\xbe\x01\xd3\xb0\x22\xf3\xa1\x62\xdb\x0f\x3e\xbf\x69\xeb\
\x53\xed\xad\x6d\x24\xe6\xff\x4c\x28\xe5\x4e\x10\x04\xf1\x21\x90\
\x33\x8b\x89\x9d\xf3\xc7\x76\x1c\x2e\x9d\xb8\x31\xda\x1b\x55\x6c\
\x4c\x1b\xb7\x8a\x4a\xb5\x65\x9d\x35\x0a\xa4\x3f\xd4\x55\xf5\xbc\
\xc9\x8e\x54\x0e\x70\x70\x74\xb3\xcc\x3b\xb7\x87\x36\xdf\xb3\x9a\
\xf5\x5c\x7e\x9a\xdd\x98\x48\xef\x33\xc6\xf6\xe4\xb8\x15\x99\x4b\
\x3b\xd5\xce\x9a\x2c\x50\x41\x83\xd8\x4b\xef\x16\x65\x63\x8d\xbd\
\xb1\x94\x60\xbd\x21\x85\x80\x14\x12\xf3\xa3\xf3\x18\x2a\x64\x7e\
\xf8\xec\x2d\x0f\x3f\x91\x6e\x6d\x25\x31\xa7\x08\x9d\x20\x08\x62\
\x05\x88\xb9\x28\x25\xde\x9e\x3b\xf2\xf6\x68\xf9\xe4\x0d\x91\xee\
\x88\x6b\xeb\xa6\xa6\x99\x7d\xf3\xe2\xce\xa8\x16\x0b\x18\xc3\xf9\
\x44\xbc\xa1\x70\xad\xd4\xd6\xa5\x77\x6d\xc9\xd1\x85\xd6\x77\xb6\
\x6a\x57\xdf\x33\x7c\x19\x76\xae\x9e\x98\x9f\x4e\xef\x35\x4e\xec\
\x59\xe0\xa5\x11\x29\x84\xb7\x93\x5c\x15\x72\x45\xd1\xdd\xef\x41\
\x59\xe5\xaa\x06\xef\x7e\xe1\x96\xde\xea\x53\xd7\x86\xd6\x3a\xc9\
\x08\x21\x91\x3b\x9a\xc5\x50\xb1\xed\x07\xdf\xba\xff\x69\xb2\x73\
\x25\x41\x27\x08\x82\x58\x19\xcc\x8b\x42\xe2\x9d\xf9\xa3\x3b\x0f\
\x97\x4e\x5e\x1f\xef\x8b\x81\x71\xbb\xeb\x9c\x29\x56\x6f\x2c\x10\
\x81\xab\x66\x2a\xaa\x68\x37\x6b\x44\x0b\x8e\xa6\xd9\xfb\xcf\x9d\
\xd4\x76\x37\x5a\x77\xde\x1c\x19\xb9\xf7\x03\x89\x79\x7d\x22\xbd\
\xcf\x1e\x4d\x13\xa6\x70\x2f\xce\x82\x5d\xf5\xea\x3e\x76\xf5\x86\
\x95\xcc\x82\xff\x40\xe2\x8f\xd8\xd5\xa3\x09\x63\x80\x5e\x37\x91\
\x3b\x9a\xc5\x70\xa9\xfd\xc5\xaf\x6e\x79\xe0\x29\x12\x73\x12\x74\
\x82\x20\x88\x95\x21\xe6\x66\x3e\xb1\x6b\xee\xd8\xce\x43\xe5\xb1\
\xeb\x63\x3d\x11\x37\x7a\xf5\x16\x8c\xf8\x85\xd0\x59\x98\xe2\x8e\
\x6e\x3b\xfb\xc9\x03\xe2\xef\xca\xa0\x0c\x8c\xa3\x81\x39\xfb\xd4\
\xc0\xc0\xd1\xc3\x32\x3b\xaf\xd5\xd6\xdc\xff\x41\x6a\xe6\x47\xf4\
\xc9\xf4\x5e\xe3\xe4\x9e\x1c\x2f\x8e\xa8\xa6\x2e\xbe\xfd\xea\xaa\
\x20\x73\xef\x41\x37\x32\xe7\xac\x31\x52\xb7\xbf\x3f\xe7\x8e\xd5\
\x2d\x6a\x60\x96\x69\x4c\xee\x58\x16\x43\xc5\xb6\x17\x3f\x7f\xd5\
\xed\x4f\x77\xb4\x75\x90\x98\x93\xa0\x13\x04\x41\x5c\x79\xb2\xb2\
\x98\x78\x67\xfe\xd8\xce\x43\xa5\x13\xd7\xc7\x7a\xa2\x3e\x3b\x57\
\x28\x02\xe7\xba\xa8\xf9\xda\xd9\x03\x45\x67\xe6\x8b\xd7\x11\x0c\
\x95\xa5\x72\x3d\x06\x67\x05\x6a\xeb\x3b\xb7\x6a\x57\xdd\xbb\x56\
\xeb\xff\x00\x0d\x70\xa7\x33\xef\x19\x27\x76\x2f\x68\xc5\x0d\xee\
\xbe\x75\x25\x49\x80\x40\x44\xdd\xa4\xb2\xef\xd9\xc0\x4a\x06\xa6\
\x74\xed\x35\xd4\xdb\x5d\xd3\x18\xab\x01\x2e\x3b\x3a\x87\xa1\x62\
\xdb\x0f\x9e\xb9\xf9\x4b\x4f\x65\x5a\x33\x24\xe6\xbf\x01\xa8\x29\
\x8e\x20\x08\xe2\x03\x92\x13\xa5\xc4\x8e\xb9\xd1\x9d\x47\x6b\xa7\
\xae\x8f\xae\x0a\x83\x85\xbc\x95\x9f\x6e\x17\xba\xbd\x1f\x5c\x8d\
\x62\x95\xa5\x65\x4d\x97\xae\x48\xbf\x16\x36\x0a\x2d\x03\x20\x80\
\x6e\x64\x76\xde\x1b\xbb\xe1\xde\x5e\xd6\xf9\x01\x22\xf3\x89\xcc\
\x5e\x63\x6c\xf7\x42\xa8\xb4\xc1\x69\x4c\x73\xd6\xac\xaa\xde\xf1\
\x4e\x79\xc0\xe7\x0b\xaf\xd4\xec\x1b\x0c\xe3\x83\xf5\x7d\xdf\x61\
\x00\x10\xa6\x70\x4c\x63\x7e\xf0\xdc\xbd\xdb\xa9\x66\x4e\x11\x3a\
\x41\x10\xc4\xca\x60\xce\xcc\x27\xde\x9e\x1d\xdd\x39\x5a\x1e\xbb\
\x3e\xde\x67\xcd\x58\x43\x89\xc0\xad\x68\xdc\xf1\x36\xf7\x77\xa7\
\xab\xb3\xda\x4e\xf4\xda\x34\x6a\x87\x5a\x56\xb7\xe7\xb6\xed\xaf\
\xef\x66\x99\xb7\x6f\x0e\x5f\x75\xdf\x07\x11\xf3\xc3\xb5\x89\xcc\
\x3e\x39\xbe\x7b\x41\xb3\xc5\xdc\x16\x6e\xa9\x9e\x1e\x64\x60\x31\
\x8c\x2a\xd2\xbe\x46\x3d\xe9\xef\xdd\x53\xca\x04\x41\x3b\x5b\x53\
\x37\x91\x3d\x9a\xc5\x50\x21\xf3\xe2\xb3\xb7\x3e\x4c\x35\xf3\xdf\
\x30\xb4\x9c\x85\x20\x08\xe2\x03\x44\xe6\xbb\xe6\x8e\xbf\x33\x5a\
\x1d\xbf\x3e\xde\x1f\xf3\x3f\xe8\x6a\x9f\x52\xfb\x56\x6a\xe7\x6e\
\x83\xba\x90\x76\xc4\x0b\xff\x4e\x73\x67\x29\x8b\x2d\x9c\xc1\xed\
\xe3\x4c\x00\xdd\xa2\xf5\xed\xeb\xc3\x6b\xef\xdb\xa0\x0d\x7c\x80\
\x6e\xf6\xc9\xf4\x41\x7e\x6a\x77\x56\x16\x36\x48\x29\xdc\xe7\xf7\
\x25\x68\x1d\x51\x0e\xa6\xfe\xe1\xad\x54\x57\x1b\xfa\xb8\x3d\x57\
\xef\x9c\x41\xd4\x3d\x2b\xd2\xce\x54\x08\x43\x58\x0d\x70\xc5\xb6\
\x17\x1f\x18\xb9\xfd\xa9\x96\x96\x16\x12\x73\x8a\xd0\x09\x82\x20\
\xae\x3c\x0b\xb2\x94\x78\x7b\xee\xc8\xce\xc3\x95\xb1\xeb\xa2\xdd\
\x61\xd7\xb6\xd5\x31\x8d\x91\xa6\x80\x69\x98\x28\xcc\x2e\xa3\x92\
\x2b\x21\x92\x8a\xa1\xa5\x2f\x83\x68\x32\xe2\xd7\x48\x45\xb4\xa5\
\xeb\x0a\x27\x21\xcd\xc0\xf2\x13\x55\x49\x05\xd0\xcd\x33\x3b\x6f\
\xd7\x36\xde\xb7\xe6\x03\xd4\xcc\x0f\x57\xc7\xd3\x7b\xf5\x13\x7b\
\x16\x78\x69\x83\xd5\xa0\xe7\x74\xdc\x33\x5f\xf7\x9b\x64\x8a\x83\
\xbc\xe3\xc9\xee\x34\xeb\x35\xfa\xc2\xb9\x86\x36\x41\xdf\x1b\x27\
\x7d\x6f\x1a\x56\x37\xfb\x50\x21\xf3\xe2\xf6\x2d\x0f\x3e\xd5\xd6\
\xd6\x4e\x62\xfe\x11\x40\x35\x74\x82\x20\x88\xf7\x61\x49\xd6\x12\
\x6f\xce\x1c\xdc\x39\x5a\x19\xbb\x3e\xd6\x1b\x71\xa3\x69\x29\x84\
\x1b\x75\x97\x17\x4b\x38\xfe\xe2\x7b\x58\x7a\xeb\x1c\xb8\x2e\xa1\
\x45\xc3\x88\x6e\x68\xc3\xea\x27\xae\x43\xcf\xd5\x03\x96\x00\x0a\
\xa7\xdf\x4d\x19\x6b\x03\x5c\x43\x17\x5f\xad\x5a\x02\x2c\xc4\xc1\
\x4c\xa0\x9b\x65\x76\xde\x15\xbe\xf6\xde\x81\x0f\x62\xe7\x5a\x9d\
\xc8\xec\xc7\xd8\xae\x1c\x2f\x8e\x48\x67\xf4\x4c\x7a\xa2\xcc\x02\
\x26\xec\xbe\x11\x3a\xe7\x60\x11\x30\x88\x91\x68\xf4\x6e\x6f\x9a\
\x66\x3f\x32\x8f\xa1\x7c\xe6\xc5\x6f\x7d\xee\x19\x4a\xb3\x7f\x84\
\xd0\xfa\x54\x82\x20\x88\x4b\x30\x6f\x16\x12\x3b\xe7\x46\x77\x8e\
\x56\x4e\x5e\x1f\xed\x89\xba\x23\x5b\xaa\xf0\xd5\xcb\x35\x9c\x7c\
\x7e\x2f\xce\xfc\xe8\x10\xb2\xd3\x73\x58\xc8\x2d\x60\x69\x61\x11\
\x95\x0b\xcb\xc8\x9e\x98\xc6\xaa\x1b\x07\x10\x4f\x27\x54\xd9\xf4\
\x9b\xcd\x80\x81\x69\xcc\x73\x97\x73\xfc\xd2\x4d\xa0\x1b\x99\xb7\
\x6f\x8f\x6c\xba\x6f\xf8\x83\x38\xc0\x89\xc9\xf4\x3e\xe3\xe4\x9e\
\x1c\x2b\x8e\xf8\x9a\xd5\x02\x71\x9c\x2a\xd2\x5e\xcf\x9b\xaf\x20\
\xee\x35\xca\xb1\x46\xcf\x1b\x9f\xa0\x33\x58\x2b\x50\xad\x34\xfb\
\xf7\xbf\x79\xfb\x23\xdb\x23\xd1\x28\x89\x39\x09\x3a\x41\x10\xc4\
\x95\x67\x4e\x14\x12\xbb\xb2\xc7\x76\x1e\xae\x8c\x59\x62\xee\x73\
\x78\xb1\x84\x4c\x4a\x81\x85\xf1\x59\x9c\xf8\xdb\x77\x31\x7d\x6e\
\x0a\xa6\x69\xa0\x5c\x2e\x43\x4a\x89\x4a\xa5\x02\x63\xa9\x0a\x96\
\x89\xa0\xf7\x9a\x21\x9f\x1d\xac\x37\xff\xcd\x94\x11\x74\xbb\x36\
\xcd\x2d\xd3\x98\x8c\x9e\x38\xb1\x25\x36\x72\xfb\x08\x1f\xba\xfc\
\xc8\x5c\x9f\x4c\xef\x37\x4f\xbe\x97\x43\x69\x83\x23\xc8\xcc\xb7\
\x87\xdd\x2f\xe8\xbe\xee\x7a\x04\xbf\x3f\x28\x5d\xef\x4c\xd5\x77\
\x9f\x98\x4b\x29\x21\x74\x81\xdc\xf1\x05\x0c\x15\x32\xdf\xff\xe2\
\xa6\x3b\xb7\x77\x75\x74\x91\x98\x7f\xc4\x50\x0d\x9d\x20\x08\xa2\
\x59\x64\x2e\x8b\x89\x77\xe7\x8e\xed\x3c\x5c\xb2\x4d\x63\xd4\x54\
\xb9\x50\x9a\xc8\x84\xc4\xf2\x85\x05\xcc\x9f\x9f\x45\xad\x5a\x45\
\x34\x16\x43\x38\x1c\x86\xae\xeb\x6e\xba\x7a\xf9\x74\x0e\x42\x08\
\x70\xa6\xb9\x42\xe8\x64\xbf\x2d\x0f\x75\xe9\x7e\xcc\xd1\xd2\x88\
\xae\x19\xc3\x95\xf6\x47\xae\x6e\x59\x73\xf9\x35\x73\x7d\x22\x73\
\x40\x8e\xed\xce\xa2\xb8\xc1\x4a\xb1\x4b\xf7\xc9\x24\xe0\xeb\xc6\
\xf7\x85\xe8\xf0\xbb\xba\x05\x27\xd3\x82\xc5\x59\x5f\xea\x5d\x4a\
\x08\xd3\x6a\x80\x1b\x2a\xb5\xbd\xf8\xf4\xcd\x5f\xda\x9e\x21\x6f\
\x76\x12\x74\x82\x20\x88\x95\x40\x55\x9a\x91\x7f\x9c\xd9\xf3\xf6\
\xd1\xca\x29\x4b\xcc\xb9\x15\x42\x73\xcd\xda\x1c\xe6\x8c\xa6\x31\
\x66\x35\x94\x49\x06\x94\xab\x65\x94\xca\x65\xc4\xe2\x71\x74\x74\
\x74\xa0\x52\xa9\x40\xd7\x0d\x98\xa6\x81\x78\x3a\xe1\xef\x16\x57\
\x0e\x05\xcc\xda\x7d\xea\x75\xbd\xc3\x1a\x79\x8b\xd6\xb4\xc3\xf7\
\x75\xdd\x7e\xf2\x72\xef\xf9\x88\x31\x99\xd9\x6b\x9c\xdc\x9d\x43\
\x61\x03\xe0\xaf\x89\xbb\xcf\x19\x14\x66\xe9\x17\x69\x57\xe3\x65\
\xb3\x06\xab\x40\xea\xde\xce\x2a\x08\xc3\x44\x76\x74\x1e\xc3\xa5\
\xf6\x17\x9f\xbb\x6f\x3b\xd5\xcc\xaf\x20\x34\xb6\x46\x10\x04\xd1\
\x10\xe9\x70\xcc\x69\xf3\xfd\xd1\xee\x30\xc0\xe1\x6e\x08\xb3\x46\
\xbe\xbc\x4e\x74\x27\x02\x6f\x1b\xee\x40\x62\x4d\x3b\x42\xa1\x10\
\x84\x10\xc8\xe7\xf3\x98\x99\x99\x41\xa1\x90\x47\xaa\x2d\x8d\xce\
\xab\xfb\xc0\x43\x9a\x6f\xb9\x8a\x2a\x94\xcc\x37\x17\x66\x3d\x47\
\x2a\x14\xdf\x7f\xd9\x91\x79\x65\x3c\xf3\x5e\xfd\xc4\xee\x1c\x2b\
\xda\x62\x2e\xfd\xfe\xf0\x0d\x5b\x60\xfc\x41\x7a\x50\xbc\x59\xd0\
\x57\x5e\xf9\x3a\xa6\xd4\xd6\xad\x06\xb8\x2c\x86\xcb\x1d\xdf\xff\
\xe6\x9d\x5f\x21\x31\x27\x41\x27\x08\x82\x58\x39\x8c\x5f\x98\xe0\
\xff\xc7\x8e\xbf\xfb\xfb\x6c\x2d\xbb\x8a\x71\x06\x29\x00\xae\x71\
\xf0\x10\xf7\x99\xb1\x38\x23\xdb\x8c\x73\x64\x06\x3a\x71\xe3\x37\
\xee\x42\xe6\xaa\x1e\x54\x8d\x3a\x96\xf3\x79\x44\x63\x31\xa4\xdb\
\x5b\xd1\xf7\xe0\x55\xe8\xbb\x61\xd8\x9a\x31\x57\x9a\xde\x60\xa7\
\xda\xa5\xb0\x46\xd6\x3c\xb1\xb7\xbd\xd2\x43\x2c\x75\x39\xf7\x3b\
\x6a\x9c\x4a\xef\x13\x63\xbb\x17\x78\x71\x83\x0c\x78\xc7\xc3\x17\
\xa5\x4b\x75\x71\x39\x9c\xa0\x1d\xee\x46\xb8\xa0\xde\x4b\x9f\xd0\
\xbb\xf3\xe6\xf6\x4c\xbd\x69\x08\x2c\x1c\xcb\x61\xb8\xd8\xf6\xbd\
\x07\x37\xde\xb1\x3d\x1e\x8b\x93\x98\x5f\x61\x68\x6c\x8d\x20\x08\
\x02\xc0\x5b\x87\x77\xa5\x96\x6a\xc5\xdb\x76\x9f\xde\xf3\xbb\x07\
\xce\x9e\x78\xaa\x7b\x5d\x2f\x06\xaf\x5f\x83\x96\x9e\x36\x45\xd2\
\x98\x6f\x9d\xa9\xbb\xfb\x5b\x08\x54\xf3\x65\x9c\xdb\x37\x81\x89\
\x1d\xc7\x51\x9c\x5a\x42\x24\x1e\x41\xff\xcd\x6b\xb0\xee\xee\xab\
\xd1\xd2\x93\x01\xd7\x38\x18\xe3\xee\xa8\x9b\x1a\xed\xaa\xb5\x6e\
\xe7\xaf\x72\x9b\x48\xce\xdc\x5f\xbd\x76\x70\xa8\x7d\xc0\xb8\x68\
\x64\x5e\x3b\x95\xd9\x67\x8e\xed\x59\xd4\x4a\xeb\x2d\xf3\x1a\xdb\
\xce\x35\x20\xe6\xaa\x82\x07\xf7\x93\xbb\xb3\xe8\x50\xea\xe7\x12\
\x0d\xb3\xe7\xea\xf7\x6b\xcd\x99\xe7\x30\x98\x6f\xfd\xfe\xd3\x37\
\x7d\x61\x7b\x5b\x86\xe6\xcc\x49\xd0\x09\x82\x20\x56\x00\x47\xe5\
\xd9\xd4\xaf\xce\xed\xda\xb5\xf3\x95\x37\x37\x8d\x9e\x38\xcc\x62\
\xfd\x19\xb4\xf3\x16\x0c\x0c\xf7\x63\xe8\xa6\xf5\x68\xe9\x6a\x55\
\x42\x5a\xf5\x4d\x65\x16\x5d\x4a\x18\x55\x1d\xb5\x52\x15\x46\x55\
\x87\x16\xd6\x10\x49\x44\x11\x4e\x46\xdd\xe8\xdc\xdd\x96\xe6\x04\
\xca\x3c\xb0\x2e\xd5\x11\x56\xc6\xc0\x4c\x60\xa0\xd2\xf6\x3f\x3d\
\xd1\x71\xdf\x9f\x36\xbb\xe7\x23\xe6\x64\x66\x6f\xfd\xe4\x9e\x05\
\xad\xb4\x5e\x98\xc2\x2d\x7e\xfb\x6c\x59\x03\x56\xad\x9e\x69\x4d\
\x40\x06\xdc\xa2\xb9\x7f\x8b\x9a\xba\x8d\xcd\xf9\x90\xe3\x00\x37\
\x54\x68\xfb\xfe\x73\xf7\x6d\xdf\x4e\x69\x76\x12\x74\x82\x20\x88\
\x15\xc1\x31\x79\x2e\xb5\x57\x8e\xef\xca\xa1\xb4\x79\x7e\x76\x0e\
\xaf\xfe\x97\x97\x71\xe1\xec\x05\xac\x5a\xdf\x87\x76\x99\xc2\xd0\
\xba\x41\x0c\xde\xb0\x16\x2d\xdd\x19\xff\x46\x35\x29\xc1\x38\xf7\
\x77\xa9\xdb\x51\xb2\x14\x96\x83\x9c\x14\x12\x5c\xe3\x8a\x36\xaa\
\x6d\xe5\x8e\x50\x2a\x46\x2f\x6e\xd6\xdd\x52\xf6\x90\xc1\x45\x77\
\xb5\xe5\x3f\xdd\x95\xbc\xe1\x8f\xfb\x13\x5d\x6e\xa4\xfe\xf2\x85\
\xd7\xef\x9e\xcd\x14\xbf\x57\xe0\x95\x2e\xa6\x69\x10\x4e\xd4\x2f\
\x9b\x6c\x6c\x73\x37\xb7\x29\x96\x30\xac\xf1\x4f\x7f\x73\xa3\x19\
\x69\x1d\x42\xec\x32\x80\x69\x98\xc8\x1e\x9e\xc7\xea\x4a\xc7\xf7\
\x7e\xeb\xb6\x47\x9e\x8e\x27\x12\x24\xe6\x24\xe8\x04\x41\x10\x57\
\x9e\x23\xe2\x4c\x62\x3f\x26\xf6\xe4\x58\x69\xb3\x63\x64\x9a\x9d\
\x99\xc7\xaf\xfe\xf6\xc7\x98\x9e\x9e\x41\xe7\xda\x5e\x74\x20\x85\
\x81\xb5\x83\x18\xde\xb2\x1e\xa9\x55\x69\x9f\x18\x3b\x8e\x2c\xea\
\x22\x16\x19\xd8\x43\xca\xc0\x7c\x0e\x2e\x8e\xd8\xfb\x17\xb1\xd8\
\x5f\xcf\x95\x14\xbc\xa3\xfb\x12\x48\x23\xbe\x10\x93\xe1\xfd\xc2\
\x10\xf5\x1a\x37\x36\xd5\x22\x62\xa8\x0e\xc3\xd7\x03\xe5\x5e\x43\
\xd9\xbc\xca\x02\x8f\x35\xa8\xb7\x54\xef\xd3\x0b\xd6\x7d\x02\x61\
\x7f\x7f\xce\x68\xda\x70\xa9\xed\x7b\x0f\x5c\xb5\xf5\xe9\xb5\x7d\
\xab\x49\xcc\x57\x18\x64\x2c\x43\x10\xc4\xa7\x92\xa3\xe6\xd9\xd4\
\x7e\x36\xb1\x3b\xcb\x8a\x9b\x5d\x43\x17\x30\xc4\x53\x09\x74\xad\
\xef\x47\x6e\x72\x06\xb3\xa7\xa7\xc0\xda\xa3\xd0\x17\x6b\x10\xe5\
\x3a\xe2\xe9\x04\xc2\xf1\x08\x18\xe7\x3e\xd1\x73\x9b\xc2\xed\x51\
\x36\x16\xb0\x52\x63\x8a\x29\x8b\x5a\x8f\x96\x4a\xb4\xaf\xd6\xe5\
\xad\x0d\x6b\xdc\x12\x78\x06\xd4\xb8\x11\x2f\x6b\xfa\xda\x92\x56\
\xdb\x50\xd7\xcc\x8c\x21\x4d\xa6\x36\xb8\x31\x3b\xdd\xee\xf8\xca\
\xb3\x86\x5a\x79\x30\x8e\x53\x2c\x66\x99\x17\xd9\xfb\xc6\xd5\x94\
\xfb\x16\x86\xc0\xc2\xd1\x2c\x86\x8a\x6d\xdf\xff\xea\x96\x07\x9f\
\xee\x5f\xd5\x4b\x62\x4e\x82\x4e\x10\x04\x71\xe5\x39\x6e\x9e\x4d\
\xed\x65\xe3\xbb\xb2\xac\xb4\xd9\x5a\x31\x2e\xc1\x6d\x29\xe3\xe0\
\x48\xb5\xb4\xa0\x67\x7d\x3f\xb2\x13\x53\x98\x3d\x3b\x0d\xd6\x16\
\x81\xbe\x54\x03\xab\x09\xc4\xd3\x49\x44\x93\x51\x2f\x14\x96\x8a\
\x0b\x8b\xd2\xdb\xe6\x0a\xb4\xb3\xbc\xc5\x11\x6a\x27\x3a\x57\xac\
\x63\xbd\x2d\x6b\x4a\xa3\x9c\xbd\xaf\xdc\xb7\xd1\x4c\x99\x7a\x63\
\xcc\x76\x80\xf3\x85\xd6\x2c\xe0\x66\xc7\x94\x19\x74\xe6\xcd\xa2\
\xfb\x22\x74\x4f\xcc\x1d\xa1\x67\x4a\x69\xc1\x35\x8d\x29\x64\xbe\
\xff\xdc\x7d\x4f\x6f\x4f\xc4\x29\xcd\x4e\x82\x4e\x10\x04\xb1\x02\
\x38\x26\xce\xa7\xf6\xb1\x53\xbb\x72\xac\xb4\x59\x51\xb5\x40\x0c\
\xcb\x90\x4c\xb5\xa0\x6b\x7d\x3f\xe6\x27\xa6\x30\x7b\x7a\x0a\x5a\
\x7b\x14\xfa\x52\x0d\xb2\x6a\x20\x9e\x4e\x22\x92\x88\x78\xf1\xb6\
\x62\x88\xee\xce\x75\x0b\xe9\x1a\xd2\xf8\x85\x5a\x04\xa2\x77\xeb\
\x2a\x4e\xa7\x3b\xb3\x53\xdc\xbe\x59\x70\xb5\xbe\xed\xa4\xc7\x39\
\xf3\x97\xc2\x25\xf3\x1e\xf3\x7d\x91\xb2\x57\x5d\x39\x34\xb8\xba\
\x6e\x3f\x0f\x83\x35\x82\xe7\xcd\x99\x5b\x69\xf6\xec\xe8\x3c\x86\
\x0b\x6d\xdf\xfb\xbd\xcf\x7e\xf5\x69\xae\x69\x24\xe6\x24\xe8\x04\
\x41\x10\x2b\x23\x32\xdf\xcf\x4e\xed\x9a\x47\x61\xb3\xb3\x22\x14\
\xca\x06\x72\x06\xbf\x72\x26\x52\x49\xf4\xac\xef\xc7\xc2\xe9\x19\
\x4c\x9f\x9e\x02\x6b\x8b\x42\x5f\xac\x02\x55\x13\x89\xd6\x24\x22\
\x09\x7b\x59\x0b\x57\x16\x9a\xa8\x6d\xe6\x8a\x58\x5a\x75\x71\xbf\
\xd9\x0b\x63\xcc\xef\x31\x13\x58\x8c\xe2\xa4\xc5\x9d\xf9\x6f\x35\
\xba\x56\xc7\xd3\x98\x92\x36\xf7\x0e\x09\xf6\x77\xd5\x64\xa3\x4a\
\x43\x4f\x9c\x72\x98\x70\x10\xa6\x44\xee\x48\x16\xab\x4b\x1d\x2f\
\x7c\x61\xd3\x1d\xcf\xb4\xd3\x68\x1a\x09\x3a\x41\x10\xc4\x4a\xe0\
\xa8\x3c\x9b\xda\x87\x89\x5d\x73\xc8\x6f\x56\x23\x66\x47\xcc\x7d\
\xfa\xe6\x56\xbb\x95\x48\x7d\xec\x3c\xe6\xce\x4e\x83\x75\xc4\x50\
\xcf\x95\xc1\x74\x89\x58\x2a\x86\x68\x2a\xee\x09\xa9\x2b\xea\xf0\
\x8b\x28\x53\x52\xeb\x5c\x89\x8e\x1b\x4c\xd3\x9b\xd4\xd4\xd5\xe5\
\x28\x4a\x44\xef\x9b\x40\xf3\x0a\xf2\xea\x9b\xf0\x3b\xb4\xcb\x86\
\x5c\x84\x5f\xf8\xbd\xa3\x8c\x10\x96\x98\x0f\x95\xda\xbe\xf7\xc4\
\x0d\x9f\x7b\xa6\xbf\xab\x8f\xc4\x9c\x04\x9d\x20\x08\xe2\xca\x73\
\xcc\x3c\x97\xde\x27\xc7\xdf\x75\xd2\xec\xac\xd9\xd8\x56\x60\x6b\
\x89\x13\xb7\x73\x70\x24\x92\x29\x74\xaf\xef\xc3\xc2\x99\x59\xcc\
\x9c\xbe\x00\xde\x16\xb3\x22\xf5\x9a\x89\x44\x26\x85\x48\x22\xea\
\xf9\xb3\x3b\x4e\x6f\x8c\x81\x71\x28\xf5\x68\x78\x86\xed\x76\x64\
\xee\x73\x8f\x73\x23\xf6\x80\xec\xaa\x96\xad\x8c\x81\x73\xbf\x9d\
\xab\x2a\xf0\x2c\x90\x28\xb8\x24\xb6\x09\x0d\x53\x0e\x1c\xe0\x0c\
\x42\xb7\xd2\xec\x43\x85\xb6\xef\x7d\xeb\xbe\xa7\x9f\x4e\x26\x92\
\x24\xe6\x24\xe8\x04\x41\x10\x2b\x40\xcc\xc5\x99\xd4\x3e\x36\xf1\
\x6e\x8e\x97\x36\x0b\x08\x70\xc6\xf1\xfe\x72\x1e\x5c\x13\xca\x90\
\x68\xb1\xd2\xef\xb9\xc9\x19\xcc\x4c\x9e\xb7\xd2\xef\x4b\x55\xa0\
\x26\x10\x6f\x49\x20\x92\x8c\x5a\xc2\xc8\x99\xb7\xd9\x4c\xaa\xe9\
\x70\x7b\x76\x5d\xed\x72\x97\x4a\x13\x9a\xf4\x84\x9e\x6b\x0c\xfe\
\x25\xe4\x4c\x09\xe6\xbd\x5d\xec\x8e\x28\x03\xb0\x47\xe7\xd4\x4e\
\x79\xf5\x20\x70\xb1\x9f\x0e\xf3\x3a\xe4\x19\xb3\x22\xf3\xd1\x79\
\x0c\x17\xdb\x5f\x78\xee\x33\x4f\x3c\xc3\x43\x21\x12\x73\x12\x74\
\x82\x20\x88\x95\x20\xe6\xe7\x52\xfb\x30\xb1\x3b\xeb\xcc\x99\x33\
\xcf\xc8\xe5\x22\xf2\x16\x78\xdf\xd1\x44\x09\x06\x8e\x78\x2a\x89\
\xee\x75\x76\xf7\xfb\x99\x69\x70\x57\xd4\x4d\xc4\x5b\x12\x08\x27\
\x62\xb6\x0e\xf3\x80\x33\x9b\xdf\xe4\x45\x9a\xf6\x5d\x70\xd6\x60\
\x06\xc3\x39\x47\xb0\xde\xed\x35\xce\x35\x13\xea\x8b\x7c\x2f\xcd\
\x5c\xe1\xd4\x01\x75\xa5\x49\x0e\x76\x37\x7b\xf6\xd0\x1c\x86\x8b\
\x6d\x2f\x7c\xf1\x9a\xbb\x9e\x21\x3b\x57\x12\x74\x82\x20\x88\x15\
\xc1\x11\xfd\x4c\x6a\xbf\x36\xb1\x6b\x9e\x15\x36\xfb\x27\xc0\xd5\
\x06\xb8\x86\xee\xb0\x8b\x48\xbb\xf7\xd1\x44\x2a\x89\xae\x75\x7d\
\x58\x38\x33\x83\x99\x33\x53\x60\x99\x08\xea\x0b\x55\x88\xaa\x81\
\x44\x3a\x81\x58\x4b\x02\xee\xb1\xc1\xe9\x58\xe7\xd6\x5c\xb9\x7f\
\x54\x4d\x1d\x63\x93\x5e\x87\x39\x53\x4d\x62\xbc\xf9\x78\xa6\xac\
\x3f\x65\xdc\xfa\x3a\xce\xb9\xbf\x49\x5f\xcd\xbb\x3b\xf3\xe8\xce\
\xc1\xc2\xb7\x2d\xcd\xdf\x58\x27\x0c\x81\xec\xe8\x1c\x86\x4b\x1d\
\x2f\x3c\x79\xd3\x83\xcf\xf4\xd1\x9c\x39\x09\x3a\x41\x10\xc4\x4a\
\x60\x54\x9f\x48\x1d\xd0\x4e\x2b\xa3\x69\xf0\x49\x79\x23\x32\xb8\
\x82\xe4\x92\x24\x5b\x5a\xd0\xb3\x61\x00\xd9\x89\x29\xcc\x9c\x99\
\x86\xd6\x1e\x85\xb1\x5c\xb3\x22\xf5\x74\x1c\xe1\x58\xc4\xab\x67\
\x73\xe6\xf3\x52\x67\x70\xea\xeb\xd6\xc7\xad\x54\xb9\xe5\x9f\xee\
\xab\x9f\x2b\xdb\xd7\x20\xfc\x5b\xd2\x20\x61\x89\x39\x73\x4c\x62\
\x9a\xdf\xb7\xdb\x4c\xa7\x6e\x58\xe3\xcc\x17\xf5\x3b\xa3\x69\xab\
\x4b\x1d\x2f\x3c\x77\xdf\xf6\x67\x92\x34\x67\x4e\x82\x4e\x10\x04\
\xb1\x22\x22\x73\xe3\x4c\x6a\x3f\x9f\xd8\xb5\xc0\xcb\x9b\x2f\xfe\
\x59\xec\x92\x71\xb9\xbc\xa8\x3c\xba\xce\xeb\xd6\x48\xdb\x86\x41\
\xcc\x8d\x9f\xc7\xec\x99\x29\xf0\x8e\x18\xea\x8b\x55\xc8\x8a\x81\
\x78\x3a\x81\x68\x32\xe6\xbf\xaa\x63\x12\x23\x55\xeb\x57\x6b\x45\
\xa9\x93\x66\xe7\x9a\x32\xb7\xce\x9d\xe8\x5e\x0d\xc0\x99\x1b\xed\
\x5b\x9e\xf1\xc2\xb3\x96\x6d\xf8\x66\xfc\x8e\x74\xfe\xd1\x34\xeb\
\x3f\xa3\x6e\x20\x77\x24\x8b\xe1\x52\xfb\x0b\xcf\xdd\xbb\xfd\x19\
\xc6\x69\xd1\x0a\x09\x3a\x41\x10\xc4\x0a\xe0\xa8\x38\x93\x3a\xc0\
\x27\x76\xe5\x50\xda\x2c\x59\xa3\x5c\x3b\xb1\xf8\xe5\x2c\xb1\x60\
\x17\xad\xb3\xc3\x27\xea\xdd\xeb\x6c\xf3\x19\xbb\xa6\x6e\x2c\xd7\
\x20\xab\x56\xa4\x1e\x49\xc6\x5c\xc1\x65\xee\xde\x71\x4b\xbc\xa5\
\x9d\x66\x77\x3b\xe7\x98\xdf\x3b\x5d\x0a\xab\xe6\xcf\xb9\x66\x07\
\xd9\xf6\x81\xc2\x7e\x8c\x6b\xf6\x0c\xbb\xda\xb1\xdf\x64\x55\xaa\
\xfb\xdd\x73\xdb\x4a\xd6\xb6\x9e\x33\x74\xd3\xf2\x66\x2f\xb6\x7d\
\xf7\xa1\xab\x3f\xf3\xb5\x4c\x4b\x2b\x89\x39\x09\x3a\x41\x10\xc4\
\x0a\x88\xcc\xe5\xd9\xd4\x41\x9c\xde\x95\x65\x85\xcd\x5e\xc3\x97\
\xf4\x45\xdf\xfe\x48\xdc\x1f\x87\xdb\x95\xea\x80\xc1\x4c\x23\xfe\
\xe3\x01\x43\xb2\x25\x85\xee\xf5\xfd\xc8\x4d\x4e\x5b\x35\xf5\xb6\
\x28\x8c\x7c\x0d\xa2\xac\x23\xd9\x9a\xb4\xba\xdf\x11\x58\x41\x0e\
\xd5\x6b\x5d\x9d\x45\xf7\x46\xdd\x24\xa4\x92\x56\x07\xf4\x72\x0d\
\x17\xf6\x9e\xc6\xf9\x5f\x9c\xc0\xdc\xee\x73\xc8\xcf\x2e\x23\xd2\
\x1a\x43\x34\x15\x03\x63\xc1\xeb\xc3\x37\xbb\x66\x45\xf5\xcc\x5d\
\xdb\x6a\x9a\x02\xb9\xd1\x2c\x86\x8b\x6d\x2f\x3c\xb1\xe5\xf3\x5f\
\xa3\x9a\x39\x09\x3a\x41\x10\xc4\xca\x88\xcc\xe5\x99\xd4\x51\x4c\
\xed\x9a\x63\xcb\x9b\x4d\x61\xda\x51\x6f\xb3\x16\x37\xa9\xbc\x1f\
\x34\x96\xb9\xbc\xe5\x93\x8d\x5f\xc9\x90\x68\x49\xa1\x77\x64\x10\
\xb9\xc9\x19\x4c\x4f\x9c\x07\xef\x88\xa2\xbe\x58\x83\x59\xaa\x23\
\xd6\x92\x40\x34\x15\x73\x4d\x61\xa4\x90\xbe\x3d\xe3\x3e\x2f\x77\
\xe6\x35\xaa\xb9\xa9\x78\x29\x51\x2f\xd5\x70\xe4\x85\x3d\x38\xf3\
\xf7\xfb\x30\xfd\xde\x04\x72\x47\x2f\xa0\x70\x68\x06\xb3\x07\xce\
\x21\xb1\x3a\x83\xe4\xaa\xb4\x52\x2f\xf7\x8f\xb9\xb9\xd7\xb4\x57\
\xa6\x9b\x86\x40\xf6\xf0\x1c\x56\x57\x3b\xad\x9a\x39\xcd\x99\x93\
\xa0\x13\x04\x41\xac\x88\xc8\x5c\x9f\x48\xed\xad\x9f\xd8\xb5\xcc\
\x2b\x9b\x23\x2c\x06\xc1\x04\x1c\x5b\xd7\x60\xb4\x7d\xa9\xe8\xdb\
\x2f\xea\x97\x8e\xd4\xbd\x4a\xba\x17\xd9\x27\x92\x56\xf7\x7b\x6e\
\x72\x1a\x33\xa7\xa7\xc0\xdb\xa3\x30\x16\xad\x46\xb9\x84\x5b\x53\
\xb7\x1b\xe2\x34\xee\x33\x85\x91\x42\x78\x3b\xd6\x95\xcd\x69\x52\
\x48\x98\xba\x89\xb3\xef\x8e\x63\xec\x6f\x77\x61\xe6\xfc\x14\xf2\
\xf9\x3c\xaa\xd5\x2a\x4a\xa5\x12\xaa\xb9\x22\x16\x2f\xe4\xd0\x7f\
\xfb\x3a\xcb\x86\x56\x2d\x33\x48\x45\xcc\xed\xe7\x12\xa6\x44\x76\
\x74\x0e\xab\x2b\x1d\xdf\xfd\xfd\x3b\x9f\xfc\x1a\x0b\x91\x37\x3b\
\x09\x3a\x41\x10\xc4\x0a\x60\xb4\x36\x91\xda\x27\xc6\x76\x2f\x68\
\xe5\xcd\x86\xd4\xc1\x39\x43\x94\xc5\x61\xc0\x78\xdf\xd4\xb9\x2a\
\xce\x9e\x34\xcb\x06\x91\x67\x17\xb1\xa1\x69\x76\xe5\x44\x2a\x85\
\xae\x75\x7d\x98\x1f\xbf\x80\xb9\x73\x33\xf6\xea\x55\xcb\x7c\x26\
\xd1\x9a\x44\x38\x1e\x01\xd7\xb8\xbb\x99\xcd\xf9\xcf\xab\xaf\x7b\
\x75\x71\xe7\xfa\x66\xdd\xc0\xd1\x17\xf7\xe0\xcc\x3b\xc7\x21\xa5\
\x84\x69\x9a\xa8\xd5\xaa\xa8\xd7\x75\xe8\xba\x0e\x99\xd7\xd1\xbb\
\x75\x2d\xd2\x3d\x99\xc6\xf5\xad\x8a\x69\x8d\x30\x25\xb2\x87\xe7\
\x30\x5c\xee\x78\xfe\xa1\x6b\x3e\xf3\x6c\xa6\x35\x43\x62\x4e\x82\
\x4e\x10\x04\x71\xe5\x39\x6a\x4c\xa6\xf6\x1a\x27\x77\xe7\x58\x71\
\x93\x15\xe1\x02\x02\x26\xc0\x24\xa2\x2c\x0e\x13\xe6\x65\x89\xb9\
\x17\x9d\x5f\x0c\xf6\x3e\xd1\xbc\xfa\x71\x8e\x44\x4b\x0a\x3d\x23\
\x03\xc8\x9d\x9e\xb1\x6c\x62\x6d\x51\x97\x55\x03\xb1\x96\xb8\xe5\
\xfd\xee\xce\x9d\x2b\x29\x76\xc7\xf1\x4d\x4a\x9f\xe1\x8b\x51\xd3\
\x71\xec\x67\xfb\x31\x7b\xe4\x1c\x6a\xb5\x2a\xd2\xe9\x0c\x12\x89\
\x04\xc2\xe1\x30\x74\x5d\x47\x6b\x6b\x2b\x06\xee\x1e\x41\x7a\xa0\
\xdd\x5d\xe4\xe2\x4f\xe3\x7b\xa3\x69\xc3\xe5\x8e\xef\x7e\xe5\xba\
\xfb\x9e\x25\x6f\x76\x12\x74\x82\x20\x88\x15\xc1\x31\x7d\x32\xfd\
\x9e\x79\x72\x57\x16\xc5\x4d\xae\xdb\x9a\x3d\xd3\x2d\xa4\x09\xc6\
\x81\x28\x8b\x41\x87\x7e\xc9\xeb\xf8\x23\x70\xff\xe6\xb5\x0f\x82\
\xd7\x5e\x67\x39\xca\x25\x53\x29\xc5\x51\x6e\x0a\xac\xc3\x5a\xbd\
\x8a\xaa\x89\x78\xca\xea\x7e\x97\x8a\xdd\xaa\xcf\x76\xd6\x5d\xe2\
\x62\x45\xf2\x42\x37\x71\xe1\xe8\x59\xcc\xec\x3b\x03\x21\x04\x3a\
\x3a\x3a\xa0\xeb\x3a\x84\x10\xa8\xd7\xea\x18\x1c\x59\x8d\xfe\x07\
\x47\x10\x6f\x4f\xb9\xd7\x54\x8f\x21\xc2\x14\xc8\x1e\x9e\xc7\x70\
\xb1\xfd\xbb\xcf\xdd\xbf\xfd\x6b\x2d\xc9\x14\x89\x39\x09\x3a\x41\
\x10\xc4\x95\xe7\x48\x6d\x32\xbd\x57\x8e\xed\xce\xa1\xb0\xd1\x73\
\x56\x65\xee\xfe\x70\x6b\x47\x8a\x09\xc6\x99\x2d\xea\xc6\x65\x46\
\xe2\x9e\xc4\x37\x8a\xbd\x27\xdb\x5e\x8a\xbe\x59\x94\xef\x7d\x75\
\x3c\x95\x44\xe7\x9a\x5e\x7b\xa1\xcb\x94\x37\xd2\x56\x33\x11\x6f\
\x89\xdb\xde\xef\x0c\x5c\x59\xa5\xca\x02\x36\xad\xd6\x92\x17\xab\
\x39\x6e\xea\xe8\x39\xd4\x16\x4a\xa8\x56\xab\x58\xce\x2f\xa3\x56\
\xad\x21\xd3\xd6\x86\xe1\x2f\x6c\xc6\xe0\x67\x37\x20\x14\x89\x78\
\x3f\x03\xdb\x26\x56\x08\x4b\xcc\x57\x57\x3b\xbf\xfb\xdc\x3d\x4f\
\x7d\x8d\xe6\xcc\x49\xd0\x09\x82\x20\x56\x04\x47\x8d\xc9\xf4\x3e\
\x71\x72\x57\x16\xc5\x8d\xd2\x36\x66\xf1\xdc\xd2\xbc\x61\x34\x29\
\x01\x53\x1a\xe0\x9c\x23\xc6\x12\x30\x6c\x51\xbf\xb8\xa0\xfb\x9d\
\xe2\x58\x40\xac\xfd\x8f\x35\xae\x22\x0d\x36\xde\x39\x8f\xa5\xd2\
\x2d\xe8\x5a\xd7\x87\xc5\xb3\x73\x98\x9e\xbc\x00\xd6\x1e\x45\x7d\
\xb1\x0a\xd4\x05\x12\xe9\xa4\xbb\xd0\xc5\xcd\x95\x4b\x7b\x5e\x1c\
\x70\x37\xaf\x31\xc6\x90\x6c\x4f\x21\xd6\x96\x40\x31\x5f\x82\x59\
\x37\x11\x8f\xc7\xd1\xba\xaa\x1d\x43\x9f\xdf\x88\x91\xc7\x6e\x44\
\x6a\x55\xab\x55\x9b\x87\x92\xba\x17\xd6\x68\xda\xea\x72\xc7\xf3\
\x5f\xb8\xea\x8e\x67\xdb\xd2\x54\x33\xff\xa4\xc3\xe8\x47\x40\x10\
\xc4\xc7\x22\x32\xd7\x27\xd2\xfb\xcc\xb1\xdd\x0b\x5a\xf9\x2a\x21\
\x85\x6d\x87\xea\xc5\xce\x9e\xa9\x8a\xb7\xa2\x94\x69\x1c\x51\x2d\
\x86\x08\x8b\xa3\x8c\x32\x04\x2e\xae\x69\x9e\xe1\x0c\x43\xe3\x14\
\xfb\xa5\x50\x7b\xde\x9b\xff\x89\xcd\xcd\xcc\xe1\x57\x7f\xf7\x12\
\x2e\x9c\x9b\xc2\xaa\xf5\x7d\x68\x47\x0a\x03\xab\x07\x30\x7c\xd3\
\x7a\xb4\x74\x67\xdc\x6d\x67\x52\xdd\x83\xae\x7c\x5f\xc2\x14\xd0\
\x2b\x75\x2c\x9d\xcf\x62\x7e\x7c\x1a\x46\x55\x47\x4b\x57\x06\xab\
\x36\xf4\x22\x9e\x49\x22\x14\x0d\xf9\xbc\xe0\x4d\x5d\x60\xfe\xf0\
\x1c\xd6\x54\x3a\x9e\xff\xf2\xd5\x77\x3f\xdb\xdf\x4d\x35\x73\x8a\
\xd0\x09\x82\x20\x56\x82\x98\xd7\x27\xd3\xef\x19\x27\xdf\xcd\xb1\
\xd2\x46\x21\x4c\x48\x21\x7c\xd1\xa8\xfd\x0e\xfc\x0e\x2b\x00\x84\
\x84\x09\x13\x8c\xc1\xee\x7e\x37\x81\xf7\x11\x69\x06\xde\x60\x37\
\x83\xf7\x69\x9a\x6b\x14\x73\xcf\x42\x16\x80\xb5\xa5\x6d\xfd\x80\
\x35\xd2\x36\x79\x01\xbc\x23\x06\x7d\xa9\x0a\x59\xd6\x11\x6f\x4d\
\x22\x6a\xd7\xd4\x01\x66\x4f\xdc\x31\xdf\x6a\x54\x00\xd0\xc2\x1a\
\x12\xed\x29\xb4\x0f\x77\x61\xd5\x86\x5e\xb4\x0f\xaf\x42\x34\x15\
\x47\x28\xa2\x88\x39\xec\x39\xf3\xd1\x79\xac\xa9\x74\x7e\xf7\xf7\
\xef\xdd\xfe\x6c\x3a\x95\x26\x31\x27\x41\x27\x08\x82\xb8\xf2\x8c\
\xd6\xc6\x53\x7b\xcd\x93\xbb\x17\x78\x69\x13\x1a\x46\xb2\x94\x7f\
\x1d\x09\x55\xbc\xcc\x9d\x31\x30\x53\x1a\x00\x63\x88\xd9\x23\x6d\
\x8d\xf1\x35\x7c\x15\xf0\x0f\x0b\xdf\x9c\x7a\x2a\x89\xee\x75\x03\
\xc8\x9d\xf6\x44\xbd\xbe\x54\x05\xaa\x26\x62\xa9\x04\xe2\xe9\x84\
\x52\x03\x87\xff\x5f\xee\xf5\x08\x68\xe1\x10\xb8\xa6\x81\x69\x1c\
\x5c\xe3\xde\x63\x00\x84\x90\xd6\x0a\xd4\x52\xfb\xf3\xcf\xdd\xbb\
\xfd\x59\xaa\x99\x93\xa0\x13\x04\x41\xac\x08\x0e\xd7\x4f\xa5\xf6\
\x9b\xe3\x7b\x16\x58\x69\xa3\xba\x56\xd4\x0b\x82\x9b\x44\xc6\xae\
\x00\xaa\xaa\x2d\x61\x0a\x03\x9c\x37\x8a\x7a\xe3\x2a\xd5\xcb\x15\
\xf5\xf7\x33\xa8\x61\xbe\xf9\x76\x0e\x8e\x44\x4b\x12\x3d\x23\x83\
\xc8\x9d\x99\xc1\xcc\xa9\xf3\xd6\x48\xdb\x92\x65\x3e\x13\x4d\xc6\
\x10\x49\x58\x35\xf5\xe0\x9e\x74\xa7\xae\xee\x7c\x6f\x5e\x13\x1d\
\x73\xcf\x31\xa6\x61\x22\x7b\x68\x0e\xab\x2b\x1d\xdf\xf9\xf2\xb5\
\xf7\x7c\xbd\x95\x22\x73\x12\x74\x82\x20\x88\x15\x21\xe6\xb5\x53\
\xa9\x03\x72\x7c\x4f\x8e\x15\x37\xfa\x27\xcb\x98\x52\x60\x66\x97\
\xad\xbf\x52\x5a\x73\xea\x8c\x31\xc4\x59\x02\x06\xf4\x40\xf2\x5d\
\x5e\x64\xcb\xda\x07\x89\xc8\x99\xd2\x46\x07\xf8\x9d\xe7\x2c\x92\
\xc9\x14\x7a\xd6\x0f\x58\xa2\x3e\x79\x01\xbc\xdd\x4a\xbf\xa3\x66\
\x22\xd6\x92\x40\x2c\xe5\x39\xca\xa9\x99\x06\x28\x59\x08\xe6\xac\
\x60\x93\xd6\xdb\x46\xcd\xd9\x9a\xd6\xf1\xfc\x23\xd7\xde\xf3\xf5\
\x01\x9a\x33\x27\x41\x27\x08\x82\x58\x09\x8c\xea\xa7\xd2\xfb\x8d\
\xb1\xdd\x39\x56\xda\x28\xa5\x0c\xe8\x23\x6b\x58\x11\xea\x2c\x36\
\x51\x2d\xdb\x99\xbb\xd7\xc4\x4b\xa9\x4b\x29\x61\xc2\x00\x38\x10\
\x63\x09\x98\x30\x9b\x36\xbe\x35\x46\xed\x17\x39\x24\x34\x71\x8b\
\x6f\xf6\x39\x41\xf3\xd9\x64\x2a\x85\xee\x0d\xfd\xc8\x9d\x99\xc1\
\xf4\xa9\xf3\xe0\x9d\xce\xea\x55\x1d\xf1\x54\x02\x91\x64\xd4\x9b\
\x27\x77\xc5\x9c\x79\x8d\x80\x76\x7d\x9d\x31\x66\x6d\x4d\x3b\x92\
\xc5\x70\xb9\xe3\xf9\xe7\xee\xdf\xfe\x6c\x3a\xd5\x42\x62\x4e\x82\
\x4e\x10\x04\xb1\x02\xc4\xbc\x36\x91\xde\x2f\xc7\x77\xe5\x58\x71\
\xa3\x10\xf6\x2c\xb6\x4f\xbc\x3d\x0d\xf7\xfa\xc1\x15\xdb\x56\xa6\
\x2e\x38\x85\x3f\xda\xb5\x6b\xec\xde\x9c\x7a\xdc\x15\x75\x19\x10\
\x73\x7f\xa4\xed\x97\xfb\xa0\xf0\x5f\xce\x74\x7b\xf0\x18\x90\x4c\
\xa6\xd0\xb3\x61\x00\xd9\xc9\x69\xcc\x4c\x78\x8d\x72\xa8\x0b\x24\
\x5b\x93\x08\x27\xa2\xde\x37\xa9\x1e\x60\x14\xa1\x17\xa6\x44\xee\
\x48\x16\x43\x85\xcc\xf3\xdf\xba\xff\xe9\x67\x19\xa3\x9a\x39\x09\
\x3a\x41\x10\xc4\x0a\xe0\x88\x31\x99\xda\x2f\xc6\x76\x67\x99\x35\
\x67\xce\xfc\x16\x6a\xf6\x6e\x71\xe6\xd3\xf7\x86\xce\x76\xdf\x83\
\xfe\xcf\x53\xeb\xce\xa6\xb4\x22\xf5\x28\x8b\xb9\x35\xf5\xcb\x91\
\xe6\x46\x31\xbf\x3c\x39\x0f\xa6\xf3\x9d\x85\x2e\x3d\x1b\x06\xb0\
\x78\x6e\x0e\xd3\x13\xe7\x5c\x51\x17\x15\x03\xf1\x54\x1c\xb1\xd6\
\x84\xdb\xf4\xc6\x9c\x79\x7b\xfb\x2a\xc2\xde\x9a\xb6\xa6\xd2\xf1\
\x9d\x47\xae\xbd\xe7\xeb\xd4\xcd\x4e\x90\xa0\x13\x04\xb1\x32\x22\
\x73\x63\x22\xbd\xdf\x1c\xdf\x93\x45\x61\xa3\x1b\x4d\xbb\xa3\x68\
\xcd\xc6\xc2\x1a\x85\x54\xba\x41\xfa\xfb\x89\xac\x04\x93\x80\x29\
\x0c\x30\x66\x39\xca\x99\xf8\x20\x7a\xa8\xce\x8a\xcb\xf7\xfd\x1c\
\x34\xbf\x5b\x00\x40\x2c\x15\x47\xef\x86\x01\xe4\x26\x67\x30\x7b\
\xe6\x02\x78\x5b\x14\xfa\x72\x0d\xa2\xa2\x5b\x8e\x72\x09\x6b\x9f\
\xba\x14\xd6\x3d\x03\x0c\x46\xdd\x44\xee\x68\x0e\xc3\xa5\xf6\xef\
\x7c\xf9\xda\x7b\xbe\x41\xde\xec\x04\x09\x3a\x41\x10\x2b\x23\x32\
\xaf\x4d\xa4\xf7\xcb\xb1\xdd\x59\x14\xaf\x92\x8a\x1e\xb2\x86\x6e\
\x6e\x89\x66\x91\xbb\xfa\xa6\x33\xca\xe6\x2a\x3c\x53\xfa\xce\xd5\
\x1a\xbb\xbd\x14\x45\x48\x13\x9c\x73\x77\x4b\xdb\xe5\x58\xc9\x30\
\x25\xea\x7e\xff\x58\xfe\xfd\xae\xc5\x11\x4f\x26\x2d\xef\x77\x67\
\xa4\xad\x3d\x02\xa3\xa0\x43\x56\x4d\xc4\xec\xee\x77\x6e\x77\xb7\
\x9b\xba\x89\x85\x63\x56\x03\xdc\x73\xf7\x3f\xfd\x75\xaa\x99\x13\
\x24\xe8\x04\x41\xac\x08\x8e\xea\xa7\xd2\xfb\xe4\xa9\xdd\x59\x59\
\xbc\x4a\x4a\xa1\xe6\xc8\x3d\xbd\x96\x5e\xf8\xcd\x7c\xca\xdd\x44\
\x3e\x59\x93\xb7\xd5\x53\x80\x94\xbe\xc7\x18\x9c\xf4\xbb\x35\xd2\
\x66\x2a\xde\xef\xaa\x80\x5f\x4c\xd4\x71\x59\x69\x7a\x16\x88\xcd\
\xa5\x22\xe7\x4e\xa3\x5c\x0b\xba\xd7\xf5\x5b\xde\xef\x13\x17\xa0\
\x75\x44\x61\xe4\x6b\x40\x5d\x20\x9e\x8a\x23\xda\x12\x87\x30\x04\
\x72\x47\xe6\xb1\xa6\xdc\xf9\x9d\xdf\xbf\x6f\xfb\xd7\xa9\x66\x4e\
\x90\xa0\x13\x04\xb1\x32\x22\x73\x63\x32\xb5\x5f\x8e\xef\xce\xa2\
\xb0\x51\x4a\x71\xf1\x54\xb9\x6a\xeb\xca\xd0\x24\x05\x1f\xd4\x50\
\x45\x82\x83\x5f\x8b\xc0\x61\x40\x4a\x77\x4e\x9d\x71\xd8\x23\x6d\
\x06\x04\x44\x53\x21\x6f\xde\xd9\xfe\xfe\xb5\x74\xa7\x86\xae\x2e\
\x73\x09\xfa\xc3\x27\x52\x49\x6b\xa4\xed\xf4\x0c\xa6\x27\xcf\x83\
\x65\xa2\xd0\x97\xab\x90\x35\x13\xe9\x96\xb4\x4c\x2e\x47\x4f\x75\
\x2c\xc6\x7f\xfa\xf0\xb5\xf7\xfc\x56\x3a\x49\x91\x39\xd1\x78\x74\
\x24\x08\x82\xb8\x02\x91\xf9\x64\x7a\xaf\x39\xb6\x2b\xc7\x0a\x1b\
\xa5\x94\x9e\x8f\x79\x30\xa7\x6e\x0b\xf2\x45\x53\xed\x3e\xb3\x99\
\x40\x33\x9c\x84\x6b\xa9\xea\x1a\xcc\x29\x7f\xfd\xa4\x1d\xf9\xbb\
\x41\xbb\xc6\x10\x0d\xc5\x11\xe1\x71\x54\x50\x85\x84\xf0\x45\xeb\
\x97\x5e\xc9\x72\xb9\xde\xef\xde\x57\xa8\x8d\x72\xea\x14\xfc\xc2\
\x7c\x16\xaf\xff\xfd\x4f\x70\x66\xf2\x2c\x56\x6d\xe8\xc3\x50\x68\
\x95\xfc\xc2\x96\x7b\xff\xfc\x81\xf5\x9f\xf9\x0f\xab\xbb\x06\x49\
\xc8\x09\x12\x74\x82\x20\x56\x48\x64\x5e\x1b\x4f\xef\xc3\x84\x3d\
\x9a\x26\x20\x85\x08\x98\xa7\x30\xdf\x72\x92\x4b\xfe\x09\x63\x81\
\x10\x18\xfe\x05\x66\xc1\x19\xf5\xc6\xb3\x42\xe3\x9c\x7b\x34\x1c\
\x47\x98\xc7\x50\x45\xd5\x1e\x69\x93\x0d\x2b\x58\x9b\x6f\x6f\x53\
\x6f\xe6\xd2\x62\x8e\xa6\x9f\xe9\x7d\x13\xb9\xb9\x79\xbc\xf6\x77\
\x2f\xa3\x9e\x2b\xca\xc7\xef\x7d\xe4\xcf\xff\xed\x17\xff\xf0\xaf\
\xe8\x37\x87\xb8\x14\x9c\x7e\x04\x04\x41\x7c\xa4\x62\xae\x9f\x4e\
\xef\xc3\xa9\x5d\x39\x14\x36\x4a\x21\x3c\xc1\x75\xf4\x4c\x3a\x91\
\xf5\xc5\xc4\x9c\x5d\x3c\x24\x11\xd6\x17\xfa\xbe\x34\x30\xd6\x26\
\xa5\xd5\x31\xae\xce\xb1\x7b\x7e\xe8\xd6\x31\xa2\x6e\x56\xa1\xcb\
\x2a\x62\x88\xfa\x44\xb8\x31\x26\x6f\x46\xb3\xfa\xbb\xba\xbd\x4d\
\x06\x0e\x09\xd6\x7f\xc1\x4d\x6f\x1d\x5d\xab\x70\xef\xd7\x1f\xc6\
\xe6\x4d\xd7\xcb\xad\x6b\x6f\x7b\x89\x7e\x73\x88\xf7\x23\x44\x3f\
\x02\x82\x20\x3e\x32\x31\x37\x26\x52\xfb\xc5\xd8\xae\xac\x28\x6c\
\x94\x0c\xde\x6c\xb5\x2f\xa4\xf6\x44\x51\xa2\x49\x00\xde\xd4\xc3\
\x5d\x11\xf8\x66\xf5\xf5\x60\x5a\x9e\xb1\x06\xe9\x55\x9c\xd3\x21\
\x4d\x01\x1d\x35\x20\x24\x11\x67\x31\x3b\xfd\x2e\x2f\x92\x26\xbf\
\x34\x97\x36\x94\x55\xaf\x24\x7d\x55\x75\x09\x81\xee\x9e\x5e\xac\
\xfd\x52\xcf\x8f\x7a\xc5\xaa\x51\xfa\xed\x21\xde\x0f\x4a\xb9\x13\
\x04\xf1\x91\x30\x5a\x9f\x48\xef\x97\xe3\xbb\x73\xac\x70\x95\x14\
\x12\xee\xb2\x15\x89\xa6\x35\xf3\xe6\x7f\xb1\x98\x5f\xe0\x9d\x3a\
\x39\x7c\x06\x71\xbe\x2c\xba\xa7\xd6\xf2\x92\xcd\x74\x4c\x39\x28\
\x48\x29\x5c\x13\x9b\xb4\x3b\x19\x67\x00\x00\x20\x00\x49\x44\x41\
\x54\x48\xd8\xda\xa7\x5e\x45\x35\xb0\x4f\x9d\x29\x11\x76\xb3\x3f\
\xae\x17\x77\x9b\x93\xbe\xe3\x83\x77\x4f\x1c\xdc\xfb\x1a\x21\xd1\
\xcb\x32\x3f\xb8\x95\x8d\x3c\xb9\x9a\x75\x53\xdd\x9c\x78\x5f\xa8\
\xcb\x9d\x20\x88\xdf\xbc\x98\x9b\x13\xe9\x7d\xe6\xd8\xee\x05\x56\
\xbc\x4a\xd8\x5d\xe5\x4e\x5a\xdd\xb5\x76\x55\xbb\xde\x98\x9a\x02\
\x0f\x08\x3a\x6b\xbe\x90\x85\x29\x16\xef\x3e\x01\x97\x8a\xa8\x32\
\xe6\x1f\x5b\x93\x17\x6f\x72\x73\xba\xdf\x3d\x9b\xd8\x98\x3d\xa7\
\xee\xd9\xca\x7a\x3b\xd5\x9a\xb9\xc6\xb1\x80\x35\x6d\x40\xcc\xdd\
\x19\x79\xd6\x70\x48\xd0\xc0\xd0\x8b\xcc\x0f\x1e\x66\xb7\x3d\xb9\
\x8a\xb5\x92\x98\x13\x24\xe8\x04\x41\x5c\x79\x0e\xd5\x4f\xa5\xf7\
\x8b\xf1\x3d\x39\x14\xae\x52\x23\x70\xd5\xd5\x8d\x01\x17\x71\x83\
\x93\xfe\x9e\x36\xf6\x3e\xc3\x61\xaa\x78\x83\xf9\x96\xb3\xb8\x22\
\x7e\xa9\x91\xb7\xa6\xe9\x7a\xc0\x84\x01\xe6\xae\x5e\x35\x1b\xd2\
\xe8\x97\x97\x82\x97\x3e\xf9\xf7\x1a\xf8\x1c\xef\x78\x69\xff\x51\
\xe6\xe8\x41\xe6\x07\x8f\xb1\x3b\x9f\x8c\xb2\x10\x89\x39\x41\x82\
\x4e\x10\xc4\x0a\x10\x73\x63\x3c\x7d\x40\x9e\xda\xb3\xc8\xcb\x23\
\x6e\x64\xae\x04\xe3\x9c\x33\x2f\x42\x6f\x10\x5d\xe9\xbd\xeb\x0b\
\xc1\x9b\x55\xd6\x55\xb3\x18\x67\x27\x3a\xfc\xf5\x76\x75\xb9\xcb\
\x45\x2d\x65\x9b\x88\xbb\xfd\xbc\xa6\xd0\x01\x06\xdb\x7c\xc6\x54\
\x84\xfc\x72\x47\xd5\x2e\xbe\x3f\xdd\x39\xa6\x70\x09\xf4\x22\xf3\
\xe2\x9d\x6c\xf3\x57\x5b\x59\x82\xc4\x9c\x20\x41\x27\x08\xe2\xca\
\x33\x5a\x1b\x4f\xef\x33\xc7\xf7\xe4\x64\x71\xc4\x0a\x48\x59\x43\
\x94\x6d\x89\xf9\x45\x3c\xcf\x83\x82\xcb\x9a\x99\xad\x36\x3b\x0c\
\x28\x8f\xf8\x16\xb3\xf8\xbf\xc4\xbb\x7c\xa3\xb8\xcb\xe0\x7d\xd8\
\xa7\x10\xc7\x7c\xc6\x89\xd4\xbd\xe6\xbd\xc6\xce\xf6\x60\x9d\xbc\
\x59\x6a\x9e\xb9\x49\x7b\x80\x4b\x86\x1e\x99\x79\xf1\x16\xb6\xfe\
\xa9\x21\xde\x45\x62\x4e\x90\xa0\x13\x04\x71\xe5\x39\x6a\x4c\x66\
\xf6\x8a\xf1\xdd\x39\x14\x46\xbc\x91\x34\xbf\x71\x0c\xe3\xcc\x1b\
\x1d\x63\xfe\x99\x73\xeb\xe3\xcc\x37\xcd\xe6\x5b\x85\xea\xfe\x07\
\xaf\xb3\x3d\xd8\x58\x77\x51\xd7\x39\xb8\x29\x7c\x79\xb1\xd8\xb9\
\xc1\x5c\xce\xbb\x11\x53\xe8\x4a\xfa\xdd\xf0\x89\x76\xf3\xe8\xbb\
\xd9\x5b\xfe\x95\xaf\x1a\x38\x7a\x91\xf9\xc1\x23\xfc\xb6\xaf\xae\
\xe2\x19\x12\x73\x82\x04\x9d\x20\x88\x2b\xcf\x11\x7d\x22\xb3\x4f\
\x8c\xef\xca\xc9\xc2\x08\xa4\xe5\xbe\xd6\x50\x23\x0f\x34\xa7\x31\
\x45\xcc\xdd\x66\x74\xfb\x73\xd4\x1e\x36\xc6\xd9\x25\xb6\x97\xc1\
\x97\x92\x67\xbc\x51\xc4\x7d\x5f\x78\x89\x6e\x7a\xf5\xbc\xe0\xbb\
\x6f\xbb\x3c\x20\x14\xef\x77\x75\xa1\x0b\x6b\xb2\x5e\xd5\xbb\x05\
\x7f\x03\x9e\x5a\x33\xef\x95\x6d\x2f\x6e\x63\x5b\xbf\x4a\x35\x73\
\x82\x04\x9d\x20\x88\x15\xc1\xa8\x7e\x2a\xbd\xcf\x18\xdb\x93\x43\
\x61\x24\x58\xe6\x66\x76\xda\x9b\x29\x62\xee\x34\xc4\xc9\xc0\xc2\
\x14\xe7\x6d\xd5\x1b\xc6\x11\x49\xe9\x13\xee\xc0\xd7\x5c\xcc\x9a\
\xb5\x49\x66\x1e\xf2\x12\x47\x03\xdf\x01\xa0\x99\xc5\x1c\x20\xe0\
\x74\xbf\x3b\x0b\x5d\xfc\xcf\xa9\x0a\xba\x74\x8d\x63\x54\xa7\x39\
\x01\x4d\x32\xf4\x22\xf3\xe2\x1d\xb8\xea\xa9\x0c\x4f\x92\x98\x13\
\x24\xe8\x04\x41\xac\x88\xc8\x3c\xbd\xcf\x18\x7b\x2f\x2b\xf2\x1b\
\xc0\x01\xff\xe2\x34\xa5\x86\x0d\xd6\xb0\xf1\x0c\x41\xe1\x65\xac\
\xd9\xbb\x4a\xf8\x0c\xa5\x01\xee\x12\xbd\x6d\x17\x79\xa0\xe1\xbe\
\x94\x66\x3a\xdf\xdb\x68\x32\x22\xa7\xd4\xd4\x0d\x61\x80\x6b\x9e\
\xa8\x37\x1e\x25\x98\xef\x6d\x6f\xe0\x4d\x82\x4b\x8e\x3e\xb4\xbf\
\x78\x33\xa8\x66\x4e\x90\xa0\x13\x04\xb1\x52\x22\xf3\xca\xa9\xf4\
\x3e\x31\xfe\x5e\x16\xc5\x0d\xca\x9a\x33\x7b\x66\xdc\x99\xe9\xb6\
\xfe\x65\x97\x10\xda\x66\xea\xcc\x82\x35\x72\x76\xf1\xc8\xbb\xa9\
\x90\xb3\x8b\x2f\x39\x75\xae\xed\x36\xd0\x39\xb5\x77\xe5\x7b\x68\
\xba\x82\xd5\xc9\x2a\xd8\x8d\x72\x9c\x33\xc4\xec\x2d\x6d\x52\x69\
\x94\x63\xff\x7f\x7b\x6f\x1a\x64\xc9\x75\x9e\xe9\xbd\xdf\x39\x99\
\x79\x97\xda\xab\xd7\xea\x46\x37\x80\x6e\xa0\xb1\x10\x68\x62\x21\
\x01\xee\x02\xb8\x88\x1c\x92\xa2\x36\x42\xd4\x00\x0c\xca\x63\x4d\
\x8c\xc7\x31\x11\xfe\x31\x3f\x1c\x13\x21\xcb\x8e\x70\x68\x46\xf6\
\xd8\x31\x1e\x3b\xc6\x92\xec\xf1\xc8\x1a\xd9\x14\x01\x8a\x22\x39\
\xb2\x42\x1c\xee\xfb\x50\xc4\x0e\x10\x6b\x37\xba\xd1\xdd\xe8\x7d\
\xa9\xee\xae\xed\xd6\xbd\x37\xf3\x7c\xfe\x71\x4e\x66\x9e\xbc\x55\
\x80\x80\x56\x73\x01\xf1\x3e\x11\x85\xaa\xba\x6b\x56\x5e\x74\xbe\
\xe7\xfd\xce\xb7\xa0\xd9\xfb\xbd\xc4\x28\x30\xa7\xd3\x9f\xff\xa0\
\xb9\xfd\x37\xb6\x9a\x19\x8a\x39\xa1\xa0\x13\x42\x7e\xfa\x3c\xab\
\x47\xb2\x47\xdd\xfe\x1f\xcc\x63\xe9\xc6\x4a\xb4\x24\x72\xa9\x22\
\xaf\x9c\xa3\xa6\x23\xc2\x0d\x34\xc7\xa8\x8e\xce\x3d\x97\xf5\x26\
\x8c\xc7\x0a\x2f\x8d\x44\x39\x89\x13\xe0\x5e\xf6\x40\xf4\xd5\x55\
\x9f\x35\xa6\xb9\x49\x75\x9c\xb9\xcb\x21\xd6\x8b\xfa\x10\xc3\x35\
\x83\x5c\x62\x8c\x0a\xae\x90\xd9\xcf\x7f\x4c\xde\x76\x4f\x57\x5a\
\x14\x73\x72\xd9\xe0\x70\x16\x42\xc8\x25\x73\xa8\x38\x69\x9e\x18\
\xbc\xf0\x1f\xcf\xe9\xe2\x5e\x95\x51\x61\xad\x15\x7b\x4d\x79\x98\
\x34\xe7\x9a\xbf\x52\xc8\x3c\x36\xe8\x65\xa2\x5b\xb5\xe7\x5e\xb6\
\x8e\xd5\xa6\x9e\x37\x56\x0a\xf1\xe1\xc4\xb5\xe8\x55\xc7\xba\x11\
\x31\x7f\x85\xfa\xf4\xea\xe5\x65\xe4\x6f\x51\x45\x7f\xb8\x82\xbe\
\x5b\xc1\x18\xc6\x60\xc2\xa5\x35\x9e\x9d\x6e\x60\x90\xc2\x62\x3b\
\x66\x3f\xf7\x76\xdc\x70\x4f\xc6\x04\x38\x72\x99\xe1\x70\x16\x42\
\xc8\x25\xf3\xc8\xf0\xf9\xdf\x3b\x85\xf3\x77\xbb\xe0\x70\xc5\x08\
\xd4\xd5\x2e\x7d\x4d\x56\xdb\x88\x29\x06\xb4\x6a\x2c\xa3\xce\x55\
\x09\x72\xd5\xec\x31\xa9\xfb\xab\x8d\xd6\xa1\xeb\xc8\x20\x97\x46\
\x4f\xf8\x58\xcc\x47\x66\xa3\x8c\xce\x2d\x5f\xd7\xb4\x8f\x66\xc0\
\x37\xc2\xf2\xeb\xb4\x9e\x0f\x51\x88\x41\xbe\x0a\x24\xc0\xb8\x19\
\xc7\x0a\x7a\xc8\x31\x0c\x6f\xaf\x10\x15\x6c\xc5\xf4\xe7\x6e\x97\
\x6b\x3e\xb1\x4d\x66\x29\xe6\xe4\xb2\xc3\xe1\x2c\x84\x90\x4b\xe2\
\xab\xab\x0f\xdd\xbd\x0f\xc7\xbe\x36\x94\xc2\x38\xe7\x82\xee\x85\
\x72\x2c\x2d\x1d\x79\xad\xe7\x8d\x9a\x73\x6d\x2a\xa9\xc0\x8f\x34\
\xf5\xb5\xe9\x21\x5c\x6d\x0c\xd4\xb9\xf0\x30\x59\x53\x3b\xbe\xde\
\xe2\x60\x3d\x87\xbf\xde\x4d\x0d\xbd\x1e\x9d\xc4\xb6\xce\x22\x60\
\xdd\xf7\x59\x67\xc1\x22\x80\x2f\x67\x4b\x3a\xc8\x64\x0c\xcb\x58\
\x82\x83\x83\x51\x60\x1b\x66\x3e\xff\x41\x79\xcb\x3d\x13\xd2\xa6\
\x98\x93\x1f\x0b\xdc\x43\x27\x84\xbc\x66\x4e\xe4\xf3\xd9\xa3\xfa\
\xc2\x77\x97\xb4\x37\xb9\x46\x21\xd7\xab\x37\xd7\x75\x04\xb3\xf1\
\x14\xdf\x68\xa6\xbf\xb4\x8a\x63\x8f\xbe\x88\x85\xe3\xe7\xd1\x9e\
\xec\x22\x69\xa5\xde\xdf\xaa\xd6\xe5\x6e\x55\xf9\x5b\xbd\xd7\xee\
\x43\xf1\xf2\xca\x5e\x65\xa4\xec\xac\x7a\xd8\x48\xc2\x5d\xf5\x80\
\x35\xca\xbf\xd6\xf4\x57\xc7\x35\xe2\xe4\x73\x2d\x00\x51\xb4\xa5\
\x0b\x00\xd8\x82\xc9\x3f\xff\x98\xbc\xed\x13\x5d\xc9\x28\xe6\xe4\
\xc7\x06\x43\xee\x84\x90\xd7\xcc\x7f\x1a\xfe\xe8\x9f\x2f\xd8\x95\
\x39\xb1\x06\x5a\xb8\xa6\x5d\x8d\x1b\xc6\x04\x67\xed\xc7\xa5\x86\
\x2c\x77\x31\xde\xc5\x47\x3a\xe8\x0a\x87\xde\x85\x65\x7c\xfb\x77\
\xfe\x02\x4b\xfb\xe6\x01\x28\xa6\x6e\xd9\x8a\xf7\xfc\xb7\xbf\x82\
\xf6\xf4\x58\xa3\x76\x5d\x0b\x07\x98\xb0\x99\x2e\x2e\xe4\xb3\x05\
\xd1\x47\x14\x19\xd0\x57\x30\xda\x65\x14\x20\x7e\xfc\x3a\xc2\x8c\
\xd0\xcd\x6e\xed\x40\x99\xe8\xef\x8b\x9d\x7e\x19\xf6\x77\x8a\x5e\
\xbe\x04\x49\x15\x57\x24\x5b\xef\x7f\x87\x5c\x7b\x1f\x9b\xc6\x90\
\x1f\x37\x4c\x8a\x23\x84\xbc\x26\x7e\x34\x3c\x38\x7d\x16\x0b\xff\
\xa4\x28\x0a\x2f\xae\x71\x99\x97\x48\x24\x7c\x75\xc2\x99\x18\x53\
\x97\x70\xad\x69\xd1\xee\xdd\xf9\xa1\x6f\x3d\x8b\xde\x0b\x17\x90\
\x58\x8b\xc4\x5a\x2c\x3d\x71\x1a\xc7\x1e\x3e\x58\x1b\x66\x63\xa0\
\x4e\x61\x4c\xa8\xe3\xb6\x61\xfa\x4a\x23\x0a\x20\x6b\xf6\xcb\x9b\
\x82\xab\x55\x92\x5e\x9d\xa8\xf7\xf2\x5b\xfc\xf5\x36\x41\x38\x7a\
\x19\x29\x75\x8b\x17\x06\x65\x4d\xbb\x2a\x54\x1d\xac\x58\xcc\xba\
\xee\xfd\xb7\xe0\xca\xfb\x36\xca\x24\xc5\x9c\xd0\xa1\x13\x42\x7e\
\xb6\xd8\x37\x3c\xf2\xdf\x2f\x6b\xaf\xa3\x08\xc3\x55\xaa\xda\x6d\
\xef\x58\xb5\x12\xcc\x5a\xdc\x45\x15\xc3\xd5\x01\x26\xcf\x24\xb8\
\xba\x35\x87\x73\xc5\x02\x8e\x74\xe6\x91\x4d\xb5\xab\x12\xb7\xe1\
\xf2\x20\x9e\x88\x02\x11\x20\x5f\x1d\x42\x0b\x07\x13\x22\x01\x83\
\xf9\x1e\x76\x0f\x36\x61\x2a\x9d\xc0\x0b\xc3\xe3\x58\xd9\xa4\x48\
\x5a\x69\xf5\x9e\x95\x27\x1f\xcd\x5a\xd7\x66\x12\x5c\xa4\xd1\xa3\
\xd6\xbd\x51\xe7\xae\x18\xed\x62\x17\x0d\x4a\x8d\x73\xf2\x4c\xe8\
\x62\x17\x8e\xc3\x38\xc1\x9c\x99\x79\xe0\x57\xb2\xf7\xdc\xd7\x12\
\x4b\x31\x27\x3f\x11\xb8\x87\x4e\x08\x79\x2d\xee\xbc\xbd\xcf\x1d\
\xfd\xb3\x81\x29\x32\x19\xdd\x77\xd6\xb0\x31\x5e\x37\x41\xaf\x7e\
\x5c\xbd\xb8\x82\x5b\x8e\xcd\xe1\xd7\xf7\x7c\x08\xd7\x4e\x5f\x85\
\x37\x4d\xee\xc6\xc4\x29\xc1\xd3\xbd\x17\x91\x74\x32\x40\x00\xdb\
\x4a\x70\xf4\x5b\xfb\x81\x3c\xe8\x5f\x37\xc1\xcd\xff\xf9\x3b\xd1\
\x99\x19\x83\xaa\x62\xf5\xd8\x22\xee\x49\xde\x8d\x77\x5f\x79\x07\
\x76\x4d\x5e\x81\x5b\x27\xaf\xc3\xb1\x1f\x1d\xc0\x85\x99\x21\x4c\
\x62\xeb\xfd\xec\x72\x74\xea\xe8\xd8\xd4\x72\xac\x2a\xa4\xe9\xb2\
\x47\x95\x3e\xca\xb0\x6f\x94\xa8\x8d\xda\xf7\x28\xc2\x80\xb0\x90\
\x81\x2a\x2c\x2c\xe6\x64\xe6\x81\xdf\x68\xdd\x7d\x6f\x22\x86\x62\
\x4e\x7e\x62\x30\xe4\x4e\x08\x79\xd5\x1c\x2b\xce\xfc\xda\x8a\xf4\
\xc7\x2b\x01\x6b\xb4\x74\x8d\x44\x34\xc4\xab\xd5\xf9\xaf\xe2\x85\
\x05\xdc\xb1\xfd\x66\xec\x7f\xee\x39\x3c\xf1\xd8\x23\xf8\xea\x97\
\xbf\x84\x37\xef\xbe\x09\x9d\x87\x97\xfd\xb3\x8c\xc1\xe6\x1b\xb6\
\xe3\x1d\xbf\xff\x31\x5c\xf1\xb1\x1b\xb1\xf3\x57\x6f\xc2\x2f\xfc\
\xab\x8f\x63\x6a\xc7\x46\x88\x08\xf2\xd5\x21\x76\xbe\xd8\xc2\xd6\
\xa9\x8d\x78\xee\xd9\x67\xf0\xc5\xbf\xf8\x1c\x4e\x1c\x3b\x86\xbb\
\x76\xde\x89\xf9\x67\x4e\x34\x13\xef\xc2\xfb\x36\xca\xd8\xe2\x8c\
\x7b\x53\xf7\x95\x6f\xa4\xbc\x89\xac\xf9\x13\x30\x52\x32\xdf\x08\
\xb9\x47\x42\x5f\x8a\xb9\x81\xc1\x36\xcc\x3c\x70\x57\xeb\xd6\x7b\
\x45\x84\x62\x4e\x7e\xa2\x30\xe4\x4e\x08\x79\xd5\x9c\x31\x17\xff\
\xa9\x2b\xa2\xfd\xea\x60\x6c\xd5\xb9\xe0\xc8\x15\xa3\x9b\xd2\xae\
\x28\xb0\x7a\xe8\x22\xf6\xcb\x73\x38\x7e\xfc\x04\xae\xba\x7a\x17\
\xda\xad\x14\x87\x0e\xec\xc3\xec\xb0\x8b\x53\x2b\x7d\x74\xa6\xba\
\x50\x00\x5b\x6e\xda\x89\xcd\x6f\xda\x51\x97\x9c\x87\x84\xba\xd5\
\xc5\x1e\x96\x8e\xf5\xf1\xc8\x43\x3f\x84\x88\xc1\xf6\xed\xdb\x71\
\xf2\xf8\x4b\xd8\xb0\x61\x03\xe4\xe4\x2a\x74\xaf\x42\xac\x59\xdb\
\x4c\x46\xab\x7c\xf4\x4a\xe0\xab\x08\xfa\xe8\x43\x47\xd7\x25\xd1\
\xa4\xb7\x58\xfd\xd5\xf9\xb0\xba\x96\x7f\xa3\x11\x88\xfa\xde\xec\
\x73\x98\x7d\xe0\xad\xd9\xf5\xf7\x6e\x11\xb6\x73\x25\x74\xe8\x84\
\x90\x9f\x51\x9e\x2b\x0e\x67\x3d\xed\xdf\x5c\x0a\x9c\xb1\x23\x89\
\x61\x71\x87\xb6\xf2\x2b\x08\xe0\x99\xc1\x45\x3c\xfa\xd8\xe3\xe8\
\xad\xf6\xd0\x6e\x77\x70\xfe\xfc\x05\x3c\xfb\xec\x73\x38\xbb\x7a\
\x11\x62\x80\x62\x58\x40\x5d\xe9\xae\x7d\xed\xb9\x73\x2e\xd2\x61\
\xc1\x53\x07\x9f\xc3\x91\x97\x8e\xe2\xe2\xc2\x02\x66\x66\x67\xf1\
\xe4\x93\x4f\xe2\x85\x17\x0e\x40\xbb\x36\x38\xf2\x97\x69\xeb\x2a\
\x91\xed\x2e\x89\x9b\xc3\x69\xd4\x66\x66\xbd\xc6\x34\x8d\xe7\x69\
\xe3\x65\xcb\x6d\x07\x03\x83\x39\xcc\x7e\xf6\xc3\xed\x3b\xee\xbd\
\xca\xcc\x51\xcc\x09\x1d\x3a\x21\xe4\x67\x97\xb3\xc5\xc5\xb7\xf7\
\x74\x98\x89\xf8\x6e\x70\x6a\xa4\xca\x14\xaf\xcb\xca\x42\x1f\xb6\
\xa8\x3e\xdb\x58\x83\xe9\x37\xcf\xe1\xe9\xcf\xed\xc7\x8d\x7a\x0d\
\xbe\xff\xbd\xef\x20\x6b\xb5\xb0\xd4\x5f\xc6\xc9\x9d\x3d\x6c\x4d\
\xfc\x65\xe8\xcc\xbe\xe3\x38\xf9\xc4\x61\x2c\x1c\x3d\x07\x31\x06\
\xd3\x57\x6d\xc4\xd6\xbd\x3b\x31\x75\xc5\x46\xb4\x27\x3b\x18\xdc\
\xd0\xc1\xc1\x83\x87\x31\xd7\xeb\xe1\xec\xd9\xb3\x68\xb5\x3b\x78\
\xe4\xc8\xd3\x68\xfd\xe2\xac\x77\xe7\xa5\xe0\xc6\x49\x6d\x71\x18\
\x3d\x2a\x3f\x5b\xbb\x27\xfe\x32\xb7\x8f\xac\x09\x54\x05\x80\x8f\
\x46\xf8\x44\x7e\x07\xab\x06\x73\x6e\xfa\x81\x8f\x77\xee\xba\xd7\
\x30\xcc\x4e\x7e\x8a\xb0\x53\x1c\x21\xe4\x55\xf1\xc0\xea\x37\xfe\
\xe8\x38\xe6\xff\x0b\x1d\x6d\x22\x53\x3a\x63\xa7\xd5\xdc\xf3\xba\
\xdb\x9b\x17\xff\xe1\xea\x10\x27\x7e\x74\x08\xe7\x1f\x3e\x86\x8d\
\xc5\x38\x7a\xda\x87\xdb\x33\x86\x2b\xdf\x75\x1d\x86\xcb\x43\x3c\
\xf6\xc7\xdf\xc2\xc9\xaf\x1f\x80\x51\x89\xb2\xe3\x15\xce\x28\xb6\
\x7f\xf8\x7a\xdc\xfa\x5b\xef\x01\x04\x38\xf0\xad\xa7\x91\x1e\x5a\
\xc5\x44\xda\xc5\x39\xbb\x82\x8d\xef\xba\x12\x5b\x6e\xd8\x01\x9b\
\x25\x55\xcb\x59\x63\x04\xce\x69\x73\x20\xcb\xba\x57\xbf\xe8\xd8\
\xf5\xd5\x75\x99\x6b\x14\xb6\xab\xc2\x8a\xc5\x36\xcc\xdc\x7f\x77\
\xeb\xd6\xfb\x36\xca\x34\xc5\x9c\x50\xd0\x09\x21\x3f\xfb\xfc\x69\
\xff\xcb\xdf\x3b\xa7\x8b\xef\xf4\xc6\xb4\x0e\x53\x1b\x1b\xf7\x6f\
\x97\x35\x8e\xb7\xec\xa8\x56\x0c\x0b\x0c\x57\x56\xd1\x5f\x5a\x85\
\x4d\x2c\x5a\x93\x1d\x0c\x57\x06\xf8\xf6\xef\x7e\x1e\x2b\xfb\x2f\
\xc0\x88\xc0\x39\x87\xbc\x28\x60\x8c\x20\xb1\x09\x14\x3e\xc1\x6d\
\x62\xef\x26\xbc\xeb\xbf\xf9\x65\x24\xad\x14\x83\xe5\x55\x0c\x57\
\x07\xc8\xba\x2d\x74\x67\x27\xea\x5e\xf0\xea\xc5\x1c\x65\x3f\x79\
\xd5\x75\x42\xe8\xb2\xfe\xf0\x96\x97\x11\xfa\x97\x6f\x35\xeb\xc5\
\x7c\x4e\xa7\xef\x7f\x6b\xeb\x86\xfb\xae\x66\x98\x9d\xfc\x0c\xc0\
\x90\x3b\x21\xe4\x55\x51\x68\xb1\x5b\x83\x0b\x87\x78\xf1\xf4\x42\
\x2e\x55\x12\x99\x8c\xec\x57\xab\x86\x64\x35\xe7\x43\xef\xad\x89\
\x2e\xb2\xf1\x0e\x44\x04\xae\x70\x78\xec\xdf\x7d\x15\xbd\xfd\x17\
\x20\x00\x7a\x83\x1e\xc6\xc6\xc6\x30\xd1\x99\x84\x40\xb0\xdc\x5b\
\xc6\xea\x72\x0f\xed\xac\x85\xc5\x27\xcf\xe0\xd9\x2f\x3e\x84\xdb\
\xfe\xc1\x5d\xc8\xba\x2d\x1f\xfe\x2e\x5c\xa8\x83\x07\xc4\x4a\xe8\
\x63\xa3\x3e\x22\x8e\xb2\x29\x8c\x46\xf5\xe3\xfa\xca\x16\x26\xee\
\x2b\x1f\x5e\x40\xe3\x69\x70\xa5\x3b\x17\xf1\x09\x70\x3a\x73\xff\
\xdf\x6b\xbf\xed\xbe\x09\xe9\x50\xcc\x09\x05\x9d\x10\xf2\x3a\x12\
\x74\xe8\x04\x46\xa7\x8c\xd5\xbe\xb7\xca\x83\x13\xf1\x43\x56\x5c\
\xe1\xb0\x7c\x66\x01\x07\xbf\xf9\x34\x56\x2f\xac\x60\xfb\x9d\xbb\
\xb1\xf5\xa6\x9d\x5e\x13\x8d\xe0\xe2\xa1\x73\x38\xf1\xf5\x03\x30\
\x00\x7a\xfd\x1e\xb2\x76\x0b\x83\xde\x00\x8b\x17\x16\xa1\xaa\xe8\
\x74\x3a\xc8\x5a\x29\x7a\xbd\x1e\x3a\xed\x0e\x5e\xfc\xec\x93\xd8\
\xf3\xe1\x5b\x31\x39\x37\x03\x84\x05\xc1\xf1\x87\x0f\xe2\xd8\x43\
\x07\xd1\xdd\x38\x8e\x6b\x3e\xb0\x17\xad\xa9\x2e\xa0\xae\x6a\x39\
\xbb\xe6\x40\xff\x96\xbd\xf2\x46\x82\x5c\xe3\xb6\xba\x96\xcd\x3a\
\x60\x0e\x33\xf7\xdf\xd3\xbe\xeb\x3e\x96\xa6\x11\x0a\x3a\x21\xe4\
\x75\x47\x8e\x22\x2d\x5d\xb0\x84\xf6\xab\x3e\x41\x2e\x12\x50\x55\
\x38\xe7\x45\x7d\xb0\xdc\xc7\x77\xff\xbb\x2f\x62\x79\xdf\x3c\x00\
\xe0\xf0\xe7\x9e\xc4\xdb\xfe\xc5\xc7\xb0\xfd\xf6\xdd\x00\x80\x53\
\x4f\x1d\x81\x14\xde\x05\x0f\x5c\x8e\xe1\xc5\x21\x06\x83\x01\x06\
\x83\x01\xb2\x2c\x43\xaf\xd7\x43\xbb\xd3\x46\xbf\x18\xa0\xd3\xee\
\xc0\x14\xc0\xe9\x67\x8e\x7a\x41\x57\xc5\x8b\xdf\x7e\x16\x8f\xfc\
\x8b\x2f\x23\x11\xdf\x54\xe6\xf8\xdf\x1c\xc4\xdd\xbf\xf7\x71\xa4\
\x9d\x2c\x84\xcb\xa3\x5a\xf4\xd1\x69\x6c\xaa\x88\x73\x01\xd6\x34\
\xc9\x89\x9c\xba\xc2\x77\xba\x13\x23\x30\x2a\x98\xd3\x99\xcf\x7c\
\xa0\xf3\xd6\x4f\x52\xcc\xc9\xcf\x1a\x2c\x5b\x23\x84\xfc\xad\xa8\
\x6a\xbb\xd0\xa2\x71\xbd\x50\x17\x66\x97\x97\xe2\x58\x9a\x5f\xe3\
\xc5\x7d\xfe\x85\x53\x58\x7a\xfe\x1c\x44\x04\xc6\x18\x58\x58\x1c\
\xfa\xfa\x33\x7e\x21\x60\x0c\x96\x8e\x5e\x80\x88\x41\x9e\x0f\x31\
\xe8\xf7\xb1\xb8\xb8\x08\x6b\x2d\x44\x04\xbd\x5e\x0f\xbd\x5e\x0f\
\x8b\x8b\xde\xad\x0f\xf3\x21\x00\x60\xf5\xfc\x32\xc4\x1a\x14\xc3\
\x02\x2f\x7e\xe5\x29\xa4\x26\xa9\x5e\x7f\xe1\xf1\x53\x38\xff\xe2\
\xe9\x2a\x3e\x5e\x75\x8d\xc3\x88\x98\xa3\x2e\x85\x8b\x6b\xe9\x63\
\x21\x8f\xc5\xbd\x6a\x24\xe3\x04\xdb\x64\xf6\xfe\xb7\xb4\xae\xff\
\xe4\x8c\x8c\x53\xcc\x09\x1d\x3a\x21\xe4\x75\x89\x83\xd6\x25\x60\
\xaa\x5e\xb8\xab\xa1\x24\x00\x9c\x3a\x18\x31\x8d\x0c\x77\x63\x4d\
\xdd\xc0\x45\x15\x36\x4d\xaa\xfd\x73\x5f\x6a\xe6\xef\x1c\x0c\x07\
\xe8\xf5\x7a\x70\xce\x61\xfb\xf6\xed\x95\x53\x5f\x58\x58\x40\x26\
\x61\x08\x4b\x18\xd0\xe2\xf2\x02\x80\x22\x6d\x67\xcd\xf2\x38\x63\
\x90\xb4\xd3\xa6\x6a\x47\x56\x3b\x9e\xc7\x5e\x0f\x53\x51\x94\x7f\
\x57\x1d\xa1\x0f\x0d\x65\x4c\x2d\xec\x56\x05\x73\x32\xfb\xd9\xf7\
\x67\x6f\xb9\x6f\x46\x26\x28\xe6\x84\x0e\x9d\x10\xf2\xfa\x44\x44\
\x06\x89\xb5\x05\x4c\x34\x12\xb5\x70\x55\xcb\x53\x1f\x86\x0f\x63\
\x51\x03\x1b\xf6\x6c\xc5\xa6\x77\x5e\x55\xf5\x39\xb7\x53\x2d\x5c\
\xfb\xd1\x5b\x7c\x42\x9d\x35\x98\xbe\x7a\x93\x77\x15\x36\x81\x4d\
\x12\xd8\xc4\x22\x4d\x53\xe4\x79\x8e\xd3\xa7\x4f\x63\x71\x71\x11\
\x59\x2b\x83\x49\x0c\x12\x6b\x01\x51\x4c\xcc\x4d\x7b\x47\x9e\x58\
\x5c\xf7\xab\xb7\xc1\x74\xfd\x60\x16\x05\xb0\xfd\x23\xd7\x63\xf2\
\x8a\x0d\x55\xd7\x3a\x6d\x64\xb6\xd7\xad\x5e\x9b\x5e\x3d\x6a\xdf\
\xda\xb0\xe7\xf5\xaa\xc0\xaa\x60\x0e\xb3\x9f\xfd\x78\xeb\xae\xbf\
\x4f\x31\x27\x74\xe8\x84\x90\xd7\xff\xc5\x42\xcd\x50\x44\x5a\xa5\
\x2b\x56\xd3\x50\xfc\x48\x20\xbd\x10\x26\xad\x14\x6f\xff\x67\x1f\
\xc6\x89\x47\x0f\x61\xb0\xb8\x8a\x2d\x6f\xde\x89\x89\xad\xd3\x80\
\x00\x2e\x2f\xb0\xf9\xc6\xed\x40\xdb\xc0\xf4\x15\x93\xdd\x09\x88\
\x15\xf4\x16\x56\x70\xec\xf8\x31\x14\x85\x43\x3b\xb5\x48\x26\x5b\
\xe8\x1a\x9f\x15\x6f\x26\x32\x6c\xba\x61\x7b\x15\x2e\xdf\x7a\xcb\
\x55\xb8\xfb\xdf\x7c\x02\xe7\x5f\x38\x8d\x6c\xa2\x85\xcd\x7b\x77\
\xc2\x24\x76\x44\xb1\xa3\xf6\xad\x55\x6b\x5a\xac\xcd\x68\x1f\x75\
\xf5\xe1\x4e\xe3\x0c\xb6\x99\x0d\x0f\xbc\x37\xbb\x85\x4d\x63\x08\
\x05\x9d\x10\xf2\xf3\x81\x11\x73\x41\x9d\x1b\xaf\xf4\xb0\x11\xd2\
\xd6\x4a\x0f\xeb\xfb\x14\x36\x4b\x71\xc5\x9d\xd7\x78\x9d\x37\x06\
\x4e\x35\x34\xa0\x11\x4c\xed\xdc\x80\xdd\x1f\xbf\x15\x07\xfe\xdf\
\x47\x30\xd6\xee\x06\x5b\x6f\xe0\x8c\xc2\x40\x60\x60\xd0\x35\x6d\
\xb4\x52\x1f\x5a\xbf\xf6\xbe\xb7\xf8\xc9\x6b\x55\x0d\xbc\x60\xfa\
\xaa\x4d\x98\xde\xb9\xb1\x72\xe3\x8d\xdc\x37\x19\x91\xeb\x91\x92\
\x3a\x29\xf7\xda\xcb\xff\xc6\xd9\xec\x61\x04\xea\x36\x9d\x79\xe0\
\xb6\xe4\x9a\x7b\x37\xb0\x69\x0c\xa1\xa0\x13\x42\x7e\x6e\x2e\x16\
\xce\xec\x83\xe2\x0a\xaf\x7d\x5a\x89\xa2\x46\xad\x5e\x4b\x91\xf4\
\x43\x55\xea\x31\xa5\x08\x42\xee\xf2\x02\xae\x70\x30\x89\x81\xb1\
\x29\x6e\xfc\x8d\x3b\xb0\xf8\xd2\x3c\x4e\x7d\xeb\x20\x3a\x59\x1b\
\x1d\xb4\xe1\xd4\x41\x01\x24\xc6\x7a\xb1\x15\xc1\xf6\xbf\xb7\x07\
\x7b\x3e\x7a\x0b\x04\x82\x7c\x90\xc3\x15\x0e\x69\x27\x05\xa2\x9e\
\xef\x65\x4d\x3a\xa0\x50\xf7\x32\xf3\xce\x63\x33\xae\xba\xb6\x53\
\x9c\x94\x17\x46\x83\x6d\xb2\xe1\xcf\xdf\x9b\xdd\x7e\xef\x06\x86\
\xd9\xc9\xeb\x04\xce\x43\x27\x84\xbc\x2a\xee\xfd\xdd\xdf\xbe\x65\
\x01\x2b\x6f\x5f\xe3\x74\x8d\x34\x1d\xf0\x68\xa9\x77\x18\x67\x9a\
\x9f\x5c\xc1\x3b\x17\xaf\xc5\x7b\xda\x7b\xb1\x6d\x61\x0a\x2f\x1d\
\x3d\x0c\x6c\x6d\x63\xdb\x1d\xbb\x20\xe3\x16\x17\xf6\x9f\x81\x0e\
\x1c\xac\xb1\xbe\xe3\x1b\x80\x74\xb6\x8d\xeb\x7f\xfb\x6d\xb8\xe9\
\x37\xdf\x0e\x88\x60\x6c\xdf\x10\xbf\x68\x6f\xc7\x5b\x92\x3d\xc8\
\x4e\x15\x38\x3c\x3c\x8d\x74\x2c\x83\x24\xa6\x9e\x7e\x6a\xcc\xfa\
\x3a\x3e\x3a\xea\x75\xb4\x53\x5c\x58\x8c\x18\x27\x98\xc3\xec\x03\
\xbf\xda\x7a\xf7\xdf\x1f\x67\xd3\x18\xf2\x3a\x82\xad\x5f\x09\x21\
\xaf\x8a\x07\x07\xcf\xbc\xf5\x07\xc5\xb3\x0f\x16\x50\x68\xd5\xbc\
\x45\x5e\xb6\x15\x7a\x3c\x6d\xad\x77\x6a\x11\x1f\x97\x77\x62\xcf\
\x95\x7b\xd0\xeb\xad\xa0\xb7\xd2\x83\xb1\x06\xff\xfa\x99\xff\x07\
\xd3\xb7\x6f\x07\x00\xac\x5e\x5c\xc1\xb9\x7d\x27\xb0\x7c\x7a\x11\
\xc6\x0a\x3a\x1b\x26\x30\x7b\xcd\x16\x74\x37\x8c\xfb\xbe\xee\x0f\
\xcf\xe3\x1f\xdf\x72\x2f\xc6\xc6\xc6\x70\xe6\xf4\x69\x4c\x4e\x4d\
\xe1\xf1\x7d\x4f\xe2\x6b\xb3\xcf\xa0\xbb\x71\xbc\x39\xff\x7c\xe4\
\x80\x4a\x23\x1e\xf7\x99\xaf\x36\xd0\x43\x92\x9f\x00\x10\x07\xcc\
\xb9\x99\xfb\x3f\xd8\xbd\xf3\xbe\x69\x96\xa6\x91\xd7\x19\x0c\xb9\
\x13\x42\x5e\x15\x93\x76\xfc\xb1\xae\x6b\x2d\x2f\xb8\xde\x98\x17\
\x49\x0d\xe5\x6a\x7e\xb6\xb8\x18\x69\x0e\x43\xa9\xb4\x55\xa1\xcf\
\x2f\x60\xea\xe6\x36\xfe\xfc\xfe\x4f\x63\x6a\x7a\x1a\xae\x70\xf8\
\xc5\x0f\x7e\x08\xdb\x8f\x77\xb1\xb0\xb7\x80\xcd\x12\x74\x67\x27\
\xd0\xbe\x63\x0c\xea\x1c\x8c\x35\x55\x69\x9c\x2b\x1c\x06\xcb\x7d\
\x5c\x7d\x61\x02\xa7\x4f\x1c\xc3\x93\x4f\xfe\x08\xe7\xe6\xcf\xe1\
\xbd\xef\x7d\x1f\xae\xd9\x7a\x15\xbe\xf0\xc4\xb7\xd0\x7d\xe7\x78\
\x95\x8c\x57\xf5\x93\x19\x35\xdf\x51\xf7\x38\x3f\xaa\xb5\x19\x45\
\x30\x30\xd8\xaa\x33\xf7\xbf\xb5\x7d\x1d\xc5\x9c\xbc\x2e\x61\xd9\
\x1a\x21\xe4\x55\x71\xbd\xdd\x99\x77\xa5\xf5\xa0\xb1\x52\xb9\x73\
\x2f\x96\x02\x95\xb0\x97\xdd\xb0\xc5\x41\x5f\x0b\x87\xf9\xe3\x67\
\xf1\xf0\x23\x8f\x60\xcb\x96\xcd\xb8\xe3\xce\xb7\xa1\xdd\x6e\xe1\
\xa1\x1f\xfe\x00\xe8\x3b\xe4\xfd\x01\x00\xa0\xc8\x0b\xa8\x73\x70\
\xc3\x02\x45\x3f\xf7\xa1\xfa\xc2\x41\x00\x0c\x96\x57\xf1\xe2\xbe\
\x17\xb1\x6f\xdf\x3e\xec\xd9\x73\x2d\x3e\xfa\x4b\x1f\xc3\x43\x0f\
\xfe\x10\x47\x0e\x1d\x44\x67\xd5\xfa\x7d\xfc\xb0\x8a\x88\xeb\xe3\
\x11\x1d\x67\x3c\xa0\xa5\xbc\x59\xc3\xfc\x75\xe3\x04\x73\x32\x7b\
\xff\x07\x3b\x6f\xbd\x6f\x97\xdd\x4e\x31\x27\x74\xe8\x84\x90\x9f\
\x6f\xe6\xb0\xe1\xf7\xcf\xe9\xe2\xdd\xb9\xb8\xca\x01\x8b\xa0\x9a\
\xb6\x56\x27\xc7\x85\xdb\x82\x72\xf6\xa6\x80\xa7\x9f\x7d\x16\x53\
\xe3\x13\x38\x7f\xfe\x02\x96\x57\x56\x30\x3e\x3e\x8e\x97\xf4\x2c\
\x26\xd3\x5d\x55\x4d\xfb\xc1\x6f\x3e\x8d\xfd\x7f\xf9\x38\x8c\x15\
\x5c\xf7\x6b\xb7\xe3\xaa\x77\xdf\x00\x00\x48\x5b\x29\xf6\x2d\x1f\
\xc5\xf4\xa1\x09\xbc\xf8\xe2\x8b\xd8\x79\xe5\x55\xe8\xf5\x7a\x38\
\x78\xe4\x10\x06\xdb\x0c\x10\x26\xad\x69\x15\x1a\x58\x67\x7f\x3c\
\xd4\xab\x97\x89\x76\xa5\xc8\x5b\xb1\xd8\x26\xb3\xf7\xdf\x93\xb1\
\x37\x3b\xa1\x43\x27\x84\xbc\x61\x04\x7d\xf6\x9b\x63\x68\x9d\x6d\
\x0e\x3c\xa9\x45\xb3\x9a\x65\x5e\x96\x96\xa9\x42\xac\x60\xeb\x6d\
\x57\xe2\xe9\xf4\x38\xe6\xdd\x12\x4e\x9e\x3f\x83\x8b\xfd\x25\x7c\
\xef\xa5\xc7\x30\xbc\x79\xcc\xd7\x8e\x43\x71\xe2\x89\xc3\x78\xfc\
\x5f\x7e\x1d\xbd\x67\xe7\xb1\xf2\xf4\x39\x3c\xf2\x7b\x5f\xc6\xd9\
\x7d\x27\x20\x46\xd0\x9a\xec\x60\xfa\xbd\x57\xe2\xb1\x73\xfb\xd0\
\xb7\x05\x8e\x9e\x3a\x8a\xb3\xc3\x05\x7c\xe3\xc2\x63\x98\xb8\x76\
\xa3\x1f\x99\x1a\x35\xb9\xa9\x1c\x79\x35\x01\x6e\xe4\x58\xc3\xed\
\xd6\x58\x6c\xd3\x99\xcf\x7c\xa8\x75\x07\xc5\x9c\x50\xd0\x09\x21\
\x6f\x1c\x6e\x68\x5d\x95\x6f\xb4\x53\xff\xb3\x31\xa6\x12\x4c\x85\
\xcf\x2c\x2f\xbd\x71\x35\x4b\x5c\xa4\x6a\x02\xd3\xdd\x30\x81\xdd\
\xbf\x76\x0b\x5e\xdc\xb9\x84\x1f\xa6\x07\xf0\xe8\xc4\x4b\x48\xdf\
\xb7\x15\x1b\x77\xcf\x85\xce\x6f\x09\x4e\x3f\xf1\x12\x8c\xd6\xcf\
\x43\x01\x9c\xdd\x77\xa2\x1a\xd1\xba\xed\xe6\xab\x30\xfd\xd1\x5d\
\x78\x62\xf2\x18\xfe\x26\x3d\x80\xe7\xb7\xcf\x63\xee\x83\xd7\x21\
\x1b\xef\xac\x4d\x82\x2b\x0f\xc6\x44\x6a\x1e\xea\xe5\xb5\x5c\x7c\
\xa8\x60\x9b\xce\x7c\xe6\xf6\x6c\xcf\x27\x27\x65\x8c\x62\x4e\x5e\
\xf7\x30\xe4\x4e\x08\x79\x4d\xec\x95\xdd\xff\xeb\x19\xbd\xf8\xcf\
\x16\xb0\x32\x5d\x4e\x22\xab\x26\xad\x45\x21\x77\x57\xd4\x1a\x69\
\x53\x8b\x89\xcd\xd3\xd8\x73\xd7\xcd\xbe\x0e\xdd\x08\x4c\x9a\xf8\
\x12\xb3\xe0\xae\xc7\xe7\xa6\x9b\xd3\xce\x44\xd0\x99\x19\xf3\xf7\
\x17\x0e\x36\x4b\xb0\xe5\xba\x2b\xb0\xe1\xea\x2d\x80\xf3\x73\xd6\
\x93\x56\xea\x45\xdb\x45\xb5\xf1\xe5\xa2\x22\x84\xde\x55\xcb\xe8\
\x81\x81\xc2\x67\xc3\x59\x58\xcc\x61\xe6\x33\xef\x6f\xdf\xf6\xc9\
\x59\x99\xa2\x98\x13\x3a\x74\x42\xc8\x1b\x8f\xab\x93\xb9\xd5\xcd\
\x6e\xea\x77\xac\xf8\x7a\xef\x52\xb8\xe3\x44\xb9\xf2\x77\x31\x26\
\xb4\x4b\x17\x88\x15\x24\xed\x14\x69\xb7\x85\xa4\x93\xc1\xa4\xb6\
\x6a\xfe\x22\x02\x5c\xf9\xae\x3d\xd8\xfa\xde\x5d\x55\x3d\xfb\xb6\
\x0f\x5f\x87\x6d\xb7\x5f\x8d\x62\x58\xf8\x10\xbe\x2a\x24\x31\x48\
\x3b\x19\x92\x6e\x0b\x49\x2b\xad\xf6\xc4\xc5\x48\xf5\x05\xf1\x43\
\x61\x10\x97\xd3\x55\x61\x78\xc0\x8a\xc5\x56\x37\xfd\x99\x7b\x5a\
\x77\x51\xcc\xc9\xcf\x15\xac\x43\x27\x84\xbc\x66\x72\x2d\xcc\x9f\
\xf5\xbf\xf6\xe4\x59\x5d\x78\x53\x59\xe3\x8d\x30\x1b\xbd\x14\xf3\
\x72\x60\x4b\x95\x7f\x56\x3e\xb9\xea\xcf\x3a\x72\xf9\x51\x45\x31\
\x2c\xb0\x74\xf2\x02\x44\x04\x63\x5b\xa7\x60\x12\x1b\x16\x06\x12\
\x92\xec\x7c\xd6\x7c\xb5\x5f\x5f\x45\x07\xea\x84\x3c\x55\xad\xca\
\xde\xca\xd7\x15\x11\xc0\x88\xcf\x66\x77\x53\x9f\xf9\x60\xe7\x6d\
\x9f\x9c\x62\x98\x9d\x50\xd0\x09\x21\x04\xf8\x7e\xff\xc9\x6b\x9f\
\xc2\xe1\xa7\x96\xdd\x6a\xe6\x5c\x10\xd1\xc2\xd5\x2e\x5d\xa2\xf6\
\xe9\xa1\x45\xab\xb1\xe5\x28\x54\x8d\x66\x92\x07\x81\x57\xd4\xa3\
\x59\x83\x88\x57\xcd\x69\x2a\xc1\xae\x9b\xc4\x94\xed\x5e\xcb\x0c\
\xfb\xb8\x13\x5c\xd5\xd1\xd5\x69\xd5\xc9\xce\xa8\xc1\x36\xcc\x7e\
\xfa\xb6\xec\xda\x4f\xed\x36\x2c\x4d\x23\x3f\x7f\x30\xe4\x4e\x08\
\xb9\x24\xde\xd9\xda\xbb\x7f\xbb\xce\xfe\x97\xa9\x49\x54\x44\x82\
\x98\xa3\xfa\xaa\x9a\xb9\xa0\xec\x9b\x5e\x96\xb7\xe9\x1a\x37\x51\
\xba\xef\xfa\x76\x5f\x1f\xae\x0d\x31\x2f\xe7\x9f\x6a\xf3\x75\xa5\
\x6e\x3f\xab\x55\xd2\x5b\x34\x2a\x55\x00\x71\x82\x6d\x32\xfb\xe9\
\xf7\xb5\x6e\xa3\x98\x13\x3a\x74\x42\x08\x59\x8f\xcf\x0f\xbe\xfd\
\x87\x47\x8a\x33\xff\xb8\x50\xef\xc0\xab\x64\xb8\xca\x31\xd7\x62\
\xdb\x98\x83\x12\x4f\x43\xd3\xba\x0b\xab\x46\xce\xdb\xef\x8f\x1b\
\xa8\xba\xa6\x83\x0f\xcf\xac\xfa\xc8\x07\xa1\x2f\x4b\xe5\xaa\x90\
\xbb\x00\x16\x06\xdb\xdc\xcc\xa7\x3f\xde\xbe\xeb\x53\x2c\x4d\x23\
\x74\xe8\x84\x10\xf2\x32\xdc\x99\xde\xf4\x4f\xb6\xca\xcc\x17\x2c\
\x4c\x64\xcd\x83\xce\x6a\x24\xdc\xc1\xa5\x23\x08\x71\xd5\xa9\xad\
\xde\xec\xf6\x22\x1e\xfa\xc9\x4a\xe9\xb8\x35\xec\xcb\x5b\x53\x2f\
\x04\xc4\x77\x83\x53\x17\xf5\x79\xad\x86\xc4\xf8\x10\x81\xba\x02\
\xa6\x00\xb6\x15\x33\x9f\xfe\x48\xfb\x1d\x14\x73\x42\x41\x27\x84\
\x90\x57\x62\xbb\x6c\x70\xef\x69\xdd\xf2\x1b\xdb\x92\x0d\x9f\xb3\
\x90\x66\x0f\x75\x2f\xd3\xb5\x20\x87\x8c\xf7\xb2\x01\x8c\x2f\x5b\
\x33\x3e\x33\x3d\x7c\xaf\x0c\x77\x24\xce\x28\x93\xec\xe2\xc5\x42\
\xf9\xdd\x39\xdf\x69\xae\x8c\x0c\x28\xe0\x5c\x01\xab\x16\x57\xc8\
\xc6\x3f\x7c\x4b\xeb\xba\x4f\x75\xa5\x45\x31\x27\x3f\xf7\x30\xe4\
\x4e\x08\xb9\x2c\x9c\xd1\x8b\xe6\x6b\x0b\x3f\xfc\xb3\xa3\x66\xfe\
\x13\x36\xb1\x8d\x41\x2d\xa5\x78\xa3\x21\xc7\xa5\x73\xf7\x62\x2f\
\x28\xfb\xc1\x47\x73\xd4\x9d\x36\x86\xa8\x55\xce\x5c\xa3\x79\xe6\
\x88\x42\xef\xfe\xd9\xe8\xaf\xac\x62\xae\x3f\xf9\x1f\x7e\x6b\xee\
\x63\xbf\xc2\x4f\x86\xd0\xa1\x13\x42\xc8\x6b\x60\x93\x4c\xb9\xe1\
\xbe\x8b\xdf\xdc\xff\x83\xa7\xb0\x72\x7e\xa9\x12\x60\x94\xf5\xe8\
\xa5\xf8\x96\x75\xe9\x23\xe5\x6c\x1a\x8d\x32\xad\xee\x08\xa1\x79\
\x44\x02\xee\x0a\x07\x75\x2e\xd4\xb6\x07\x57\x5f\x69\xbb\x20\x5b\
\x02\x0e\x3e\xf8\x1c\x16\xf6\x9d\x79\x89\x9f\x0a\xa1\xa0\x13\x42\
\xc8\x25\x20\x62\xb0\xda\xeb\xe1\xa9\xbf\x7c\x10\x17\x9f\x3a\x05\
\x29\x7c\xd9\x98\x31\xa6\xda\x2f\xaf\x32\xd1\x4b\x3f\x1d\xd5\x93\
\xfb\xad\x70\xa9\xe7\x96\x87\xb6\xaf\x55\xfd\x5b\xbc\x40\x88\xb5\
\x5f\x15\x32\x54\xd8\xe7\x96\x70\xe2\x6b\xcf\x63\xb0\xda\x87\x49\
\x2d\x3f\x10\xf2\x86\x82\xad\x5f\x09\x21\x97\xef\x82\xd2\x49\xd1\
\xea\xb4\x61\xb6\x19\x3c\xf9\x9f\x1e\xc3\xdc\xb1\x6d\xd8\x74\xd3\
\x76\x4c\x6d\x9b\xad\x44\xbd\xac\x29\xd3\x72\x20\xb9\x2a\x14\x02\
\x51\xad\x3b\xb6\x56\x96\x43\xaa\x36\xae\x62\xa2\xec\x76\x29\x73\
\xec\x7c\x22\xdd\xc5\x97\xce\x62\xe9\xe9\x33\x38\x76\xec\x38\xc6\
\xae\x9c\x42\x9a\x65\x48\xc6\x5a\xfc\x40\x08\x05\x9d\x10\x42\x2e\
\xe9\x82\x92\x25\x68\x75\xdb\x10\x11\xcc\xee\xde\x88\xf3\x17\xe6\
\x71\xfc\x2b\x47\x31\xb3\x6d\x13\x76\xdc\x7c\x35\xc6\x37\x4c\x22\
\x69\x65\xf5\x54\xb6\xd2\xa5\x87\x5f\xea\xc6\x30\xda\xd8\x37\x57\
\x55\xa0\x50\x68\xd4\x35\x6e\x38\x18\x62\xf1\xcc\x45\x1c\x7d\xea\
\x20\xce\x1f\x3b\x87\xce\x64\x17\xe3\x57\x4f\x23\xeb\xb4\x90\xb6\
\x33\x24\x19\x2f\x6f\x84\x82\x4e\x08\x21\x97\x84\x4d\x13\x97\x64\
\x89\x4f\x72\x33\x82\x2e\xc6\x91\x76\x5b\x18\xf4\x57\xf1\xdc\x77\
\x9f\x84\xcd\x12\x6c\xd8\xbe\x09\xb3\x3b\x36\x63\x6c\x66\x02\x49\
\x96\x7a\xe1\xae\x12\xe6\xb4\xd1\x1d\x0e\xce\xf9\x12\x37\x05\x60\
\x0d\x86\xbd\x01\x96\xe6\x17\x70\xfe\xe8\x19\x9c\x3d\x72\x0a\xc5\
\x30\x47\x92\xa5\x98\x9e\x9b\x45\xd6\xc9\x90\xb4\x52\xa4\xad\x0c\
\x36\x4d\x60\x12\xee\x28\x12\x0a\x3a\x21\x84\x5c\xa2\xa0\x5b\x64\
\x9d\x36\xf2\xe1\xd0\xff\x9e\x24\x48\x06\x43\xe4\x83\x1c\x36\x19\
\xa0\x18\xe6\x38\x73\xf8\x24\x4e\xbe\x70\x14\x62\x0c\xba\x93\x63\
\x18\x9b\x9d\xc4\xd8\xf4\x18\xb2\x6e\x1b\x69\x96\x41\xac\xdf\x43\
\x77\xb9\xc3\x70\x30\x40\x7f\x79\x15\xbd\x8b\xcb\x58\x9a\x5f\xc4\
\xf2\x85\x45\x88\x5f\x38\x20\x69\x25\x68\x8d\xb5\x91\xa4\x09\x6c\
\x96\x06\x57\x6e\x91\xb4\x32\x58\x6b\x61\xe9\xd0\x09\x05\x9d\x10\
\x42\x2e\x0d\x49\x2c\x92\x76\x0a\x08\x60\xac\x45\x9e\x0c\x91\xa4\
\x09\xf2\x2c\x47\xda\x4a\x31\xec\x0f\x51\x0c\x72\x14\xc3\x1c\x45\
\xee\x30\xe8\xf5\xd1\x3b\x7c\x12\xa7\x0f\x14\xbe\x64\xad\x74\xe7\
\xf0\x81\x78\x31\x02\x63\x2d\x8c\x15\x98\xc4\xa2\xd5\x6d\xc1\x26\
\x16\x49\x96\xc2\x66\x09\x6c\x9a\xc0\xa6\x16\x69\x2b\xad\x7e\xb6\
\x69\x02\x9b\x24\x10\x26\xc5\x11\x0a\x3a\x21\x84\x5c\xba\x43\x4f\
\x5b\x69\xb5\xcf\x6d\x12\x0b\x97\x17\x30\x83\x21\xd4\xa5\xb0\x59\
\x0a\x2d\x1c\x8a\x61\x0e\x57\x14\x28\x86\x5e\xc8\x5d\xe1\xe0\xf2\
\xc2\xeb\x79\xe8\xd5\x2e\xe5\x97\xf1\xe3\x50\x8d\x35\xb0\xa9\x85\
\xb1\x16\x36\x0d\xa2\x9e\x26\x30\x89\x85\x4d\x2c\xc4\x88\xbf\x3d\
\x4d\x60\x12\x2f\xee\x84\x50\xd0\x09\x21\xe4\x92\x1c\xba\xc0\xa6\
\x49\x95\x86\xee\x27\xa6\xa5\x48\xb2\xc4\x87\xdd\xd3\xd4\x8b\x77\
\x51\xc0\x15\x2e\xcc\x3a\xf7\x5d\xde\x9c\x73\x55\xff\xf6\x2a\x23\
\xce\x08\x8c\xf1\x65\x6a\xd6\x1a\x48\x62\x60\x8c\x81\x4d\x12\x98\
\xd4\xc0\x18\x0b\x93\x98\x4a\xd4\x6d\xe2\x05\x5f\x6c\x38\x0e\x42\
\x28\xe8\x84\x10\x72\x09\x82\x2e\x3e\x34\x5e\xcf\x37\xf5\x33\xd2\
\x4b\xd1\x2d\x85\xdc\xe5\xce\xd7\xa3\x07\x21\x87\x2a\x9c\xd3\xd0\
\x9b\x3d\xea\x2a\x27\xa8\x04\xdd\xff\xec\x5f\xc7\x58\xff\x5d\xe0\
\xbb\xcc\xd5\x42\xee\x9d\x7c\x35\x7e\x95\x10\x0a\x3a\x21\x84\x5c\
\x02\x21\x3c\x2e\x22\x7e\xfe\x79\x02\x0c\x57\x72\xf4\x17\x7b\x68\
\x4d\x76\x60\x12\x03\x2d\x14\xda\xf2\x2d\x5f\x5d\x5e\xee\x9d\x23\
\x4c\x52\xab\x5b\xce\x94\xb3\xcc\x8d\xa9\x87\xb2\x88\x31\x7e\x3f\
\xdd\xfa\x10\xbb\x18\xc1\xca\x99\x25\x64\xe3\x6d\xa4\x53\x59\xe8\
\x0d\x1f\xc4\x5c\x28\xe8\x84\x82\x4e\x08\x21\x97\xa6\xe7\xd6\xc2\
\x24\xd6\xb7\x66\x75\x82\xde\xfc\x12\xbe\xf2\x3b\x0f\xe0\xc2\xd3\
\xa7\x70\xc3\x6f\xdd\x89\xdb\x3f\xf5\x0b\xd0\xd0\xbe\x15\xaa\x28\
\x7b\xbe\x6b\x28\x4f\x53\x17\xa6\xaf\x45\x73\x56\x45\xea\x45\x82\
\x1f\xe2\x22\x41\xb8\x81\x67\xff\xea\x51\x3c\xfc\xaf\xbf\x8e\xf6\
\xd6\x71\xfc\xe2\xff\xf8\x9b\xd8\xb0\x6b\x2b\xc4\xa0\xae\x5d\x27\
\xe4\x8d\xf4\xef\x8f\xa7\x80\x10\x72\xd9\x90\x30\x1a\xd5\x1a\x88\
\x35\x38\xf9\xcc\x51\xf4\xf7\x2f\x60\x62\x6c\x02\xfb\x3f\xf3\x08\
\x8a\x7e\x1e\x4a\xce\x7c\x82\x9c\x6d\x25\x48\xb2\xc4\x97\x9c\xb5\
\x7c\xe9\x59\xda\xce\x90\xc6\x3f\x87\xfb\x6c\xcb\xef\xc5\x9b\xd4\
\xef\x9b\xab\x03\xf6\xff\xe5\xe3\x98\x68\x8d\xc1\x9e\x2d\x70\xfc\
\xf1\x43\xa1\xe4\xcd\x8b\xbf\xb5\xbc\xbc\x11\x3a\x74\x42\x08\xb9\
\x24\x54\xd5\x0f\x4c\x71\x0e\x10\x60\xd3\x35\x73\x30\xd3\x29\xdc\
\x42\x81\x1d\xef\xbf\x1e\xd9\x44\x07\x62\xa5\x4a\x7e\x1b\x75\xd1\
\xea\xb4\xee\xef\x8a\x7a\x8a\x9a\x54\xbd\xdc\xcb\xdb\x0d\x24\x51\
\x6c\x7f\xc7\x35\x38\xf2\xd9\xa7\x90\x4b\x81\x4d\x7b\xb6\x45\x7b\
\xe7\x02\x50\xd0\x09\x05\x9d\x10\x42\x2e\xd1\xa0\x1b\x81\xe6\xae\
\x2a\x3b\xdb\xb0\x67\x0e\xbf\xf4\x27\xbf\x8d\xa5\x93\x17\x31\xbb\
\x7b\x0b\x6c\x66\xa1\xaa\x30\xa5\xd8\x86\x3e\xed\xaa\xce\x57\xab\
\x99\xa0\xe4\x51\x4f\xf7\x32\xd4\x2e\x22\xbe\xff\xbb\xc2\x3f\x5f\
\x80\x3b\xfe\xd1\xfb\x70\xf5\x7b\x6e\x40\x67\x66\x0c\xd3\x57\x6e\
\xf2\xb3\x5b\x8c\xa9\xf6\xdf\x09\xa1\xa0\x13\x42\xc8\x25\x59\x74\
\x3f\x71\xad\x9a\x76\xae\x0e\x93\xdb\x37\x60\x62\xdb\x2c\xb4\x1c\
\x7b\x8a\x68\x6e\x6a\xd5\xbc\xdd\x84\x7e\xee\xda\x70\xe2\xa8\x8c\
\xb9\x84\xef\xa6\x2e\x87\x03\x60\x12\x8b\xad\xb7\x5c\x09\x63\xad\
\x1f\xf2\xe2\xc2\x82\xc0\xd4\x7b\xf0\x84\x50\xd0\x09\x21\xe4\xb5\
\x62\xbc\x02\x97\x93\xd3\xe2\x39\xe8\xde\xc1\x9b\x28\xdf\x4d\xa3\
\x61\xe8\x12\xd9\x72\x89\xdc\x3b\xaa\xd1\xa9\x22\xa8\x66\x9f\xd7\
\xae\x5d\xeb\x04\x38\x2d\xc3\xf5\x65\xd9\x1b\x1d\x3a\xa1\xa0\x13\
\x42\xc8\x25\x51\x4e\x51\xf3\x0d\x65\x22\x23\x1e\x5c\xb3\xd4\xe3\
\xd4\xa0\x0e\x51\x58\x7d\xc4\xb1\xa3\xd6\xf4\x6a\xff\xbc\x74\xeb\
\x12\x95\xa4\xc5\xf5\xe6\xf1\x73\xc3\xdc\x75\x42\x28\xe8\x84\x10\
\x72\x49\x8a\xee\x5d\xba\x37\xcc\xae\x4e\x52\x2b\x85\x59\x46\x7f\
\x8e\x85\x37\x4a\x68\xab\x0b\xd3\xeb\x45\x40\x43\xf9\x51\x3f\x4e\
\xbc\x7b\x57\xa7\xf5\xa2\x41\xa3\x87\x11\x42\x41\x27\x84\x90\xd7\
\x6c\xd1\x6b\x39\x36\xa6\x29\xde\x88\x42\xed\x5e\x81\x2b\x31\x2e\
\xf5\xbb\x74\xdb\xea\x6a\xc7\xef\x1d\x39\xa2\xe7\xa3\x8e\x02\x40\
\x2a\x67\x5f\x3d\x37\x2c\x12\x84\x59\xee\x84\x82\x4e\x08\x21\x97\
\x86\xcb\x0b\x68\x10\x66\x2d\x9c\xaf\x47\x0f\x8e\xd9\x95\x09\x6b\
\x41\xa0\xa5\xca\x5c\x5f\x27\x81\xad\x14\xf2\x51\x37\x5e\x3a\xf9\
\x11\xd3\xae\xce\x67\xce\xbb\x50\x2e\xe7\xf7\xea\xb9\x87\x4e\x28\
\xe8\x84\x10\x72\x49\x18\x6b\x7c\x26\x7a\xb0\xdc\xab\x67\x97\x31\
\x5c\x1e\x20\xe9\x66\x68\x4d\xb6\x21\x56\x80\x30\xef\x5c\x05\x70\
\x50\x88\x4a\xd4\x19\xce\xf7\x7e\xaf\x92\xde\x50\x3b\x73\xa7\x0a\
\x53\xd5\xa5\x7b\xc1\xd6\x42\xd1\x9b\x5f\xc6\x60\x71\x15\xad\xa9\
\x2e\xda\x53\x6d\x20\x11\x0a\x3a\xa1\xa0\x13\x42\xc8\xdf\x89\x20\
\xcc\xf9\xca\x00\x1b\x0f\x5a\xdc\xbd\xe1\x3d\x98\xdd\x38\x83\x53\
\xe7\x4e\xe3\x4b\x07\xbe\x8b\xc1\xde\x2e\x4c\x27\x85\x3a\x85\x0b\
\xc2\xad\x50\x08\xc4\xef\xbb\xbb\x02\x27\x9f\x7e\x09\xc5\x20\xc7\
\xdc\xcd\x3b\x91\x76\x5a\x3e\x84\x2e\xf5\x63\xca\xf7\x28\xfa\x43\
\x98\x67\x96\xf1\xab\xd3\x6f\xc7\x15\x5b\xb6\xe3\x42\x6f\x11\x5f\
\x7f\xe6\x6f\x70\xf6\xda\x21\x4c\x27\x85\x13\xc7\xcf\x83\xbc\xb1\
\x16\xd4\x3c\x05\x84\x90\xcb\x7d\x4d\xc9\x0e\xf5\xf1\xeb\x57\xbc\
\x1f\x57\xcf\x5d\x89\xb3\xa7\x4e\x61\xba\x33\x81\x7f\x70\xd3\xaf\
\xe3\xc2\xc3\xc7\xa0\x45\x11\xb4\x5f\xaa\x48\xba\x4f\x8c\x53\x1c\
\xf8\xe6\xd3\xf8\xd2\x7f\xf6\x27\xf8\xca\x3f\xfc\x53\x3c\xf1\xe7\
\x3f\x08\xc9\x6d\x5e\xcc\xcb\xc7\x0b\x7c\x88\x7d\xf9\xf9\x79\xdc\
\xb7\xe3\xc3\xb8\x71\xd7\x0d\x38\x7b\xe6\x2c\xb2\xc2\xe2\x37\xf7\
\x7c\x18\xee\xb1\x79\x1f\x7a\x27\x84\x0e\x9d\x10\x42\x2e\x0d\x85\
\x22\x1f\xe4\xe8\xbe\xd0\xc3\x85\xce\x39\x7c\xf1\xaf\xbe\x80\x95\
\x59\xc1\x5b\xb7\xdf\x84\x1b\xaf\xb9\x1e\xb3\xc7\x2c\x06\xbd\x01\
\xd2\xb1\x56\xbd\x2d\x6e\x82\xb8\xab\xe0\xf4\xd3\xc7\xd0\x6d\x77\
\x60\x44\x70\xe6\xa9\xa3\x28\x5c\x10\xff\x72\x01\xa0\x80\x8a\xa2\
\x18\xe6\xb0\x07\x57\x30\x98\x5e\xc6\x9f\x7c\xfa\xdf\xa1\xbf\x21\
\xc1\xcd\xb3\xbb\xf1\xe6\x37\xed\xc5\xf5\xfd\x6d\x78\xb6\xbf\x02\
\x74\x98\xe6\x4e\xe8\xd0\x09\x21\xe4\x92\x28\xc7\xa6\x1e\x3e\x73\
\x1c\x0f\x3d\xf3\x38\xae\xd8\xb9\x03\xbf\x75\xf7\x27\x70\xf4\xd0\
\x61\x7c\xe7\xc1\xef\xe1\xcc\xc2\x79\x38\xe7\xea\x52\xb5\x90\x1c\
\xa7\xaa\x50\x28\xf6\x7c\xe8\xcd\xb0\x9b\xdb\x28\xda\xc0\x75\x1f\
\xbb\x3d\x24\xce\xf9\x99\xe7\x65\x49\x1c\x00\x38\xe7\x70\xfc\xec\
\x69\x3c\xfc\xcc\xe3\xd8\xb1\x63\x07\x3e\x75\xd7\x3d\x38\x7f\x6e\
\x1e\xdf\x7b\xe8\xfb\x38\xb3\x30\x1f\xc2\xf9\xbc\xbc\x11\x3a\x74\
\x42\x08\xb9\x64\x87\x2e\x46\x70\x6e\x53\x8e\xc7\x57\x0e\x63\x4a\
\xc7\xf1\xa3\xbf\xdc\x0f\x1d\x4f\xb1\x74\xfc\x08\x8e\x8c\x5d\xc0\
\xde\x76\xf3\xb2\xa3\x65\xcb\x56\x01\x36\x5e\x3f\x87\x5f\xfe\xf4\
\x3f\x82\x2b\x1c\xda\x53\xdd\xba\x03\x5c\x99\x28\x17\xca\xde\xc4\
\x0a\xfa\x73\x06\xdf\x3f\xfc\x24\x66\xba\x13\x78\xf2\xf8\x7e\xa4\
\x57\x4c\x63\x65\x79\x19\xcf\x0e\x0e\xe0\xba\xec\x56\x38\x2d\xf8\
\x81\x10\x0a\x3a\x21\x84\x5c\xa2\x47\x87\x49\x0c\xb6\xde\xbe\x13\
\xcf\x7f\xed\x69\x6c\x6a\xcf\xa1\x3d\x95\x62\xf9\xe4\x79\x9c\x5e\
\x3c\x83\x3d\x1f\x79\x33\x6c\x9a\x04\x57\x3e\xd2\xb2\x3d\x38\xf5\
\xb4\xdb\xf2\xd9\xf0\xaa\x61\x7f\x1d\x55\x59\x9b\x73\x0a\x63\x05\
\x26\xf5\x3d\xdc\x9f\x3d\xfe\x18\x26\x96\x2e\x62\x7a\xc7\x16\xc8\
\xca\x0a\x8e\x9f\x78\x09\xbb\xef\xbe\x0e\x36\x4d\x7c\x3f\x77\x42\
\xde\xa4\xab\xd6\xb1\x00\x00\x1c\x2e\x49\x44\x41\x54\x40\x30\x26\
\x45\x08\xb9\x6c\x38\xf5\xb5\xe7\x53\x73\xb3\xb8\xee\x43\x37\x63\
\x38\xd3\xc7\x89\xfe\x71\x0c\xaf\x34\xb8\xfe\x97\x6f\xc5\xf4\xb6\
\x0d\xde\x75\x97\x8d\x60\xca\x66\x32\x46\xbc\xf9\x0e\x3f\x7b\x1f\
\xee\xaf\x50\x7e\xb2\x5a\x98\xb4\x26\x5a\x25\xbc\x4d\x6c\x9c\xc2\
\x9b\x3e\x7a\x3b\x5a\x7b\xa7\x70\xc6\x9d\xc6\x45\x7b\x1e\xd7\x7c\
\xe0\x06\x4c\x6d\xdf\xe0\xcb\xd6\xd8\xcb\x9d\xd0\xa1\x13\x42\xc8\
\x25\x3a\x04\xb1\x80\x02\x49\x92\x60\x6a\xcb\x2c\xc6\x66\x26\x50\
\x0c\x72\x18\x6b\xbd\x33\x37\x02\x63\x4c\x95\xd5\xae\x1a\xea\xd0\
\x03\xe5\xb4\x34\x8d\x06\xb0\xf8\xfd\xf5\xca\xc6\x57\xa5\x6e\x49\
\x3b\xc5\xc4\xd6\x69\x8c\x6d\x9c\xa8\x4a\xe0\x92\x56\x5a\x65\xc3\
\xb3\x97\x3b\xa1\xa0\x13\x42\xc8\x25\xa3\x61\x7c\xaa\x77\xe1\x49\
\x2b\x83\xcd\x12\x98\x30\x52\xd5\x3f\x62\xa4\x77\x7b\xd4\x04\xce\
\x37\x99\x41\x63\xd2\x5a\x34\x1a\xbd\xd1\xcb\x5d\x05\x30\x89\x81\
\x24\x06\x49\xe4\xc6\x15\x0a\xe3\x53\xe7\xf9\x71\x10\x0a\x3a\x21\
\x84\x5c\x9a\x9c\x2b\x5c\x39\x19\x25\xcc\x2f\x2f\xf7\xc6\xeb\x1e\
\xee\x41\xa8\x9d\x77\xd1\x32\xe2\xce\xcb\xd9\xe7\xd5\x7d\x06\xd0\
\x6a\xbc\x6a\x9c\x1d\x8f\xaa\x9b\xdc\x68\x78\x3d\x0a\xda\x13\x42\
\x41\x27\x84\xfc\x14\x85\x51\x75\x23\x80\x8f\x01\x78\x2f\x80\x5d\
\xaa\x6a\x44\x64\x1e\xc0\x46\x00\x17\x00\x3c\x02\xa0\x0f\xe0\x2d\
\x50\x6c\x82\xe0\x02\x80\x71\x2f\x7f\x78\x09\xc0\x37\x00\xfc\x07\
\x11\x39\xf1\xd3\x10\xf5\x52\x54\x35\x88\xb0\x42\x61\x42\x19\x99\
\x22\xec\xb5\x1b\xa9\xc2\xed\x8a\x68\x98\x4a\x39\xd3\x5c\x4c\x25\
\xec\xc6\xd4\x23\x53\x7d\xa2\xbb\x86\xb6\xb1\x68\x94\xa7\x09\x0c\
\x54\x7d\x3f\xf9\x9f\xc6\x3c\x74\x55\x9d\x06\xf0\x4b\x39\xdc\x07\
\x86\x83\xc1\x35\x79\x91\x4b\x6a\x93\x73\xad\xac\xb5\x49\x20\x17\
\x01\x3c\xbc\xea\x06\x83\x62\x90\xdf\xbe\xb2\xb2\xbc\xc5\x39\xbd\
\xd0\xe9\x76\xc6\xba\xed\xae\x4d\x8c\x7d\x09\xc0\x77\x00\x7c\x5e\
\x44\x8e\xf1\x5f\x01\xa1\xa0\x13\xf2\xfa\x17\xf3\x5f\x58\x59\x59\
\xfe\xf2\xb9\xb3\x67\x5a\xc7\x8f\x1d\x47\xbf\xbf\x8a\xc9\xa9\x29\
\x24\x69\x8a\x3c\xcf\x71\x71\xf1\x22\x2e\x2c\x2f\x7c\xe0\xe4\xfc\
\x59\xdc\x78\xf5\x1e\xb4\xc4\x22\x6d\xb5\x60\xad\x41\x7f\x30\xc0\
\x0b\x87\x0e\xbc\xed\xa5\x73\x27\xef\xd9\xb4\x79\xf3\xff\xf6\xdc\
\xc1\xfd\xf7\x5e\xbf\xeb\xda\xcf\xfd\xa4\x8e\xbd\xd7\x5b\x91\x0b\
\xfd\x0b\x95\x94\xd7\x83\xd4\x6a\xe1\x2e\x3b\xbf\x39\x75\x30\x30\
\x50\x09\x23\x54\xcb\x89\x6b\x2a\xd0\x72\x12\x1b\xd0\x9c\xa4\x06\
\x00\x2e\xec\xbd\xc7\xa3\x59\xc3\xbe\xbc\x40\x20\x61\x7c\xeb\x96\
\xa4\xfb\x13\xfd\xdc\xf6\x1f\x3e\xf8\xd6\x3f\xf9\xe2\x9f\x7d\xeb\
\xd9\xa7\x9f\xea\x6e\x9a\xdd\x88\x1d\x73\xdb\x30\x39\x3d\x83\xd4\
\x26\x30\xc6\x60\xe8\x72\x3c\xb7\x6f\xdf\x07\xe6\xb6\x6e\x86\x38\
\x20\x11\x8b\x76\xa7\x8b\xac\x95\x61\xe8\x72\x9c\x3f\x37\x7f\xe7\
\xde\x6b\xdf\xf4\xf1\x5d\xbb\x76\xff\x2b\x55\xfd\x87\x22\xf2\xef\
\xf9\xaf\x81\x50\xd0\x09\x79\x1d\xf3\xc4\x13\x4f\xfc\x4f\xcf\x3c\
\xfd\x64\xcb\x5a\x83\x2c\xcb\xf0\xae\xf7\xfc\x02\xa6\xa6\xa7\x61\
\xc4\x42\xe1\xf0\xe2\x81\x17\xf0\x99\xff\xe5\x33\xd8\xba\x63\x0e\
\xfb\x0e\xee\xc7\xef\xfe\x57\xff\x35\xba\x63\x63\xb0\x62\x31\xcc\
\x07\x38\x74\xe8\x00\xbe\xf1\x95\xaf\x62\x35\x71\xe9\xe9\x53\xa7\
\xff\x07\x00\x3f\x31\x41\x3f\x79\xe8\x18\x1e\x3c\xfa\x60\xc8\x64\
\x8f\xc3\xe8\xa5\xba\x4b\x73\x7f\xbc\xfc\x59\xab\xc5\x8c\x77\xee\
\xd1\x02\xc0\xd7\xa8\x7b\xf1\x96\x78\x8c\xaa\x6a\x95\x11\x5f\x76\
\x92\xd3\xf2\x75\x1d\x30\xb9\xe1\xf6\x9f\xe8\xe7\xf6\x57\x5f\xff\
\xd2\xbf\xfc\x8b\xaf\x7c\xa1\x7b\xe7\xee\xbd\x98\x9b\xde\x80\xf7\
\xbd\xe7\xbd\x98\x9a\x9e\x06\x14\xc8\x8b\x1c\x7f\xf0\xef\xff\x2d\
\x64\x90\x63\x78\x61\x05\xbb\x76\x5d\x8d\x37\xdf\x7a\x1b\x5a\x59\
\x1b\x80\xa0\x28\x86\xf8\x8f\x5f\xfa\x6b\xfc\xd1\x1f\xfd\x01\x7e\
\xf3\x13\x9f\x48\x6e\xde\xfb\xe6\x7f\x0e\x80\x82\x4e\x28\xe8\x84\
\xfc\xb4\xf9\xee\xa3\x7f\xf3\xae\x93\xe7\x4f\x4f\x15\xae\x08\xe1\
\xe4\xa0\x44\x46\xca\x14\xee\xe6\x16\x6f\xd4\x31\xed\xc1\x97\x9e\
\x4a\xfe\xfa\xc9\xaf\x63\x75\x75\x05\xc9\x58\x0b\x9f\x3f\xf2\x3d\
\x8c\xcf\x4c\xc2\xa6\x16\xf9\xea\x10\x17\x4f\xcd\xe3\xb4\x3d\x83\
\x17\x0e\x9f\x86\x4b\x04\xff\xf4\x81\xdf\x47\x77\x6a\x0c\x69\x96\
\x62\xb0\xbc\x8a\xb3\x27\x4e\x43\xaf\x1d\x47\xe2\x0a\x60\x53\x2a\
\xdf\x1e\x3e\xf6\x11\x57\xb8\x2a\x02\x2d\x22\xd5\x71\xb8\x3c\x1c\
\x9b\x02\x62\xc5\x8b\x67\x24\xae\xf1\xf4\x52\x93\x18\xb8\x42\x2b\
\x51\xad\xf6\xc6\x15\x90\xc4\xcf\x3e\x3f\xf8\xa3\x7d\x7b\xdd\xc3\
\xf3\xb5\x38\x97\x59\xea\xe5\xeb\x18\x01\x9c\x56\xe2\x5b\x8e\x3e\
\x2d\x1d\xb8\x28\xa0\xce\x41\x4d\xc8\x66\x0f\x8f\x2d\x9f\xab\xf0\
\xf7\x7b\x57\x2e\x55\xf8\xbd\xda\x7d\x97\x10\x0d\x30\x40\xf7\xed\
\xd9\x95\xdf\x1a\x3e\xfa\x11\x75\xe5\xc8\xf4\x66\x02\x9e\x2f\x72\
\x6f\x7e\x6e\x62\x04\x2e\x8c\x7d\x2d\xa7\xbf\x41\xa3\x88\x40\x59\
\x3e\x17\x3e\x43\x63\x04\x2e\x77\x10\x01\x9e\xfc\xc6\x63\xed\xf6\
\x8e\x49\x3c\x8b\xe3\x78\xe9\xc4\x32\xbe\xf3\xa5\xe7\xd1\x9d\x18\
\x83\xaa\xa2\xbf\xdc\xc7\x81\xe7\x9e\x43\xde\x1f\xa2\x35\xd6\xc1\
\xc4\xf1\x69\xcc\xec\xfb\x32\x5a\xdd\x36\xac\x31\xe8\x2f\xac\xe0\
\xfc\xa9\x79\xac\x4c\x2e\xe3\x4f\x1f\xfc\x2b\xbc\x65\xf9\xb8\x7e\
\xe1\x99\xaf\x7f\xa4\x5c\xae\x88\x91\x70\x0c\xd5\xf2\xc8\x8f\xa7\
\x15\x81\xc9\x12\xd8\x2c\x41\xda\x69\x23\xb5\x29\xa6\xa4\xbb\xba\
\x3d\x99\xf9\xe6\xe6\x89\x59\x36\xb4\x7f\x83\xc1\x34\x50\x42\x7e\
\x0c\xfc\xe1\x67\xff\xef\x8b\xdf\x3f\xf8\xf8\xe4\x52\xbe\x0a\x35\
\x0e\x26\xb3\xc1\x4d\x96\x53\xc3\x82\xeb\x0c\x89\x5d\xb5\x70\x79\
\x71\xca\x5d\x51\x09\xd5\xe8\x54\x70\x31\x06\x69\x3b\x41\xda\x49\
\x91\xb5\x53\xb4\x27\xbb\x68\x4f\xb6\xd1\x1e\x6f\xa3\x35\xd6\x46\
\xd2\x4a\x91\x75\x5b\x30\x89\x45\xd6\xce\x60\xca\xd7\x0f\xa2\x50\
\x09\xa8\xd4\xcd\x5b\xfc\x7d\x41\x4c\x15\x61\xcf\x3a\xc8\x5e\x70\
\xd9\x26\x31\x28\x06\x45\x55\x17\x1e\x67\xa3\x97\xa2\xeb\x0a\x87\
\xc2\x45\x82\x18\x89\xb9\x94\x22\xad\x7e\xbf\xdc\xe5\x7e\x1f\x1d\
\xa1\x4b\x5c\x7c\x7f\xa5\xb7\x55\xf7\x99\xe0\xd9\x8d\x40\xf3\x7a\
\xe6\xb9\x3a\x57\x9d\xbb\x2a\x2c\x1f\xfe\x46\x1b\x66\xb1\x57\x7f\
\x5b\x58\xd4\xf8\xdb\x4c\x25\x8a\x3e\x0a\x10\x32\xe6\x81\x7a\x0a\
\x9c\x96\x7f\x62\x3d\xc7\xbd\x3c\x65\xf1\x71\xfb\xf3\xe9\xff\xde\
\x42\xfd\xf1\x14\x79\x81\x62\x58\x60\xd0\xeb\xa3\xbf\xb4\x8a\xfe\
\x72\x1f\xfd\xe5\x3e\x86\xab\x43\xe4\x43\x07\x31\x09\x8c\xb5\x61\
\xcc\x6b\xf9\xff\x80\xab\x16\x10\xd6\x58\x18\x53\x9e\x0b\x89\x16\
\x23\xfe\xff\x9b\x52\xcc\x15\x8a\xb4\xdd\x42\xbb\xdb\xc5\xf8\xd4\
\x14\xc6\xb3\x31\x5c\x69\x66\xf2\xdb\xda\x57\x4d\x5d\xb5\x71\xdb\
\x0a\xff\x25\xd2\xa1\x13\x42\xfe\x8e\xa8\x42\x0a\xe7\x90\xbb\x1c\
\x05\x14\xb6\x50\x40\x6b\xd1\xa9\x44\x4c\xe2\x8b\x76\xd5\xd9\xb4\
\x16\x90\xf5\x56\xde\x26\xba\xa1\x14\xe9\x42\xa3\x91\xa4\x41\x1c\
\x01\x14\x45\x01\xb5\xd6\xeb\x44\x34\xe5\xcc\x39\x57\xd5\x74\x87\
\xb9\x28\xfe\x8d\x83\x4b\x77\x91\x58\x57\x35\xe3\x85\x77\xe2\x2a\
\x7e\xcc\x69\x59\x2b\x5e\x85\xd5\xa5\x6e\x14\x23\x55\x34\x22\x0a\
\x9e\x6b\x14\x89\x28\xfc\x71\x1a\x23\x70\xc1\x79\x6a\xe1\x00\x6b\
\x1a\xfb\xe3\x5e\xbc\x05\x02\x1f\x5e\x37\x46\xa0\x89\x09\x87\xe6\
\x9f\x27\x89\x69\xcc\x53\x37\x46\xa0\xc6\x0b\x9f\x0b\x99\xf2\xaa\
\xea\xb3\xe5\x5d\xc8\x9c\x77\x2e\x08\x68\x38\xcf\x16\xcd\x1e\xf3\
\xe5\x31\xa1\x8e\x66\x88\x01\x34\x1c\xbb\x46\x0b\x19\x15\xc0\xb9\
\xc2\x3b\x76\x6b\xe1\x50\xd4\x9f\x33\x00\x93\xda\x6a\xcb\xc0\x24\
\x16\x18\xba\x28\x2a\x53\x2f\xe8\x8c\xb5\xfe\xb3\x29\x0a\xa8\x01\
\x8a\x32\xa1\x50\x5d\x35\x3a\xb6\x3c\x77\x61\xe4\x9c\xff\xff\xa6\
\x28\x50\x08\xfc\x62\xc2\x94\x11\x0c\x66\xf8\x53\xd0\x09\x21\x97\
\x2b\xf6\xa5\xae\x70\xd5\x5e\xaf\xc2\x8b\x57\xe5\xc4\x83\x1b\x77\
\x2e\xaa\xce\x2e\x2f\xd8\xea\x82\x73\x93\x48\x38\x00\x04\x03\x57\
\xc9\x7c\x48\x02\x33\xc6\x8b\x85\x2b\xc3\xe5\xc6\xc0\x15\xce\x3b\
\x69\xa0\x29\x5c\xa5\xb3\x0c\xcf\xf7\xb3\xc6\x01\x71\xb5\xc3\xf6\
\xe2\x12\x89\xa4\xa9\x97\x14\xd5\x9e\x76\xb5\x70\xd1\x6a\x81\xe0\
\x0a\x07\x9b\xda\x86\x4b\x46\x24\xe2\x00\x1a\xe7\x03\x0a\x14\xc3\
\x22\x6c\x01\x18\x88\xf1\x4e\x59\x9d\x9f\x7f\x5e\x8a\x1c\x34\xb8\
\x66\x15\x0c\x07\xc3\xe0\xe4\x4d\x15\xba\x90\xc8\x69\x8b\x91\xaa\
\x1c\xce\x04\x17\xee\x0a\xf5\x22\x08\xf5\x82\xaa\x08\x49\x77\x68\
\x44\x4b\xca\xfd\xfb\xea\xf8\xcb\x37\x70\x51\xc4\xa0\x3c\x97\xa5\
\x99\x2e\x42\x38\xde\x98\x2a\xab\xbf\xec\x64\xa7\x2e\x08\x71\x78\
\x6f\x08\xe0\xf2\x02\x62\x0c\x6c\x62\x81\x28\x4a\x60\x8c\x81\x86\
\xe8\x86\x09\x8b\x1a\x2d\x5c\x75\x3c\x2e\x2c\x44\xd4\x84\xc5\x49\
\x19\x15\x28\x17\x4a\xa8\xcf\xb7\x02\xa1\x74\x90\x50\xd0\x09\x21\
\x7f\x67\xde\x75\xf3\x1d\xcf\xce\x1f\x3f\x7d\xe7\xf3\x87\x5f\xc0\
\x42\x6f\x19\x2b\x83\x55\x0c\x8a\x21\x0a\x57\x20\x77\x05\x5c\xe8\
\x92\xa6\xea\xea\x44\xae\x20\xb0\xd1\xa2\x00\x33\xad\x09\x6c\x6c\
\x4f\x62\xf3\xc6\x4d\x98\x9d\x9e\xc1\xfc\x85\xf3\x78\x6c\xdf\x53\
\x98\x5f\x5e\x80\x58\x83\x34\xb5\xc8\x3a\x2d\xa4\x9d\x0c\xb6\x9d\
\x20\x69\xa5\x30\xd6\x40\xac\x81\x49\x8c\x17\xc4\xe0\xbe\xcb\xd0\
\x73\x59\x0e\x5e\xed\x41\x57\x7b\xd8\x3e\xec\x2b\x22\x95\x18\x96\
\x51\x02\xe3\xad\xa4\x5f\x3c\xc0\x0b\xaa\x11\x81\x28\x60\x42\x9b\
\x55\x2b\x06\x49\x9a\x20\x31\x16\x89\xb1\xb0\xe2\xbf\x67\x49\x8a\
\x76\xd6\x42\x2b\x6d\xa1\xdb\xea\xa0\x9b\x75\xd0\x6d\xb5\xd1\xca\
\x32\x24\x36\x41\x2b\xcd\x60\x4d\x56\xef\x95\x57\xab\x85\x72\x1d\
\xe1\x90\x17\x43\xe4\x45\x81\x42\x1d\x86\xc3\x21\x16\x7b\x4b\x58\
\x58\x59\x42\x6f\xd0\xc7\x20\x1f\x60\x98\x0f\x30\x28\x72\x7f\xbf\
\xcb\x51\x14\x05\x0a\x0d\xe7\xda\x29\x0a\x57\xc0\x45\xe7\xdb\x39\
\x57\x3b\xf2\x2a\x42\xe1\x3f\x03\xbf\x30\x52\xb8\x78\x31\x15\x25\
\xf8\x55\xfb\xf6\xd1\x5e\x7c\x95\x4b\x60\x8c\x5f\x90\x84\x85\x51\
\x3e\xcc\x91\xaf\x0e\x31\xec\xf5\x91\xf7\x73\x0c\xfb\x39\x44\x0c\
\xba\x9d\x0e\x36\x4f\xcc\x62\xcf\x8e\xab\x31\x39\x3e\x81\xe1\x70\
\x88\x76\xb7\x83\xef\xee\x7b\xd4\x7f\x76\xa1\x14\xcf\x5a\x1f\x8e\
\xf1\x99\xff\x0a\x1b\xce\xb5\x40\x60\x8d\x81\x15\x03\x6b\x2c\xf2\
\x34\x83\xeb\x8e\x61\x72\xc3\x56\x5c\xf3\xd6\x5d\xc7\x36\x6e\x9a\
\x1e\xf0\x5f\x21\x05\x9d\x10\x72\x19\xe8\x26\x9d\xeb\xde\xfb\x96\
\x77\xe3\xd6\x6b\xde\x84\x73\xe7\xce\x61\x7e\x7e\x1e\x17\x2e\x5e\
\xc0\xe2\xd2\x22\x7a\x2b\x2b\x18\xe6\x39\x8a\x22\xaf\xf2\xe3\xca\
\x10\xb3\x11\xe3\x05\x32\xb4\x48\x2d\x42\x98\x7c\xc7\xcc\x56\xcc\
\x6e\x98\x01\x7a\x39\x76\xa6\x1b\x70\xf6\x85\xc3\x98\x98\x18\xc7\
\x8e\x9d\x3b\xb0\xa1\xb3\x01\x69\xd6\xf2\x25\x60\xab\x0a\xa7\x0e\
\xb9\x2b\xa0\xce\x3b\xbe\x52\xb8\x8a\xf0\xbd\x0a\xe3\x0b\x60\xc4\
\xbb\x45\x6b\x2d\x52\x9b\x20\x4d\x52\x64\x59\x86\x2c\x0d\xdf\xb3\
\x0c\x59\x9a\xa1\x95\x65\x68\xb5\x32\x24\x69\xea\x7f\xce\x5a\x48\
\x92\x04\x69\x9a\xc0\xda\x04\x59\x96\x22\x49\x52\x24\x89\x45\x9a\
\xa6\x48\x93\x14\x69\xe2\xf7\x89\x93\xc4\x22\x4d\xd2\x50\x2f\x2e\
\x55\x4d\x79\xbd\xa1\x50\x27\xbe\x95\x1a\x6e\x8c\xf1\x83\x58\xc2\
\xa2\x43\x22\x21\x95\x6a\xab\x40\x22\x11\xce\xfd\x77\x55\x14\x45\
\xe1\x05\x5b\x1d\x8a\xbc\x80\x53\x57\xed\xed\x17\x45\x8e\x3c\x2f\
\xbc\xe0\xbb\x02\xc3\x3c\xc7\x70\x38\xc4\x70\x98\x23\xcf\x87\x18\
\x0c\x87\xc8\xf3\x1c\x79\x11\x6e\x0f\xf7\xe7\x79\x58\x24\x14\x05\
\xf2\xbc\x40\x5e\xf8\xc7\x94\xb7\x95\xef\x59\x14\x7e\xe1\x50\x46\
\x0e\x06\xf9\x10\xc5\x30\x87\x3a\x87\x73\x8b\xe7\x70\xe2\xf8\x71\
\x5c\x98\xbf\x88\x6b\xde\x7c\x13\xd2\xc2\x61\xc3\x55\xe3\x98\x9b\
\xdc\x82\x73\x67\xce\xe1\x8e\x1b\xee\xc0\x2f\xbf\xe3\x03\x30\xc6\
\x54\x5f\x7e\x2f\xdd\x54\x7f\x6b\xd8\x7c\x08\x7b\xfd\x7e\x45\x51\
\x14\x8a\x3c\xcf\xc3\x50\x3a\x45\x2a\xad\x39\xc9\x39\xa7\x83\x82\
\x4e\x08\xb9\x2c\xe4\x45\x1e\x44\xdb\x87\x5f\xad\x31\x48\x8c\x45\
\x6a\x2c\x86\x36\x01\x9c\xc2\x8a\xbf\x50\x1b\x11\x58\xeb\x45\xd5\
\xd8\x70\x21\xb7\xfe\x42\x3e\x18\x0e\x31\xc8\x07\x98\x1c\x1f\xc7\
\xd4\xe4\x14\xce\xb6\xcf\x61\x6a\x7c\x02\x69\x92\xa2\xd3\xe9\x60\
\xac\xdb\xc5\xe4\xf8\x04\x5a\x59\x1b\xc6\x5a\x2f\xdc\x91\xc0\xe4\
\x45\x5e\xb9\xd1\x52\xd8\xcb\x45\x44\xb9\x78\xf0\xc2\x9c\x06\x21\
\x4e\x90\x65\x5e\xc0\xb3\x56\x0b\x59\xe6\x05\x3c\x4d\x52\x24\x69\
\x8a\x2c\x4b\x61\x6d\x82\x24\xb1\x48\x92\xc4\x7f\x55\xc7\x6e\xfd\
\xa2\xa2\x50\x38\x29\x90\x03\x90\xa2\xc0\x70\x28\xe8\x4b\xbf\xb1\
\x68\x89\x45\x59\xa2\x5a\xb4\x7a\x3b\xa2\x16\xad\x32\x59\xae\xbc\
\x35\xea\xec\x0e\x89\xfe\x1b\xf9\x65\x00\x80\x51\x03\x9b\xfa\x73\
\x82\xc4\x87\xd9\xcb\x45\x8d\x06\xd7\xee\x05\xda\x7f\x56\xae\x28\
\x30\x1c\x7a\x01\xf7\xc2\x3e\xc4\x60\x30\xc4\x60\x38\x68\x08\x7b\
\x5e\xfd\x5c\x3f\x3f\x2f\x72\x14\x79\x81\xdc\xe4\x55\x94\x45\x9d\
\x22\x11\x8b\x42\x72\x88\x00\xab\xbd\x1e\x3a\xad\x36\x16\xed\x12\
\x26\x27\x26\x61\xb2\x14\x93\xe3\x13\x98\x1a\x9f\xc0\x85\x73\xe7\
\xd1\x69\xb5\xb1\x71\x66\x03\xd2\x34\xf5\x4e\x3c\x84\xf1\xe3\xbf\
\xb4\x3c\x76\xa7\x3e\xb4\x9f\xe7\xfe\xfd\x07\x62\xd0\xef\x0f\x30\
\x1c\xe6\x00\x4c\xf5\xff\x1d\xa1\xa0\x13\x42\xfe\x8e\xc4\xc9\x55\
\xcd\xea\xa8\x75\x0a\x4b\x4a\x61\x0b\xae\xdc\x5a\x8b\x24\x08\x64\
\xd9\x55\xad\xdd\x6a\x63\x6a\x7c\x02\xed\xe0\x9a\xcb\x85\x40\x9a\
\x78\x21\xce\xd2\x34\xec\x37\x2b\x0a\x63\x51\x58\x7f\xa1\x37\x62\
\xe0\x5c\x51\x0b\x99\x6a\x08\xab\xfb\x28\x80\x35\x16\xd6\x1a\x64\
\x69\x8a\x24\x49\xbc\x33\x4f\x53\xd8\x24\x81\x35\x06\xc6\x58\x18\
\x63\xeb\x2e\x6d\x71\x44\x21\x78\xec\xaa\xfe\xbb\xf4\xd8\x02\x9f\
\x8c\x16\x85\xef\x35\x38\xf3\x52\xcc\xab\x73\x14\xf7\x71\x2f\xbb\
\xc2\x96\xd5\x62\x40\x63\x4f\x3b\x3e\x75\x12\x84\xbd\x2c\x7d\x2b\
\x1f\xd3\x18\xc7\x5a\x26\x0c\x36\x92\xfb\xca\xfd\x71\x6d\xdc\x67\
\x44\xfc\xb6\xb8\x29\x3f\x07\x9f\x09\x6f\xad\x45\xe2\xac\x17\x51\
\x53\x40\xc5\xc0\x89\x3f\x6f\xce\x38\xa8\xf3\x9f\x43\xb9\xdc\x30\
\xc1\x41\x17\x61\x1f\x5d\xd4\x1f\x6b\x62\x0d\x92\x90\xf4\x66\x44\
\x90\xa5\x19\x92\x2c\xc3\xcc\xd4\x34\xda\xed\x36\xac\x4d\xd0\x6e\
\xb5\x90\x5a\xeb\x5f\x4f\x9a\xaf\xab\x88\x42\xfc\x71\xaf\xfb\x28\
\x72\x81\x2a\xba\x21\x3e\x49\x8f\x50\xd0\x09\x21\x7f\x77\xa4\xca\
\xd8\x92\x86\x10\x35\xb2\xd8\x31\x72\xb7\xd6\x0d\x52\xca\x0b\x7a\
\x2c\x54\x8d\x50\x76\x10\x4a\x11\xef\xfe\x8d\xb5\xb0\xc6\xd6\xa2\
\x05\x85\xb5\x76\xcd\x22\xc3\x39\x07\x35\xb6\x11\xde\x2f\xc3\xba\
\xa6\x12\x70\x53\x0b\x6f\xd8\x74\x17\x29\x05\x39\x38\xea\xf0\x87\
\xb8\x10\xe6\x4e\x4a\x87\x6d\xac\x4f\xd4\x8b\xdd\xb7\x08\xd6\xed\
\xab\x5e\x6e\x4e\x03\x8d\xfd\x73\x0d\xa5\x7d\xf5\xc3\xea\xc7\xc4\
\x7f\x5f\x55\x75\x17\x85\xe1\xeb\x55\x47\xf4\x16\x71\x99\xe0\xc8\
\xeb\x48\x5d\x54\x5f\x2f\x52\x62\x41\x0d\xc7\xe8\x7f\x37\xd5\xb9\
\x01\x0a\xdf\xb6\xb6\x7c\x9d\x68\xbd\xe1\xfb\xdd\x48\x23\x1f\xc2\
\x18\x1f\x7d\x29\x5f\xdb\x1a\x03\x6b\x7d\x74\x24\x31\xb6\x8a\x72\
\x20\x3a\x06\x44\x0b\x9b\x91\x02\xfa\xc6\xef\x65\x37\xbd\x72\x91\
\x52\x14\x45\xa3\x1d\x2e\x79\xe3\xc0\x4f\x9d\x90\x1f\x93\xa6\x57\
\x19\xdd\x5a\xf7\x33\xaf\x55\xbb\xbe\xf8\x57\x57\x65\x59\xeb\xe1\
\x2b\x67\x2a\x12\x12\xbb\xdc\x1a\x21\x32\x65\x82\x5a\x29\x9e\x95\
\x98\x9a\x91\xb0\xb6\x54\xce\x5c\x42\x99\x5c\xb9\x5f\x5f\x0b\xc3\
\xda\x8a\x27\xad\x13\xf1\x43\x63\x17\x6d\xdc\xae\x2e\x76\xbb\xf5\
\x58\xd4\x32\x6b\x5f\x80\x86\x2b\xd7\xc8\x4d\x8a\x60\x4d\x32\x5c\
\xe3\x77\x59\x27\xea\x31\x72\xa7\xac\x33\x55\x4d\x5e\xc3\x78\x16\
\x11\x69\xcc\x6a\x8b\x9f\xdf\x5c\x50\x8c\xbc\x73\x10\x5b\x1f\x84\
\xd1\x75\x1b\xd6\xa8\xd6\xaf\x65\xa2\x45\x82\xaa\x86\xe8\x89\xcf\
\x77\x28\xb7\x49\xa0\xf1\x67\xdb\x3c\xa6\xf8\xf3\xd0\x35\xe2\x1e\
\xbd\x8f\xb1\x1c\x34\x47\x41\x27\x84\x5c\x2e\x9a\xe2\x23\xeb\xfc\
\x2c\x6b\x04\x44\x22\xc7\x5a\x3b\x3b\xe3\xf7\xdf\x93\x04\xd6\x58\
\xa4\x49\x52\x3d\x4b\x50\xba\xf3\xba\xd1\xcb\xda\x57\x58\x5b\xc9\
\x5e\xb9\x50\xc4\x75\xee\x12\xdb\xc1\x46\x37\xb8\x52\x45\x74\xe4\
\xef\x2a\xbb\xb2\x95\x2e\xb8\x6e\xbd\x2a\x8d\x26\x2c\xaf\x74\x8e\
\x46\xef\x8f\xdd\x78\x43\x98\x55\xd7\x54\x01\x94\xce\x7c\x3d\x81\
\xc6\xfa\x5a\x38\x72\x5e\xa4\x29\x92\x5a\x05\x24\x5e\xe6\x78\xd1\
\x98\xcb\x3e\x2a\xfc\x65\xf4\x25\x16\xdc\x38\xe2\x12\x47\x24\xac\
\xf5\x39\x08\x36\x44\x56\xfc\x7e\x78\x5e\x55\x24\x8c\xbe\x76\xbc\
\xf2\x93\xb8\x74\x51\xea\xf7\x8a\xb6\x25\x84\x65\xe8\x14\x74\x42\
\xc8\xe5\x12\xf4\x48\x19\xe3\xc4\x2d\x0d\xcd\x40\x5e\xe6\x49\x68\
\xa4\xa0\x07\x31\x30\xe2\xc3\xb1\xad\x2c\x03\x42\xb9\x52\x79\x35\
\x37\xc6\x44\x6a\x14\xd9\xde\xa8\x48\xbb\xfa\x55\x62\x71\xc1\x3a\
\xea\xdf\x74\xd8\xcd\x4d\xeb\x66\xfa\x59\xed\xf8\x11\x4d\x45\x8b\
\x54\xaf\xb1\x77\x1d\x0b\x72\xd4\xca\x5d\xa4\xf1\xb8\xf5\x04\xb8\
\xb9\x80\x90\xc6\x42\xa3\xd9\x55\xee\xd5\x29\x98\xc6\xe1\x06\xe8\
\xcb\xe9\xfb\x7a\x07\xd2\x58\xd8\x54\x35\xfc\xd0\xc6\x31\x54\x51\
\x98\xd0\x08\xa6\xfc\xbd\xde\x42\x09\x7b\xf6\x46\x90\x24\x89\x4f\
\x3e\xcc\xb2\x50\x2d\x60\xab\x73\x5d\xbd\xf6\xe8\x0a\x2b\xfe\x3f\
\x4c\x47\xda\xf4\xc6\xab\x0a\x42\x41\x27\x84\x5c\x1e\x04\xa2\x8d\
\x5e\xe8\x88\xf7\x6c\xd7\x77\xef\xba\x5e\xea\x5c\xb8\xb0\x5b\x63\
\x7c\xed\xb7\x35\x55\xdb\xd2\xaa\xaf\xb7\x34\xc3\xcb\xde\x25\xeb\
\x9a\xc5\xc4\x7a\x6e\x56\xe3\x10\x2f\x9a\x2e\x72\xdd\x63\x89\xbf\
\xe2\x82\xb2\xf2\x75\xa4\x99\x85\x1e\x77\x43\x2b\x8f\xae\x11\xba\
\x8e\xf7\xbe\xa3\x37\x5b\xb3\xc7\x5d\x89\xea\xcb\x84\xe7\xa5\x19\
\x22\x97\x35\x6e\x5d\x5f\xf9\x1c\x34\xde\x5f\xd7\x44\x50\x46\xf6\
\x41\xea\x6d\x94\xe8\x7b\x95\x68\x37\xb2\x60\xa8\xd7\x1a\x52\x45\
\x39\x9c\xf3\xe5\x85\xc6\xf8\x64\x39\x55\x20\x49\x92\x46\xdf\xf8\
\x75\x17\x14\x71\x13\xe0\x75\xb6\x2a\x4a\x6f\xaf\xb4\xe8\x6f\x48\
\x98\x14\x47\xc8\x8f\x43\xd0\x2b\x37\xa9\xcd\x0c\xe5\x75\x84\x52\
\xd7\xb9\x70\x37\xea\xc5\xe1\x3b\x7f\x15\xce\xd7\x40\x97\xf7\xe9\
\xba\xaa\x8b\x46\xd3\x13\x15\x40\x43\xc6\xd6\x68\xa6\x78\x1d\x35\
\x40\xd5\xdc\x26\x8a\x29\x97\x0b\x93\x3a\x8b\x5a\x9a\xe1\xe5\xb2\
\x97\xb8\x6f\xaf\xaa\xcd\x2e\x76\x8d\x50\x7d\x78\x95\x91\x4c\xf9\
\x51\xd1\x59\xb3\x97\xbe\xf6\xa4\xae\x2f\xca\x23\xc7\xb6\xae\x47\
\xd5\xf5\x3f\xa3\xf8\x50\xeb\x68\xb7\x8c\x64\xc1\x6b\xe5\xb6\xcb\
\x24\x40\x17\x44\x59\x47\x16\x39\x4e\x23\x51\x0f\x91\x09\xa7\xae\
\x4a\xe2\x2b\xdf\xb7\x28\x8a\xea\xf1\x83\x7c\xe8\xeb\xda\xf3\xfc\
\x65\x92\xd9\x64\x4d\x66\x7b\x73\xad\x21\xcd\xbf\x25\xb4\xd4\x25\
\x74\xe8\x84\x90\xcb\x40\x24\x63\x23\x62\x31\x7a\x3d\xd6\x91\x5d\
\xee\x51\xd1\xac\x13\xdb\x7c\x96\x34\xa2\x7a\xf2\x66\x49\x56\xd3\
\x68\x4b\x95\xa8\x25\x8d\x98\x3b\xea\xb0\xbc\x09\x65\x61\x12\x25\
\xa7\x09\xd6\x4d\xde\xab\x9e\x1a\xf5\x7f\x8f\xfd\xbf\x44\xd1\x84\
\xb5\x7f\xab\x36\x8e\xa1\x4e\x84\x93\x57\x5c\x10\x21\xce\xf2\x1f\
\x11\x73\x8d\x36\xbb\xf5\x6f\xf9\x24\x62\xd5\x7e\x39\xe7\xaa\x8d\
\x08\x47\xb3\x24\xac\x14\x73\x9f\xfc\x57\x9f\xfb\xaa\x79\x4d\xf8\
\x72\xe1\x98\xea\x9e\xf0\x75\xb7\xb9\xe6\xfa\x43\x91\x24\x49\xdd\
\xde\x37\x7c\x4e\xe5\x1e\xba\x40\xd6\xec\x06\xfc\x6d\xff\xaf\x35\
\x62\x43\x10\x70\xee\x16\x1d\x3a\x21\xe4\x72\x39\xf4\x86\x98\xcb\
\x9a\xeb\xab\x46\x49\x4e\xf5\x5e\xe9\x3a\x7b\xd6\x51\x16\xb8\x89\
\x1a\xcf\xa0\xda\x3f\xd6\x28\xd4\xdd\xd8\x05\xf7\xb7\x49\x14\xa9\
\x96\xf8\xe8\x9a\x4e\x5b\xa2\xe7\x37\x6c\xeb\x7a\x26\x57\xa2\xe7\
\x86\xcc\xf9\xf5\x5b\xbc\x8c\x3c\x41\x9a\x35\xe3\xe5\x72\x66\xbd\
\xe7\xc4\xa3\x57\x65\xe4\xf7\x66\x30\x43\x1b\xee\xb4\xdc\xaf\x1f\
\x09\x78\xbc\xa2\xdc\x8f\xee\x89\x97\xef\xef\x2a\xd7\xed\x05\xda\
\x55\x4b\x1d\x3f\x55\xcd\x47\x4d\x5c\xa3\x71\x4f\x11\x9a\xbe\x94\
\xc9\x02\x4e\x5d\xf4\xb3\x36\x44\x38\xb1\x16\x49\xe8\xb4\x57\x36\
\xf8\x71\xce\x55\x6d\x77\xcb\xb4\xc5\x57\xcc\xeb\x8b\x5f\xb1\x8a\
\xea\x30\xdc\x4e\x41\x27\x84\x5c\x3e\x87\x1e\xc5\xcc\xb5\x9e\x50\
\xd2\x9c\xd2\x55\x3d\xa4\x6e\x1e\x12\x9b\x33\xdf\x54\x26\xb8\xde\
\x90\xcd\x5e\x38\xd7\xc8\x36\x77\x61\x64\xa7\x89\x93\xa8\x82\x03\
\x1f\x4d\x7e\xf3\xa2\x2d\x91\x93\x17\x88\x15\x3f\xea\x34\x34\x54\
\xa9\xc6\x90\xc6\x49\xef\xd2\xb0\xe8\x23\xde\x30\xea\x77\xde\x90\
\x13\xc5\x9a\x00\xa0\xae\x0d\xbb\xcb\xa8\x2b\xc7\xda\x08\xba\xae\
\xbb\x58\x8a\x6a\xb0\xab\x31\xb3\xf2\xb2\x6e\x7e\x34\x3b\x7e\x34\
\x63\xbf\xea\xa7\x1f\x2d\xaf\x34\x12\xf6\x42\x6b\xd1\xf6\xfd\xe1\
\xeb\xce\x7b\x2e\xb4\xd8\x2d\x6f\x2f\x47\xd0\x02\xea\x87\xdd\x40\
\x51\x44\xa1\x78\x17\xda\xf0\x16\xae\x1e\x81\xaa\xa3\x8b\x99\x70\
\xf2\x55\x5e\x7e\x29\x22\xeb\x9c\xda\x68\x49\xc2\x7f\x84\x14\x74\
\x42\xc8\x65\xb2\xe8\xf5\xb4\xb1\xc6\x45\xb8\xd9\xcc\x53\x51\x4d\
\xe7\xc4\x68\xf2\x9a\x48\x9d\xe8\xa4\xc6\x3f\xb6\xec\x21\x1e\x5f\
\xb2\xab\x01\x23\x88\x13\xb3\x9a\xc2\xe4\x5b\x88\x45\x92\x28\x75\
\x37\x34\xb1\x61\x44\xa8\x11\x20\x08\xbc\x94\x51\x00\x13\x44\xa5\
\x34\xd9\x26\x4e\xc6\x92\x86\x40\x96\x0b\x00\x23\xcd\x44\xbd\xd1\
\xed\xdc\x66\x5d\xfc\xfa\x89\x6a\xf1\x63\x47\x93\xc4\x74\x24\xc1\
\xad\x72\xef\x88\x13\xc3\xb4\xda\xc3\x2e\x6f\x2f\xf7\xb2\xcb\xcf\
\xa6\x3c\x57\xe5\xed\x1a\xed\x8d\xfb\x9a\x7f\x3f\xdc\xa5\x08\x9d\
\xf6\x72\x57\x60\x18\xf6\xba\xab\xdb\x8a\xdc\x0f\x8d\x71\x75\x2f\
\xf7\x78\xa1\x56\xa8\xab\xf2\x05\xca\x05\x82\x96\xbd\xf5\xd5\xa1\
\x80\xc3\xb0\xc8\xd1\x1f\x0e\xaa\x9e\xf2\xaa\x80\x1f\x32\xa7\xd5\
\x90\x96\x46\x7e\x43\xb9\xcf\x1f\x37\xd0\x41\x54\x72\xa7\x9c\x9e\
\x4a\x41\x27\x84\x5c\x3e\x3d\xf7\xd4\xa5\x62\x88\x5c\x6e\x9c\x38\
\x56\xba\x69\x23\x95\x58\x96\x61\xdd\xb2\x15\xa9\x86\xc7\x38\x04\
\x47\x58\x94\xee\xd0\xef\xe1\xba\x10\xe6\x95\x38\x31\xab\x36\xe1\
\x91\xc3\x96\xa8\x99\x4b\x3d\x00\xc4\x84\xbe\xf1\xc6\x46\x59\xf4\
\x56\x20\x89\xa9\x26\xb7\xc1\xfa\xdb\xd4\xf8\xc5\x85\x5f\x00\xf8\
\xef\x6a\xd0\x2c\x83\x5b\x13\x15\x68\x6a\x52\x39\xa3\xbc\xec\x27\
\xaf\x1a\x95\xf8\x45\xc5\xeb\x2f\x57\x67\x8e\x51\xe1\x6e\x6e\x39\
\x37\xf2\x17\xea\xed\x07\xad\x92\xff\x7c\xb8\x3c\xec\x7b\x8b\x0f\
\xa5\xe7\xb1\x60\xbb\x1c\xb9\x73\x18\x16\x5e\xd0\xf3\xc2\x0f\x63\
\x29\x5d\x75\x29\xee\xb9\xcb\x31\x0c\x53\xdd\xfc\xed\x5e\xd8\xe3\
\xb0\x7f\xe5\xd0\x5d\x51\xed\xbf\x97\xc7\x98\x24\x89\x3f\xb7\x61\
\x9e\x7a\x6f\x75\x15\xfd\x41\x1f\x85\x2b\x7c\xeb\xdf\xd0\xcf\x3d\
\x6e\x97\x5b\x2e\x70\x54\xeb\x45\x4b\x23\xa3\x3f\x9c\xf3\x24\x49\
\x98\x1f\x45\x41\x27\x84\x5c\x0e\xe2\xd2\x2e\x45\x70\xb9\xc6\xbb\
\x5f\x93\x1a\x08\x4c\x9d\xc8\x16\x9c\xb1\x77\xc3\x7e\x16\xb8\x13\
\xad\x76\xd7\x45\x04\xb6\x14\x56\x00\xfd\xe1\x20\x74\x16\xf3\xa3\
\x44\xf3\x62\x08\x29\x2c\x2c\x7c\x1d\xb3\x83\x56\x82\xa5\x55\xfb\
\x59\xad\xf6\xf2\x2b\x87\x5c\xbe\xa6\x11\x88\xb5\x90\xc4\x42\xd2\
\xf0\x95\x58\x48\xea\x85\x5c\x12\x03\xa4\x02\x24\x16\x48\xc2\x73\
\x12\x03\xb5\x02\x0d\x8e\xde\x19\xff\x1e\x30\x80\x58\xbf\x10\x71\
\x02\x38\x38\xdf\xe6\xd4\x18\x68\x08\x2f\xfb\xd1\xad\xfe\xb0\x9c\
\xe6\x55\x57\x3b\xa0\x00\xb4\x1c\xe0\xe2\x65\xaa\xd0\xc2\x2f\x74\
\xb4\xa1\x5c\x95\xeb\xaf\x1d\x78\x14\x19\x51\xad\x7a\x99\x57\x63\
\x51\x5d\x99\xb8\x56\x84\x2c\xf5\x30\x8a\xb5\x1c\xca\xe2\xfc\x64\
\xb5\x41\x1e\x86\xb2\xe4\x43\x0c\xc3\xf7\x41\x3e\x08\x99\xe8\xfe\
\xe7\xdc\xe5\xd5\xf0\x9d\xdc\x15\xd5\xc0\x16\x57\x04\x87\x1e\xb2\
\xdf\x21\x40\x11\x8e\xa3\x9e\xd4\xe6\xdd\xfd\x60\x30\xf4\x17\xe0\
\x24\x81\x42\x31\x18\x0e\xb1\xb2\xda\xc3\xf9\x8b\x17\x90\x26\x09\
\x92\x24\x0d\x6d\x66\x05\x26\xf4\x80\x4f\x12\x8b\x3a\xb1\xb0\x9e\
\x5f\x5f\xb8\xe0\xf6\xcb\xc5\x04\x94\x59\xee\x14\x74\x42\xc8\x6b\
\xe5\xab\x3f\xfc\xd6\xf6\x85\xd5\xa5\x4c\x52\x83\xa4\x9b\xa2\x35\
\xdd\x46\x6b\xb6\xeb\x0e\x3f\x7f\xe2\xd8\xe3\xc7\x9f\x9a\xbe\xd8\
\x5b\x40\x6f\xd0\x47\x3f\x5f\x45\x3f\xe9\x23\x1f\xcf\x31\x6c\x0d\
\xab\x10\xad\x2b\xe2\x39\xdd\x61\xcf\x75\xe8\x2a\x51\xd8\x3a\x36\
\x8b\x2d\x93\x1b\x80\xb6\x81\x4b\x81\xbe\x2d\x70\x6c\x78\x0e\xb2\
\x6b\x02\x17\xa5\xc0\x73\x4b\x47\x71\xe8\xd8\x59\xd8\x56\x86\x24\
\x0d\x99\xd3\x26\xda\xef\x36\xd2\x68\x25\x5a\xde\x6f\xaa\xa8\x80\
\xa9\xdc\xb9\x94\x02\x12\xc6\xa9\x9a\xc4\xd4\x4e\xde\x86\xf6\xb2\
\xd6\x34\xda\xc5\x9a\xd0\x83\xbc\xec\x27\x5e\xf6\x88\xaf\xde\x2b\
\x38\x47\xb1\xa6\x39\x74\x05\x75\x76\xbd\x1f\xde\x52\xba\x4f\x54\
\x49\x70\x95\x4b\x37\x23\x1b\xea\x71\x43\x15\xff\xa0\xaa\x57\x3b\
\x22\xf7\x5a\xcd\x35\x77\xce\xbf\xa6\xf3\x7b\xd7\x02\xf8\xb1\xaa\
\xe5\x3e\xb8\x73\x70\x85\x86\xef\x7e\xa1\x54\x14\x85\xff\x6c\xaa\
\x9f\xc3\x67\xe5\xfc\x48\x56\x0d\x91\x11\x2d\x5c\x3d\xd7\x5e\xbd\
\xd3\x76\x85\xf3\xe6\xd9\x39\x68\x88\xa6\x60\xc9\x61\x38\x18\x62\
\x75\x32\x87\x9d\x9a\xc1\xa1\xc1\x29\x4c\xd9\x8d\xc8\x13\xdf\x63\
\x60\x98\x3a\xfc\xe8\xf0\x73\x78\xec\x3b\xcf\x54\x7d\xe3\x6d\xe2\
\x7b\xbb\x27\x36\xa9\xc4\xbf\x1c\x18\x63\xa2\xe1\x3a\xc6\xf8\x6e\
\x73\xd6\x58\x64\x49\x86\x37\xed\xba\xfe\xec\xd9\x9d\xbd\xed\xdf\
\x3c\xf7\xa0\x5b\x9d\xef\xa1\x18\x3a\xb4\x26\xc6\x30\x39\x36\x99\
\xdf\x32\x7e\xf5\xb1\x56\xd6\xe2\x28\xb6\x9f\xd7\xc8\x20\x4f\x01\
\x21\x97\xc6\xf1\x53\x27\xba\x7f\xfc\xa5\xfb\x4f\xee\x3b\x7f\x64\
\x3c\x1d\x4b\x31\xb6\x69\x1c\x53\xdb\x67\x30\xb5\x6d\x06\xad\xc9\
\x0e\x56\x8b\xbe\xc0\xd6\x4e\x0a\x00\xb4\x50\x98\xc4\xc2\xe5\x05\
\x8c\x35\x95\x03\x77\x79\xe1\x05\x35\x31\x70\xb9\x17\xf4\x72\xfa\
\x9a\x40\x90\x18\x7f\x11\xcf\x5d\x8e\x22\x0a\xbd\x8b\x11\x68\x98\
\x1b\xee\x9c\xae\x33\xa0\x44\xea\x58\x77\x10\x3d\x0d\x59\xd7\xa5\
\xa0\x97\x02\x64\x12\xe3\xf7\xfd\xa3\x14\x78\x7f\x1c\x61\x0f\x3a\
\x1c\x13\x5c\x2d\x9e\x30\x02\xcd\x5d\xd8\x77\x97\xaa\xcf\x3b\x50\
\x27\xca\xb9\x90\xfc\x55\xdd\x1f\xf6\xb0\xcb\x45\x84\xcb\x8b\x7a\
\xc1\x21\xf1\x6b\xf8\x64\x40\x2f\x9a\xd1\xef\xd1\xf1\x57\x22\x1e\
\x35\xe0\x33\xd6\xd4\xc2\x1e\xcd\xc8\xa9\x9a\xe8\x08\xaa\xf3\x0b\
\x8d\x9b\xd8\x84\xb5\x82\x73\x3e\x0a\x60\xa3\xf3\xb1\x66\xc1\x80\
\x2a\x72\x50\x36\xfa\xa9\x44\x1c\x75\x68\xbc\x9a\xe7\x2e\xe2\x3f\
\xaf\xb2\x62\xc1\x18\xc0\x29\xda\x59\xcb\x2f\x2c\xc4\x2f\x0e\x06\
\x79\xee\x3f\x77\x6b\x51\xe4\x79\xd5\xe3\x46\x80\x68\xb1\x26\x28\
\x06\x79\xf5\xff\x8f\xff\xfc\x4d\xb5\xf8\x19\x6b\x77\xb5\xe8\xe7\
\x58\x3e\xbb\x88\xc5\x53\x0b\xe8\x2f\x0e\x31\xbe\x61\x03\xae\xda\
\xba\x73\xf8\x89\x4d\xef\xd8\xde\x6d\x75\xce\xf2\x5f\x2f\x1d\x3a\
\x21\x24\xc2\x39\xc5\x52\x6f\x25\x3b\xbb\x7c\x51\x32\x93\xa1\x28\
\x2c\xcc\x20\x43\xea\xba\x50\x24\xb0\x9d\x2c\x88\x1f\x60\xac\xbf\
\xd8\x6a\xa1\x10\x2b\xd0\xcc\x22\x9e\xd0\x62\xb3\x04\x80\xc0\x24\
\xfe\x42\xef\x72\xe7\x15\xc2\x08\xe0\x80\xc2\xf8\x30\xba\x64\x09\
\x4c\x5e\x00\xaa\x48\x5a\x69\x24\x68\x8a\x24\x08\x50\x15\x7d\x36\
\xb5\x78\x95\xca\x26\xc6\x54\x8e\x14\xf0\xaf\x51\x0c\x8b\x20\x18\
\x5e\xb4\x35\x8c\xfe\x2c\x45\xa2\x74\xca\x49\x59\x4e\x65\x8d\x77\
\xc0\xb9\x5f\x08\x48\xc7\x3b\xf1\x72\xd1\x62\xd3\x04\x2e\x34\xc0\
\x01\x80\x24\x08\x6c\x2d\xf4\x61\x7f\x3b\x08\x5c\x39\x85\x4c\x9d\
\xab\x05\x3b\xbc\x8f\xcb\x0b\x98\x2c\xad\x8a\xfa\x8c\x35\xd5\x42\
\xa6\x8c\xb3\x97\xe2\x06\x53\x2f\x8c\x24\x8a\xd2\xab\xaa\x3f\xe6\
\x70\x9e\xbc\x00\xd7\x89\x74\x18\x19\x4b\xaa\x4e\x1b\xc9\x78\xaa\
\xf5\x79\x2b\xb7\x3d\x10\x35\xc7\x69\xec\xf5\xab\x3f\x6e\x0d\xd1\
\x81\xea\x3e\xf1\x8b\xb9\x72\xa4\x6b\xf9\xb8\x81\x3a\x98\xb4\xfe\
\x3b\x5b\x9a\x54\x7b\xe4\x49\x3b\xad\xf3\x09\xa2\xf3\xa5\xaa\xb0\
\x63\xed\xe8\x0f\x44\xb5\x78\x13\x03\x0c\x34\x97\x41\x31\xc0\x8a\
\xeb\x63\x31\xef\x61\xb5\xc8\x21\x3a\x40\x5f\x8b\x84\xc9\xef\x14\
\x74\x42\xc8\x7a\xff\x78\xd2\x64\x70\xe5\xe6\xed\xff\x9f\x6d\xd9\
\xad\xb6\x9b\xa2\x3d\xde\xc6\xf8\xd4\x14\xba\xc9\x18\x5a\xa6\x03\
\xd1\x52\x38\x0c\x24\xad\xb3\x92\xab\xe4\xb7\xbc\xa8\x2f\xfe\xa5\
\x45\x0c\x62\x22\x6d\x41\x31\x28\xb0\x78\xf2\xfc\x8d\x47\x0e\x1f\
\x99\xed\x24\x19\x26\xc6\x26\xd0\xcf\x07\x98\x68\x8f\x61\x66\xd7\
\x96\x47\x15\xd2\x3b\xf2\xf4\xc1\xb7\x5f\x5c\x5a\x30\xe3\xad\x0e\
\x32\x93\x62\x58\xe4\xd8\xb6\x75\x6e\x25\xdb\x3a\xf1\x68\xb9\x80\
\x68\x64\xa8\x1b\x3f\x5f\x5d\xc5\x0b\xba\x41\x02\x58\x57\xf7\x61\
\x07\x80\x24\x84\xe9\x83\x1b\xaf\x9b\xd6\x94\x16\x38\x0c\x87\xb5\
\xae\x51\x8a\x07\x13\xbe\x17\x02\x45\x53\x74\xc5\x04\xe1\x31\x06\
\x75\x61\x9b\xd6\xc7\x15\x09\x6b\x29\xa0\x50\x85\x26\xda\xb8\x4f\
\x34\x74\xbe\x2b\x1b\xa8\x08\xfc\x63\xca\x6c\xf9\x14\xb5\x03\xb7\
\x66\x54\xad\x7d\x22\x5f\x1c\x81\x68\x8c\x5a\xf5\x89\x80\xe5\x22\
\xab\x74\xe7\x2e\xf7\x61\x7a\x24\x7e\x71\x25\xd6\x7f\x57\x68\xbd\
\xc0\x28\x03\x16\x89\x5f\x90\x2c\x9e\xb9\x70\xed\x8b\x2f\x1c\xdc\
\xd2\xb2\x19\xba\xad\x36\x86\x45\x8e\x8d\x13\x33\x98\xde\xbd\xe5\
\x51\x27\xda\x3b\xf2\xcc\xc1\xb7\x2d\x2e\x2f\xd9\xa9\xf6\x38\x92\
\x24\xf1\x9f\xdb\x96\xb9\x7e\x32\x37\xf6\x90\xcf\xb8\x77\x30\x62\
\xab\x45\x84\xaa\xfa\xf7\x57\xef\xe4\x1b\xcd\x00\xa2\xc9\x76\x70\
\x80\x49\x2c\xf2\x64\x80\xd5\x56\x0b\xb3\x63\x1d\x0c\x4d\x81\x76\
\x7b\x12\x1b\xed\xd8\x02\x8c\xac\xf0\x5f\x2e\x05\x9d\x10\x32\xc2\
\xd6\x8d\x9b\x73\x00\xf7\xfc\x38\xdf\xe3\xff\xfc\xbf\xfe\xed\x57\
\xcf\x3c\xf4\xdc\xfb\xb6\x6c\xd9\x8c\x4d\xdb\x2d\xf2\xa5\x65\xcc\
\xed\xda\x98\xdf\x31\x7b\xe3\xaf\x14\x45\xb1\xfc\xc7\x7f\xfd\xbd\
\x97\xce\x9d\x38\xda\xe9\x5e\x71\x05\x4c\xa7\x8b\x34\x77\xd8\x71\
\xeb\xb5\x8f\xbd\xff\xea\x0f\xbc\x9b\x9f\xd0\x4f\x8f\x7f\xf3\x07\
\xff\xfb\x03\x27\x1e\x7e\xea\x9e\xd9\xe9\x19\x74\xb7\x6c\x81\x29\
\x0a\xec\xba\x6d\x77\x7e\xc3\xf4\xf5\x1f\x37\xd6\x9c\xff\x3f\xfe\
\xfa\x7b\x47\x4f\x1e\x7d\xa9\x3b\x73\xfd\xf5\xe8\x8e\x8f\x21\xcf\
\x0b\xec\x7d\xe7\x8e\xfd\xb7\x5c\x75\x1b\x3f\x37\x72\xc9\x70\x0f\
\x9d\x90\x9f\x61\x5e\x3c\xf4\xe2\x96\x5e\xaf\x37\x99\xa6\x09\x26\
\xc6\xc7\x91\xe7\x05\xd2\x34\xcd\x37\x6d\xda\x72\x78\x61\xe1\xa2\
\x39\x7d\xfa\xd4\x95\x79\x9e\x9b\x76\xa7\x8d\x34\x4d\x51\xe4\x05\
\xa6\xa6\xa6\xce\xcf\xcc\xcc\x72\x9f\xf4\xa7\xc8\x81\x83\x07\x36\
\xaf\xae\xf6\xa6\xd2\x24\x45\xab\xd5\x82\xaa\x62\x6a\x6a\x2a\xef\
\x74\xbb\x87\x57\x57\x57\x71\xfa\xcc\x99\xab\xf3\xe1\xd0\x8c\x8d\
\x75\x91\x26\x29\x9c\x73\x98\x9d\x9d\xbd\xd8\xed\x8e\x9d\xe6\xd9\
\x23\x84\x10\x42\x08\x21\x84\x10\x42\x08\x21\x84\x10\x42\x08\x21\
\x84\x10\x42\x08\x21\x84\x10\x42\x08\x21\x84\x10\x42\x08\x21\x84\
\x10\x42\x08\x21\x84\x10\x42\x08\x21\x84\x10\x42\x08\x21\x84\x10\
\x42\x08\x21\x84\x10\x42\x08\x21\x84\x10\x42\x08\x21\x84\x10\x42\
\x08\x21\x84\x10\x42\x08\x21\x84\x10\x42\x08\x21\x84\x10\x42\x08\
\x21\x84\x10\x42\x08\x21\x84\x10\x42\x08\x21\x84\x10\x42\x08\x21\
\x84\x10\x42\x08\x21\x84\x10\x42\x08\x21\x84\x10\x42\x08\x21\x84\
\x10\x42\x08\x21\x84\x10\x42\x08\x21\x84\x10\x42\x08\x21\x84\x10\
\x42\x08\x21\x84\x10\x42\x08\x21\x84\x10\x42\x08\x21\x84\x10\x42\
\x08\x21\x84\x10\x42\x08\x21\x84\x10\x42\x08\x21\x84\x10\x42\x08\
\x21\x84\x10\x42\x08\x21\x84\x10\x42\x08\x21\x84\x10\x42\x08\x21\
\x84\x10\x42\x08\x21\x84\x10\x42\x08\x21\x84\x10\x42\x08\x21\x84\
\x10\x42\x08\x21\x84\x10\x42\x08\x21\x84\x10\x42\x08\x21\x84\x10\
\x42\x08\x21\x84\x10\x42\x08\x21\x84\x10\x42\x08\x21\x84\x10\x42\
\x08\x21\x84\x10\x42\x08\x21\x84\x10\x42\x08\x21\x84\x10\x42\x08\
\x21\x84\x10\x42\x08\x21\x84\x10\x42\x08\x21\x84\x10\x42\x08\x21\
\x84\x10\x42\x08\x21\x84\x10\x42\x08\x21\x84\x10\x42\x08\x21\x84\
\x10\x42\x08\x21\x84\x10\x42\x08\x21\x84\x10\x42\x08\x21\x84\x10\
\x42\x08\x21\x84\x10\x42\x08\x21\x84\x10\x42\x08\x21\x84\x10\x42\
\x08\x21\x84\x10\x42\x08\x21\x84\x10\x42\x08\x21\x84\x10\x42\x08\
\x21\x84\x10\x42\x08\x21\x84\x10\x42\x08\x21\x84\x10\x42\x08\x21\
\x84\x10\x42\x08\x21\x84\x10\x42\x08\x21\x84\x10\x42\x08\x21\x84\
\x10\x42\x08\x21\x84\x10\x42\x08\x21\x84\x10\x42\x08\x21\x84\x10\
\x42\x08\x21\x84\x10\x42\x08\x21\x84\x10\x42\x08\x21\x84\x10\x42\
\x08\x21\x84\x10\x42\x08\x21\x84\x10\x42\x08\x21\x84\x10\x42\x08\
\x21\x84\x90\x37\x24\xff\x3f\x1e\x81\x2d\xe4\x54\xc0\xd7\x15\x00\
\x00\x00\x00\x49\x45\x4e\x44\xae\x42\x60\x82\
"

qt_resource_name = b"\
\x00\x09\
\x0a\x6c\x78\x43\
\x00\x72\
\x00\x65\x00\x73\x00\x6f\x00\x75\x00\x72\x00\x63\x00\x65\x00\x73\
\x00\x09\
\x0a\xcb\xb7\xc7\
\x00\x69\
\x00\x6e\x00\x64\x00\x65\x00\x78\x00\x2e\x00\x70\x00\x6e\x00\x67\
\x00\x0c\
\x0f\x43\xef\x87\
\x00\x36\
\x00\x64\x00\x6f\x00\x66\x00\x5f\x00\x72\x00\x67\x00\x62\x00\x2e\x00\x70\x00\x6e\x00\x67\
"

qt_resource_struct_v1 = b"\
\x00\x00\x00\x00\x00\x02\x00\x00\x00\x01\x00\x00\x00\x01\
\x00\x00\x00\x00\x00\x02\x00\x00\x00\x02\x00\x00\x00\x02\
\x00\x00\x00\x18\x00\x00\x00\x00\x00\x01\x00\x00\x00\x00\
\x00\x00\x00\x30\x00\x00\x00\x00\x00\x01\x00\x00\x00\xb4\
"

qt_resource_struct_v2 = b"\
\x00\x00\x00\x00\x00\x02\x00\x00\x00\x01\x00\x00\x00\x01\
\x00\x00\x00\x00\x00\x00\x00\x00\
\x00\x00\x00\x00\x00\x02\x00\x00\x00\x02\x00\x00\x00\x02\
\x00\x00\x00\x00\x00\x00\x00\x00\
\x00\x00\x00\x18\x00\x00\x00\x00\x00\x01\x00\x00\x00\x00\
\x00\x00\x01\x94\x49\xdd\x86\x03\
\x00\x00\x00\x30\x00\x00\x00\x00\x00\x01\x00\x00\x00\xb4\
\x00\x00\x01\x93\x09\x87\x3a\xd2\
"

qt_version = [int(v) for v in QtCore.qVersion().split('.')]
if qt_version < [5, 8, 0]:
    rcc_version = 1
    qt_resource_struct = qt_resource_struct_v1
else:
    rcc_version = 2
    qt_resource_struct = qt_resource_struct_v2

def qInitResources():
    QtCore.qRegisterResourceData(rcc_version, qt_resource_struct, qt_resource_name, qt_resource_data)

def qCleanupResources():
    QtCore.qUnregisterResourceData(rcc_version, qt_resource_struct, qt_resource_name, qt_resource_data)

qInitResources()
