# v5 session 2026-08-07_11-50-25 pid=5237
11:50:31 [v4][main] starting custom_sortingv5
11:50:31 [v4][init] constructing node 'custom_sortingv5'
11:50:31 [v4][init] config_path=/home/ubuntu/ros2_ws/src/stepper/config/ (CHASSIS_TYPE='Slide_Rails')
11:50:31 [v4][init] waiting for kinematics/set_pose_target service...
11:50:32 [v4][init] kinematics/set_pose_target ready
11:50:32 [v4][init] bus_servo/get_state ready (full feedback enabled)
11:50:32 [v4][inference] worker thread starting
11:50:32 [v4][engine-load] starting load: /home/ubuntu/third_party_ros2/data/scaff_cube_best.engine
11:50:32 [v4][init] inference worker started (engine=/home/ubuntu/third_party_ros2/data/scaff_cube_best.engine)
11:50:32 [v4][init] camera subscriptions created (always-on) - topic /depth_cam/rgb/image_raw + camera_info
11:50:32 [v4][init] depth subscribed (candidate): /depth_cam/depth_to_color
11:50:32 [v4][init] depth subscribed (candidate): /depth_cam/depth/image_raw
11:50:32 [v4][main] spinning executor (4 threads)
11:50:32 [v4][startup] spawning sorting + transport threads
11:50:32 [v4][camera] first camera_info received: fx=453.0 fy=453.0 cx=328.3 cy=243.4
11:50:32 [v4][sorting-loop] thread started, waiting for enter+frames
11:50:32 [v4][svc] set_target red=True
11:50:32 [v4][camera] depth source = /depth_cam/depth/image_raw (colour-aligned=False)
11:50:32 [v4][svc] set_target green=True
11:50:32 [v4][svc] set_target blue=True
11:50:32 [v4][svc] set_target scaff=True
11:50:32 [v4][camera] FIRST DEPTH FRAME on /depth_cam/depth/image_raw: shape=(400, 640) dtype=uint16
11:50:32 [v4][init] captured endpoint pose t=[0.1271, 0.0000, 0.1821]
11:50:32 [v4][startup] v4 init finish
11:50:32 [v4][camera] FIRST FRAME received: (480, 640, 3) enc=rgb8
11:50:32 [v4][engine-load] YOLO() constructed in 0.11s task=obb (raw='obb', override='obb')
11:50:33 [v4][svc] enable_sorting -> False
11:50:33 [v4][init] depth->color TF resolved + composed into hand2cam
11:50:35 [v4][publish] first frame published: shape=(480, 640, 3) step=1920 contig=True qos=reliable/depth10 topic=/custom_sortingv5/image_result
11:50:35 [v4][engine-load] warmup pass done in 2.78s
11:50:35 [v4][engine-load] engine active: /home/ubuntu/third_party_ros2/data/scaff_cube_best.engine (total load 2.89s, swap #1)
11:50:35 [v4][engine-load] class names from model.names: ['scaff', 'light blue cube', 'dark blue cube', 'red cube', 'green cube']
11:50:35 [v4][inference] first inference complete (47 ms)
11:50:35 [v4][sorting-loop] first inference result reached the loop
11:50:35 [v4][roi] reading transform.yaml from /home/ubuntu/ros2_ws/src/stepper/config/transform.yaml
11:50:35 [v4][roi]   loaded plane: [-0.0034594295448868296, -0.08463774716902761, -0.9964057828522352, 0.21475674481696266]
11:50:35 [v4][roi]   yaml loaded: extristric.shape=(4, 3) corners.shape=(5, 3) white_area_center.shape=(4, 4)
11:50:35 [v4][roi]   intrinsic ready after 0.00s (shape=(3, 3)) distortion.shape=(8,)
11:50:35 [v4][roi]   extrinsic plane shift done
11:50:35 [v4][roi]   projected 4 corners to image pixels
11:50:35 [v4][roi]   computed roi (y=79..403 x=164..572) on intrinsic shape=(3, 3)
11:50:35 [v4][sorting-loop] ROI built - detection branch is now live
11:50:37 [v4][heartbeat] enter=False sorting=False cam=LIVE ai=LIVE cam_fps=46.2 pub_fps=13.4 frames=231 result_subs=1 roi=ok intrinsic=ok inference_age_ms=140 target=none transport=False sorting_thread=alive
11:50:42 [v4][heartbeat] enter=False sorting=False cam=LIVE ai=LIVE cam_fps=56.4 pub_fps=30.2 frames=513 result_subs=1 roi=ok intrinsic=ok inference_age_ms=131 target=none transport=False sorting_thread=alive
11:50:47 [v4][heartbeat] enter=False sorting=False cam=LIVE ai=LIVE cam_fps=54.0 pub_fps=30.4 frames=783 result_subs=1 roi=ok intrinsic=ok inference_age_ms=100 target=none transport=False sorting_thread=alive
11:50:52 [v4][heartbeat] enter=False sorting=False cam=LIVE ai=LIVE cam_fps=57.4 pub_fps=30.2 frames=1070 result_subs=1 roi=ok intrinsic=ok inference_age_ms=66 target=none transport=False sorting_thread=alive
11:50:55 [v4][enter] enter requested (camera subs were already alive)
11:50:55 [v4][svc] enable_sorting -> True
11:50:55 [v4][roi] reading transform.yaml from /home/ubuntu/ros2_ws/src/stepper/config/transform.yaml
11:50:55 [v4][roi]   loaded plane: [-0.0034594295448868296, -0.08463774716902761, -0.9964057828522352, 0.21475674481696266]
11:50:55 [v4][roi]   yaml loaded: extristric.shape=(4, 3) corners.shape=(5, 3) white_area_center.shape=(4, 4)
11:50:55 [v4][roi]   intrinsic ready after 0.00s (shape=(3, 3)) distortion.shape=(8,)
11:50:55 [v4][roi]   extrinsic plane shift done
11:50:55 [v4][roi]   projected 4 corners to image pixels
11:50:55 [v4][roi]   computed roi (y=79..403 x=164..572) on intrinsic shape=(3, 3)
11:50:55 [v4][sorting-loop] ROI built - detection branch is now live
11:50:56 [v4][sorting-loop] LOCKED on red cube pixel=(231, 259) world=(0.182,0.045,0.025)
11:50:56 [v4][sorting-loop] TRACK red cube e_dist=0.0057 (thresh=0.005) still=0/10 move=1/10
11:50:57 [v4][heartbeat] enter=True sorting=True cam=LIVE ai=LIVE cam_fps=49.4 pub_fps=30.4 frames=1317 result_subs=1 roi=ok intrinsic=ok inference_age_ms=115 target=red cube transport=False sorting_thread=alive
11:50:58 [v4][sorting-loop] FIRING TRANSPORT label=red cube pos=(0.228,0.059,0.025) yaw=560
11:50:58 [v4][transport] BEGIN pick red cube at (0.228,0.063,0.090) yaw_pulse=560
11:50:58 [v4][motion] base reached 564 after 1 extra wait(s)
11:50:59 [v4][pick] descend obj_top_z=0.090 grab_depth=0.020 -> z=0.070 (worldpos=legacy/table)
11:51:01 [v4][motion] base reached 500 after 1 extra wait(s)
11:51:02 [v4][pick] pick red cube complete (standard)
11:51:02 [v4][transport] pick OK in 4.13s
11:51:02 [v4][place] 'red cube': replaying taught posture [817, 373, 167, 289, 465] (base first, verified)
11:51:02 [v4][heartbeat] enter=True sorting=True cam=LIVE ai=LIVE cam_fps=56.9 pub_fps=30.4 frames=1602 result_subs=1 roi=ok intrinsic=ok inference_age_ms=121 target=red cube transport=True sorting_thread=alive
11:51:03 [v4][motion] base reached 817 after 1 extra wait(s)
11:51:04 [v4][place] 'red cube': at taught posture - releasing
11:51:05 [v4][transport] place OK in 2.97s
11:51:06 [v4][sorting-loop] LOCKED on green cube pixel=(618, 441) world=(0.112,-0.117,0.025)
11:51:06 [v4][sorting-loop] LOCKED on red cube pixel=(215, 140) world=(0.232,0.055,0.025)
11:51:07 [v4][heartbeat] enter=True sorting=True cam=LIVE ai=LIVE cam_fps=54.9 pub_fps=30.2 frames=1876 result_subs=1 roi=ok intrinsic=ok inference_age_ms=57 target=red cube transport=False sorting_thread=alive
11:51:07 [v4][sorting-loop] FIRING TRANSPORT label=red cube pos=(0.232,0.055,0.025) yaw=551
11:51:08 [v4][transport] BEGIN pick red cube at (0.232,0.059,0.090) yaw_pulse=551
11:51:08 [v4][motion] base reached 559 after 1 extra wait(s)
11:51:09 [v4][pick] descend obj_top_z=0.090 grab_depth=0.020 -> z=0.070 (worldpos=legacy/table)
11:51:11 [v4][motion] base reached 500 after 1 extra wait(s)
11:51:12 [v4][pick] pick red cube complete (standard)
11:51:12 [v4][transport] pick OK in 4.13s
11:51:12 [v4][place] 'red cube': replaying taught posture [817, 373, 167, 289, 465] (base first, verified)
11:51:12 [v4][heartbeat] enter=True sorting=True cam=LIVE ai=LIVE cam_fps=54.1 pub_fps=30.4 frames=2147 result_subs=1 roi=ok intrinsic=ok inference_age_ms=58 target=red cube transport=True sorting_thread=alive
11:51:13 [v4][motion] base reached 817 after 1 extra wait(s)
11:51:14 [v4][place] 'red cube': at taught posture - releasing
11:51:15 [v4][transport] place OK in 3.03s
11:51:16 [v4][sorting-loop] LOCKED on green cube pixel=(610, 429) world=(0.117,-0.114,0.025)
11:51:16 [v4][sorting-loop] LOCKED on green cube pixel=(519, 355) world=(0.146,-0.076,0.025)
11:51:16 [v4][sorting-loop] TRACK green cube e_dist=0.0000 (thresh=0.005) still=2/10 move=0/10
11:51:17 [v4][sorting-loop] FIRING TRANSPORT label=green cube pos=(0.147,-0.071,0.025) yaw=393
11:51:17 [v4][transport] BEGIN pick green cube at (0.147,-0.076,0.080) yaw_pulse=393
11:51:17 [v4][motion] base reached 385 after 1 extra wait(s)
11:51:17 [v4][heartbeat] enter=True sorting=True cam=LIVE ai=LIVE cam_fps=57.0 pub_fps=30.2 frames=2432 result_subs=1 roi=ok intrinsic=ok inference_age_ms=87 target=green cube transport=True sorting_thread=alive
11:51:18 [v4][pick] descend obj_top_z=0.080 grab_depth=0.020 -> z=0.060 (worldpos=legacy/table)
11:51:20 [v4][motion] base reached 500 after 1 extra wait(s)
11:51:21 [v4][pick] pick green cube complete (standard)
11:51:21 [v4][transport] pick OK in 4.11s
11:51:22 [v4][motion] base reached 881 after 1 extra wait(s)
11:51:22 [v4][heartbeat] enter=True sorting=True cam=LIVE ai=LIVE cam_fps=55.0 pub_fps=30.4 frames=2707 result_subs=1 roi=ok intrinsic=ok inference_age_ms=80 target=green cube transport=True sorting_thread=alive
11:51:24 [v4][transport] place OK in 3.14s
11:51:25 [v4][sorting-loop] LOCKED on red cube pixel=(26, 246) world=(0.184,0.132,0.025)
11:51:25 [v4][sorting-loop] LOCKED on green cube pixel=(513, 337) world=(0.153,-0.073,0.025)
11:51:25 [v4][sorting-loop] TRACK green cube e_dist=0.0000 (thresh=0.005) still=1/10 move=0/10
11:51:26 [v4][sorting-loop] TRACK green cube e_dist=0.0000 (thresh=0.005) still=10/10 move=0/10
11:51:26 [v4][sorting-loop] FIRING TRANSPORT label=green cube pos=(0.153,-0.073,0.025) yaw=395
11:51:26 [v4][transport] BEGIN pick green cube at (0.153,-0.078,0.080) yaw_pulse=395
11:51:27 [v4][motion] base reached 388 after 1 extra wait(s)
11:51:27 [v4][heartbeat] enter=True sorting=True cam=LIVE ai=LIVE cam_fps=56.2 pub_fps=30.2 frames=2988 result_subs=1 roi=ok intrinsic=ok inference_age_ms=103 target=green cube transport=True sorting_thread=alive
11:51:28 [v4][pick] descend obj_top_z=0.080 grab_depth=0.020 -> z=0.060 (worldpos=legacy/table)
11:51:30 [v4][motion] base reached 500 after 1 extra wait(s)
11:51:30 [v4][pick] pick green cube complete (standard)
11:51:30 [v4][transport] pick OK in 4.12s
11:51:31 [v4][motion] base reached 881 after 1 extra wait(s)
11:51:32 [v4][heartbeat] enter=True sorting=True cam=LIVE ai=LIVE cam_fps=57.8 pub_fps=30.4 frames=3277 result_subs=1 roi=ok intrinsic=ok inference_age_ms=62 target=green cube transport=True sorting_thread=alive
11:51:33 [v4][transport] place OK in 3.17s
11:51:34 [v4][sorting-loop] LOCKED on green cube pixel=(624, 436) world=(0.114,-0.120,0.025)
11:51:34 [v4][sorting-loop] LOCKED on green cube pixel=(526, 318) world=(0.161,-0.079,0.025)
11:51:34 [v4][sorting-loop] LOCKED on red cube pixel=(213, 148) world=(0.229,0.055,0.025)
11:51:35 [v4][sorting-loop] FIRING TRANSPORT label=red cube pos=(0.229,0.055,0.025) yaw=560
11:51:36 [v4][transport] BEGIN pick red cube at (0.229,0.059,0.090) yaw_pulse=560
11:51:36 [v4][motion] base reached 560 after 1 extra wait(s)
11:51:37 [v4][pick] descend obj_top_z=0.090 grab_depth=0.020 -> z=0.070 (worldpos=legacy/table)
11:51:37 [v4][heartbeat] enter=True sorting=True cam=LIVE ai=LIVE cam_fps=53.4 pub_fps=30.2 frames=3544 result_subs=1 roi=ok intrinsic=ok inference_age_ms=95 target=red cube transport=True sorting_thread=alive
11:51:39 [v4][motion] base reached 500 after 1 extra wait(s)
11:51:40 [v4][pick] pick red cube complete (standard)
11:51:40 [v4][transport] pick OK in 4.13s
11:51:40 [v4][place] 'red cube': replaying taught posture [817, 373, 167, 289, 465] (base first, verified)
11:51:41 [v4][motion] base reached 817 after 1 extra wait(s)
11:51:41 [v4][place] 'red cube': at taught posture - releasing
11:51:42 [v4][heartbeat] enter=True sorting=True cam=LIVE ai=LIVE cam_fps=57.0 pub_fps=30.4 frames=3829 result_subs=1 roi=ok intrinsic=ok inference_age_ms=84 target=red cube transport=True sorting_thread=alive
11:51:43 [v4][transport] place OK in 3.01s
11:51:44 [v4][sorting-loop] LOCKED on green cube pixel=(540, 321) world=(0.160,-0.085,0.025)
11:51:44 [v4][sorting-loop] LOCKED on green cube pixel=(508, 308) world=(0.165,-0.071,0.025)
11:51:44 [v4][sorting-loop] TRACK green cube e_dist=0.0000 (thresh=0.005) still=3/10 move=0/10
11:51:45 [v4][sorting-loop] FIRING TRANSPORT label=green cube pos=(0.165,-0.071,0.025) yaw=403
11:51:45 [v4][transport] BEGIN pick green cube at (0.165,-0.076,0.080) yaw_pulse=403
11:51:45 [v4][motion] base reached 396 after 1 extra wait(s)
11:51:46 [v4][pick] descend obj_top_z=0.080 grab_depth=0.020 -> z=0.060 (worldpos=legacy/table)
11:51:47 [v4][heartbeat] enter=True sorting=True cam=LIVE ai=LIVE cam_fps=54.0 pub_fps=30.2 frames=4099 result_subs=1 roi=ok intrinsic=ok inference_age_ms=96 target=green cube transport=True sorting_thread=alive
11:51:49 [v4][motion] base reached 500 after 1 extra wait(s)
11:51:49 [v4][pick] pick green cube complete (standard)
11:51:49 [v4][transport] pick OK in 4.11s
11:51:50 [v4][motion] base reached 881 after 1 extra wait(s)
11:51:52 [v4][transport] place OK in 3.18s
11:51:52 [v4][heartbeat] enter=True sorting=True cam=LIVE ai=LIVE cam_fps=56.8 pub_fps=30.4 frames=4383 result_subs=1 roi=ok intrinsic=ok inference_age_ms=102 target=green cube transport=True sorting_thread=alive
11:51:53 [v4][sorting-loop] LOCKED on green cube pixel=(39, 342) world=(0.145,0.123,0.025)
11:51:56 [v4][sorting-loop] LOCKED on green cube pixel=(151, 423) world=(0.113,0.075,0.025)
11:51:56 [v4][sorting-loop] LOCKED on green cube pixel=(178, 391) world=(0.126,0.065,0.025)
11:51:57 [v4][heartbeat] enter=True sorting=True cam=LIVE ai=LIVE cam_fps=57.6 pub_fps=30.2 frames=4671 result_subs=1 roi=ok intrinsic=ok inference_age_ms=102 target=green cube transport=False sorting_thread=alive
11:51:58 [v4][sorting-loop] LOCKED on green cube pixel=(193, 371) world=(0.135,0.059,0.025)
11:51:58 [v4][sorting-loop] TRACK green cube e_dist=0.0000 (thresh=0.005) still=8/10 move=0/10
11:51:59 [v4][sorting-loop] FIRING TRANSPORT label=green cube pos=(0.139,0.059,0.025) yaw=574
11:51:59 [v4][transport] BEGIN pick green cube at (0.139,0.063,0.080) yaw_pulse=574
11:51:59 [v4][motion] base reached 601 after 1 extra wait(s)
11:52:00 [v4][pick] descend obj_top_z=0.080 grab_depth=0.020 -> z=0.060 (worldpos=legacy/table)
11:52:02 [v4][heartbeat] enter=True sorting=True cam=LIVE ai=LIVE cam_fps=53.0 pub_fps=30.4 frames=4936 result_subs=1 roi=ok intrinsic=ok inference_age_ms=64 target=green cube transport=True sorting_thread=alive
11:52:02 [v4][motion] base reached 500 after 1 extra wait(s)
11:52:03 [v4][pick] pick green cube complete (standard)
11:52:03 [v4][transport] pick OK in 4.12s
11:52:04 [v4][motion] base reached 881 after 1 extra wait(s)
11:52:06 [v4][transport] place OK in 3.15s
11:52:07 [v4][sorting-loop] LOCKED on green cube pixel=(399, 369) world=(0.138,-0.026,0.025)
11:52:07 [v4][sorting-loop] LOCKED on green cube pixel=(282, 376) world=(0.134,0.022,0.025)
11:52:07 [v4][sorting-loop] LOCKED on green cube pixel=(222, 399) world=(0.124,0.047,0.025)
11:52:07 [v4][heartbeat] enter=True sorting=True cam=LIVE ai=LIVE cam_fps=57.8 pub_fps=30.2 frames=5225 result_subs=1 roi=ok intrinsic=ok inference_age_ms=99 target=none transport=False sorting_thread=alive
11:52:07 [v4][sorting-loop] LOCKED on green cube pixel=(221, 386) world=(0.129,0.047,0.025)
11:52:07 [v4][sorting-loop] LOCKED on green cube pixel=(231, 327) world=(0.153,0.044,0.025)
11:52:08 [v4][sorting-loop] FIRING TRANSPORT label=green cube pos=(0.155,0.043,0.025) yaw=535
11:52:08 [v4][transport] BEGIN pick green cube at (0.155,0.046,0.080) yaw_pulse=535
11:52:09 [v4][motion] base reached 568 after 1 extra wait(s)
11:52:10 [v4][pick] descend obj_top_z=0.080 grab_depth=0.020 -> z=0.060 (worldpos=legacy/table)
11:52:12 [v4][motion] base reached 500 after 1 extra wait(s)
11:52:12 [v4][heartbeat] enter=True sorting=True cam=LIVE ai=LIVE cam_fps=56.4 pub_fps=30.4 frames=5507 result_subs=1 roi=ok intrinsic=ok inference_age_ms=112 target=green cube transport=True sorting_thread=alive
11:52:12 [v4][pick] pick green cube complete (standard)
11:52:12 [v4][transport] pick OK in 4.10s
11:52:13 [v4][motion] base reached 881 after 1 extra wait(s)
11:52:16 [v4][transport] place OK in 3.16s
11:52:17 [v4][sorting-loop] LOCKED on scaff pixel=(490, 258) world=(0.186,-0.063,0.025)
11:52:17 [v4][sorting-loop] LOCKED on scaff pixel=(358, 242) world=(0.191,-0.008,0.025)
11:52:17 [v4][heartbeat] enter=True sorting=True cam=LIVE ai=LIVE cam_fps=54.6 pub_fps=30.2 frames=5780 result_subs=1 roi=ok intrinsic=ok inference_age_ms=45 target=scaff transport=False sorting_thread=alive
11:52:18 [v4][sorting-loop] FIRING TRANSPORT label=scaff pos=(0.191,-0.008,0.025) yaw=727
11:52:18 [v4][transport] BEGIN pick scaff at (0.191,-0.008,0.080) yaw_pulse=727
11:52:19 [v4][pick] descend obj_top_z=0.080 grab_depth=0.020 -> z=0.060 (worldpos=legacy/table)
11:52:21 [v4][pick] pick scaff complete (standard)
11:52:21 [v4][transport] pick OK in 3.59s
11:52:22 [v4][heartbeat] enter=True sorting=True cam=LIVE ai=LIVE cam_fps=57.6 pub_fps=30.4 frames=6068 result_subs=1 roi=ok intrinsic=ok inference_age_ms=161 target=scaff transport=True sorting_thread=alive
11:52:23 [v4][motion] base reached 987 after 1 extra wait(s)
11:52:25 [v4][transport] place OK in 3.39s
11:52:26 [v4][sorting-loop] LOCKED on red cube pixel=(293, 124) world=(0.240,0.022,0.025)
11:52:27 [v4][heartbeat] enter=True sorting=True cam=LIVE ai=LIVE cam_fps=53.8 pub_fps=30.2 frames=6337 result_subs=1 roi=ok intrinsic=ok inference_age_ms=93 target=none transport=False sorting_thread=alive
11:52:29 [v4][sorting-loop] LOCKED on scaff pixel=(166, 447) world=(0.104,0.069,0.025)
11:52:29 [v4][sorting-loop] LOCKED on scaff pixel=(237, 339) world=(0.148,0.042,0.025)
11:52:30 [v4][sorting-loop] LOCKED on scaff pixel=(253, 301) world=(0.164,0.036,0.025)
11:52:30 [v4][sorting-loop] LOCKED on scaff pixel=(444, 191) world=(0.213,-0.043,0.025)
11:52:31 [v4][sorting-loop] TRACK scaff e_dist=0.0008 (thresh=0.005) still=9/10 move=0/10
11:52:31 [v4][sorting-loop] FIRING TRANSPORT label=scaff pos=(0.173,0.019,0.025) yaw=775
11:52:31 [v4][transport] BEGIN pick scaff at (0.173,0.020,0.080) yaw_pulse=775
11:52:32 [v4][motion] base reached 527 after 1 extra wait(s)
11:52:32 [v4][heartbeat] enter=True sorting=True cam=LIVE ai=LIVE cam_fps=54.8 pub_fps=30.4 frames=6611 result_subs=1 roi=ok intrinsic=ok inference_age_ms=59 target=scaff transport=True sorting_thread=alive
11:52:33 [v4][pick] descend obj_top_z=0.080 grab_depth=0.020 -> z=0.060 (worldpos=legacy/table)
11:52:35 [v4][motion] base reached 500 after 1 extra wait(s)
11:52:36 [v4][pick] pick scaff complete (standard)
11:52:36 [v4][transport] pick OK in 4.12s
11:52:37 [v4][motion] base reached 987 after 1 extra wait(s)
11:52:37 [v4][heartbeat] enter=True sorting=True cam=LIVE ai=LIVE cam_fps=55.0 pub_fps=30.2 frames=6886 result_subs=1 roi=ok intrinsic=ok inference_age_ms=87 target=scaff transport=True sorting_thread=alive
11:52:39 [v4][transport] place OK in 3.35s
11:52:40 [v4][sorting-loop] LOCKED on red cube pixel=(188, 154) world=(0.226,0.066,0.025)
11:52:40 [v4][sorting-loop] LOCKED on scaff pixel=(544, 279) world=(0.178,-0.086,0.025)
11:52:40 [v4][sorting-loop] LOCKED on scaff pixel=(302, 273) world=(0.177,0.016,0.025)
11:52:41 [v4][sorting-loop] TRACK scaff e_dist=0.0012 (thresh=0.005) still=4/10 move=0/10
11:52:42 [v4][sorting-loop] FIRING TRANSPORT label=scaff pos=(0.202,-0.027,0.025) yaw=622
11:52:42 [v4][transport] BEGIN pick scaff at (0.202,-0.029,0.080) yaw_pulse=622
11:52:42 [v4][heartbeat] enter=True sorting=True cam=LIVE ai=LIVE cam_fps=54.8 pub_fps=30.4 frames=7160 result_subs=1 roi=ok intrinsic=ok inference_age_ms=44 target=scaff transport=True sorting_thread=alive
11:52:43 [v4][motion] base reached 466 after 1 extra wait(s)
11:52:44 [v4][pick] descend obj_top_z=0.080 grab_depth=0.020 -> z=0.060 (worldpos=legacy/table)
11:52:46 [v4][motion] base reached 500 after 1 extra wait(s)
11:52:46 [v4][pick] pick scaff complete (standard)
11:52:46 [v4][transport] pick OK in 4.12s
11:52:47 [v4][heartbeat] enter=True sorting=True cam=LIVE ai=LIVE cam_fps=57.3 pub_fps=30.2 frames=7447 result_subs=1 roi=ok intrinsic=ok inference_age_ms=110 target=scaff transport=True sorting_thread=alive
11:52:48 [v4][motion] base reached 987 after 1 extra wait(s)
11:52:50 [v4][transport] place OK in 3.37s
11:52:51 [v4][sorting-loop] LOCKED on scaff pixel=(481, 274) world=(0.179,-0.060,0.025)
11:52:51 [v4][sorting-loop] LOCKED on scaff pixel=(300, 277) world=(0.175,0.016,0.025)
11:52:52 [v4][sorting-loop] FIRING TRANSPORT label=scaff pos=(0.170,0.022,0.025) yaw=419
11:52:52 [v4][transport] BEGIN pick scaff at (0.170,0.024,0.080) yaw_pulse=419
11:52:52 [v4][heartbeat] enter=True sorting=True cam=LIVE ai=LIVE cam_fps=53.0 pub_fps=30.4 frames=7712 result_subs=1 roi=ok intrinsic=ok inference_age_ms=74 target=scaff transport=True sorting_thread=alive
11:52:53 [v4][motion] base reached 532 after 1 extra wait(s)
11:52:54 [v4][pick] descend obj_top_z=0.080 grab_depth=0.020 -> z=0.060 (worldpos=legacy/table)
11:52:56 [v4][motion] base reached 500 after 1 extra wait(s)
11:52:56 [v4][pick] pick scaff complete (standard)
11:52:56 [v4][transport] pick OK in 4.13s
11:52:57 [v4][heartbeat] enter=True sorting=True cam=LIVE ai=LIVE cam_fps=57.8 pub_fps=30.2 frames=8001 result_subs=1 roi=ok intrinsic=ok inference_age_ms=78 target=scaff transport=True sorting_thread=alive
11:52:57 [v4][motion] base reached 987 after 1 extra wait(s)
11:53:00 [v4][transport] place OK in 3.36s
11:53:02 [v4][svc] enable_sorting -> False
11:53:02 [v4][heartbeat] enter=True sorting=False cam=LIVE ai=LIVE cam_fps=52.9 pub_fps=30.4 frames=8266 result_subs=1 roi=ok intrinsic=ok inference_age_ms=71 target=none transport=False sorting_thread=alive
11:53:07 [v4][heartbeat] enter=True sorting=False cam=LIVE ai=LIVE cam_fps=55.0 pub_fps=30.2 frames=8541 result_subs=1 roi=ok intrinsic=ok inference_age_ms=130 target=none transport=False sorting_thread=alive
11:53:12 [v4][heartbeat] enter=True sorting=False cam=LIVE ai=LIVE cam_fps=57.8 pub_fps=30.4 frames=8830 result_subs=1 roi=ok intrinsic=ok inference_age_ms=51 target=none transport=False sorting_thread=alive
11:53:13 [v4][enter] enter requested (camera subs were already alive)
11:53:13 [v4][roi] reading transform.yaml from /home/ubuntu/ros2_ws/src/stepper/config/transform.yaml
11:53:13 [v4][svc] enable_sorting -> True
11:53:13 [v4][roi]   loaded plane: [-0.0034594295448868296, -0.08463774716902761, -0.9964057828522352, 0.21475674481696266]
11:53:13 [v4][roi]   yaml loaded: extristric.shape=(4, 3) corners.shape=(5, 3) white_area_center.shape=(4, 4)
11:53:13 [v4][roi]   intrinsic ready after 0.00s (shape=(3, 3)) distortion.shape=(8,)
11:53:13 [v4][roi]   extrinsic plane shift done
11:53:13 [v4][roi]   projected 4 corners to image pixels
11:53:13 [v4][roi]   computed roi (y=79..403 x=164..572) on intrinsic shape=(3, 3)
11:53:13 [v4][sorting-loop] ROI built - detection branch is now live
11:53:13 [v4][sorting-loop] LOCKED on scaff pixel=(344, 226) world=(0.197,-0.001,0.025)
11:53:13 [v4][sorting-loop] LOCKED on scaff pixel=(342, 227) world=(0.197,-0.001,0.025)
11:53:14 [v4][sorting-loop] LOCKED on scaff pixel=(346, 224) world=(0.198,-0.002,0.025)
11:53:15 [v4][sorting-loop] LOCKED on scaff pixel=(344, 225) world=(0.198,-0.001,0.025)
11:53:15 [v4][sorting-loop] LOCKED on scaff pixel=(345, 224) world=(0.198,-0.002,0.025)
11:53:16 [v4][sorting-loop] LOCKED on scaff pixel=(343, 226) world=(0.197,-0.001,0.025)
11:53:16 [v4][sorting-loop] LOCKED on scaff pixel=(347, 224) world=(0.198,-0.003,0.025)
11:53:16 [v4][sorting-loop] LOCKED on scaff pixel=(344, 226) world=(0.197,-0.001,0.025)
11:53:16 [v4][sorting-loop] LOCKED on scaff pixel=(342, 228) world=(0.196,-0.001,0.025)
11:53:16 [v4][sorting-loop] LOCKED on scaff pixel=(345, 226) world=(0.197,-0.002,0.025)
11:53:17 [v4][sorting-loop] LOCKED on scaff pixel=(340, 228) world=(0.196,0.000,0.025)
11:53:17 [v4][sorting-loop] LOCKED on scaff pixel=(345, 226) world=(0.197,-0.002,0.025)
11:53:17 [v4][sorting-loop] LOCKED on scaff pixel=(344, 227) world=(0.197,-0.002,0.025)
11:53:17 [v4][heartbeat] enter=True sorting=True cam=LIVE ai=LIVE cam_fps=52.3 pub_fps=30.2 frames=9091 result_subs=1 roi=ok intrinsic=ok inference_age_ms=113 target=none transport=False sorting_thread=alive
11:53:17 [v4][sorting-loop] LOCKED on scaff pixel=(345, 225) world=(0.198,-0.002,0.025)
11:53:17 [v4][sorting-loop] LOCKED on scaff pixel=(345, 225) world=(0.198,-0.002,0.025)
11:53:17 [v4][sorting-loop] LOCKED on scaff pixel=(342, 227) world=(0.197,-0.001,0.025)
11:53:18 [v4][sorting-loop] LOCKED on scaff pixel=(190, 369) world=(0.136,0.060,0.025)
11:53:19 [v4][sorting-loop] LOCKED on scaff pixel=(310, 268) world=(0.179,0.012,0.025)
11:53:22 [v4][heartbeat] enter=True sorting=True cam=LIVE ai=LIVE cam_fps=54.8 pub_fps=30.4 frames=9365 result_subs=1 roi=ok intrinsic=ok inference_age_ms=108 target=none transport=False sorting_thread=alive
11:53:23 [v4][sorting-loop] LOCKED on scaff pixel=(514, 294) world=(0.171,-0.074,0.025)
11:53:25 [v4][sorting-loop] LOCKED on scaff pixel=(167, 418) world=(0.115,0.069,0.025)
11:53:25 [v4][sorting-loop] LOCKED on scaff pixel=(253, 330) world=(0.152,0.035,0.025)
11:53:26 [v4][sorting-loop] FIRING TRANSPORT label=scaff pos=(0.154,0.036,0.025) yaw=330
11:53:26 [v4][transport] BEGIN pick scaff at (0.154,0.038,0.080) yaw_pulse=330
11:53:27 [v4][motion] base reached 557 after 1 extra wait(s)
11:53:27 [v4][heartbeat] enter=True sorting=True cam=LIVE ai=LIVE cam_fps=53.0 pub_fps=30.4 frames=9630 result_subs=1 roi=ok intrinsic=ok inference_age_ms=106 target=scaff transport=True sorting_thread=alive
11:53:28 [v4][pick] descend obj_top_z=0.080 grab_depth=0.020 -> z=0.060 (worldpos=legacy/table)
11:53:30 [v4][motion] base reached 500 after 1 extra wait(s)
11:53:30 [v4][pick] pick scaff complete (standard)
11:53:30 [v4][transport] pick OK in 4.12s
11:53:32 [v4][motion] base reached 987 after 1 extra wait(s)
11:53:32 [v4][heartbeat] enter=True sorting=True cam=LIVE ai=LIVE cam_fps=52.4 pub_fps=30.2 frames=9892 result_subs=1 roi=ok intrinsic=ok inference_age_ms=61 target=scaff transport=True sorting_thread=alive
11:53:34 [v4][transport] place OK in 3.35s
11:53:35 [v4][sorting-loop] LOCKED on red cube pixel=(156, 168) world=(0.219,0.079,0.025)
11:53:37 [v4][heartbeat] enter=True sorting=True cam=LIVE ai=LIVE cam_fps=55.6 pub_fps=30.4 frames=10170 result_subs=1 roi=ok intrinsic=ok inference_age_ms=50 target=none transport=False sorting_thread=alive
11:53:42 [v4][sorting-loop] LOCKED on scaff pixel=(57, 230) world=(0.191,0.119,0.025)
11:53:42 [v4][sorting-loop] LOCKED on scaff pixel=(353, 219) world=(0.200,-0.005,0.025)
11:53:42 [v4][heartbeat] enter=True sorting=True cam=LIVE ai=LIVE cam_fps=51.4 pub_fps=30.2 frames=10427 result_subs=1 roi=ok intrinsic=ok inference_age_ms=72 target=none transport=False sorting_thread=alive
11:53:45 [v4][sorting-loop] LOCKED on scaff pixel=(39, 304) world=(0.160,0.125,0.025)
11:53:45 [v4][sorting-loop] LOCKED on scaff pixel=(47, 253) world=(0.182,0.123,0.025)
11:53:47 [v4][heartbeat] enter=True sorting=True cam=LIVE ai=LIVE cam_fps=50.3 pub_fps=30.3 frames=10679 result_subs=1 roi=ok intrinsic=ok inference_age_ms=78 target=none transport=False sorting_thread=alive
11:53:49 [v4][sorting-loop] LOCKED on scaff pixel=(113, 358) world=(0.139,0.092,0.025)
11:53:49 [v4][sorting-loop] LOCKED on scaff pixel=(73, 332) world=(0.149,0.110,0.025)
11:53:51 [v4][sorting-loop] LOCKED on scaff pixel=(92, 292) world=(0.166,0.103,0.025)
11:53:51 [v4][sorting-loop] LOCKED on scaff pixel=(114, 343) world=(0.145,0.092,0.025)
11:53:52 [v4][sorting-loop] LOCKED on scaff pixel=(50, 178) world=(0.213,0.123,0.025)
11:53:52 [v4][heartbeat] enter=True sorting=True cam=LIVE ai=LIVE cam_fps=56.1 pub_fps=30.3 frames=10959 result_subs=1 roi=ok intrinsic=ok inference_age_ms=129 target=none transport=False sorting_thread=alive
11:53:52 [v4][sorting-loop] LOCKED on scaff pixel=(37, 218) world=(0.196,0.128,0.025)
11:53:53 [v4][sorting-loop] LOCKED on scaff pixel=(63, 318) world=(0.155,0.114,0.025)
11:53:54 [v4][sorting-loop] LOCKED on scaff pixel=(102, 387) world=(0.127,0.096,0.025)
11:53:54 [v4][sorting-loop] LOCKED on scaff pixel=(145, 363) world=(0.137,0.079,0.025)
11:53:54 [v4][sorting-loop] LOCKED on scaff pixel=(214, 324) world=(0.154,0.051,0.025)
11:53:54 [v4][sorting-loop] LOCKED on scaff pixel=(267, 308) world=(0.162,0.030,0.025)
11:53:54 [v4][sorting-loop] LOCKED on scaff pixel=(269, 295) world=(0.167,0.029,0.025)
11:53:55 [v4][sorting-loop] LOCKED on scaff pixel=(267, 296) world=(0.167,0.030,0.025)
11:53:55 [v4][sorting-loop] LOCKED on scaff pixel=(265, 296) world=(0.167,0.031,0.025)
11:53:55 [v4][sorting-loop] LOCKED on scaff pixel=(267, 299) world=(0.165,0.030,0.025)
11:53:56 [v4][sorting-loop] LOCKED on scaff pixel=(269, 298) world=(0.166,0.029,0.025)
11:53:57 [v4][heartbeat] enter=True sorting=True cam=LIVE ai=LIVE cam_fps=53.9 pub_fps=30.4 frames=11229 result_subs=1 roi=ok intrinsic=ok inference_age_ms=68 target=none transport=False sorting_thread=alive
11:54:02 [v4][sorting-loop] LOCKED on scaff pixel=(63, 337) world=(0.147,0.114,0.025)
11:54:02 [v4][heartbeat] enter=True sorting=True cam=LIVE ai=LIVE cam_fps=58.1 pub_fps=30.2 frames=11519 result_subs=1 roi=ok intrinsic=ok inference_age_ms=60 target=scaff transport=False sorting_thread=alive
11:54:02 [v4][sorting-loop] LOCKED on scaff pixel=(295, 271) world=(0.177,0.018,0.025)
11:54:06 [v4][sorting-loop] LOCKED on scaff pixel=(567, 247) world=(0.191,-0.096,0.025)
11:54:06 [v4][sorting-loop] LOCKED on scaff pixel=(567, 240) world=(0.194,-0.096,0.025)
11:54:06 [v4][sorting-loop] LOCKED on scaff pixel=(256, 146) world=(0.230,0.037,0.025)
11:54:07 [v4][sorting-loop] LOCKED on scaff pixel=(260, 132) world=(0.236,0.036,0.025)
11:54:07 [v4][heartbeat] enter=True sorting=True cam=LIVE ai=LIVE cam_fps=54.0 pub_fps=30.4 frames=11789 result_subs=1 roi=ok intrinsic=ok inference_age_ms=62 target=none transport=False sorting_thread=alive
11:54:10 [v4][sorting-loop] LOCKED on scaff pixel=(583, 167) world=(0.226,-0.102,0.025)
11:54:10 [v4][sorting-loop] LOCKED on scaff pixel=(28, 320) world=(0.154,0.129,0.025)
11:54:10 [v4][sorting-loop] LOCKED on scaff pixel=(73, 391) world=(0.125,0.108,0.025)
11:54:10 [v4][sorting-loop] LOCKED on scaff pixel=(73, 389) world=(0.126,0.108,0.025)
11:54:10 [v4][sorting-loop] LOCKED on scaff pixel=(46, 376) world=(0.131,0.120,0.025)
11:54:12 [v4][heartbeat] enter=True sorting=True cam=LIVE ai=LIVE cam_fps=56.0 pub_fps=30.2 frames=12069 result_subs=1 roi=ok intrinsic=ok inference_age_ms=47 target=none transport=False sorting_thread=alive
11:54:17 [v4][heartbeat] enter=True sorting=True cam=LIVE ai=LIVE cam_fps=58.0 pub_fps=30.4 frames=12359 result_subs=1 roi=ok intrinsic=ok inference_age_ms=118 target=none transport=False sorting_thread=alive
11:54:22 [v4][sorting-loop] LOCKED on scaff pixel=(89, 341) world=(0.146,0.103,0.025)
11:54:22 [v4][heartbeat] enter=True sorting=True cam=LIVE ai=LIVE cam_fps=54.3 pub_fps=30.2 frames=12630 result_subs=1 roi=ok intrinsic=ok inference_age_ms=99 target=none transport=False sorting_thread=alive
11:54:22 [v4][sorting-loop] LOCKED on scaff pixel=(309, 286) world=(0.171,0.012,0.025)
11:54:23 [v4][sorting-loop] LOCKED on scaff pixel=(297, 287) world=(0.171,0.017,0.025)
11:54:25 [v4][sorting-loop] LOCKED on scaff pixel=(302, 245) world=(0.188,0.016,0.025)
11:54:26 [v4][sorting-loop] LOCKED on scaff pixel=(321, 227) world=(0.196,0.008,0.025)
11:54:26 [v4][sorting-loop] LOCKED on scaff pixel=(355, 244) world=(0.190,-0.006,0.025)
11:54:27 [v4][sorting-loop] LOCKED on scaff pixel=(362, 257) world=(0.184,-0.009,0.025)
11:54:27 [v4][heartbeat] enter=True sorting=True cam=LIVE ai=LIVE cam_fps=57.2 pub_fps=30.4 frames=12916 result_subs=1 roi=ok intrinsic=ok inference_age_ms=56 target=none transport=False sorting_thread=alive
11:54:27 [v4][sorting-loop] LOCKED on scaff pixel=(407, 171) world=(0.221,-0.028,0.025)
11:54:28 [v4][sorting-loop] TRACK scaff e_dist=0.0043 (thresh=0.005) still=3/10 move=0/10
11:54:29 [v4][sorting-loop] FIRING TRANSPORT label=scaff pos=(0.213,-0.021,0.025) yaw=656
11:54:29 [v4][transport] BEGIN pick scaff at (0.213,-0.022,0.080) yaw_pulse=656
11:54:29 [v4][motion] base reached 475 after 1 extra wait(s)
11:54:30 [v4][pick] descend obj_top_z=0.080 grab_depth=0.020 -> z=0.060 (worldpos=legacy/table)
11:54:32 [v4][heartbeat] enter=True sorting=True cam=LIVE ai=LIVE cam_fps=53.2 pub_fps=30.2 frames=13182 result_subs=1 roi=ok intrinsic=ok inference_age_ms=103 target=scaff transport=True sorting_thread=alive
11:54:32 [v4][motion] base reached 500 after 1 extra wait(s)
11:54:33 [v4][pick] pick scaff complete (standard)
11:54:33 [v4][transport] pick OK in 4.13s
11:54:34 [v4][motion] base reached 987 after 1 extra wait(s)
11:54:36 [v4][transport] place OK in 3.39s
11:54:37 [v4][sorting-loop] LOCKED on green cube pixel=(142, 128) world=(0.236,0.086,0.025)
11:54:37 [v4][heartbeat] enter=True sorting=True cam=LIVE ai=LIVE cam_fps=56.4 pub_fps=30.4 frames=13464 result_subs=1 roi=ok intrinsic=ok inference_age_ms=74 target=none transport=False sorting_thread=alive
11:54:39 [v4][svc] enable_sorting -> False
11:54:42 [v4][heartbeat] enter=True sorting=False cam=LIVE ai=LIVE cam_fps=57.8 pub_fps=30.2 frames=13753 result_subs=1 roi=ok intrinsic=ok inference_age_ms=41 target=none transport=False sorting_thread=alive
11:54:47 [v4][heartbeat] enter=True sorting=False cam=LIVE ai=LIVE cam_fps=54.4 pub_fps=30.4 frames=14025 result_subs=1 roi=ok intrinsic=ok inference_age_ms=89 target=none transport=False sorting_thread=alive
11:54:52 [v4][heartbeat] enter=True sorting=False cam=LIVE ai=LIVE cam_fps=57.2 pub_fps=30.2 frames=14311 result_subs=1 roi=ok intrinsic=ok inference_age_ms=133 target=none transport=False sorting_thread=alive
11:54:57 [v4][heartbeat] enter=True sorting=False cam=LIVE ai=LIVE cam_fps=55.4 pub_fps=30.4 frames=14588 result_subs=1 roi=ok intrinsic=ok inference_age_ms=48 target=none transport=False sorting_thread=alive
11:55:02 [v4][heartbeat] enter=True sorting=False cam=LIVE ai=LIVE cam_fps=54.0 pub_fps=30.2 frames=14858 result_subs=1 roi=ok intrinsic=ok inference_age_ms=145 target=none transport=False sorting_thread=alive
11:55:07 [v4][heartbeat] enter=True sorting=False cam=LIVE ai=LIVE cam_fps=57.6 pub_fps=30.4 frames=15146 result_subs=1 roi=ok intrinsic=ok inference_age_ms=80 target=none transport=False sorting_thread=alive
11:55:12 [v4][heartbeat] enter=True sorting=False cam=LIVE ai=LIVE cam_fps=55.6 pub_fps=30.2 frames=15424 result_subs=1 roi=ok intrinsic=ok inference_age_ms=81 target=none transport=False sorting_thread=alive
11:55:17 [v4][heartbeat] enter=True sorting=False cam=LIVE ai=LIVE cam_fps=56.4 pub_fps=30.4 frames=15706 result_subs=1 roi=ok intrinsic=ok inference_age_ms=98 target=none transport=False sorting_thread=alive
11:55:22 [v4][heartbeat] enter=True sorting=False cam=LIVE ai=LIVE cam_fps=55.0 pub_fps=30.2 frames=15981 result_subs=1 roi=ok intrinsic=ok inference_age_ms=115 target=none transport=False sorting_thread=alive
11:55:27 [v4][heartbeat] enter=True sorting=False cam=LIVE ai=LIVE cam_fps=57.0 pub_fps=30.4 frames=16266 result_subs=1 roi=ok intrinsic=ok inference_age_ms=90 target=none transport=False sorting_thread=alive
11:55:32 [v4][heartbeat] enter=True sorting=False cam=LIVE ai=LIVE cam_fps=57.8 pub_fps=30.2 frames=16555 result_subs=1 roi=ok intrinsic=ok inference_age_ms=78 target=none transport=False sorting_thread=alive
11:55:37 [v4][heartbeat] enter=True sorting=False cam=LIVE ai=LIVE cam_fps=54.2 pub_fps=30.4 frames=16826 result_subs=1 roi=ok intrinsic=ok inference_age_ms=106 target=none transport=False sorting_thread=alive
11:55:42 [v4][heartbeat] enter=True sorting=False cam=LIVE ai=LIVE cam_fps=55.6 pub_fps=30.2 frames=17104 result_subs=1 roi=ok intrinsic=ok inference_age_ms=103 target=none transport=False sorting_thread=alive
11:55:47 [v4][heartbeat] enter=True sorting=False cam=LIVE ai=LIVE cam_fps=55.3 pub_fps=30.4 frames=17381 result_subs=1 roi=ok intrinsic=ok inference_age_ms=81 target=none transport=False sorting_thread=alive
11:55:52 [v4][heartbeat] enter=True sorting=False cam=LIVE ai=LIVE cam_fps=54.9 pub_fps=30.2 frames=17655 result_subs=1 roi=ok intrinsic=ok inference_age_ms=52 target=none transport=False sorting_thread=alive
11:55:57 [v4][heartbeat] enter=True sorting=False cam=LIVE ai=LIVE cam_fps=57.6 pub_fps=30.4 frames=17943 result_subs=1 roi=ok intrinsic=ok inference_age_ms=75 target=none transport=False sorting_thread=alive
11:56:02 [v4][heartbeat] enter=True sorting=False cam=LIVE ai=LIVE cam_fps=55.6 pub_fps=30.2 frames=18221 result_subs=1 roi=ok intrinsic=ok inference_age_ms=92 target=none transport=False sorting_thread=alive
11:56:07 [v4][heartbeat] enter=True sorting=False cam=LIVE ai=LIVE cam_fps=55.6 pub_fps=30.4 frames=18499 result_subs=1 roi=ok intrinsic=ok inference_age_ms=82 target=none transport=False sorting_thread=alive
11:56:12 [v4][heartbeat] enter=True sorting=False cam=LIVE ai=LIVE cam_fps=56.2 pub_fps=30.4 frames=18780 result_subs=1 roi=ok intrinsic=ok inference_age_ms=90 target=none transport=False sorting_thread=alive
11:56:17 [v4][heartbeat] enter=True sorting=False cam=LIVE ai=LIVE cam_fps=54.4 pub_fps=30.2 frames=19052 result_subs=1 roi=ok intrinsic=ok inference_age_ms=106 target=none transport=False sorting_thread=alive
11:56:22 [v4][heartbeat] enter=True sorting=False cam=LIVE ai=LIVE cam_fps=57.6 pub_fps=30.4 frames=19340 result_subs=1 roi=ok intrinsic=ok inference_age_ms=129 target=none transport=False sorting_thread=alive
11:56:27 [v4][heartbeat] enter=True sorting=False cam=LIVE ai=LIVE cam_fps=55.4 pub_fps=30.2 frames=19617 result_subs=1 roi=ok intrinsic=ok inference_age_ms=111 target=none transport=False sorting_thread=alive
11:56:32 [v4][heartbeat] enter=True sorting=False cam=LIVE ai=LIVE cam_fps=55.8 pub_fps=30.4 frames=19896 result_subs=1 roi=ok intrinsic=ok inference_age_ms=93 target=none transport=False sorting_thread=alive
11:56:37 [v4][heartbeat] enter=True sorting=False cam=LIVE ai=LIVE cam_fps=57.4 pub_fps=30.2 frames=20183 result_subs=1 roi=ok intrinsic=ok inference_age_ms=88 target=none transport=False sorting_thread=alive
11:56:42 [v4][heartbeat] enter=True sorting=False cam=LIVE ai=LIVE cam_fps=54.1 pub_fps=30.4 frames=20454 result_subs=1 roi=ok intrinsic=ok inference_age_ms=112 target=none transport=False sorting_thread=alive
11:56:47 [v4][heartbeat] enter=True sorting=False cam=LIVE ai=LIVE cam_fps=56.1 pub_fps=30.2 frames=20734 result_subs=1 roi=ok intrinsic=ok inference_age_ms=88 target=none transport=False sorting_thread=alive
11:56:52 [v4][heartbeat] enter=True sorting=False cam=LIVE ai=LIVE cam_fps=55.2 pub_fps=30.4 frames=21010 result_subs=1 roi=ok intrinsic=ok inference_age_ms=106 target=none transport=False sorting_thread=alive
11:56:57 [v4][heartbeat] enter=True sorting=False cam=LIVE ai=LIVE cam_fps=54.6 pub_fps=30.2 frames=21283 result_subs=1 roi=ok intrinsic=ok inference_age_ms=104 target=none transport=False sorting_thread=alive
11:57:02 [v4][heartbeat] enter=True sorting=False cam=LIVE ai=LIVE cam_fps=56.6 pub_fps=30.4 frames=21566 result_subs=1 roi=ok intrinsic=ok inference_age_ms=90 target=none transport=False sorting_thread=alive
11:57:07 [v4][heartbeat] enter=True sorting=False cam=LIVE ai=LIVE cam_fps=54.0 pub_fps=30.2 frames=21836 result_subs=1 roi=ok intrinsic=ok inference_age_ms=103 target=none transport=False sorting_thread=alive
11:57:12 [v4][heartbeat] enter=True sorting=False cam=LIVE ai=LIVE cam_fps=56.3 pub_fps=30.4 frames=22118 result_subs=1 roi=ok intrinsic=ok inference_age_ms=87 target=none transport=False sorting_thread=alive
11:57:17 [v4][heartbeat] enter=True sorting=False cam=LIVE ai=LIVE cam_fps=56.5 pub_fps=30.2 frames=22400 result_subs=1 roi=ok intrinsic=ok inference_age_ms=93 target=none transport=False sorting_thread=alive
11:57:22 [v4][heartbeat] enter=True sorting=False cam=LIVE ai=LIVE cam_fps=56.0 pub_fps=30.4 frames=22680 result_subs=1 roi=ok intrinsic=ok inference_age_ms=66 target=none transport=False sorting_thread=alive
11:57:27 [v4][heartbeat] enter=True sorting=False cam=LIVE ai=LIVE cam_fps=58.2 pub_fps=30.2 frames=22971 result_subs=1 roi=ok intrinsic=ok inference_age_ms=109 target=none transport=False sorting_thread=alive
11:57:32 [v4][heartbeat] enter=True sorting=False cam=LIVE ai=LIVE cam_fps=55.2 pub_fps=30.4 frames=23247 result_subs=1 roi=ok intrinsic=ok inference_age_ms=83 target=none transport=False sorting_thread=alive
11:57:37 [v4][heartbeat] enter=True sorting=False cam=LIVE ai=LIVE cam_fps=56.8 pub_fps=30.2 frames=23531 result_subs=1 roi=ok intrinsic=ok inference_age_ms=136 target=none transport=False sorting_thread=alive
11:57:42 [v4][heartbeat] enter=True sorting=False cam=LIVE ai=LIVE cam_fps=56.0 pub_fps=30.4 frames=23811 result_subs=1 roi=ok intrinsic=ok inference_age_ms=121 target=none transport=False sorting_thread=alive
11:57:47 [v4][heartbeat] enter=True sorting=False cam=LIVE ai=LIVE cam_fps=55.0 pub_fps=30.2 frames=24086 result_subs=1 roi=ok intrinsic=ok inference_age_ms=99 target=none transport=False sorting_thread=alive
11:57:52 [v4][heartbeat] enter=True sorting=False cam=LIVE ai=LIVE cam_fps=57.8 pub_fps=30.4 frames=24375 result_subs=1 roi=ok intrinsic=ok inference_age_ms=88 target=none transport=False sorting_thread=alive
11:57:57 [v4][heartbeat] enter=True sorting=False cam=LIVE ai=LIVE cam_fps=56.2 pub_fps=30.2 frames=24656 result_subs=1 roi=ok intrinsic=ok inference_age_ms=86 target=none transport=False sorting_thread=alive
11:58:02 [v4][heartbeat] enter=True sorting=False cam=LIVE ai=LIVE cam_fps=57.0 pub_fps=30.4 frames=24941 result_subs=1 roi=ok intrinsic=ok inference_age_ms=102 target=none transport=False sorting_thread=alive
11:58:07 [v4][heartbeat] enter=True sorting=False cam=LIVE ai=LIVE cam_fps=56.6 pub_fps=30.2 frames=25224 result_subs=1 roi=ok intrinsic=ok inference_age_ms=110 target=none transport=False sorting_thread=alive
11:58:12 [v4][heartbeat] enter=True sorting=False cam=LIVE ai=LIVE cam_fps=56.1 pub_fps=30.4 frames=25505 result_subs=1 roi=ok intrinsic=ok inference_age_ms=96 target=none transport=False sorting_thread=alive
11:58:17 [v4][heartbeat] enter=True sorting=False cam=LIVE ai=LIVE cam_fps=57.8 pub_fps=30.2 frames=25794 result_subs=1 roi=ok intrinsic=ok inference_age_ms=91 target=none transport=False sorting_thread=alive
11:58:22 [v4][heartbeat] enter=True sorting=False cam=LIVE ai=LIVE cam_fps=55.2 pub_fps=30.4 frames=26070 result_subs=1 roi=ok intrinsic=ok inference_age_ms=65 target=none transport=False sorting_thread=alive
11:58:27 [v4][heartbeat] enter=True sorting=False cam=LIVE ai=LIVE cam_fps=56.4 pub_fps=30.2 frames=26352 result_subs=1 roi=ok intrinsic=ok inference_age_ms=108 target=none transport=False sorting_thread=alive
11:58:32 [v4][heartbeat] enter=True sorting=False cam=LIVE ai=LIVE cam_fps=57.0 pub_fps=30.4 frames=26637 result_subs=1 roi=ok intrinsic=ok inference_age_ms=68 target=none transport=False sorting_thread=alive
11:58:37 [v4][heartbeat] enter=True sorting=False cam=LIVE ai=LIVE cam_fps=52.2 pub_fps=30.2 frames=26898 result_subs=1 roi=ok intrinsic=ok inference_age_ms=73 target=none transport=False sorting_thread=alive
11:58:42 [v4][heartbeat] enter=True sorting=False cam=LIVE ai=LIVE cam_fps=58.4 pub_fps=30.4 frames=27190 result_subs=1 roi=ok intrinsic=ok inference_age_ms=83 target=none transport=False sorting_thread=alive
11:58:47 [v4][heartbeat] enter=True sorting=False cam=LIVE ai=LIVE cam_fps=56.2 pub_fps=30.2 frames=27471 result_subs=1 roi=ok intrinsic=ok inference_age_ms=83 target=none transport=False sorting_thread=alive
11:58:52 [v4][heartbeat] enter=True sorting=False cam=LIVE ai=LIVE cam_fps=56.0 pub_fps=30.4 frames=27751 result_subs=1 roi=ok intrinsic=ok inference_age_ms=43 target=none transport=False sorting_thread=alive
11:58:57 [v4][heartbeat] enter=True sorting=False cam=LIVE ai=LIVE cam_fps=57.6 pub_fps=30.2 frames=28039 result_subs=1 roi=ok intrinsic=ok inference_age_ms=59 target=none transport=False sorting_thread=alive
11:59:02 [v4][heartbeat] enter=True sorting=False cam=LIVE ai=LIVE cam_fps=55.2 pub_fps=30.4 frames=28315 result_subs=1 roi=ok intrinsic=ok inference_age_ms=66 target=none transport=False sorting_thread=alive
11:59:07 [v4][heartbeat] enter=True sorting=False cam=LIVE ai=LIVE cam_fps=57.0 pub_fps=30.4 frames=28600 result_subs=1 roi=ok intrinsic=ok inference_age_ms=92 target=none transport=False sorting_thread=alive
11:59:12 [v4][heartbeat] enter=True sorting=False cam=LIVE ai=LIVE cam_fps=56.4 pub_fps=30.2 frames=28882 result_subs=1 roi=ok intrinsic=ok inference_age_ms=96 target=none transport=False sorting_thread=alive
11:59:17 [v4][heartbeat] enter=True sorting=False cam=LIVE ai=LIVE cam_fps=55.5 pub_fps=30.4 frames=29160 result_subs=1 roi=ok intrinsic=ok inference_age_ms=91 target=none transport=False sorting_thread=alive
11:59:22 [v4][heartbeat] enter=True sorting=False cam=LIVE ai=LIVE cam_fps=57.9 pub_fps=30.2 frames=29449 result_subs=1 roi=ok intrinsic=ok inference_age_ms=100 target=none transport=False sorting_thread=alive
11:59:27 [v4][heartbeat] enter=True sorting=False cam=LIVE ai=LIVE cam_fps=52.7 pub_fps=30.4 frames=29713 result_subs=1 roi=ok intrinsic=ok inference_age_ms=99 target=none transport=False sorting_thread=alive
11:59:32 [v4][heartbeat] enter=True sorting=False cam=LIVE ai=LIVE cam_fps=57.0 pub_fps=30.2 frames=29998 result_subs=1 roi=ok intrinsic=ok inference_age_ms=133 target=none transport=False sorting_thread=alive
11:59:37 [v4][heartbeat] enter=True sorting=False cam=LIVE ai=LIVE cam_fps=55.4 pub_fps=30.4 frames=30275 result_subs=1 roi=ok intrinsic=ok inference_age_ms=135 target=none transport=False sorting_thread=alive
11:59:42 [v4][heartbeat] enter=True sorting=False cam=LIVE ai=LIVE cam_fps=53.6 pub_fps=30.2 frames=30543 result_subs=1 roi=ok intrinsic=ok inference_age_ms=114 target=none transport=False sorting_thread=alive
11:59:47 [v4][heartbeat] enter=True sorting=False cam=LIVE ai=LIVE cam_fps=58.3 pub_fps=30.4 frames=30835 result_subs=1 roi=ok intrinsic=ok inference_age_ms=84 target=none transport=False sorting_thread=alive
11:59:52 [v4][heartbeat] enter=True sorting=False cam=LIVE ai=LIVE cam_fps=55.9 pub_fps=30.2 frames=31114 result_subs=1 roi=ok intrinsic=ok inference_age_ms=72 target=none transport=False sorting_thread=alive
11:59:57 [v4][heartbeat] enter=True sorting=False cam=LIVE ai=LIVE cam_fps=56.1 pub_fps=30.4 frames=31395 result_subs=1 roi=ok intrinsic=ok inference_age_ms=136 target=none transport=False sorting_thread=alive
12:00:02 [v4][heartbeat] enter=True sorting=False cam=LIVE ai=LIVE cam_fps=57.9 pub_fps=30.2 frames=31684 result_subs=1 roi=ok intrinsic=ok inference_age_ms=47 target=none transport=False sorting_thread=alive
12:00:07 [v4][heartbeat] enter=True sorting=False cam=LIVE ai=LIVE cam_fps=54.4 pub_fps=30.4 frames=31956 result_subs=1 roi=ok intrinsic=ok inference_age_ms=86 target=none transport=False sorting_thread=alive
12:00:12 [v4][heartbeat] enter=True sorting=False cam=LIVE ai=LIVE cam_fps=58.8 pub_fps=30.2 frames=32250 result_subs=1 roi=ok intrinsic=ok inference_age_ms=106 target=none transport=False sorting_thread=alive
12:00:17 [v4][heartbeat] enter=True sorting=False cam=LIVE ai=LIVE cam_fps=53.0 pub_fps=30.4 frames=32515 result_subs=1 roi=ok intrinsic=ok inference_age_ms=93 target=none transport=False sorting_thread=alive
12:00:22 [v4][heartbeat] enter=True sorting=False cam=LIVE ai=LIVE cam_fps=55.2 pub_fps=30.2 frames=32791 result_subs=1 roi=ok intrinsic=ok inference_age_ms=83 target=none transport=False sorting_thread=alive
12:00:27 [v4][heartbeat] enter=True sorting=False cam=LIVE ai=LIVE cam_fps=55.2 pub_fps=30.4 frames=33067 result_subs=1 roi=ok intrinsic=ok inference_age_ms=142 target=none transport=False sorting_thread=alive
12:00:32 [v4][heartbeat] enter=True sorting=False cam=LIVE ai=LIVE cam_fps=53.8 pub_fps=30.2 frames=33336 result_subs=1 roi=ok intrinsic=ok inference_age_ms=122 target=none transport=False sorting_thread=alive
12:00:37 [v4][heartbeat] enter=True sorting=False cam=LIVE ai=LIVE cam_fps=57.6 pub_fps=30.4 frames=33624 result_subs=1 roi=ok intrinsic=ok inference_age_ms=85 target=none transport=False sorting_thread=alive
12:00:42 [v4][heartbeat] enter=True sorting=False cam=LIVE ai=LIVE cam_fps=55.0 pub_fps=30.2 frames=33899 result_subs=1 roi=ok intrinsic=ok inference_age_ms=70 target=none transport=False sorting_thread=alive
12:00:47 [v4][heartbeat] enter=True sorting=False cam=LIVE ai=LIVE cam_fps=57.0 pub_fps=30.4 frames=34184 result_subs=1 roi=ok intrinsic=ok inference_age_ms=91 target=none transport=False sorting_thread=alive
12:00:52 [v4][heartbeat] enter=True sorting=False cam=LIVE ai=LIVE cam_fps=56.0 pub_fps=30.2 frames=34464 result_subs=1 roi=ok intrinsic=ok inference_age_ms=85 target=none transport=False sorting_thread=alive
12:00:57 [v4][heartbeat] enter=True sorting=False cam=LIVE ai=LIVE cam_fps=54.1 pub_fps=30.4 frames=34735 result_subs=1 roi=ok intrinsic=ok inference_age_ms=76 target=none transport=False sorting_thread=alive
12:01:02 [v4][heartbeat] enter=True sorting=False cam=LIVE ai=LIVE cam_fps=57.4 pub_fps=30.2 frames=35022 result_subs=1 roi=ok intrinsic=ok inference_age_ms=78 target=none transport=False sorting_thread=alive
12:01:07 [v4][heartbeat] enter=True sorting=False cam=LIVE ai=LIVE cam_fps=54.8 pub_fps=30.4 frames=35296 result_subs=1 roi=ok intrinsic=ok inference_age_ms=118 target=none transport=False sorting_thread=alive
12:01:12 [v4][heartbeat] enter=True sorting=False cam=LIVE ai=LIVE cam_fps=54.6 pub_fps=30.2 frames=35569 result_subs=1 roi=ok intrinsic=ok inference_age_ms=102 target=none transport=False sorting_thread=alive
12:01:17 [v4][heartbeat] enter=True sorting=False cam=LIVE ai=LIVE cam_fps=58.0 pub_fps=30.4 frames=35859 result_subs=1 roi=ok intrinsic=ok inference_age_ms=94 target=none transport=False sorting_thread=alive
12:01:22 [v4][heartbeat] enter=True sorting=False cam=LIVE ai=LIVE cam_fps=52.6 pub_fps=30.2 frames=36122 result_subs=1 roi=ok intrinsic=ok inference_age_ms=41 target=none transport=False sorting_thread=alive
12:01:27 [v4][heartbeat] enter=True sorting=False cam=LIVE ai=LIVE cam_fps=57.4 pub_fps=30.4 frames=36409 result_subs=1 roi=ok intrinsic=ok inference_age_ms=92 target=none transport=False sorting_thread=alive
12:01:32 [v4][heartbeat] enter=True sorting=False cam=LIVE ai=LIVE cam_fps=58.2 pub_fps=30.2 frames=36700 result_subs=1 roi=ok intrinsic=ok inference_age_ms=105 target=none transport=False sorting_thread=alive
12:01:37 [v4][heartbeat] enter=True sorting=False cam=LIVE ai=LIVE cam_fps=54.5 pub_fps=30.4 frames=36973 result_subs=1 roi=ok intrinsic=ok inference_age_ms=77 target=none transport=False sorting_thread=alive
12:01:42 [v4][heartbeat] enter=True sorting=False cam=LIVE ai=LIVE cam_fps=57.7 pub_fps=30.2 frames=37261 result_subs=1 roi=ok intrinsic=ok inference_age_ms=117 target=none transport=False sorting_thread=alive
12:01:47 [v4][heartbeat] enter=True sorting=False cam=LIVE ai=LIVE cam_fps=55.6 pub_fps=30.4 frames=37539 result_subs=1 roi=ok intrinsic=ok inference_age_ms=67 target=none transport=False sorting_thread=alive
12:01:52 [v4][heartbeat] enter=True sorting=False cam=LIVE ai=LIVE cam_fps=53.8 pub_fps=30.4 frames=37808 result_subs=1 roi=ok intrinsic=ok inference_age_ms=88 target=none transport=False sorting_thread=alive
12:01:57 [v4][heartbeat] enter=True sorting=False cam=LIVE ai=LIVE cam_fps=57.0 pub_fps=30.2 frames=38093 result_subs=1 roi=ok intrinsic=ok inference_age_ms=76 target=none transport=False sorting_thread=alive
12:02:02 [v4][heartbeat] enter=True sorting=False cam=LIVE ai=LIVE cam_fps=53.9 pub_fps=30.4 frames=38363 result_subs=1 roi=ok intrinsic=ok inference_age_ms=76 target=none transport=False sorting_thread=alive
12:02:07 [v4][heartbeat] enter=True sorting=False cam=LIVE ai=LIVE cam_fps=57.5 pub_fps=30.2 frames=38650 result_subs=1 roi=ok intrinsic=ok inference_age_ms=129 target=none transport=False sorting_thread=alive
12:02:12 [v4][heartbeat] enter=True sorting=False cam=LIVE ai=LIVE cam_fps=55.6 pub_fps=30.4 frames=38928 result_subs=1 roi=ok intrinsic=ok inference_age_ms=63 target=none transport=False sorting_thread=alive
12:02:17 [v4][heartbeat] enter=True sorting=False cam=LIVE ai=LIVE cam_fps=57.3 pub_fps=30.2 frames=39214 result_subs=1 roi=ok intrinsic=ok inference_age_ms=131 target=none transport=False sorting_thread=alive
12:02:22 [v4][heartbeat] enter=True sorting=False cam=LIVE ai=LIVE cam_fps=56.3 pub_fps=30.4 frames=39496 result_subs=1 roi=ok intrinsic=ok inference_age_ms=112 target=none transport=False sorting_thread=alive
12:02:27 [v4][heartbeat] enter=True sorting=False cam=LIVE ai=LIVE cam_fps=53.8 pub_fps=30.2 frames=39765 result_subs=1 roi=ok intrinsic=ok inference_age_ms=111 target=none transport=False sorting_thread=alive
12:02:32 [v4][heartbeat] enter=True sorting=False cam=LIVE ai=LIVE cam_fps=58.0 pub_fps=30.4 frames=40055 result_subs=1 roi=ok intrinsic=ok inference_age_ms=108 target=none transport=False sorting_thread=alive
12:02:37 [v4][heartbeat] enter=True sorting=False cam=LIVE ai=LIVE cam_fps=55.4 pub_fps=30.2 frames=40332 result_subs=1 roi=ok intrinsic=ok inference_age_ms=110 target=none transport=False sorting_thread=alive
12:02:42 [v4][heartbeat] enter=True sorting=False cam=LIVE ai=LIVE cam_fps=53.4 pub_fps=30.4 frames=40599 result_subs=1 roi=ok intrinsic=ok inference_age_ms=118 target=none transport=False sorting_thread=alive
12:02:47 [v4][heartbeat] enter=True sorting=False cam=LIVE ai=LIVE cam_fps=58.6 pub_fps=30.2 frames=40892 result_subs=1 roi=ok intrinsic=ok inference_age_ms=94 target=none transport=False sorting_thread=alive
12:02:52 [v4][heartbeat] enter=True sorting=False cam=LIVE ai=LIVE cam_fps=54.4 pub_fps=30.4 frames=41164 result_subs=1 roi=ok intrinsic=ok inference_age_ms=100 target=none transport=False sorting_thread=alive
12:02:57 [v4][heartbeat] enter=True sorting=False cam=LIVE ai=LIVE cam_fps=58.8 pub_fps=30.2 frames=41458 result_subs=1 roi=ok intrinsic=ok inference_age_ms=124 target=none transport=False sorting_thread=alive
12:03:02 [v4][heartbeat] enter=True sorting=False cam=LIVE ai=LIVE cam_fps=55.8 pub_fps=30.4 frames=41737 result_subs=1 roi=ok intrinsic=ok inference_age_ms=103 target=none transport=False sorting_thread=alive
12:03:07 [v4][heartbeat] enter=True sorting=False cam=LIVE ai=LIVE cam_fps=53.3 pub_fps=30.2 frames=42003 result_subs=1 roi=ok intrinsic=ok inference_age_ms=74 target=none transport=False sorting_thread=alive
12:03:12 [v4][heartbeat] enter=True sorting=False cam=LIVE ai=LIVE cam_fps=57.4 pub_fps=30.4 frames=42290 result_subs=1 roi=ok intrinsic=ok inference_age_ms=144 target=none transport=False sorting_thread=alive
12:03:17 [v4][heartbeat] enter=True sorting=False cam=LIVE ai=LIVE cam_fps=54.4 pub_fps=30.2 frames=42562 result_subs=1 roi=ok intrinsic=ok inference_age_ms=119 target=none transport=False sorting_thread=alive
12:03:22 [v4][heartbeat] enter=True sorting=False cam=LIVE ai=LIVE cam_fps=55.5 pub_fps=30.4 frames=42840 result_subs=1 roi=ok intrinsic=ok inference_age_ms=85 target=none transport=False sorting_thread=alive
12:03:27 [v4][heartbeat] enter=True sorting=False cam=LIVE ai=LIVE cam_fps=57.0 pub_fps=30.2 frames=43125 result_subs=1 roi=ok intrinsic=ok inference_age_ms=116 target=none transport=False sorting_thread=alive
12:03:32 [v4][heartbeat] enter=True sorting=False cam=LIVE ai=LIVE cam_fps=55.2 pub_fps=30.4 frames=43401 result_subs=1 roi=ok intrinsic=ok inference_age_ms=129 target=none transport=False sorting_thread=alive
12:03:37 [v4][heartbeat] enter=True sorting=False cam=LIVE ai=LIVE cam_fps=57.8 pub_fps=30.2 frames=43690 result_subs=1 roi=ok intrinsic=ok inference_age_ms=140 target=none transport=False sorting_thread=alive
12:03:42 [v4][heartbeat] enter=True sorting=False cam=LIVE ai=LIVE cam_fps=55.4 pub_fps=30.4 frames=43967 result_subs=1 roi=ok intrinsic=ok inference_age_ms=62 target=none transport=False sorting_thread=alive
12:03:47 [v4][heartbeat] enter=True sorting=False cam=LIVE ai=LIVE cam_fps=55.8 pub_fps=30.2 frames=44246 result_subs=1 roi=ok intrinsic=ok inference_age_ms=89 target=none transport=False sorting_thread=alive
12:03:52 [v4][heartbeat] enter=True sorting=False cam=LIVE ai=LIVE cam_fps=56.6 pub_fps=30.4 frames=44529 result_subs=1 roi=ok intrinsic=ok inference_age_ms=91 target=none transport=False sorting_thread=alive
12:03:57 [v4][heartbeat] enter=True sorting=False cam=LIVE ai=LIVE cam_fps=53.4 pub_fps=30.2 frames=44796 result_subs=1 roi=ok intrinsic=ok inference_age_ms=85 target=none transport=False sorting_thread=alive
12:04:02 [v4][heartbeat] enter=True sorting=False cam=LIVE ai=LIVE cam_fps=56.8 pub_fps=30.4 frames=45080 result_subs=1 roi=ok intrinsic=ok inference_age_ms=149 target=none transport=False sorting_thread=alive
12:04:07 [v4][heartbeat] enter=True sorting=False cam=LIVE ai=LIVE cam_fps=54.8 pub_fps=30.2 frames=45354 result_subs=1 roi=ok intrinsic=ok inference_age_ms=121 target=none transport=False sorting_thread=alive
12:04:12 [v4][heartbeat] enter=True sorting=False cam=LIVE ai=LIVE cam_fps=57.2 pub_fps=30.4 frames=45640 result_subs=1 roi=ok intrinsic=ok inference_age_ms=112 target=none transport=False sorting_thread=alive
12:04:17 [v4][heartbeat] enter=True sorting=False cam=LIVE ai=LIVE cam_fps=57.4 pub_fps=30.2 frames=45927 result_subs=1 roi=ok intrinsic=ok inference_age_ms=113 target=none transport=False sorting_thread=alive
12:04:22 [v4][heartbeat] enter=True sorting=False cam=LIVE ai=LIVE cam_fps=53.3 pub_fps=30.4 frames=46194 result_subs=1 roi=ok intrinsic=ok inference_age_ms=76 target=none transport=False sorting_thread=alive
12:04:27 [v4][heartbeat] enter=True sorting=False cam=LIVE ai=LIVE cam_fps=57.8 pub_fps=30.2 frames=46483 result_subs=1 roi=ok intrinsic=ok inference_age_ms=61 target=none transport=False sorting_thread=alive
12:04:32 [v4][heartbeat] enter=True sorting=False cam=LIVE ai=LIVE cam_fps=55.4 pub_fps=30.4 frames=46760 result_subs=1 roi=ok intrinsic=ok inference_age_ms=63 target=none transport=False sorting_thread=alive
12:04:37 [v4][heartbeat] enter=True sorting=False cam=LIVE ai=LIVE cam_fps=54.7 pub_fps=30.4 frames=47034 result_subs=1 roi=ok intrinsic=ok inference_age_ms=167 target=none transport=False sorting_thread=alive
12:04:42 [v4][heartbeat] enter=True sorting=False cam=LIVE ai=LIVE cam_fps=57.1 pub_fps=30.3 frames=47319 result_subs=1 roi=ok intrinsic=ok inference_age_ms=124 target=none transport=False sorting_thread=alive
12:04:47 [v4][heartbeat] enter=True sorting=False cam=LIVE ai=LIVE cam_fps=54.4 pub_fps=30.4 frames=47591 result_subs=1 roi=ok intrinsic=ok inference_age_ms=69 target=none transport=False sorting_thread=alive
12:04:52 [v4][heartbeat] enter=True sorting=False cam=LIVE ai=LIVE cam_fps=57.2 pub_fps=30.2 frames=47877 result_subs=1 roi=ok intrinsic=ok inference_age_ms=67 target=none transport=False sorting_thread=alive
12:04:57 [v4][heartbeat] enter=True sorting=False cam=LIVE ai=LIVE cam_fps=55.2 pub_fps=30.4 frames=48153 result_subs=1 roi=ok intrinsic=ok inference_age_ms=98 target=none transport=False sorting_thread=alive
12:05:02 [v4][heartbeat] enter=True sorting=False cam=LIVE ai=LIVE cam_fps=56.9 pub_fps=30.2 frames=48437 result_subs=1 roi=ok intrinsic=ok inference_age_ms=100 target=none transport=False sorting_thread=alive
12:05:07 [v4][heartbeat] enter=True sorting=False cam=LIVE ai=LIVE cam_fps=56.5 pub_fps=30.4 frames=48720 result_subs=1 roi=ok intrinsic=ok inference_age_ms=129 target=none transport=False sorting_thread=alive
12:05:12 [v4][heartbeat] enter=True sorting=False cam=LIVE ai=LIVE cam_fps=53.9 pub_fps=30.2 frames=48989 result_subs=1 roi=ok intrinsic=ok inference_age_ms=72 target=none transport=False sorting_thread=alive
12:05:17 [v4][heartbeat] enter=True sorting=False cam=LIVE ai=LIVE cam_fps=57.2 pub_fps=30.4 frames=49275 result_subs=1 roi=ok intrinsic=ok inference_age_ms=103 target=none transport=False sorting_thread=alive
12:05:22 [v4][heartbeat] enter=True sorting=False cam=LIVE ai=LIVE cam_fps=57.0 pub_fps=30.2 frames=49560 result_subs=1 roi=ok intrinsic=ok inference_age_ms=75 target=none transport=False sorting_thread=alive
12:05:27 [v4][heartbeat] enter=True sorting=False cam=LIVE ai=LIVE cam_fps=55.2 pub_fps=30.4 frames=49836 result_subs=1 roi=ok intrinsic=ok inference_age_ms=79 target=none transport=False sorting_thread=alive
12:05:32 [v4][heartbeat] enter=True sorting=False cam=LIVE ai=LIVE cam_fps=57.3 pub_fps=30.2 frames=50122 result_subs=1 roi=ok intrinsic=ok inference_age_ms=108 target=none transport=False sorting_thread=alive
12:05:37 [v4][heartbeat] enter=True sorting=False cam=LIVE ai=LIVE cam_fps=53.4 pub_fps=30.4 frames=50389 result_subs=1 roi=ok intrinsic=ok inference_age_ms=64 target=none transport=False sorting_thread=alive
12:05:42 [v4][heartbeat] enter=True sorting=False cam=LIVE ai=LIVE cam_fps=56.4 pub_fps=30.2 frames=50671 result_subs=1 roi=ok intrinsic=ok inference_age_ms=85 target=none transport=False sorting_thread=alive
12:05:47 [v4][heartbeat] enter=True sorting=False cam=LIVE ai=LIVE cam_fps=58.3 pub_fps=30.4 frames=50963 result_subs=1 roi=ok intrinsic=ok inference_age_ms=69 target=none transport=False sorting_thread=alive
12:05:52 [v4][heartbeat] enter=True sorting=False cam=LIVE ai=LIVE cam_fps=54.9 pub_fps=30.2 frames=51237 result_subs=1 roi=ok intrinsic=ok inference_age_ms=93 target=none transport=False sorting_thread=alive
12:05:57 [v4][heartbeat] enter=True sorting=False cam=LIVE ai=LIVE cam_fps=56.8 pub_fps=30.4 frames=51521 result_subs=1 roi=ok intrinsic=ok inference_age_ms=100 target=none transport=False sorting_thread=alive
12:06:02 [v4][heartbeat] enter=True sorting=False cam=LIVE ai=LIVE cam_fps=53.8 pub_fps=30.2 frames=51790 result_subs=1 roi=ok intrinsic=ok inference_age_ms=109 target=none transport=False sorting_thread=alive
12:06:07 [v4][heartbeat] enter=True sorting=False cam=LIVE ai=LIVE cam_fps=55.8 pub_fps=30.4 frames=52069 result_subs=1 roi=ok intrinsic=ok inference_age_ms=95 target=none transport=False sorting_thread=alive
12:06:12 [v4][heartbeat] enter=True sorting=False cam=LIVE ai=LIVE cam_fps=55.8 pub_fps=30.2 frames=52348 result_subs=1 roi=ok intrinsic=ok inference_age_ms=85 target=none transport=False sorting_thread=alive
12:06:17 [v4][heartbeat] enter=True sorting=False cam=LIVE ai=LIVE cam_fps=54.2 pub_fps=30.4 frames=52619 result_subs=1 roi=ok intrinsic=ok inference_age_ms=110 target=none transport=False sorting_thread=alive
12:06:22 [v4][heartbeat] enter=True sorting=False cam=LIVE ai=LIVE cam_fps=57.0 pub_fps=30.2 frames=52904 result_subs=1 roi=ok intrinsic=ok inference_age_ms=69 target=none transport=False sorting_thread=alive
12:06:27 [v4][heartbeat] enter=True sorting=False cam=LIVE ai=LIVE cam_fps=54.0 pub_fps=30.4 frames=53174 result_subs=1 roi=ok intrinsic=ok inference_age_ms=124 target=none transport=False sorting_thread=alive
12:06:32 [v4][heartbeat] enter=True sorting=False cam=LIVE ai=LIVE cam_fps=57.1 pub_fps=30.2 frames=53459 result_subs=1 roi=ok intrinsic=ok inference_age_ms=93 target=none transport=False sorting_thread=alive
12:06:37 [v4][heartbeat] enter=True sorting=False cam=LIVE ai=LIVE cam_fps=55.2 pub_fps=30.4 frames=53735 result_subs=1 roi=ok intrinsic=ok inference_age_ms=120 target=none transport=False sorting_thread=alive
12:06:42 [v4][heartbeat] enter=True sorting=False cam=LIVE ai=LIVE cam_fps=55.0 pub_fps=30.2 frames=54010 result_subs=1 roi=ok intrinsic=ok inference_age_ms=110 target=none transport=False sorting_thread=alive
12:06:47 [v4][heartbeat] enter=True sorting=False cam=LIVE ai=LIVE cam_fps=57.2 pub_fps=30.4 frames=54296 result_subs=1 roi=ok intrinsic=ok inference_age_ms=109 target=none transport=False sorting_thread=alive
12:06:52 [v4][heartbeat] enter=True sorting=False cam=LIVE ai=LIVE cam_fps=55.8 pub_fps=30.2 frames=54575 result_subs=1 roi=ok intrinsic=ok inference_age_ms=116 target=none transport=False sorting_thread=alive
12:06:57 [v4][heartbeat] enter=True sorting=False cam=LIVE ai=LIVE cam_fps=53.7 pub_fps=30.4 frames=54844 result_subs=1 roi=ok intrinsic=ok inference_age_ms=120 target=none transport=False sorting_thread=alive
12:07:02 [v4][heartbeat] enter=True sorting=False cam=LIVE ai=LIVE cam_fps=56.2 pub_fps=30.2 frames=55125 result_subs=1 roi=ok intrinsic=ok inference_age_ms=112 target=none transport=False sorting_thread=alive
12:07:07 [v4][heartbeat] enter=True sorting=False cam=LIVE ai=LIVE cam_fps=55.2 pub_fps=30.4 frames=55401 result_subs=1 roi=ok intrinsic=ok inference_age_ms=80 target=none transport=False sorting_thread=alive
12:07:12 [v4][heartbeat] enter=True sorting=False cam=LIVE ai=LIVE cam_fps=57.6 pub_fps=30.2 frames=55689 result_subs=1 roi=ok intrinsic=ok inference_age_ms=135 target=none transport=False sorting_thread=alive
12:07:17 [v4][heartbeat] enter=True sorting=False cam=LIVE ai=LIVE cam_fps=56.4 pub_fps=30.4 frames=55971 result_subs=1 roi=ok intrinsic=ok inference_age_ms=86 target=none transport=False sorting_thread=alive
12:07:22 [v4][heartbeat] enter=True sorting=False cam=LIVE ai=LIVE cam_fps=53.2 pub_fps=30.2 frames=56237 result_subs=1 roi=ok intrinsic=ok inference_age_ms=70 target=none transport=False sorting_thread=alive
12:07:27 [v4][heartbeat] enter=True sorting=False cam=LIVE ai=LIVE cam_fps=55.4 pub_fps=30.4 frames=56514 result_subs=1 roi=ok intrinsic=ok inference_age_ms=112 target=none transport=False sorting_thread=alive
12:07:32 [v4][heartbeat] enter=True sorting=False cam=LIVE ai=LIVE cam_fps=53.4 pub_fps=30.4 frames=56781 result_subs=1 roi=ok intrinsic=ok inference_age_ms=74 target=none transport=False sorting_thread=alive
12:07:37 [v4][heartbeat] enter=True sorting=False cam=LIVE ai=LIVE cam_fps=57.4 pub_fps=30.2 frames=57068 result_subs=1 roi=ok intrinsic=ok inference_age_ms=73 target=none transport=False sorting_thread=alive
12:07:42 [v4][heartbeat] enter=True sorting=False cam=LIVE ai=LIVE cam_fps=56.8 pub_fps=30.4 frames=57352 result_subs=1 roi=ok intrinsic=ok inference_age_ms=83 target=none transport=False sorting_thread=alive
12:07:47 [v4][heartbeat] enter=True sorting=False cam=LIVE ai=LIVE cam_fps=53.6 pub_fps=30.2 frames=57620 result_subs=1 roi=ok intrinsic=ok inference_age_ms=111 target=none transport=False sorting_thread=alive
12:07:52 [v4][heartbeat] enter=True sorting=False cam=LIVE ai=LIVE cam_fps=57.8 pub_fps=30.4 frames=57909 result_subs=1 roi=ok intrinsic=ok inference_age_ms=100 target=none transport=False sorting_thread=alive
12:07:57 [v4][heartbeat] enter=True sorting=False cam=LIVE ai=LIVE cam_fps=55.6 pub_fps=30.2 frames=58187 result_subs=1 roi=ok intrinsic=ok inference_age_ms=94 target=none transport=False sorting_thread=alive
12:08:02 [v4][heartbeat] enter=True sorting=False cam=LIVE ai=LIVE cam_fps=55.8 pub_fps=30.4 frames=58466 result_subs=1 roi=ok intrinsic=ok inference_age_ms=129 target=none transport=False sorting_thread=alive
12:08:07 [v4][heartbeat] enter=True sorting=False cam=LIVE ai=LIVE cam_fps=57.8 pub_fps=30.2 frames=58755 result_subs=1 roi=ok intrinsic=ok inference_age_ms=40 target=none transport=False sorting_thread=alive
12:08:12 [v4][heartbeat] enter=True sorting=False cam=LIVE ai=LIVE cam_fps=52.2 pub_fps=30.4 frames=59016 result_subs=1 roi=ok intrinsic=ok inference_age_ms=92 target=none transport=False sorting_thread=alive
12:08:17 [v4][heartbeat] enter=True sorting=False cam=LIVE ai=LIVE cam_fps=56.6 pub_fps=30.2 frames=59299 result_subs=1 roi=ok intrinsic=ok inference_age_ms=102 target=none transport=False sorting_thread=alive
12:08:22 [v4][heartbeat] enter=True sorting=False cam=LIVE ai=LIVE cam_fps=54.4 pub_fps=30.4 frames=59571 result_subs=1 roi=ok intrinsic=ok inference_age_ms=56 target=none transport=False sorting_thread=alive
12:08:27 [v4][heartbeat] enter=True sorting=False cam=LIVE ai=LIVE cam_fps=56.4 pub_fps=30.2 frames=59853 result_subs=1 roi=ok intrinsic=ok inference_age_ms=96 target=none transport=False sorting_thread=alive
12:08:32 [v4][heartbeat] enter=True sorting=False cam=LIVE ai=LIVE cam_fps=56.2 pub_fps=30.4 frames=60134 result_subs=1 roi=ok intrinsic=ok inference_age_ms=113 target=none transport=False sorting_thread=alive
12:08:37 [v4][heartbeat] enter=True sorting=False cam=LIVE ai=LIVE cam_fps=54.8 pub_fps=30.2 frames=60408 result_subs=1 roi=ok intrinsic=ok inference_age_ms=100 target=none transport=False sorting_thread=alive
12:08:42 [v4][heartbeat] enter=True sorting=False cam=LIVE ai=LIVE cam_fps=57.8 pub_fps=30.4 frames=60697 result_subs=1 roi=ok intrinsic=ok inference_age_ms=65 target=none transport=False sorting_thread=alive
12:08:47 [v4][heartbeat] enter=True sorting=False cam=LIVE ai=LIVE cam_fps=53.4 pub_fps=30.2 frames=60964 result_subs=1 roi=ok intrinsic=ok inference_age_ms=124 target=none transport=False sorting_thread=alive
12:08:52 [v4][heartbeat] enter=True sorting=False cam=LIVE ai=LIVE cam_fps=53.4 pub_fps=30.4 frames=61231 result_subs=1 roi=ok intrinsic=ok inference_age_ms=104 target=none transport=False sorting_thread=alive
12:08:57 [v4][heartbeat] enter=True sorting=False cam=LIVE ai=LIVE cam_fps=56.8 pub_fps=30.2 frames=61515 result_subs=1 roi=ok intrinsic=ok inference_age_ms=100 target=none transport=False sorting_thread=alive
12:09:02 [v4][heartbeat] enter=True sorting=False cam=LIVE ai=LIVE cam_fps=54.2 pub_fps=30.4 frames=61786 result_subs=1 roi=ok intrinsic=ok inference_age_ms=119 target=none transport=False sorting_thread=alive
12:09:07 [v4][heartbeat] enter=True sorting=False cam=LIVE ai=LIVE cam_fps=57.0 pub_fps=30.2 frames=62071 result_subs=1 roi=ok intrinsic=ok inference_age_ms=97 target=none transport=False sorting_thread=alive
12:09:12 [v4][heartbeat] enter=True sorting=False cam=LIVE ai=LIVE cam_fps=53.0 pub_fps=30.4 frames=62336 result_subs=1 roi=ok intrinsic=ok inference_age_ms=97 target=none transport=False sorting_thread=alive
12:09:17 [v4][heartbeat] enter=True sorting=False cam=LIVE ai=LIVE cam_fps=54.6 pub_fps=30.2 frames=62609 result_subs=1 roi=ok intrinsic=ok inference_age_ms=82 target=none transport=False sorting_thread=alive
12:09:22 [v4][heartbeat] enter=True sorting=False cam=LIVE ai=LIVE cam_fps=56.4 pub_fps=30.4 frames=62891 result_subs=1 roi=ok intrinsic=ok inference_age_ms=65 target=none transport=False sorting_thread=alive
12:09:27 [v4][heartbeat] enter=True sorting=False cam=LIVE ai=LIVE cam_fps=54.2 pub_fps=30.2 frames=63162 result_subs=1 roi=ok intrinsic=ok inference_age_ms=81 target=none transport=False sorting_thread=alive
12:09:32 [v4][heartbeat] enter=True sorting=False cam=LIVE ai=LIVE cam_fps=56.6 pub_fps=30.4 frames=63445 result_subs=1 roi=ok intrinsic=ok inference_age_ms=143 target=none transport=False sorting_thread=alive
12:09:37 [v4][heartbeat] enter=True sorting=False cam=LIVE ai=LIVE cam_fps=53.4 pub_fps=30.2 frames=63712 result_subs=1 roi=ok intrinsic=ok inference_age_ms=65 target=none transport=False sorting_thread=alive
12:09:42 [v4][heartbeat] enter=True sorting=False cam=LIVE ai=LIVE cam_fps=54.2 pub_fps=30.4 frames=63983 result_subs=1 roi=ok intrinsic=ok inference_age_ms=97 target=none transport=False sorting_thread=alive
12:09:47 [v4][heartbeat] enter=True sorting=False cam=LIVE ai=LIVE cam_fps=55.8 pub_fps=30.2 frames=64262 result_subs=1 roi=ok intrinsic=ok inference_age_ms=96 target=none transport=False sorting_thread=alive
12:09:52 [v4][heartbeat] enter=True sorting=False cam=LIVE ai=LIVE cam_fps=55.2 pub_fps=30.4 frames=64538 result_subs=1 roi=ok intrinsic=ok inference_age_ms=74 target=none transport=False sorting_thread=alive
12:09:57 [v4][heartbeat] enter=True sorting=False cam=LIVE ai=LIVE cam_fps=55.5 pub_fps=30.2 frames=64815 result_subs=1 roi=ok intrinsic=ok inference_age_ms=104 target=none transport=False sorting_thread=alive
12:10:02 [v4][heartbeat] enter=True sorting=False cam=LIVE ai=LIVE cam_fps=55.6 pub_fps=30.4 frames=65093 result_subs=1 roi=ok intrinsic=ok inference_age_ms=75 target=none transport=False sorting_thread=alive
12:10:07 [v4][heartbeat] enter=True sorting=False cam=LIVE ai=LIVE cam_fps=56.0 pub_fps=30.4 frames=65373 result_subs=1 roi=ok intrinsic=ok inference_age_ms=117 target=none transport=False sorting_thread=alive
12:10:12 [v4][heartbeat] enter=True sorting=False cam=LIVE ai=LIVE cam_fps=56.8 pub_fps=30.2 frames=65657 result_subs=1 roi=ok intrinsic=ok inference_age_ms=96 target=none transport=False sorting_thread=alive
12:10:17 [v4][heartbeat] enter=True sorting=False cam=LIVE ai=LIVE cam_fps=54.4 pub_fps=30.4 frames=65929 result_subs=1 roi=ok intrinsic=ok inference_age_ms=63 target=none transport=False sorting_thread=alive
12:10:22 [v4][heartbeat] enter=True sorting=False cam=LIVE ai=LIVE cam_fps=55.7 pub_fps=30.2 frames=66208 result_subs=1 roi=ok intrinsic=ok inference_age_ms=65 target=none transport=False sorting_thread=alive
12:10:27 [v4][heartbeat] enter=True sorting=False cam=LIVE ai=LIVE cam_fps=57.4 pub_fps=30.4 frames=66495 result_subs=1 roi=ok intrinsic=ok inference_age_ms=125 target=none transport=False sorting_thread=alive
12:10:32 [v4][heartbeat] enter=True sorting=False cam=LIVE ai=LIVE cam_fps=54.5 pub_fps=30.2 frames=66767 result_subs=1 roi=ok intrinsic=ok inference_age_ms=105 target=none transport=False sorting_thread=alive
12:10:37 [v4][heartbeat] enter=True sorting=False cam=LIVE ai=LIVE cam_fps=56.0 pub_fps=30.4 frames=67047 result_subs=1 roi=ok intrinsic=ok inference_age_ms=108 target=none transport=False sorting_thread=alive
12:10:42 [v4][heartbeat] enter=True sorting=False cam=LIVE ai=LIVE cam_fps=55.2 pub_fps=30.2 frames=67323 result_subs=1 roi=ok intrinsic=ok inference_age_ms=77 target=none transport=False sorting_thread=alive
12:10:47 [v4][heartbeat] enter=True sorting=False cam=LIVE ai=LIVE cam_fps=55.8 pub_fps=30.4 frames=67602 result_subs=1 roi=ok intrinsic=ok inference_age_ms=84 target=none transport=False sorting_thread=alive
12:10:52 [v4][heartbeat] enter=True sorting=False cam=LIVE ai=LIVE cam_fps=57.0 pub_fps=30.2 frames=67887 result_subs=1 roi=ok intrinsic=ok inference_age_ms=86 target=none transport=False sorting_thread=alive
12:10:57 [v4][heartbeat] enter=True sorting=False cam=LIVE ai=LIVE cam_fps=53.2 pub_fps=30.4 frames=68153 result_subs=1 roi=ok intrinsic=ok inference_age_ms=85 target=none transport=False sorting_thread=alive
12:11:02 [v4][heartbeat] enter=True sorting=False cam=LIVE ai=LIVE cam_fps=57.0 pub_fps=30.2 frames=68438 result_subs=1 roi=ok intrinsic=ok inference_age_ms=81 target=none transport=False sorting_thread=alive
12:11:07 [v4][heartbeat] enter=True sorting=False cam=LIVE ai=LIVE cam_fps=55.4 pub_fps=30.4 frames=68715 result_subs=1 roi=ok intrinsic=ok inference_age_ms=87 target=none transport=False sorting_thread=alive
12:11:12 [v4][heartbeat] enter=True sorting=False cam=LIVE ai=LIVE cam_fps=53.6 pub_fps=30.2 frames=68983 result_subs=1 roi=ok intrinsic=ok inference_age_ms=98 target=none transport=False sorting_thread=alive
12:11:17 [v4][heartbeat] enter=True sorting=False cam=LIVE ai=LIVE cam_fps=58.8 pub_fps=30.4 frames=69277 result_subs=1 roi=ok intrinsic=ok inference_age_ms=74 target=none transport=False sorting_thread=alive
12:11:22 [v4][heartbeat] enter=True sorting=False cam=LIVE ai=LIVE cam_fps=54.0 pub_fps=30.2 frames=69547 result_subs=1 roi=ok intrinsic=ok inference_age_ms=48 target=none transport=False sorting_thread=alive
12:11:27 [v4][heartbeat] enter=True sorting=False cam=LIVE ai=LIVE cam_fps=56.8 pub_fps=30.4 frames=69831 result_subs=1 roi=ok intrinsic=ok inference_age_ms=118 target=none transport=False sorting_thread=alive
12:11:32 [v4][heartbeat] enter=True sorting=False cam=LIVE ai=LIVE cam_fps=54.8 pub_fps=30.2 frames=70105 result_subs=1 roi=ok intrinsic=ok inference_age_ms=53 target=none transport=False sorting_thread=alive
12:11:37 [v4][heartbeat] enter=True sorting=False cam=LIVE ai=LIVE cam_fps=53.6 pub_fps=30.4 frames=70373 result_subs=1 roi=ok intrinsic=ok inference_age_ms=78 target=none transport=False sorting_thread=alive
12:11:42 [v4][heartbeat] enter=True sorting=False cam=LIVE ai=LIVE cam_fps=56.6 pub_fps=30.2 frames=70656 result_subs=1 roi=ok intrinsic=ok inference_age_ms=103 target=none transport=False sorting_thread=alive
12:11:47 [v4][heartbeat] enter=True sorting=False cam=LIVE ai=LIVE cam_fps=52.8 pub_fps=30.4 frames=70920 result_subs=1 roi=ok intrinsic=ok inference_age_ms=87 target=none transport=False sorting_thread=alive
12:11:52 [v4][heartbeat] enter=True sorting=False cam=LIVE ai=LIVE cam_fps=55.0 pub_fps=30.2 frames=71195 result_subs=1 roi=ok intrinsic=ok inference_age_ms=92 target=none transport=False sorting_thread=alive
12:11:57 [v4][heartbeat] enter=True sorting=False cam=LIVE ai=LIVE cam_fps=54.2 pub_fps=30.4 frames=71466 result_subs=1 roi=ok intrinsic=ok inference_age_ms=96 target=none transport=False sorting_thread=alive
12:12:02 [v4][heartbeat] enter=True sorting=False cam=LIVE ai=LIVE cam_fps=53.0 pub_fps=30.2 frames=71731 result_subs=1 roi=ok intrinsic=ok inference_age_ms=69 target=none transport=False sorting_thread=alive
12:12:07 [v4][heartbeat] enter=True sorting=False cam=LIVE ai=LIVE cam_fps=57.4 pub_fps=30.4 frames=72018 result_subs=1 roi=ok intrinsic=ok inference_age_ms=83 target=none transport=False sorting_thread=alive
12:12:12 [v4][heartbeat] enter=True sorting=False cam=LIVE ai=LIVE cam_fps=54.2 pub_fps=30.2 frames=72289 result_subs=1 roi=ok intrinsic=ok inference_age_ms=110 target=none transport=False sorting_thread=alive
12:12:17 [v4][heartbeat] enter=True sorting=False cam=LIVE ai=LIVE cam_fps=54.0 pub_fps=30.4 frames=72559 result_subs=1 roi=ok intrinsic=ok inference_age_ms=42 target=none transport=False sorting_thread=alive
12:12:22 [v4][heartbeat] enter=True sorting=False cam=LIVE ai=LIVE cam_fps=56.8 pub_fps=30.2 frames=72843 result_subs=1 roi=ok intrinsic=ok inference_age_ms=90 target=none transport=False sorting_thread=alive
12:12:27 [v4][heartbeat] enter=True sorting=False cam=LIVE ai=LIVE cam_fps=51.8 pub_fps=30.4 frames=73102 result_subs=1 roi=ok intrinsic=ok inference_age_ms=91 target=none transport=False sorting_thread=alive
12:12:32 [v4][heartbeat] enter=True sorting=False cam=LIVE ai=LIVE cam_fps=57.8 pub_fps=30.2 frames=73391 result_subs=1 roi=ok intrinsic=ok inference_age_ms=91 target=none transport=False sorting_thread=alive
12:12:37 [v4][heartbeat] enter=True sorting=False cam=LIVE ai=LIVE cam_fps=56.0 pub_fps=30.4 frames=73671 result_subs=1 roi=ok intrinsic=ok inference_age_ms=82 target=none transport=False sorting_thread=alive
12:12:42 [v4][heartbeat] enter=True sorting=False cam=LIVE ai=LIVE cam_fps=53.8 pub_fps=30.2 frames=73940 result_subs=1 roi=ok intrinsic=ok inference_age_ms=119 target=none transport=False sorting_thread=alive
12:12:47 [v4][heartbeat] enter=True sorting=False cam=LIVE ai=LIVE cam_fps=56.4 pub_fps=30.4 frames=74222 result_subs=1 roi=ok intrinsic=ok inference_age_ms=93 target=none transport=False sorting_thread=alive
12:12:52 [v4][heartbeat] enter=True sorting=False cam=LIVE ai=LIVE cam_fps=54.1 pub_fps=30.4 frames=74493 result_subs=1 roi=ok intrinsic=ok inference_age_ms=107 target=none transport=False sorting_thread=alive
12:12:57 [v4][heartbeat] enter=True sorting=False cam=LIVE ai=LIVE cam_fps=56.1 pub_fps=30.3 frames=74773 result_subs=1 roi=ok intrinsic=ok inference_age_ms=83 target=none transport=False sorting_thread=alive
12:13:02 [v4][heartbeat] enter=True sorting=False cam=LIVE ai=LIVE cam_fps=54.0 pub_fps=30.4 frames=75043 result_subs=1 roi=ok intrinsic=ok inference_age_ms=84 target=none transport=False sorting_thread=alive
12:13:07 [v4][heartbeat] enter=True sorting=False cam=LIVE ai=LIVE cam_fps=52.2 pub_fps=30.2 frames=75304 result_subs=1 roi=ok intrinsic=ok inference_age_ms=77 target=none transport=False sorting_thread=alive
12:13:12 [v4][heartbeat] enter=True sorting=False cam=LIVE ai=LIVE cam_fps=57.0 pub_fps=30.4 frames=75589 result_subs=1 roi=ok intrinsic=ok inference_age_ms=111 target=none transport=False sorting_thread=alive
12:13:17 [v4][heartbeat] enter=True sorting=False cam=LIVE ai=LIVE cam_fps=54.6 pub_fps=30.2 frames=75862 result_subs=1 roi=ok intrinsic=ok inference_age_ms=108 target=none transport=False sorting_thread=alive
12:13:22 [v4][heartbeat] enter=True sorting=False cam=LIVE ai=LIVE cam_fps=54.6 pub_fps=30.2 frames=76135 result_subs=1 roi=ok intrinsic=ok inference_age_ms=76 target=none transport=False sorting_thread=alive
12:13:27 [v4][heartbeat] enter=True sorting=False cam=LIVE ai=LIVE cam_fps=55.4 pub_fps=30.4 frames=76412 result_subs=1 roi=ok intrinsic=ok inference_age_ms=110 target=none transport=False sorting_thread=alive
12:13:32 [v4][heartbeat] enter=True sorting=False cam=LIVE ai=LIVE cam_fps=54.2 pub_fps=30.4 frames=76683 result_subs=1 roi=ok intrinsic=ok inference_age_ms=106 target=none transport=False sorting_thread=alive
12:13:37 [v4][heartbeat] enter=True sorting=False cam=LIVE ai=LIVE cam_fps=57.2 pub_fps=30.2 frames=76969 result_subs=1 roi=ok intrinsic=ok inference_age_ms=140 target=none transport=False sorting_thread=alive
12:13:42 [v4][heartbeat] enter=True sorting=False cam=LIVE ai=LIVE cam_fps=55.4 pub_fps=30.4 frames=77246 result_subs=1 roi=ok intrinsic=ok inference_age_ms=106 target=none transport=False sorting_thread=alive
12:13:47 [v4][heartbeat] enter=True sorting=False cam=LIVE ai=LIVE cam_fps=54.4 pub_fps=30.2 frames=77518 result_subs=1 roi=ok intrinsic=ok inference_age_ms=77 target=none transport=False sorting_thread=alive
12:13:52 [v4][heartbeat] enter=True sorting=False cam=LIVE ai=LIVE cam_fps=57.2 pub_fps=30.4 frames=77804 result_subs=1 roi=ok intrinsic=ok inference_age_ms=97 target=none transport=False sorting_thread=alive
12:13:57 [v4][heartbeat] enter=True sorting=False cam=LIVE ai=LIVE cam_fps=53.2 pub_fps=30.2 frames=78070 result_subs=1 roi=ok intrinsic=ok inference_age_ms=79 target=none transport=False sorting_thread=alive
12:14:02 [v4][heartbeat] enter=True sorting=False cam=LIVE ai=LIVE cam_fps=56.8 pub_fps=30.4 frames=78354 result_subs=1 roi=ok intrinsic=ok inference_age_ms=120 target=none transport=False sorting_thread=alive
12:14:07 [v4][heartbeat] enter=True sorting=False cam=LIVE ai=LIVE cam_fps=52.6 pub_fps=30.2 frames=78617 result_subs=1 roi=ok intrinsic=ok inference_age_ms=85 target=none transport=False sorting_thread=alive
12:14:12 [v4][heartbeat] enter=True sorting=False cam=LIVE ai=LIVE cam_fps=53.4 pub_fps=30.4 frames=78884 result_subs=1 roi=ok intrinsic=ok inference_age_ms=100 target=none transport=False sorting_thread=alive
12:14:17 [v4][heartbeat] enter=True sorting=False cam=LIVE ai=LIVE cam_fps=56.2 pub_fps=30.2 frames=79165 result_subs=1 roi=ok intrinsic=ok inference_age_ms=129 target=none transport=False sorting_thread=alive
12:14:22 [v4][heartbeat] enter=True sorting=False cam=LIVE ai=LIVE cam_fps=55.0 pub_fps=30.4 frames=79440 result_subs=1 roi=ok intrinsic=ok inference_age_ms=62 target=none transport=False sorting_thread=alive
12:14:27 [v4][heartbeat] enter=True sorting=False cam=LIVE ai=LIVE cam_fps=55.4 pub_fps=30.2 frames=79717 result_subs=1 roi=ok intrinsic=ok inference_age_ms=70 target=none transport=False sorting_thread=alive
12:14:32 [v4][heartbeat] enter=True sorting=False cam=LIVE ai=LIVE cam_fps=55.0 pub_fps=30.4 frames=79992 result_subs=1 roi=ok intrinsic=ok inference_age_ms=85 target=none transport=False sorting_thread=alive
12:14:37 [v4][heartbeat] enter=True sorting=False cam=LIVE ai=LIVE cam_fps=56.0 pub_fps=30.2 frames=80272 result_subs=1 roi=ok intrinsic=ok inference_age_ms=116 target=none transport=False sorting_thread=alive
12:14:42 [v4][heartbeat] enter=True sorting=False cam=LIVE ai=LIVE cam_fps=57.2 pub_fps=30.4 frames=80558 result_subs=1 roi=ok intrinsic=ok inference_age_ms=100 target=none transport=False sorting_thread=alive
12:14:47 [v4][heartbeat] enter=True sorting=False cam=LIVE ai=LIVE cam_fps=55.4 pub_fps=30.2 frames=80835 result_subs=1 roi=ok intrinsic=ok inference_age_ms=102 target=none transport=False sorting_thread=alive
12:14:52 [v4][heartbeat] enter=True sorting=False cam=LIVE ai=LIVE cam_fps=56.8 pub_fps=30.4 frames=81119 result_subs=1 roi=ok intrinsic=ok inference_age_ms=128 target=none transport=False sorting_thread=alive
12:14:57 [v4][heartbeat] enter=True sorting=False cam=LIVE ai=LIVE cam_fps=53.4 pub_fps=30.2 frames=81386 result_subs=1 roi=ok intrinsic=ok inference_age_ms=127 target=none transport=False sorting_thread=alive
12:15:02 [v4][heartbeat] enter=True sorting=False cam=LIVE ai=LIVE cam_fps=53.2 pub_fps=30.4 frames=81652 result_subs=1 roi=ok intrinsic=ok inference_age_ms=137 target=none transport=False sorting_thread=alive
12:15:07 [v4][heartbeat] enter=True sorting=False cam=LIVE ai=LIVE cam_fps=57.0 pub_fps=30.2 frames=81937 result_subs=1 roi=ok intrinsic=ok inference_age_ms=62 target=none transport=False sorting_thread=alive
12:15:12 [v4][heartbeat] enter=True sorting=False cam=LIVE ai=LIVE cam_fps=54.2 pub_fps=30.4 frames=82208 result_subs=1 roi=ok intrinsic=ok inference_age_ms=92 target=none transport=False sorting_thread=alive
12:15:17 [v4][heartbeat] enter=True sorting=False cam=LIVE ai=LIVE cam_fps=56.0 pub_fps=30.2 frames=82488 result_subs=1 roi=ok intrinsic=ok inference_age_ms=66 target=none transport=False sorting_thread=alive
12:15:22 [v4][heartbeat] enter=True sorting=False cam=LIVE ai=LIVE cam_fps=56.8 pub_fps=30.4 frames=82772 result_subs=1 roi=ok intrinsic=ok inference_age_ms=103 target=none transport=False sorting_thread=alive
12:15:27 [v4][heartbeat] enter=True sorting=False cam=LIVE ai=LIVE cam_fps=56.6 pub_fps=30.2 frames=83055 result_subs=1 roi=ok intrinsic=ok inference_age_ms=75 target=none transport=False sorting_thread=alive
12:15:32 [v4][heartbeat] enter=True sorting=False cam=LIVE ai=LIVE cam_fps=58.0 pub_fps=30.4 frames=83345 result_subs=1 roi=ok intrinsic=ok inference_age_ms=127 target=none transport=False sorting_thread=alive
12:15:37 [v4][heartbeat] enter=True sorting=False cam=LIVE ai=LIVE cam_fps=56.2 pub_fps=30.2 frames=83626 result_subs=1 roi=ok intrinsic=ok inference_age_ms=52 target=none transport=False sorting_thread=alive
12:15:42 [v4][heartbeat] enter=True sorting=False cam=LIVE ai=LIVE cam_fps=56.0 pub_fps=30.4 frames=83906 result_subs=1 roi=ok intrinsic=ok inference_age_ms=105 target=none transport=False sorting_thread=alive
12:15:47 [v4][heartbeat] enter=True sorting=False cam=LIVE ai=LIVE cam_fps=55.6 pub_fps=30.4 frames=84184 result_subs=1 roi=ok intrinsic=ok inference_age_ms=58 target=none transport=False sorting_thread=alive
12:15:52 [v4][heartbeat] enter=True sorting=False cam=LIVE ai=LIVE cam_fps=54.6 pub_fps=30.2 frames=84457 result_subs=1 roi=ok intrinsic=ok inference_age_ms=71 target=none transport=False sorting_thread=alive
12:15:57 [v4][heartbeat] enter=True sorting=False cam=LIVE ai=LIVE cam_fps=56.8 pub_fps=30.2 frames=84741 result_subs=1 roi=ok intrinsic=ok inference_age_ms=130 target=none transport=False sorting_thread=alive
12:16:02 [v4][heartbeat] enter=True sorting=False cam=LIVE ai=LIVE cam_fps=52.8 pub_fps=30.4 frames=85005 result_subs=1 roi=ok intrinsic=ok inference_age_ms=92 target=none transport=False sorting_thread=alive
12:16:07 [v4][heartbeat] enter=True sorting=False cam=LIVE ai=LIVE cam_fps=55.2 pub_fps=30.4 frames=85281 result_subs=1 roi=ok intrinsic=ok inference_age_ms=56 target=none transport=False sorting_thread=alive
12:16:12 [v4][heartbeat] enter=True sorting=False cam=LIVE ai=LIVE cam_fps=56.4 pub_fps=30.2 frames=85563 result_subs=1 roi=ok intrinsic=ok inference_age_ms=119 target=none transport=False sorting_thread=alive
12:16:17 [v4][heartbeat] enter=True sorting=False cam=LIVE ai=LIVE cam_fps=51.8 pub_fps=30.4 frames=85822 result_subs=1 roi=ok intrinsic=ok inference_age_ms=62 target=none transport=False sorting_thread=alive
12:16:22 [v4][heartbeat] enter=True sorting=False cam=LIVE ai=LIVE cam_fps=55.4 pub_fps=30.2 frames=86099 result_subs=1 roi=ok intrinsic=ok inference_age_ms=93 target=none transport=False sorting_thread=alive
12:16:27 [v4][heartbeat] enter=True sorting=False cam=LIVE ai=LIVE cam_fps=54.8 pub_fps=30.4 frames=86373 result_subs=1 roi=ok intrinsic=ok inference_age_ms=68 target=none transport=False sorting_thread=alive
12:16:32 [v4][heartbeat] enter=True sorting=False cam=LIVE ai=LIVE cam_fps=55.4 pub_fps=30.2 frames=86650 result_subs=1 roi=ok intrinsic=ok inference_age_ms=129 target=none transport=False sorting_thread=alive
12:16:37 [v4][heartbeat] enter=True sorting=False cam=LIVE ai=LIVE cam_fps=55.2 pub_fps=30.4 frames=86926 result_subs=1 roi=ok intrinsic=ok inference_age_ms=90 target=none transport=False sorting_thread=alive
12:16:42 [v4][heartbeat] enter=True sorting=False cam=LIVE ai=LIVE cam_fps=54.0 pub_fps=30.2 frames=87196 result_subs=1 roi=ok intrinsic=ok inference_age_ms=87 target=none transport=False sorting_thread=alive
12:16:47 [v4][heartbeat] enter=True sorting=False cam=LIVE ai=LIVE cam_fps=56.4 pub_fps=30.4 frames=87478 result_subs=1 roi=ok intrinsic=ok inference_age_ms=81 target=none transport=False sorting_thread=alive
12:16:52 [v4][heartbeat] enter=True sorting=False cam=LIVE ai=LIVE cam_fps=54.4 pub_fps=30.2 frames=87750 result_subs=1 roi=ok intrinsic=ok inference_age_ms=77 target=none transport=False sorting_thread=alive
12:16:57 [v4][heartbeat] enter=True sorting=False cam=LIVE ai=LIVE cam_fps=55.2 pub_fps=30.4 frames=88026 result_subs=1 roi=ok intrinsic=ok inference_age_ms=136 target=none transport=False sorting_thread=alive
12:17:02 [v4][heartbeat] enter=True sorting=False cam=LIVE ai=LIVE cam_fps=56.0 pub_fps=30.2 frames=88306 result_subs=1 roi=ok intrinsic=ok inference_age_ms=81 target=none transport=False sorting_thread=alive
12:17:07 [v4][heartbeat] enter=True sorting=False cam=LIVE ai=LIVE cam_fps=53.6 pub_fps=30.4 frames=88574 result_subs=1 roi=ok intrinsic=ok inference_age_ms=64 target=none transport=False sorting_thread=alive
12:17:12 [v4][heartbeat] enter=True sorting=False cam=LIVE ai=LIVE cam_fps=56.2 pub_fps=30.2 frames=88855 result_subs=1 roi=ok intrinsic=ok inference_age_ms=96 target=none transport=False sorting_thread=alive
12:17:17 [v4][heartbeat] enter=True sorting=False cam=LIVE ai=LIVE cam_fps=54.8 pub_fps=30.4 frames=89129 result_subs=1 roi=ok intrinsic=ok inference_age_ms=82 target=none transport=False sorting_thread=alive
12:17:22 [v4][heartbeat] enter=True sorting=False cam=LIVE ai=LIVE cam_fps=56.0 pub_fps=30.2 frames=89409 result_subs=1 roi=ok intrinsic=ok inference_age_ms=79 target=none transport=False sorting_thread=alive
12:17:27 [v4][heartbeat] enter=True sorting=False cam=LIVE ai=LIVE cam_fps=58.2 pub_fps=30.4 frames=89700 result_subs=1 roi=ok intrinsic=ok inference_age_ms=59 target=none transport=False sorting_thread=alive
12:17:32 [v4][heartbeat] enter=True sorting=False cam=LIVE ai=LIVE cam_fps=55.0 pub_fps=30.2 frames=89975 result_subs=1 roi=ok intrinsic=ok inference_age_ms=74 target=none transport=False sorting_thread=alive
12:17:37 [v4][heartbeat] enter=True sorting=False cam=LIVE ai=LIVE cam_fps=54.4 pub_fps=30.4 frames=90247 result_subs=1 roi=ok intrinsic=ok inference_age_ms=72 target=none transport=False sorting_thread=alive
12:17:42 [v4][heartbeat] enter=True sorting=False cam=LIVE ai=LIVE cam_fps=55.4 pub_fps=30.2 frames=90524 result_subs=1 roi=ok intrinsic=ok inference_age_ms=58 target=none transport=False sorting_thread=alive
12:17:47 [v4][heartbeat] enter=True sorting=False cam=LIVE ai=LIVE cam_fps=54.8 pub_fps=30.4 frames=90798 result_subs=1 roi=ok intrinsic=ok inference_age_ms=104 target=none transport=False sorting_thread=alive
12:17:52 [v4][heartbeat] enter=True sorting=False cam=LIVE ai=LIVE cam_fps=56.8 pub_fps=30.2 frames=91082 result_subs=1 roi=ok intrinsic=ok inference_age_ms=115 target=none transport=False sorting_thread=alive
12:17:57 [v4][heartbeat] enter=True sorting=False cam=LIVE ai=LIVE cam_fps=53.4 pub_fps=30.4 frames=91349 result_subs=1 roi=ok intrinsic=ok inference_age_ms=76 target=none transport=False sorting_thread=alive
12:18:02 [v4][heartbeat] enter=True sorting=False cam=LIVE ai=LIVE cam_fps=55.6 pub_fps=30.2 frames=91627 result_subs=1 roi=ok intrinsic=ok inference_age_ms=100 target=none transport=False sorting_thread=alive
12:18:07 [v4][heartbeat] enter=True sorting=False cam=LIVE ai=LIVE cam_fps=57.4 pub_fps=30.4 frames=91914 result_subs=1 roi=ok intrinsic=ok inference_age_ms=69 target=none transport=False sorting_thread=alive
12:18:12 [v4][heartbeat] enter=True sorting=False cam=LIVE ai=LIVE cam_fps=54.6 pub_fps=30.2 frames=92187 result_subs=1 roi=ok intrinsic=ok inference_age_ms=90 target=none transport=False sorting_thread=alive
12:18:17 [v4][heartbeat] enter=True sorting=False cam=LIVE ai=LIVE cam_fps=55.0 pub_fps=30.4 frames=92462 result_subs=1 roi=ok intrinsic=ok inference_age_ms=97 target=none transport=False sorting_thread=alive
12:18:22 [v4][heartbeat] enter=True sorting=False cam=LIVE ai=LIVE cam_fps=54.0 pub_fps=30.2 frames=92732 result_subs=1 roi=ok intrinsic=ok inference_age_ms=91 target=none transport=False sorting_thread=alive
12:18:27 [v4][heartbeat] enter=True sorting=False cam=LIVE ai=LIVE cam_fps=52.8 pub_fps=30.4 frames=92996 result_subs=1 roi=ok intrinsic=ok inference_age_ms=83 target=none transport=False sorting_thread=alive
12:18:32 [v4][heartbeat] enter=True sorting=False cam=LIVE ai=LIVE cam_fps=55.3 pub_fps=30.4 frames=93273 result_subs=1 roi=ok intrinsic=ok inference_age_ms=97 target=none transport=False sorting_thread=alive
12:18:37 [v4][heartbeat] enter=True sorting=False cam=LIVE ai=LIVE cam_fps=52.6 pub_fps=30.2 frames=93536 result_subs=1 roi=ok intrinsic=ok inference_age_ms=109 target=none transport=False sorting_thread=alive
12:18:42 [v4][heartbeat] enter=True sorting=False cam=LIVE ai=LIVE cam_fps=57.2 pub_fps=30.2 frames=93822 result_subs=1 roi=ok intrinsic=ok inference_age_ms=126 target=none transport=False sorting_thread=alive
12:18:47 [v4][heartbeat] enter=True sorting=False cam=LIVE ai=LIVE cam_fps=55.6 pub_fps=30.4 frames=94100 result_subs=1 roi=ok intrinsic=ok inference_age_ms=72 target=none transport=False sorting_thread=alive
12:18:52 [v4][heartbeat] enter=True sorting=False cam=LIVE ai=LIVE cam_fps=52.6 pub_fps=30.4 frames=94363 result_subs=1 roi=ok intrinsic=ok inference_age_ms=87 target=none transport=False sorting_thread=alive
12:18:57 [v4][heartbeat] enter=True sorting=False cam=LIVE ai=LIVE cam_fps=56.2 pub_fps=30.2 frames=94644 result_subs=1 roi=ok intrinsic=ok inference_age_ms=88 target=none transport=False sorting_thread=alive
12:19:02 [v4][heartbeat] enter=True sorting=False cam=LIVE ai=LIVE cam_fps=54.2 pub_fps=30.4 frames=94915 result_subs=1 roi=ok intrinsic=ok inference_age_ms=111 target=none transport=False sorting_thread=alive
12:19:07 [v4][heartbeat] enter=True sorting=False cam=LIVE ai=LIVE cam_fps=54.6 pub_fps=30.2 frames=95188 result_subs=1 roi=ok intrinsic=ok inference_age_ms=116 target=none transport=False sorting_thread=alive
12:19:12 [v4][heartbeat] enter=True sorting=False cam=LIVE ai=LIVE cam_fps=57.1 pub_fps=30.4 frames=95474 result_subs=1 roi=ok intrinsic=ok inference_age_ms=95 target=none transport=False sorting_thread=alive
12:19:17 [v4][heartbeat] enter=True sorting=False cam=LIVE ai=LIVE cam_fps=52.5 pub_fps=30.3 frames=95736 result_subs=1 roi=ok intrinsic=ok inference_age_ms=107 target=none transport=False sorting_thread=alive
12:19:22 [v4][heartbeat] enter=True sorting=False cam=LIVE ai=LIVE cam_fps=58.4 pub_fps=30.4 frames=96028 result_subs=1 roi=ok intrinsic=ok inference_age_ms=92 target=none transport=False sorting_thread=alive
12:19:27 [v4][heartbeat] enter=True sorting=False cam=LIVE ai=LIVE cam_fps=54.4 pub_fps=30.2 frames=96300 result_subs=1 roi=ok intrinsic=ok inference_age_ms=119 target=none transport=False sorting_thread=alive
12:19:32 [v4][heartbeat] enter=True sorting=False cam=LIVE ai=LIVE cam_fps=54.6 pub_fps=30.4 frames=96573 result_subs=1 roi=ok intrinsic=ok inference_age_ms=106 target=none transport=False sorting_thread=alive
12:19:37 [v4][heartbeat] enter=True sorting=False cam=LIVE ai=LIVE cam_fps=56.6 pub_fps=30.2 frames=96856 result_subs=1 roi=ok intrinsic=ok inference_age_ms=65 target=none transport=False sorting_thread=alive
12:19:42 [v4][heartbeat] enter=True sorting=False cam=LIVE ai=LIVE cam_fps=53.2 pub_fps=30.4 frames=97122 result_subs=1 roi=ok intrinsic=ok inference_age_ms=90 target=none transport=False sorting_thread=alive
12:19:47 [v4][heartbeat] enter=True sorting=False cam=LIVE ai=LIVE cam_fps=55.2 pub_fps=30.2 frames=97398 result_subs=1 roi=ok intrinsic=ok inference_age_ms=134 target=none transport=False sorting_thread=alive
12:19:52 [v4][heartbeat] enter=True sorting=False cam=LIVE ai=LIVE cam_fps=54.8 pub_fps=30.4 frames=97672 result_subs=1 roi=ok intrinsic=ok inference_age_ms=64 target=none transport=False sorting_thread=alive
12:19:57 [v4][heartbeat] enter=True sorting=False cam=LIVE ai=LIVE cam_fps=56.0 pub_fps=30.2 frames=97952 result_subs=1 roi=ok intrinsic=ok inference_age_ms=131 target=none transport=False sorting_thread=alive
12:20:02 [v4][heartbeat] enter=True sorting=False cam=LIVE ai=LIVE cam_fps=55.6 pub_fps=30.4 frames=98230 result_subs=1 roi=ok intrinsic=ok inference_age_ms=81 target=none transport=False sorting_thread=alive
12:20:07 [v4][heartbeat] enter=True sorting=False cam=LIVE ai=LIVE cam_fps=53.2 pub_fps=30.2 frames=98496 result_subs=1 roi=ok intrinsic=ok inference_age_ms=109 target=none transport=False sorting_thread=alive
12:20:12 [v4][heartbeat] enter=True sorting=False cam=LIVE ai=LIVE cam_fps=56.1 pub_fps=30.4 frames=98777 result_subs=1 roi=ok intrinsic=ok inference_age_ms=95 target=none transport=False sorting_thread=alive
12:20:17 [v4][heartbeat] enter=True sorting=False cam=LIVE ai=LIVE cam_fps=55.7 pub_fps=30.3 frames=99055 result_subs=1 roi=ok intrinsic=ok inference_age_ms=77 target=none transport=False sorting_thread=alive
12:20:22 [v4][heartbeat] enter=True sorting=False cam=LIVE ai=LIVE cam_fps=53.6 pub_fps=30.4 frames=99323 result_subs=1 roi=ok intrinsic=ok inference_age_ms=58 target=none transport=False sorting_thread=alive
12:20:27 [v4][heartbeat] enter=True sorting=False cam=LIVE ai=LIVE cam_fps=56.6 pub_fps=30.2 frames=99606 result_subs=1 roi=ok intrinsic=ok inference_age_ms=90 target=none transport=False sorting_thread=alive
12:20:32 [v4][heartbeat] enter=True sorting=False cam=LIVE ai=LIVE cam_fps=53.1 pub_fps=30.4 frames=99872 result_subs=1 roi=ok intrinsic=ok inference_age_ms=77 target=none transport=False sorting_thread=alive
12:20:37 [v4][heartbeat] enter=True sorting=False cam=LIVE ai=LIVE cam_fps=57.0 pub_fps=30.2 frames=100157 result_subs=1 roi=ok intrinsic=ok inference_age_ms=116 target=none transport=False sorting_thread=alive
12:20:42 [v4][heartbeat] enter=True sorting=False cam=LIVE ai=LIVE cam_fps=55.9 pub_fps=30.4 frames=100436 result_subs=1 roi=ok intrinsic=ok inference_age_ms=133 target=none transport=False sorting_thread=alive
12:20:47 [v4][heartbeat] enter=True sorting=False cam=LIVE ai=LIVE cam_fps=55.4 pub_fps=30.2 frames=100713 result_subs=1 roi=ok intrinsic=ok inference_age_ms=93 target=none transport=False sorting_thread=alive
12:20:52 [v4][heartbeat] enter=True sorting=False cam=LIVE ai=LIVE cam_fps=56.2 pub_fps=30.4 frames=100994 result_subs=1 roi=ok intrinsic=ok inference_age_ms=93 target=none transport=False sorting_thread=alive
12:20:57 [v4][heartbeat] enter=True sorting=False cam=LIVE ai=LIVE cam_fps=54.6 pub_fps=30.2 frames=101267 result_subs=1 roi=ok intrinsic=ok inference_age_ms=70 target=none transport=False sorting_thread=alive
12:21:02 [v4][heartbeat] enter=True sorting=False cam=LIVE ai=LIVE cam_fps=57.0 pub_fps=30.4 frames=101552 result_subs=1 roi=ok intrinsic=ok inference_age_ms=79 target=none transport=False sorting_thread=alive
12:21:07 [v4][heartbeat] enter=True sorting=False cam=LIVE ai=LIVE cam_fps=56.5 pub_fps=30.4 frames=101835 result_subs=1 roi=ok intrinsic=ok inference_age_ms=126 target=none transport=False sorting_thread=alive
12:21:12 [v4][heartbeat] enter=True sorting=False cam=LIVE ai=LIVE cam_fps=54.9 pub_fps=30.2 frames=102109 result_subs=1 roi=ok intrinsic=ok inference_age_ms=118 target=none transport=False sorting_thread=alive
12:21:17 [v4][heartbeat] enter=True sorting=False cam=LIVE ai=LIVE cam_fps=54.4 pub_fps=30.4 frames=102381 result_subs=1 roi=ok intrinsic=ok inference_age_ms=98 target=none transport=False sorting_thread=alive
12:21:22 [v4][heartbeat] enter=True sorting=False cam=LIVE ai=LIVE cam_fps=53.2 pub_fps=30.2 frames=102647 result_subs=1 roi=ok intrinsic=ok inference_age_ms=69 target=none transport=False sorting_thread=alive
12:21:27 [v4][heartbeat] enter=True sorting=False cam=LIVE ai=LIVE cam_fps=56.6 pub_fps=30.4 frames=102930 result_subs=1 roi=ok intrinsic=ok inference_age_ms=98 target=none transport=False sorting_thread=alive
12:21:32 [v4][heartbeat] enter=True sorting=False cam=LIVE ai=LIVE cam_fps=57.4 pub_fps=30.2 frames=103217 result_subs=1 roi=ok intrinsic=ok inference_age_ms=88 target=none transport=False sorting_thread=alive
12:21:37 [v4][heartbeat] enter=True sorting=False cam=LIVE ai=LIVE cam_fps=53.4 pub_fps=30.4 frames=103484 result_subs=1 roi=ok intrinsic=ok inference_age_ms=126 target=none transport=False sorting_thread=alive
12:21:42 [v4][heartbeat] enter=True sorting=False cam=LIVE ai=LIVE cam_fps=57.3 pub_fps=30.2 frames=103770 result_subs=1 roi=ok intrinsic=ok inference_age_ms=100 target=none transport=False sorting_thread=alive
12:21:47 [v4][heartbeat] enter=True sorting=False cam=LIVE ai=LIVE cam_fps=54.3 pub_fps=30.4 frames=104042 result_subs=1 roi=ok intrinsic=ok inference_age_ms=110 target=none transport=False sorting_thread=alive
12:21:52 [v4][heartbeat] enter=True sorting=False cam=LIVE ai=LIVE cam_fps=57.8 pub_fps=30.2 frames=104331 result_subs=1 roi=ok intrinsic=ok inference_age_ms=115 target=none transport=False sorting_thread=alive
12:21:57 [v4][heartbeat] enter=True sorting=False cam=LIVE ai=LIVE cam_fps=56.5 pub_fps=30.4 frames=104614 result_subs=1 roi=ok intrinsic=ok inference_age_ms=126 target=none transport=False sorting_thread=alive
12:22:02 [v4][heartbeat] enter=True sorting=False cam=LIVE ai=LIVE cam_fps=54.3 pub_fps=30.3 frames=104885 result_subs=1 roi=ok intrinsic=ok inference_age_ms=137 target=none transport=False sorting_thread=alive
12:22:07 [v4][heartbeat] enter=True sorting=False cam=LIVE ai=LIVE cam_fps=56.4 pub_fps=30.4 frames=105167 result_subs=1 roi=ok intrinsic=ok inference_age_ms=86 target=none transport=False sorting_thread=alive
12:22:12 [v4][heartbeat] enter=True sorting=False cam=LIVE ai=LIVE cam_fps=55.8 pub_fps=30.2 frames=105446 result_subs=1 roi=ok intrinsic=ok inference_age_ms=75 target=none transport=False sorting_thread=alive
12:22:17 [v4][heartbeat] enter=True sorting=False cam=LIVE ai=LIVE cam_fps=52.9 pub_fps=30.4 frames=105711 result_subs=1 roi=ok intrinsic=ok inference_age_ms=66 target=none transport=False sorting_thread=alive
12:22:22 [v4][heartbeat] enter=True sorting=False cam=LIVE ai=LIVE cam_fps=56.7 pub_fps=30.2 frames=105994 result_subs=1 roi=ok intrinsic=ok inference_age_ms=98 target=none transport=False sorting_thread=alive
12:22:27 [v4][heartbeat] enter=True sorting=False cam=LIVE ai=LIVE cam_fps=54.0 pub_fps=30.4 frames=106264 result_subs=1 roi=ok intrinsic=ok inference_age_ms=119 target=none transport=False sorting_thread=alive
12:22:32 [v4][heartbeat] enter=True sorting=False cam=LIVE ai=LIVE cam_fps=57.2 pub_fps=30.2 frames=106550 result_subs=1 roi=ok intrinsic=ok inference_age_ms=67 target=none transport=False sorting_thread=alive
12:22:37 [v4][heartbeat] enter=True sorting=False cam=LIVE ai=LIVE cam_fps=55.0 pub_fps=30.4 frames=106825 result_subs=1 roi=ok intrinsic=ok inference_age_ms=101 target=none transport=False sorting_thread=alive
12:22:42 [v4][heartbeat] enter=True sorting=False cam=LIVE ai=LIVE cam_fps=53.9 pub_fps=30.2 frames=107094 result_subs=1 roi=ok intrinsic=ok inference_age_ms=135 target=none transport=False sorting_thread=alive
12:22:47 [v4][heartbeat] enter=True sorting=False cam=LIVE ai=LIVE cam_fps=55.8 pub_fps=30.4 frames=107373 result_subs=1 roi=ok intrinsic=ok inference_age_ms=67 target=none transport=False sorting_thread=alive
12:22:52 [v4][heartbeat] enter=True sorting=False cam=LIVE ai=LIVE cam_fps=53.0 pub_fps=30.2 frames=107638 result_subs=1 roi=ok intrinsic=ok inference_age_ms=119 target=none transport=False sorting_thread=alive
12:22:57 [v4][heartbeat] enter=True sorting=False cam=LIVE ai=LIVE cam_fps=56.0 pub_fps=30.4 frames=107918 result_subs=1 roi=ok intrinsic=ok inference_age_ms=130 target=none transport=False sorting_thread=alive
12:23:02 [v4][heartbeat] enter=True sorting=False cam=LIVE ai=LIVE cam_fps=54.6 pub_fps=30.2 frames=108191 result_subs=1 roi=ok intrinsic=ok inference_age_ms=100 target=none transport=False sorting_thread=alive
12:23:07 [v4][heartbeat] enter=True sorting=False cam=LIVE ai=LIVE cam_fps=54.6 pub_fps=30.4 frames=108464 result_subs=1 roi=ok intrinsic=ok inference_age_ms=100 target=none transport=False sorting_thread=alive
12:23:12 [v4][heartbeat] enter=True sorting=False cam=LIVE ai=LIVE cam_fps=57.0 pub_fps=30.2 frames=108749 result_subs=1 roi=ok intrinsic=ok inference_age_ms=48 target=none transport=False sorting_thread=alive
12:23:17 [v4][heartbeat] enter=True sorting=False cam=LIVE ai=LIVE cam_fps=55.0 pub_fps=30.4 frames=109024 result_subs=1 roi=ok intrinsic=ok inference_age_ms=54 target=none transport=False sorting_thread=alive
12:23:22 [v4][heartbeat] enter=True sorting=False cam=LIVE ai=LIVE cam_fps=56.0 pub_fps=30.2 frames=109304 result_subs=1 roi=ok intrinsic=ok inference_age_ms=88 target=none transport=False sorting_thread=alive
12:23:27 [v4][heartbeat] enter=True sorting=False cam=LIVE ai=LIVE cam_fps=57.0 pub_fps=30.4 frames=109589 result_subs=1 roi=ok intrinsic=ok inference_age_ms=100 target=none transport=False sorting_thread=alive
12:23:32 [v4][heartbeat] enter=True sorting=False cam=LIVE ai=LIVE cam_fps=52.8 pub_fps=30.2 frames=109853 result_subs=1 roi=ok intrinsic=ok inference_age_ms=78 target=none transport=False sorting_thread=alive
12:23:37 [v4][heartbeat] enter=True sorting=False cam=LIVE ai=LIVE cam_fps=56.2 pub_fps=30.4 frames=110134 result_subs=1 roi=ok intrinsic=ok inference_age_ms=67 target=none transport=False sorting_thread=alive
12:23:42 [v4][heartbeat] enter=True sorting=False cam=LIVE ai=LIVE cam_fps=54.3 pub_fps=30.4 frames=110406 result_subs=1 roi=ok intrinsic=ok inference_age_ms=126 target=none transport=False sorting_thread=alive
12:23:47 [v4][heartbeat] enter=True sorting=False cam=LIVE ai=LIVE cam_fps=55.2 pub_fps=30.2 frames=110682 result_subs=1 roi=ok intrinsic=ok inference_age_ms=57 target=none transport=False sorting_thread=alive
12:23:52 [v4][heartbeat] enter=True sorting=False cam=LIVE ai=LIVE cam_fps=55.6 pub_fps=30.4 frames=110960 result_subs=1 roi=ok intrinsic=ok inference_age_ms=91 target=none transport=False sorting_thread=alive
12:23:57 [v4][heartbeat] enter=True sorting=False cam=LIVE ai=LIVE cam_fps=49.8 pub_fps=30.2 frames=111209 result_subs=1 roi=ok intrinsic=ok inference_age_ms=117 target=none transport=False sorting_thread=alive
12:24:02 [v4][heartbeat] enter=True sorting=False cam=LIVE ai=LIVE cam_fps=56.1 pub_fps=30.4 frames=111490 result_subs=1 roi=ok intrinsic=ok inference_age_ms=107 target=none transport=False sorting_thread=alive
12:24:07 [v4][heartbeat] enter=True sorting=False cam=LIVE ai=LIVE cam_fps=54.4 pub_fps=30.2 frames=111762 result_subs=1 roi=ok intrinsic=ok inference_age_ms=105 target=none transport=False sorting_thread=alive
12:24:12 [v4][heartbeat] enter=True sorting=False cam=LIVE ai=LIVE cam_fps=55.6 pub_fps=30.4 frames=112040 result_subs=1 roi=ok intrinsic=ok inference_age_ms=110 target=none transport=False sorting_thread=alive
12:24:17 [v4][heartbeat] enter=True sorting=False cam=LIVE ai=LIVE cam_fps=57.6 pub_fps=30.2 frames=112328 result_subs=1 roi=ok intrinsic=ok inference_age_ms=76 target=none transport=False sorting_thread=alive
12:24:22 [v4][heartbeat] enter=True sorting=False cam=LIVE ai=LIVE cam_fps=51.0 pub_fps=30.4 frames=112583 result_subs=1 roi=ok intrinsic=ok inference_age_ms=57 target=none transport=False sorting_thread=alive
12:24:27 [v4][heartbeat] enter=True sorting=False cam=LIVE ai=LIVE cam_fps=53.6 pub_fps=30.2 frames=112851 result_subs=1 roi=ok intrinsic=ok inference_age_ms=108 target=none transport=False sorting_thread=alive
12:24:32 [v4][heartbeat] enter=True sorting=False cam=LIVE ai=LIVE cam_fps=56.0 pub_fps=30.4 frames=113131 result_subs=1 roi=ok intrinsic=ok inference_age_ms=106 target=none transport=False sorting_thread=alive
12:24:37 [v4][heartbeat] enter=True sorting=False cam=LIVE ai=LIVE cam_fps=54.4 pub_fps=30.2 frames=113403 result_subs=1 roi=ok intrinsic=ok inference_age_ms=108 target=none transport=False sorting_thread=alive
12:24:42 [v4][heartbeat] enter=True sorting=False cam=LIVE ai=LIVE cam_fps=56.2 pub_fps=30.4 frames=113684 result_subs=1 roi=ok intrinsic=ok inference_age_ms=58 target=none transport=False sorting_thread=alive
12:24:47 [v4][heartbeat] enter=True sorting=False cam=LIVE ai=LIVE cam_fps=53.0 pub_fps=30.2 frames=113949 result_subs=1 roi=ok intrinsic=ok inference_age_ms=149 target=none transport=False sorting_thread=alive
12:24:52 [v4][heartbeat] enter=True sorting=False cam=LIVE ai=LIVE cam_fps=55.2 pub_fps=30.4 frames=114225 result_subs=1 roi=ok intrinsic=ok inference_age_ms=65 target=none transport=False sorting_thread=alive
12:24:57 [v4][heartbeat] enter=True sorting=False cam=LIVE ai=LIVE cam_fps=55.6 pub_fps=30.2 frames=114503 result_subs=1 roi=ok intrinsic=ok inference_age_ms=80 target=none transport=False sorting_thread=alive
12:25:02 [v4][heartbeat] enter=True sorting=False cam=LIVE ai=LIVE cam_fps=52.8 pub_fps=30.4 frames=114767 result_subs=1 roi=ok intrinsic=ok inference_age_ms=68 target=none transport=False sorting_thread=alive
12:25:07 [v4][heartbeat] enter=True sorting=False cam=LIVE ai=LIVE cam_fps=57.0 pub_fps=30.2 frames=115052 result_subs=1 roi=ok intrinsic=ok inference_age_ms=73 target=none transport=False sorting_thread=alive
12:25:12 [v4][heartbeat] enter=True sorting=False cam=LIVE ai=LIVE cam_fps=53.0 pub_fps=30.4 frames=115317 result_subs=1 roi=ok intrinsic=ok inference_age_ms=88 target=none transport=False sorting_thread=alive
12:25:17 [v4][heartbeat] enter=True sorting=False cam=LIVE ai=LIVE cam_fps=56.2 pub_fps=30.2 frames=115598 result_subs=1 roi=ok intrinsic=ok inference_age_ms=109 target=none transport=False sorting_thread=alive
12:25:22 [v4][heartbeat] enter=True sorting=False cam=LIVE ai=LIVE cam_fps=55.8 pub_fps=30.4 frames=115877 result_subs=1 roi=ok intrinsic=ok inference_age_ms=128 target=none transport=False sorting_thread=alive
12:25:27 [v4][heartbeat] enter=True sorting=False cam=LIVE ai=LIVE cam_fps=53.8 pub_fps=30.2 frames=116146 result_subs=1 roi=ok intrinsic=ok inference_age_ms=96 target=none transport=False sorting_thread=alive
12:25:32 [v4][heartbeat] enter=True sorting=False cam=LIVE ai=LIVE cam_fps=57.4 pub_fps=30.4 frames=116433 result_subs=1 roi=ok intrinsic=ok inference_age_ms=122 target=none transport=False sorting_thread=alive
12:25:37 [v4][heartbeat] enter=True sorting=False cam=LIVE ai=LIVE cam_fps=51.8 pub_fps=30.2 frames=116692 result_subs=1 roi=ok intrinsic=ok inference_age_ms=96 target=none transport=False sorting_thread=alive
12:25:42 [v4][heartbeat] enter=True sorting=False cam=LIVE ai=LIVE cam_fps=54.6 pub_fps=30.4 frames=116965 result_subs=1 roi=ok intrinsic=ok inference_age_ms=120 target=none transport=False sorting_thread=alive
12:25:47 [v4][heartbeat] enter=True sorting=False cam=LIVE ai=LIVE cam_fps=57.0 pub_fps=30.2 frames=117250 result_subs=1 roi=ok intrinsic=ok inference_age_ms=84 target=none transport=False sorting_thread=alive
12:25:52 [v4][heartbeat] enter=True sorting=False cam=LIVE ai=LIVE cam_fps=52.6 pub_fps=30.4 frames=117513 result_subs=1 roi=ok intrinsic=ok inference_age_ms=125 target=none transport=False sorting_thread=alive
12:25:57 [v4][heartbeat] enter=True sorting=False cam=LIVE ai=LIVE cam_fps=55.0 pub_fps=30.2 frames=117788 result_subs=1 roi=ok intrinsic=ok inference_age_ms=83 target=none transport=False sorting_thread=alive
12:26:02 [v4][heartbeat] enter=True sorting=False cam=LIVE ai=LIVE cam_fps=52.4 pub_fps=30.4 frames=118050 result_subs=1 roi=ok intrinsic=ok inference_age_ms=106 target=none transport=False sorting_thread=alive
12:26:07 [v4][heartbeat] enter=True sorting=False cam=LIVE ai=LIVE cam_fps=53.8 pub_fps=30.2 frames=118319 result_subs=1 roi=ok intrinsic=ok inference_age_ms=98 target=none transport=False sorting_thread=alive
12:26:12 [v4][heartbeat] enter=True sorting=False cam=LIVE ai=LIVE cam_fps=56.2 pub_fps=30.4 frames=118600 result_subs=1 roi=ok intrinsic=ok inference_age_ms=132 target=none transport=False sorting_thread=alive
12:26:17 [v4][heartbeat] enter=True sorting=False cam=LIVE ai=LIVE cam_fps=53.8 pub_fps=30.2 frames=118869 result_subs=1 roi=ok intrinsic=ok inference_age_ms=126 target=none transport=False sorting_thread=alive
12:26:22 [v4][heartbeat] enter=True sorting=False cam=LIVE ai=LIVE cam_fps=55.4 pub_fps=30.4 frames=119146 result_subs=1 roi=ok intrinsic=ok inference_age_ms=100 target=none transport=False sorting_thread=alive
12:26:27 [v4][heartbeat] enter=True sorting=False cam=LIVE ai=LIVE cam_fps=54.4 pub_fps=30.4 frames=119418 result_subs=1 roi=ok intrinsic=ok inference_age_ms=108 target=none transport=False sorting_thread=alive
12:26:32 [v4][heartbeat] enter=True sorting=False cam=LIVE ai=LIVE cam_fps=54.4 pub_fps=30.2 frames=119690 result_subs=1 roi=ok intrinsic=ok inference_age_ms=93 target=none transport=False sorting_thread=alive
12:26:37 [v4][heartbeat] enter=True sorting=False cam=LIVE ai=LIVE cam_fps=57.6 pub_fps=30.4 frames=119978 result_subs=1 roi=ok intrinsic=ok inference_age_ms=60 target=none transport=False sorting_thread=alive
12:26:42 [v4][heartbeat] enter=True sorting=False cam=LIVE ai=LIVE cam_fps=54.2 pub_fps=30.2 frames=120249 result_subs=1 roi=ok intrinsic=ok inference_age_ms=136 target=none transport=False sorting_thread=alive
12:26:47 [v4][heartbeat] enter=True sorting=False cam=LIVE ai=LIVE cam_fps=54.0 pub_fps=30.4 frames=120519 result_subs=1 roi=ok intrinsic=ok inference_age_ms=121 target=none transport=False sorting_thread=alive
12:26:52 [v4][heartbeat] enter=True sorting=False cam=LIVE ai=LIVE cam_fps=56.4 pub_fps=30.2 frames=120801 result_subs=1 roi=ok intrinsic=ok inference_age_ms=97 target=none transport=False sorting_thread=alive
12:26:57 [v4][heartbeat] enter=True sorting=False cam=LIVE ai=LIVE cam_fps=52.5 pub_fps=30.4 frames=121064 result_subs=1 roi=ok intrinsic=ok inference_age_ms=82 target=none transport=False sorting_thread=alive
12:27:02 [v4][heartbeat] enter=True sorting=False cam=LIVE ai=LIVE cam_fps=57.1 pub_fps=30.2 frames=121349 result_subs=1 roi=ok intrinsic=ok inference_age_ms=113 target=none transport=False sorting_thread=alive
12:27:07 [v4][heartbeat] enter=True sorting=False cam=LIVE ai=LIVE cam_fps=53.4 pub_fps=30.4 frames=121616 result_subs=1 roi=ok intrinsic=ok inference_age_ms=67 target=none transport=False sorting_thread=alive
12:27:12 [v4][heartbeat] enter=True sorting=False cam=LIVE ai=LIVE cam_fps=54.4 pub_fps=30.2 frames=121888 result_subs=1 roi=ok intrinsic=ok inference_age_ms=104 target=none transport=False sorting_thread=alive
12:27:17 [v4][heartbeat] enter=True sorting=False cam=LIVE ai=LIVE cam_fps=56.2 pub_fps=30.4 frames=122169 result_subs=1 roi=ok intrinsic=ok inference_age_ms=80 target=none transport=False sorting_thread=alive
12:27:22 [v4][heartbeat] enter=True sorting=False cam=LIVE ai=LIVE cam_fps=55.6 pub_fps=30.2 frames=122447 result_subs=1 roi=ok intrinsic=ok inference_age_ms=125 target=none transport=False sorting_thread=alive
12:27:27 [v4][heartbeat] enter=True sorting=False cam=LIVE ai=LIVE cam_fps=56.8 pub_fps=30.4 frames=122731 result_subs=1 roi=ok intrinsic=ok inference_age_ms=133 target=none transport=False sorting_thread=alive
12:27:32 [v4][heartbeat] enter=True sorting=False cam=LIVE ai=LIVE cam_fps=56.3 pub_fps=30.2 frames=123013 result_subs=1 roi=ok intrinsic=ok inference_age_ms=80 target=none transport=False sorting_thread=alive
12:27:37 [v4][heartbeat] enter=True sorting=False cam=LIVE ai=LIVE cam_fps=55.5 pub_fps=30.5 frames=123290 result_subs=1 roi=ok intrinsic=ok inference_age_ms=91 target=none transport=False sorting_thread=alive
12:27:42 [v4][heartbeat] enter=True sorting=False cam=LIVE ai=LIVE cam_fps=57.8 pub_fps=30.2 frames=123579 result_subs=1 roi=ok intrinsic=ok inference_age_ms=41 target=none transport=False sorting_thread=alive
12:27:47 [v4][heartbeat] enter=True sorting=False cam=LIVE ai=LIVE cam_fps=53.8 pub_fps=30.4 frames=123848 result_subs=1 roi=ok intrinsic=ok inference_age_ms=75 target=none transport=False sorting_thread=alive
12:27:52 [v4][heartbeat] enter=True sorting=False cam=LIVE ai=LIVE cam_fps=56.6 pub_fps=30.2 frames=124131 result_subs=1 roi=ok intrinsic=ok inference_age_ms=111 target=none transport=False sorting_thread=alive
12:27:57 [v4][heartbeat] enter=True sorting=False cam=LIVE ai=LIVE cam_fps=53.0 pub_fps=30.4 frames=124396 result_subs=1 roi=ok intrinsic=ok inference_age_ms=133 target=none transport=False sorting_thread=alive
12:28:02 [v4][heartbeat] enter=True sorting=False cam=LIVE ai=LIVE cam_fps=55.4 pub_fps=30.2 frames=124673 result_subs=1 roi=ok intrinsic=ok inference_age_ms=81 target=none transport=False sorting_thread=alive
12:28:07 [v4][heartbeat] enter=True sorting=False cam=LIVE ai=LIVE cam_fps=55.6 pub_fps=30.4 frames=124951 result_subs=1 roi=ok intrinsic=ok inference_age_ms=53 target=none transport=False sorting_thread=alive
12:28:12 [v4][heartbeat] enter=True sorting=False cam=LIVE ai=LIVE cam_fps=54.4 pub_fps=30.2 frames=125223 result_subs=1 roi=ok intrinsic=ok inference_age_ms=142 target=none transport=False sorting_thread=alive
12:28:17 [v4][heartbeat] enter=True sorting=False cam=LIVE ai=LIVE cam_fps=56.0 pub_fps=30.4 frames=125503 result_subs=1 roi=ok intrinsic=ok inference_age_ms=85 target=none transport=False sorting_thread=alive
12:28:22 [v4][heartbeat] enter=True sorting=False cam=LIVE ai=LIVE cam_fps=55.2 pub_fps=30.2 frames=125779 result_subs=1 roi=ok intrinsic=ok inference_age_ms=70 target=none transport=False sorting_thread=alive
12:28:27 [v4][heartbeat] enter=True sorting=False cam=LIVE ai=LIVE cam_fps=53.2 pub_fps=30.4 frames=126045 result_subs=1 roi=ok intrinsic=ok inference_age_ms=73 target=none transport=False sorting_thread=alive
12:28:32 [v4][heartbeat] enter=True sorting=False cam=LIVE ai=LIVE cam_fps=56.6 pub_fps=30.2 frames=126328 result_subs=1 roi=ok intrinsic=ok inference_age_ms=126 target=none transport=False sorting_thread=alive
12:28:37 [v4][heartbeat] enter=True sorting=False cam=LIVE ai=LIVE cam_fps=53.4 pub_fps=30.4 frames=126595 result_subs=1 roi=ok intrinsic=ok inference_age_ms=92 target=none transport=False sorting_thread=alive
12:28:42 [v4][heartbeat] enter=True sorting=False cam=LIVE ai=LIVE cam_fps=56.0 pub_fps=30.2 frames=126875 result_subs=1 roi=ok intrinsic=ok inference_age_ms=97 target=none transport=False sorting_thread=alive
12:28:47 [v4][heartbeat] enter=True sorting=False cam=LIVE ai=LIVE cam_fps=56.6 pub_fps=30.4 frames=127158 result_subs=1 roi=ok intrinsic=ok inference_age_ms=107 target=none transport=False sorting_thread=alive
12:28:52 [v4][heartbeat] enter=True sorting=False cam=LIVE ai=LIVE cam_fps=53.8 pub_fps=30.2 frames=127427 result_subs=1 roi=ok intrinsic=ok inference_age_ms=103 target=none transport=False sorting_thread=alive
12:28:57 [v4][heartbeat] enter=True sorting=False cam=LIVE ai=LIVE cam_fps=56.4 pub_fps=30.4 frames=127709 result_subs=1 roi=ok intrinsic=ok inference_age_ms=106 target=none transport=False sorting_thread=alive
12:29:02 [v4][heartbeat] enter=True sorting=False cam=LIVE ai=LIVE cam_fps=53.4 pub_fps=30.2 frames=127976 result_subs=1 roi=ok intrinsic=ok inference_age_ms=99 target=none transport=False sorting_thread=alive
12:29:07 [v4][heartbeat] enter=True sorting=False cam=LIVE ai=LIVE cam_fps=56.6 pub_fps=30.4 frames=128259 result_subs=1 roi=ok intrinsic=ok inference_age_ms=78 target=none transport=False sorting_thread=alive
12:29:12 [v4][heartbeat] enter=True sorting=False cam=LIVE ai=LIVE cam_fps=55.6 pub_fps=30.4 frames=128537 result_subs=1 roi=ok intrinsic=ok inference_age_ms=87 target=none transport=False sorting_thread=alive
12:29:17 [v4][heartbeat] enter=True sorting=False cam=LIVE ai=LIVE cam_fps=55.2 pub_fps=30.2 frames=128813 result_subs=1 roi=ok intrinsic=ok inference_age_ms=82 target=none transport=False sorting_thread=alive
12:29:22 [v4][heartbeat] enter=True sorting=False cam=LIVE ai=LIVE cam_fps=55.6 pub_fps=30.4 frames=129091 result_subs=1 roi=ok intrinsic=ok inference_age_ms=45 target=none transport=False sorting_thread=alive
12:29:27 [v4][heartbeat] enter=True sorting=False cam=LIVE ai=LIVE cam_fps=56.5 pub_fps=30.2 frames=129373 result_subs=1 roi=ok intrinsic=ok inference_age_ms=123 target=none transport=False sorting_thread=alive
12:29:32 [v4][heartbeat] enter=True sorting=False cam=LIVE ai=LIVE cam_fps=56.4 pub_fps=30.4 frames=129655 result_subs=1 roi=ok intrinsic=ok inference_age_ms=52 target=none transport=False sorting_thread=alive
12:29:37 [v4][heartbeat] enter=True sorting=False cam=LIVE ai=LIVE cam_fps=56.2 pub_fps=30.2 frames=129936 result_subs=1 roi=ok intrinsic=ok inference_age_ms=86 target=none transport=False sorting_thread=alive
12:29:42 [v4][heartbeat] enter=True sorting=False cam=LIVE ai=LIVE cam_fps=53.3 pub_fps=30.3 frames=130203 result_subs=1 roi=ok intrinsic=ok inference_age_ms=94 target=none transport=False sorting_thread=alive
12:29:47 [v4][heartbeat] enter=True sorting=False cam=LIVE ai=LIVE cam_fps=57.5 pub_fps=30.2 frames=130490 result_subs=1 roi=ok intrinsic=ok inference_age_ms=107 target=none transport=False sorting_thread=alive
12:29:52 [v4][heartbeat] enter=True sorting=False cam=LIVE ai=LIVE cam_fps=55.4 pub_fps=30.4 frames=130767 result_subs=1 roi=ok intrinsic=ok inference_age_ms=124 target=none transport=False sorting_thread=alive
12:29:57 [v4][heartbeat] enter=True sorting=False cam=LIVE ai=LIVE cam_fps=55.7 pub_fps=30.2 frames=131045 result_subs=1 roi=ok intrinsic=ok inference_age_ms=64 target=none transport=False sorting_thread=alive
12:30:02 [v4][heartbeat] enter=True sorting=False cam=LIVE ai=LIVE cam_fps=58.0 pub_fps=30.4 frames=131335 result_subs=1 roi=ok intrinsic=ok inference_age_ms=88 target=none transport=False sorting_thread=alive
12:30:07 [v4][heartbeat] enter=True sorting=False cam=LIVE ai=LIVE cam_fps=50.8 pub_fps=30.2 frames=131589 result_subs=1 roi=ok intrinsic=ok inference_age_ms=96 target=none transport=False sorting_thread=alive
12:30:12 [v4][heartbeat] enter=True sorting=False cam=LIVE ai=LIVE cam_fps=56.3 pub_fps=30.4 frames=131871 result_subs=1 roi=ok intrinsic=ok inference_age_ms=87 target=none transport=False sorting_thread=alive
12:30:17 [v4][heartbeat] enter=True sorting=False cam=LIVE ai=LIVE cam_fps=53.3 pub_fps=30.2 frames=132137 result_subs=1 roi=ok intrinsic=ok inference_age_ms=72 target=none transport=False sorting_thread=alive
12:30:22 [v4][heartbeat] enter=True sorting=False cam=LIVE ai=LIVE cam_fps=54.4 pub_fps=30.4 frames=132409 result_subs=1 roi=ok intrinsic=ok inference_age_ms=87 target=none transport=False sorting_thread=alive
12:30:27 [v4][heartbeat] enter=True sorting=False cam=LIVE ai=LIVE cam_fps=55.6 pub_fps=30.2 frames=132687 result_subs=1 roi=ok intrinsic=ok inference_age_ms=53 target=none transport=False sorting_thread=alive
12:30:32 [v4][heartbeat] enter=True sorting=False cam=LIVE ai=LIVE cam_fps=53.6 pub_fps=30.4 frames=132955 result_subs=1 roi=ok intrinsic=ok inference_age_ms=96 target=none transport=False sorting_thread=alive
12:30:37 [v4][heartbeat] enter=True sorting=False cam=LIVE ai=LIVE cam_fps=55.6 pub_fps=30.2 frames=133233 result_subs=1 roi=ok intrinsic=ok inference_age_ms=111 target=none transport=False sorting_thread=alive
12:30:42 [v4][heartbeat] enter=True sorting=False cam=LIVE ai=LIVE cam_fps=54.8 pub_fps=30.4 frames=133507 result_subs=1 roi=ok intrinsic=ok inference_age_ms=115 target=none transport=False sorting_thread=alive
12:30:47 [v4][heartbeat] enter=True sorting=False cam=LIVE ai=LIVE cam_fps=52.0 pub_fps=30.2 frames=133767 result_subs=1 roi=ok intrinsic=ok inference_age_ms=80 target=none transport=False sorting_thread=alive
12:30:52 [v4][heartbeat] enter=True sorting=False cam=LIVE ai=LIVE cam_fps=56.8 pub_fps=30.4 frames=134051 result_subs=1 roi=ok intrinsic=ok inference_age_ms=95 target=none transport=False sorting_thread=alive
12:30:57 [v4][heartbeat] enter=True sorting=False cam=LIVE ai=LIVE cam_fps=54.4 pub_fps=30.2 frames=134323 result_subs=1 roi=ok intrinsic=ok inference_age_ms=39 target=none transport=False sorting_thread=alive
12:31:02 [v4][heartbeat] enter=True sorting=False cam=LIVE ai=LIVE cam_fps=54.9 pub_fps=30.4 frames=134598 result_subs=1 roi=ok intrinsic=ok inference_age_ms=130 target=none transport=False sorting_thread=alive
12:31:07 [v4][heartbeat] enter=True sorting=False cam=LIVE ai=LIVE cam_fps=54.5 pub_fps=30.2 frames=134870 result_subs=1 roi=ok intrinsic=ok inference_age_ms=105 target=none transport=False sorting_thread=alive
12:31:12 [v4][heartbeat] enter=True sorting=False cam=LIVE ai=LIVE cam_fps=52.2 pub_fps=30.4 frames=135131 result_subs=1 roi=ok intrinsic=ok inference_age_ms=56 target=none transport=False sorting_thread=alive
12:31:17 [v4][heartbeat] enter=True sorting=False cam=LIVE ai=LIVE cam_fps=57.4 pub_fps=30.2 frames=135418 result_subs=1 roi=ok intrinsic=ok inference_age_ms=95 target=none transport=False sorting_thread=alive
12:31:22 [v4][heartbeat] enter=True sorting=False cam=LIVE ai=LIVE cam_fps=54.0 pub_fps=30.4 frames=135688 result_subs=1 roi=ok intrinsic=ok inference_age_ms=121 target=none transport=False sorting_thread=alive
12:31:27 [v4][heartbeat] enter=True sorting=False cam=LIVE ai=LIVE cam_fps=54.6 pub_fps=30.2 frames=135961 result_subs=1 roi=ok intrinsic=ok inference_age_ms=81 target=none transport=False sorting_thread=alive
12:31:32 [v4][heartbeat] enter=True sorting=False cam=LIVE ai=LIVE cam_fps=54.6 pub_fps=30.4 frames=136234 result_subs=1 roi=ok intrinsic=ok inference_age_ms=100 target=none transport=False sorting_thread=alive
12:31:37 [v4][heartbeat] enter=True sorting=False cam=LIVE ai=LIVE cam_fps=53.6 pub_fps=30.2 frames=136502 result_subs=1 roi=ok intrinsic=ok inference_age_ms=47 target=none transport=False sorting_thread=alive
12:31:42 [v4][heartbeat] enter=True sorting=False cam=LIVE ai=LIVE cam_fps=57.4 pub_fps=30.4 frames=136789 result_subs=1 roi=ok intrinsic=ok inference_age_ms=118 target=none transport=False sorting_thread=alive
12:31:47 [v4][heartbeat] enter=True sorting=False cam=LIVE ai=LIVE cam_fps=54.4 pub_fps=30.2 frames=137061 result_subs=1 roi=ok intrinsic=ok inference_age_ms=112 target=none transport=False sorting_thread=alive
12:31:52 [v4][heartbeat] enter=True sorting=False cam=LIVE ai=LIVE cam_fps=56.0 pub_fps=30.4 frames=137341 result_subs=1 roi=ok intrinsic=ok inference_age_ms=99 target=none transport=False sorting_thread=alive
12:31:57 [v4][heartbeat] enter=True sorting=False cam=LIVE ai=LIVE cam_fps=56.2 pub_fps=30.4 frames=137622 result_subs=1 roi=ok intrinsic=ok inference_age_ms=103 target=none transport=False sorting_thread=alive
12:32:02 [v4][heartbeat] enter=True sorting=False cam=LIVE ai=LIVE cam_fps=54.0 pub_fps=30.2 frames=137892 result_subs=1 roi=ok intrinsic=ok inference_age_ms=88 target=none transport=False sorting_thread=alive
12:32:07 [v4][heartbeat] enter=True sorting=False cam=LIVE ai=LIVE cam_fps=56.2 pub_fps=30.2 frames=138173 result_subs=1 roi=ok intrinsic=ok inference_age_ms=81 target=none transport=False sorting_thread=alive
12:32:12 [v4][heartbeat] enter=True sorting=False cam=LIVE ai=LIVE cam_fps=55.2 pub_fps=30.4 frames=138449 result_subs=1 roi=ok intrinsic=ok inference_age_ms=111 target=none transport=False sorting_thread=alive
12:32:17 [v4][heartbeat] enter=True sorting=False cam=LIVE ai=LIVE cam_fps=52.4 pub_fps=30.2 frames=138711 result_subs=1 roi=ok intrinsic=ok inference_age_ms=98 target=none transport=False sorting_thread=alive
12:32:22 [v4][heartbeat] enter=True sorting=False cam=LIVE ai=LIVE cam_fps=55.6 pub_fps=30.4 frames=138989 result_subs=1 roi=ok intrinsic=ok inference_age_ms=75 target=none transport=False sorting_thread=alive
12:32:27 [v4][heartbeat] enter=True sorting=False cam=LIVE ai=LIVE cam_fps=54.6 pub_fps=30.4 frames=139262 result_subs=1 roi=ok intrinsic=ok inference_age_ms=110 target=none transport=False sorting_thread=alive
12:32:32 [v4][heartbeat] enter=True sorting=False cam=LIVE ai=LIVE cam_fps=56.5 pub_fps=30.2 frames=139544 result_subs=1 roi=ok intrinsic=ok inference_age_ms=64 target=none transport=False sorting_thread=alive
12:32:37 [v4][heartbeat] enter=True sorting=False cam=LIVE ai=LIVE cam_fps=54.9 pub_fps=30.4 frames=139819 result_subs=1 roi=ok intrinsic=ok inference_age_ms=86 target=none transport=False sorting_thread=alive
12:32:42 [v4][heartbeat] enter=True sorting=False cam=LIVE ai=LIVE cam_fps=54.7 pub_fps=30.2 frames=140092 result_subs=1 roi=ok intrinsic=ok inference_age_ms=112 target=none transport=False sorting_thread=alive
12:32:47 [v4][heartbeat] enter=True sorting=False cam=LIVE ai=LIVE cam_fps=57.6 pub_fps=30.4 frames=140380 result_subs=1 roi=ok intrinsic=ok inference_age_ms=118 target=none transport=False sorting_thread=alive
12:32:52 [v4][heartbeat] enter=True sorting=False cam=LIVE ai=LIVE cam_fps=53.6 pub_fps=30.2 frames=140648 result_subs=1 roi=ok intrinsic=ok inference_age_ms=76 target=none transport=False sorting_thread=alive
12:32:57 [v4][heartbeat] enter=True sorting=False cam=LIVE ai=LIVE cam_fps=56.0 pub_fps=30.4 frames=140928 result_subs=1 roi=ok intrinsic=ok inference_age_ms=113 target=none transport=False sorting_thread=alive
12:33:02 [v4][heartbeat] enter=True sorting=False cam=LIVE ai=LIVE cam_fps=53.4 pub_fps=30.2 frames=141195 result_subs=1 roi=ok intrinsic=ok inference_age_ms=92 target=none transport=False sorting_thread=alive
12:33:07 [v4][heartbeat] enter=True sorting=False cam=LIVE ai=LIVE cam_fps=55.2 pub_fps=30.4 frames=141471 result_subs=1 roi=ok intrinsic=ok inference_age_ms=132 target=none transport=False sorting_thread=alive
12:33:12 [v4][heartbeat] enter=True sorting=False cam=LIVE ai=LIVE cam_fps=58.2 pub_fps=30.2 frames=141762 result_subs=1 roi=ok intrinsic=ok inference_age_ms=75 target=none transport=False sorting_thread=alive
12:33:17 [v4][heartbeat] enter=True sorting=False cam=LIVE ai=LIVE cam_fps=55.3 pub_fps=30.4 frames=142039 result_subs=1 roi=ok intrinsic=ok inference_age_ms=91 target=none transport=False sorting_thread=alive
12:33:22 [v4][heartbeat] enter=True sorting=False cam=LIVE ai=LIVE cam_fps=56.0 pub_fps=30.2 frames=142319 result_subs=1 roi=ok intrinsic=ok inference_age_ms=100 target=none transport=False sorting_thread=alive
12:33:27 [v4][heartbeat] enter=True sorting=False cam=LIVE ai=LIVE cam_fps=55.6 pub_fps=30.4 frames=142597 result_subs=1 roi=ok intrinsic=ok inference_age_ms=133 target=none transport=False sorting_thread=alive
12:33:32 [v4][heartbeat] enter=True sorting=False cam=LIVE ai=LIVE cam_fps=55.4 pub_fps=30.2 frames=142874 result_subs=1 roi=ok intrinsic=ok inference_age_ms=124 target=none transport=False sorting_thread=alive
12:33:37 [v4][heartbeat] enter=True sorting=False cam=LIVE ai=LIVE cam_fps=56.0 pub_fps=30.4 frames=143154 result_subs=1 roi=ok intrinsic=ok inference_age_ms=73 target=none transport=False sorting_thread=alive
12:33:42 [v4][heartbeat] enter=True sorting=False cam=LIVE ai=LIVE cam_fps=56.6 pub_fps=30.2 frames=143437 result_subs=1 roi=ok intrinsic=ok inference_age_ms=93 target=none transport=False sorting_thread=alive
12:33:47 [v4][heartbeat] enter=True sorting=False cam=LIVE ai=LIVE cam_fps=54.4 pub_fps=30.4 frames=143709 result_subs=1 roi=ok intrinsic=ok inference_age_ms=126 target=none transport=False sorting_thread=alive
12:33:52 [v4][heartbeat] enter=True sorting=False cam=LIVE ai=LIVE cam_fps=56.8 pub_fps=30.2 frames=143993 result_subs=1 roi=ok intrinsic=ok inference_age_ms=131 target=none transport=False sorting_thread=alive
12:33:57 [v4][heartbeat] enter=True sorting=False cam=LIVE ai=LIVE cam_fps=54.6 pub_fps=30.4 frames=144266 result_subs=1 roi=ok intrinsic=ok inference_age_ms=127 target=none transport=False sorting_thread=alive
12:34:02 [v4][heartbeat] enter=True sorting=False cam=LIVE ai=LIVE cam_fps=58.4 pub_fps=30.2 frames=144558 result_subs=1 roi=ok intrinsic=ok inference_age_ms=107 target=none transport=False sorting_thread=alive
12:34:07 [v4][heartbeat] enter=True sorting=False cam=LIVE ai=LIVE cam_fps=55.4 pub_fps=30.4 frames=144835 result_subs=1 roi=ok intrinsic=ok inference_age_ms=74 target=none transport=False sorting_thread=alive
12:34:12 [v4][heartbeat] enter=True sorting=False cam=LIVE ai=LIVE cam_fps=54.2 pub_fps=30.2 frames=145106 result_subs=1 roi=ok intrinsic=ok inference_age_ms=129 target=none transport=False sorting_thread=alive
12:34:17 [v4][heartbeat] enter=True sorting=False cam=LIVE ai=LIVE cam_fps=57.0 pub_fps=30.4 frames=145391 result_subs=1 roi=ok intrinsic=ok inference_age_ms=88 target=none transport=False sorting_thread=alive
12:34:22 [v4][heartbeat] enter=True sorting=False cam=LIVE ai=LIVE cam_fps=55.3 pub_fps=30.2 frames=145667 result_subs=1 roi=ok intrinsic=ok inference_age_ms=97 target=none transport=False sorting_thread=alive
12:34:27 [v4][heartbeat] enter=True sorting=False cam=LIVE ai=LIVE cam_fps=56.0 pub_fps=30.4 frames=145947 result_subs=1 roi=ok intrinsic=ok inference_age_ms=84 target=none transport=False sorting_thread=alive
12:34:32 [v4][heartbeat] enter=True sorting=False cam=LIVE ai=LIVE cam_fps=55.4 pub_fps=30.2 frames=146224 result_subs=1 roi=ok intrinsic=ok inference_age_ms=118 target=none transport=False sorting_thread=alive
12:34:37 [v4][heartbeat] enter=True sorting=False cam=LIVE ai=LIVE cam_fps=55.0 pub_fps=30.4 frames=146499 result_subs=1 roi=ok intrinsic=ok inference_age_ms=132 target=none transport=False sorting_thread=alive
12:34:42 [v4][heartbeat] enter=True sorting=False cam=LIVE ai=LIVE cam_fps=56.2 pub_fps=30.2 frames=146780 result_subs=1 roi=ok intrinsic=ok inference_age_ms=57 target=none transport=False sorting_thread=alive
12:34:47 [v4][heartbeat] enter=True sorting=False cam=LIVE ai=LIVE cam_fps=53.2 pub_fps=30.4 frames=147046 result_subs=1 roi=ok intrinsic=ok inference_age_ms=126 target=none transport=False sorting_thread=alive
12:34:52 [v4][heartbeat] enter=True sorting=False cam=LIVE ai=LIVE cam_fps=55.0 pub_fps=30.4 frames=147321 result_subs=1 roi=ok intrinsic=ok inference_age_ms=67 target=none transport=False sorting_thread=alive
12:34:57 [v4][heartbeat] enter=True sorting=False cam=LIVE ai=LIVE cam_fps=55.7 pub_fps=30.2 frames=147599 result_subs=1 roi=ok intrinsic=ok inference_age_ms=95 target=none transport=False sorting_thread=alive
12:35:02 [v4][heartbeat] enter=True sorting=False cam=LIVE ai=LIVE cam_fps=53.7 pub_fps=30.4 frames=147868 result_subs=1 roi=ok intrinsic=ok inference_age_ms=85 target=none transport=False sorting_thread=alive
12:35:07 [v4][heartbeat] enter=True sorting=False cam=LIVE ai=LIVE cam_fps=57.4 pub_fps=30.2 frames=148155 result_subs=1 roi=ok intrinsic=ok inference_age_ms=127 target=none transport=False sorting_thread=alive
12:35:12 [v4][heartbeat] enter=True sorting=False cam=LIVE ai=LIVE cam_fps=55.6 pub_fps=30.4 frames=148433 result_subs=1 roi=ok intrinsic=ok inference_age_ms=80 target=none transport=False sorting_thread=alive
12:35:17 [v4][heartbeat] enter=True sorting=False cam=LIVE ai=LIVE cam_fps=55.2 pub_fps=30.2 frames=148709 result_subs=1 roi=ok intrinsic=ok inference_age_ms=122 target=none transport=False sorting_thread=alive
12:35:22 [v4][heartbeat] enter=True sorting=False cam=LIVE ai=LIVE cam_fps=55.1 pub_fps=30.4 frames=148985 result_subs=1 roi=ok intrinsic=ok inference_age_ms=115 target=none transport=False sorting_thread=alive
12:35:27 [v4][heartbeat] enter=True sorting=False cam=LIVE ai=LIVE cam_fps=54.7 pub_fps=30.2 frames=149258 result_subs=1 roi=ok intrinsic=ok inference_age_ms=93 target=none transport=False sorting_thread=alive
12:35:32 [v4][heartbeat] enter=True sorting=False cam=LIVE ai=LIVE cam_fps=58.0 pub_fps=30.4 frames=149548 result_subs=1 roi=ok intrinsic=ok inference_age_ms=100 target=none transport=False sorting_thread=alive
12:35:37 [v4][heartbeat] enter=True sorting=False cam=LIVE ai=LIVE cam_fps=54.4 pub_fps=30.2 frames=149820 result_subs=1 roi=ok intrinsic=ok inference_age_ms=112 target=none transport=False sorting_thread=alive
12:35:42 [v4][heartbeat] enter=True sorting=False cam=LIVE ai=LIVE cam_fps=55.3 pub_fps=30.4 frames=150097 result_subs=1 roi=ok intrinsic=ok inference_age_ms=141 target=none transport=False sorting_thread=alive
12:35:47 [v4][heartbeat] enter=True sorting=False cam=LIVE ai=LIVE cam_fps=57.8 pub_fps=30.2 frames=150386 result_subs=1 roi=ok intrinsic=ok inference_age_ms=127 target=none transport=False sorting_thread=alive
12:35:52 [v4][heartbeat] enter=True sorting=False cam=LIVE ai=LIVE cam_fps=53.4 pub_fps=30.4 frames=150653 result_subs=1 roi=ok intrinsic=ok inference_age_ms=120 target=none transport=False sorting_thread=alive
12:35:57 [v4][heartbeat] enter=True sorting=False cam=LIVE ai=LIVE cam_fps=57.0 pub_fps=30.2 frames=150938 result_subs=1 roi=ok intrinsic=ok inference_age_ms=94 target=none transport=False sorting_thread=alive
12:36:02 [v4][heartbeat] enter=True sorting=False cam=LIVE ai=LIVE cam_fps=55.0 pub_fps=30.4 frames=151213 result_subs=1 roi=ok intrinsic=ok inference_age_ms=63 target=none transport=False sorting_thread=alive
12:36:07 [v4][heartbeat] enter=True sorting=False cam=LIVE ai=LIVE cam_fps=54.8 pub_fps=30.2 frames=151487 result_subs=1 roi=ok intrinsic=ok inference_age_ms=72 target=none transport=False sorting_thread=alive
12:36:12 [v4][heartbeat] enter=True sorting=False cam=LIVE ai=LIVE cam_fps=56.6 pub_fps=30.4 frames=151770 result_subs=1 roi=ok intrinsic=ok inference_age_ms=81 target=none transport=False sorting_thread=alive
12:36:17 [v4][heartbeat] enter=True sorting=False cam=LIVE ai=LIVE cam_fps=55.4 pub_fps=30.2 frames=152047 result_subs=1 roi=ok intrinsic=ok inference_age_ms=81 target=none transport=False sorting_thread=alive
12:36:22 [v4][heartbeat] enter=True sorting=False cam=LIVE ai=LIVE cam_fps=56.0 pub_fps=30.4 frames=152327 result_subs=1 roi=ok intrinsic=ok inference_age_ms=125 target=none transport=False sorting_thread=alive
12:36:27 [v4][heartbeat] enter=True sorting=False cam=LIVE ai=LIVE cam_fps=56.4 pub_fps=30.2 frames=152609 result_subs=1 roi=ok intrinsic=ok inference_age_ms=86 target=none transport=False sorting_thread=alive
12:36:32 [v4][heartbeat] enter=True sorting=False cam=LIVE ai=LIVE cam_fps=55.6 pub_fps=30.4 frames=152887 result_subs=1 roi=ok intrinsic=ok inference_age_ms=59 target=none transport=False sorting_thread=alive
12:36:37 [v4][heartbeat] enter=True sorting=False cam=LIVE ai=LIVE cam_fps=57.9 pub_fps=30.2 frames=153177 result_subs=1 roi=ok intrinsic=ok inference_age_ms=61 target=none transport=False sorting_thread=alive
12:36:42 [v4][heartbeat] enter=True sorting=False cam=LIVE ai=LIVE cam_fps=54.2 pub_fps=30.4 frames=153448 result_subs=1 roi=ok intrinsic=ok inference_age_ms=114 target=none transport=False sorting_thread=alive
12:36:47 [v4][heartbeat] enter=True sorting=False cam=LIVE ai=LIVE cam_fps=57.4 pub_fps=30.2 frames=153735 result_subs=1 roi=ok intrinsic=ok inference_age_ms=108 target=none transport=False sorting_thread=alive
12:36:52 [v4][heartbeat] enter=True sorting=False cam=LIVE ai=LIVE cam_fps=57.4 pub_fps=30.4 frames=154022 result_subs=1 roi=ok intrinsic=ok inference_age_ms=146 target=none transport=False sorting_thread=alive
12:36:57 [v4][heartbeat] enter=True sorting=False cam=LIVE ai=LIVE cam_fps=54.8 pub_fps=30.2 frames=154296 result_subs=1 roi=ok intrinsic=ok inference_age_ms=84 target=none transport=False sorting_thread=alive
12:37:02 [v4][heartbeat] enter=True sorting=False cam=LIVE ai=LIVE cam_fps=56.4 pub_fps=30.4 frames=154578 result_subs=1 roi=ok intrinsic=ok inference_age_ms=57 target=none transport=False sorting_thread=alive
12:37:07 [v4][heartbeat] enter=True sorting=False cam=LIVE ai=LIVE cam_fps=55.0 pub_fps=30.2 frames=154853 result_subs=1 roi=ok intrinsic=ok inference_age_ms=48 target=none transport=False sorting_thread=alive
12:37:12 [v4][heartbeat] enter=True sorting=False cam=LIVE ai=LIVE cam_fps=56.0 pub_fps=30.4 frames=155133 result_subs=1 roi=ok intrinsic=ok inference_age_ms=129 target=none transport=False sorting_thread=alive
12:37:17 [v4][heartbeat] enter=True sorting=False cam=LIVE ai=LIVE cam_fps=55.2 pub_fps=30.2 frames=155409 result_subs=1 roi=ok intrinsic=ok inference_age_ms=82 target=none transport=False sorting_thread=alive
12:37:22 [v4][heartbeat] enter=True sorting=False cam=LIVE ai=LIVE cam_fps=53.8 pub_fps=30.4 frames=155678 result_subs=1 roi=ok intrinsic=ok inference_age_ms=88 target=none transport=False sorting_thread=alive
12:37:27 [v4][heartbeat] enter=True sorting=False cam=LIVE ai=LIVE cam_fps=57.8 pub_fps=30.2 frames=155967 result_subs=1 roi=ok intrinsic=ok inference_age_ms=116 target=none transport=False sorting_thread=alive
12:37:32 [v4][heartbeat] enter=True sorting=False cam=LIVE ai=LIVE cam_fps=56.8 pub_fps=30.4 frames=156251 result_subs=1 roi=ok intrinsic=ok inference_age_ms=91 target=none transport=False sorting_thread=alive
12:37:37 [v4][heartbeat] enter=True sorting=False cam=LIVE ai=LIVE cam_fps=53.2 pub_fps=30.2 frames=156517 result_subs=1 roi=ok intrinsic=ok inference_age_ms=68 target=none transport=False sorting_thread=alive
12:37:42 [v4][heartbeat] enter=True sorting=False cam=LIVE ai=LIVE cam_fps=56.0 pub_fps=30.4 frames=156797 result_subs=1 roi=ok intrinsic=ok inference_age_ms=129 target=none transport=False sorting_thread=alive
12:37:47 [v4][heartbeat] enter=True sorting=False cam=LIVE ai=LIVE cam_fps=53.6 pub_fps=30.4 frames=157065 result_subs=1 roi=ok intrinsic=ok inference_age_ms=110 target=none transport=False sorting_thread=alive
12:37:52 [v4][heartbeat] enter=True sorting=False cam=LIVE ai=LIVE cam_fps=57.8 pub_fps=30.2 frames=157354 result_subs=1 roi=ok intrinsic=ok inference_age_ms=101 target=none transport=False sorting_thread=alive
12:37:57 [v4][heartbeat] enter=True sorting=False cam=LIVE ai=LIVE cam_fps=56.6 pub_fps=30.4 frames=157637 result_subs=1 roi=ok intrinsic=ok inference_age_ms=57 target=none transport=False sorting_thread=alive
12:38:02 [v4][heartbeat] enter=True sorting=False cam=LIVE ai=LIVE cam_fps=55.2 pub_fps=30.2 frames=157913 result_subs=1 roi=ok intrinsic=ok inference_age_ms=124 target=none transport=False sorting_thread=alive
12:38:07 [v4][heartbeat] enter=True sorting=False cam=LIVE ai=LIVE cam_fps=56.8 pub_fps=30.4 frames=158197 result_subs=1 roi=ok intrinsic=ok inference_age_ms=117 target=none transport=False sorting_thread=alive
12:38:12 [v4][heartbeat] enter=True sorting=False cam=LIVE ai=LIVE cam_fps=54.4 pub_fps=30.2 frames=158469 result_subs=1 roi=ok intrinsic=ok inference_age_ms=153 target=none transport=False sorting_thread=alive
12:38:17 [v4][heartbeat] enter=True sorting=False cam=LIVE ai=LIVE cam_fps=56.6 pub_fps=30.4 frames=158752 result_subs=1 roi=ok intrinsic=ok inference_age_ms=111 target=none transport=False sorting_thread=alive
12:38:22 [v4][heartbeat] enter=True sorting=False cam=LIVE ai=LIVE cam_fps=54.4 pub_fps=30.2 frames=159024 result_subs=1 roi=ok intrinsic=ok inference_age_ms=76 target=none transport=False sorting_thread=alive
12:38:27 [v4][heartbeat] enter=True sorting=False cam=LIVE ai=LIVE cam_fps=57.5 pub_fps=30.4 frames=159312 result_subs=1 roi=ok intrinsic=ok inference_age_ms=148 target=none transport=False sorting_thread=alive
12:38:32 [v4][heartbeat] enter=True sorting=False cam=LIVE ai=LIVE cam_fps=57.3 pub_fps=30.2 frames=159598 result_subs=1 roi=ok intrinsic=ok inference_age_ms=100 target=none transport=False sorting_thread=alive
12:38:37 [v4][heartbeat] enter=True sorting=False cam=LIVE ai=LIVE cam_fps=55.0 pub_fps=30.4 frames=159873 result_subs=1 roi=ok intrinsic=ok inference_age_ms=74 target=none transport=False sorting_thread=alive
12:38:42 [v4][heartbeat] enter=True sorting=False cam=LIVE ai=LIVE cam_fps=57.6 pub_fps=30.2 frames=160161 result_subs=1 roi=ok intrinsic=ok inference_age_ms=75 target=none transport=False sorting_thread=alive
12:38:47 [v4][heartbeat] enter=True sorting=False cam=LIVE ai=LIVE cam_fps=57.4 pub_fps=30.4 frames=160448 result_subs=1 roi=ok intrinsic=ok inference_age_ms=103 target=none transport=False sorting_thread=alive
12:38:52 [v4][heartbeat] enter=True sorting=False cam=LIVE ai=LIVE cam_fps=55.2 pub_fps=30.2 frames=160724 result_subs=1 roi=ok intrinsic=ok inference_age_ms=106 target=none transport=False sorting_thread=alive
12:38:57 [v4][heartbeat] enter=True sorting=False cam=LIVE ai=LIVE cam_fps=57.6 pub_fps=30.4 frames=161012 result_subs=1 roi=ok intrinsic=ok inference_age_ms=66 target=none transport=False sorting_thread=alive
12:39:02 [v4][heartbeat] enter=True sorting=False cam=LIVE ai=LIVE cam_fps=55.4 pub_fps=30.2 frames=161289 result_subs=1 roi=ok intrinsic=ok inference_age_ms=98 target=none transport=False sorting_thread=alive
12:39:07 [v4][heartbeat] enter=True sorting=False cam=LIVE ai=LIVE cam_fps=55.4 pub_fps=30.4 frames=161566 result_subs=1 roi=ok intrinsic=ok inference_age_ms=92 target=none transport=False sorting_thread=alive
12:39:12 [v4][heartbeat] enter=True sorting=False cam=LIVE ai=LIVE cam_fps=56.2 pub_fps=30.2 frames=161847 result_subs=1 roi=ok intrinsic=ok inference_age_ms=45 target=none transport=False sorting_thread=alive
12:39:17 [v4][heartbeat] enter=True sorting=False cam=LIVE ai=LIVE cam_fps=55.2 pub_fps=30.4 frames=162123 result_subs=1 roi=ok intrinsic=ok inference_age_ms=83 target=none transport=False sorting_thread=alive
12:39:22 [v4][heartbeat] enter=True sorting=False cam=LIVE ai=LIVE cam_fps=57.8 pub_fps=30.2 frames=162412 result_subs=1 roi=ok intrinsic=ok inference_age_ms=110 target=none transport=False sorting_thread=alive
12:39:27 [v4][heartbeat] enter=True sorting=False cam=LIVE ai=LIVE cam_fps=54.6 pub_fps=30.4 frames=162685 result_subs=1 roi=ok intrinsic=ok inference_age_ms=114 target=none transport=False sorting_thread=alive
12:39:32 [v4][heartbeat] enter=True sorting=False cam=LIVE ai=LIVE cam_fps=55.7 pub_fps=30.2 frames=162963 result_subs=1 roi=ok intrinsic=ok inference_age_ms=130 target=none transport=False sorting_thread=alive
12:39:37 [v4][heartbeat] enter=True sorting=False cam=LIVE ai=LIVE cam_fps=56.7 pub_fps=30.4 frames=163247 result_subs=1 roi=ok intrinsic=ok inference_age_ms=107 target=none transport=False sorting_thread=alive
12:39:42 [v4][heartbeat] enter=True sorting=False cam=LIVE ai=LIVE cam_fps=53.2 pub_fps=30.2 frames=163513 result_subs=1 roi=ok intrinsic=ok inference_age_ms=44 target=none transport=False sorting_thread=alive
12:39:47 [v4][heartbeat] enter=True sorting=False cam=LIVE ai=LIVE cam_fps=57.8 pub_fps=30.4 frames=163802 result_subs=1 roi=ok intrinsic=ok inference_age_ms=63 target=none transport=False sorting_thread=alive
12:39:52 [v4][heartbeat] enter=True sorting=False cam=LIVE ai=LIVE cam_fps=53.2 pub_fps=30.2 frames=164068 result_subs=1 roi=ok intrinsic=ok inference_age_ms=65 target=none transport=False sorting_thread=alive
12:39:57 [v4][heartbeat] enter=True sorting=False cam=LIVE ai=LIVE cam_fps=55.8 pub_fps=30.4 frames=164347 result_subs=1 roi=ok intrinsic=ok inference_age_ms=145 target=none transport=False sorting_thread=alive
12:40:02 [v4][heartbeat] enter=True sorting=False cam=LIVE ai=LIVE cam_fps=58.0 pub_fps=30.2 frames=164637 result_subs=1 roi=ok intrinsic=ok inference_age_ms=105 target=none transport=False sorting_thread=alive
12:40:07 [v4][heartbeat] enter=True sorting=False cam=LIVE ai=LIVE cam_fps=54.6 pub_fps=30.4 frames=164910 result_subs=1 roi=ok intrinsic=ok inference_age_ms=98 target=none transport=False sorting_thread=alive
12:40:12 [v4][heartbeat] enter=True sorting=False cam=LIVE ai=LIVE cam_fps=57.0 pub_fps=30.4 frames=165195 result_subs=1 roi=ok intrinsic=ok inference_age_ms=80 target=none transport=False sorting_thread=alive
12:40:17 [v4][heartbeat] enter=True sorting=False cam=LIVE ai=LIVE cam_fps=57.4 pub_fps=30.2 frames=165482 result_subs=1 roi=ok intrinsic=ok inference_age_ms=97 target=none transport=False sorting_thread=alive
12:40:22 [v4][heartbeat] enter=True sorting=False cam=LIVE ai=LIVE cam_fps=55.7 pub_fps=30.4 frames=165761 result_subs=1 roi=ok intrinsic=ok inference_age_ms=97 target=none transport=False sorting_thread=alive
12:40:27 [v4][heartbeat] enter=True sorting=False cam=LIVE ai=LIVE cam_fps=58.2 pub_fps=30.2 frames=166052 result_subs=1 roi=ok intrinsic=ok inference_age_ms=72 target=none transport=False sorting_thread=alive
12:40:32 [v4][heartbeat] enter=True sorting=False cam=LIVE ai=LIVE cam_fps=55.0 pub_fps=30.4 frames=166327 result_subs=1 roi=ok intrinsic=ok inference_age_ms=73 target=none transport=False sorting_thread=alive
12:40:37 [v4][heartbeat] enter=True sorting=False cam=LIVE ai=LIVE cam_fps=56.6 pub_fps=30.2 frames=166610 result_subs=1 roi=ok intrinsic=ok inference_age_ms=104 target=none transport=False sorting_thread=alive
12:40:42 [v4][heartbeat] enter=True sorting=False cam=LIVE ai=LIVE cam_fps=58.0 pub_fps=30.4 frames=166900 result_subs=1 roi=ok intrinsic=ok inference_age_ms=111 target=none transport=False sorting_thread=alive
12:40:47 [v4][heartbeat] enter=True sorting=False cam=LIVE ai=LIVE cam_fps=55.0 pub_fps=30.2 frames=167175 result_subs=1 roi=ok intrinsic=ok inference_age_ms=86 target=none transport=False sorting_thread=alive
12:40:52 [v4][heartbeat] enter=True sorting=False cam=LIVE ai=LIVE cam_fps=58.2 pub_fps=30.4 frames=167466 result_subs=1 roi=ok intrinsic=ok inference_age_ms=62 target=none transport=False sorting_thread=alive
12:40:57 [v4][heartbeat] enter=True sorting=False cam=LIVE ai=LIVE cam_fps=53.6 pub_fps=30.2 frames=167734 result_subs=1 roi=ok intrinsic=ok inference_age_ms=66 target=none transport=False sorting_thread=alive
12:41:02 [v4][heartbeat] enter=True sorting=False cam=LIVE ai=LIVE cam_fps=54.6 pub_fps=30.4 frames=168007 result_subs=1 roi=ok intrinsic=ok inference_age_ms=142 target=none transport=False sorting_thread=alive
12:41:07 [v4][heartbeat] enter=True sorting=False cam=LIVE ai=LIVE cam_fps=57.2 pub_fps=30.2 frames=168293 result_subs=1 roi=ok intrinsic=ok inference_age_ms=118 target=none transport=False sorting_thread=alive
12:41:12 [v4][heartbeat] enter=True sorting=False cam=LIVE ai=LIVE cam_fps=53.0 pub_fps=30.4 frames=168558 result_subs=1 roi=ok intrinsic=ok inference_age_ms=86 target=none transport=False sorting_thread=alive
12:41:17 [v4][heartbeat] enter=True sorting=False cam=LIVE ai=LIVE cam_fps=56.3 pub_fps=30.2 frames=168839 result_subs=1 roi=ok intrinsic=ok inference_age_ms=87 target=none transport=False sorting_thread=alive
12:41:22 [v4][heartbeat] enter=True sorting=False cam=LIVE ai=LIVE cam_fps=55.2 pub_fps=30.4 frames=169115 result_subs=1 roi=ok intrinsic=ok inference_age_ms=103 target=none transport=False sorting_thread=alive
12:41:27 [v4][heartbeat] enter=True sorting=False cam=LIVE ai=LIVE cam_fps=56.2 pub_fps=30.2 frames=169396 result_subs=1 roi=ok intrinsic=ok inference_age_ms=119 target=none transport=False sorting_thread=alive
12:41:32 [v4][heartbeat] enter=True sorting=False cam=LIVE ai=LIVE cam_fps=57.0 pub_fps=30.4 frames=169681 result_subs=1 roi=ok intrinsic=ok inference_age_ms=69 target=none transport=False sorting_thread=alive
12:41:37 [v4][heartbeat] enter=True sorting=False cam=LIVE ai=LIVE cam_fps=55.2 pub_fps=30.2 frames=169957 result_subs=1 roi=ok intrinsic=ok inference_age_ms=100 target=none transport=False sorting_thread=alive
12:41:42 [v4][heartbeat] enter=True sorting=False cam=LIVE ai=LIVE cam_fps=57.4 pub_fps=30.4 frames=170244 result_subs=1 roi=ok intrinsic=ok inference_age_ms=77 target=none transport=False sorting_thread=alive
12:41:47 [v4][heartbeat] enter=True sorting=False cam=LIVE ai=LIVE cam_fps=55.8 pub_fps=30.2 frames=170523 result_subs=1 roi=ok intrinsic=ok inference_age_ms=93 target=none transport=False sorting_thread=alive
12:41:52 [v4][heartbeat] enter=True sorting=False cam=LIVE ai=LIVE cam_fps=56.2 pub_fps=30.4 frames=170804 result_subs=1 roi=ok intrinsic=ok inference_age_ms=104 target=none transport=False sorting_thread=alive
12:41:57 [v4][heartbeat] enter=True sorting=False cam=LIVE ai=LIVE cam_fps=57.6 pub_fps=30.2 frames=171092 result_subs=1 roi=ok intrinsic=ok inference_age_ms=125 target=none transport=False sorting_thread=alive
12:42:02 [v4][heartbeat] enter=True sorting=False cam=LIVE ai=LIVE cam_fps=53.0 pub_fps=30.4 frames=171357 result_subs=1 roi=ok intrinsic=ok inference_age_ms=89 target=none transport=False sorting_thread=alive
12:42:07 [v4][heartbeat] enter=True sorting=False cam=LIVE ai=LIVE cam_fps=55.2 pub_fps=30.2 frames=171633 result_subs=1 roi=ok intrinsic=ok inference_age_ms=89 target=none transport=False sorting_thread=alive
12:42:12 [v4][heartbeat] enter=True sorting=False cam=LIVE ai=LIVE cam_fps=54.5 pub_fps=30.4 frames=171906 result_subs=1 roi=ok intrinsic=ok inference_age_ms=57 target=none transport=False sorting_thread=alive
12:42:17 [v4][heartbeat] enter=True sorting=False cam=LIVE ai=LIVE cam_fps=54.9 pub_fps=30.2 frames=172180 result_subs=1 roi=ok intrinsic=ok inference_age_ms=138 target=none transport=False sorting_thread=alive
12:42:22 [v4][heartbeat] enter=True sorting=False cam=LIVE ai=LIVE cam_fps=56.6 pub_fps=30.4 frames=172463 result_subs=1 roi=ok intrinsic=ok inference_age_ms=100 target=none transport=False sorting_thread=alive
12:42:27 [v4][heartbeat] enter=True sorting=False cam=LIVE ai=LIVE cam_fps=54.4 pub_fps=30.2 frames=172735 result_subs=1 roi=ok intrinsic=ok inference_age_ms=119 target=none transport=False sorting_thread=alive
12:42:32 [v4][heartbeat] enter=True sorting=False cam=LIVE ai=LIVE cam_fps=57.2 pub_fps=30.4 frames=173021 result_subs=1 roi=ok intrinsic=ok inference_age_ms=101 target=none transport=False sorting_thread=alive
12:42:37 [v4][heartbeat] enter=True sorting=False cam=LIVE ai=LIVE cam_fps=56.2 pub_fps=30.2 frames=173302 result_subs=1 roi=ok intrinsic=ok inference_age_ms=128 target=none transport=False sorting_thread=alive
12:42:42 [v4][heartbeat] enter=True sorting=False cam=LIVE ai=LIVE cam_fps=56.4 pub_fps=30.4 frames=173584 result_subs=1 roi=ok intrinsic=ok inference_age_ms=114 target=none transport=False sorting_thread=alive
12:42:47 [v4][heartbeat] enter=True sorting=False cam=LIVE ai=LIVE cam_fps=58.6 pub_fps=30.2 frames=173877 result_subs=1 roi=ok intrinsic=ok inference_age_ms=58 target=none transport=False sorting_thread=alive
12:42:52 [v4][heartbeat] enter=True sorting=False cam=LIVE ai=LIVE cam_fps=54.0 pub_fps=30.4 frames=174147 result_subs=1 roi=ok intrinsic=ok inference_age_ms=93 target=none transport=False sorting_thread=alive
12:42:57 [v4][heartbeat] enter=True sorting=False cam=LIVE ai=LIVE cam_fps=55.8 pub_fps=30.4 frames=174426 result_subs=1 roi=ok intrinsic=ok inference_age_ms=91 target=none transport=False sorting_thread=alive
12:43:02 [v4][heartbeat] enter=True sorting=False cam=LIVE ai=LIVE cam_fps=56.7 pub_fps=30.2 frames=174709 result_subs=1 roi=ok intrinsic=ok inference_age_ms=66 target=none transport=False sorting_thread=alive
12:43:07 [v4][heartbeat] enter=True sorting=False cam=LIVE ai=LIVE cam_fps=55.2 pub_fps=30.2 frames=174985 result_subs=1 roi=ok intrinsic=ok inference_age_ms=80 target=none transport=False sorting_thread=alive
12:43:12 [v4][heartbeat] enter=True sorting=False cam=LIVE ai=LIVE cam_fps=57.1 pub_fps=30.4 frames=175271 result_subs=1 roi=ok intrinsic=ok inference_age_ms=115 target=none transport=False sorting_thread=alive
12:43:17 [v4][heartbeat] enter=True sorting=False cam=LIVE ai=LIVE cam_fps=55.4 pub_fps=30.2 frames=175548 result_subs=1 roi=ok intrinsic=ok inference_age_ms=80 target=none transport=False sorting_thread=alive
12:43:22 [v4][heartbeat] enter=True sorting=False cam=LIVE ai=LIVE cam_fps=56.0 pub_fps=30.4 frames=175828 result_subs=1 roi=ok intrinsic=ok inference_age_ms=101 target=none transport=False sorting_thread=alive
12:43:27 [v4][heartbeat] enter=True sorting=False cam=LIVE ai=LIVE cam_fps=56.8 pub_fps=30.4 frames=176112 result_subs=1 roi=ok intrinsic=ok inference_age_ms=104 target=none transport=False sorting_thread=alive
12:43:32 [v4][heartbeat] enter=True sorting=False cam=LIVE ai=LIVE cam_fps=55.2 pub_fps=30.2 frames=176388 result_subs=1 roi=ok intrinsic=ok inference_age_ms=109 target=none transport=False sorting_thread=alive
12:43:37 [v4][heartbeat] enter=True sorting=False cam=LIVE ai=LIVE cam_fps=56.8 pub_fps=30.4 frames=176672 result_subs=1 roi=ok intrinsic=ok inference_age_ms=94 target=none transport=False sorting_thread=alive
12:43:42 [v4][heartbeat] enter=True sorting=False cam=LIVE ai=LIVE cam_fps=54.2 pub_fps=30.2 frames=176943 result_subs=1 roi=ok intrinsic=ok inference_age_ms=77 target=none transport=False sorting_thread=alive
12:43:47 [v4][heartbeat] enter=True sorting=False cam=LIVE ai=LIVE cam_fps=55.6 pub_fps=30.4 frames=177221 result_subs=1 roi=ok intrinsic=ok inference_age_ms=87 target=none transport=False sorting_thread=alive
12:43:52 [v4][heartbeat] enter=True sorting=False cam=LIVE ai=LIVE cam_fps=57.0 pub_fps=30.2 frames=177506 result_subs=1 roi=ok intrinsic=ok inference_age_ms=106 target=none transport=False sorting_thread=alive
12:43:57 [v4][heartbeat] enter=True sorting=False cam=LIVE ai=LIVE cam_fps=53.4 pub_fps=30.4 frames=177773 result_subs=1 roi=ok intrinsic=ok inference_age_ms=65 target=none transport=False sorting_thread=alive
12:44:02 [v4][heartbeat] enter=True sorting=False cam=LIVE ai=LIVE cam_fps=57.6 pub_fps=30.2 frames=178061 result_subs=1 roi=ok intrinsic=ok inference_age_ms=87 target=none transport=False sorting_thread=alive
12:44:07 [v4][heartbeat] enter=True sorting=False cam=LIVE ai=LIVE cam_fps=55.8 pub_fps=30.4 frames=178340 result_subs=1 roi=ok intrinsic=ok inference_age_ms=103 target=none transport=False sorting_thread=alive
12:44:12 [v4][heartbeat] enter=True sorting=False cam=LIVE ai=LIVE cam_fps=56.2 pub_fps=30.2 frames=178621 result_subs=1 roi=ok intrinsic=ok inference_age_ms=64 target=none transport=False sorting_thread=alive
12:44:17 [v4][heartbeat] enter=True sorting=False cam=LIVE ai=LIVE cam_fps=57.8 pub_fps=30.4 frames=178910 result_subs=1 roi=ok intrinsic=ok inference_age_ms=56 target=none transport=False sorting_thread=alive
12:44:22 [v4][heartbeat] enter=True sorting=False cam=LIVE ai=LIVE cam_fps=54.2 pub_fps=30.2 frames=179181 result_subs=1 roi=ok intrinsic=ok inference_age_ms=80 target=none transport=False sorting_thread=alive
12:44:27 [v4][heartbeat] enter=True sorting=False cam=LIVE ai=LIVE cam_fps=56.0 pub_fps=30.4 frames=179461 result_subs=1 roi=ok intrinsic=ok inference_age_ms=95 target=none transport=False sorting_thread=alive
12:44:32 [v4][heartbeat] enter=True sorting=False cam=LIVE ai=LIVE cam_fps=54.4 pub_fps=30.2 frames=179733 result_subs=1 roi=ok intrinsic=ok inference_age_ms=99 target=none transport=False sorting_thread=alive
12:44:37 [v4][heartbeat] enter=True sorting=False cam=LIVE ai=LIVE cam_fps=54.5 pub_fps=30.4 frames=180006 result_subs=1 roi=ok intrinsic=ok inference_age_ms=81 target=none transport=False sorting_thread=alive
12:44:42 [v4][heartbeat] enter=True sorting=False cam=LIVE ai=LIVE cam_fps=58.0 pub_fps=30.2 frames=180296 result_subs=1 roi=ok intrinsic=ok inference_age_ms=97 target=none transport=False sorting_thread=alive
12:44:47 [v4][heartbeat] enter=True sorting=False cam=LIVE ai=LIVE cam_fps=54.6 pub_fps=30.4 frames=180569 result_subs=1 roi=ok intrinsic=ok inference_age_ms=104 target=none transport=False sorting_thread=alive
12:44:52 [v4][heartbeat] enter=True sorting=False cam=LIVE ai=LIVE cam_fps=55.4 pub_fps=30.2 frames=180846 result_subs=1 roi=ok intrinsic=ok inference_age_ms=79 target=none transport=False sorting_thread=alive
12:44:57 [v4][heartbeat] enter=True sorting=False cam=LIVE ai=LIVE cam_fps=56.8 pub_fps=30.4 frames=181130 result_subs=1 roi=ok intrinsic=ok inference_age_ms=62 target=none transport=False sorting_thread=alive
12:45:02 [v4][heartbeat] enter=True sorting=False cam=LIVE ai=LIVE cam_fps=53.6 pub_fps=30.2 frames=181398 result_subs=1 roi=ok intrinsic=ok inference_age_ms=117 target=none transport=False sorting_thread=alive
12:45:07 [v4][heartbeat] enter=True sorting=False cam=LIVE ai=LIVE cam_fps=57.8 pub_fps=30.4 frames=181687 result_subs=1 roi=ok intrinsic=ok inference_age_ms=116 target=none transport=False sorting_thread=alive
12:45:12 [v4][heartbeat] enter=True sorting=False cam=LIVE ai=LIVE cam_fps=54.8 pub_fps=30.2 frames=181961 result_subs=1 roi=ok intrinsic=ok inference_age_ms=90 target=none transport=False sorting_thread=alive
12:45:17 [v4][heartbeat] enter=True sorting=False cam=LIVE ai=LIVE cam_fps=56.2 pub_fps=30.4 frames=182242 result_subs=1 roi=ok intrinsic=ok inference_age_ms=92 target=none transport=False sorting_thread=alive
12:45:22 [v4][heartbeat] enter=True sorting=False cam=LIVE ai=LIVE cam_fps=58.0 pub_fps=30.2 frames=182532 result_subs=1 roi=ok intrinsic=ok inference_age_ms=82 target=none transport=False sorting_thread=alive
12:45:27 [v4][heartbeat] enter=True sorting=False cam=LIVE ai=LIVE cam_fps=54.4 pub_fps=30.4 frames=182804 result_subs=1 roi=ok intrinsic=ok inference_age_ms=134 target=none transport=False sorting_thread=alive
12:45:32 [v4][heartbeat] enter=True sorting=False cam=LIVE ai=LIVE cam_fps=57.2 pub_fps=30.2 frames=183090 result_subs=1 roi=ok intrinsic=ok inference_age_ms=84 target=none transport=False sorting_thread=alive
12:45:37 [v4][heartbeat] enter=True sorting=False cam=LIVE ai=LIVE cam_fps=54.2 pub_fps=30.4 frames=183361 result_subs=1 roi=ok intrinsic=ok inference_age_ms=58 target=none transport=False sorting_thread=alive
12:45:42 [v4][heartbeat] enter=True sorting=False cam=LIVE ai=LIVE cam_fps=55.2 pub_fps=30.4 frames=183637 result_subs=1 roi=ok intrinsic=ok inference_age_ms=68 target=none transport=False sorting_thread=alive
12:45:47 [v4][heartbeat] enter=True sorting=False cam=LIVE ai=LIVE cam_fps=57.4 pub_fps=30.2 frames=183924 result_subs=1 roi=ok intrinsic=ok inference_age_ms=89 target=none transport=False sorting_thread=alive
12:45:52 [v4][heartbeat] enter=True sorting=False cam=LIVE ai=LIVE cam_fps=55.6 pub_fps=30.2 frames=184202 result_subs=1 roi=ok intrinsic=ok inference_age_ms=79 target=none transport=False sorting_thread=alive
12:45:57 [v4][heartbeat] enter=True sorting=False cam=LIVE ai=LIVE cam_fps=57.0 pub_fps=30.4 frames=184487 result_subs=1 roi=ok intrinsic=ok inference_age_ms=103 target=none transport=False sorting_thread=alive
12:46:02 [v4][heartbeat] enter=True sorting=False cam=LIVE ai=LIVE cam_fps=57.4 pub_fps=30.4 frames=184774 result_subs=1 roi=ok intrinsic=ok inference_age_ms=110 target=none transport=False sorting_thread=alive
12:46:07 [v4][heartbeat] enter=True sorting=False cam=LIVE ai=LIVE cam_fps=54.0 pub_fps=30.2 frames=185044 result_subs=1 roi=ok intrinsic=ok inference_age_ms=113 target=none transport=False sorting_thread=alive
12:46:12 [v4][heartbeat] enter=True sorting=False cam=LIVE ai=LIVE cam_fps=58.0 pub_fps=30.4 frames=185334 result_subs=1 roi=ok intrinsic=ok inference_age_ms=77 target=none transport=False sorting_thread=alive
12:46:17 [v4][heartbeat] enter=True sorting=False cam=LIVE ai=LIVE cam_fps=55.0 pub_fps=30.2 frames=185609 result_subs=1 roi=ok intrinsic=ok inference_age_ms=72 target=none transport=False sorting_thread=alive
12:46:22 [v4][heartbeat] enter=True sorting=False cam=LIVE ai=LIVE cam_fps=57.0 pub_fps=30.4 frames=185894 result_subs=1 roi=ok intrinsic=ok inference_age_ms=119 target=none transport=False sorting_thread=alive
12:46:27 [v4][heartbeat] enter=True sorting=False cam=LIVE ai=LIVE cam_fps=55.8 pub_fps=30.2 frames=186173 result_subs=1 roi=ok intrinsic=ok inference_age_ms=67 target=none transport=False sorting_thread=alive
12:46:32 [v4][heartbeat] enter=True sorting=False cam=LIVE ai=LIVE cam_fps=56.0 pub_fps=30.4 frames=186453 result_subs=1 roi=ok intrinsic=ok inference_age_ms=119 target=none transport=False sorting_thread=alive
12:46:37 [v4][heartbeat] enter=True sorting=False cam=LIVE ai=LIVE cam_fps=57.8 pub_fps=30.2 frames=186742 result_subs=1 roi=ok intrinsic=ok inference_age_ms=65 target=none transport=False sorting_thread=alive
12:46:42 [v4][heartbeat] enter=True sorting=False cam=LIVE ai=LIVE cam_fps=54.2 pub_fps=30.4 frames=187013 result_subs=1 roi=ok intrinsic=ok inference_age_ms=90 target=none transport=False sorting_thread=alive
12:46:47 [v4][heartbeat] enter=True sorting=False cam=LIVE ai=LIVE cam_fps=56.6 pub_fps=30.2 frames=187296 result_subs=1 roi=ok intrinsic=ok inference_age_ms=47 target=none transport=False sorting_thread=alive
12:46:52 [v4][heartbeat] enter=True sorting=False cam=LIVE ai=LIVE cam_fps=56.4 pub_fps=30.4 frames=187578 result_subs=1 roi=ok intrinsic=ok inference_age_ms=78 target=none transport=False sorting_thread=alive
12:46:57 [v4][heartbeat] enter=True sorting=False cam=LIVE ai=LIVE cam_fps=55.8 pub_fps=30.2 frames=187857 result_subs=1 roi=ok intrinsic=ok inference_age_ms=134 target=none transport=False sorting_thread=alive
12:47:02 [v4][heartbeat] enter=True sorting=False cam=LIVE ai=LIVE cam_fps=57.8 pub_fps=30.4 frames=188146 result_subs=1 roi=ok intrinsic=ok inference_age_ms=77 target=none transport=False sorting_thread=alive
12:47:07 [v4][heartbeat] enter=True sorting=False cam=LIVE ai=LIVE cam_fps=54.4 pub_fps=30.2 frames=188418 result_subs=1 roi=ok intrinsic=ok inference_age_ms=109 target=none transport=False sorting_thread=alive
12:47:12 [v4][heartbeat] enter=True sorting=False cam=LIVE ai=LIVE cam_fps=56.8 pub_fps=30.4 frames=188702 result_subs=1 roi=ok intrinsic=ok inference_age_ms=97 target=none transport=False sorting_thread=alive
12:47:17 [v4][heartbeat] enter=True sorting=False cam=LIVE ai=LIVE cam_fps=58.3 pub_fps=30.2 frames=188993 result_subs=1 roi=ok intrinsic=ok inference_age_ms=105 target=none transport=False sorting_thread=alive
12:47:22 [v4][heartbeat] enter=True sorting=False cam=LIVE ai=LIVE cam_fps=55.0 pub_fps=30.4 frames=189268 result_subs=1 roi=ok intrinsic=ok inference_age_ms=98 target=none transport=False sorting_thread=alive
12:47:27 [v4][heartbeat] enter=True sorting=False cam=LIVE ai=LIVE cam_fps=57.0 pub_fps=30.2 frames=189553 result_subs=1 roi=ok intrinsic=ok inference_age_ms=51 target=none transport=False sorting_thread=alive
12:47:32 [v4][heartbeat] enter=True sorting=False cam=LIVE ai=LIVE cam_fps=56.2 pub_fps=30.4 frames=189834 result_subs=1 roi=ok intrinsic=ok inference_age_ms=81 target=none transport=False sorting_thread=alive
12:47:37 [v4][heartbeat] enter=True sorting=False cam=LIVE ai=LIVE cam_fps=56.8 pub_fps=30.2 frames=190118 result_subs=1 roi=ok intrinsic=ok inference_age_ms=108 target=none transport=False sorting_thread=alive
12:47:42 [v4][heartbeat] enter=True sorting=False cam=LIVE ai=LIVE cam_fps=57.2 pub_fps=30.4 frames=190404 result_subs=1 roi=ok intrinsic=ok inference_age_ms=87 target=none transport=False sorting_thread=alive
12:47:47 [v4][heartbeat] enter=True sorting=False cam=LIVE ai=LIVE cam_fps=54.8 pub_fps=30.2 frames=190678 result_subs=1 roi=ok intrinsic=ok inference_age_ms=86 target=none transport=False sorting_thread=alive
12:47:52 [v4][heartbeat] enter=True sorting=False cam=LIVE ai=LIVE cam_fps=56.4 pub_fps=30.4 frames=190960 result_subs=1 roi=ok intrinsic=ok inference_age_ms=119 target=none transport=False sorting_thread=alive
12:47:57 [v4][heartbeat] enter=True sorting=False cam=LIVE ai=LIVE cam_fps=54.5 pub_fps=30.2 frames=191232 result_subs=1 roi=ok intrinsic=ok inference_age_ms=143 target=none transport=False sorting_thread=alive
12:48:02 [v4][heartbeat] enter=True sorting=False cam=LIVE ai=LIVE cam_fps=55.6 pub_fps=30.4 frames=191510 result_subs=1 roi=ok intrinsic=ok inference_age_ms=73 target=none transport=False sorting_thread=alive
12:48:07 [v4][heartbeat] enter=True sorting=False cam=LIVE ai=LIVE cam_fps=59.0 pub_fps=30.2 frames=191805 result_subs=1 roi=ok intrinsic=ok inference_age_ms=71 target=none transport=False sorting_thread=alive
12:48:12 [v4][heartbeat] enter=True sorting=False cam=LIVE ai=LIVE cam_fps=54.6 pub_fps=30.4 frames=192078 result_subs=1 roi=ok intrinsic=ok inference_age_ms=107 target=none transport=False sorting_thread=alive
12:48:17 [v4][heartbeat] enter=True sorting=False cam=LIVE ai=LIVE cam_fps=56.8 pub_fps=30.2 frames=192362 result_subs=1 roi=ok intrinsic=ok inference_age_ms=88 target=none transport=False sorting_thread=alive
12:48:22 [v4][heartbeat] enter=True sorting=False cam=LIVE ai=LIVE cam_fps=55.3 pub_fps=30.4 frames=192638 result_subs=1 roi=ok intrinsic=ok inference_age_ms=78 target=none transport=False sorting_thread=alive
12:48:27 [v4][heartbeat] enter=True sorting=False cam=LIVE ai=LIVE cam_fps=56.2 pub_fps=30.4 frames=192919 result_subs=1 roi=ok intrinsic=ok inference_age_ms=114 target=none transport=False sorting_thread=alive
12:48:32 [v4][heartbeat] enter=True sorting=False cam=LIVE ai=LIVE cam_fps=57.4 pub_fps=30.2 frames=193206 result_subs=1 roi=ok intrinsic=ok inference_age_ms=84 target=none transport=False sorting_thread=alive
12:48:37 [v4][heartbeat] enter=True sorting=False cam=LIVE ai=LIVE cam_fps=54.5 pub_fps=30.4 frames=193479 result_subs=1 roi=ok intrinsic=ok inference_age_ms=117 target=none transport=False sorting_thread=alive
12:48:42 [v4][heartbeat] enter=True sorting=False cam=LIVE ai=LIVE cam_fps=55.7 pub_fps=30.2 frames=193757 result_subs=1 roi=ok intrinsic=ok inference_age_ms=136 target=none transport=False sorting_thread=alive
12:48:47 [v4][heartbeat] enter=True sorting=False cam=LIVE ai=LIVE cam_fps=56.8 pub_fps=30.4 frames=194041 result_subs=1 roi=ok intrinsic=ok inference_age_ms=114 target=none transport=False sorting_thread=alive
12:48:52 [v4][heartbeat] enter=True sorting=False cam=LIVE ai=LIVE cam_fps=55.6 pub_fps=30.2 frames=194319 result_subs=1 roi=ok intrinsic=ok inference_age_ms=72 target=none transport=False sorting_thread=alive
12:48:57 [v4][heartbeat] enter=True sorting=False cam=LIVE ai=LIVE cam_fps=57.6 pub_fps=30.4 frames=194607 result_subs=1 roi=ok intrinsic=ok inference_age_ms=108 target=none transport=False sorting_thread=alive
12:49:02 [v4][heartbeat] enter=True sorting=False cam=LIVE ai=LIVE cam_fps=55.4 pub_fps=30.2 frames=194884 result_subs=1 roi=ok intrinsic=ok inference_age_ms=137 target=none transport=False sorting_thread=alive
12:49:07 [v4][heartbeat] enter=True sorting=False cam=LIVE ai=LIVE cam_fps=55.8 pub_fps=30.4 frames=195163 result_subs=1 roi=ok intrinsic=ok inference_age_ms=58 target=none transport=False sorting_thread=alive
12:49:12 [v4][heartbeat] enter=True sorting=False cam=LIVE ai=LIVE cam_fps=57.4 pub_fps=30.2 frames=195450 result_subs=1 roi=ok intrinsic=ok inference_age_ms=116 target=none transport=False sorting_thread=alive
12:49:17 [v4][heartbeat] enter=True sorting=False cam=LIVE ai=LIVE cam_fps=53.8 pub_fps=30.4 frames=195719 result_subs=1 roi=ok intrinsic=ok inference_age_ms=115 target=none transport=False sorting_thread=alive
12:49:22 [v4][heartbeat] enter=True sorting=False cam=LIVE ai=LIVE cam_fps=58.2 pub_fps=30.2 frames=196010 result_subs=1 roi=ok intrinsic=ok inference_age_ms=98 target=none transport=False sorting_thread=alive
12:49:27 [v4][heartbeat] enter=True sorting=False cam=LIVE ai=LIVE cam_fps=55.7 pub_fps=30.4 frames=196289 result_subs=1 roi=ok intrinsic=ok inference_age_ms=96 target=none transport=False sorting_thread=alive
12:49:32 [v4][heartbeat] enter=True sorting=False cam=LIVE ai=LIVE cam_fps=56.6 pub_fps=30.2 frames=196572 result_subs=1 roi=ok intrinsic=ok inference_age_ms=87 target=none transport=False sorting_thread=alive
12:49:37 [v4][heartbeat] enter=True sorting=False cam=LIVE ai=LIVE cam_fps=56.6 pub_fps=30.4 frames=196855 result_subs=1 roi=ok intrinsic=ok inference_age_ms=91 target=none transport=False sorting_thread=alive
12:49:42 [v4][heartbeat] enter=True sorting=False cam=LIVE ai=LIVE cam_fps=53.8 pub_fps=30.2 frames=197124 result_subs=1 roi=ok intrinsic=ok inference_age_ms=131 target=none transport=False sorting_thread=alive
12:49:47 [v4][heartbeat] enter=True sorting=False cam=LIVE ai=LIVE cam_fps=56.8 pub_fps=30.4 frames=197408 result_subs=1 roi=ok intrinsic=ok inference_age_ms=99 target=none transport=False sorting_thread=alive
12:49:52 [v4][heartbeat] enter=True sorting=False cam=LIVE ai=LIVE cam_fps=54.4 pub_fps=30.2 frames=197680 result_subs=1 roi=ok intrinsic=ok inference_age_ms=81 target=none transport=False sorting_thread=alive
12:49:57 [v4][heartbeat] enter=True sorting=False cam=LIVE ai=LIVE cam_fps=55.0 pub_fps=30.4 frames=197955 result_subs=1 roi=ok intrinsic=ok inference_age_ms=61 target=none transport=False sorting_thread=alive
12:50:02 [v4][heartbeat] enter=True sorting=False cam=LIVE ai=LIVE cam_fps=57.6 pub_fps=30.2 frames=198243 result_subs=1 roi=ok intrinsic=ok inference_age_ms=112 target=none transport=False sorting_thread=alive
12:50:07 [v4][heartbeat] enter=True sorting=False cam=LIVE ai=LIVE cam_fps=54.6 pub_fps=30.4 frames=198516 result_subs=1 roi=ok intrinsic=ok inference_age_ms=124 target=none transport=False sorting_thread=alive
12:50:12 [v4][heartbeat] enter=True sorting=False cam=LIVE ai=LIVE cam_fps=55.7 pub_fps=30.2 frames=198794 result_subs=1 roi=ok intrinsic=ok inference_age_ms=46 target=none transport=False sorting_thread=alive
12:50:17 [v4][heartbeat] enter=True sorting=False cam=LIVE ai=LIVE cam_fps=56.8 pub_fps=30.4 frames=199078 result_subs=1 roi=ok intrinsic=ok inference_age_ms=60 target=none transport=False sorting_thread=alive
12:50:22 [v4][heartbeat] enter=True sorting=False cam=LIVE ai=LIVE cam_fps=55.4 pub_fps=30.2 frames=199355 result_subs=1 roi=ok intrinsic=ok inference_age_ms=134 target=none transport=False sorting_thread=alive
12:50:27 [v4][heartbeat] enter=True sorting=False cam=LIVE ai=LIVE cam_fps=58.2 pub_fps=30.4 frames=199646 result_subs=1 roi=ok intrinsic=ok inference_age_ms=112 target=none transport=False sorting_thread=alive
12:50:32 [v4][heartbeat] enter=True sorting=False cam=LIVE ai=LIVE cam_fps=55.8 pub_fps=30.2 frames=199925 result_subs=1 roi=ok intrinsic=ok inference_age_ms=96 target=none transport=False sorting_thread=alive
12:50:37 [v4][heartbeat] enter=True sorting=False cam=LIVE ai=LIVE cam_fps=56.0 pub_fps=30.4 frames=200205 result_subs=1 roi=ok intrinsic=ok inference_age_ms=118 target=none transport=False sorting_thread=alive
12:50:42 [v4][heartbeat] enter=True sorting=False cam=LIVE ai=LIVE cam_fps=57.0 pub_fps=30.2 frames=200490 result_subs=1 roi=ok intrinsic=ok inference_age_ms=101 target=none transport=False sorting_thread=alive
12:50:47 [v4][heartbeat] enter=True sorting=False cam=LIVE ai=LIVE cam_fps=55.0 pub_fps=30.4 frames=200765 result_subs=1 roi=ok intrinsic=ok inference_age_ms=39 target=none transport=False sorting_thread=alive
12:50:52 [v4][heartbeat] enter=True sorting=False cam=LIVE ai=LIVE cam_fps=57.6 pub_fps=30.2 frames=201053 result_subs=1 roi=ok intrinsic=ok inference_age_ms=57 target=none transport=False sorting_thread=alive
12:50:57 [v4][heartbeat] enter=True sorting=False cam=LIVE ai=LIVE cam_fps=53.0 pub_fps=30.4 frames=201318 result_subs=1 roi=ok intrinsic=ok inference_age_ms=77 target=none transport=False sorting_thread=alive
12:51:02 [v4][heartbeat] enter=True sorting=False cam=LIVE ai=LIVE cam_fps=55.6 pub_fps=30.2 frames=201596 result_subs=1 roi=ok intrinsic=ok inference_age_ms=67 target=none transport=False sorting_thread=alive
12:51:07 [v4][heartbeat] enter=True sorting=False cam=LIVE ai=LIVE cam_fps=55.9 pub_fps=30.4 frames=201876 result_subs=1 roi=ok intrinsic=ok inference_age_ms=106 target=none transport=False sorting_thread=alive
12:51:12 [v4][heartbeat] enter=True sorting=False cam=LIVE ai=LIVE cam_fps=55.6 pub_fps=30.4 frames=202154 result_subs=1 roi=ok intrinsic=ok inference_age_ms=94 target=none transport=False sorting_thread=alive
12:51:17 [v4][heartbeat] enter=True sorting=False cam=LIVE ai=LIVE cam_fps=58.1 pub_fps=30.2 frames=202444 result_subs=1 roi=ok intrinsic=ok inference_age_ms=128 target=none transport=False sorting_thread=alive
12:51:22 [v4][heartbeat] enter=True sorting=False cam=LIVE ai=LIVE cam_fps=57.0 pub_fps=30.2 frames=202729 result_subs=1 roi=ok intrinsic=ok inference_age_ms=86 target=none transport=False sorting_thread=alive
12:51:27 [v4][heartbeat] enter=True sorting=False cam=LIVE ai=LIVE cam_fps=56.6 pub_fps=30.4 frames=203012 result_subs=1 roi=ok intrinsic=ok inference_age_ms=150 target=none transport=False sorting_thread=alive
12:51:32 [v4][heartbeat] enter=True sorting=False cam=LIVE ai=LIVE cam_fps=56.5 pub_fps=30.4 frames=203295 result_subs=1 roi=ok intrinsic=ok inference_age_ms=102 target=none transport=False sorting_thread=alive
12:51:37 [v4][heartbeat] enter=True sorting=False cam=LIVE ai=LIVE cam_fps=54.0 pub_fps=30.2 frames=203565 result_subs=1 roi=ok intrinsic=ok inference_age_ms=71 target=none transport=False sorting_thread=alive
12:51:42 [v4][heartbeat] enter=True sorting=False cam=LIVE ai=LIVE cam_fps=58.6 pub_fps=30.4 frames=203858 result_subs=1 roi=ok intrinsic=ok inference_age_ms=75 target=none transport=False sorting_thread=alive
12:51:47 [v4][heartbeat] enter=True sorting=False cam=LIVE ai=LIVE cam_fps=53.4 pub_fps=30.2 frames=204125 result_subs=1 roi=ok intrinsic=ok inference_age_ms=103 target=none transport=False sorting_thread=alive
12:51:52 [v4][heartbeat] enter=True sorting=False cam=LIVE ai=LIVE cam_fps=55.6 pub_fps=30.4 frames=204403 result_subs=1 roi=ok intrinsic=ok inference_age_ms=105 target=none transport=False sorting_thread=alive
12:51:57 [v4][heartbeat] enter=True sorting=False cam=LIVE ai=LIVE cam_fps=56.8 pub_fps=30.2 frames=204687 result_subs=1 roi=ok intrinsic=ok inference_age_ms=99 target=none transport=False sorting_thread=alive
12:52:02 [v4][heartbeat] enter=True sorting=False cam=LIVE ai=LIVE cam_fps=53.7 pub_fps=30.4 frames=204956 result_subs=1 roi=ok intrinsic=ok inference_age_ms=96 target=none transport=False sorting_thread=alive
12:52:07 [v4][heartbeat] enter=True sorting=False cam=LIVE ai=LIVE cam_fps=56.4 pub_fps=30.2 frames=205238 result_subs=1 roi=ok intrinsic=ok inference_age_ms=59 target=none transport=False sorting_thread=alive
12:52:12 [v4][heartbeat] enter=True sorting=False cam=LIVE ai=LIVE cam_fps=56.6 pub_fps=30.4 frames=205521 result_subs=1 roi=ok intrinsic=ok inference_age_ms=123 target=none transport=False sorting_thread=alive
12:52:17 [v4][heartbeat] enter=True sorting=False cam=LIVE ai=LIVE cam_fps=55.8 pub_fps=30.2 frames=205800 result_subs=1 roi=ok intrinsic=ok inference_age_ms=112 target=none transport=False sorting_thread=alive
12:52:22 [v4][heartbeat] enter=True sorting=False cam=LIVE ai=LIVE cam_fps=55.8 pub_fps=30.4 frames=206079 result_subs=1 roi=ok intrinsic=ok inference_age_ms=131 target=none transport=False sorting_thread=alive
12:52:27 [v4][heartbeat] enter=True sorting=False cam=LIVE ai=LIVE cam_fps=54.4 pub_fps=30.2 frames=206351 result_subs=1 roi=ok intrinsic=ok inference_age_ms=127 target=none transport=False sorting_thread=alive
12:52:32 [v4][heartbeat] enter=True sorting=False cam=LIVE ai=LIVE cam_fps=54.3 pub_fps=30.4 frames=206623 result_subs=1 roi=ok intrinsic=ok inference_age_ms=80 target=none transport=False sorting_thread=alive
12:52:37 [v4][heartbeat] enter=True sorting=False cam=LIVE ai=LIVE cam_fps=57.1 pub_fps=30.2 frames=206908 result_subs=1 roi=ok intrinsic=ok inference_age_ms=79 target=none transport=False sorting_thread=alive
12:52:42 [v4][heartbeat] enter=True sorting=False cam=LIVE ai=LIVE cam_fps=54.4 pub_fps=30.4 frames=207180 result_subs=1 roi=ok intrinsic=ok inference_age_ms=108 target=none transport=False sorting_thread=alive
12:52:47 [v4][heartbeat] enter=True sorting=False cam=LIVE ai=LIVE cam_fps=57.4 pub_fps=30.2 frames=207467 result_subs=1 roi=ok intrinsic=ok inference_age_ms=123 target=none transport=False sorting_thread=alive
12:52:52 [v4][heartbeat] enter=True sorting=False cam=LIVE ai=LIVE cam_fps=55.1 pub_fps=30.4 frames=207743 result_subs=1 roi=ok intrinsic=ok inference_age_ms=62 target=none transport=False sorting_thread=alive
12:52:57 [v4][heartbeat] enter=True sorting=False cam=LIVE ai=LIVE cam_fps=55.1 pub_fps=30.2 frames=208018 result_subs=1 roi=ok intrinsic=ok inference_age_ms=100 target=none transport=False sorting_thread=alive
12:53:02 [v4][heartbeat] enter=True sorting=False cam=LIVE ai=LIVE cam_fps=56.2 pub_fps=30.4 frames=208299 result_subs=1 roi=ok intrinsic=ok inference_age_ms=85 target=none transport=False sorting_thread=alive
12:53:07 [v4][heartbeat] enter=True sorting=False cam=LIVE ai=LIVE cam_fps=54.6 pub_fps=30.2 frames=208572 result_subs=1 roi=ok intrinsic=ok inference_age_ms=96 target=none transport=False sorting_thread=alive
12:53:12 [v4][heartbeat] enter=True sorting=False cam=LIVE ai=LIVE cam_fps=56.2 pub_fps=30.4 frames=208853 result_subs=1 roi=ok intrinsic=ok inference_age_ms=73 target=none transport=False sorting_thread=alive
12:53:17 [v4][heartbeat] enter=True sorting=False cam=LIVE ai=LIVE cam_fps=56.0 pub_fps=30.2 frames=209133 result_subs=1 roi=ok intrinsic=ok inference_age_ms=135 target=none transport=False sorting_thread=alive
12:53:22 [v4][heartbeat] enter=True sorting=False cam=LIVE ai=LIVE cam_fps=55.2 pub_fps=30.4 frames=209409 result_subs=1 roi=ok intrinsic=ok inference_age_ms=162 target=none transport=False sorting_thread=alive
12:53:27 [v4][heartbeat] enter=True sorting=False cam=LIVE ai=LIVE cam_fps=57.8 pub_fps=30.2 frames=209698 result_subs=1 roi=ok intrinsic=ok inference_age_ms=57 target=none transport=False sorting_thread=alive
12:53:32 [v4][heartbeat] enter=True sorting=False cam=LIVE ai=LIVE cam_fps=56.6 pub_fps=30.4 frames=209981 result_subs=1 roi=ok intrinsic=ok inference_age_ms=97 target=none transport=False sorting_thread=alive
12:53:37 [v4][heartbeat] enter=True sorting=False cam=LIVE ai=LIVE cam_fps=57.6 pub_fps=30.2 frames=210269 result_subs=1 roi=ok intrinsic=ok inference_age_ms=109 target=none transport=False sorting_thread=alive
12:53:42 [v4][heartbeat] enter=True sorting=False cam=LIVE ai=LIVE cam_fps=55.4 pub_fps=30.4 frames=210546 result_subs=1 roi=ok intrinsic=ok inference_age_ms=112 target=none transport=False sorting_thread=alive
12:53:47 [v4][heartbeat] enter=True sorting=False cam=LIVE ai=LIVE cam_fps=54.6 pub_fps=30.2 frames=210819 result_subs=1 roi=ok intrinsic=ok inference_age_ms=81 target=none transport=False sorting_thread=alive
12:53:52 [v4][heartbeat] enter=True sorting=False cam=LIVE ai=LIVE cam_fps=57.0 pub_fps=30.4 frames=211104 result_subs=1 roi=ok intrinsic=ok inference_age_ms=75 target=none transport=False sorting_thread=alive
12:53:57 [v4][heartbeat] enter=True sorting=False cam=LIVE ai=LIVE cam_fps=54.8 pub_fps=30.4 frames=211378 result_subs=1 roi=ok intrinsic=ok inference_age_ms=65 target=none transport=False sorting_thread=alive
12:54:02 [v4][heartbeat] enter=True sorting=False cam=LIVE ai=LIVE cam_fps=56.7 pub_fps=30.2 frames=211661 result_subs=1 roi=ok intrinsic=ok inference_age_ms=82 target=none transport=False sorting_thread=alive
12:54:07 [v4][heartbeat] enter=True sorting=False cam=LIVE ai=LIVE cam_fps=55.6 pub_fps=30.4 frames=211939 result_subs=1 roi=ok intrinsic=ok inference_age_ms=95 target=none transport=False sorting_thread=alive
12:54:12 [v4][heartbeat] enter=True sorting=False cam=LIVE ai=LIVE cam_fps=55.2 pub_fps=30.2 frames=212215 result_subs=1 roi=ok intrinsic=ok inference_age_ms=84 target=none transport=False sorting_thread=alive
12:54:17 [v4][heartbeat] enter=True sorting=False cam=LIVE ai=LIVE cam_fps=56.0 pub_fps=30.4 frames=212495 result_subs=1 roi=ok intrinsic=ok inference_age_ms=115 target=none transport=False sorting_thread=alive
12:54:22 [v4][heartbeat] enter=True sorting=False cam=LIVE ai=LIVE cam_fps=55.6 pub_fps=30.2 frames=212773 result_subs=1 roi=ok intrinsic=ok inference_age_ms=73 target=none transport=False sorting_thread=alive
12:54:27 [v4][heartbeat] enter=True sorting=False cam=LIVE ai=LIVE cam_fps=57.0 pub_fps=30.4 frames=213058 result_subs=1 roi=ok intrinsic=ok inference_age_ms=64 target=none transport=False sorting_thread=alive
12:54:32 [v4][heartbeat] enter=True sorting=False cam=LIVE ai=LIVE cam_fps=56.8 pub_fps=30.2 frames=213342 result_subs=1 roi=ok intrinsic=ok inference_age_ms=64 target=none transport=False sorting_thread=alive
12:54:37 [v4][heartbeat] enter=True sorting=False cam=LIVE ai=LIVE cam_fps=56.6 pub_fps=30.4 frames=213625 result_subs=1 roi=ok intrinsic=ok inference_age_ms=110 target=none transport=False sorting_thread=alive
12:54:42 [v4][heartbeat] enter=True sorting=False cam=LIVE ai=LIVE cam_fps=57.6 pub_fps=30.2 frames=213913 result_subs=1 roi=ok intrinsic=ok inference_age_ms=90 target=none transport=False sorting_thread=alive
12:54:47 [v4][heartbeat] enter=True sorting=False cam=LIVE ai=LIVE cam_fps=55.4 pub_fps=30.4 frames=214190 result_subs=1 roi=ok intrinsic=ok inference_age_ms=89 target=none transport=False sorting_thread=alive
12:54:52 [v4][heartbeat] enter=True sorting=False cam=LIVE ai=LIVE cam_fps=57.0 pub_fps=30.2 frames=214475 result_subs=1 roi=ok intrinsic=ok inference_age_ms=124 target=none transport=False sorting_thread=alive
12:54:57 [v4][heartbeat] enter=True sorting=False cam=LIVE ai=LIVE cam_fps=56.4 pub_fps=30.4 frames=214757 result_subs=1 roi=ok intrinsic=ok inference_age_ms=92 target=none transport=False sorting_thread=alive
12:55:02 [v4][heartbeat] enter=True sorting=False cam=LIVE ai=LIVE cam_fps=54.5 pub_fps=30.2 frames=215030 result_subs=1 roi=ok intrinsic=ok inference_age_ms=135 target=none transport=False sorting_thread=alive
12:55:07 [v4][heartbeat] enter=True sorting=False cam=LIVE ai=LIVE cam_fps=55.4 pub_fps=30.4 frames=215307 result_subs=1 roi=ok intrinsic=ok inference_age_ms=95 target=none transport=False sorting_thread=alive
12:55:12 [v4][heartbeat] enter=True sorting=False cam=LIVE ai=LIVE cam_fps=55.0 pub_fps=30.2 frames=215582 result_subs=1 roi=ok intrinsic=ok inference_age_ms=100 target=none transport=False sorting_thread=alive
12:55:17 [v4][heartbeat] enter=True sorting=False cam=LIVE ai=LIVE cam_fps=56.2 pub_fps=30.4 frames=215863 result_subs=1 roi=ok intrinsic=ok inference_age_ms=108 target=none transport=False sorting_thread=alive
12:55:22 [v4][heartbeat] enter=True sorting=False cam=LIVE ai=LIVE cam_fps=55.0 pub_fps=30.2 frames=216138 result_subs=1 roi=ok intrinsic=ok inference_age_ms=44 target=none transport=False sorting_thread=alive
12:55:27 [v4][heartbeat] enter=True sorting=False cam=LIVE ai=LIVE cam_fps=52.2 pub_fps=30.4 frames=216399 result_subs=1 roi=ok intrinsic=ok inference_age_ms=90 target=none transport=False sorting_thread=alive
12:55:32 [v4][heartbeat] enter=True sorting=False cam=LIVE ai=LIVE cam_fps=55.8 pub_fps=30.2 frames=216678 result_subs=1 roi=ok intrinsic=ok inference_age_ms=115 target=none transport=False sorting_thread=alive
12:55:37 [v4][heartbeat] enter=True sorting=False cam=LIVE ai=LIVE cam_fps=54.4 pub_fps=30.4 frames=216950 result_subs=1 roi=ok intrinsic=ok inference_age_ms=93 target=none transport=False sorting_thread=alive
12:55:42 [v4][heartbeat] enter=True sorting=False cam=LIVE ai=LIVE cam_fps=54.7 pub_fps=30.2 frames=217223 result_subs=1 roi=ok intrinsic=ok inference_age_ms=87 target=none transport=False sorting_thread=alive
12:55:47 [v4][heartbeat] enter=True sorting=False cam=LIVE ai=LIVE cam_fps=56.2 pub_fps=30.4 frames=217504 result_subs=1 roi=ok intrinsic=ok inference_age_ms=92 target=none transport=False sorting_thread=alive
12:55:52 [v4][heartbeat] enter=True sorting=False cam=LIVE ai=LIVE cam_fps=54.4 pub_fps=30.2 frames=217776 result_subs=1 roi=ok intrinsic=ok inference_age_ms=75 target=none transport=False sorting_thread=alive
12:55:57 [v4][heartbeat] enter=True sorting=False cam=LIVE ai=LIVE cam_fps=58.0 pub_fps=30.4 frames=218066 result_subs=1 roi=ok intrinsic=ok inference_age_ms=127 target=none transport=False sorting_thread=alive
12:56:02 [v4][heartbeat] enter=True sorting=False cam=LIVE ai=LIVE cam_fps=55.8 pub_fps=30.2 frames=218345 result_subs=1 roi=ok intrinsic=ok inference_age_ms=104 target=none transport=False sorting_thread=alive
12:56:07 [v4][heartbeat] enter=True sorting=False cam=LIVE ai=LIVE cam_fps=52.8 pub_fps=30.4 frames=218609 result_subs=1 roi=ok intrinsic=ok inference_age_ms=94 target=none transport=False sorting_thread=alive
12:56:12 [v4][heartbeat] enter=True sorting=False cam=LIVE ai=LIVE cam_fps=56.8 pub_fps=30.2 frames=218893 result_subs=1 roi=ok intrinsic=ok inference_age_ms=57 target=none transport=False sorting_thread=alive
12:56:17 [v4][heartbeat] enter=True sorting=False cam=LIVE ai=LIVE cam_fps=54.6 pub_fps=30.4 frames=219166 result_subs=1 roi=ok intrinsic=ok inference_age_ms=60 target=none transport=False sorting_thread=alive
12:56:22 [v4][heartbeat] enter=True sorting=False cam=LIVE ai=LIVE cam_fps=54.6 pub_fps=30.2 frames=219439 result_subs=1 roi=ok intrinsic=ok inference_age_ms=140 target=none transport=False sorting_thread=alive
12:56:27 [v4][heartbeat] enter=True sorting=False cam=LIVE ai=LIVE cam_fps=55.4 pub_fps=30.4 frames=219716 result_subs=1 roi=ok intrinsic=ok inference_age_ms=65 target=none transport=False sorting_thread=alive
12:56:32 [v4][heartbeat] enter=True sorting=False cam=LIVE ai=LIVE cam_fps=54.1 pub_fps=30.1 frames=219987 result_subs=1 roi=ok intrinsic=ok inference_age_ms=90 target=none transport=False sorting_thread=alive
12:56:37 [v4][heartbeat] enter=True sorting=False cam=LIVE ai=LIVE cam_fps=57.7 pub_fps=30.4 frames=220275 result_subs=1 roi=ok intrinsic=ok inference_age_ms=112 target=none transport=False sorting_thread=alive
12:56:42 [v4][heartbeat] enter=True sorting=False cam=LIVE ai=LIVE cam_fps=52.0 pub_fps=30.4 frames=220535 result_subs=1 roi=ok intrinsic=ok inference_age_ms=112 target=none transport=False sorting_thread=alive
12:56:47 [v4][heartbeat] enter=True sorting=False cam=LIVE ai=LIVE cam_fps=58.0 pub_fps=30.2 frames=220825 result_subs=1 roi=ok intrinsic=ok inference_age_ms=90 target=none transport=False sorting_thread=alive
12:56:52 [v4][heartbeat] enter=True sorting=False cam=LIVE ai=LIVE cam_fps=56.4 pub_fps=30.4 frames=221107 result_subs=1 roi=ok intrinsic=ok inference_age_ms=115 target=none transport=False sorting_thread=alive
12:56:57 [v4][heartbeat] enter=True sorting=False cam=LIVE ai=LIVE cam_fps=54.8 pub_fps=30.2 frames=221381 result_subs=1 roi=ok intrinsic=ok inference_age_ms=115 target=none transport=False sorting_thread=alive
12:57:02 [v4][heartbeat] enter=True sorting=False cam=LIVE ai=LIVE cam_fps=55.6 pub_fps=30.4 frames=221659 result_subs=1 roi=ok intrinsic=ok inference_age_ms=103 target=none transport=False sorting_thread=alive
12:57:07 [v4][heartbeat] enter=True sorting=False cam=LIVE ai=LIVE cam_fps=54.3 pub_fps=30.2 frames=221930 result_subs=1 roi=ok intrinsic=ok inference_age_ms=91 target=none transport=False sorting_thread=alive
12:57:12 [v4][heartbeat] enter=True sorting=False cam=LIVE ai=LIVE cam_fps=55.5 pub_fps=30.4 frames=222208 result_subs=1 roi=ok intrinsic=ok inference_age_ms=81 target=none transport=False sorting_thread=alive
12:57:17 [v4][heartbeat] enter=True sorting=False cam=LIVE ai=LIVE cam_fps=55.0 pub_fps=30.2 frames=222483 result_subs=1 roi=ok intrinsic=ok inference_age_ms=47 target=none transport=False sorting_thread=alive
12:57:22 [v4][heartbeat] enter=True sorting=False cam=LIVE ai=LIVE cam_fps=56.2 pub_fps=30.4 frames=222764 result_subs=1 roi=ok intrinsic=ok inference_age_ms=109 target=none transport=False sorting_thread=alive
12:57:27 [v4][heartbeat] enter=True sorting=False cam=LIVE ai=LIVE cam_fps=57.3 pub_fps=30.2 frames=223050 result_subs=1 roi=ok intrinsic=ok inference_age_ms=136 target=none transport=False sorting_thread=alive
12:57:32 [v4][heartbeat] enter=True sorting=False cam=LIVE ai=LIVE cam_fps=56.0 pub_fps=30.4 frames=223330 result_subs=1 roi=ok intrinsic=ok inference_age_ms=85 target=none transport=False sorting_thread=alive
12:57:37 [v4][heartbeat] enter=True sorting=False cam=LIVE ai=LIVE cam_fps=56.2 pub_fps=30.2 frames=223611 result_subs=1 roi=ok intrinsic=ok inference_age_ms=79 target=none transport=False sorting_thread=alive
12:57:42 [v4][heartbeat] enter=True sorting=False cam=LIVE ai=LIVE cam_fps=57.0 pub_fps=30.4 frames=223896 result_subs=1 roi=ok intrinsic=ok inference_age_ms=95 target=none transport=False sorting_thread=alive
12:57:47 [v4][heartbeat] enter=True sorting=False cam=LIVE ai=LIVE cam_fps=54.4 pub_fps=30.2 frames=224168 result_subs=1 roi=ok intrinsic=ok inference_age_ms=56 target=none transport=False sorting_thread=alive
12:57:52 [v4][heartbeat] enter=True sorting=False cam=LIVE ai=LIVE cam_fps=57.6 pub_fps=30.4 frames=224456 result_subs=1 roi=ok intrinsic=ok inference_age_ms=97 target=none transport=False sorting_thread=alive
12:57:57 [v4][heartbeat] enter=True sorting=False cam=LIVE ai=LIVE cam_fps=54.2 pub_fps=30.2 frames=224727 result_subs=1 roi=ok intrinsic=ok inference_age_ms=146 target=none transport=False sorting_thread=alive
12:58:02 [v4][heartbeat] enter=True sorting=False cam=LIVE ai=LIVE cam_fps=53.2 pub_fps=30.4 frames=224993 result_subs=1 roi=ok intrinsic=ok inference_age_ms=62 target=none transport=False sorting_thread=alive
12:58:07 [v4][heartbeat] enter=True sorting=False cam=LIVE ai=LIVE cam_fps=58.1 pub_fps=30.2 frames=225283 result_subs=1 roi=ok intrinsic=ok inference_age_ms=90 target=none transport=False sorting_thread=alive
12:58:12 [v4][heartbeat] enter=True sorting=False cam=LIVE ai=LIVE cam_fps=52.8 pub_fps=30.4 frames=225547 result_subs=1 roi=ok intrinsic=ok inference_age_ms=97 target=none transport=False sorting_thread=alive
12:58:17 [v4][heartbeat] enter=True sorting=False cam=LIVE ai=LIVE cam_fps=56.8 pub_fps=30.2 frames=225831 result_subs=1 roi=ok intrinsic=ok inference_age_ms=97 target=none transport=False sorting_thread=alive
12:58:22 [v4][heartbeat] enter=True sorting=False cam=LIVE ai=LIVE cam_fps=55.0 pub_fps=30.4 frames=226106 result_subs=1 roi=ok intrinsic=ok inference_age_ms=112 target=none transport=False sorting_thread=alive
12:58:27 [v4][heartbeat] enter=True sorting=False cam=LIVE ai=LIVE cam_fps=55.4 pub_fps=30.2 frames=226383 result_subs=1 roi=ok intrinsic=ok inference_age_ms=85 target=none transport=False sorting_thread=alive
12:58:32 [v4][heartbeat] enter=True sorting=False cam=LIVE ai=LIVE cam_fps=54.3 pub_fps=30.4 frames=226654 result_subs=1 roi=ok intrinsic=ok inference_age_ms=92 target=none transport=False sorting_thread=alive
12:58:37 [v4][heartbeat] enter=True sorting=False cam=LIVE ai=LIVE cam_fps=54.0 pub_fps=30.2 frames=226924 result_subs=1 roi=ok intrinsic=ok inference_age_ms=57 target=none transport=False sorting_thread=alive
12:58:42 [v4][heartbeat] enter=True sorting=False cam=LIVE ai=LIVE cam_fps=57.0 pub_fps=30.4 frames=227209 result_subs=1 roi=ok intrinsic=ok inference_age_ms=95 target=none transport=False sorting_thread=alive
12:58:47 [v4][heartbeat] enter=True sorting=False cam=LIVE ai=LIVE cam_fps=56.0 pub_fps=30.2 frames=227489 result_subs=1 roi=ok intrinsic=ok inference_age_ms=121 target=none transport=False sorting_thread=alive
12:58:52 [v4][heartbeat] enter=True sorting=False cam=LIVE ai=LIVE cam_fps=54.4 pub_fps=30.4 frames=227761 result_subs=1 roi=ok intrinsic=ok inference_age_ms=92 target=none transport=False sorting_thread=alive
12:58:57 [v4][heartbeat] enter=True sorting=False cam=LIVE ai=LIVE cam_fps=56.8 pub_fps=30.2 frames=228045 result_subs=1 roi=ok intrinsic=ok inference_age_ms=66 target=none transport=False sorting_thread=alive
12:59:02 [v4][heartbeat] enter=True sorting=False cam=LIVE ai=LIVE cam_fps=53.0 pub_fps=30.4 frames=228310 result_subs=1 roi=ok intrinsic=ok inference_age_ms=82 target=none transport=False sorting_thread=alive
12:59:07 [v4][heartbeat] enter=True sorting=False cam=LIVE ai=LIVE cam_fps=54.8 pub_fps=30.2 frames=228584 result_subs=1 roi=ok intrinsic=ok inference_age_ms=128 target=none transport=False sorting_thread=alive
12:59:12 [v4][heartbeat] enter=True sorting=False cam=LIVE ai=LIVE cam_fps=56.0 pub_fps=30.4 frames=228864 result_subs=1 roi=ok intrinsic=ok inference_age_ms=78 target=none transport=False sorting_thread=alive
12:59:17 [v4][heartbeat] enter=True sorting=False cam=LIVE ai=LIVE cam_fps=55.0 pub_fps=30.2 frames=229139 result_subs=1 roi=ok intrinsic=ok inference_age_ms=72 target=none transport=False sorting_thread=alive
12:59:22 [v4][heartbeat] enter=True sorting=False cam=LIVE ai=LIVE cam_fps=56.5 pub_fps=30.4 frames=229421 result_subs=1 roi=ok intrinsic=ok inference_age_ms=97 target=none transport=False sorting_thread=alive
12:59:27 [v4][heartbeat] enter=True sorting=False cam=LIVE ai=LIVE cam_fps=55.6 pub_fps=30.2 frames=229699 result_subs=1 roi=ok intrinsic=ok inference_age_ms=129 target=none transport=False sorting_thread=alive
12:59:32 [v4][heartbeat] enter=True sorting=False cam=LIVE ai=LIVE cam_fps=56.4 pub_fps=30.4 frames=229981 result_subs=1 roi=ok intrinsic=ok inference_age_ms=97 target=none transport=False sorting_thread=alive
12:59:37 [v4][heartbeat] enter=True sorting=False cam=LIVE ai=LIVE cam_fps=57.4 pub_fps=30.4 frames=230268 result_subs=1 roi=ok intrinsic=ok inference_age_ms=93 target=none transport=False sorting_thread=alive
12:59:42 [v4][heartbeat] enter=True sorting=False cam=LIVE ai=LIVE cam_fps=51.9 pub_fps=30.2 frames=230527 result_subs=1 roi=ok intrinsic=ok inference_age_ms=130 target=none transport=False sorting_thread=alive
12:59:47 [v4][heartbeat] enter=True sorting=False cam=LIVE ai=LIVE cam_fps=55.0 pub_fps=30.4 frames=230802 result_subs=1 roi=ok intrinsic=ok inference_age_ms=94 target=none transport=False sorting_thread=alive
12:59:52 [v4][heartbeat] enter=True sorting=False cam=LIVE ai=LIVE cam_fps=55.4 pub_fps=30.2 frames=231079 result_subs=1 roi=ok intrinsic=ok inference_age_ms=67 target=none transport=False sorting_thread=alive
12:59:57 [v4][heartbeat] enter=True sorting=False cam=LIVE ai=LIVE cam_fps=56.4 pub_fps=30.4 frames=231361 result_subs=1 roi=ok intrinsic=ok inference_age_ms=86 target=none transport=False sorting_thread=alive
13:00:02 [v4][heartbeat] enter=True sorting=False cam=LIVE ai=LIVE cam_fps=57.0 pub_fps=30.2 frames=231646 result_subs=1 roi=ok intrinsic=ok inference_age_ms=46 target=none transport=False sorting_thread=alive
13:00:07 [v4][heartbeat] enter=True sorting=False cam=LIVE ai=LIVE cam_fps=53.0 pub_fps=30.2 frames=231911 result_subs=1 roi=ok intrinsic=ok inference_age_ms=57 target=none transport=False sorting_thread=alive
13:00:12 [v4][heartbeat] enter=True sorting=False cam=LIVE ai=LIVE cam_fps=55.8 pub_fps=30.4 frames=232190 result_subs=1 roi=ok intrinsic=ok inference_age_ms=104 target=none transport=False sorting_thread=alive
13:00:17 [v4][heartbeat] enter=True sorting=False cam=LIVE ai=LIVE cam_fps=53.4 pub_fps=30.4 frames=232457 result_subs=1 roi=ok intrinsic=ok inference_age_ms=148 target=none transport=False sorting_thread=alive
13:00:22 [v4][heartbeat] enter=True sorting=False cam=LIVE ai=LIVE cam_fps=54.0 pub_fps=30.2 frames=232727 result_subs=1 roi=ok intrinsic=ok inference_age_ms=124 target=none transport=False sorting_thread=alive
13:00:27 [v4][heartbeat] enter=True sorting=False cam=LIVE ai=LIVE cam_fps=56.8 pub_fps=30.4 frames=233011 result_subs=1 roi=ok intrinsic=ok inference_age_ms=111 target=none transport=False sorting_thread=alive
13:00:32 [v4][heartbeat] enter=True sorting=False cam=LIVE ai=LIVE cam_fps=54.4 pub_fps=30.2 frames=233283 result_subs=1 roi=ok intrinsic=ok inference_age_ms=46 target=none transport=False sorting_thread=alive
13:00:37 [v4][heartbeat] enter=True sorting=False cam=LIVE ai=LIVE cam_fps=54.9 pub_fps=30.4 frames=233558 result_subs=1 roi=ok intrinsic=ok inference_age_ms=100 target=none transport=False sorting_thread=alive
13:00:42 [v4][heartbeat] enter=True sorting=False cam=LIVE ai=LIVE cam_fps=55.8 pub_fps=30.2 frames=233837 result_subs=1 roi=ok intrinsic=ok inference_age_ms=126 target=none transport=False sorting_thread=alive
13:00:47 [v4][heartbeat] enter=True sorting=False cam=LIVE ai=LIVE cam_fps=54.2 pub_fps=30.4 frames=234108 result_subs=1 roi=ok intrinsic=ok inference_age_ms=90 target=none transport=False sorting_thread=alive
13:00:52 [v4][heartbeat] enter=True sorting=False cam=LIVE ai=LIVE cam_fps=56.8 pub_fps=30.2 frames=234392 result_subs=1 roi=ok intrinsic=ok inference_age_ms=119 target=none transport=False sorting_thread=alive
13:00:57 [v4][heartbeat] enter=True sorting=False cam=LIVE ai=LIVE cam_fps=54.0 pub_fps=30.4 frames=234662 result_subs=1 roi=ok intrinsic=ok inference_age_ms=76 target=none transport=False sorting_thread=alive
13:01:02 [v4][heartbeat] enter=True sorting=False cam=LIVE ai=LIVE cam_fps=54.8 pub_fps=30.2 frames=234936 result_subs=1 roi=ok intrinsic=ok inference_age_ms=96 target=none transport=False sorting_thread=alive
13:01:07 [v4][heartbeat] enter=True sorting=False cam=LIVE ai=LIVE cam_fps=56.4 pub_fps=30.4 frames=235218 result_subs=1 roi=ok intrinsic=ok inference_age_ms=84 target=none transport=False sorting_thread=alive
13:01:12 [v4][heartbeat] enter=True sorting=False cam=LIVE ai=LIVE cam_fps=53.8 pub_fps=30.2 frames=235487 result_subs=1 roi=ok intrinsic=ok inference_age_ms=108 target=none transport=False sorting_thread=alive
13:01:17 [v4][heartbeat] enter=True sorting=False cam=LIVE ai=LIVE cam_fps=56.4 pub_fps=30.4 frames=235769 result_subs=1 roi=ok intrinsic=ok inference_age_ms=107 target=none transport=False sorting_thread=alive
13:01:22 [v4][heartbeat] enter=True sorting=False cam=LIVE ai=LIVE cam_fps=52.8 pub_fps=30.2 frames=236033 result_subs=1 roi=ok intrinsic=ok inference_age_ms=65 target=none transport=False sorting_thread=alive
13:01:27 [v4][heartbeat] enter=True sorting=False cam=LIVE ai=LIVE cam_fps=54.8 pub_fps=30.4 frames=236307 result_subs=1 roi=ok intrinsic=ok inference_age_ms=86 target=none transport=False sorting_thread=alive
13:01:32 [v4][heartbeat] enter=True sorting=False cam=LIVE ai=LIVE cam_fps=55.7 pub_fps=30.2 frames=236585 result_subs=1 roi=ok intrinsic=ok inference_age_ms=106 target=none transport=False sorting_thread=alive
13:01:37 [v4][heartbeat] enter=True sorting=False cam=LIVE ai=LIVE cam_fps=56.0 pub_fps=30.4 frames=236865 result_subs=1 roi=ok intrinsic=ok inference_age_ms=127 target=none transport=False sorting_thread=alive
13:01:42 [v4][heartbeat] enter=True sorting=False cam=LIVE ai=LIVE cam_fps=56.4 pub_fps=30.2 frames=237147 result_subs=1 roi=ok intrinsic=ok inference_age_ms=91 target=none transport=False sorting_thread=alive
13:01:47 [v4][heartbeat] enter=True sorting=False cam=LIVE ai=LIVE cam_fps=54.2 pub_fps=30.4 frames=237418 result_subs=1 roi=ok intrinsic=ok inference_age_ms=117 target=none transport=False sorting_thread=alive
13:01:52 [v4][heartbeat] enter=True sorting=False cam=LIVE ai=LIVE cam_fps=55.4 pub_fps=30.2 frames=237695 result_subs=1 roi=ok intrinsic=ok inference_age_ms=113 target=none transport=False sorting_thread=alive
13:01:57 [v4][heartbeat] enter=True sorting=False cam=LIVE ai=LIVE cam_fps=55.2 pub_fps=30.4 frames=237971 result_subs=1 roi=ok intrinsic=ok inference_age_ms=93 target=none transport=False sorting_thread=alive
13:02:02 [v4][heartbeat] enter=True sorting=False cam=LIVE ai=LIVE cam_fps=52.0 pub_fps=30.2 frames=238231 result_subs=1 roi=ok intrinsic=ok inference_age_ms=81 target=none transport=False sorting_thread=alive
13:02:07 [v4][heartbeat] enter=True sorting=False cam=LIVE ai=LIVE cam_fps=55.2 pub_fps=30.4 frames=238507 result_subs=1 roi=ok intrinsic=ok inference_age_ms=119 target=none transport=False sorting_thread=alive
13:02:12 [v4][heartbeat] enter=True sorting=False cam=LIVE ai=LIVE cam_fps=56.6 pub_fps=30.4 frames=238790 result_subs=1 roi=ok intrinsic=ok inference_age_ms=102 target=none transport=False sorting_thread=alive
13:02:17 [v4][heartbeat] enter=True sorting=False cam=LIVE ai=LIVE cam_fps=55.0 pub_fps=30.2 frames=239065 result_subs=1 roi=ok intrinsic=ok inference_age_ms=67 target=none transport=False sorting_thread=alive
13:02:22 [v4][heartbeat] enter=True sorting=False cam=LIVE ai=LIVE cam_fps=57.5 pub_fps=30.2 frames=239352 result_subs=1 roi=ok intrinsic=ok inference_age_ms=82 target=none transport=False sorting_thread=alive
13:02:27 [v4][heartbeat] enter=True sorting=False cam=LIVE ai=LIVE cam_fps=53.0 pub_fps=30.4 frames=239617 result_subs=1 roi=ok intrinsic=ok inference_age_ms=104 target=none transport=False sorting_thread=alive
13:02:32 [v4][heartbeat] enter=True sorting=False cam=LIVE ai=LIVE cam_fps=56.0 pub_fps=30.4 frames=239897 result_subs=1 roi=ok intrinsic=ok inference_age_ms=110 target=none transport=False sorting_thread=alive
13:02:37 [v4][heartbeat] enter=True sorting=False cam=LIVE ai=LIVE cam_fps=54.2 pub_fps=30.2 frames=240168 result_subs=1 roi=ok intrinsic=ok inference_age_ms=87 target=none transport=False sorting_thread=alive
13:02:42 [v4][heartbeat] enter=True sorting=False cam=LIVE ai=LIVE cam_fps=55.0 pub_fps=30.4 frames=240443 result_subs=1 roi=ok intrinsic=ok inference_age_ms=62 target=none transport=False sorting_thread=alive
13:02:47 [v4][heartbeat] enter=True sorting=False cam=LIVE ai=LIVE cam_fps=58.2 pub_fps=30.2 frames=240734 result_subs=1 roi=ok intrinsic=ok inference_age_ms=97 target=none transport=False sorting_thread=alive
13:02:52 [v4][heartbeat] enter=True sorting=False cam=LIVE ai=LIVE cam_fps=54.5 pub_fps=30.3 frames=241007 result_subs=1 roi=ok intrinsic=ok inference_age_ms=79 target=none transport=False sorting_thread=alive
13:02:57 [v4][heartbeat] enter=True sorting=False cam=LIVE ai=LIVE cam_fps=54.9 pub_fps=30.3 frames=241281 result_subs=1 roi=ok intrinsic=ok inference_age_ms=127 target=none transport=False sorting_thread=alive
13:03:02 [v4][heartbeat] enter=True sorting=False cam=LIVE ai=LIVE cam_fps=56.2 pub_fps=30.4 frames=241562 result_subs=1 roi=ok intrinsic=ok inference_age_ms=73 target=none transport=False sorting_thread=alive
13:03:07 [v4][heartbeat] enter=True sorting=False cam=LIVE ai=LIVE cam_fps=53.4 pub_fps=30.2 frames=241829 result_subs=1 roi=ok intrinsic=ok inference_age_ms=121 target=none transport=False sorting_thread=alive
13:03:12 [v4][heartbeat] enter=True sorting=False cam=LIVE ai=LIVE cam_fps=56.6 pub_fps=30.4 frames=242112 result_subs=1 roi=ok intrinsic=ok inference_age_ms=122 target=none transport=False sorting_thread=alive
13:03:17 [v4][heartbeat] enter=True sorting=False cam=LIVE ai=LIVE cam_fps=55.2 pub_fps=30.2 frames=242388 result_subs=1 roi=ok intrinsic=ok inference_age_ms=123 target=none transport=False sorting_thread=alive
13:03:22 [v4][heartbeat] enter=True sorting=False cam=LIVE ai=LIVE cam_fps=53.2 pub_fps=30.4 frames=242654 result_subs=1 roi=ok intrinsic=ok inference_age_ms=92 target=none transport=False sorting_thread=alive
13:03:27 [v4][heartbeat] enter=True sorting=False cam=LIVE ai=LIVE cam_fps=55.8 pub_fps=30.2 frames=242933 result_subs=1 roi=ok intrinsic=ok inference_age_ms=72 target=none transport=False sorting_thread=alive
13:03:32 [v4][heartbeat] enter=True sorting=False cam=LIVE ai=LIVE cam_fps=55.4 pub_fps=30.4 frames=243210 result_subs=1 roi=ok intrinsic=ok inference_age_ms=95 target=none transport=False sorting_thread=alive
13:03:37 [v4][heartbeat] enter=True sorting=False cam=LIVE ai=LIVE cam_fps=57.0 pub_fps=30.2 frames=243495 result_subs=1 roi=ok intrinsic=ok inference_age_ms=70 target=none transport=False sorting_thread=alive
13:03:42 [v4][heartbeat] enter=True sorting=False cam=LIVE ai=LIVE cam_fps=55.0 pub_fps=30.4 frames=243770 result_subs=1 roi=ok intrinsic=ok inference_age_ms=86 target=none transport=False sorting_thread=alive
13:03:47 [v4][heartbeat] enter=True sorting=False cam=LIVE ai=LIVE cam_fps=53.8 pub_fps=30.2 frames=244039 result_subs=1 roi=ok intrinsic=ok inference_age_ms=74 target=none transport=False sorting_thread=alive
13:03:52 [v4][heartbeat] enter=True sorting=False cam=LIVE ai=LIVE cam_fps=56.2 pub_fps=30.4 frames=244320 result_subs=1 roi=ok intrinsic=ok inference_age_ms=107 target=none transport=False sorting_thread=alive
13:03:57 [v4][heartbeat] enter=True sorting=False cam=LIVE ai=LIVE cam_fps=53.4 pub_fps=30.2 frames=244587 result_subs=1 roi=ok intrinsic=ok inference_age_ms=135 target=none transport=False sorting_thread=alive
13:04:02 [v4][heartbeat] enter=True sorting=False cam=LIVE ai=LIVE cam_fps=57.2 pub_fps=30.4 frames=244873 result_subs=1 roi=ok intrinsic=ok inference_age_ms=75 target=none transport=False sorting_thread=alive
13:04:07 [v4][heartbeat] enter=True sorting=False cam=LIVE ai=LIVE cam_fps=55.6 pub_fps=30.2 frames=245151 result_subs=1 roi=ok intrinsic=ok inference_age_ms=110 target=none transport=False sorting_thread=alive
13:04:12 [v4][heartbeat] enter=True sorting=False cam=LIVE ai=LIVE cam_fps=55.4 pub_fps=30.4 frames=245428 result_subs=1 roi=ok intrinsic=ok inference_age_ms=65 target=none transport=False sorting_thread=alive
13:04:17 [v4][heartbeat] enter=True sorting=False cam=LIVE ai=LIVE cam_fps=56.0 pub_fps=30.2 frames=245708 result_subs=1 roi=ok intrinsic=ok inference_age_ms=95 target=none transport=False sorting_thread=alive
13:04:22 [v4][heartbeat] enter=True sorting=False cam=LIVE ai=LIVE cam_fps=55.4 pub_fps=30.4 frames=245985 result_subs=1 roi=ok intrinsic=ok inference_age_ms=109 target=none transport=False sorting_thread=alive
13:04:27 [v4][heartbeat] enter=True sorting=False cam=LIVE ai=LIVE cam_fps=57.6 pub_fps=30.2 frames=246273 result_subs=1 roi=ok intrinsic=ok inference_age_ms=148 target=none transport=False sorting_thread=alive
13:04:32 [v4][heartbeat] enter=True sorting=False cam=LIVE ai=LIVE cam_fps=57.6 pub_fps=30.4 frames=246561 result_subs=1 roi=ok intrinsic=ok inference_age_ms=88 target=none transport=False sorting_thread=alive
13:04:37 [v4][heartbeat] enter=True sorting=False cam=LIVE ai=LIVE cam_fps=54.2 pub_fps=30.2 frames=246832 result_subs=1 roi=ok intrinsic=ok inference_age_ms=90 target=none transport=False sorting_thread=alive
13:04:42 [v4][heartbeat] enter=True sorting=False cam=LIVE ai=LIVE cam_fps=56.6 pub_fps=30.4 frames=247115 result_subs=1 roi=ok intrinsic=ok inference_age_ms=102 target=none transport=False sorting_thread=alive
13:04:47 [v4][heartbeat] enter=True sorting=False cam=LIVE ai=LIVE cam_fps=54.2 pub_fps=30.2 frames=247386 result_subs=1 roi=ok intrinsic=ok inference_age_ms=42 target=none transport=False sorting_thread=alive
13:04:52 [v4][heartbeat] enter=True sorting=False cam=LIVE ai=LIVE cam_fps=56.6 pub_fps=30.4 frames=247669 result_subs=1 roi=ok intrinsic=ok inference_age_ms=69 target=none transport=False sorting_thread=alive
13:04:57 [v4][heartbeat] enter=True sorting=False cam=LIVE ai=LIVE cam_fps=56.6 pub_fps=30.4 frames=247952 result_subs=1 roi=ok intrinsic=ok inference_age_ms=79 target=none transport=False sorting_thread=alive
13:05:02 [v4][heartbeat] enter=True sorting=False cam=LIVE ai=LIVE cam_fps=56.2 pub_fps=30.2 frames=248233 result_subs=1 roi=ok intrinsic=ok inference_age_ms=103 target=none transport=False sorting_thread=alive
13:05:07 [v4][heartbeat] enter=True sorting=False cam=LIVE ai=LIVE cam_fps=57.6 pub_fps=30.2 frames=248521 result_subs=1 roi=ok intrinsic=ok inference_age_ms=79 target=none transport=False sorting_thread=alive
13:05:12 [v4][heartbeat] enter=True sorting=False cam=LIVE ai=LIVE cam_fps=55.0 pub_fps=30.4 frames=248796 result_subs=1 roi=ok intrinsic=ok inference_age_ms=90 target=none transport=False sorting_thread=alive
13:05:17 [v4][heartbeat] enter=True sorting=False cam=LIVE ai=LIVE cam_fps=56.6 pub_fps=30.4 frames=249079 result_subs=1 roi=ok intrinsic=ok inference_age_ms=53 target=none transport=False sorting_thread=alive
13:05:22 [v4][heartbeat] enter=True sorting=False cam=LIVE ai=LIVE cam_fps=56.8 pub_fps=30.2 frames=249363 result_subs=1 roi=ok intrinsic=ok inference_age_ms=99 target=none transport=False sorting_thread=alive
13:05:27 [v4][heartbeat] enter=True sorting=False cam=LIVE ai=LIVE cam_fps=55.4 pub_fps=30.4 frames=249640 result_subs=1 roi=ok intrinsic=ok inference_age_ms=94 target=none transport=False sorting_thread=alive
13:05:32 [v4][heartbeat] enter=True sorting=False cam=LIVE ai=LIVE cam_fps=57.4 pub_fps=30.2 frames=249927 result_subs=1 roi=ok intrinsic=ok inference_age_ms=133 target=none transport=False sorting_thread=alive
13:05:37 [v4][heartbeat] enter=True sorting=False cam=LIVE ai=LIVE cam_fps=55.0 pub_fps=30.2 frames=250202 result_subs=1 roi=ok intrinsic=ok inference_age_ms=103 target=none transport=False sorting_thread=alive
13:05:42 [v4][heartbeat] enter=True sorting=False cam=LIVE ai=LIVE cam_fps=55.2 pub_fps=30.4 frames=250478 result_subs=1 roi=ok intrinsic=ok inference_age_ms=109 target=none transport=False sorting_thread=alive
13:05:47 [v4][heartbeat] enter=True sorting=False cam=LIVE ai=LIVE cam_fps=56.6 pub_fps=30.4 frames=250761 result_subs=1 roi=ok intrinsic=ok inference_age_ms=121 target=none transport=False sorting_thread=alive
13:05:52 [v4][heartbeat] enter=True sorting=False cam=LIVE ai=LIVE cam_fps=54.6 pub_fps=30.2 frames=251034 result_subs=1 roi=ok intrinsic=ok inference_age_ms=118 target=none transport=False sorting_thread=alive
13:05:57 [v4][heartbeat] enter=True sorting=False cam=LIVE ai=LIVE cam_fps=58.2 pub_fps=30.4 frames=251325 result_subs=1 roi=ok intrinsic=ok inference_age_ms=100 target=none transport=False sorting_thread=alive
13:06:02 [v4][heartbeat] enter=True sorting=False cam=LIVE ai=LIVE cam_fps=55.8 pub_fps=30.2 frames=251604 result_subs=1 roi=ok intrinsic=ok inference_age_ms=120 target=none transport=False sorting_thread=alive
13:06:07 [v4][heartbeat] enter=True sorting=False cam=LIVE ai=LIVE cam_fps=54.2 pub_fps=30.4 frames=251875 result_subs=1 roi=ok intrinsic=ok inference_age_ms=95 target=none transport=False sorting_thread=alive
13:06:12 [v4][heartbeat] enter=True sorting=False cam=LIVE ai=LIVE cam_fps=55.4 pub_fps=30.2 frames=252152 result_subs=1 roi=ok intrinsic=ok inference_age_ms=60 target=none transport=False sorting_thread=alive
13:06:17 [v4][heartbeat] enter=True sorting=False cam=LIVE ai=LIVE cam_fps=54.8 pub_fps=30.4 frames=252426 result_subs=1 roi=ok intrinsic=ok inference_age_ms=89 target=none transport=False sorting_thread=alive
13:06:22 [v4][heartbeat] enter=True sorting=False cam=LIVE ai=LIVE cam_fps=55.2 pub_fps=30.2 frames=252702 result_subs=1 roi=ok intrinsic=ok inference_age_ms=98 target=none transport=False sorting_thread=alive
13:06:27 [v4][heartbeat] enter=True sorting=False cam=LIVE ai=LIVE cam_fps=54.6 pub_fps=30.4 frames=252975 result_subs=1 roi=ok intrinsic=ok inference_age_ms=87 target=none transport=False sorting_thread=alive
13:06:32 [v4][heartbeat] enter=True sorting=False cam=LIVE ai=LIVE cam_fps=52.7 pub_fps=30.2 frames=253238 result_subs=1 roi=ok intrinsic=ok inference_age_ms=126 target=none transport=False sorting_thread=alive
13:06:37 [v4][heartbeat] enter=True sorting=False cam=LIVE ai=LIVE cam_fps=57.4 pub_fps=30.4 frames=253525 result_subs=1 roi=ok intrinsic=ok inference_age_ms=95 target=none transport=False sorting_thread=alive
13:06:42 [v4][heartbeat] enter=True sorting=False cam=LIVE ai=LIVE cam_fps=52.2 pub_fps=30.2 frames=253786 result_subs=1 roi=ok intrinsic=ok inference_age_ms=71 target=none transport=False sorting_thread=alive
13:06:47 [v4][heartbeat] enter=True sorting=False cam=LIVE ai=LIVE cam_fps=56.0 pub_fps=30.4 frames=254066 result_subs=1 roi=ok intrinsic=ok inference_age_ms=69 target=none transport=False sorting_thread=alive
13:06:52 [v4][heartbeat] enter=True sorting=False cam=LIVE ai=LIVE cam_fps=53.4 pub_fps=30.2 frames=254333 result_subs=1 roi=ok intrinsic=ok inference_age_ms=130 target=none transport=False sorting_thread=alive
13:06:57 [v4][heartbeat] enter=True sorting=False cam=LIVE ai=LIVE cam_fps=56.0 pub_fps=30.4 frames=254613 result_subs=1 roi=ok intrinsic=ok inference_age_ms=89 target=none transport=False sorting_thread=alive
13:07:02 [v4][heartbeat] enter=True sorting=False cam=LIVE ai=LIVE cam_fps=57.6 pub_fps=30.2 frames=254901 result_subs=1 roi=ok intrinsic=ok inference_age_ms=36 target=none transport=False sorting_thread=alive
13:07:07 [v4][heartbeat] enter=True sorting=False cam=LIVE ai=LIVE cam_fps=54.7 pub_fps=30.4 frames=255175 result_subs=1 roi=ok intrinsic=ok inference_age_ms=128 target=none transport=False sorting_thread=alive
13:07:12 [v4][heartbeat] enter=True sorting=False cam=LIVE ai=LIVE cam_fps=55.7 pub_fps=30.2 frames=255453 result_subs=1 roi=ok intrinsic=ok inference_age_ms=105 target=none transport=False sorting_thread=alive
13:07:17 [v4][heartbeat] enter=True sorting=False cam=LIVE ai=LIVE cam_fps=56.5 pub_fps=30.4 frames=255736 result_subs=1 roi=ok intrinsic=ok inference_age_ms=85 target=none transport=False sorting_thread=alive
13:07:22 [v4][heartbeat] enter=True sorting=False cam=LIVE ai=LIVE cam_fps=56.1 pub_fps=30.2 frames=256016 result_subs=1 roi=ok intrinsic=ok inference_age_ms=101 target=none transport=False sorting_thread=alive
13:07:27 [v4][heartbeat] enter=True sorting=False cam=LIVE ai=LIVE cam_fps=56.6 pub_fps=30.4 frames=256299 result_subs=1 roi=ok intrinsic=ok inference_age_ms=83 target=none transport=False sorting_thread=alive
13:07:32 [v4][heartbeat] enter=True sorting=False cam=LIVE ai=LIVE cam_fps=54.2 pub_fps=30.2 frames=256570 result_subs=1 roi=ok intrinsic=ok inference_age_ms=54 target=none transport=False sorting_thread=alive
13:07:37 [v4][heartbeat] enter=True sorting=False cam=LIVE ai=LIVE cam_fps=56.2 pub_fps=30.4 frames=256851 result_subs=1 roi=ok intrinsic=ok inference_age_ms=108 target=none transport=False sorting_thread=alive
13:07:42 [v4][heartbeat] enter=True sorting=False cam=LIVE ai=LIVE cam_fps=57.2 pub_fps=30.4 frames=257137 result_subs=1 roi=ok intrinsic=ok inference_age_ms=102 target=none transport=False sorting_thread=alive
13:07:47 [v4][heartbeat] enter=True sorting=False cam=LIVE ai=LIVE cam_fps=54.6 pub_fps=30.2 frames=257410 result_subs=1 roi=ok intrinsic=ok inference_age_ms=106 target=none transport=False sorting_thread=alive
13:07:52 [v4][heartbeat] enter=True sorting=False cam=LIVE ai=LIVE cam_fps=55.7 pub_fps=30.4 frames=257689 result_subs=1 roi=ok intrinsic=ok inference_age_ms=131 target=none transport=False sorting_thread=alive
13:07:57 [v4][heartbeat] enter=True sorting=False cam=LIVE ai=LIVE cam_fps=55.7 pub_fps=30.2 frames=257967 result_subs=1 roi=ok intrinsic=ok inference_age_ms=74 target=none transport=False sorting_thread=alive
13:08:02 [v4][heartbeat] enter=True sorting=False cam=LIVE ai=LIVE cam_fps=57.4 pub_fps=30.4 frames=258254 result_subs=1 roi=ok intrinsic=ok inference_age_ms=111 target=none transport=False sorting_thread=alive
13:08:07 [v4][heartbeat] enter=True sorting=False cam=LIVE ai=LIVE cam_fps=54.4 pub_fps=30.2 frames=258526 result_subs=1 roi=ok intrinsic=ok inference_age_ms=100 target=none transport=False sorting_thread=alive
13:08:12 [v4][heartbeat] enter=True sorting=False cam=LIVE ai=LIVE cam_fps=54.8 pub_fps=30.4 frames=258800 result_subs=1 roi=ok intrinsic=ok inference_age_ms=92 target=none transport=False sorting_thread=alive
13:08:17 [v4][heartbeat] enter=True sorting=False cam=LIVE ai=LIVE cam_fps=54.6 pub_fps=30.2 frames=259073 result_subs=1 roi=ok intrinsic=ok inference_age_ms=88 target=none transport=False sorting_thread=alive
13:08:22 [v4][heartbeat] enter=True sorting=False cam=LIVE ai=LIVE cam_fps=55.3 pub_fps=30.4 frames=259350 result_subs=1 roi=ok intrinsic=ok inference_age_ms=91 target=none transport=False sorting_thread=alive
13:08:27 [v4][heartbeat] enter=True sorting=False cam=LIVE ai=LIVE cam_fps=54.9 pub_fps=30.2 frames=259624 result_subs=1 roi=ok intrinsic=ok inference_age_ms=65 target=none transport=False sorting_thread=alive
13:08:32 [v4][heartbeat] enter=True sorting=False cam=LIVE ai=LIVE cam_fps=55.6 pub_fps=30.4 frames=259902 result_subs=1 roi=ok intrinsic=ok inference_age_ms=69 target=none transport=False sorting_thread=alive
13:08:37 [v4][heartbeat] enter=True sorting=False cam=LIVE ai=LIVE cam_fps=57.2 pub_fps=30.2 frames=260188 result_subs=1 roi=ok intrinsic=ok inference_age_ms=83 target=none transport=False sorting_thread=alive
13:08:42 [v4][heartbeat] enter=True sorting=False cam=LIVE ai=LIVE cam_fps=57.0 pub_fps=30.4 frames=260473 result_subs=1 roi=ok intrinsic=ok inference_age_ms=87 target=none transport=False sorting_thread=alive
13:08:47 [v4][heartbeat] enter=True sorting=False cam=LIVE ai=LIVE cam_fps=56.6 pub_fps=30.2 frames=260756 result_subs=1 roi=ok intrinsic=ok inference_age_ms=94 target=none transport=False sorting_thread=alive
13:08:52 [v4][heartbeat] enter=True sorting=False cam=LIVE ai=LIVE cam_fps=54.2 pub_fps=30.4 frames=261027 result_subs=1 roi=ok intrinsic=ok inference_age_ms=94 target=none transport=False sorting_thread=alive
13:08:57 [v4][heartbeat] enter=True sorting=False cam=LIVE ai=LIVE cam_fps=56.4 pub_fps=30.2 frames=261309 result_subs=1 roi=ok intrinsic=ok inference_age_ms=58 target=none transport=False sorting_thread=alive
13:09:02 [v4][heartbeat] enter=True sorting=False cam=LIVE ai=LIVE cam_fps=55.0 pub_fps=30.4 frames=261584 result_subs=1 roi=ok intrinsic=ok inference_age_ms=99 target=none transport=False sorting_thread=alive
13:09:07 [v4][heartbeat] enter=True sorting=False cam=LIVE ai=LIVE cam_fps=56.2 pub_fps=30.2 frames=261865 result_subs=1 roi=ok intrinsic=ok inference_age_ms=105 target=none transport=False sorting_thread=alive
13:09:12 [v4][heartbeat] enter=True sorting=False cam=LIVE ai=LIVE cam_fps=55.9 pub_fps=30.4 frames=262144 result_subs=1 roi=ok intrinsic=ok inference_age_ms=89 target=none transport=False sorting_thread=alive
13:09:17 [v4][heartbeat] enter=True sorting=False cam=LIVE ai=LIVE cam_fps=52.8 pub_fps=30.2 frames=262408 result_subs=1 roi=ok intrinsic=ok inference_age_ms=93 target=none transport=False sorting_thread=alive
13:09:22 [v4][heartbeat] enter=True sorting=False cam=LIVE ai=LIVE cam_fps=56.6 pub_fps=30.4 frames=262691 result_subs=1 roi=ok intrinsic=ok inference_age_ms=80 target=none transport=False sorting_thread=alive
13:09:27 [v4][heartbeat] enter=True sorting=False cam=LIVE ai=LIVE cam_fps=54.0 pub_fps=30.2 frames=262961 result_subs=1 roi=ok intrinsic=ok inference_age_ms=83 target=none transport=False sorting_thread=alive
13:09:32 [v4][heartbeat] enter=True sorting=False cam=LIVE ai=LIVE cam_fps=56.8 pub_fps=30.4 frames=263245 result_subs=1 roi=ok intrinsic=ok inference_age_ms=113 target=none transport=False sorting_thread=alive
13:09:37 [v4][heartbeat] enter=True sorting=False cam=LIVE ai=LIVE cam_fps=57.8 pub_fps=30.2 frames=263534 result_subs=1 roi=ok intrinsic=ok inference_age_ms=80 target=none transport=False sorting_thread=alive
13:09:42 [v4][heartbeat] enter=True sorting=False cam=LIVE ai=LIVE cam_fps=52.6 pub_fps=30.4 frames=263797 result_subs=1 roi=ok intrinsic=ok inference_age_ms=73 target=none transport=False sorting_thread=alive
13:09:47 [v4][heartbeat] enter=True sorting=False cam=LIVE ai=LIVE cam_fps=58.0 pub_fps=30.2 frames=264087 result_subs=1 roi=ok intrinsic=ok inference_age_ms=85 target=none transport=False sorting_thread=alive
13:09:52 [v4][heartbeat] enter=True sorting=False cam=LIVE ai=LIVE cam_fps=52.8 pub_fps=30.4 frames=264351 result_subs=1 roi=ok intrinsic=ok inference_age_ms=132 target=none transport=False sorting_thread=alive
13:09:57 [v4][heartbeat] enter=True sorting=False cam=LIVE ai=LIVE cam_fps=55.2 pub_fps=30.2 frames=264627 result_subs=1 roi=ok intrinsic=ok inference_age_ms=94 target=none transport=False sorting_thread=alive
13:10:02 [v4][heartbeat] enter=True sorting=False cam=LIVE ai=LIVE cam_fps=57.0 pub_fps=30.4 frames=264912 result_subs=1 roi=ok intrinsic=ok inference_age_ms=75 target=none transport=False sorting_thread=alive
13:10:07 [v4][heartbeat] enter=True sorting=False cam=LIVE ai=LIVE cam_fps=52.2 pub_fps=30.2 frames=265173 result_subs=1 roi=ok intrinsic=ok inference_age_ms=116 target=none transport=False sorting_thread=alive
13:10:12 [v4][heartbeat] enter=True sorting=False cam=LIVE ai=LIVE cam_fps=55.4 pub_fps=30.4 frames=265450 result_subs=1 roi=ok intrinsic=ok inference_age_ms=127 target=none transport=False sorting_thread=alive
13:10:17 [v4][heartbeat] enter=True sorting=False cam=LIVE ai=LIVE cam_fps=56.0 pub_fps=30.2 frames=265730 result_subs=1 roi=ok intrinsic=ok inference_age_ms=67 target=none transport=False sorting_thread=alive
13:10:22 [v4][heartbeat] enter=True sorting=False cam=LIVE ai=LIVE cam_fps=55.2 pub_fps=30.4 frames=266006 result_subs=1 roi=ok intrinsic=ok inference_age_ms=94 target=none transport=False sorting_thread=alive
13:10:27 [v4][heartbeat] enter=True sorting=False cam=LIVE ai=LIVE cam_fps=57.2 pub_fps=30.2 frames=266292 result_subs=1 roi=ok intrinsic=ok inference_age_ms=70 target=none transport=False sorting_thread=alive
13:10:32 [v4][heartbeat] enter=True sorting=False cam=LIVE ai=LIVE cam_fps=54.0 pub_fps=30.4 frames=266562 result_subs=1 roi=ok intrinsic=ok inference_age_ms=121 target=none transport=False sorting_thread=alive
13:10:37 [v4][heartbeat] enter=True sorting=False cam=LIVE ai=LIVE cam_fps=57.2 pub_fps=30.2 frames=266848 result_subs=1 roi=ok intrinsic=ok inference_age_ms=103 target=none transport=False sorting_thread=alive
13:10:42 [v4][heartbeat] enter=True sorting=False cam=LIVE ai=LIVE cam_fps=54.8 pub_fps=30.4 frames=267122 result_subs=1 roi=ok intrinsic=ok inference_age_ms=116 target=none transport=False sorting_thread=alive
13:10:47 [v4][heartbeat] enter=True sorting=False cam=LIVE ai=LIVE cam_fps=54.0 pub_fps=30.4 frames=267392 result_subs=1 roi=ok intrinsic=ok inference_age_ms=101 target=none transport=False sorting_thread=alive
13:10:52 [v4][heartbeat] enter=True sorting=False cam=LIVE ai=LIVE cam_fps=55.4 pub_fps=30.2 frames=267669 result_subs=1 roi=ok intrinsic=ok inference_age_ms=94 target=none transport=False sorting_thread=alive
13:10:57 [v4][heartbeat] enter=True sorting=False cam=LIVE ai=LIVE cam_fps=55.0 pub_fps=30.4 frames=267944 result_subs=1 roi=ok intrinsic=ok inference_age_ms=91 target=none transport=False sorting_thread=alive
13:11:02 [v4][heartbeat] enter=True sorting=False cam=LIVE ai=LIVE cam_fps=54.5 pub_fps=30.2 frames=268216 result_subs=1 roi=ok intrinsic=ok inference_age_ms=140 target=none transport=False sorting_thread=alive
13:11:07 [v4][heartbeat] enter=True sorting=False cam=LIVE ai=LIVE cam_fps=55.8 pub_fps=30.4 frames=268495 result_subs=1 roi=ok intrinsic=ok inference_age_ms=99 target=none transport=False sorting_thread=alive
13:11:12 [v4][heartbeat] enter=True sorting=False cam=LIVE ai=LIVE cam_fps=56.8 pub_fps=30.2 frames=268779 result_subs=1 roi=ok intrinsic=ok inference_age_ms=104 target=none transport=False sorting_thread=alive
13:11:17 [v4][heartbeat] enter=True sorting=False cam=LIVE ai=LIVE cam_fps=56.1 pub_fps=30.4 frames=269060 result_subs=1 roi=ok intrinsic=ok inference_age_ms=107 target=none transport=False sorting_thread=alive
13:11:22 [v4][heartbeat] enter=True sorting=False cam=LIVE ai=LIVE cam_fps=54.5 pub_fps=30.2 frames=269332 result_subs=1 roi=ok intrinsic=ok inference_age_ms=73 target=none transport=False sorting_thread=alive
13:11:27 [v4][heartbeat] enter=True sorting=False cam=LIVE ai=LIVE cam_fps=54.8 pub_fps=30.4 frames=269606 result_subs=1 roi=ok intrinsic=ok inference_age_ms=90 target=none transport=False sorting_thread=alive
13:11:32 [v4][heartbeat] enter=True sorting=False cam=LIVE ai=LIVE cam_fps=58.0 pub_fps=30.2 frames=269896 result_subs=1 roi=ok intrinsic=ok inference_age_ms=98 target=none transport=False sorting_thread=alive
13:11:37 [v4][heartbeat] enter=True sorting=False cam=LIVE ai=LIVE cam_fps=54.1 pub_fps=30.4 frames=270167 result_subs=1 roi=ok intrinsic=ok inference_age_ms=120 target=none transport=False sorting_thread=alive
13:11:42 [v4][heartbeat] enter=True sorting=False cam=LIVE ai=LIVE cam_fps=55.4 pub_fps=30.2 frames=270444 result_subs=1 roi=ok intrinsic=ok inference_age_ms=85 target=none transport=False sorting_thread=alive
13:11:47 [v4][heartbeat] enter=True sorting=False cam=LIVE ai=LIVE cam_fps=54.2 pub_fps=30.4 frames=270715 result_subs=1 roi=ok intrinsic=ok inference_age_ms=100 target=none transport=False sorting_thread=alive
13:11:52 [v4][heartbeat] enter=True sorting=False cam=LIVE ai=LIVE cam_fps=55.6 pub_fps=30.2 frames=270993 result_subs=1 roi=ok intrinsic=ok inference_age_ms=93 target=none transport=False sorting_thread=alive
13:11:57 [v4][heartbeat] enter=True sorting=False cam=LIVE ai=LIVE cam_fps=57.6 pub_fps=30.4 frames=271281 result_subs=1 roi=ok intrinsic=ok inference_age_ms=98 target=none transport=False sorting_thread=alive
13:12:02 [v4][heartbeat] enter=True sorting=False cam=LIVE ai=LIVE cam_fps=51.2 pub_fps=30.2 frames=271537 result_subs=1 roi=ok intrinsic=ok inference_age_ms=105 target=none transport=False sorting_thread=alive
13:12:07 [v4][heartbeat] enter=True sorting=False cam=LIVE ai=LIVE cam_fps=54.8 pub_fps=30.4 frames=271811 result_subs=1 roi=ok intrinsic=ok inference_age_ms=85 target=none transport=False sorting_thread=alive
13:12:12 [v4][heartbeat] enter=True sorting=False cam=LIVE ai=LIVE cam_fps=54.2 pub_fps=30.2 frames=272082 result_subs=1 roi=ok intrinsic=ok inference_age_ms=107 target=none transport=False sorting_thread=alive
13:12:17 [v4][heartbeat] enter=True sorting=False cam=LIVE ai=LIVE cam_fps=53.6 pub_fps=30.4 frames=272350 result_subs=1 roi=ok intrinsic=ok inference_age_ms=125 target=none transport=False sorting_thread=alive
13:12:22 [v4][heartbeat] enter=True sorting=False cam=LIVE ai=LIVE cam_fps=58.6 pub_fps=30.2 frames=272643 result_subs=1 roi=ok intrinsic=ok inference_age_ms=78 target=none transport=False sorting_thread=alive
13:12:27 [v4][heartbeat] enter=True sorting=False cam=LIVE ai=LIVE cam_fps=53.8 pub_fps=30.4 frames=272912 result_subs=1 roi=ok intrinsic=ok inference_age_ms=80 target=none transport=False sorting_thread=alive
13:12:32 [v4][heartbeat] enter=True sorting=False cam=LIVE ai=LIVE cam_fps=56.1 pub_fps=30.2 frames=273193 result_subs=1 roi=ok intrinsic=ok inference_age_ms=81 target=none transport=False sorting_thread=alive
13:12:37 [v4][heartbeat] enter=True sorting=False cam=LIVE ai=LIVE cam_fps=53.5 pub_fps=30.4 frames=273460 result_subs=1 roi=ok intrinsic=ok inference_age_ms=71 target=none transport=False sorting_thread=alive
13:12:42 [v4][heartbeat] enter=True sorting=False cam=LIVE ai=LIVE cam_fps=55.6 pub_fps=30.2 frames=273738 result_subs=1 roi=ok intrinsic=ok inference_age_ms=54 target=none transport=False sorting_thread=alive
13:12:47 [v4][heartbeat] enter=True sorting=False cam=LIVE ai=LIVE cam_fps=57.6 pub_fps=30.4 frames=274026 result_subs=1 roi=ok intrinsic=ok inference_age_ms=81 target=none transport=False sorting_thread=alive
13:12:52 [v4][heartbeat] enter=True sorting=False cam=LIVE ai=LIVE cam_fps=52.6 pub_fps=30.2 frames=274289 result_subs=1 roi=ok intrinsic=ok inference_age_ms=74 target=none transport=False sorting_thread=alive
13:12:57 [v4][heartbeat] enter=True sorting=False cam=LIVE ai=LIVE cam_fps=56.4 pub_fps=30.4 frames=274571 result_subs=1 roi=ok intrinsic=ok inference_age_ms=72 target=none transport=False sorting_thread=alive
13:13:02 [v4][heartbeat] enter=True sorting=False cam=LIVE ai=LIVE cam_fps=55.8 pub_fps=30.2 frames=274850 result_subs=1 roi=ok intrinsic=ok inference_age_ms=103 target=none transport=False sorting_thread=alive
13:13:07 [v4][heartbeat] enter=True sorting=False cam=LIVE ai=LIVE cam_fps=54.2 pub_fps=30.4 frames=275121 result_subs=1 roi=ok intrinsic=ok inference_age_ms=119 target=none transport=False sorting_thread=alive
13:13:12 [v4][heartbeat] enter=True sorting=False cam=LIVE ai=LIVE cam_fps=56.9 pub_fps=30.4 frames=275406 result_subs=1 roi=ok intrinsic=ok inference_age_ms=127 target=none transport=False sorting_thread=alive
13:13:17 [v4][heartbeat] enter=True sorting=False cam=LIVE ai=LIVE cam_fps=54.1 pub_fps=30.2 frames=275676 result_subs=1 roi=ok intrinsic=ok inference_age_ms=112 target=none transport=False sorting_thread=alive
13:13:22 [v4][heartbeat] enter=True sorting=False cam=LIVE ai=LIVE cam_fps=54.5 pub_fps=30.2 frames=275949 result_subs=1 roi=ok intrinsic=ok inference_age_ms=60 target=none transport=False sorting_thread=alive
13:13:27 [v4][heartbeat] enter=True sorting=False cam=LIVE ai=LIVE cam_fps=55.3 pub_fps=30.4 frames=276225 result_subs=1 roi=ok intrinsic=ok inference_age_ms=61 target=none transport=False sorting_thread=alive
13:13:32 [v4][heartbeat] enter=True sorting=False cam=LIVE ai=LIVE cam_fps=55.0 pub_fps=30.4 frames=276500 result_subs=1 roi=ok intrinsic=ok inference_age_ms=104 target=none transport=False sorting_thread=alive
13:13:37 [v4][heartbeat] enter=True sorting=False cam=LIVE ai=LIVE cam_fps=56.8 pub_fps=30.2 frames=276784 result_subs=1 roi=ok intrinsic=ok inference_age_ms=89 target=none transport=False sorting_thread=alive
13:13:42 [v4][heartbeat] enter=True sorting=False cam=LIVE ai=LIVE cam_fps=53.8 pub_fps=30.4 frames=277053 result_subs=1 roi=ok intrinsic=ok inference_age_ms=63 target=none transport=False sorting_thread=alive
13:13:47 [v4][heartbeat] enter=True sorting=False cam=LIVE ai=LIVE cam_fps=55.8 pub_fps=30.2 frames=277332 result_subs=1 roi=ok intrinsic=ok inference_age_ms=85 target=none transport=False sorting_thread=alive
13:13:52 [v4][heartbeat] enter=True sorting=False cam=LIVE ai=LIVE cam_fps=57.8 pub_fps=30.4 frames=277621 result_subs=1 roi=ok intrinsic=ok inference_age_ms=64 target=none transport=False sorting_thread=alive
13:13:57 [v4][heartbeat] enter=True sorting=False cam=LIVE ai=LIVE cam_fps=57.4 pub_fps=30.2 frames=277908 result_subs=1 roi=ok intrinsic=ok inference_age_ms=102 target=none transport=False sorting_thread=alive
13:14:02 [v4][heartbeat] enter=True sorting=False cam=LIVE ai=LIVE cam_fps=56.6 pub_fps=30.4 frames=278191 result_subs=1 roi=ok intrinsic=ok inference_age_ms=86 target=none transport=False sorting_thread=alive
13:14:07 [v4][heartbeat] enter=True sorting=False cam=LIVE ai=LIVE cam_fps=53.2 pub_fps=30.2 frames=278457 result_subs=1 roi=ok intrinsic=ok inference_age_ms=95 target=none transport=False sorting_thread=alive
13:14:12 [v4][heartbeat] enter=True sorting=False cam=LIVE ai=LIVE cam_fps=54.2 pub_fps=30.4 frames=278728 result_subs=1 roi=ok intrinsic=ok inference_age_ms=131 target=none transport=False sorting_thread=alive
13:14:17 [v4][heartbeat] enter=True sorting=False cam=LIVE ai=LIVE cam_fps=56.2 pub_fps=30.2 frames=279009 result_subs=1 roi=ok intrinsic=ok inference_age_ms=124 target=none transport=False sorting_thread=alive
13:14:22 [v4][heartbeat] enter=True sorting=False cam=LIVE ai=LIVE cam_fps=53.0 pub_fps=30.4 frames=279274 result_subs=1 roi=ok intrinsic=ok inference_age_ms=117 target=none transport=False sorting_thread=alive
13:14:27 [v4][heartbeat] enter=True sorting=False cam=LIVE ai=LIVE cam_fps=55.0 pub_fps=30.2 frames=279549 result_subs=1 roi=ok intrinsic=ok inference_age_ms=70 target=none transport=False sorting_thread=alive
13:14:32 [v4][heartbeat] enter=True sorting=False cam=LIVE ai=LIVE cam_fps=53.8 pub_fps=30.4 frames=279818 result_subs=1 roi=ok intrinsic=ok inference_age_ms=60 target=none transport=False sorting_thread=alive
13:14:37 [v4][heartbeat] enter=True sorting=False cam=LIVE ai=LIVE cam_fps=55.0 pub_fps=30.2 frames=280093 result_subs=1 roi=ok intrinsic=ok inference_age_ms=86 target=none transport=False sorting_thread=alive
13:14:42 [v4][heartbeat] enter=True sorting=False cam=LIVE ai=LIVE cam_fps=58.2 pub_fps=30.4 frames=280384 result_subs=1 roi=ok intrinsic=ok inference_age_ms=123 target=none transport=False sorting_thread=alive
13:14:47 [v4][heartbeat] enter=True sorting=False cam=LIVE ai=LIVE cam_fps=54.6 pub_fps=30.2 frames=280657 result_subs=1 roi=ok intrinsic=ok inference_age_ms=52 target=none transport=False sorting_thread=alive
13:14:52 [v4][heartbeat] enter=True sorting=False cam=LIVE ai=LIVE cam_fps=55.6 pub_fps=30.4 frames=280935 result_subs=1 roi=ok intrinsic=ok inference_age_ms=70 target=none transport=False sorting_thread=alive
13:14:57 [v4][heartbeat] enter=True sorting=False cam=LIVE ai=LIVE cam_fps=55.4 pub_fps=30.2 frames=281212 result_subs=1 roi=ok intrinsic=ok inference_age_ms=87 target=none transport=False sorting_thread=alive
13:15:02 [v4][heartbeat] enter=True sorting=False cam=LIVE ai=LIVE cam_fps=53.6 pub_fps=30.4 frames=281480 result_subs=1 roi=ok intrinsic=ok inference_age_ms=126 target=none transport=False sorting_thread=alive
13:15:07 [v4][heartbeat] enter=True sorting=False cam=LIVE ai=LIVE cam_fps=57.4 pub_fps=30.2 frames=281767 result_subs=1 roi=ok intrinsic=ok inference_age_ms=112 target=none transport=False sorting_thread=alive
13:15:12 [v4][heartbeat] enter=True sorting=False cam=LIVE ai=LIVE cam_fps=56.8 pub_fps=30.4 frames=282051 result_subs=1 roi=ok intrinsic=ok inference_age_ms=88 target=none transport=False sorting_thread=alive
13:15:17 [v4][heartbeat] enter=True sorting=False cam=LIVE ai=LIVE cam_fps=54.0 pub_fps=30.2 frames=282321 result_subs=1 roi=ok intrinsic=ok inference_age_ms=90 target=none transport=False sorting_thread=alive
13:15:22 [v4][heartbeat] enter=True sorting=False cam=LIVE ai=LIVE cam_fps=56.4 pub_fps=30.4 frames=282603 result_subs=1 roi=ok intrinsic=ok inference_age_ms=82 target=none transport=False sorting_thread=alive
13:15:27 [v4][heartbeat] enter=True sorting=False cam=LIVE ai=LIVE cam_fps=55.2 pub_fps=30.2 frames=282879 result_subs=1 roi=ok intrinsic=ok inference_age_ms=75 target=none transport=False sorting_thread=alive
13:15:32 [v4][heartbeat] enter=True sorting=False cam=LIVE ai=LIVE cam_fps=57.4 pub_fps=30.4 frames=283166 result_subs=1 roi=ok intrinsic=ok inference_age_ms=122 target=none transport=False sorting_thread=alive
13:15:37 [v4][heartbeat] enter=True sorting=False cam=LIVE ai=LIVE cam_fps=54.4 pub_fps=30.2 frames=283438 result_subs=1 roi=ok intrinsic=ok inference_age_ms=94 target=none transport=False sorting_thread=alive
13:15:42 [v4][heartbeat] enter=True sorting=False cam=LIVE ai=LIVE cam_fps=53.8 pub_fps=30.4 frames=283707 result_subs=1 roi=ok intrinsic=ok inference_age_ms=129 target=none transport=False sorting_thread=alive
13:15:47 [v4][heartbeat] enter=True sorting=False cam=LIVE ai=LIVE cam_fps=56.2 pub_fps=30.2 frames=283988 result_subs=1 roi=ok intrinsic=ok inference_age_ms=123 target=none transport=False sorting_thread=alive
13:15:52 [v4][heartbeat] enter=True sorting=False cam=LIVE ai=LIVE cam_fps=55.4 pub_fps=30.4 frames=284265 result_subs=1 roi=ok intrinsic=ok inference_age_ms=96 target=none transport=False sorting_thread=alive
13:15:57 [v4][heartbeat] enter=True sorting=False cam=LIVE ai=LIVE cam_fps=55.6 pub_fps=30.2 frames=284543 result_subs=1 roi=ok intrinsic=ok inference_age_ms=81 target=none transport=False sorting_thread=alive
13:16:02 [v4][heartbeat] enter=True sorting=False cam=LIVE ai=LIVE cam_fps=54.0 pub_fps=30.4 frames=284813 result_subs=1 roi=ok intrinsic=ok inference_age_ms=72 target=none transport=False sorting_thread=alive
13:16:07 [v4][heartbeat] enter=True sorting=False cam=LIVE ai=LIVE cam_fps=55.2 pub_fps=30.4 frames=285089 result_subs=1 roi=ok intrinsic=ok inference_age_ms=141 target=none transport=False sorting_thread=alive
13:16:12 [v4][heartbeat] enter=True sorting=False cam=LIVE ai=LIVE cam_fps=54.7 pub_fps=30.2 frames=285362 result_subs=1 roi=ok intrinsic=ok inference_age_ms=128 target=none transport=False sorting_thread=alive
13:16:17 [v4][heartbeat] enter=True sorting=False cam=LIVE ai=LIVE cam_fps=53.6 pub_fps=30.4 frames=285630 result_subs=1 roi=ok intrinsic=ok inference_age_ms=91 target=none transport=False sorting_thread=alive
13:16:22 [v4][heartbeat] enter=True sorting=False cam=LIVE ai=LIVE cam_fps=56.4 pub_fps=30.2 frames=285912 result_subs=1 roi=ok intrinsic=ok inference_age_ms=89 target=none transport=False sorting_thread=alive
13:16:27 [v4][heartbeat] enter=True sorting=False cam=LIVE ai=LIVE cam_fps=54.8 pub_fps=30.4 frames=286186 result_subs=1 roi=ok intrinsic=ok inference_age_ms=104 target=none transport=False sorting_thread=alive
13:16:32 [v4][heartbeat] enter=True sorting=False cam=LIVE ai=LIVE cam_fps=55.0 pub_fps=30.2 frames=286461 result_subs=1 roi=ok intrinsic=ok inference_age_ms=72 target=none transport=False sorting_thread=alive
13:16:37 [v4][heartbeat] enter=True sorting=False cam=LIVE ai=LIVE cam_fps=56.8 pub_fps=30.4 frames=286745 result_subs=1 roi=ok intrinsic=ok inference_age_ms=85 target=none transport=False sorting_thread=alive
13:16:42 [v4][heartbeat] enter=True sorting=False cam=LIVE ai=LIVE cam_fps=55.7 pub_fps=30.2 frames=287023 result_subs=1 roi=ok intrinsic=ok inference_age_ms=89 target=none transport=False sorting_thread=alive
13:16:47 [v4][heartbeat] enter=True sorting=False cam=LIVE ai=LIVE cam_fps=55.0 pub_fps=30.4 frames=287298 result_subs=1 roi=ok intrinsic=ok inference_age_ms=104 target=none transport=False sorting_thread=alive
13:16:52 [v4][heartbeat] enter=True sorting=False cam=LIVE ai=LIVE cam_fps=54.0 pub_fps=30.2 frames=287568 result_subs=1 roi=ok intrinsic=ok inference_age_ms=86 target=none transport=False sorting_thread=alive
13:16:57 [v4][heartbeat] enter=True sorting=False cam=LIVE ai=LIVE cam_fps=53.2 pub_fps=30.4 frames=287834 result_subs=1 roi=ok intrinsic=ok inference_age_ms=138 target=none transport=False sorting_thread=alive
13:17:02 [v4][heartbeat] enter=True sorting=False cam=LIVE ai=LIVE cam_fps=57.0 pub_fps=30.2 frames=288119 result_subs=1 roi=ok intrinsic=ok inference_age_ms=81 target=none transport=False sorting_thread=alive
13:17:07 [v4][heartbeat] enter=True sorting=False cam=LIVE ai=LIVE cam_fps=55.4 pub_fps=30.4 frames=288396 result_subs=1 roi=ok intrinsic=ok inference_age_ms=94 target=none transport=False sorting_thread=alive
13:17:12 [v4][heartbeat] enter=True sorting=False cam=LIVE ai=LIVE cam_fps=56.8 pub_fps=30.2 frames=288680 result_subs=1 roi=ok intrinsic=ok inference_age_ms=84 target=none transport=False sorting_thread=alive
13:17:17 [v4][heartbeat] enter=True sorting=False cam=LIVE ai=LIVE cam_fps=56.6 pub_fps=30.4 frames=288963 result_subs=1 roi=ok intrinsic=ok inference_age_ms=79 target=none transport=False sorting_thread=alive
13:17:22 [v4][heartbeat] enter=True sorting=False cam=LIVE ai=LIVE cam_fps=54.4 pub_fps=30.2 frames=289235 result_subs=1 roi=ok intrinsic=ok inference_age_ms=90 target=none transport=False sorting_thread=alive
13:17:27 [v4][heartbeat] enter=True sorting=False cam=LIVE ai=LIVE cam_fps=58.4 pub_fps=30.4 frames=289527 result_subs=1 roi=ok intrinsic=ok inference_age_ms=62 target=none transport=False sorting_thread=alive
13:17:32 [v4][heartbeat] enter=True sorting=False cam=LIVE ai=LIVE cam_fps=56.6 pub_fps=30.2 frames=289810 result_subs=1 roi=ok intrinsic=ok inference_age_ms=100 target=none transport=False sorting_thread=alive
13:17:37 [v4][heartbeat] enter=True sorting=False cam=LIVE ai=LIVE cam_fps=56.0 pub_fps=30.4 frames=290090 result_subs=1 roi=ok intrinsic=ok inference_age_ms=60 target=none transport=False sorting_thread=alive
13:17:42 [v4][heartbeat] enter=True sorting=False cam=LIVE ai=LIVE cam_fps=55.6 pub_fps=30.2 frames=290368 result_subs=1 roi=ok intrinsic=ok inference_age_ms=100 target=none transport=False sorting_thread=alive
13:17:47 [v4][heartbeat] enter=True sorting=False cam=LIVE ai=LIVE cam_fps=55.4 pub_fps=30.4 frames=290645 result_subs=1 roi=ok intrinsic=ok inference_age_ms=95 target=none transport=False sorting_thread=alive
13:17:52 [v4][heartbeat] enter=True sorting=False cam=LIVE ai=LIVE cam_fps=57.4 pub_fps=30.2 frames=290932 result_subs=1 roi=ok intrinsic=ok inference_age_ms=62 target=none transport=False sorting_thread=alive
13:17:57 [v4][heartbeat] enter=True sorting=False cam=LIVE ai=LIVE cam_fps=56.4 pub_fps=30.4 frames=291214 result_subs=1 roi=ok intrinsic=ok inference_age_ms=72 target=none transport=False sorting_thread=alive
13:18:02 [v4][heartbeat] enter=True sorting=False cam=LIVE ai=LIVE cam_fps=55.0 pub_fps=30.2 frames=291489 result_subs=1 roi=ok intrinsic=ok inference_age_ms=54 target=none transport=False sorting_thread=alive
13:18:07 [v4][heartbeat] enter=True sorting=False cam=LIVE ai=LIVE cam_fps=56.6 pub_fps=30.4 frames=291772 result_subs=1 roi=ok intrinsic=ok inference_age_ms=101 target=none transport=False sorting_thread=alive
13:18:12 [v4][heartbeat] enter=True sorting=False cam=LIVE ai=LIVE cam_fps=54.6 pub_fps=30.2 frames=292045 result_subs=1 roi=ok intrinsic=ok inference_age_ms=61 target=none transport=False sorting_thread=alive
13:18:17 [v4][heartbeat] enter=True sorting=False cam=LIVE ai=LIVE cam_fps=57.0 pub_fps=30.4 frames=292330 result_subs=1 roi=ok intrinsic=ok inference_age_ms=83 target=none transport=False sorting_thread=alive
13:18:22 [v4][heartbeat] enter=True sorting=False cam=LIVE ai=LIVE cam_fps=55.9 pub_fps=30.2 frames=292610 result_subs=1 roi=ok intrinsic=ok inference_age_ms=107 target=none transport=False sorting_thread=alive
13:18:27 [v4][heartbeat] enter=True sorting=False cam=LIVE ai=LIVE cam_fps=52.2 pub_fps=30.4 frames=292871 result_subs=1 roi=ok intrinsic=ok inference_age_ms=101 target=none transport=False sorting_thread=alive
13:18:32 [v4][heartbeat] enter=True sorting=False cam=LIVE ai=LIVE cam_fps=55.6 pub_fps=30.2 frames=293149 result_subs=1 roi=ok intrinsic=ok inference_age_ms=119 target=none transport=False sorting_thread=alive
13:18:37 [v4][heartbeat] enter=True sorting=False cam=LIVE ai=LIVE cam_fps=54.8 pub_fps=30.4 frames=293423 result_subs=1 roi=ok intrinsic=ok inference_age_ms=102 target=none transport=False sorting_thread=alive
13:18:42 [v4][heartbeat] enter=True sorting=False cam=LIVE ai=LIVE cam_fps=56.4 pub_fps=30.2 frames=293705 result_subs=1 roi=ok intrinsic=ok inference_age_ms=113 target=none transport=False sorting_thread=alive
13:18:47 [v4][heartbeat] enter=True sorting=False cam=LIVE ai=LIVE cam_fps=55.0 pub_fps=30.4 frames=293980 result_subs=1 roi=ok intrinsic=ok inference_age_ms=92 target=none transport=False sorting_thread=alive
13:18:52 [v4][heartbeat] enter=True sorting=False cam=LIVE ai=LIVE cam_fps=51.0 pub_fps=30.4 frames=294235 result_subs=1 roi=ok intrinsic=ok inference_age_ms=74 target=none transport=False sorting_thread=alive
13:18:57 [v4][heartbeat] enter=True sorting=False cam=LIVE ai=LIVE cam_fps=56.8 pub_fps=30.2 frames=294519 result_subs=1 roi=ok intrinsic=ok inference_age_ms=98 target=none transport=False sorting_thread=alive
13:19:02 [v4][heartbeat] enter=True sorting=False cam=LIVE ai=LIVE cam_fps=53.4 pub_fps=30.4 frames=294786 result_subs=1 roi=ok intrinsic=ok inference_age_ms=95 target=none transport=False sorting_thread=alive
13:19:07 [v4][heartbeat] enter=True sorting=False cam=LIVE ai=LIVE cam_fps=54.6 pub_fps=30.2 frames=295059 result_subs=1 roi=ok intrinsic=ok inference_age_ms=78 target=none transport=False sorting_thread=alive
13:19:12 [v4][heartbeat] enter=True sorting=False cam=LIVE ai=LIVE cam_fps=55.4 pub_fps=30.4 frames=295336 result_subs=1 roi=ok intrinsic=ok inference_age_ms=78 target=none transport=False sorting_thread=alive
13:19:17 [v4][heartbeat] enter=True sorting=False cam=LIVE ai=LIVE cam_fps=55.8 pub_fps=30.2 frames=295615 result_subs=1 roi=ok intrinsic=ok inference_age_ms=112 target=none transport=False sorting_thread=alive
13:19:22 [v4][heartbeat] enter=True sorting=False cam=LIVE ai=LIVE cam_fps=57.8 pub_fps=30.2 frames=295904 result_subs=1 roi=ok intrinsic=ok inference_age_ms=74 target=none transport=False sorting_thread=alive
13:19:27 [v4][heartbeat] enter=True sorting=False cam=LIVE ai=LIVE cam_fps=53.4 pub_fps=30.4 frames=296171 result_subs=1 roi=ok intrinsic=ok inference_age_ms=68 target=none transport=False sorting_thread=alive
13:19:32 [v4][heartbeat] enter=True sorting=False cam=LIVE ai=LIVE cam_fps=55.5 pub_fps=30.4 frames=296449 result_subs=1 roi=ok intrinsic=ok inference_age_ms=87 target=none transport=False sorting_thread=alive
13:19:37 [v4][heartbeat] enter=True sorting=False cam=LIVE ai=LIVE cam_fps=56.9 pub_fps=30.2 frames=296733 result_subs=1 roi=ok intrinsic=ok inference_age_ms=82 target=none transport=False sorting_thread=alive
13:19:42 [v4][heartbeat] enter=True sorting=False cam=LIVE ai=LIVE cam_fps=55.1 pub_fps=30.4 frames=297009 result_subs=1 roi=ok intrinsic=ok inference_age_ms=104 target=none transport=False sorting_thread=alive
13:19:47 [v4][heartbeat] enter=True sorting=False cam=LIVE ai=LIVE cam_fps=56.4 pub_fps=30.2 frames=297291 result_subs=1 roi=ok intrinsic=ok inference_age_ms=73 target=none transport=False sorting_thread=alive
13:19:52 [v4][heartbeat] enter=True sorting=False cam=LIVE ai=LIVE cam_fps=55.8 pub_fps=30.4 frames=297570 result_subs=1 roi=ok intrinsic=ok inference_age_ms=90 target=none transport=False sorting_thread=alive
13:19:57 [v4][heartbeat] enter=True sorting=False cam=LIVE ai=LIVE cam_fps=54.8 pub_fps=30.2 frames=297844 result_subs=1 roi=ok intrinsic=ok inference_age_ms=64 target=none transport=False sorting_thread=alive
13:20:02 [v4][heartbeat] enter=True sorting=False cam=LIVE ai=LIVE cam_fps=57.5 pub_fps=30.4 frames=298132 result_subs=1 roi=ok intrinsic=ok inference_age_ms=76 target=none transport=False sorting_thread=alive
13:20:07 [v4][heartbeat] enter=True sorting=False cam=LIVE ai=LIVE cam_fps=54.9 pub_fps=30.3 frames=298406 result_subs=1 roi=ok intrinsic=ok inference_age_ms=46 target=none transport=False sorting_thread=alive
13:20:12 [v4][heartbeat] enter=True sorting=False cam=LIVE ai=LIVE cam_fps=55.6 pub_fps=30.4 frames=298684 result_subs=1 roi=ok intrinsic=ok inference_age_ms=65 target=none transport=False sorting_thread=alive
13:20:17 [v4][heartbeat] enter=True sorting=False cam=LIVE ai=LIVE cam_fps=56.0 pub_fps=30.2 frames=298964 result_subs=1 roi=ok intrinsic=ok inference_age_ms=93 target=none transport=False sorting_thread=alive
13:20:22 [v4][heartbeat] enter=True sorting=False cam=LIVE ai=LIVE cam_fps=52.4 pub_fps=30.4 frames=299226 result_subs=1 roi=ok intrinsic=ok inference_age_ms=81 target=none transport=False sorting_thread=alive
13:20:27 [v4][heartbeat] enter=True sorting=False cam=LIVE ai=LIVE cam_fps=56.4 pub_fps=30.2 frames=299508 result_subs=1 roi=ok intrinsic=ok inference_age_ms=125 target=none transport=False sorting_thread=alive
13:20:32 [v4][heartbeat] enter=True sorting=False cam=LIVE ai=LIVE cam_fps=55.0 pub_fps=30.4 frames=299783 result_subs=1 roi=ok intrinsic=ok inference_age_ms=70 target=none transport=False sorting_thread=alive
13:20:37 [v4][heartbeat] enter=True sorting=False cam=LIVE ai=LIVE cam_fps=56.0 pub_fps=30.2 frames=300063 result_subs=1 roi=ok intrinsic=ok inference_age_ms=79 target=none transport=False sorting_thread=alive
13:20:42 [v4][heartbeat] enter=True sorting=False cam=LIVE ai=LIVE cam_fps=55.8 pub_fps=30.4 frames=300342 result_subs=1 roi=ok intrinsic=ok inference_age_ms=64 target=none transport=False sorting_thread=alive
13:20:47 [v4][heartbeat] enter=True sorting=False cam=LIVE ai=LIVE cam_fps=54.0 pub_fps=30.2 frames=300612 result_subs=1 roi=ok intrinsic=ok inference_age_ms=103 target=none transport=False sorting_thread=alive
13:20:52 [v4][heartbeat] enter=True sorting=False cam=LIVE ai=LIVE cam_fps=56.2 pub_fps=30.4 frames=300893 result_subs=1 roi=ok intrinsic=ok inference_age_ms=124 target=none transport=False sorting_thread=alive
13:20:57 [v4][heartbeat] enter=True sorting=False cam=LIVE ai=LIVE cam_fps=53.8 pub_fps=30.2 frames=301162 result_subs=1 roi=ok intrinsic=ok inference_age_ms=103 target=none transport=False sorting_thread=alive
13:21:02 [v4][heartbeat] enter=True sorting=False cam=LIVE ai=LIVE cam_fps=54.6 pub_fps=30.4 frames=301435 result_subs=1 roi=ok intrinsic=ok inference_age_ms=76 target=none transport=False sorting_thread=alive
13:21:07 [v4][heartbeat] enter=True sorting=False cam=LIVE ai=LIVE cam_fps=56.6 pub_fps=30.2 frames=301718 result_subs=1 roi=ok intrinsic=ok inference_age_ms=57 target=none transport=False sorting_thread=alive
13:21:12 [v4][heartbeat] enter=True sorting=False cam=LIVE ai=LIVE cam_fps=56.8 pub_fps=30.4 frames=302002 result_subs=1 roi=ok intrinsic=ok inference_age_ms=144 target=none transport=False sorting_thread=alive
13:21:17 [v4][heartbeat] enter=True sorting=False cam=LIVE ai=LIVE cam_fps=55.8 pub_fps=30.2 frames=302281 result_subs=1 roi=ok intrinsic=ok inference_age_ms=49 target=none transport=False sorting_thread=alive
13:21:22 [v4][heartbeat] enter=True sorting=False cam=LIVE ai=LIVE cam_fps=54.1 pub_fps=30.4 frames=302552 result_subs=1 roi=ok intrinsic=ok inference_age_ms=88 target=none transport=False sorting_thread=alive
13:21:27 [v4][heartbeat] enter=True sorting=False cam=LIVE ai=LIVE cam_fps=56.8 pub_fps=30.4 frames=302836 result_subs=1 roi=ok intrinsic=ok inference_age_ms=102 target=none transport=False sorting_thread=alive
13:21:32 [v4][heartbeat] enter=True sorting=False cam=LIVE ai=LIVE cam_fps=55.4 pub_fps=30.2 frames=303113 result_subs=1 roi=ok intrinsic=ok inference_age_ms=84 target=none transport=False sorting_thread=alive
13:21:37 [v4][heartbeat] enter=True sorting=False cam=LIVE ai=LIVE cam_fps=55.4 pub_fps=30.4 frames=303390 result_subs=1 roi=ok intrinsic=ok inference_age_ms=97 target=none transport=False sorting_thread=alive
13:21:42 [v4][heartbeat] enter=True sorting=False cam=LIVE ai=LIVE cam_fps=56.8 pub_fps=30.2 frames=303674 result_subs=1 roi=ok intrinsic=ok inference_age_ms=87 target=none transport=False sorting_thread=alive
13:21:47 [v4][heartbeat] enter=True sorting=False cam=LIVE ai=LIVE cam_fps=56.8 pub_fps=30.4 frames=303958 result_subs=1 roi=ok intrinsic=ok inference_age_ms=86 target=none transport=False sorting_thread=alive
13:21:52 [v4][heartbeat] enter=True sorting=False cam=LIVE ai=LIVE cam_fps=55.4 pub_fps=30.2 frames=304235 result_subs=1 roi=ok intrinsic=ok inference_age_ms=107 target=none transport=False sorting_thread=alive
13:21:57 [v4][heartbeat] enter=True sorting=False cam=LIVE ai=LIVE cam_fps=55.4 pub_fps=30.4 frames=304512 result_subs=1 roi=ok intrinsic=ok inference_age_ms=136 target=none transport=False sorting_thread=alive
13:22:02 [v4][heartbeat] enter=True sorting=False cam=LIVE ai=LIVE cam_fps=54.9 pub_fps=30.2 frames=304786 result_subs=1 roi=ok intrinsic=ok inference_age_ms=107 target=none transport=False sorting_thread=alive
13:22:07 [v4][heartbeat] enter=True sorting=False cam=LIVE ai=LIVE cam_fps=56.0 pub_fps=30.4 frames=305066 result_subs=1 roi=ok intrinsic=ok inference_age_ms=101 target=none transport=False sorting_thread=alive
13:22:12 [v4][heartbeat] enter=True sorting=False cam=LIVE ai=LIVE cam_fps=55.4 pub_fps=30.2 frames=305343 result_subs=1 roi=ok intrinsic=ok inference_age_ms=73 target=none transport=False sorting_thread=alive
13:22:17 [v4][heartbeat] enter=True sorting=False cam=LIVE ai=LIVE cam_fps=55.6 pub_fps=30.4 frames=305621 result_subs=1 roi=ok intrinsic=ok inference_age_ms=117 target=none transport=False sorting_thread=alive
13:22:22 [v4][heartbeat] enter=True sorting=False cam=LIVE ai=LIVE cam_fps=56.2 pub_fps=30.2 frames=305902 result_subs=1 roi=ok intrinsic=ok inference_age_ms=45 target=none transport=False sorting_thread=alive
13:22:27 [v4][heartbeat] enter=True sorting=False cam=LIVE ai=LIVE cam_fps=55.6 pub_fps=30.4 frames=306180 result_subs=1 roi=ok intrinsic=ok inference_age_ms=84 target=none transport=False sorting_thread=alive
13:22:32 [v4][heartbeat] enter=True sorting=False cam=LIVE ai=LIVE cam_fps=57.6 pub_fps=30.2 frames=306468 result_subs=1 roi=ok intrinsic=ok inference_age_ms=63 target=none transport=False sorting_thread=alive
13:22:37 [v4][heartbeat] enter=True sorting=False cam=LIVE ai=LIVE cam_fps=55.8 pub_fps=30.4 frames=306747 result_subs=1 roi=ok intrinsic=ok inference_age_ms=74 target=none transport=False sorting_thread=alive
13:22:42 [v4][heartbeat] enter=True sorting=False cam=LIVE ai=LIVE cam_fps=55.0 pub_fps=30.2 frames=307022 result_subs=1 roi=ok intrinsic=ok inference_age_ms=101 target=none transport=False sorting_thread=alive
13:22:47 [v4][heartbeat] enter=True sorting=False cam=LIVE ai=LIVE cam_fps=57.5 pub_fps=30.4 frames=307310 result_subs=1 roi=ok intrinsic=ok inference_age_ms=52 target=none transport=False sorting_thread=alive
13:22:52 [v4][heartbeat] enter=True sorting=False cam=LIVE ai=LIVE cam_fps=53.6 pub_fps=30.2 frames=307578 result_subs=1 roi=ok intrinsic=ok inference_age_ms=83 target=none transport=False sorting_thread=alive
13:22:57 [v4][heartbeat] enter=True sorting=False cam=LIVE ai=LIVE cam_fps=57.5 pub_fps=30.4 frames=307865 result_subs=1 roi=ok intrinsic=ok inference_age_ms=65 target=none transport=False sorting_thread=alive
13:23:02 [v4][heartbeat] enter=True sorting=False cam=LIVE ai=LIVE cam_fps=58.0 pub_fps=30.2 frames=308155 result_subs=1 roi=ok intrinsic=ok inference_age_ms=85 target=none transport=False sorting_thread=alive
13:23:07 [v4][heartbeat] enter=True sorting=False cam=LIVE ai=LIVE cam_fps=55.0 pub_fps=30.4 frames=308430 result_subs=1 roi=ok intrinsic=ok inference_age_ms=80 target=none transport=False sorting_thread=alive
13:23:12 [v4][heartbeat] enter=True sorting=False cam=LIVE ai=LIVE cam_fps=57.0 pub_fps=30.2 frames=308715 result_subs=1 roi=ok intrinsic=ok inference_age_ms=114 target=none transport=False sorting_thread=alive
13:23:17 [v4][heartbeat] enter=True sorting=False cam=LIVE ai=LIVE cam_fps=55.2 pub_fps=30.4 frames=308991 result_subs=1 roi=ok intrinsic=ok inference_age_ms=116 target=none transport=False sorting_thread=alive
13:23:22 [v4][heartbeat] enter=True sorting=False cam=LIVE ai=LIVE cam_fps=54.2 pub_fps=30.2 frames=309262 result_subs=1 roi=ok intrinsic=ok inference_age_ms=117 target=none transport=False sorting_thread=alive
13:23:27 [v4][heartbeat] enter=True sorting=False cam=LIVE ai=LIVE cam_fps=57.6 pub_fps=30.4 frames=309550 result_subs=1 roi=ok intrinsic=ok inference_age_ms=96 target=none transport=False sorting_thread=alive
13:23:32 [v4][heartbeat] enter=True sorting=False cam=LIVE ai=LIVE cam_fps=52.2 pub_fps=30.2 frames=309811 result_subs=1 roi=ok intrinsic=ok inference_age_ms=72 target=none transport=False sorting_thread=alive
13:23:37 [v4][heartbeat] enter=True sorting=False cam=LIVE ai=LIVE cam_fps=57.0 pub_fps=30.4 frames=310096 result_subs=1 roi=ok intrinsic=ok inference_age_ms=65 target=none transport=False sorting_thread=alive
13:23:42 [v4][heartbeat] enter=True sorting=False cam=LIVE ai=LIVE cam_fps=58.2 pub_fps=30.2 frames=310387 result_subs=1 roi=ok intrinsic=ok inference_age_ms=123 target=none transport=False sorting_thread=alive
13:23:47 [v4][heartbeat] enter=True sorting=False cam=LIVE ai=LIVE cam_fps=54.5 pub_fps=30.4 frames=310660 result_subs=1 roi=ok intrinsic=ok inference_age_ms=132 target=none transport=False sorting_thread=alive
13:23:52 [v4][heartbeat] enter=True sorting=False cam=LIVE ai=LIVE cam_fps=58.0 pub_fps=30.2 frames=310950 result_subs=1 roi=ok intrinsic=ok inference_age_ms=67 target=none transport=False sorting_thread=alive
13:23:57 [v4][heartbeat] enter=True sorting=False cam=LIVE ai=LIVE cam_fps=56.6 pub_fps=30.4 frames=311233 result_subs=1 roi=ok intrinsic=ok inference_age_ms=78 target=none transport=False sorting_thread=alive
13:24:02 [v4][heartbeat] enter=True sorting=False cam=LIVE ai=LIVE cam_fps=57.6 pub_fps=30.2 frames=311521 result_subs=1 roi=ok intrinsic=ok inference_age_ms=44 target=none transport=False sorting_thread=alive
13:24:07 [v4][heartbeat] enter=True sorting=False cam=LIVE ai=LIVE cam_fps=55.2 pub_fps=30.4 frames=311797 result_subs=1 roi=ok intrinsic=ok inference_age_ms=107 target=none transport=False sorting_thread=alive
13:24:12 [v4][heartbeat] enter=True sorting=False cam=LIVE ai=LIVE cam_fps=57.6 pub_fps=30.2 frames=312085 result_subs=1 roi=ok intrinsic=ok inference_age_ms=111 target=none transport=False sorting_thread=alive
13:24:17 [v4][heartbeat] enter=True sorting=False cam=LIVE ai=LIVE cam_fps=58.4 pub_fps=30.4 frames=312377 result_subs=1 roi=ok intrinsic=ok inference_age_ms=104 target=none transport=False sorting_thread=alive
13:24:22 [v4][heartbeat] enter=True sorting=False cam=LIVE ai=LIVE cam_fps=53.3 pub_fps=30.4 frames=312644 result_subs=1 roi=ok intrinsic=ok inference_age_ms=114 target=none transport=False sorting_thread=alive
13:24:27 [v4][heartbeat] enter=True sorting=False cam=LIVE ai=LIVE cam_fps=58.1 pub_fps=30.2 frames=312934 result_subs=1 roi=ok intrinsic=ok inference_age_ms=108 target=none transport=False sorting_thread=alive
13:24:32 [v4][heartbeat] enter=True sorting=False cam=LIVE ai=LIVE cam_fps=56.0 pub_fps=30.4 frames=313214 result_subs=1 roi=ok intrinsic=ok inference_age_ms=67 target=none transport=False sorting_thread=alive
13:24:37 [v4][heartbeat] enter=True sorting=False cam=LIVE ai=LIVE cam_fps=54.6 pub_fps=30.2 frames=313487 result_subs=1 roi=ok intrinsic=ok inference_age_ms=59 target=none transport=False sorting_thread=alive
13:24:42 [v4][heartbeat] enter=True sorting=False cam=LIVE ai=LIVE cam_fps=56.0 pub_fps=30.4 frames=313767 result_subs=1 roi=ok intrinsic=ok inference_age_ms=116 target=none transport=False sorting_thread=alive
13:24:47 [v4][heartbeat] enter=True sorting=False cam=LIVE ai=LIVE cam_fps=54.4 pub_fps=30.2 frames=314039 result_subs=1 roi=ok intrinsic=ok inference_age_ms=120 target=none transport=False sorting_thread=alive
13:24:52 [v4][heartbeat] enter=True sorting=False cam=LIVE ai=LIVE cam_fps=56.2 pub_fps=30.4 frames=314320 result_subs=1 roi=ok intrinsic=ok inference_age_ms=113 target=none transport=False sorting_thread=alive
13:24:57 [v4][heartbeat] enter=True sorting=False cam=LIVE ai=LIVE cam_fps=58.4 pub_fps=30.2 frames=314612 result_subs=1 roi=ok intrinsic=ok inference_age_ms=65 target=none transport=False sorting_thread=alive
13:25:02 [v4][heartbeat] enter=True sorting=False cam=LIVE ai=LIVE cam_fps=55.4 pub_fps=30.4 frames=314889 result_subs=1 roi=ok intrinsic=ok inference_age_ms=94 target=none transport=False sorting_thread=alive
13:25:07 [v4][heartbeat] enter=True sorting=False cam=LIVE ai=LIVE cam_fps=57.4 pub_fps=30.2 frames=315176 result_subs=1 roi=ok intrinsic=ok inference_age_ms=83 target=none transport=False sorting_thread=alive
13:25:12 [v4][heartbeat] enter=True sorting=False cam=LIVE ai=LIVE cam_fps=55.8 pub_fps=30.4 frames=315455 result_subs=1 roi=ok intrinsic=ok inference_age_ms=77 target=none transport=False sorting_thread=alive
13:25:17 [v4][heartbeat] enter=True sorting=False cam=LIVE ai=LIVE cam_fps=55.0 pub_fps=30.2 frames=315730 result_subs=1 roi=ok intrinsic=ok inference_age_ms=93 target=none transport=False sorting_thread=alive
13:25:22 [v4][heartbeat] enter=True sorting=False cam=LIVE ai=LIVE cam_fps=56.4 pub_fps=30.4 frames=316012 result_subs=1 roi=ok intrinsic=ok inference_age_ms=126 target=none transport=False sorting_thread=alive
13:25:27 [v4][heartbeat] enter=True sorting=False cam=LIVE ai=LIVE cam_fps=55.0 pub_fps=30.2 frames=316287 result_subs=1 roi=ok intrinsic=ok inference_age_ms=95 target=none transport=False sorting_thread=alive
13:25:32 [v4][heartbeat] enter=True sorting=False cam=LIVE ai=LIVE cam_fps=58.2 pub_fps=30.4 frames=316578 result_subs=1 roi=ok intrinsic=ok inference_age_ms=130 target=none transport=False sorting_thread=alive
13:25:37 [v4][heartbeat] enter=True sorting=False cam=LIVE ai=LIVE cam_fps=55.2 pub_fps=30.2 frames=316854 result_subs=1 roi=ok intrinsic=ok inference_age_ms=127 target=none transport=False sorting_thread=alive
13:25:42 [v4][heartbeat] enter=True sorting=False cam=LIVE ai=LIVE cam_fps=57.5 pub_fps=30.4 frames=317141 result_subs=1 roi=ok intrinsic=ok inference_age_ms=75 target=none transport=False sorting_thread=alive
13:25:47 [v4][heartbeat] enter=True sorting=False cam=LIVE ai=LIVE cam_fps=57.6 pub_fps=30.2 frames=317429 result_subs=1 roi=ok intrinsic=ok inference_age_ms=114 target=none transport=False sorting_thread=alive
13:25:52 [v4][heartbeat] enter=True sorting=False cam=LIVE ai=LIVE cam_fps=54.6 pub_fps=30.4 frames=317702 result_subs=1 roi=ok intrinsic=ok inference_age_ms=61 target=none transport=False sorting_thread=alive
13:25:57 [v4][heartbeat] enter=True sorting=False cam=LIVE ai=LIVE cam_fps=56.2 pub_fps=30.2 frames=317983 result_subs=1 roi=ok intrinsic=ok inference_age_ms=102 target=none transport=False sorting_thread=alive
13:26:02 [v4][heartbeat] enter=True sorting=False cam=LIVE ai=LIVE cam_fps=54.4 pub_fps=30.4 frames=318255 result_subs=1 roi=ok intrinsic=ok inference_age_ms=111 target=none transport=False sorting_thread=alive
13:26:07 [v4][heartbeat] enter=True sorting=False cam=LIVE ai=LIVE cam_fps=55.8 pub_fps=30.2 frames=318534 result_subs=1 roi=ok intrinsic=ok inference_age_ms=73 target=none transport=False sorting_thread=alive
13:26:12 [v4][heartbeat] enter=True sorting=False cam=LIVE ai=LIVE cam_fps=56.8 pub_fps=30.4 frames=318818 result_subs=1 roi=ok intrinsic=ok inference_age_ms=115 target=none transport=False sorting_thread=alive
13:26:17 [v4][heartbeat] enter=True sorting=False cam=LIVE ai=LIVE cam_fps=53.6 pub_fps=30.2 frames=319086 result_subs=1 roi=ok intrinsic=ok inference_age_ms=73 target=none transport=False sorting_thread=alive
13:26:22 [v4][heartbeat] enter=True sorting=False cam=LIVE ai=LIVE cam_fps=57.0 pub_fps=30.4 frames=319371 result_subs=1 roi=ok intrinsic=ok inference_age_ms=101 target=none transport=False sorting_thread=alive
13:26:27 [v4][heartbeat] enter=True sorting=False cam=LIVE ai=LIVE cam_fps=56.6 pub_fps=30.2 frames=319654 result_subs=1 roi=ok intrinsic=ok inference_age_ms=76 target=none transport=False sorting_thread=alive
13:26:32 [v4][heartbeat] enter=True sorting=False cam=LIVE ai=LIVE cam_fps=57.3 pub_fps=30.4 frames=319941 result_subs=1 roi=ok intrinsic=ok inference_age_ms=121 target=none transport=False sorting_thread=alive
13:26:37 [v4][heartbeat] enter=True sorting=False cam=LIVE ai=LIVE cam_fps=57.3 pub_fps=30.2 frames=320227 result_subs=1 roi=ok intrinsic=ok inference_age_ms=52 target=none transport=False sorting_thread=alive
13:26:42 [v4][heartbeat] enter=True sorting=False cam=LIVE ai=LIVE cam_fps=54.6 pub_fps=30.4 frames=320500 result_subs=1 roi=ok intrinsic=ok inference_age_ms=98 target=none transport=False sorting_thread=alive
13:26:47 [v4][heartbeat] enter=True sorting=False cam=LIVE ai=LIVE cam_fps=56.6 pub_fps=30.2 frames=320783 result_subs=1 roi=ok intrinsic=ok inference_age_ms=62 target=none transport=False sorting_thread=alive
13:26:52 [v4][heartbeat] enter=True sorting=False cam=LIVE ai=LIVE cam_fps=56.2 pub_fps=30.4 frames=321064 result_subs=1 roi=ok intrinsic=ok inference_age_ms=131 target=none transport=False sorting_thread=alive
13:26:57 [v4][heartbeat] enter=True sorting=False cam=LIVE ai=LIVE cam_fps=54.0 pub_fps=30.4 frames=321334 result_subs=1 roi=ok intrinsic=ok inference_age_ms=63 target=none transport=False sorting_thread=alive
13:27:02 [v4][heartbeat] enter=True sorting=False cam=LIVE ai=LIVE cam_fps=56.6 pub_fps=30.2 frames=321617 result_subs=1 roi=ok intrinsic=ok inference_age_ms=122 target=none transport=False sorting_thread=alive
13:27:07 [v4][heartbeat] enter=True sorting=False cam=LIVE ai=LIVE cam_fps=56.0 pub_fps=30.4 frames=321897 result_subs=1 roi=ok intrinsic=ok inference_age_ms=88 target=none transport=False sorting_thread=alive
13:27:12 [v4][heartbeat] enter=True sorting=False cam=LIVE ai=LIVE cam_fps=56.0 pub_fps=30.2 frames=322177 result_subs=1 roi=ok intrinsic=ok inference_age_ms=80 target=none transport=False sorting_thread=alive
13:27:17 [v4][heartbeat] enter=True sorting=False cam=LIVE ai=LIVE cam_fps=56.4 pub_fps=30.4 frames=322459 result_subs=1 roi=ok intrinsic=ok inference_age_ms=81 target=none transport=False sorting_thread=alive
13:27:22 [v4][heartbeat] enter=True sorting=False cam=LIVE ai=LIVE cam_fps=55.4 pub_fps=30.2 frames=322736 result_subs=1 roi=ok intrinsic=ok inference_age_ms=127 target=none transport=False sorting_thread=alive
13:27:27 [v4][heartbeat] enter=True sorting=False cam=LIVE ai=LIVE cam_fps=56.3 pub_fps=30.4 frames=323018 result_subs=1 roi=ok intrinsic=ok inference_age_ms=67 target=none transport=False sorting_thread=alive
13:27:32 [v4][heartbeat] enter=True sorting=False cam=LIVE ai=LIVE cam_fps=56.5 pub_fps=30.2 frames=323300 result_subs=1 roi=ok intrinsic=ok inference_age_ms=38 target=none transport=False sorting_thread=alive
13:27:37 [v4][heartbeat] enter=True sorting=False cam=LIVE ai=LIVE cam_fps=56.0 pub_fps=30.4 frames=323580 result_subs=1 roi=ok intrinsic=ok inference_age_ms=121 target=none transport=False sorting_thread=alive
13:27:42 [v4][heartbeat] enter=True sorting=False cam=LIVE ai=LIVE cam_fps=58.0 pub_fps=30.2 frames=323870 result_subs=1 roi=ok intrinsic=ok inference_age_ms=135 target=none transport=False sorting_thread=alive
13:27:47 [v4][heartbeat] enter=True sorting=False cam=LIVE ai=LIVE cam_fps=54.5 pub_fps=30.4 frames=324143 result_subs=1 roi=ok intrinsic=ok inference_age_ms=109 target=none transport=False sorting_thread=alive
13:27:52 [v4][heartbeat] enter=True sorting=False cam=LIVE ai=LIVE cam_fps=58.0 pub_fps=30.2 frames=324433 result_subs=1 roi=ok intrinsic=ok inference_age_ms=49 target=none transport=False sorting_thread=alive
13:27:57 [v4][heartbeat] enter=True sorting=False cam=LIVE ai=LIVE cam_fps=55.4 pub_fps=30.4 frames=324710 result_subs=1 roi=ok intrinsic=ok inference_age_ms=55 target=none transport=False sorting_thread=alive
13:28:02 [v4][heartbeat] enter=True sorting=False cam=LIVE ai=LIVE cam_fps=54.5 pub_fps=30.2 frames=324983 result_subs=1 roi=ok intrinsic=ok inference_age_ms=89 target=none transport=False sorting_thread=alive
13:28:07 [v4][heartbeat] enter=True sorting=False cam=LIVE ai=LIVE cam_fps=58.0 pub_fps=30.4 frames=325273 result_subs=1 roi=ok intrinsic=ok inference_age_ms=89 target=none transport=False sorting_thread=alive
13:28:12 [v4][heartbeat] enter=True sorting=False cam=LIVE ai=LIVE cam_fps=55.0 pub_fps=30.2 frames=325548 result_subs=1 roi=ok intrinsic=ok inference_age_ms=115 target=none transport=False sorting_thread=alive
13:28:17 [v4][heartbeat] enter=True sorting=False cam=LIVE ai=LIVE cam_fps=56.2 pub_fps=30.4 frames=325829 result_subs=1 roi=ok intrinsic=ok inference_age_ms=80 target=none transport=False sorting_thread=alive
13:28:22 [v4][heartbeat] enter=True sorting=False cam=LIVE ai=LIVE cam_fps=54.7 pub_fps=30.2 frames=326102 result_subs=1 roi=ok intrinsic=ok inference_age_ms=45 target=none transport=False sorting_thread=alive
13:28:27 [v4][heartbeat] enter=True sorting=False cam=LIVE ai=LIVE cam_fps=56.2 pub_fps=30.4 frames=326383 result_subs=1 roi=ok intrinsic=ok inference_age_ms=100 target=none transport=False sorting_thread=alive
13:28:32 [v4][heartbeat] enter=True sorting=False cam=LIVE ai=LIVE cam_fps=57.2 pub_fps=30.2 frames=326669 result_subs=1 roi=ok intrinsic=ok inference_age_ms=112 target=none transport=False sorting_thread=alive
13:28:37 [v4][heartbeat] enter=True sorting=False cam=LIVE ai=LIVE cam_fps=54.4 pub_fps=30.4 frames=326941 result_subs=1 roi=ok intrinsic=ok inference_age_ms=99 target=none transport=False sorting_thread=alive
13:28:42 [v4][heartbeat] enter=True sorting=False cam=LIVE ai=LIVE cam_fps=56.0 pub_fps=30.2 frames=327221 result_subs=1 roi=ok intrinsic=ok inference_age_ms=78 target=none transport=False sorting_thread=alive
13:28:47 [v4][heartbeat] enter=True sorting=False cam=LIVE ai=LIVE cam_fps=56.5 pub_fps=30.4 frames=327504 result_subs=1 roi=ok intrinsic=ok inference_age_ms=113 target=none transport=False sorting_thread=alive
13:28:52 [v4][heartbeat] enter=True sorting=False cam=LIVE ai=LIVE cam_fps=54.6 pub_fps=30.2 frames=327777 result_subs=1 roi=ok intrinsic=ok inference_age_ms=93 target=none transport=False sorting_thread=alive
13:28:57 [v4][heartbeat] enter=True sorting=False cam=LIVE ai=LIVE cam_fps=57.0 pub_fps=30.4 frames=328062 result_subs=1 roi=ok intrinsic=ok inference_age_ms=100 target=none transport=False sorting_thread=alive
13:29:02 [v4][heartbeat] enter=True sorting=False cam=LIVE ai=LIVE cam_fps=54.8 pub_fps=30.2 frames=328336 result_subs=1 roi=ok intrinsic=ok inference_age_ms=94 target=none transport=False sorting_thread=alive
13:29:07 [v4][heartbeat] enter=True sorting=False cam=LIVE ai=LIVE cam_fps=55.0 pub_fps=30.4 frames=328611 result_subs=1 roi=ok intrinsic=ok inference_age_ms=139 target=none transport=False sorting_thread=alive
13:29:12 [v4][heartbeat] enter=True sorting=False cam=LIVE ai=LIVE cam_fps=57.2 pub_fps=30.2 frames=328897 result_subs=1 roi=ok intrinsic=ok inference_age_ms=75 target=none transport=False sorting_thread=alive
13:29:17 [v4][heartbeat] enter=True sorting=False cam=LIVE ai=LIVE cam_fps=54.6 pub_fps=30.4 frames=329170 result_subs=1 roi=ok intrinsic=ok inference_age_ms=106 target=none transport=False sorting_thread=alive
13:29:22 [v4][heartbeat] enter=True sorting=False cam=LIVE ai=LIVE cam_fps=58.2 pub_fps=30.2 frames=329461 result_subs=1 roi=ok intrinsic=ok inference_age_ms=146 target=none transport=False sorting_thread=alive
13:29:27 [v4][heartbeat] enter=True sorting=False cam=LIVE ai=LIVE cam_fps=56.2 pub_fps=30.4 frames=329742 result_subs=1 roi=ok intrinsic=ok inference_age_ms=133 target=none transport=False sorting_thread=alive
13:29:32 [v4][heartbeat] enter=True sorting=False cam=LIVE ai=LIVE cam_fps=54.8 pub_fps=30.2 frames=330016 result_subs=1 roi=ok intrinsic=ok inference_age_ms=115 target=none transport=False sorting_thread=alive
13:29:37 [v4][heartbeat] enter=True sorting=False cam=LIVE ai=LIVE cam_fps=57.6 pub_fps=30.4 frames=330304 result_subs=1 roi=ok intrinsic=ok inference_age_ms=61 target=none transport=False sorting_thread=alive
13:29:42 [v4][heartbeat] enter=True sorting=False cam=LIVE ai=LIVE cam_fps=54.2 pub_fps=30.2 frames=330575 result_subs=1 roi=ok intrinsic=ok inference_age_ms=69 target=none transport=False sorting_thread=alive
13:29:47 [v4][heartbeat] enter=True sorting=False cam=LIVE ai=LIVE cam_fps=56.2 pub_fps=30.4 frames=330856 result_subs=1 roi=ok intrinsic=ok inference_age_ms=89 target=none transport=False sorting_thread=alive
13:29:52 [v4][heartbeat] enter=True sorting=False cam=LIVE ai=LIVE cam_fps=56.2 pub_fps=30.4 frames=331137 result_subs=1 roi=ok intrinsic=ok inference_age_ms=104 target=none transport=False sorting_thread=alive
13:29:57 [v4][heartbeat] enter=True sorting=False cam=LIVE ai=LIVE cam_fps=55.5 pub_fps=30.2 frames=331414 result_subs=1 roi=ok intrinsic=ok inference_age_ms=85 target=none transport=False sorting_thread=alive
13:30:02 [v4][heartbeat] enter=True sorting=False cam=LIVE ai=LIVE cam_fps=57.2 pub_fps=30.4 frames=331700 result_subs=1 roi=ok intrinsic=ok inference_age_ms=98 target=none transport=False sorting_thread=alive
13:30:07 [v4][heartbeat] enter=True sorting=False cam=LIVE ai=LIVE cam_fps=56.0 pub_fps=30.2 frames=331980 result_subs=1 roi=ok intrinsic=ok inference_age_ms=143 target=none transport=False sorting_thread=alive
13:30:12 [v4][heartbeat] enter=True sorting=False cam=LIVE ai=LIVE cam_fps=56.7 pub_fps=30.4 frames=332264 result_subs=1 roi=ok intrinsic=ok inference_age_ms=80 target=none transport=False sorting_thread=alive
13:30:17 [v4][heartbeat] enter=True sorting=False cam=LIVE ai=LIVE cam_fps=55.9 pub_fps=30.2 frames=332543 result_subs=1 roi=ok intrinsic=ok inference_age_ms=85 target=none transport=False sorting_thread=alive
13:30:22 [v4][heartbeat] enter=True sorting=False cam=LIVE ai=LIVE cam_fps=55.4 pub_fps=30.4 frames=332820 result_subs=1 roi=ok intrinsic=ok inference_age_ms=85 target=none transport=False sorting_thread=alive
13:30:27 [v4][heartbeat] enter=True sorting=False cam=LIVE ai=LIVE cam_fps=57.6 pub_fps=30.2 frames=333108 result_subs=1 roi=ok intrinsic=ok inference_age_ms=122 target=none transport=False sorting_thread=alive
13:30:32 [v4][heartbeat] enter=True sorting=False cam=LIVE ai=LIVE cam_fps=55.8 pub_fps=30.4 frames=333387 result_subs=1 roi=ok intrinsic=ok inference_age_ms=81 target=none transport=False sorting_thread=alive
13:30:37 [v4][heartbeat] enter=True sorting=False cam=LIVE ai=LIVE cam_fps=56.8 pub_fps=30.2 frames=333671 result_subs=1 roi=ok intrinsic=ok inference_age_ms=40 target=none transport=False sorting_thread=alive
13:30:42 [v4][heartbeat] enter=True sorting=False cam=LIVE ai=LIVE cam_fps=57.2 pub_fps=30.4 frames=333957 result_subs=1 roi=ok intrinsic=ok inference_age_ms=95 target=none transport=False sorting_thread=alive
13:30:47 [v4][heartbeat] enter=True sorting=False cam=LIVE ai=LIVE cam_fps=55.5 pub_fps=30.2 frames=334235 result_subs=1 roi=ok intrinsic=ok inference_age_ms=80 target=none transport=False sorting_thread=alive
13:30:52 [v4][heartbeat] enter=True sorting=False cam=LIVE ai=LIVE cam_fps=56.8 pub_fps=30.4 frames=334519 result_subs=1 roi=ok intrinsic=ok inference_age_ms=108 target=none transport=False sorting_thread=alive
13:30:57 [v4][heartbeat] enter=True sorting=False cam=LIVE ai=LIVE cam_fps=53.6 pub_fps=30.2 frames=334787 result_subs=1 roi=ok intrinsic=ok inference_age_ms=76 target=none transport=False sorting_thread=alive
13:31:02 [v4][heartbeat] enter=True sorting=False cam=LIVE ai=LIVE cam_fps=55.0 pub_fps=30.4 frames=335062 result_subs=1 roi=ok intrinsic=ok inference_age_ms=86 target=none transport=False sorting_thread=alive
13:31:07 [v4][heartbeat] enter=True sorting=False cam=LIVE ai=LIVE cam_fps=56.0 pub_fps=30.2 frames=335342 result_subs=1 roi=ok intrinsic=ok inference_age_ms=60 target=none transport=False sorting_thread=alive
13:31:12 [v4][heartbeat] enter=True sorting=False cam=LIVE ai=LIVE cam_fps=55.0 pub_fps=30.4 frames=335617 result_subs=1 roi=ok intrinsic=ok inference_age_ms=70 target=none transport=False sorting_thread=alive
13:31:17 [v4][heartbeat] enter=True sorting=False cam=LIVE ai=LIVE cam_fps=56.8 pub_fps=30.2 frames=335901 result_subs=1 roi=ok intrinsic=ok inference_age_ms=117 target=none transport=False sorting_thread=alive
13:31:22 [v4][heartbeat] enter=True sorting=False cam=LIVE ai=LIVE cam_fps=56.2 pub_fps=30.4 frames=336182 result_subs=1 roi=ok intrinsic=ok inference_age_ms=69 target=none transport=False sorting_thread=alive
13:31:27 [v4][heartbeat] enter=True sorting=False cam=LIVE ai=LIVE cam_fps=53.0 pub_fps=30.2 frames=336447 result_subs=1 roi=ok intrinsic=ok inference_age_ms=107 target=none transport=False sorting_thread=alive
13:31:32 [v4][heartbeat] enter=True sorting=False cam=LIVE ai=LIVE cam_fps=56.6 pub_fps=30.4 frames=336730 result_subs=1 roi=ok intrinsic=ok inference_age_ms=92 target=none transport=False sorting_thread=alive
13:31:37 [v4][heartbeat] enter=True sorting=False cam=LIVE ai=LIVE cam_fps=54.2 pub_fps=30.2 frames=337001 result_subs=1 roi=ok intrinsic=ok inference_age_ms=44 target=none transport=False sorting_thread=alive
13:31:42 [v4][heartbeat] enter=True sorting=False cam=LIVE ai=LIVE cam_fps=58.2 pub_fps=30.4 frames=337292 result_subs=1 roi=ok intrinsic=ok inference_age_ms=102 target=none transport=False sorting_thread=alive
13:31:47 [v4][heartbeat] enter=True sorting=False cam=LIVE ai=LIVE cam_fps=56.6 pub_fps=30.2 frames=337575 result_subs=1 roi=ok intrinsic=ok inference_age_ms=56 target=none transport=False sorting_thread=alive
13:31:52 [v4][heartbeat] enter=True sorting=False cam=LIVE ai=LIVE cam_fps=55.6 pub_fps=30.4 frames=337853 result_subs=1 roi=ok intrinsic=ok inference_age_ms=77 target=none transport=False sorting_thread=alive
13:31:57 [v4][heartbeat] enter=True sorting=False cam=LIVE ai=LIVE cam_fps=57.2 pub_fps=30.2 frames=338139 result_subs=1 roi=ok intrinsic=ok inference_age_ms=100 target=none transport=False sorting_thread=alive
13:32:02 [v4][heartbeat] enter=True sorting=False cam=LIVE ai=LIVE cam_fps=54.6 pub_fps=30.4 frames=338412 result_subs=1 roi=ok intrinsic=ok inference_age_ms=91 target=none transport=False sorting_thread=alive
13:32:07 [v4][heartbeat] enter=True sorting=False cam=LIVE ai=LIVE cam_fps=58.0 pub_fps=30.2 frames=338702 result_subs=1 roi=ok intrinsic=ok inference_age_ms=93 target=none transport=False sorting_thread=alive
13:32:12 [v4][heartbeat] enter=True sorting=False cam=LIVE ai=LIVE cam_fps=55.2 pub_fps=30.4 frames=338978 result_subs=1 roi=ok intrinsic=ok inference_age_ms=87 target=none transport=False sorting_thread=alive
13:32:17 [v4][heartbeat] enter=True sorting=False cam=LIVE ai=LIVE cam_fps=55.6 pub_fps=30.2 frames=339256 result_subs=1 roi=ok intrinsic=ok inference_age_ms=98 target=none transport=False sorting_thread=alive
13:32:22 [v4][heartbeat] enter=True sorting=False cam=LIVE ai=LIVE cam_fps=58.4 pub_fps=30.4 frames=339548 result_subs=1 roi=ok intrinsic=ok inference_age_ms=62 target=none transport=False sorting_thread=alive
13:32:27 [v4][heartbeat] enter=True sorting=False cam=LIVE ai=LIVE cam_fps=55.6 pub_fps=30.4 frames=339826 result_subs=1 roi=ok intrinsic=ok inference_age_ms=104 target=none transport=False sorting_thread=alive
13:32:32 [v4][heartbeat] enter=True sorting=False cam=LIVE ai=LIVE cam_fps=56.8 pub_fps=30.2 frames=340110 result_subs=1 roi=ok intrinsic=ok inference_age_ms=63 target=none transport=False sorting_thread=alive
13:32:37 [v4][heartbeat] enter=True sorting=False cam=LIVE ai=LIVE cam_fps=55.8 pub_fps=30.2 frames=340389 result_subs=1 roi=ok intrinsic=ok inference_age_ms=116 target=none transport=False sorting_thread=alive
13:32:42 [v4][heartbeat] enter=True sorting=False cam=LIVE ai=LIVE cam_fps=55.6 pub_fps=30.4 frames=340667 result_subs=1 roi=ok intrinsic=ok inference_age_ms=123 target=none transport=False sorting_thread=alive
13:32:47 [v4][heartbeat] enter=True sorting=False cam=LIVE ai=LIVE cam_fps=57.4 pub_fps=30.4 frames=340954 result_subs=1 roi=ok intrinsic=ok inference_age_ms=65 target=none transport=False sorting_thread=alive
13:32:52 [v4][heartbeat] enter=True sorting=False cam=LIVE ai=LIVE cam_fps=54.8 pub_fps=30.2 frames=341228 result_subs=1 roi=ok intrinsic=ok inference_age_ms=118 target=none transport=False sorting_thread=alive
13:32:57 [v4][heartbeat] enter=True sorting=False cam=LIVE ai=LIVE cam_fps=58.4 pub_fps=30.4 frames=341520 result_subs=1 roi=ok intrinsic=ok inference_age_ms=86 target=none transport=False sorting_thread=alive
13:33:02 [v4][heartbeat] enter=True sorting=False cam=LIVE ai=LIVE cam_fps=56.4 pub_fps=30.2 frames=341802 result_subs=1 roi=ok intrinsic=ok inference_age_ms=98 target=none transport=False sorting_thread=alive
13:33:07 [v4][heartbeat] enter=True sorting=False cam=LIVE ai=LIVE cam_fps=54.9 pub_fps=30.4 frames=342077 result_subs=1 roi=ok intrinsic=ok inference_age_ms=127 target=none transport=False sorting_thread=alive
13:33:12 [v4][heartbeat] enter=True sorting=False cam=LIVE ai=LIVE cam_fps=57.4 pub_fps=30.2 frames=342364 result_subs=1 roi=ok intrinsic=ok inference_age_ms=128 target=none transport=False sorting_thread=alive
13:33:17 [v4][heartbeat] enter=True sorting=False cam=LIVE ai=LIVE cam_fps=54.4 pub_fps=30.4 frames=342636 result_subs=1 roi=ok intrinsic=ok inference_age_ms=115 target=none transport=False sorting_thread=alive
13:33:22 [v4][heartbeat] enter=True sorting=False cam=LIVE ai=LIVE cam_fps=56.5 pub_fps=30.2 frames=342918 result_subs=1 roi=ok intrinsic=ok inference_age_ms=70 target=none transport=False sorting_thread=alive
13:33:27 [v4][heartbeat] enter=True sorting=False cam=LIVE ai=LIVE cam_fps=58.0 pub_fps=30.4 frames=343208 result_subs=1 roi=ok intrinsic=ok inference_age_ms=67 target=none transport=False sorting_thread=alive
13:33:32 [v4][heartbeat] enter=True sorting=False cam=LIVE ai=LIVE cam_fps=53.6 pub_fps=30.2 frames=343476 result_subs=1 roi=ok intrinsic=ok inference_age_ms=64 target=none transport=False sorting_thread=alive
13:33:37 [v4][heartbeat] enter=True sorting=False cam=LIVE ai=LIVE cam_fps=58.6 pub_fps=30.4 frames=343769 result_subs=1 roi=ok intrinsic=ok inference_age_ms=91 target=none transport=False sorting_thread=alive
13:33:42 [v4][heartbeat] enter=True sorting=False cam=LIVE ai=LIVE cam_fps=56.8 pub_fps=30.2 frames=344053 result_subs=1 roi=ok intrinsic=ok inference_age_ms=81 target=none transport=False sorting_thread=alive
13:33:47 [v4][heartbeat] enter=True sorting=False cam=LIVE ai=LIVE cam_fps=54.8 pub_fps=30.4 frames=344327 result_subs=1 roi=ok intrinsic=ok inference_age_ms=119 target=none transport=False sorting_thread=alive
13:33:52 [v4][heartbeat] enter=True sorting=False cam=LIVE ai=LIVE cam_fps=56.6 pub_fps=30.2 frames=344610 result_subs=1 roi=ok intrinsic=ok inference_age_ms=128 target=none transport=False sorting_thread=alive
13:33:57 [v4][heartbeat] enter=True sorting=False cam=LIVE ai=LIVE cam_fps=53.6 pub_fps=30.4 frames=344878 result_subs=1 roi=ok intrinsic=ok inference_age_ms=79 target=none transport=False sorting_thread=alive
13:34:02 [v4][heartbeat] enter=True sorting=False cam=LIVE ai=LIVE cam_fps=56.4 pub_fps=30.2 frames=345160 result_subs=1 roi=ok intrinsic=ok inference_age_ms=107 target=none transport=False sorting_thread=alive
13:34:07 [v4][heartbeat] enter=True sorting=False cam=LIVE ai=LIVE cam_fps=57.0 pub_fps=30.4 frames=345445 result_subs=1 roi=ok intrinsic=ok inference_age_ms=104 target=none transport=False sorting_thread=alive
13:34:12 [v4][heartbeat] enter=True sorting=False cam=LIVE ai=LIVE cam_fps=55.6 pub_fps=30.2 frames=345723 result_subs=1 roi=ok intrinsic=ok inference_age_ms=84 target=none transport=False sorting_thread=alive
13:34:17 [v4][heartbeat] enter=True sorting=False cam=LIVE ai=LIVE cam_fps=56.1 pub_fps=30.4 frames=346004 result_subs=1 roi=ok intrinsic=ok inference_age_ms=118 target=none transport=False sorting_thread=alive
13:34:22 [v4][heartbeat] enter=True sorting=False cam=LIVE ai=LIVE cam_fps=54.3 pub_fps=30.2 frames=346275 result_subs=1 roi=ok intrinsic=ok inference_age_ms=98 target=none transport=False sorting_thread=alive
13:34:27 [v4][heartbeat] enter=True sorting=False cam=LIVE ai=LIVE cam_fps=56.8 pub_fps=30.4 frames=346559 result_subs=1 roi=ok intrinsic=ok inference_age_ms=127 target=none transport=False sorting_thread=alive
13:34:32 [v4][heartbeat] enter=True sorting=False cam=LIVE ai=LIVE cam_fps=57.8 pub_fps=30.2 frames=346848 result_subs=1 roi=ok intrinsic=ok inference_age_ms=49 target=none transport=False sorting_thread=alive
13:34:37 [v4][heartbeat] enter=True sorting=False cam=LIVE ai=LIVE cam_fps=54.8 pub_fps=30.4 frames=347122 result_subs=1 roi=ok intrinsic=ok inference_age_ms=130 target=none transport=False sorting_thread=alive
13:34:42 [v4][heartbeat] enter=True sorting=False cam=LIVE ai=LIVE cam_fps=57.8 pub_fps=30.2 frames=347411 result_subs=1 roi=ok intrinsic=ok inference_age_ms=90 target=none transport=False sorting_thread=alive
13:34:47 [v4][heartbeat] enter=True sorting=False cam=LIVE ai=LIVE cam_fps=54.8 pub_fps=30.4 frames=347685 result_subs=1 roi=ok intrinsic=ok inference_age_ms=115 target=none transport=False sorting_thread=alive
13:34:52 [v4][heartbeat] enter=True sorting=False cam=LIVE ai=LIVE cam_fps=57.2 pub_fps=30.2 frames=347971 result_subs=1 roi=ok intrinsic=ok inference_age_ms=59 target=none transport=False sorting_thread=alive
13:34:57 [v4][heartbeat] enter=True sorting=False cam=LIVE ai=LIVE cam_fps=57.0 pub_fps=30.4 frames=348256 result_subs=1 roi=ok intrinsic=ok inference_age_ms=90 target=none transport=False sorting_thread=alive
13:35:02 [v4][heartbeat] enter=True sorting=False cam=LIVE ai=LIVE cam_fps=55.6 pub_fps=30.2 frames=348534 result_subs=1 roi=ok intrinsic=ok inference_age_ms=99 target=none transport=False sorting_thread=alive
13:35:07 [v4][heartbeat] enter=True sorting=False cam=LIVE ai=LIVE cam_fps=57.6 pub_fps=30.4 frames=348822 result_subs=1 roi=ok intrinsic=ok inference_age_ms=72 target=none transport=False sorting_thread=alive
13:35:12 [v4][heartbeat] enter=True sorting=False cam=LIVE ai=LIVE cam_fps=56.0 pub_fps=30.4 frames=349102 result_subs=1 roi=ok intrinsic=ok inference_age_ms=48 target=none transport=False sorting_thread=alive
13:35:17 [v4][heartbeat] enter=True sorting=False cam=LIVE ai=LIVE cam_fps=55.7 pub_fps=30.2 frames=349380 result_subs=1 roi=ok intrinsic=ok inference_age_ms=93 target=none transport=False sorting_thread=alive
13:35:22 [v4][heartbeat] enter=True sorting=False cam=LIVE ai=LIVE cam_fps=56.5 pub_fps=30.4 frames=349663 result_subs=1 roi=ok intrinsic=ok inference_age_ms=57 target=none transport=False sorting_thread=alive
13:35:27 [v4][heartbeat] enter=True sorting=False cam=LIVE ai=LIVE cam_fps=54.3 pub_fps=30.2 frames=349934 result_subs=1 roi=ok intrinsic=ok inference_age_ms=78 target=none transport=False sorting_thread=alive
13:35:32 [v4][heartbeat] enter=True sorting=False cam=LIVE ai=LIVE cam_fps=58.2 pub_fps=30.4 frames=350225 result_subs=1 roi=ok intrinsic=ok inference_age_ms=71 target=none transport=False sorting_thread=alive
13:35:37 [v4][heartbeat] enter=True sorting=False cam=LIVE ai=LIVE cam_fps=54.6 pub_fps=30.2 frames=350498 result_subs=1 roi=ok intrinsic=ok inference_age_ms=129 target=none transport=False sorting_thread=alive
13:35:42 [v4][heartbeat] enter=True sorting=False cam=LIVE ai=LIVE cam_fps=53.8 pub_fps=30.4 frames=350767 result_subs=1 roi=ok intrinsic=ok inference_age_ms=42 target=none transport=False sorting_thread=alive
13:35:47 [v4][heartbeat] enter=True sorting=False cam=LIVE ai=LIVE cam_fps=56.2 pub_fps=30.2 frames=351048 result_subs=1 roi=ok intrinsic=ok inference_age_ms=43 target=none transport=False sorting_thread=alive
13:35:52 [v4][heartbeat] enter=True sorting=False cam=LIVE ai=LIVE cam_fps=52.4 pub_fps=30.4 frames=351310 result_subs=1 roi=ok intrinsic=ok inference_age_ms=135 target=none transport=False sorting_thread=alive
13:35:57 [v4][heartbeat] enter=True sorting=False cam=LIVE ai=LIVE cam_fps=57.8 pub_fps=30.2 frames=351599 result_subs=1 roi=ok intrinsic=ok inference_age_ms=89 target=none transport=False sorting_thread=alive
13:36:02 [v4][heartbeat] enter=True sorting=False cam=LIVE ai=LIVE cam_fps=56.6 pub_fps=30.4 frames=351882 result_subs=1 roi=ok intrinsic=ok inference_age_ms=85 target=none transport=False sorting_thread=alive
13:36:07 [v4][heartbeat] enter=True sorting=False cam=LIVE ai=LIVE cam_fps=56.4 pub_fps=30.2 frames=352164 result_subs=1 roi=ok intrinsic=ok inference_age_ms=70 target=none transport=False sorting_thread=alive
13:36:12 [v4][heartbeat] enter=True sorting=False cam=LIVE ai=LIVE cam_fps=56.4 pub_fps=30.4 frames=352446 result_subs=1 roi=ok intrinsic=ok inference_age_ms=109 target=none transport=False sorting_thread=alive
13:36:17 [v4][heartbeat] enter=True sorting=False cam=LIVE ai=LIVE cam_fps=54.6 pub_fps=30.2 frames=352719 result_subs=1 roi=ok intrinsic=ok inference_age_ms=107 target=none transport=False sorting_thread=alive
13:36:22 [v4][heartbeat] enter=True sorting=False cam=LIVE ai=LIVE cam_fps=57.2 pub_fps=30.4 frames=353005 result_subs=1 roi=ok intrinsic=ok inference_age_ms=129 target=none transport=False sorting_thread=alive
13:36:27 [v4][heartbeat] enter=True sorting=False cam=LIVE ai=LIVE cam_fps=57.1 pub_fps=30.2 frames=353290 result_subs=1 roi=ok intrinsic=ok inference_age_ms=88 target=none transport=False sorting_thread=alive
13:36:32 [v4][heartbeat] enter=True sorting=False cam=LIVE ai=LIVE cam_fps=55.1 pub_fps=30.4 frames=353566 result_subs=1 roi=ok intrinsic=ok inference_age_ms=57 target=none transport=False sorting_thread=alive
13:36:37 [v4][heartbeat] enter=True sorting=False cam=LIVE ai=LIVE cam_fps=57.9 pub_fps=30.2 frames=353855 result_subs=1 roi=ok intrinsic=ok inference_age_ms=118 target=none transport=False sorting_thread=alive
13:36:42 [v4][heartbeat] enter=True sorting=False cam=LIVE ai=LIVE cam_fps=56.2 pub_fps=30.4 frames=354136 result_subs=1 roi=ok intrinsic=ok inference_age_ms=55 target=none transport=False sorting_thread=alive
13:36:47 [v4][heartbeat] enter=True sorting=False cam=LIVE ai=LIVE cam_fps=56.6 pub_fps=30.2 frames=354419 result_subs=1 roi=ok intrinsic=ok inference_age_ms=123 target=none transport=False sorting_thread=alive
13:36:52 [v4][heartbeat] enter=True sorting=False cam=LIVE ai=LIVE cam_fps=56.2 pub_fps=30.4 frames=354700 result_subs=1 roi=ok intrinsic=ok inference_age_ms=81 target=none transport=False sorting_thread=alive
13:36:57 [v4][heartbeat] enter=True sorting=False cam=LIVE ai=LIVE cam_fps=57.4 pub_fps=30.2 frames=354987 result_subs=1 roi=ok intrinsic=ok inference_age_ms=65 target=none transport=False sorting_thread=alive
13:37:02 [v4][heartbeat] enter=True sorting=False cam=LIVE ai=LIVE cam_fps=58.0 pub_fps=30.4 frames=355277 result_subs=1 roi=ok intrinsic=ok inference_age_ms=77 target=none transport=False sorting_thread=alive
13:37:07 [v4][heartbeat] enter=True sorting=False cam=LIVE ai=LIVE cam_fps=54.4 pub_fps=30.2 frames=355549 result_subs=1 roi=ok intrinsic=ok inference_age_ms=77 target=none transport=False sorting_thread=alive
13:37:12 [v4][heartbeat] enter=True sorting=False cam=LIVE ai=LIVE cam_fps=57.4 pub_fps=30.4 frames=355836 result_subs=1 roi=ok intrinsic=ok inference_age_ms=130 target=none transport=False sorting_thread=alive
13:37:17 [v4][heartbeat] enter=True sorting=False cam=LIVE ai=LIVE cam_fps=57.3 pub_fps=30.2 frames=356123 result_subs=1 roi=ok intrinsic=ok inference_age_ms=122 target=none transport=False sorting_thread=alive
13:37:22 [v4][heartbeat] enter=True sorting=False cam=LIVE ai=LIVE cam_fps=54.9 pub_fps=30.4 frames=356397 result_subs=1 roi=ok intrinsic=ok inference_age_ms=63 target=none transport=False sorting_thread=alive
13:37:27 [v4][heartbeat] enter=True sorting=False cam=LIVE ai=LIVE cam_fps=57.6 pub_fps=30.2 frames=356685 result_subs=1 roi=ok intrinsic=ok inference_age_ms=63 target=none transport=False sorting_thread=alive
13:37:32 [v4][heartbeat] enter=True sorting=False cam=LIVE ai=LIVE cam_fps=55.8 pub_fps=30.4 frames=356964 result_subs=1 roi=ok intrinsic=ok inference_age_ms=89 target=none transport=False sorting_thread=alive
13:37:37 [v4][heartbeat] enter=True sorting=False cam=LIVE ai=LIVE cam_fps=56.0 pub_fps=30.2 frames=357244 result_subs=1 roi=ok intrinsic=ok inference_age_ms=51 target=none transport=False sorting_thread=alive
13:37:42 [v4][heartbeat] enter=True sorting=False cam=LIVE ai=LIVE cam_fps=57.6 pub_fps=30.4 frames=357532 result_subs=1 roi=ok intrinsic=ok inference_age_ms=160 target=none transport=False sorting_thread=alive
13:37:47 [v4][heartbeat] enter=True sorting=False cam=LIVE ai=LIVE cam_fps=54.2 pub_fps=30.2 frames=357803 result_subs=1 roi=ok intrinsic=ok inference_age_ms=52 target=none transport=False sorting_thread=alive
13:37:52 [v4][heartbeat] enter=True sorting=False cam=LIVE ai=LIVE cam_fps=58.4 pub_fps=30.4 frames=358095 result_subs=1 roi=ok intrinsic=ok inference_age_ms=110 target=none transport=False sorting_thread=alive
13:37:57 [v4][heartbeat] enter=True sorting=False cam=LIVE ai=LIVE cam_fps=57.4 pub_fps=30.2 frames=358382 result_subs=1 roi=ok intrinsic=ok inference_age_ms=81 target=none transport=False sorting_thread=alive
13:38:02 [v4][heartbeat] enter=True sorting=False cam=LIVE ai=LIVE cam_fps=55.2 pub_fps=30.4 frames=358658 result_subs=1 roi=ok intrinsic=ok inference_age_ms=86 target=none transport=False sorting_thread=alive
13:38:07 [v4][heartbeat] enter=True sorting=False cam=LIVE ai=LIVE cam_fps=57.2 pub_fps=30.2 frames=358944 result_subs=1 roi=ok intrinsic=ok inference_age_ms=119 target=none transport=False sorting_thread=alive
13:38:12 [v4][heartbeat] enter=True sorting=False cam=LIVE ai=LIVE cam_fps=56.2 pub_fps=30.4 frames=359225 result_subs=1 roi=ok intrinsic=ok inference_age_ms=94 target=none transport=False sorting_thread=alive
13:38:17 [v4][heartbeat] enter=True sorting=False cam=LIVE ai=LIVE cam_fps=57.0 pub_fps=30.4 frames=359510 result_subs=1 roi=ok intrinsic=ok inference_age_ms=114 target=none transport=False sorting_thread=alive
13:38:22 [v4][heartbeat] enter=True sorting=False cam=LIVE ai=LIVE cam_fps=57.2 pub_fps=30.2 frames=359796 result_subs=1 roi=ok intrinsic=ok inference_age_ms=67 target=none transport=False sorting_thread=alive
13:38:27 [v4][heartbeat] enter=True sorting=False cam=LIVE ai=LIVE cam_fps=55.3 pub_fps=30.3 frames=360073 result_subs=1 roi=ok intrinsic=ok inference_age_ms=83 target=none transport=False sorting_thread=alive
13:38:32 [v4][heartbeat] enter=True sorting=False cam=LIVE ai=LIVE cam_fps=56.7 pub_fps=30.3 frames=360356 result_subs=1 roi=ok intrinsic=ok inference_age_ms=107 target=none transport=False sorting_thread=alive
13:38:37 [v4][heartbeat] enter=True sorting=False cam=LIVE ai=LIVE cam_fps=55.8 pub_fps=30.4 frames=360635 result_subs=1 roi=ok intrinsic=ok inference_age_ms=73 target=none transport=False sorting_thread=alive
13:38:42 [v4][heartbeat] enter=True sorting=False cam=LIVE ai=LIVE cam_fps=56.4 pub_fps=30.2 frames=360917 result_subs=1 roi=ok intrinsic=ok inference_age_ms=68 target=none transport=False sorting_thread=alive
13:38:47 [v4][heartbeat] enter=True sorting=False cam=LIVE ai=LIVE cam_fps=56.5 pub_fps=30.4 frames=361200 result_subs=1 roi=ok intrinsic=ok inference_age_ms=101 target=none transport=False sorting_thread=alive
13:38:52 [v4][heartbeat] enter=True sorting=False cam=LIVE ai=LIVE cam_fps=56.8 pub_fps=30.2 frames=361484 result_subs=1 roi=ok intrinsic=ok inference_age_ms=94 target=none transport=False sorting_thread=alive
13:38:57 [v4][heartbeat] enter=True sorting=False cam=LIVE ai=LIVE cam_fps=58.0 pub_fps=30.4 frames=361774 result_subs=1 roi=ok intrinsic=ok inference_age_ms=89 target=none transport=False sorting_thread=alive
13:39:02 [v4][heartbeat] enter=True sorting=False cam=LIVE ai=LIVE cam_fps=53.4 pub_fps=30.2 frames=362041 result_subs=1 roi=ok intrinsic=ok inference_age_ms=86 target=none transport=False sorting_thread=alive
13:39:07 [v4][heartbeat] enter=True sorting=False cam=LIVE ai=LIVE cam_fps=56.6 pub_fps=30.4 frames=362324 result_subs=1 roi=ok intrinsic=ok inference_age_ms=113 target=none transport=False sorting_thread=alive
13:39:12 [v4][heartbeat] enter=True sorting=False cam=LIVE ai=LIVE cam_fps=56.8 pub_fps=30.2 frames=362608 result_subs=1 roi=ok intrinsic=ok inference_age_ms=120 target=none transport=False sorting_thread=alive
13:39:17 [v4][heartbeat] enter=True sorting=False cam=LIVE ai=LIVE cam_fps=55.3 pub_fps=30.4 frames=362885 result_subs=1 roi=ok intrinsic=ok inference_age_ms=72 target=none transport=False sorting_thread=alive
13:39:22 [v4][heartbeat] enter=True sorting=False cam=LIVE ai=LIVE cam_fps=58.1 pub_fps=30.2 frames=363175 result_subs=1 roi=ok intrinsic=ok inference_age_ms=57 target=none transport=False sorting_thread=alive
13:39:27 [v4][heartbeat] enter=True sorting=False cam=LIVE ai=LIVE cam_fps=53.2 pub_fps=30.4 frames=363441 result_subs=1 roi=ok intrinsic=ok inference_age_ms=121 target=none transport=False sorting_thread=alive
13:39:32 [v4][heartbeat] enter=True sorting=False cam=LIVE ai=LIVE cam_fps=56.0 pub_fps=30.2 frames=363721 result_subs=1 roi=ok intrinsic=ok inference_age_ms=138 target=none transport=False sorting_thread=alive
13:39:37 [v4][heartbeat] enter=True sorting=False cam=LIVE ai=LIVE cam_fps=57.6 pub_fps=30.4 frames=364009 result_subs=1 roi=ok intrinsic=ok inference_age_ms=131 target=none transport=False sorting_thread=alive
13:39:42 [v4][heartbeat] enter=True sorting=False cam=LIVE ai=LIVE cam_fps=54.0 pub_fps=30.2 frames=364279 result_subs=1 roi=ok intrinsic=ok inference_age_ms=60 target=none transport=False sorting_thread=alive
13:39:47 [v4][heartbeat] enter=True sorting=False cam=LIVE ai=LIVE cam_fps=58.0 pub_fps=30.4 frames=364569 result_subs=1 roi=ok intrinsic=ok inference_age_ms=102 target=none transport=False sorting_thread=alive
13:39:52 [v4][heartbeat] enter=True sorting=False cam=LIVE ai=LIVE cam_fps=53.3 pub_fps=30.2 frames=364835 result_subs=1 roi=ok intrinsic=ok inference_age_ms=45 target=none transport=False sorting_thread=alive
13:39:57 [v4][heartbeat] enter=True sorting=False cam=LIVE ai=LIVE cam_fps=55.9 pub_fps=30.4 frames=365115 result_subs=1 roi=ok intrinsic=ok inference_age_ms=138 target=none transport=False sorting_thread=alive
13:40:02 [v4][heartbeat] enter=True sorting=False cam=LIVE ai=LIVE cam_fps=56.8 pub_fps=30.2 frames=365399 result_subs=1 roi=ok intrinsic=ok inference_age_ms=83 target=none transport=False sorting_thread=alive
13:40:07 [v4][heartbeat] enter=True sorting=False cam=LIVE ai=LIVE cam_fps=56.4 pub_fps=30.4 frames=365681 result_subs=1 roi=ok intrinsic=ok inference_age_ms=97 target=none transport=False sorting_thread=alive
13:40:12 [v4][heartbeat] enter=True sorting=False cam=LIVE ai=LIVE cam_fps=57.6 pub_fps=30.2 frames=365969 result_subs=1 roi=ok intrinsic=ok inference_age_ms=73 target=none transport=False sorting_thread=alive
13:40:17 [v4][heartbeat] enter=True sorting=False cam=LIVE ai=LIVE cam_fps=56.3 pub_fps=30.4 frames=366250 result_subs=1 roi=ok intrinsic=ok inference_age_ms=83 target=none transport=False sorting_thread=alive
13:40:22 [v4][heartbeat] enter=True sorting=False cam=LIVE ai=LIVE cam_fps=56.0 pub_fps=30.2 frames=366530 result_subs=1 roi=ok intrinsic=ok inference_age_ms=100 target=none transport=False sorting_thread=alive
13:40:27 [v4][heartbeat] enter=True sorting=False cam=LIVE ai=LIVE cam_fps=56.6 pub_fps=30.4 frames=366813 result_subs=1 roi=ok intrinsic=ok inference_age_ms=107 target=none transport=False sorting_thread=alive
13:40:32 [v4][heartbeat] enter=True sorting=False cam=LIVE ai=LIVE cam_fps=56.0 pub_fps=30.2 frames=367093 result_subs=1 roi=ok intrinsic=ok inference_age_ms=116 target=none transport=False sorting_thread=alive
13:40:37 [v4][heartbeat] enter=True sorting=False cam=LIVE ai=LIVE cam_fps=54.8 pub_fps=30.4 frames=367367 result_subs=1 roi=ok intrinsic=ok inference_age_ms=118 target=none transport=False sorting_thread=alive
13:40:42 [v4][heartbeat] enter=True sorting=False cam=LIVE ai=LIVE cam_fps=56.4 pub_fps=30.4 frames=367649 result_subs=1 roi=ok intrinsic=ok inference_age_ms=113 target=none transport=False sorting_thread=alive
13:40:47 [v4][heartbeat] enter=True sorting=False cam=LIVE ai=LIVE cam_fps=55.4 pub_fps=30.2 frames=367926 result_subs=1 roi=ok intrinsic=ok inference_age_ms=101 target=none transport=False sorting_thread=alive
13:40:52 [v4][heartbeat] enter=True sorting=False cam=LIVE ai=LIVE cam_fps=57.0 pub_fps=30.2 frames=368211 result_subs=1 roi=ok intrinsic=ok inference_age_ms=72 target=none transport=False sorting_thread=alive
13:40:57 [v4][heartbeat] enter=True sorting=False cam=LIVE ai=LIVE cam_fps=55.8 pub_fps=30.4 frames=368490 result_subs=1 roi=ok intrinsic=ok inference_age_ms=88 target=none transport=False sorting_thread=alive
13:41:02 [v4][heartbeat] enter=True sorting=False cam=LIVE ai=LIVE cam_fps=55.2 pub_fps=30.4 frames=368766 result_subs=1 roi=ok intrinsic=ok inference_age_ms=78 target=none transport=False sorting_thread=alive
13:41:07 [v4][heartbeat] enter=True sorting=False cam=LIVE ai=LIVE cam_fps=57.0 pub_fps=30.2 frames=369051 result_subs=1 roi=ok intrinsic=ok inference_age_ms=102 target=none transport=False sorting_thread=alive
13:41:12 [v4][heartbeat] enter=True sorting=False cam=LIVE ai=LIVE cam_fps=54.0 pub_fps=30.4 frames=369321 result_subs=1 roi=ok intrinsic=ok inference_age_ms=93 target=none transport=False sorting_thread=alive
13:41:17 [v4][heartbeat] enter=True sorting=False cam=LIVE ai=LIVE cam_fps=57.1 pub_fps=30.2 frames=369606 result_subs=1 roi=ok intrinsic=ok inference_age_ms=105 target=none transport=False sorting_thread=alive
13:41:22 [v4][heartbeat] enter=True sorting=False cam=LIVE ai=LIVE cam_fps=54.4 pub_fps=30.4 frames=369878 result_subs=1 roi=ok intrinsic=ok inference_age_ms=100 target=none transport=False sorting_thread=alive
13:41:27 [v4][heartbeat] enter=True sorting=False cam=LIVE ai=LIVE cam_fps=55.4 pub_fps=30.2 frames=370155 result_subs=1 roi=ok intrinsic=ok inference_age_ms=103 target=none transport=False sorting_thread=alive
13:41:32 [v4][heartbeat] enter=True sorting=False cam=LIVE ai=LIVE cam_fps=57.0 pub_fps=30.4 frames=370440 result_subs=1 roi=ok intrinsic=ok inference_age_ms=56 target=none transport=False sorting_thread=alive
13:41:37 [v4][heartbeat] enter=True sorting=False cam=LIVE ai=LIVE cam_fps=53.9 pub_fps=30.2 frames=370709 result_subs=1 roi=ok intrinsic=ok inference_age_ms=91 target=none transport=False sorting_thread=alive
13:41:42 [v4][heartbeat] enter=True sorting=False cam=LIVE ai=LIVE cam_fps=57.4 pub_fps=30.4 frames=370996 result_subs=1 roi=ok intrinsic=ok inference_age_ms=75 target=none transport=False sorting_thread=alive
13:41:47 [v4][heartbeat] enter=True sorting=False cam=LIVE ai=LIVE cam_fps=54.0 pub_fps=30.2 frames=371266 result_subs=1 roi=ok intrinsic=ok inference_age_ms=105 target=none transport=False sorting_thread=alive
13:41:52 [v4][heartbeat] enter=True sorting=False cam=LIVE ai=LIVE cam_fps=55.6 pub_fps=30.4 frames=371544 result_subs=1 roi=ok intrinsic=ok inference_age_ms=107 target=none transport=False sorting_thread=alive
13:41:57 [v4][heartbeat] enter=True sorting=False cam=LIVE ai=LIVE cam_fps=56.2 pub_fps=30.2 frames=371825 result_subs=1 roi=ok intrinsic=ok inference_age_ms=59 target=none transport=False sorting_thread=alive
13:42:02 [v4][heartbeat] enter=True sorting=False cam=LIVE ai=LIVE cam_fps=55.8 pub_fps=30.4 frames=372104 result_subs=1 roi=ok intrinsic=ok inference_age_ms=118 target=none transport=False sorting_thread=alive
13:42:07 [v4][heartbeat] enter=True sorting=False cam=LIVE ai=LIVE cam_fps=57.6 pub_fps=30.2 frames=372392 result_subs=1 roi=ok intrinsic=ok inference_age_ms=103 target=none transport=False sorting_thread=alive
13:42:12 [v4][heartbeat] enter=True sorting=False cam=LIVE ai=LIVE cam_fps=55.4 pub_fps=30.4 frames=372669 result_subs=1 roi=ok intrinsic=ok inference_age_ms=113 target=none transport=False sorting_thread=alive
13:42:17 [v4][heartbeat] enter=True sorting=False cam=LIVE ai=LIVE cam_fps=55.8 pub_fps=30.2 frames=372948 result_subs=1 roi=ok intrinsic=ok inference_age_ms=135 target=none transport=False sorting_thread=alive
13:42:22 [v4][heartbeat] enter=True sorting=False cam=LIVE ai=LIVE cam_fps=57.0 pub_fps=30.4 frames=373233 result_subs=1 roi=ok intrinsic=ok inference_age_ms=81 target=none transport=False sorting_thread=alive
13:42:27 [v4][heartbeat] enter=True sorting=False cam=LIVE ai=LIVE cam_fps=52.8 pub_fps=30.2 frames=373497 result_subs=1 roi=ok intrinsic=ok inference_age_ms=58 target=none transport=False sorting_thread=alive
13:42:32 [v4][heartbeat] enter=True sorting=False cam=LIVE ai=LIVE cam_fps=54.8 pub_fps=30.4 frames=373771 result_subs=1 roi=ok intrinsic=ok inference_age_ms=66 target=none transport=False sorting_thread=alive
13:42:37 [v4][heartbeat] enter=True sorting=False cam=LIVE ai=LIVE cam_fps=54.2 pub_fps=30.2 frames=374042 result_subs=1 roi=ok intrinsic=ok inference_age_ms=116 target=none transport=False sorting_thread=alive
13:42:42 [v4][heartbeat] enter=True sorting=False cam=LIVE ai=LIVE cam_fps=53.0 pub_fps=30.4 frames=374307 result_subs=1 roi=ok intrinsic=ok inference_age_ms=65 target=none transport=False sorting_thread=alive
13:42:47 [v4][heartbeat] enter=True sorting=False cam=LIVE ai=LIVE cam_fps=56.8 pub_fps=30.2 frames=374591 result_subs=1 roi=ok intrinsic=ok inference_age_ms=122 target=none transport=False sorting_thread=alive
13:42:52 [v4][heartbeat] enter=True sorting=False cam=LIVE ai=LIVE cam_fps=55.0 pub_fps=30.4 frames=374866 result_subs=1 roi=ok intrinsic=ok inference_age_ms=51 target=none transport=False sorting_thread=alive
13:42:57 [v4][heartbeat] enter=True sorting=False cam=LIVE ai=LIVE cam_fps=55.7 pub_fps=30.2 frames=375145 result_subs=1 roi=ok intrinsic=ok inference_age_ms=70 target=none transport=False sorting_thread=alive
13:43:02 [v4][heartbeat] enter=True sorting=False cam=LIVE ai=LIVE cam_fps=55.6 pub_fps=30.4 frames=375423 result_subs=1 roi=ok intrinsic=ok inference_age_ms=103 target=none transport=False sorting_thread=alive
13:43:07 [v4][heartbeat] enter=True sorting=False cam=LIVE ai=LIVE cam_fps=56.9 pub_fps=30.2 frames=375707 result_subs=1 roi=ok intrinsic=ok inference_age_ms=59 target=none transport=False sorting_thread=alive
13:43:12 [v4][heartbeat] enter=True sorting=False cam=LIVE ai=LIVE cam_fps=57.0 pub_fps=30.4 frames=375992 result_subs=1 roi=ok intrinsic=ok inference_age_ms=107 target=none transport=False sorting_thread=alive
13:43:17 [v4][heartbeat] enter=True sorting=False cam=LIVE ai=LIVE cam_fps=56.0 pub_fps=30.2 frames=376272 result_subs=1 roi=ok intrinsic=ok inference_age_ms=62 target=none transport=False sorting_thread=alive
13:43:22 [v4][heartbeat] enter=True sorting=False cam=LIVE ai=LIVE cam_fps=55.0 pub_fps=30.4 frames=376547 result_subs=1 roi=ok intrinsic=ok inference_age_ms=90 target=none transport=False sorting_thread=alive
13:43:27 [v4][heartbeat] enter=True sorting=False cam=LIVE ai=LIVE cam_fps=55.6 pub_fps=30.2 frames=376825 result_subs=1 roi=ok intrinsic=ok inference_age_ms=149 target=none transport=False sorting_thread=alive
13:43:32 [v4][heartbeat] enter=True sorting=False cam=LIVE ai=LIVE cam_fps=54.4 pub_fps=30.4 frames=377097 result_subs=1 roi=ok intrinsic=ok inference_age_ms=113 target=none transport=False sorting_thread=alive
13:43:37 [v4][heartbeat] enter=True sorting=False cam=LIVE ai=LIVE cam_fps=57.4 pub_fps=30.4 frames=377384 result_subs=1 roi=ok intrinsic=ok inference_age_ms=92 target=none transport=False sorting_thread=alive
13:43:42 [v4][heartbeat] enter=True sorting=False cam=LIVE ai=LIVE cam_fps=53.8 pub_fps=30.2 frames=377653 result_subs=1 roi=ok intrinsic=ok inference_age_ms=82 target=none transport=False sorting_thread=alive
13:43:47 [v4][heartbeat] enter=True sorting=False cam=LIVE ai=LIVE cam_fps=56.0 pub_fps=30.4 frames=377933 result_subs=1 roi=ok intrinsic=ok inference_age_ms=135 target=none transport=False sorting_thread=alive
13:43:52 [v4][heartbeat] enter=True sorting=False cam=LIVE ai=LIVE cam_fps=55.5 pub_fps=30.2 frames=378210 result_subs=1 roi=ok intrinsic=ok inference_age_ms=95 target=none transport=False sorting_thread=alive
13:43:57 [v4][heartbeat] enter=True sorting=False cam=LIVE ai=LIVE cam_fps=54.2 pub_fps=30.4 frames=378481 result_subs=1 roi=ok intrinsic=ok inference_age_ms=74 target=none transport=False sorting_thread=alive
13:44:02 [v4][heartbeat] enter=True sorting=False cam=LIVE ai=LIVE cam_fps=57.6 pub_fps=30.2 frames=378769 result_subs=1 roi=ok intrinsic=ok inference_age_ms=96 target=none transport=False sorting_thread=alive
13:44:07 [v4][heartbeat] enter=True sorting=False cam=LIVE ai=LIVE cam_fps=53.2 pub_fps=30.4 frames=379035 result_subs=1 roi=ok intrinsic=ok inference_age_ms=118 target=none transport=False sorting_thread=alive
13:44:12 [v4][heartbeat] enter=True sorting=False cam=LIVE ai=LIVE cam_fps=54.7 pub_fps=30.2 frames=379308 result_subs=1 roi=ok intrinsic=ok inference_age_ms=67 target=none transport=False sorting_thread=alive
13:44:17 [v4][heartbeat] enter=True sorting=False cam=LIVE ai=LIVE cam_fps=56.5 pub_fps=30.4 frames=379591 result_subs=1 roi=ok intrinsic=ok inference_age_ms=100 target=none transport=False sorting_thread=alive
13:44:22 [v4][heartbeat] enter=True sorting=False cam=LIVE ai=LIVE cam_fps=53.9 pub_fps=30.2 frames=379860 result_subs=1 roi=ok intrinsic=ok inference_age_ms=116 target=none transport=False sorting_thread=alive
13:44:27 [v4][heartbeat] enter=True sorting=False cam=LIVE ai=LIVE cam_fps=56.4 pub_fps=30.4 frames=380142 result_subs=1 roi=ok intrinsic=ok inference_age_ms=123 target=none transport=False sorting_thread=alive
13:44:32 [v4][heartbeat] enter=True sorting=False cam=LIVE ai=LIVE cam_fps=55.2 pub_fps=30.2 frames=380418 result_subs=1 roi=ok intrinsic=ok inference_age_ms=93 target=none transport=False sorting_thread=alive
13:44:37 [v4][heartbeat] enter=True sorting=False cam=LIVE ai=LIVE cam_fps=57.0 pub_fps=30.4 frames=380703 result_subs=1 roi=ok intrinsic=ok inference_age_ms=105 target=none transport=False sorting_thread=alive
13:44:42 [v4][heartbeat] enter=True sorting=False cam=LIVE ai=LIVE cam_fps=58.8 pub_fps=30.2 frames=380997 result_subs=1 roi=ok intrinsic=ok inference_age_ms=116 target=none transport=False sorting_thread=alive
13:44:47 [v4][heartbeat] enter=True sorting=False cam=LIVE ai=LIVE cam_fps=54.0 pub_fps=30.4 frames=381267 result_subs=1 roi=ok intrinsic=ok inference_age_ms=80 target=none transport=False sorting_thread=alive
13:44:52 [v4][heartbeat] enter=True sorting=False cam=LIVE ai=LIVE cam_fps=55.2 pub_fps=30.2 frames=381543 result_subs=1 roi=ok intrinsic=ok inference_age_ms=128 target=none transport=False sorting_thread=alive
13:44:57 [v4][heartbeat] enter=True sorting=False cam=LIVE ai=LIVE cam_fps=53.8 pub_fps=30.4 frames=381812 result_subs=1 roi=ok intrinsic=ok inference_age_ms=90 target=none transport=False sorting_thread=alive
13:45:02 [v4][heartbeat] enter=True sorting=False cam=LIVE ai=LIVE cam_fps=54.2 pub_fps=30.2 frames=382083 result_subs=1 roi=ok intrinsic=ok inference_age_ms=126 target=none transport=False sorting_thread=alive
13:45:07 [v4][heartbeat] enter=True sorting=False cam=LIVE ai=LIVE cam_fps=57.3 pub_fps=30.4 frames=382370 result_subs=1 roi=ok intrinsic=ok inference_age_ms=61 target=none transport=False sorting_thread=alive
13:45:12 [v4][heartbeat] enter=True sorting=False cam=LIVE ai=LIVE cam_fps=53.6 pub_fps=30.2 frames=382638 result_subs=1 roi=ok intrinsic=ok inference_age_ms=107 target=none transport=False sorting_thread=alive
13:45:17 [v4][heartbeat] enter=True sorting=False cam=LIVE ai=LIVE cam_fps=55.2 pub_fps=30.4 frames=382914 result_subs=1 roi=ok intrinsic=ok inference_age_ms=115 target=none transport=False sorting_thread=alive
13:45:22 [v4][heartbeat] enter=True sorting=False cam=LIVE ai=LIVE cam_fps=54.2 pub_fps=30.2 frames=383185 result_subs=1 roi=ok intrinsic=ok inference_age_ms=95 target=none transport=False sorting_thread=alive
13:45:27 [v4][heartbeat] enter=True sorting=False cam=LIVE ai=LIVE cam_fps=53.7 pub_fps=30.4 frames=383454 result_subs=1 roi=ok intrinsic=ok inference_age_ms=78 target=none transport=False sorting_thread=alive
13:45:32 [v4][heartbeat] enter=True sorting=False cam=LIVE ai=LIVE cam_fps=57.3 pub_fps=30.2 frames=383740 result_subs=1 roi=ok intrinsic=ok inference_age_ms=86 target=none transport=False sorting_thread=alive
13:45:37 [v4][heartbeat] enter=True sorting=False cam=LIVE ai=LIVE cam_fps=55.8 pub_fps=30.4 frames=384019 result_subs=1 roi=ok intrinsic=ok inference_age_ms=107 target=none transport=False sorting_thread=alive
13:45:42 [v4][heartbeat] enter=True sorting=False cam=LIVE ai=LIVE cam_fps=56.8 pub_fps=30.2 frames=384303 result_subs=1 roi=ok intrinsic=ok inference_age_ms=77 target=none transport=False sorting_thread=alive
13:45:47 [v4][heartbeat] enter=True sorting=False cam=LIVE ai=LIVE cam_fps=56.2 pub_fps=30.4 frames=384584 result_subs=1 roi=ok intrinsic=ok inference_age_ms=107 target=none transport=False sorting_thread=alive
13:45:52 [v4][heartbeat] enter=True sorting=False cam=LIVE ai=LIVE cam_fps=55.6 pub_fps=30.2 frames=384862 result_subs=1 roi=ok intrinsic=ok inference_age_ms=101 target=none transport=False sorting_thread=alive
13:45:57 [v4][heartbeat] enter=True sorting=False cam=LIVE ai=LIVE cam_fps=55.0 pub_fps=30.4 frames=385137 result_subs=1 roi=ok intrinsic=ok inference_age_ms=60 target=none transport=False sorting_thread=alive
13:46:02 [v4][heartbeat] enter=True sorting=False cam=LIVE ai=LIVE cam_fps=54.6 pub_fps=30.2 frames=385410 result_subs=1 roi=ok intrinsic=ok inference_age_ms=99 target=none transport=False sorting_thread=alive
13:46:07 [v4][heartbeat] enter=True sorting=False cam=LIVE ai=LIVE cam_fps=54.0 pub_fps=30.4 frames=385680 result_subs=1 roi=ok intrinsic=ok inference_age_ms=133 target=none transport=False sorting_thread=alive
13:46:12 [v4][heartbeat] enter=True sorting=False cam=LIVE ai=LIVE cam_fps=56.8 pub_fps=30.4 frames=385964 result_subs=1 roi=ok intrinsic=ok inference_age_ms=60 target=none transport=False sorting_thread=alive
13:46:17 [v4][heartbeat] enter=True sorting=False cam=LIVE ai=LIVE cam_fps=53.6 pub_fps=30.2 frames=386232 result_subs=1 roi=ok intrinsic=ok inference_age_ms=68 target=none transport=False sorting_thread=alive
13:46:22 [v4][heartbeat] enter=True sorting=False cam=LIVE ai=LIVE cam_fps=55.1 pub_fps=30.4 frames=386508 result_subs=1 roi=ok intrinsic=ok inference_age_ms=76 target=none transport=False sorting_thread=alive
13:46:27 [v4][heartbeat] enter=True sorting=False cam=LIVE ai=LIVE cam_fps=52.8 pub_fps=30.2 frames=386772 result_subs=1 roi=ok intrinsic=ok inference_age_ms=94 target=none transport=False sorting_thread=alive
13:46:32 [v4][heartbeat] enter=True sorting=False cam=LIVE ai=LIVE cam_fps=55.8 pub_fps=30.4 frames=387051 result_subs=1 roi=ok intrinsic=ok inference_age_ms=111 target=none transport=False sorting_thread=alive
13:46:37 [v4][heartbeat] enter=True sorting=False cam=LIVE ai=LIVE cam_fps=56.9 pub_fps=30.2 frames=387335 result_subs=1 roi=ok intrinsic=ok inference_age_ms=86 target=none transport=False sorting_thread=alive
13:46:42 [v4][heartbeat] enter=True sorting=False cam=LIVE ai=LIVE cam_fps=54.2 pub_fps=30.4 frames=387606 result_subs=1 roi=ok intrinsic=ok inference_age_ms=117 target=none transport=False sorting_thread=alive
13:46:47 [v4][heartbeat] enter=True sorting=False cam=LIVE ai=LIVE cam_fps=54.1 pub_fps=30.2 frames=387876 result_subs=1 roi=ok intrinsic=ok inference_age_ms=121 target=none transport=False sorting_thread=alive
13:46:52 [v4][heartbeat] enter=True sorting=False cam=LIVE ai=LIVE cam_fps=54.2 pub_fps=30.4 frames=388147 result_subs=1 roi=ok intrinsic=ok inference_age_ms=77 target=none transport=False sorting_thread=alive
13:46:57 [v4][heartbeat] enter=True sorting=False cam=LIVE ai=LIVE cam_fps=54.8 pub_fps=30.2 frames=388421 result_subs=1 roi=ok intrinsic=ok inference_age_ms=57 target=none transport=False sorting_thread=alive
13:47:02 [v4][heartbeat] enter=True sorting=False cam=LIVE ai=LIVE cam_fps=57.0 pub_fps=30.4 frames=388706 result_subs=1 roi=ok intrinsic=ok inference_age_ms=123 target=none transport=False sorting_thread=alive
13:47:07 [v4][heartbeat] enter=True sorting=False cam=LIVE ai=LIVE cam_fps=53.8 pub_fps=30.2 frames=388975 result_subs=1 roi=ok intrinsic=ok inference_age_ms=59 target=none transport=False sorting_thread=alive
13:47:12 [v4][heartbeat] enter=True sorting=False cam=LIVE ai=LIVE cam_fps=56.6 pub_fps=30.4 frames=389258 result_subs=1 roi=ok intrinsic=ok inference_age_ms=114 target=none transport=False sorting_thread=alive
13:47:17 [v4][heartbeat] enter=True sorting=False cam=LIVE ai=LIVE cam_fps=57.2 pub_fps=30.2 frames=389544 result_subs=1 roi=ok intrinsic=ok inference_age_ms=125 target=none transport=False sorting_thread=alive
13:47:22 [v4][heartbeat] enter=True sorting=False cam=LIVE ai=LIVE cam_fps=54.1 pub_fps=30.4 frames=389815 result_subs=1 roi=ok intrinsic=ok inference_age_ms=70 target=none transport=False sorting_thread=alive
13:47:27 [v4][heartbeat] enter=True sorting=False cam=LIVE ai=LIVE cam_fps=57.1 pub_fps=30.2 frames=390100 result_subs=1 roi=ok intrinsic=ok inference_age_ms=50 target=none transport=False sorting_thread=alive
13:47:32 [v4][heartbeat] enter=True sorting=False cam=LIVE ai=LIVE cam_fps=56.2 pub_fps=30.4 frames=390381 result_subs=1 roi=ok intrinsic=ok inference_age_ms=56 target=none transport=False sorting_thread=alive
13:47:37 [v4][heartbeat] enter=True sorting=False cam=LIVE ai=LIVE cam_fps=55.4 pub_fps=30.2 frames=390658 result_subs=1 roi=ok intrinsic=ok inference_age_ms=122 target=none transport=False sorting_thread=alive
13:47:42 [v4][heartbeat] enter=True sorting=False cam=LIVE ai=LIVE cam_fps=56.6 pub_fps=30.4 frames=390941 result_subs=1 roi=ok intrinsic=ok inference_age_ms=54 target=none transport=False sorting_thread=alive
13:47:47 [v4][heartbeat] enter=True sorting=False cam=LIVE ai=LIVE cam_fps=53.8 pub_fps=30.2 frames=391210 result_subs=1 roi=ok intrinsic=ok inference_age_ms=104 target=none transport=False sorting_thread=alive
13:47:52 [v4][heartbeat] enter=True sorting=False cam=LIVE ai=LIVE cam_fps=55.2 pub_fps=30.4 frames=391486 result_subs=1 roi=ok intrinsic=ok inference_age_ms=104 target=none transport=False sorting_thread=alive
13:47:57 [v4][heartbeat] enter=True sorting=False cam=LIVE ai=LIVE cam_fps=54.8 pub_fps=30.2 frames=391760 result_subs=1 roi=ok intrinsic=ok inference_age_ms=76 target=none transport=False sorting_thread=alive
13:48:02 [v4][heartbeat] enter=True sorting=False cam=LIVE ai=LIVE cam_fps=53.2 pub_fps=30.4 frames=392026 result_subs=1 roi=ok intrinsic=ok inference_age_ms=96 target=none transport=False sorting_thread=alive
13:48:07 [v4][heartbeat] enter=True sorting=False cam=LIVE ai=LIVE cam_fps=55.6 pub_fps=30.2 frames=392304 result_subs=1 roi=ok intrinsic=ok inference_age_ms=116 target=none transport=False sorting_thread=alive
13:48:12 [v4][heartbeat] enter=True sorting=False cam=LIVE ai=LIVE cam_fps=53.8 pub_fps=30.4 frames=392573 result_subs=1 roi=ok intrinsic=ok inference_age_ms=124 target=none transport=False sorting_thread=alive
13:48:17 [v4][heartbeat] enter=True sorting=False cam=LIVE ai=LIVE cam_fps=57.4 pub_fps=30.2 frames=392860 result_subs=1 roi=ok intrinsic=ok inference_age_ms=77 target=none transport=False sorting_thread=alive
13:48:22 [v4][heartbeat] enter=True sorting=False cam=LIVE ai=LIVE cam_fps=53.2 pub_fps=30.4 frames=393126 result_subs=1 roi=ok intrinsic=ok inference_age_ms=83 target=none transport=False sorting_thread=alive
13:48:27 [v4][heartbeat] enter=True sorting=False cam=LIVE ai=LIVE cam_fps=55.4 pub_fps=30.2 frames=393403 result_subs=1 roi=ok intrinsic=ok inference_age_ms=61 target=none transport=False sorting_thread=alive
13:48:32 [v4][heartbeat] enter=True sorting=False cam=LIVE ai=LIVE cam_fps=56.8 pub_fps=30.4 frames=393687 result_subs=1 roi=ok intrinsic=ok inference_age_ms=74 target=none transport=False sorting_thread=alive
13:48:37 [v4][heartbeat] enter=True sorting=False cam=LIVE ai=LIVE cam_fps=55.2 pub_fps=30.2 frames=393963 result_subs=1 roi=ok intrinsic=ok inference_age_ms=69 target=none transport=False sorting_thread=alive
13:48:42 [v4][heartbeat] enter=True sorting=False cam=LIVE ai=LIVE cam_fps=54.4 pub_fps=30.4 frames=394235 result_subs=1 roi=ok intrinsic=ok inference_age_ms=110 target=none transport=False sorting_thread=alive
13:48:47 [v4][heartbeat] enter=True sorting=False cam=LIVE ai=LIVE cam_fps=55.8 pub_fps=30.2 frames=394514 result_subs=1 roi=ok intrinsic=ok inference_age_ms=107 target=none transport=False sorting_thread=alive
13:48:52 [v4][heartbeat] enter=True sorting=False cam=LIVE ai=LIVE cam_fps=53.6 pub_fps=30.4 frames=394782 result_subs=1 roi=ok intrinsic=ok inference_age_ms=49 target=none transport=False sorting_thread=alive
13:48:57 [v4][heartbeat] enter=True sorting=False cam=LIVE ai=LIVE cam_fps=58.3 pub_fps=30.4 frames=395074 result_subs=1 roi=ok intrinsic=ok inference_age_ms=154 target=none transport=False sorting_thread=alive
13:49:02 [v4][heartbeat] enter=True sorting=False cam=LIVE ai=LIVE cam_fps=56.5 pub_fps=30.2 frames=395356 result_subs=1 roi=ok intrinsic=ok inference_age_ms=77 target=none transport=False sorting_thread=alive
13:49:07 [v4][heartbeat] enter=True sorting=False cam=LIVE ai=LIVE cam_fps=56.0 pub_fps=30.2 frames=395636 result_subs=1 roi=ok intrinsic=ok inference_age_ms=87 target=none transport=False sorting_thread=alive
13:49:12 [v4][heartbeat] enter=True sorting=False cam=LIVE ai=LIVE cam_fps=56.2 pub_fps=30.4 frames=395917 result_subs=1 roi=ok intrinsic=ok inference_age_ms=90 target=none transport=False sorting_thread=alive
13:49:17 [v4][heartbeat] enter=True sorting=False cam=LIVE ai=LIVE cam_fps=53.6 pub_fps=30.4 frames=396185 result_subs=1 roi=ok intrinsic=ok inference_age_ms=95 target=none transport=False sorting_thread=alive
13:49:22 [v4][heartbeat] enter=True sorting=False cam=LIVE ai=LIVE cam_fps=56.8 pub_fps=30.2 frames=396469 result_subs=1 roi=ok intrinsic=ok inference_age_ms=74 target=none transport=False sorting_thread=alive
13:49:27 [v4][heartbeat] enter=True sorting=False cam=LIVE ai=LIVE cam_fps=55.7 pub_fps=30.4 frames=396748 result_subs=1 roi=ok intrinsic=ok inference_age_ms=64 target=none transport=False sorting_thread=alive
13:49:32 [v4][heartbeat] enter=True sorting=False cam=LIVE ai=LIVE cam_fps=54.1 pub_fps=30.2 frames=397018 result_subs=1 roi=ok intrinsic=ok inference_age_ms=71 target=none transport=False sorting_thread=alive
13:49:37 [v4][heartbeat] enter=True sorting=False cam=LIVE ai=LIVE cam_fps=56.5 pub_fps=30.4 frames=397301 result_subs=1 roi=ok intrinsic=ok inference_age_ms=74 target=none transport=False sorting_thread=alive
13:49:42 [v4][heartbeat] enter=True sorting=False cam=LIVE ai=LIVE cam_fps=52.0 pub_fps=30.2 frames=397561 result_subs=1 roi=ok intrinsic=ok inference_age_ms=143 target=none transport=False sorting_thread=alive
13:49:47 [v4][heartbeat] enter=True sorting=False cam=LIVE ai=LIVE cam_fps=56.6 pub_fps=30.4 frames=397844 result_subs=1 roi=ok intrinsic=ok inference_age_ms=119 target=none transport=False sorting_thread=alive
13:49:52 [v4][heartbeat] enter=True sorting=False cam=LIVE ai=LIVE cam_fps=54.9 pub_fps=30.2 frames=398118 result_subs=1 roi=ok intrinsic=ok inference_age_ms=80 target=none transport=False sorting_thread=alive
13:49:57 [v4][heartbeat] enter=True sorting=False cam=LIVE ai=LIVE cam_fps=55.4 pub_fps=30.4 frames=398395 result_subs=1 roi=ok intrinsic=ok inference_age_ms=55 target=none transport=False sorting_thread=alive
13:50:02 [v4][heartbeat] enter=True sorting=False cam=LIVE ai=LIVE cam_fps=56.6 pub_fps=30.2 frames=398678 result_subs=1 roi=ok intrinsic=ok inference_age_ms=86 target=none transport=False sorting_thread=alive
13:50:07 [v4][heartbeat] enter=True sorting=False cam=LIVE ai=LIVE cam_fps=56.0 pub_fps=30.4 frames=398958 result_subs=1 roi=ok intrinsic=ok inference_age_ms=77 target=none transport=False sorting_thread=alive
13:50:12 [v4][heartbeat] enter=True sorting=False cam=LIVE ai=LIVE cam_fps=56.6 pub_fps=30.2 frames=399241 result_subs=1 roi=ok intrinsic=ok inference_age_ms=110 target=none transport=False sorting_thread=alive
13:50:17 [v4][heartbeat] enter=True sorting=False cam=LIVE ai=LIVE cam_fps=57.4 pub_fps=30.4 frames=399528 result_subs=1 roi=ok intrinsic=ok inference_age_ms=91 target=none transport=False sorting_thread=alive
13:50:22 [v4][heartbeat] enter=True sorting=False cam=LIVE ai=LIVE cam_fps=54.6 pub_fps=30.2 frames=399801 result_subs=1 roi=ok intrinsic=ok inference_age_ms=83 target=none transport=False sorting_thread=alive
13:50:27 [v4][heartbeat] enter=True sorting=False cam=LIVE ai=LIVE cam_fps=56.8 pub_fps=30.4 frames=400085 result_subs=1 roi=ok intrinsic=ok inference_age_ms=59 target=none transport=False sorting_thread=alive
13:50:32 [v4][heartbeat] enter=True sorting=False cam=LIVE ai=LIVE cam_fps=56.3 pub_fps=30.2 frames=400366 result_subs=1 roi=ok intrinsic=ok inference_age_ms=100 target=none transport=False sorting_thread=alive
13:50:37 [v4][heartbeat] enter=True sorting=False cam=LIVE ai=LIVE cam_fps=53.2 pub_fps=30.4 frames=400632 result_subs=1 roi=ok intrinsic=ok inference_age_ms=116 target=none transport=False sorting_thread=alive
13:50:42 [v4][heartbeat] enter=True sorting=False cam=LIVE ai=LIVE cam_fps=56.4 pub_fps=30.2 frames=400914 result_subs=1 roi=ok intrinsic=ok inference_age_ms=104 target=none transport=False sorting_thread=alive
13:50:47 [v4][heartbeat] enter=True sorting=False cam=LIVE ai=LIVE cam_fps=54.4 pub_fps=30.4 frames=401186 result_subs=1 roi=ok intrinsic=ok inference_age_ms=92 target=none transport=False sorting_thread=alive
13:50:52 [v4][heartbeat] enter=True sorting=False cam=LIVE ai=LIVE cam_fps=56.2 pub_fps=30.2 frames=401467 result_subs=1 roi=ok intrinsic=ok inference_age_ms=67 target=none transport=False sorting_thread=alive
13:50:57 [v4][heartbeat] enter=True sorting=False cam=LIVE ai=LIVE cam_fps=55.5 pub_fps=30.3 frames=401745 result_subs=1 roi=ok intrinsic=ok inference_age_ms=68 target=none transport=False sorting_thread=alive
13:51:02 [v4][heartbeat] enter=True sorting=False cam=LIVE ai=LIVE cam_fps=55.3 pub_fps=30.3 frames=402021 result_subs=1 roi=ok intrinsic=ok inference_age_ms=64 target=none transport=False sorting_thread=alive
13:51:07 [v4][heartbeat] enter=True sorting=False cam=LIVE ai=LIVE cam_fps=56.0 pub_fps=30.4 frames=402301 result_subs=1 roi=ok intrinsic=ok inference_age_ms=122 target=none transport=False sorting_thread=alive
13:51:12 [v4][heartbeat] enter=True sorting=False cam=LIVE ai=LIVE cam_fps=52.4 pub_fps=30.2 frames=402563 result_subs=1 roi=ok intrinsic=ok inference_age_ms=87 target=none transport=False sorting_thread=alive
13:51:17 [v4][heartbeat] enter=True sorting=False cam=LIVE ai=LIVE cam_fps=56.8 pub_fps=30.4 frames=402847 result_subs=1 roi=ok intrinsic=ok inference_age_ms=65 target=none transport=False sorting_thread=alive
13:51:22 [v4][heartbeat] enter=True sorting=False cam=LIVE ai=LIVE cam_fps=54.6 pub_fps=30.2 frames=403120 result_subs=1 roi=ok intrinsic=ok inference_age_ms=103 target=none transport=False sorting_thread=alive
13:51:27 [v4][heartbeat] enter=True sorting=False cam=LIVE ai=LIVE cam_fps=56.0 pub_fps=30.4 frames=403400 result_subs=1 roi=ok intrinsic=ok inference_age_ms=116 target=none transport=False sorting_thread=alive
13:51:32 [v4][heartbeat] enter=True sorting=False cam=LIVE ai=LIVE cam_fps=55.8 pub_fps=30.2 frames=403679 result_subs=1 roi=ok intrinsic=ok inference_age_ms=79 target=none transport=False sorting_thread=alive
13:51:37 [v4][heartbeat] enter=True sorting=False cam=LIVE ai=LIVE cam_fps=55.4 pub_fps=30.4 frames=403956 result_subs=1 roi=ok intrinsic=ok inference_age_ms=115 target=none transport=False sorting_thread=alive
13:51:42 [v4][heartbeat] enter=True sorting=False cam=LIVE ai=LIVE cam_fps=57.0 pub_fps=30.2 frames=404241 result_subs=1 roi=ok intrinsic=ok inference_age_ms=71 target=none transport=False sorting_thread=alive
13:51:47 [v4][heartbeat] enter=True sorting=False cam=LIVE ai=LIVE cam_fps=54.8 pub_fps=30.4 frames=404515 result_subs=1 roi=ok intrinsic=ok inference_age_ms=88 target=none transport=False sorting_thread=alive
13:51:52 [v4][heartbeat] enter=True sorting=False cam=LIVE ai=LIVE cam_fps=55.3 pub_fps=30.2 frames=404792 result_subs=1 roi=ok intrinsic=ok inference_age_ms=82 target=none transport=False sorting_thread=alive
13:51:57 [v4][heartbeat] enter=True sorting=False cam=LIVE ai=LIVE cam_fps=55.5 pub_fps=30.4 frames=405069 result_subs=1 roi=ok intrinsic=ok inference_age_ms=100 target=none transport=False sorting_thread=alive
13:52:02 [v4][heartbeat] enter=True sorting=False cam=LIVE ai=LIVE cam_fps=53.6 pub_fps=30.4 frames=405337 result_subs=1 roi=ok intrinsic=ok inference_age_ms=77 target=none transport=False sorting_thread=alive
13:52:07 [v4][heartbeat] enter=True sorting=False cam=LIVE ai=LIVE cam_fps=56.2 pub_fps=30.2 frames=405618 result_subs=1 roi=ok intrinsic=ok inference_age_ms=87 target=none transport=False sorting_thread=alive
13:52:12 [v4][heartbeat] enter=True sorting=False cam=LIVE ai=LIVE cam_fps=55.4 pub_fps=30.2 frames=405895 result_subs=1 roi=ok intrinsic=ok inference_age_ms=96 target=none transport=False sorting_thread=alive
13:52:17 [v4][heartbeat] enter=True sorting=False cam=LIVE ai=LIVE cam_fps=54.2 pub_fps=30.4 frames=406166 result_subs=1 roi=ok intrinsic=ok inference_age_ms=132 target=none transport=False sorting_thread=alive
13:52:22 [v4][heartbeat] enter=True sorting=False cam=LIVE ai=LIVE cam_fps=54.5 pub_fps=30.4 frames=406439 result_subs=1 roi=ok intrinsic=ok inference_age_ms=61 target=none transport=False sorting_thread=alive
13:52:27 [v4][heartbeat] enter=True sorting=False cam=LIVE ai=LIVE cam_fps=54.5 pub_fps=30.2 frames=406711 result_subs=1 roi=ok intrinsic=ok inference_age_ms=54 target=none transport=False sorting_thread=alive
13:52:32 [v4][heartbeat] enter=True sorting=False cam=LIVE ai=LIVE cam_fps=56.5 pub_fps=30.4 frames=406994 result_subs=1 roi=ok intrinsic=ok inference_age_ms=133 target=none transport=False sorting_thread=alive
13:52:37 [v4][heartbeat] enter=True sorting=False cam=LIVE ai=LIVE cam_fps=56.2 pub_fps=30.2 frames=407275 result_subs=1 roi=ok intrinsic=ok inference_age_ms=84 target=none transport=False sorting_thread=alive
13:52:42 [v4][heartbeat] enter=True sorting=False cam=LIVE ai=LIVE cam_fps=53.8 pub_fps=30.4 frames=407544 result_subs=1 roi=ok intrinsic=ok inference_age_ms=127 target=none transport=False sorting_thread=alive
13:52:47 [v4][heartbeat] enter=True sorting=False cam=LIVE ai=LIVE cam_fps=56.8 pub_fps=30.2 frames=407828 result_subs=1 roi=ok intrinsic=ok inference_age_ms=137 target=none transport=False sorting_thread=alive
13:52:52 [v4][heartbeat] enter=True sorting=False cam=LIVE ai=LIVE cam_fps=54.2 pub_fps=30.4 frames=408099 result_subs=1 roi=ok intrinsic=ok inference_age_ms=112 target=none transport=False sorting_thread=alive
13:52:57 [v4][heartbeat] enter=True sorting=False cam=LIVE ai=LIVE cam_fps=54.6 pub_fps=30.2 frames=408372 result_subs=1 roi=ok intrinsic=ok inference_age_ms=140 target=none transport=False sorting_thread=alive
13:53:02 [v4][heartbeat] enter=True sorting=False cam=LIVE ai=LIVE cam_fps=55.2 pub_fps=30.4 frames=408648 result_subs=1 roi=ok intrinsic=ok inference_age_ms=99 target=none transport=False sorting_thread=alive
13:53:07 [v4][heartbeat] enter=True sorting=False cam=LIVE ai=LIVE cam_fps=54.8 pub_fps=30.2 frames=408922 result_subs=1 roi=ok intrinsic=ok inference_age_ms=104 target=none transport=False sorting_thread=alive
13:53:12 [v4][heartbeat] enter=True sorting=False cam=LIVE ai=LIVE cam_fps=57.1 pub_fps=30.3 frames=409208 result_subs=1 roi=ok intrinsic=ok inference_age_ms=111 target=none transport=False sorting_thread=alive
13:53:17 [v4][heartbeat] enter=True sorting=False cam=LIVE ai=LIVE cam_fps=54.5 pub_fps=30.2 frames=409480 result_subs=1 roi=ok intrinsic=ok inference_age_ms=126 target=none transport=False sorting_thread=alive
13:53:22 [v4][heartbeat] enter=True sorting=False cam=LIVE ai=LIVE cam_fps=54.9 pub_fps=30.4 frames=409755 result_subs=1 roi=ok intrinsic=ok inference_age_ms=98 target=none transport=False sorting_thread=alive
13:53:27 [v4][heartbeat] enter=True sorting=False cam=LIVE ai=LIVE cam_fps=54.1 pub_fps=30.2 frames=410025 result_subs=1 roi=ok intrinsic=ok inference_age_ms=107 target=none transport=False sorting_thread=alive
13:53:32 [v4][heartbeat] enter=True sorting=False cam=LIVE ai=LIVE cam_fps=54.2 pub_fps=30.4 frames=410296 result_subs=1 roi=ok intrinsic=ok inference_age_ms=60 target=none transport=False sorting_thread=alive
13:53:37 [v4][heartbeat] enter=True sorting=False cam=LIVE ai=LIVE cam_fps=56.0 pub_fps=30.2 frames=410576 result_subs=1 roi=ok intrinsic=ok inference_age_ms=52 target=none transport=False sorting_thread=alive
13:53:42 [v4][heartbeat] enter=True sorting=False cam=LIVE ai=LIVE cam_fps=52.4 pub_fps=30.4 frames=410838 result_subs=1 roi=ok intrinsic=ok inference_age_ms=101 target=none transport=False sorting_thread=alive
13:53:47 [v4][heartbeat] enter=True sorting=False cam=LIVE ai=LIVE cam_fps=56.2 pub_fps=30.2 frames=411119 result_subs=1 roi=ok intrinsic=ok inference_age_ms=71 target=none transport=False sorting_thread=alive
13:53:52 [v4][heartbeat] enter=True sorting=False cam=LIVE ai=LIVE cam_fps=56.2 pub_fps=30.4 frames=411400 result_subs=1 roi=ok intrinsic=ok inference_age_ms=136 target=none transport=False sorting_thread=alive
13:53:57 [v4][heartbeat] enter=True sorting=False cam=LIVE ai=LIVE cam_fps=54.8 pub_fps=30.2 frames=411674 result_subs=1 roi=ok intrinsic=ok inference_age_ms=74 target=none transport=False sorting_thread=alive
13:54:02 [v4][heartbeat] enter=True sorting=False cam=LIVE ai=LIVE cam_fps=55.9 pub_fps=30.4 frames=411954 result_subs=1 roi=ok intrinsic=ok inference_age_ms=60 target=none transport=False sorting_thread=alive
13:54:07 [v4][heartbeat] enter=True sorting=False cam=LIVE ai=LIVE cam_fps=54.9 pub_fps=30.2 frames=412228 result_subs=1 roi=ok intrinsic=ok inference_age_ms=114 target=none transport=False sorting_thread=alive
13:54:12 [v4][heartbeat] enter=True sorting=False cam=LIVE ai=LIVE cam_fps=53.0 pub_fps=30.4 frames=412493 result_subs=1 roi=ok intrinsic=ok inference_age_ms=83 target=none transport=False sorting_thread=alive
13:54:17 [v4][heartbeat] enter=True sorting=False cam=LIVE ai=LIVE cam_fps=55.8 pub_fps=30.2 frames=412772 result_subs=1 roi=ok intrinsic=ok inference_age_ms=89 target=none transport=False sorting_thread=alive
13:54:22 [v4][heartbeat] enter=True sorting=False cam=LIVE ai=LIVE cam_fps=53.4 pub_fps=30.4 frames=413039 result_subs=1 roi=ok intrinsic=ok inference_age_ms=73 target=none transport=False sorting_thread=alive
13:54:27 [v4][heartbeat] enter=True sorting=False cam=LIVE ai=LIVE cam_fps=57.8 pub_fps=30.4 frames=413328 result_subs=1 roi=ok intrinsic=ok inference_age_ms=89 target=none transport=False sorting_thread=alive
13:54:32 [v4][heartbeat] enter=True sorting=False cam=LIVE ai=LIVE cam_fps=56.2 pub_fps=30.2 frames=413609 result_subs=1 roi=ok intrinsic=ok inference_age_ms=116 target=none transport=False sorting_thread=alive
13:54:37 [v4][heartbeat] enter=True sorting=False cam=LIVE ai=LIVE cam_fps=55.2 pub_fps=30.4 frames=413885 result_subs=1 roi=ok intrinsic=ok inference_age_ms=86 target=none transport=False sorting_thread=alive
13:54:42 [v4][heartbeat] enter=True sorting=False cam=LIVE ai=LIVE cam_fps=57.3 pub_fps=30.2 frames=414171 result_subs=1 roi=ok intrinsic=ok inference_age_ms=135 target=none transport=False sorting_thread=alive
13:54:47 [v4][heartbeat] enter=True sorting=False cam=LIVE ai=LIVE cam_fps=52.0 pub_fps=30.4 frames=414431 result_subs=1 roi=ok intrinsic=ok inference_age_ms=103 target=none transport=False sorting_thread=alive
13:54:52 [v4][heartbeat] enter=True sorting=False cam=LIVE ai=LIVE cam_fps=57.2 pub_fps=30.2 frames=414717 result_subs=1 roi=ok intrinsic=ok inference_age_ms=94 target=none transport=False sorting_thread=alive
13:54:57 [v4][heartbeat] enter=True sorting=False cam=LIVE ai=LIVE cam_fps=58.2 pub_fps=30.4 frames=415008 result_subs=1 roi=ok intrinsic=ok inference_age_ms=66 target=none transport=False sorting_thread=alive
13:55:02 [v4][heartbeat] enter=True sorting=False cam=LIVE ai=LIVE cam_fps=54.2 pub_fps=30.2 frames=415279 result_subs=1 roi=ok intrinsic=ok inference_age_ms=72 target=none transport=False sorting_thread=alive
13:55:07 [v4][heartbeat] enter=True sorting=False cam=LIVE ai=LIVE cam_fps=56.7 pub_fps=30.4 frames=415563 result_subs=1 roi=ok intrinsic=ok inference_age_ms=124 target=none transport=False sorting_thread=alive
13:55:12 [v4][heartbeat] enter=True sorting=False cam=LIVE ai=LIVE cam_fps=54.6 pub_fps=30.2 frames=415836 result_subs=1 roi=ok intrinsic=ok inference_age_ms=124 target=none transport=False sorting_thread=alive
13:55:17 [v4][heartbeat] enter=True sorting=False cam=LIVE ai=LIVE cam_fps=57.0 pub_fps=30.4 frames=416121 result_subs=1 roi=ok intrinsic=ok inference_age_ms=73 target=none transport=False sorting_thread=alive
13:55:22 [v4][heartbeat] enter=True sorting=False cam=LIVE ai=LIVE cam_fps=55.0 pub_fps=30.2 frames=416396 result_subs=1 roi=ok intrinsic=ok inference_age_ms=47 target=none transport=False sorting_thread=alive
13:55:27 [v4][heartbeat] enter=True sorting=False cam=LIVE ai=LIVE cam_fps=53.0 pub_fps=30.4 frames=416661 result_subs=1 roi=ok intrinsic=ok inference_age_ms=78 target=none transport=False sorting_thread=alive
13:55:32 [v4][heartbeat] enter=True sorting=False cam=LIVE ai=LIVE cam_fps=56.2 pub_fps=30.2 frames=416942 result_subs=1 roi=ok intrinsic=ok inference_age_ms=137 target=none transport=False sorting_thread=alive
13:55:37 [v4][heartbeat] enter=True sorting=False cam=LIVE ai=LIVE cam_fps=53.2 pub_fps=30.4 frames=417208 result_subs=1 roi=ok intrinsic=ok inference_age_ms=117 target=none transport=False sorting_thread=alive
13:55:42 [v4][heartbeat] enter=True sorting=False cam=LIVE ai=LIVE cam_fps=57.4 pub_fps=30.2 frames=417495 result_subs=1 roi=ok intrinsic=ok inference_age_ms=62 target=none transport=False sorting_thread=alive
13:55:47 [v4][heartbeat] enter=True sorting=False cam=LIVE ai=LIVE cam_fps=58.0 pub_fps=30.4 frames=417785 result_subs=1 roi=ok intrinsic=ok inference_age_ms=75 target=none transport=False sorting_thread=alive
13:55:52 [v4][heartbeat] enter=True sorting=False cam=LIVE ai=LIVE cam_fps=52.6 pub_fps=30.2 frames=418048 result_subs=1 roi=ok intrinsic=ok inference_age_ms=121 target=none transport=False sorting_thread=alive
13:55:57 [v4][heartbeat] enter=True sorting=False cam=LIVE ai=LIVE cam_fps=56.2 pub_fps=30.4 frames=418329 result_subs=1 roi=ok intrinsic=ok inference_age_ms=70 target=none transport=False sorting_thread=alive
13:56:02 [v4][heartbeat] enter=True sorting=False cam=LIVE ai=LIVE cam_fps=54.0 pub_fps=30.2 frames=418599 result_subs=1 roi=ok intrinsic=ok inference_age_ms=36 target=none transport=False sorting_thread=alive
13:56:07 [v4][heartbeat] enter=True sorting=False cam=LIVE ai=LIVE cam_fps=56.0 pub_fps=30.4 frames=418879 result_subs=1 roi=ok intrinsic=ok inference_age_ms=118 target=none transport=False sorting_thread=alive
13:56:12 [v4][heartbeat] enter=True sorting=False cam=LIVE ai=LIVE cam_fps=56.0 pub_fps=30.2 frames=419159 result_subs=1 roi=ok intrinsic=ok inference_age_ms=82 target=none transport=False sorting_thread=alive
13:56:17 [v4][heartbeat] enter=True sorting=False cam=LIVE ai=LIVE cam_fps=53.4 pub_fps=30.4 frames=419426 result_subs=1 roi=ok intrinsic=ok inference_age_ms=98 target=none transport=False sorting_thread=alive
13:56:22 [v4][heartbeat] enter=True sorting=False cam=LIVE ai=LIVE cam_fps=56.2 pub_fps=30.2 frames=419707 result_subs=1 roi=ok intrinsic=ok inference_age_ms=50 target=none transport=False sorting_thread=alive
13:56:27 [v4][heartbeat] enter=True sorting=False cam=LIVE ai=LIVE cam_fps=56.2 pub_fps=30.4 frames=419988 result_subs=1 roi=ok intrinsic=ok inference_age_ms=95 target=none transport=False sorting_thread=alive
13:56:32 [v4][heartbeat] enter=True sorting=False cam=LIVE ai=LIVE cam_fps=52.8 pub_fps=30.2 frames=420252 result_subs=1 roi=ok intrinsic=ok inference_age_ms=137 target=none transport=False sorting_thread=alive
13:56:37 [v4][heartbeat] enter=True sorting=False cam=LIVE ai=LIVE cam_fps=54.4 pub_fps=30.4 frames=420524 result_subs=1 roi=ok intrinsic=ok inference_age_ms=114 target=none transport=False sorting_thread=alive
13:56:42 [v4][heartbeat] enter=True sorting=False cam=LIVE ai=LIVE cam_fps=52.8 pub_fps=30.2 frames=420788 result_subs=1 roi=ok intrinsic=ok inference_age_ms=116 target=none transport=False sorting_thread=alive
13:56:47 [v4][heartbeat] enter=True sorting=False cam=LIVE ai=LIVE cam_fps=55.0 pub_fps=30.4 frames=421063 result_subs=1 roi=ok intrinsic=ok inference_age_ms=94 target=none transport=False sorting_thread=alive
13:56:52 [v4][heartbeat] enter=True sorting=False cam=LIVE ai=LIVE cam_fps=56.4 pub_fps=30.2 frames=421345 result_subs=1 roi=ok intrinsic=ok inference_age_ms=79 target=none transport=False sorting_thread=alive
13:56:57 [v4][heartbeat] enter=True sorting=False cam=LIVE ai=LIVE cam_fps=55.2 pub_fps=30.4 frames=421621 result_subs=1 roi=ok intrinsic=ok inference_age_ms=116 target=none transport=False sorting_thread=alive
13:57:02 [v4][heartbeat] enter=True sorting=False cam=LIVE ai=LIVE cam_fps=56.4 pub_fps=30.2 frames=421903 result_subs=1 roi=ok intrinsic=ok inference_age_ms=76 target=none transport=False sorting_thread=alive
13:57:07 [v4][heartbeat] enter=True sorting=False cam=LIVE ai=LIVE cam_fps=52.8 pub_fps=30.4 frames=422167 result_subs=1 roi=ok intrinsic=ok inference_age_ms=46 target=none transport=False sorting_thread=alive
13:57:12 [v4][heartbeat] enter=True sorting=False cam=LIVE ai=LIVE cam_fps=57.8 pub_fps=30.2 frames=422456 result_subs=1 roi=ok intrinsic=ok inference_age_ms=102 target=none transport=False sorting_thread=alive
13:57:17 [v4][heartbeat] enter=True sorting=False cam=LIVE ai=LIVE cam_fps=57.0 pub_fps=30.4 frames=422741 result_subs=1 roi=ok intrinsic=ok inference_age_ms=95 target=none transport=False sorting_thread=alive
13:57:22 [v4][heartbeat] enter=True sorting=False cam=LIVE ai=LIVE cam_fps=52.5 pub_fps=30.4 frames=423004 result_subs=1 roi=ok intrinsic=ok inference_age_ms=57 target=none transport=False sorting_thread=alive
13:57:27 [v4][heartbeat] enter=True sorting=False cam=LIVE ai=LIVE cam_fps=57.0 pub_fps=30.2 frames=423289 result_subs=1 roi=ok intrinsic=ok inference_age_ms=99 target=none transport=False sorting_thread=alive
13:57:32 [v4][heartbeat] enter=True sorting=False cam=LIVE ai=LIVE cam_fps=52.8 pub_fps=30.2 frames=423553 result_subs=1 roi=ok intrinsic=ok inference_age_ms=85 target=none transport=False sorting_thread=alive
13:57:37 [v4][heartbeat] enter=True sorting=False cam=LIVE ai=LIVE cam_fps=54.4 pub_fps=30.4 frames=423825 result_subs=1 roi=ok intrinsic=ok inference_age_ms=57 target=none transport=False sorting_thread=alive
13:57:42 [v4][heartbeat] enter=True sorting=False cam=LIVE ai=LIVE cam_fps=56.6 pub_fps=30.4 frames=424108 result_subs=1 roi=ok intrinsic=ok inference_age_ms=93 target=none transport=False sorting_thread=alive
13:57:47 [v4][heartbeat] enter=True sorting=False cam=LIVE ai=LIVE cam_fps=53.8 pub_fps=30.2 frames=424377 result_subs=1 roi=ok intrinsic=ok inference_age_ms=120 target=none transport=False sorting_thread=alive
13:57:52 [v4][heartbeat] enter=True sorting=False cam=LIVE ai=LIVE cam_fps=56.0 pub_fps=30.4 frames=424657 result_subs=1 roi=ok intrinsic=ok inference_age_ms=97 target=none transport=False sorting_thread=alive
13:57:57 [v4][heartbeat] enter=True sorting=False cam=LIVE ai=LIVE cam_fps=53.6 pub_fps=30.2 frames=424925 result_subs=1 roi=ok intrinsic=ok inference_age_ms=83 target=none transport=False sorting_thread=alive
13:58:02 [v4][heartbeat] enter=True sorting=False cam=LIVE ai=LIVE cam_fps=54.4 pub_fps=30.4 frames=425197 result_subs=1 roi=ok intrinsic=ok inference_age_ms=79 target=none transport=False sorting_thread=alive
13:58:07 [v4][heartbeat] enter=True sorting=False cam=LIVE ai=LIVE cam_fps=57.8 pub_fps=30.2 frames=425486 result_subs=1 roi=ok intrinsic=ok inference_age_ms=110 target=none transport=False sorting_thread=alive
13:58:12 [v4][heartbeat] enter=True sorting=False cam=LIVE ai=LIVE cam_fps=53.2 pub_fps=30.4 frames=425752 result_subs=1 roi=ok intrinsic=ok inference_age_ms=126 target=none transport=False sorting_thread=alive
13:58:17 [v4][heartbeat] enter=True sorting=False cam=LIVE ai=LIVE cam_fps=57.0 pub_fps=30.2 frames=426037 result_subs=1 roi=ok intrinsic=ok inference_age_ms=94 target=none transport=False sorting_thread=alive
13:58:22 [v4][heartbeat] enter=True sorting=False cam=LIVE ai=LIVE cam_fps=54.0 pub_fps=30.4 frames=426307 result_subs=1 roi=ok intrinsic=ok inference_age_ms=79 target=none transport=False sorting_thread=alive
13:58:27 [v4][heartbeat] enter=True sorting=False cam=LIVE ai=LIVE cam_fps=52.0 pub_fps=30.2 frames=426567 result_subs=1 roi=ok intrinsic=ok inference_age_ms=98 target=none transport=False sorting_thread=alive
13:58:32 [v4][heartbeat] enter=True sorting=False cam=LIVE ai=LIVE cam_fps=56.1 pub_fps=30.4 frames=426848 result_subs=1 roi=ok intrinsic=ok inference_age_ms=91 target=none transport=False sorting_thread=alive
13:58:37 [v4][heartbeat] enter=True sorting=False cam=LIVE ai=LIVE cam_fps=54.2 pub_fps=30.2 frames=427119 result_subs=1 roi=ok intrinsic=ok inference_age_ms=86 target=none transport=False sorting_thread=alive
13:58:42 [v4][heartbeat] enter=True sorting=False cam=LIVE ai=LIVE cam_fps=55.2 pub_fps=30.4 frames=427395 result_subs=1 roi=ok intrinsic=ok inference_age_ms=65 target=none transport=False sorting_thread=alive
13:58:47 [v4][heartbeat] enter=True sorting=False cam=LIVE ai=LIVE cam_fps=57.2 pub_fps=30.2 frames=427681 result_subs=1 roi=ok intrinsic=ok inference_age_ms=39 target=none transport=False sorting_thread=alive
13:58:52 [v4][heartbeat] enter=True sorting=False cam=LIVE ai=LIVE cam_fps=54.6 pub_fps=30.4 frames=427954 result_subs=1 roi=ok intrinsic=ok inference_age_ms=99 target=none transport=False sorting_thread=alive
13:58:57 [v4][heartbeat] enter=True sorting=False cam=LIVE ai=LIVE cam_fps=56.0 pub_fps=30.2 frames=428234 result_subs=1 roi=ok intrinsic=ok inference_age_ms=110 target=none transport=False sorting_thread=alive
13:59:02 [v4][heartbeat] enter=True sorting=False cam=LIVE ai=LIVE cam_fps=55.0 pub_fps=30.4 frames=428509 result_subs=1 roi=ok intrinsic=ok inference_age_ms=91 target=none transport=False sorting_thread=alive
13:59:07 [v4][heartbeat] enter=True sorting=False cam=LIVE ai=LIVE cam_fps=55.8 pub_fps=30.2 frames=428788 result_subs=1 roi=ok intrinsic=ok inference_age_ms=86 target=none transport=False sorting_thread=alive
13:59:12 [v4][heartbeat] enter=True sorting=False cam=LIVE ai=LIVE cam_fps=55.2 pub_fps=30.4 frames=429064 result_subs=1 roi=ok intrinsic=ok inference_age_ms=115 target=none transport=False sorting_thread=alive
13:59:17 [v4][heartbeat] enter=True sorting=False cam=LIVE ai=LIVE cam_fps=52.4 pub_fps=30.2 frames=429326 result_subs=1 roi=ok intrinsic=ok inference_age_ms=64 target=none transport=False sorting_thread=alive
13:59:22 [v4][heartbeat] enter=True sorting=False cam=LIVE ai=LIVE cam_fps=57.4 pub_fps=30.4 frames=429613 result_subs=1 roi=ok intrinsic=ok inference_age_ms=64 target=none transport=False sorting_thread=alive
13:59:27 [v4][heartbeat] enter=True sorting=False cam=LIVE ai=LIVE cam_fps=53.2 pub_fps=30.2 frames=429879 result_subs=1 roi=ok intrinsic=ok inference_age_ms=83 target=none transport=False sorting_thread=alive
13:59:32 [v4][heartbeat] enter=True sorting=False cam=LIVE ai=LIVE cam_fps=55.4 pub_fps=30.4 frames=430156 result_subs=1 roi=ok intrinsic=ok inference_age_ms=104 target=none transport=False sorting_thread=alive
13:59:37 [v4][heartbeat] enter=True sorting=False cam=LIVE ai=LIVE cam_fps=56.0 pub_fps=30.2 frames=430436 result_subs=1 roi=ok intrinsic=ok inference_age_ms=60 target=none transport=False sorting_thread=alive
13:59:42 [v4][heartbeat] enter=True sorting=False cam=LIVE ai=LIVE cam_fps=52.2 pub_fps=30.4 frames=430697 result_subs=1 roi=ok intrinsic=ok inference_age_ms=99 target=none transport=False sorting_thread=alive
13:59:47 [v4][heartbeat] enter=True sorting=False cam=LIVE ai=LIVE cam_fps=56.6 pub_fps=30.2 frames=430980 result_subs=1 roi=ok intrinsic=ok inference_age_ms=98 target=none transport=False sorting_thread=alive
13:59:52 [v4][heartbeat] enter=True sorting=False cam=LIVE ai=LIVE cam_fps=53.0 pub_fps=30.4 frames=431245 result_subs=1 roi=ok intrinsic=ok inference_age_ms=42 target=none transport=False sorting_thread=alive
13:59:57 [v4][heartbeat] enter=True sorting=False cam=LIVE ai=LIVE cam_fps=55.8 pub_fps=30.2 frames=431524 result_subs=1 roi=ok intrinsic=ok inference_age_ms=112 target=none transport=False sorting_thread=alive
14:00:02 [v4][heartbeat] enter=True sorting=False cam=LIVE ai=LIVE cam_fps=57.6 pub_fps=30.4 frames=431812 result_subs=1 roi=ok intrinsic=ok inference_age_ms=94 target=none transport=False sorting_thread=alive
14:00:07 [v4][heartbeat] enter=True sorting=False cam=LIVE ai=LIVE cam_fps=52.8 pub_fps=30.4 frames=432076 result_subs=1 roi=ok intrinsic=ok inference_age_ms=62 target=none transport=False sorting_thread=alive
14:00:12 [v4][heartbeat] enter=True sorting=False cam=LIVE ai=LIVE cam_fps=56.8 pub_fps=30.2 frames=432360 result_subs=1 roi=ok intrinsic=ok inference_age_ms=128 target=none transport=False sorting_thread=alive
14:00:17 [v4][heartbeat] enter=True sorting=False cam=LIVE ai=LIVE cam_fps=55.0 pub_fps=30.2 frames=432635 result_subs=1 roi=ok intrinsic=ok inference_age_ms=76 target=none transport=False sorting_thread=alive
14:00:22 [v4][heartbeat] enter=True sorting=False cam=LIVE ai=LIVE cam_fps=53.6 pub_fps=30.4 frames=432903 result_subs=1 roi=ok intrinsic=ok inference_age_ms=105 target=none transport=False sorting_thread=alive
14:00:27 [v4][heartbeat] enter=True sorting=False cam=LIVE ai=LIVE cam_fps=57.2 pub_fps=30.4 frames=433189 result_subs=1 roi=ok intrinsic=ok inference_age_ms=71 target=none transport=False sorting_thread=alive
14:00:32 [v4][heartbeat] enter=True sorting=False cam=LIVE ai=LIVE cam_fps=54.4 pub_fps=30.2 frames=433461 result_subs=1 roi=ok intrinsic=ok inference_age_ms=69 target=none transport=False sorting_thread=alive
14:00:37 [v4][heartbeat] enter=True sorting=False cam=LIVE ai=LIVE cam_fps=55.3 pub_fps=30.4 frames=433738 result_subs=1 roi=ok intrinsic=ok inference_age_ms=131 target=none transport=False sorting_thread=alive
14:00:42 [v4][heartbeat] enter=True sorting=False cam=LIVE ai=LIVE cam_fps=54.1 pub_fps=30.2 frames=434008 result_subs=1 roi=ok intrinsic=ok inference_age_ms=111 target=none transport=False sorting_thread=alive
14:00:47 [v4][heartbeat] enter=True sorting=False cam=LIVE ai=LIVE cam_fps=54.2 pub_fps=30.4 frames=434279 result_subs=1 roi=ok intrinsic=ok inference_age_ms=76 target=none transport=False sorting_thread=alive
14:00:52 [v4][heartbeat] enter=True sorting=False cam=LIVE ai=LIVE cam_fps=55.6 pub_fps=30.2 frames=434557 result_subs=1 roi=ok intrinsic=ok inference_age_ms=83 target=none transport=False sorting_thread=alive
14:00:57 [v4][heartbeat] enter=True sorting=False cam=LIVE ai=LIVE cam_fps=54.4 pub_fps=30.4 frames=434829 result_subs=1 roi=ok intrinsic=ok inference_age_ms=119 target=none transport=False sorting_thread=alive
14:01:02 [v4][heartbeat] enter=True sorting=False cam=LIVE ai=LIVE cam_fps=53.6 pub_fps=30.2 frames=435097 result_subs=1 roi=ok intrinsic=ok inference_age_ms=73 target=none transport=False sorting_thread=alive
14:01:07 [v4][heartbeat] enter=True sorting=False cam=LIVE ai=LIVE cam_fps=55.6 pub_fps=30.4 frames=435375 result_subs=1 roi=ok intrinsic=ok inference_age_ms=77 target=none transport=False sorting_thread=alive
14:01:12 [v4][heartbeat] enter=True sorting=False cam=LIVE ai=LIVE cam_fps=52.6 pub_fps=30.2 frames=435638 result_subs=1 roi=ok intrinsic=ok inference_age_ms=140 target=none transport=False sorting_thread=alive
14:01:17 [v4][heartbeat] enter=True sorting=False cam=LIVE ai=LIVE cam_fps=56.6 pub_fps=30.4 frames=435921 result_subs=1 roi=ok intrinsic=ok inference_age_ms=136 target=none transport=False sorting_thread=alive
14:01:22 [v4][heartbeat] enter=True sorting=False cam=LIVE ai=LIVE cam_fps=53.0 pub_fps=30.2 frames=436186 result_subs=1 roi=ok intrinsic=ok inference_age_ms=140 target=none transport=False sorting_thread=alive
14:01:27 [v4][heartbeat] enter=True sorting=False cam=LIVE ai=LIVE cam_fps=53.2 pub_fps=30.4 frames=436452 result_subs=1 roi=ok intrinsic=ok inference_age_ms=82 target=none transport=False sorting_thread=alive
14:01:32 [v4][heartbeat] enter=True sorting=False cam=LIVE ai=LIVE cam_fps=53.4 pub_fps=30.2 frames=436719 result_subs=1 roi=ok intrinsic=ok inference_age_ms=101 target=none transport=False sorting_thread=alive
14:01:37 [v4][heartbeat] enter=True sorting=False cam=LIVE ai=LIVE cam_fps=54.9 pub_fps=30.4 frames=436994 result_subs=1 roi=ok intrinsic=ok inference_age_ms=149 target=none transport=False sorting_thread=alive
14:01:42 [v4][heartbeat] enter=True sorting=False cam=LIVE ai=LIVE cam_fps=56.7 pub_fps=30.2 frames=437277 result_subs=1 roi=ok intrinsic=ok inference_age_ms=59 target=none transport=False sorting_thread=alive
14:01:47 [v4][heartbeat] enter=True sorting=False cam=LIVE ai=LIVE cam_fps=55.4 pub_fps=30.4 frames=437554 result_subs=1 roi=ok intrinsic=ok inference_age_ms=75 target=none transport=False sorting_thread=alive
14:01:52 [v4][heartbeat] enter=True sorting=False cam=LIVE ai=LIVE cam_fps=55.2 pub_fps=30.2 frames=437830 result_subs=1 roi=ok intrinsic=ok inference_age_ms=132 target=none transport=False sorting_thread=alive
14:01:57 [v4][heartbeat] enter=True sorting=False cam=LIVE ai=LIVE cam_fps=57.4 pub_fps=30.4 frames=438117 result_subs=1 roi=ok intrinsic=ok inference_age_ms=93 target=none transport=False sorting_thread=alive
14:02:02 [v4][heartbeat] enter=True sorting=False cam=LIVE ai=LIVE cam_fps=54.4 pub_fps=30.2 frames=438389 result_subs=1 roi=ok intrinsic=ok inference_age_ms=51 target=none transport=False sorting_thread=alive
14:02:07 [v4][heartbeat] enter=True sorting=False cam=LIVE ai=LIVE cam_fps=55.2 pub_fps=30.4 frames=438665 result_subs=1 roi=ok intrinsic=ok inference_age_ms=101 target=none transport=False sorting_thread=alive
14:02:12 [v4][heartbeat] enter=True sorting=False cam=LIVE ai=LIVE cam_fps=54.2 pub_fps=30.2 frames=438936 result_subs=1 roi=ok intrinsic=ok inference_age_ms=93 target=none transport=False sorting_thread=alive
14:02:17 [v4][heartbeat] enter=True sorting=False cam=LIVE ai=LIVE cam_fps=55.2 pub_fps=30.4 frames=439212 result_subs=1 roi=ok intrinsic=ok inference_age_ms=83 target=none transport=False sorting_thread=alive
14:02:22 [v4][heartbeat] enter=True sorting=False cam=LIVE ai=LIVE cam_fps=56.4 pub_fps=30.2 frames=439494 result_subs=1 roi=ok intrinsic=ok inference_age_ms=112 target=none transport=False sorting_thread=alive
14:02:27 [v4][heartbeat] enter=True sorting=False cam=LIVE ai=LIVE cam_fps=54.8 pub_fps=30.4 frames=439768 result_subs=1 roi=ok intrinsic=ok inference_age_ms=116 target=none transport=False sorting_thread=alive
14:02:32 [v4][heartbeat] enter=True sorting=False cam=LIVE ai=LIVE cam_fps=56.2 pub_fps=30.2 frames=440049 result_subs=1 roi=ok intrinsic=ok inference_age_ms=74 target=none transport=False sorting_thread=alive
14:02:37 [v4][heartbeat] enter=True sorting=False cam=LIVE ai=LIVE cam_fps=54.2 pub_fps=30.4 frames=440320 result_subs=1 roi=ok intrinsic=ok inference_age_ms=72 target=none transport=False sorting_thread=alive
14:02:42 [v4][heartbeat] enter=True sorting=False cam=LIVE ai=LIVE cam_fps=53.2 pub_fps=30.2 frames=440586 result_subs=1 roi=ok intrinsic=ok inference_age_ms=85 target=none transport=False sorting_thread=alive
14:02:47 [v4][heartbeat] enter=True sorting=False cam=LIVE ai=LIVE cam_fps=57.2 pub_fps=30.4 frames=440872 result_subs=1 roi=ok intrinsic=ok inference_age_ms=76 target=none transport=False sorting_thread=alive
14:02:52 [v4][heartbeat] enter=True sorting=False cam=LIVE ai=LIVE cam_fps=53.4 pub_fps=30.2 frames=441139 result_subs=1 roi=ok intrinsic=ok inference_age_ms=84 target=none transport=False sorting_thread=alive
14:02:57 [v4][heartbeat] enter=True sorting=False cam=LIVE ai=LIVE cam_fps=55.6 pub_fps=30.4 frames=441417 result_subs=1 roi=ok intrinsic=ok inference_age_ms=120 target=none transport=False sorting_thread=alive
14:03:02 [v4][heartbeat] enter=True sorting=False cam=LIVE ai=LIVE cam_fps=55.6 pub_fps=30.2 frames=441695 result_subs=1 roi=ok intrinsic=ok inference_age_ms=119 target=none transport=False sorting_thread=alive
14:03:07 [v4][heartbeat] enter=True sorting=False cam=LIVE ai=LIVE cam_fps=53.6 pub_fps=30.4 frames=441963 result_subs=1 roi=ok intrinsic=ok inference_age_ms=96 target=none transport=False sorting_thread=alive
14:03:12 [v4][heartbeat] enter=True sorting=False cam=LIVE ai=LIVE cam_fps=57.0 pub_fps=30.4 frames=442248 result_subs=1 roi=ok intrinsic=ok inference_age_ms=81 target=none transport=False sorting_thread=alive
14:03:17 [v4][heartbeat] enter=True sorting=False cam=LIVE ai=LIVE cam_fps=53.2 pub_fps=30.2 frames=442514 result_subs=1 roi=ok intrinsic=ok inference_age_ms=109 target=none transport=False sorting_thread=alive
14:03:22 [v4][heartbeat] enter=True sorting=False cam=LIVE ai=LIVE cam_fps=53.9 pub_fps=30.4 frames=442784 result_subs=1 roi=ok intrinsic=ok inference_age_ms=88 target=none transport=False sorting_thread=alive
14:03:27 [v4][heartbeat] enter=True sorting=False cam=LIVE ai=LIVE cam_fps=56.6 pub_fps=30.2 frames=443067 result_subs=1 roi=ok intrinsic=ok inference_age_ms=86 target=none transport=False sorting_thread=alive
14:03:32 [v4][heartbeat] enter=True sorting=False cam=LIVE ai=LIVE cam_fps=54.8 pub_fps=30.4 frames=443341 result_subs=1 roi=ok intrinsic=ok inference_age_ms=83 target=none transport=False sorting_thread=alive
14:03:37 [v4][heartbeat] enter=True sorting=False cam=LIVE ai=LIVE cam_fps=56.2 pub_fps=30.2 frames=443622 result_subs=1 roi=ok intrinsic=ok inference_age_ms=105 target=none transport=False sorting_thread=alive
14:03:42 [v4][heartbeat] enter=True sorting=False cam=LIVE ai=LIVE cam_fps=53.8 pub_fps=30.4 frames=443891 result_subs=1 roi=ok intrinsic=ok inference_age_ms=124 target=none transport=False sorting_thread=alive
14:03:47 [v4][heartbeat] enter=True sorting=False cam=LIVE ai=LIVE cam_fps=54.0 pub_fps=30.2 frames=444161 result_subs=1 roi=ok intrinsic=ok inference_age_ms=99 target=none transport=False sorting_thread=alive
14:03:52 [v4][heartbeat] enter=True sorting=False cam=LIVE ai=LIVE cam_fps=55.6 pub_fps=30.4 frames=444439 result_subs=1 roi=ok intrinsic=ok inference_age_ms=101 target=none transport=False sorting_thread=alive
14:03:57 [v4][heartbeat] enter=True sorting=False cam=LIVE ai=LIVE cam_fps=53.6 pub_fps=30.2 frames=444707 result_subs=1 roi=ok intrinsic=ok inference_age_ms=98 target=none transport=False sorting_thread=alive
14:04:02 [v4][heartbeat] enter=True sorting=False cam=LIVE ai=LIVE cam_fps=58.1 pub_fps=30.4 frames=444998 result_subs=1 roi=ok intrinsic=ok inference_age_ms=92 target=none transport=False sorting_thread=alive
14:04:07 [v4][heartbeat] enter=True sorting=False cam=LIVE ai=LIVE cam_fps=56.1 pub_fps=30.2 frames=445278 result_subs=1 roi=ok intrinsic=ok inference_age_ms=91 target=none transport=False sorting_thread=alive
14:04:12 [v4][heartbeat] enter=True sorting=False cam=LIVE ai=LIVE cam_fps=56.6 pub_fps=30.4 frames=445561 result_subs=1 roi=ok intrinsic=ok inference_age_ms=134 target=none transport=False sorting_thread=alive
14:04:17 [v4][heartbeat] enter=True sorting=False cam=LIVE ai=LIVE cam_fps=56.8 pub_fps=30.2 frames=445845 result_subs=1 roi=ok intrinsic=ok inference_age_ms=85 target=none transport=False sorting_thread=alive
14:04:22 [v4][heartbeat] enter=True sorting=False cam=LIVE ai=LIVE cam_fps=53.8 pub_fps=30.4 frames=446114 result_subs=1 roi=ok intrinsic=ok inference_age_ms=58 target=none transport=False sorting_thread=alive
14:04:27 [v4][heartbeat] enter=True sorting=False cam=LIVE ai=LIVE cam_fps=55.2 pub_fps=30.2 frames=446390 result_subs=1 roi=ok intrinsic=ok inference_age_ms=96 target=none transport=False sorting_thread=alive
14:04:32 [v4][heartbeat] enter=True sorting=False cam=LIVE ai=LIVE cam_fps=52.9 pub_fps=30.4 frames=446655 result_subs=1 roi=ok intrinsic=ok inference_age_ms=110 target=none transport=False sorting_thread=alive
14:04:37 [v4][heartbeat] enter=True sorting=False cam=LIVE ai=LIVE cam_fps=55.2 pub_fps=30.2 frames=446931 result_subs=1 roi=ok intrinsic=ok inference_age_ms=96 target=none transport=False sorting_thread=alive
14:04:42 [v4][heartbeat] enter=True sorting=False cam=LIVE ai=LIVE cam_fps=57.4 pub_fps=30.4 frames=447218 result_subs=1 roi=ok intrinsic=ok inference_age_ms=89 target=none transport=False sorting_thread=alive
14:04:47 [v4][heartbeat] enter=True sorting=False cam=LIVE ai=LIVE cam_fps=54.2 pub_fps=30.2 frames=447489 result_subs=1 roi=ok intrinsic=ok inference_age_ms=93 target=none transport=False sorting_thread=alive
14:04:52 [v4][heartbeat] enter=True sorting=False cam=LIVE ai=LIVE cam_fps=56.2 pub_fps=30.4 frames=447770 result_subs=1 roi=ok intrinsic=ok inference_age_ms=122 target=none transport=False sorting_thread=alive
14:04:57 [v4][heartbeat] enter=True sorting=False cam=LIVE ai=LIVE cam_fps=56.6 pub_fps=30.2 frames=448053 result_subs=1 roi=ok intrinsic=ok inference_age_ms=90 target=none transport=False sorting_thread=alive
14:05:02 [v4][heartbeat] enter=True sorting=False cam=LIVE ai=LIVE cam_fps=55.4 pub_fps=30.4 frames=448330 result_subs=1 roi=ok intrinsic=ok inference_age_ms=92 target=none transport=False sorting_thread=alive
14:05:07 [v4][heartbeat] enter=True sorting=False cam=LIVE ai=LIVE cam_fps=57.4 pub_fps=30.2 frames=448617 result_subs=1 roi=ok intrinsic=ok inference_age_ms=55 target=none transport=False sorting_thread=alive
14:05:12 [v4][heartbeat] enter=True sorting=False cam=LIVE ai=LIVE cam_fps=51.8 pub_fps=30.4 frames=448876 result_subs=1 roi=ok intrinsic=ok inference_age_ms=102 target=none transport=False sorting_thread=alive
14:05:17 [v4][heartbeat] enter=True sorting=False cam=LIVE ai=LIVE cam_fps=53.8 pub_fps=30.2 frames=449145 result_subs=1 roi=ok intrinsic=ok inference_age_ms=86 target=none transport=False sorting_thread=alive
14:05:22 [v4][heartbeat] enter=True sorting=False cam=LIVE ai=LIVE cam_fps=54.8 pub_fps=30.4 frames=449419 result_subs=1 roi=ok intrinsic=ok inference_age_ms=96 target=none transport=False sorting_thread=alive
14:05:27 [v4][heartbeat] enter=True sorting=False cam=LIVE ai=LIVE cam_fps=55.0 pub_fps=30.2 frames=449694 result_subs=1 roi=ok intrinsic=ok inference_age_ms=123 target=none transport=False sorting_thread=alive
14:05:32 [v4][heartbeat] enter=True sorting=False cam=LIVE ai=LIVE cam_fps=57.6 pub_fps=30.4 frames=449982 result_subs=1 roi=ok intrinsic=ok inference_age_ms=98 target=none transport=False sorting_thread=alive
14:05:37 [v4][heartbeat] enter=True sorting=False cam=LIVE ai=LIVE cam_fps=54.5 pub_fps=30.3 frames=450255 result_subs=1 roi=ok intrinsic=ok inference_age_ms=73 target=none transport=False sorting_thread=alive
14:05:42 [v4][heartbeat] enter=True sorting=False cam=LIVE ai=LIVE cam_fps=54.5 pub_fps=30.3 frames=450527 result_subs=1 roi=ok intrinsic=ok inference_age_ms=105 target=none transport=False sorting_thread=alive
14:05:47 [v4][heartbeat] enter=True sorting=False cam=LIVE ai=LIVE cam_fps=57.0 pub_fps=30.4 frames=450812 result_subs=1 roi=ok intrinsic=ok inference_age_ms=101 target=none transport=False sorting_thread=alive
14:05:52 [v4][heartbeat] enter=True sorting=False cam=LIVE ai=LIVE cam_fps=55.4 pub_fps=30.2 frames=451089 result_subs=1 roi=ok intrinsic=ok inference_age_ms=111 target=none transport=False sorting_thread=alive
14:05:57 [v4][heartbeat] enter=True sorting=False cam=LIVE ai=LIVE cam_fps=55.8 pub_fps=30.4 frames=451368 result_subs=1 roi=ok intrinsic=ok inference_age_ms=142 target=none transport=False sorting_thread=alive
14:06:02 [v4][heartbeat] enter=True sorting=False cam=LIVE ai=LIVE cam_fps=52.4 pub_fps=30.2 frames=451630 result_subs=1 roi=ok intrinsic=ok inference_age_ms=74 target=none transport=False sorting_thread=alive
14:06:07 [v4][heartbeat] enter=True sorting=False cam=LIVE ai=LIVE cam_fps=55.1 pub_fps=30.4 frames=451906 result_subs=1 roi=ok intrinsic=ok inference_age_ms=74 target=none transport=False sorting_thread=alive
14:06:12 [v4][heartbeat] enter=True sorting=False cam=LIVE ai=LIVE cam_fps=55.5 pub_fps=30.2 frames=452183 result_subs=1 roi=ok intrinsic=ok inference_age_ms=102 target=none transport=False sorting_thread=alive
14:06:17 [v4][heartbeat] enter=True sorting=False cam=LIVE ai=LIVE cam_fps=53.4 pub_fps=30.4 frames=452450 result_subs=1 roi=ok intrinsic=ok inference_age_ms=114 target=none transport=False sorting_thread=alive
14:06:22 [v4][heartbeat] enter=True sorting=False cam=LIVE ai=LIVE cam_fps=55.4 pub_fps=30.2 frames=452727 result_subs=1 roi=ok intrinsic=ok inference_age_ms=84 target=none transport=False sorting_thread=alive
14:06:27 [v4][heartbeat] enter=True sorting=False cam=LIVE ai=LIVE cam_fps=56.0 pub_fps=30.4 frames=453007 result_subs=1 roi=ok intrinsic=ok inference_age_ms=60 target=none transport=False sorting_thread=alive
14:06:32 [v4][heartbeat] enter=True sorting=False cam=LIVE ai=LIVE cam_fps=53.4 pub_fps=30.2 frames=453274 result_subs=1 roi=ok intrinsic=ok inference_age_ms=62 target=none transport=False sorting_thread=alive
14:06:37 [v4][heartbeat] enter=True sorting=False cam=LIVE ai=LIVE cam_fps=56.2 pub_fps=30.4 frames=453555 result_subs=1 roi=ok intrinsic=ok inference_age_ms=57 target=none transport=False sorting_thread=alive
14:06:42 [v4][heartbeat] enter=True sorting=False cam=LIVE ai=LIVE cam_fps=54.4 pub_fps=30.2 frames=453827 result_subs=1 roi=ok intrinsic=ok inference_age_ms=63 target=none transport=False sorting_thread=alive
14:06:47 [v4][heartbeat] enter=True sorting=False cam=LIVE ai=LIVE cam_fps=55.2 pub_fps=30.4 frames=454103 result_subs=1 roi=ok intrinsic=ok inference_age_ms=117 target=none transport=False sorting_thread=alive
14:06:52 [v4][heartbeat] enter=True sorting=False cam=LIVE ai=LIVE cam_fps=56.7 pub_fps=30.2 frames=454386 result_subs=1 roi=ok intrinsic=ok inference_age_ms=38 target=none transport=False sorting_thread=alive
14:06:57 [v4][heartbeat] enter=True sorting=False cam=LIVE ai=LIVE cam_fps=55.2 pub_fps=30.4 frames=454662 result_subs=1 roi=ok intrinsic=ok inference_age_ms=121 target=none transport=False sorting_thread=alive
14:07:02 [v4][heartbeat] enter=True sorting=False cam=LIVE ai=LIVE cam_fps=55.4 pub_fps=30.2 frames=454939 result_subs=1 roi=ok intrinsic=ok inference_age_ms=82 target=none transport=False sorting_thread=alive
14:07:07 [v4][heartbeat] enter=True sorting=False cam=LIVE ai=LIVE cam_fps=55.4 pub_fps=30.4 frames=455216 result_subs=1 roi=ok intrinsic=ok inference_age_ms=53 target=none transport=False sorting_thread=alive
14:07:12 [v4][heartbeat] enter=True sorting=False cam=LIVE ai=LIVE cam_fps=56.0 pub_fps=30.2 frames=455496 result_subs=1 roi=ok intrinsic=ok inference_age_ms=100 target=none transport=False sorting_thread=alive
14:07:17 [v4][heartbeat] enter=True sorting=False cam=LIVE ai=LIVE cam_fps=55.2 pub_fps=30.4 frames=455772 result_subs=1 roi=ok intrinsic=ok inference_age_ms=132 target=none transport=False sorting_thread=alive
14:07:22 [v4][heartbeat] enter=True sorting=False cam=LIVE ai=LIVE cam_fps=53.8 pub_fps=30.2 frames=456041 result_subs=1 roi=ok intrinsic=ok inference_age_ms=124 target=none transport=False sorting_thread=alive
14:07:27 [v4][heartbeat] enter=True sorting=False cam=LIVE ai=LIVE cam_fps=57.2 pub_fps=30.4 frames=456327 result_subs=1 roi=ok intrinsic=ok inference_age_ms=95 target=none transport=False sorting_thread=alive
14:07:32 [v4][heartbeat] enter=True sorting=False cam=LIVE ai=LIVE cam_fps=55.8 pub_fps=30.2 frames=456606 result_subs=1 roi=ok intrinsic=ok inference_age_ms=45 target=none transport=False sorting_thread=alive
14:07:37 [v4][heartbeat] enter=True sorting=False cam=LIVE ai=LIVE cam_fps=55.4 pub_fps=30.4 frames=456883 result_subs=1 roi=ok intrinsic=ok inference_age_ms=80 target=none transport=False sorting_thread=alive
14:07:42 [v4][heartbeat] enter=True sorting=False cam=LIVE ai=LIVE cam_fps=56.8 pub_fps=30.2 frames=457167 result_subs=1 roi=ok intrinsic=ok inference_age_ms=62 target=none transport=False sorting_thread=alive
14:07:47 [v4][heartbeat] enter=True sorting=False cam=LIVE ai=LIVE cam_fps=53.8 pub_fps=30.4 frames=457436 result_subs=1 roi=ok intrinsic=ok inference_age_ms=73 target=none transport=False sorting_thread=alive
14:07:52 [v4][heartbeat] enter=True sorting=False cam=LIVE ai=LIVE cam_fps=56.2 pub_fps=30.2 frames=457717 result_subs=1 roi=ok intrinsic=ok inference_age_ms=112 target=none transport=False sorting_thread=alive
14:07:57 [v4][heartbeat] enter=True sorting=False cam=LIVE ai=LIVE cam_fps=56.6 pub_fps=30.4 frames=458000 result_subs=1 roi=ok intrinsic=ok inference_age_ms=94 target=none transport=False sorting_thread=alive
14:08:02 [v4][heartbeat] enter=True sorting=False cam=LIVE ai=LIVE cam_fps=54.8 pub_fps=30.2 frames=458274 result_subs=1 roi=ok intrinsic=ok inference_age_ms=64 target=none transport=False sorting_thread=alive
14:08:07 [v4][heartbeat] enter=True sorting=False cam=LIVE ai=LIVE cam_fps=55.0 pub_fps=30.4 frames=458549 result_subs=1 roi=ok intrinsic=ok inference_age_ms=121 target=none transport=False sorting_thread=alive
14:08:12 [v4][heartbeat] enter=True sorting=False cam=LIVE ai=LIVE cam_fps=53.2 pub_fps=30.4 frames=458815 result_subs=1 roi=ok intrinsic=ok inference_age_ms=84 target=none transport=False sorting_thread=alive
14:08:17 [v4][heartbeat] enter=True sorting=False cam=LIVE ai=LIVE cam_fps=58.4 pub_fps=30.2 frames=459107 result_subs=1 roi=ok intrinsic=ok inference_age_ms=121 target=none transport=False sorting_thread=alive
14:08:22 [v4][heartbeat] enter=True sorting=False cam=LIVE ai=LIVE cam_fps=57.0 pub_fps=30.4 frames=459392 result_subs=1 roi=ok intrinsic=ok inference_age_ms=61 target=none transport=False sorting_thread=alive
14:08:27 [v4][heartbeat] enter=True sorting=False cam=LIVE ai=LIVE cam_fps=54.2 pub_fps=30.2 frames=459663 result_subs=1 roi=ok intrinsic=ok inference_age_ms=96 target=none transport=False sorting_thread=alive
14:08:32 [v4][heartbeat] enter=True sorting=False cam=LIVE ai=LIVE cam_fps=57.8 pub_fps=30.4 frames=459952 result_subs=1 roi=ok intrinsic=ok inference_age_ms=99 target=none transport=False sorting_thread=alive
14:08:37 [v4][heartbeat] enter=True sorting=False cam=LIVE ai=LIVE cam_fps=54.0 pub_fps=30.2 frames=460222 result_subs=1 roi=ok intrinsic=ok inference_age_ms=115 target=none transport=False sorting_thread=alive
14:08:42 [v4][heartbeat] enter=True sorting=False cam=LIVE ai=LIVE cam_fps=56.2 pub_fps=30.4 frames=460503 result_subs=1 roi=ok intrinsic=ok inference_age_ms=72 target=none transport=False sorting_thread=alive
14:08:47 [v4][heartbeat] enter=True sorting=False cam=LIVE ai=LIVE cam_fps=56.3 pub_fps=30.2 frames=460784 result_subs=1 roi=ok intrinsic=ok inference_age_ms=40 target=none transport=False sorting_thread=alive
14:08:52 [v4][heartbeat] enter=True sorting=False cam=LIVE ai=LIVE cam_fps=54.1 pub_fps=30.4 frames=461055 result_subs=1 roi=ok intrinsic=ok inference_age_ms=70 target=none transport=False sorting_thread=alive
14:08:57 [v4][heartbeat] enter=True sorting=False cam=LIVE ai=LIVE cam_fps=57.7 pub_fps=30.2 frames=461343 result_subs=1 roi=ok intrinsic=ok inference_age_ms=130 target=none transport=False sorting_thread=alive
14:09:02 [v4][heartbeat] enter=True sorting=False cam=LIVE ai=LIVE cam_fps=55.4 pub_fps=30.4 frames=461620 result_subs=1 roi=ok intrinsic=ok inference_age_ms=90 target=none transport=False sorting_thread=alive
14:09:07 [v4][heartbeat] enter=True sorting=False cam=LIVE ai=LIVE cam_fps=57.8 pub_fps=30.2 frames=461909 result_subs=1 roi=ok intrinsic=ok inference_age_ms=145 target=none transport=False sorting_thread=alive
14:09:12 [v4][heartbeat] enter=True sorting=False cam=LIVE ai=LIVE cam_fps=57.4 pub_fps=30.4 frames=462196 result_subs=1 roi=ok intrinsic=ok inference_age_ms=122 target=none transport=False sorting_thread=alive
14:09:17 [v4][heartbeat] enter=True sorting=False cam=LIVE ai=LIVE cam_fps=53.6 pub_fps=30.2 frames=462464 result_subs=1 roi=ok intrinsic=ok inference_age_ms=92 target=none transport=False sorting_thread=alive
14:09:22 [v4][heartbeat] enter=True sorting=False cam=LIVE ai=LIVE cam_fps=57.7 pub_fps=30.4 frames=462752 result_subs=1 roi=ok intrinsic=ok inference_age_ms=78 target=none transport=False sorting_thread=alive
14:09:27 [v4][heartbeat] enter=True sorting=False cam=LIVE ai=LIVE cam_fps=54.0 pub_fps=30.2 frames=463022 result_subs=1 roi=ok intrinsic=ok inference_age_ms=94 target=none transport=False sorting_thread=alive
14:09:32 [v4][heartbeat] enter=True sorting=False cam=LIVE ai=LIVE cam_fps=56.8 pub_fps=30.4 frames=463306 result_subs=1 roi=ok intrinsic=ok inference_age_ms=92 target=none transport=False sorting_thread=alive
14:09:37 [v4][heartbeat] enter=True sorting=False cam=LIVE ai=LIVE cam_fps=57.0 pub_fps=30.2 frames=463591 result_subs=1 roi=ok intrinsic=ok inference_age_ms=95 target=none transport=False sorting_thread=alive
14:09:42 [v4][heartbeat] enter=True sorting=False cam=LIVE ai=LIVE cam_fps=55.0 pub_fps=30.4 frames=463866 result_subs=1 roi=ok intrinsic=ok inference_age_ms=92 target=none transport=False sorting_thread=alive
14:09:47 [v4][heartbeat] enter=True sorting=False cam=LIVE ai=LIVE cam_fps=58.0 pub_fps=30.2 frames=464156 result_subs=1 roi=ok intrinsic=ok inference_age_ms=126 target=none transport=False sorting_thread=alive
14:09:52 [v4][heartbeat] enter=True sorting=False cam=LIVE ai=LIVE cam_fps=56.2 pub_fps=30.4 frames=464437 result_subs=1 roi=ok intrinsic=ok inference_age_ms=93 target=none transport=False sorting_thread=alive
14:09:57 [v4][heartbeat] enter=True sorting=False cam=LIVE ai=LIVE cam_fps=56.0 pub_fps=30.2 frames=464717 result_subs=1 roi=ok intrinsic=ok inference_age_ms=104 target=none transport=False sorting_thread=alive
14:10:02 [v4][heartbeat] enter=True sorting=False cam=LIVE ai=LIVE cam_fps=57.4 pub_fps=30.4 frames=465004 result_subs=1 roi=ok intrinsic=ok inference_age_ms=103 target=none transport=False sorting_thread=alive
14:10:07 [v4][heartbeat] enter=True sorting=False cam=LIVE ai=LIVE cam_fps=57.4 pub_fps=30.2 frames=465291 result_subs=1 roi=ok intrinsic=ok inference_age_ms=88 target=none transport=False sorting_thread=alive
14:10:12 [v4][heartbeat] enter=True sorting=False cam=LIVE ai=LIVE cam_fps=57.2 pub_fps=30.4 frames=465577 result_subs=1 roi=ok intrinsic=ok inference_age_ms=52 target=none transport=False sorting_thread=alive
14:10:17 [v4][heartbeat] enter=True sorting=False cam=LIVE ai=LIVE cam_fps=56.8 pub_fps=30.2 frames=465861 result_subs=1 roi=ok intrinsic=ok inference_age_ms=102 target=none transport=False sorting_thread=alive
14:10:22 [v4][heartbeat] enter=True sorting=False cam=LIVE ai=LIVE cam_fps=55.8 pub_fps=30.4 frames=466140 result_subs=1 roi=ok intrinsic=ok inference_age_ms=57 target=none transport=False sorting_thread=alive
14:10:27 [v4][heartbeat] enter=True sorting=False cam=LIVE ai=LIVE cam_fps=56.4 pub_fps=30.2 frames=466422 result_subs=1 roi=ok intrinsic=ok inference_age_ms=115 target=none transport=False sorting_thread=alive
14:10:32 [v4][heartbeat] enter=True sorting=False cam=LIVE ai=LIVE cam_fps=55.2 pub_fps=30.4 frames=466698 result_subs=1 roi=ok intrinsic=ok inference_age_ms=49 target=none transport=False sorting_thread=alive
14:10:37 [v4][heartbeat] enter=True sorting=False cam=LIVE ai=LIVE cam_fps=56.6 pub_fps=30.2 frames=466981 result_subs=1 roi=ok intrinsic=ok inference_age_ms=64 target=none transport=False sorting_thread=alive
14:10:42 [v4][heartbeat] enter=True sorting=False cam=LIVE ai=LIVE cam_fps=56.4 pub_fps=30.4 frames=467263 result_subs=1 roi=ok intrinsic=ok inference_age_ms=80 target=none transport=False sorting_thread=alive
14:10:47 [v4][heartbeat] enter=True sorting=False cam=LIVE ai=LIVE cam_fps=56.8 pub_fps=30.2 frames=467547 result_subs=1 roi=ok intrinsic=ok inference_age_ms=95 target=none transport=False sorting_thread=alive
14:10:52 [v4][heartbeat] enter=True sorting=False cam=LIVE ai=LIVE cam_fps=56.6 pub_fps=30.4 frames=467830 result_subs=1 roi=ok intrinsic=ok inference_age_ms=104 target=none transport=False sorting_thread=alive
14:10:57 [v4][heartbeat] enter=True sorting=False cam=LIVE ai=LIVE cam_fps=54.8 pub_fps=30.4 frames=468104 result_subs=1 roi=ok intrinsic=ok inference_age_ms=87 target=none transport=False sorting_thread=alive
14:11:02 [v4][heartbeat] enter=True sorting=False cam=LIVE ai=LIVE cam_fps=56.6 pub_fps=30.2 frames=468387 result_subs=1 roi=ok intrinsic=ok inference_age_ms=45 target=none transport=False sorting_thread=alive
14:11:07 [v4][heartbeat] enter=True sorting=False cam=LIVE ai=LIVE cam_fps=56.7 pub_fps=30.4 frames=468671 result_subs=1 roi=ok intrinsic=ok inference_age_ms=140 target=none transport=False sorting_thread=alive
14:11:12 [v4][heartbeat] enter=True sorting=False cam=LIVE ai=LIVE cam_fps=55.4 pub_fps=30.2 frames=468948 result_subs=1 roi=ok intrinsic=ok inference_age_ms=66 target=none transport=False sorting_thread=alive
14:11:17 [v4][heartbeat] enter=True sorting=False cam=LIVE ai=LIVE cam_fps=57.8 pub_fps=30.2 frames=469237 result_subs=1 roi=ok intrinsic=ok inference_age_ms=112 target=none transport=False sorting_thread=alive
14:11:22 [v4][heartbeat] enter=True sorting=False cam=LIVE ai=LIVE cam_fps=55.5 pub_fps=30.4 frames=469515 result_subs=1 roi=ok intrinsic=ok inference_age_ms=77 target=none transport=False sorting_thread=alive
14:11:27 [v4][heartbeat] enter=True sorting=False cam=LIVE ai=LIVE cam_fps=54.8 pub_fps=30.4 frames=469789 result_subs=1 roi=ok intrinsic=ok inference_age_ms=117 target=none transport=False sorting_thread=alive
14:11:32 [v4][heartbeat] enter=True sorting=False cam=LIVE ai=LIVE cam_fps=56.9 pub_fps=30.2 frames=470073 result_subs=1 roi=ok intrinsic=ok inference_age_ms=104 target=none transport=False sorting_thread=alive
14:11:37 [v4][heartbeat] enter=True sorting=False cam=LIVE ai=LIVE cam_fps=55.7 pub_fps=30.4 frames=470352 result_subs=1 roi=ok intrinsic=ok inference_age_ms=86 target=none transport=False sorting_thread=alive
14:11:42 [v4][heartbeat] enter=True sorting=False cam=LIVE ai=LIVE cam_fps=56.2 pub_fps=30.2 frames=470633 result_subs=1 roi=ok intrinsic=ok inference_age_ms=93 target=none transport=False sorting_thread=alive
14:11:47 [v4][heartbeat] enter=True sorting=False cam=LIVE ai=LIVE cam_fps=56.4 pub_fps=30.4 frames=470915 result_subs=1 roi=ok intrinsic=ok inference_age_ms=99 target=none transport=False sorting_thread=alive
14:11:52 [v4][heartbeat] enter=True sorting=False cam=LIVE ai=LIVE cam_fps=55.8 pub_fps=30.2 frames=471194 result_subs=1 roi=ok intrinsic=ok inference_age_ms=136 target=none transport=False sorting_thread=alive
14:11:57 [v4][heartbeat] enter=True sorting=False cam=LIVE ai=LIVE cam_fps=56.6 pub_fps=30.4 frames=471477 result_subs=1 roi=ok intrinsic=ok inference_age_ms=87 target=none transport=False sorting_thread=alive
14:12:02 [v4][heartbeat] enter=True sorting=False cam=LIVE ai=LIVE cam_fps=55.4 pub_fps=30.2 frames=471754 result_subs=1 roi=ok intrinsic=ok inference_age_ms=48 target=none transport=False sorting_thread=alive
14:12:07 [v4][heartbeat] enter=True sorting=False cam=LIVE ai=LIVE cam_fps=58.4 pub_fps=30.4 frames=472046 result_subs=1 roi=ok intrinsic=ok inference_age_ms=100 target=none transport=False sorting_thread=alive
14:12:12 [v4][heartbeat] enter=True sorting=False cam=LIVE ai=LIVE cam_fps=55.8 pub_fps=30.2 frames=472325 result_subs=1 roi=ok intrinsic=ok inference_age_ms=130 target=none transport=False sorting_thread=alive
14:12:17 [v4][heartbeat] enter=True sorting=False cam=LIVE ai=LIVE cam_fps=55.5 pub_fps=30.4 frames=472603 result_subs=1 roi=ok intrinsic=ok inference_age_ms=96 target=none transport=False sorting_thread=alive
14:12:22 [v4][heartbeat] enter=True sorting=False cam=LIVE ai=LIVE cam_fps=57.3 pub_fps=30.2 frames=472889 result_subs=1 roi=ok intrinsic=ok inference_age_ms=111 target=none transport=False sorting_thread=alive
14:12:27 [v4][heartbeat] enter=True sorting=False cam=LIVE ai=LIVE cam_fps=55.2 pub_fps=30.4 frames=473165 result_subs=1 roi=ok intrinsic=ok inference_age_ms=83 target=none transport=False sorting_thread=alive
14:12:32 [v4][heartbeat] enter=True sorting=False cam=LIVE ai=LIVE cam_fps=56.0 pub_fps=30.2 frames=473445 result_subs=1 roi=ok intrinsic=ok inference_age_ms=77 target=none transport=False sorting_thread=alive
14:12:37 [v4][heartbeat] enter=True sorting=False cam=LIVE ai=LIVE cam_fps=56.4 pub_fps=30.4 frames=473727 result_subs=1 roi=ok intrinsic=ok inference_age_ms=75 target=none transport=False sorting_thread=alive
14:12:42 [v4][heartbeat] enter=True sorting=False cam=LIVE ai=LIVE cam_fps=56.7 pub_fps=30.2 frames=474010 result_subs=1 roi=ok intrinsic=ok inference_age_ms=42 target=none transport=False sorting_thread=alive
14:12:47 [v4][heartbeat] enter=True sorting=False cam=LIVE ai=LIVE cam_fps=57.4 pub_fps=30.4 frames=474297 result_subs=1 roi=ok intrinsic=ok inference_age_ms=79 target=none transport=False sorting_thread=alive
14:12:52 [v4][heartbeat] enter=True sorting=False cam=LIVE ai=LIVE cam_fps=53.8 pub_fps=30.2 frames=474566 result_subs=1 roi=ok intrinsic=ok inference_age_ms=93 target=none transport=False sorting_thread=alive
14:12:57 [v4][heartbeat] enter=True sorting=False cam=LIVE ai=LIVE cam_fps=56.4 pub_fps=30.4 frames=474848 result_subs=1 roi=ok intrinsic=ok inference_age_ms=111 target=none transport=False sorting_thread=alive
14:13:02 [v4][heartbeat] enter=True sorting=False cam=LIVE ai=LIVE cam_fps=57.6 pub_fps=30.2 frames=475136 result_subs=1 roi=ok intrinsic=ok inference_age_ms=101 target=none transport=False sorting_thread=alive
14:13:07 [v4][heartbeat] enter=True sorting=False cam=LIVE ai=LIVE cam_fps=54.0 pub_fps=30.4 frames=475406 result_subs=1 roi=ok intrinsic=ok inference_age_ms=109 target=none transport=False sorting_thread=alive
14:13:12 [v4][heartbeat] enter=True sorting=False cam=LIVE ai=LIVE cam_fps=58.2 pub_fps=30.2 frames=475697 result_subs=1 roi=ok intrinsic=ok inference_age_ms=112 target=none transport=False sorting_thread=alive
14:13:17 [v4][heartbeat] enter=True sorting=False cam=LIVE ai=LIVE cam_fps=54.6 pub_fps=30.4 frames=475970 result_subs=1 roi=ok intrinsic=ok inference_age_ms=121 target=none transport=False sorting_thread=alive
14:13:22 [v4][heartbeat] enter=True sorting=False cam=LIVE ai=LIVE cam_fps=57.5 pub_fps=30.2 frames=476258 result_subs=1 roi=ok intrinsic=ok inference_age_ms=84 target=none transport=False sorting_thread=alive
14:13:27 [v4][heartbeat] enter=True sorting=False cam=LIVE ai=LIVE cam_fps=57.7 pub_fps=30.4 frames=476546 result_subs=1 roi=ok intrinsic=ok inference_age_ms=119 target=none transport=False sorting_thread=alive
14:13:32 [v4][heartbeat] enter=True sorting=False cam=LIVE ai=LIVE cam_fps=53.2 pub_fps=30.2 frames=476812 result_subs=1 roi=ok intrinsic=ok inference_age_ms=95 target=none transport=False sorting_thread=alive
14:13:37 [v4][heartbeat] enter=True sorting=False cam=LIVE ai=LIVE cam_fps=56.6 pub_fps=30.4 frames=477095 result_subs=1 roi=ok intrinsic=ok inference_age_ms=104 target=none transport=False sorting_thread=alive
14:13:42 [v4][heartbeat] enter=True sorting=False cam=LIVE ai=LIVE cam_fps=55.8 pub_fps=30.4 frames=477374 result_subs=1 roi=ok intrinsic=ok inference_age_ms=101 target=none transport=False sorting_thread=alive
14:13:47 [v4][heartbeat] enter=True sorting=False cam=LIVE ai=LIVE cam_fps=55.6 pub_fps=30.2 frames=477652 result_subs=1 roi=ok intrinsic=ok inference_age_ms=79 target=none transport=False sorting_thread=alive
14:13:52 [v4][heartbeat] enter=True sorting=False cam=LIVE ai=LIVE cam_fps=57.2 pub_fps=30.2 frames=477938 result_subs=1 roi=ok intrinsic=ok inference_age_ms=54 target=none transport=False sorting_thread=alive
14:13:57 [v4][heartbeat] enter=True sorting=False cam=LIVE ai=LIVE cam_fps=55.8 pub_fps=30.4 frames=478217 result_subs=1 roi=ok intrinsic=ok inference_age_ms=124 target=none transport=False sorting_thread=alive
14:14:02 [v4][heartbeat] enter=True sorting=False cam=LIVE ai=LIVE cam_fps=57.2 pub_fps=30.2 frames=478503 result_subs=1 roi=ok intrinsic=ok inference_age_ms=106 target=none transport=False sorting_thread=alive
14:14:07 [v4][heartbeat] enter=True sorting=False cam=LIVE ai=LIVE cam_fps=55.8 pub_fps=30.4 frames=478782 result_subs=1 roi=ok intrinsic=ok inference_age_ms=107 target=none transport=False sorting_thread=alive
14:14:12 [v4][heartbeat] enter=True sorting=False cam=LIVE ai=LIVE cam_fps=54.2 pub_fps=30.4 frames=479053 result_subs=1 roi=ok intrinsic=ok inference_age_ms=81 target=none transport=False sorting_thread=alive
14:14:17 [v4][heartbeat] enter=True sorting=False cam=LIVE ai=LIVE cam_fps=57.8 pub_fps=30.2 frames=479342 result_subs=1 roi=ok intrinsic=ok inference_age_ms=100 target=none transport=False sorting_thread=alive
14:14:22 [v4][heartbeat] enter=True sorting=False cam=LIVE ai=LIVE cam_fps=56.0 pub_fps=30.4 frames=479622 result_subs=1 roi=ok intrinsic=ok inference_age_ms=76 target=none transport=False sorting_thread=alive
14:14:27 [v4][heartbeat] enter=True sorting=False cam=LIVE ai=LIVE cam_fps=56.1 pub_fps=30.2 frames=479902 result_subs=1 roi=ok intrinsic=ok inference_age_ms=103 target=none transport=False sorting_thread=alive
14:14:32 [v4][heartbeat] enter=True sorting=False cam=LIVE ai=LIVE cam_fps=55.4 pub_fps=30.4 frames=480179 result_subs=1 roi=ok intrinsic=ok inference_age_ms=54 target=none transport=False sorting_thread=alive
14:14:37 [v4][heartbeat] enter=True sorting=False cam=LIVE ai=LIVE cam_fps=55.6 pub_fps=30.2 frames=480457 result_subs=1 roi=ok intrinsic=ok inference_age_ms=112 target=none transport=False sorting_thread=alive
14:14:42 [v4][heartbeat] enter=True sorting=False cam=LIVE ai=LIVE cam_fps=56.2 pub_fps=30.4 frames=480738 result_subs=1 roi=ok intrinsic=ok inference_age_ms=127 target=none transport=False sorting_thread=alive
14:14:47 [v4][heartbeat] enter=True sorting=False cam=LIVE ai=LIVE cam_fps=55.5 pub_fps=30.2 frames=481015 result_subs=1 roi=ok intrinsic=ok inference_age_ms=43 target=none transport=False sorting_thread=alive
14:14:52 [v4][heartbeat] enter=True sorting=False cam=LIVE ai=LIVE cam_fps=56.1 pub_fps=30.3 frames=481296 result_subs=1 roi=ok intrinsic=ok inference_age_ms=75 target=none transport=False sorting_thread=alive
14:14:57 [v4][heartbeat] enter=True sorting=False cam=LIVE ai=LIVE cam_fps=56.5 pub_fps=30.3 frames=481578 result_subs=1 roi=ok intrinsic=ok inference_age_ms=80 target=none transport=False sorting_thread=alive
14:15:02 [v4][heartbeat] enter=True sorting=False cam=LIVE ai=LIVE cam_fps=55.0 pub_fps=30.4 frames=481853 result_subs=1 roi=ok intrinsic=ok inference_age_ms=118 target=none transport=False sorting_thread=alive
14:15:07 [v4][heartbeat] enter=True sorting=False cam=LIVE ai=LIVE cam_fps=56.0 pub_fps=30.2 frames=482133 result_subs=1 roi=ok intrinsic=ok inference_age_ms=64 target=none transport=False sorting_thread=alive
14:15:12 [v4][heartbeat] enter=True sorting=False cam=LIVE ai=LIVE cam_fps=55.0 pub_fps=30.4 frames=482408 result_subs=1 roi=ok intrinsic=ok inference_age_ms=72 target=none transport=False sorting_thread=alive
14:15:17 [v4][heartbeat] enter=True sorting=False cam=LIVE ai=LIVE cam_fps=56.6 pub_fps=30.2 frames=482691 result_subs=1 roi=ok intrinsic=ok inference_age_ms=119 target=none transport=False sorting_thread=alive
14:15:22 [v4][heartbeat] enter=True sorting=False cam=LIVE ai=LIVE cam_fps=56.4 pub_fps=30.4 frames=482973 result_subs=1 roi=ok intrinsic=ok inference_age_ms=113 target=none transport=False sorting_thread=alive
14:15:27 [v4][heartbeat] enter=True sorting=False cam=LIVE ai=LIVE cam_fps=54.8 pub_fps=30.2 frames=483247 result_subs=1 roi=ok intrinsic=ok inference_age_ms=79 target=none transport=False sorting_thread=alive
14:15:32 [v4][heartbeat] enter=True sorting=False cam=LIVE ai=LIVE cam_fps=57.2 pub_fps=30.4 frames=483533 result_subs=1 roi=ok intrinsic=ok inference_age_ms=119 target=none transport=False sorting_thread=alive
14:15:37 [v4][heartbeat] enter=True sorting=False cam=LIVE ai=LIVE cam_fps=54.6 pub_fps=30.2 frames=483806 result_subs=1 roi=ok intrinsic=ok inference_age_ms=130 target=none transport=False sorting_thread=alive
14:15:42 [v4][heartbeat] enter=True sorting=False cam=LIVE ai=LIVE cam_fps=56.0 pub_fps=30.4 frames=484086 result_subs=1 roi=ok intrinsic=ok inference_age_ms=128 target=none transport=False sorting_thread=alive
14:15:47 [v4][heartbeat] enter=True sorting=False cam=LIVE ai=LIVE cam_fps=57.6 pub_fps=30.2 frames=484374 result_subs=1 roi=ok intrinsic=ok inference_age_ms=83 target=none transport=False sorting_thread=alive
14:15:52 [v4][heartbeat] enter=True sorting=False cam=LIVE ai=LIVE cam_fps=55.0 pub_fps=30.4 frames=484649 result_subs=1 roi=ok intrinsic=ok inference_age_ms=60 target=none transport=False sorting_thread=alive
14:15:57 [v4][heartbeat] enter=True sorting=False cam=LIVE ai=LIVE cam_fps=56.2 pub_fps=30.2 frames=484930 result_subs=1 roi=ok intrinsic=ok inference_age_ms=76 target=none transport=False sorting_thread=alive
14:16:02 [v4][heartbeat] enter=True sorting=False cam=LIVE ai=LIVE cam_fps=57.0 pub_fps=30.4 frames=485215 result_subs=1 roi=ok intrinsic=ok inference_age_ms=69 target=none transport=False sorting_thread=alive
14:16:07 [v4][heartbeat] enter=True sorting=False cam=LIVE ai=LIVE cam_fps=56.2 pub_fps=30.2 frames=485496 result_subs=1 roi=ok intrinsic=ok inference_age_ms=98 target=none transport=False sorting_thread=alive
14:16:12 [v4][heartbeat] enter=True sorting=False cam=LIVE ai=LIVE cam_fps=58.8 pub_fps=30.4 frames=485790 result_subs=1 roi=ok intrinsic=ok inference_age_ms=101 target=none transport=False sorting_thread=alive
14:16:17 [v4][heartbeat] enter=True sorting=False cam=LIVE ai=LIVE cam_fps=54.8 pub_fps=30.2 frames=486064 result_subs=1 roi=ok intrinsic=ok inference_age_ms=96 target=none transport=False sorting_thread=alive
14:16:22 [v4][heartbeat] enter=True sorting=False cam=LIVE ai=LIVE cam_fps=57.0 pub_fps=30.4 frames=486349 result_subs=1 roi=ok intrinsic=ok inference_age_ms=135 target=none transport=False sorting_thread=alive
14:16:27 [v4][heartbeat] enter=True sorting=False cam=LIVE ai=LIVE cam_fps=53.6 pub_fps=30.4 frames=486617 result_subs=1 roi=ok intrinsic=ok inference_age_ms=85 target=none transport=False sorting_thread=alive
14:16:32 [v4][heartbeat] enter=True sorting=False cam=LIVE ai=LIVE cam_fps=56.4 pub_fps=30.2 frames=486899 result_subs=1 roi=ok intrinsic=ok inference_age_ms=134 target=none transport=False sorting_thread=alive
14:16:37 [v4][heartbeat] enter=True sorting=False cam=LIVE ai=LIVE cam_fps=58.6 pub_fps=30.4 frames=487192 result_subs=1 roi=ok intrinsic=ok inference_age_ms=49 target=none transport=False sorting_thread=alive
14:16:42 [v4][heartbeat] enter=True sorting=False cam=LIVE ai=LIVE cam_fps=56.4 pub_fps=30.2 frames=487474 result_subs=1 roi=ok intrinsic=ok inference_age_ms=94 target=none transport=False sorting_thread=alive
14:16:47 [v4][heartbeat] enter=True sorting=False cam=LIVE ai=LIVE cam_fps=55.8 pub_fps=30.4 frames=487753 result_subs=1 roi=ok intrinsic=ok inference_age_ms=53 target=none transport=False sorting_thread=alive
14:16:52 [v4][heartbeat] enter=True sorting=False cam=LIVE ai=LIVE cam_fps=56.2 pub_fps=30.2 frames=488034 result_subs=1 roi=ok intrinsic=ok inference_age_ms=130 target=none transport=False sorting_thread=alive
14:16:57 [v4][heartbeat] enter=True sorting=False cam=LIVE ai=LIVE cam_fps=55.4 pub_fps=30.4 frames=488311 result_subs=1 roi=ok intrinsic=ok inference_age_ms=104 target=none transport=False sorting_thread=alive
14:17:02 [v4][heartbeat] enter=True sorting=False cam=LIVE ai=LIVE cam_fps=57.6 pub_fps=30.2 frames=488599 result_subs=1 roi=ok intrinsic=ok inference_age_ms=118 target=none transport=False sorting_thread=alive
14:17:07 [v4][heartbeat] enter=True sorting=False cam=LIVE ai=LIVE cam_fps=55.4 pub_fps=30.4 frames=488876 result_subs=1 roi=ok intrinsic=ok inference_age_ms=125 target=none transport=False sorting_thread=alive
14:17:12 [v4][heartbeat] enter=True sorting=False cam=LIVE ai=LIVE cam_fps=54.6 pub_fps=30.2 frames=489149 result_subs=1 roi=ok intrinsic=ok inference_age_ms=65 target=none transport=False sorting_thread=alive
14:17:17 [v4][heartbeat] enter=True sorting=False cam=LIVE ai=LIVE cam_fps=57.2 pub_fps=30.4 frames=489435 result_subs=1 roi=ok intrinsic=ok inference_age_ms=82 target=none transport=False sorting_thread=alive
14:17:22 [v4][heartbeat] enter=True sorting=False cam=LIVE ai=LIVE cam_fps=57.2 pub_fps=30.2 frames=489721 result_subs=1 roi=ok intrinsic=ok inference_age_ms=87 target=none transport=False sorting_thread=alive
14:17:27 [v4][heartbeat] enter=True sorting=False cam=LIVE ai=LIVE cam_fps=57.8 pub_fps=30.4 frames=490010 result_subs=1 roi=ok intrinsic=ok inference_age_ms=119 target=none transport=False sorting_thread=alive
14:17:32 [v4][heartbeat] enter=True sorting=False cam=LIVE ai=LIVE cam_fps=56.7 pub_fps=30.2 frames=490294 result_subs=1 roi=ok intrinsic=ok inference_age_ms=105 target=none transport=False sorting_thread=alive
14:17:37 [v4][heartbeat] enter=True sorting=False cam=LIVE ai=LIVE cam_fps=54.5 pub_fps=30.4 frames=490566 result_subs=1 roi=ok intrinsic=ok inference_age_ms=64 target=none transport=False sorting_thread=alive
14:17:42 [v4][heartbeat] enter=True sorting=False cam=LIVE ai=LIVE cam_fps=58.2 pub_fps=30.2 frames=490857 result_subs=1 roi=ok intrinsic=ok inference_age_ms=100 target=none transport=False sorting_thread=alive
14:17:47 [v4][heartbeat] enter=True sorting=False cam=LIVE ai=LIVE cam_fps=54.4 pub_fps=30.4 frames=491129 result_subs=1 roi=ok intrinsic=ok inference_age_ms=85 target=none transport=False sorting_thread=alive
14:17:52 [v4][heartbeat] enter=True sorting=False cam=LIVE ai=LIVE cam_fps=56.6 pub_fps=30.2 frames=491412 result_subs=1 roi=ok intrinsic=ok inference_age_ms=108 target=none transport=False sorting_thread=alive
14:17:57 [v4][heartbeat] enter=True sorting=False cam=LIVE ai=LIVE cam_fps=54.2 pub_fps=30.4 frames=491683 result_subs=1 roi=ok intrinsic=ok inference_age_ms=90 target=none transport=False sorting_thread=alive
14:18:02 [v4][heartbeat] enter=True sorting=False cam=LIVE ai=LIVE cam_fps=55.2 pub_fps=30.2 frames=491959 result_subs=1 roi=ok intrinsic=ok inference_age_ms=87 target=none transport=False sorting_thread=alive
14:18:07 [v4][heartbeat] enter=True sorting=False cam=LIVE ai=LIVE cam_fps=56.6 pub_fps=30.4 frames=492242 result_subs=1 roi=ok intrinsic=ok inference_age_ms=91 target=none transport=False sorting_thread=alive
14:18:12 [v4][heartbeat] enter=True sorting=False cam=LIVE ai=LIVE cam_fps=54.4 pub_fps=30.2 frames=492514 result_subs=1 roi=ok intrinsic=ok inference_age_ms=76 target=none transport=False sorting_thread=alive
14:18:17 [v4][heartbeat] enter=True sorting=False cam=LIVE ai=LIVE cam_fps=55.2 pub_fps=30.4 frames=492790 result_subs=1 roi=ok intrinsic=ok inference_age_ms=43 target=none transport=False sorting_thread=alive
14:18:22 [v4][heartbeat] enter=True sorting=False cam=LIVE ai=LIVE cam_fps=57.3 pub_fps=30.2 frames=493076 result_subs=1 roi=ok intrinsic=ok inference_age_ms=66 target=none transport=False sorting_thread=alive
14:18:27 [v4][heartbeat] enter=True sorting=False cam=LIVE ai=LIVE cam_fps=57.0 pub_fps=30.4 frames=493361 result_subs=1 roi=ok intrinsic=ok inference_age_ms=74 target=none transport=False sorting_thread=alive
14:18:32 [v4][heartbeat] enter=True sorting=False cam=LIVE ai=LIVE cam_fps=57.8 pub_fps=30.2 frames=493650 result_subs=1 roi=ok intrinsic=ok inference_age_ms=81 target=none transport=False sorting_thread=alive
14:18:37 [v4][heartbeat] enter=True sorting=False cam=LIVE ai=LIVE cam_fps=52.2 pub_fps=30.4 frames=493911 result_subs=1 roi=ok intrinsic=ok inference_age_ms=89 target=none transport=False sorting_thread=alive
14:18:42 [v4][heartbeat] enter=True sorting=False cam=LIVE ai=LIVE cam_fps=56.0 pub_fps=30.2 frames=494191 result_subs=1 roi=ok intrinsic=ok inference_age_ms=77 target=none transport=False sorting_thread=alive
14:18:47 [v4][heartbeat] enter=True sorting=False cam=LIVE ai=LIVE cam_fps=55.4 pub_fps=30.4 frames=494468 result_subs=1 roi=ok intrinsic=ok inference_age_ms=118 target=none transport=False sorting_thread=alive
14:18:52 [v4][heartbeat] enter=True sorting=False cam=LIVE ai=LIVE cam_fps=53.4 pub_fps=30.2 frames=494735 result_subs=1 roi=ok intrinsic=ok inference_age_ms=103 target=none transport=False sorting_thread=alive
14:18:57 [v4][heartbeat] enter=True sorting=False cam=LIVE ai=LIVE cam_fps=58.0 pub_fps=30.4 frames=495025 result_subs=1 roi=ok intrinsic=ok inference_age_ms=70 target=none transport=False sorting_thread=alive
14:19:02 [v4][heartbeat] enter=True sorting=False cam=LIVE ai=LIVE cam_fps=55.4 pub_fps=30.2 frames=495302 result_subs=1 roi=ok intrinsic=ok inference_age_ms=99 target=none transport=False sorting_thread=alive
14:19:07 [v4][heartbeat] enter=True sorting=False cam=LIVE ai=LIVE cam_fps=55.2 pub_fps=30.4 frames=495578 result_subs=1 roi=ok intrinsic=ok inference_age_ms=77 target=none transport=False sorting_thread=alive
14:19:12 [v4][heartbeat] enter=True sorting=False cam=LIVE ai=LIVE cam_fps=55.4 pub_fps=30.4 frames=495855 result_subs=1 roi=ok intrinsic=ok inference_age_ms=125 target=none transport=False sorting_thread=alive
14:19:17 [v4][heartbeat] enter=True sorting=False cam=LIVE ai=LIVE cam_fps=55.0 pub_fps=30.2 frames=496130 result_subs=1 roi=ok intrinsic=ok inference_age_ms=107 target=none transport=False sorting_thread=alive
14:19:22 [v4][heartbeat] enter=True sorting=False cam=LIVE ai=LIVE cam_fps=57.6 pub_fps=30.4 frames=496418 result_subs=1 roi=ok intrinsic=ok inference_age_ms=123 target=none transport=False sorting_thread=alive
14:19:27 [v4][heartbeat] enter=True sorting=False cam=LIVE ai=LIVE cam_fps=58.0 pub_fps=30.2 frames=496708 result_subs=1 roi=ok intrinsic=ok inference_age_ms=100 target=none transport=False sorting_thread=alive
14:19:32 [v4][heartbeat] enter=True sorting=False cam=LIVE ai=LIVE cam_fps=56.1 pub_fps=30.4 frames=496989 result_subs=1 roi=ok intrinsic=ok inference_age_ms=108 target=none transport=False sorting_thread=alive
14:19:37 [v4][heartbeat] enter=True sorting=False cam=LIVE ai=LIVE cam_fps=57.8 pub_fps=30.2 frames=497278 result_subs=1 roi=ok intrinsic=ok inference_age_ms=106 target=none transport=False sorting_thread=alive
14:19:42 [v4][heartbeat] enter=True sorting=False cam=LIVE ai=LIVE cam_fps=55.2 pub_fps=30.4 frames=497554 result_subs=1 roi=ok intrinsic=ok inference_age_ms=101 target=none transport=False sorting_thread=alive
14:19:47 [v4][heartbeat] enter=True sorting=False cam=LIVE ai=LIVE cam_fps=57.2 pub_fps=30.2 frames=497840 result_subs=1 roi=ok intrinsic=ok inference_age_ms=94 target=none transport=False sorting_thread=alive
14:19:52 [v4][heartbeat] enter=True sorting=False cam=LIVE ai=LIVE cam_fps=55.1 pub_fps=30.4 frames=498116 result_subs=1 roi=ok intrinsic=ok inference_age_ms=79 target=none transport=False sorting_thread=alive
14:19:57 [v4][heartbeat] enter=True sorting=False cam=LIVE ai=LIVE cam_fps=56.5 pub_fps=30.2 frames=498398 result_subs=1 roi=ok intrinsic=ok inference_age_ms=76 target=none transport=False sorting_thread=alive
14:20:02 [v4][heartbeat] enter=True sorting=False cam=LIVE ai=LIVE cam_fps=57.6 pub_fps=30.4 frames=498686 result_subs=1 roi=ok intrinsic=ok inference_age_ms=106 target=none transport=False sorting_thread=alive
14:20:07 [v4][heartbeat] enter=True sorting=False cam=LIVE ai=LIVE cam_fps=55.6 pub_fps=30.2 frames=498964 result_subs=1 roi=ok intrinsic=ok inference_age_ms=120 target=none transport=False sorting_thread=alive
14:20:12 [v4][heartbeat] enter=True sorting=False cam=LIVE ai=LIVE cam_fps=57.4 pub_fps=30.4 frames=499251 result_subs=1 roi=ok intrinsic=ok inference_age_ms=94 target=none transport=False sorting_thread=alive
14:20:17 [v4][heartbeat] enter=True sorting=False cam=LIVE ai=LIVE cam_fps=57.1 pub_fps=30.2 frames=499537 result_subs=1 roi=ok intrinsic=ok inference_age_ms=46 target=none transport=False sorting_thread=alive
14:20:22 [v4][heartbeat] enter=True sorting=False cam=LIVE ai=LIVE cam_fps=56.4 pub_fps=30.4 frames=499819 result_subs=1 roi=ok intrinsic=ok inference_age_ms=81 target=none transport=False sorting_thread=alive
14:20:27 [v4][heartbeat] enter=True sorting=False cam=LIVE ai=LIVE cam_fps=57.0 pub_fps=30.2 frames=500104 result_subs=1 roi=ok intrinsic=ok inference_age_ms=106 target=none transport=False sorting_thread=alive
14:20:32 [v4][heartbeat] enter=True sorting=False cam=LIVE ai=LIVE cam_fps=54.8 pub_fps=30.4 frames=500378 result_subs=1 roi=ok intrinsic=ok inference_age_ms=133 target=none transport=False sorting_thread=alive
14:20:37 [v4][heartbeat] enter=True sorting=False cam=LIVE ai=LIVE cam_fps=57.8 pub_fps=30.2 frames=500667 result_subs=1 roi=ok intrinsic=ok inference_age_ms=108 target=none transport=False sorting_thread=alive
14:20:42 [v4][heartbeat] enter=True sorting=False cam=LIVE ai=LIVE cam_fps=54.8 pub_fps=30.4 frames=500941 result_subs=1 roi=ok intrinsic=ok inference_age_ms=106 target=none transport=False sorting_thread=alive
14:20:47 [v4][heartbeat] enter=True sorting=False cam=LIVE ai=LIVE cam_fps=56.0 pub_fps=30.2 frames=501221 result_subs=1 roi=ok intrinsic=ok inference_age_ms=62 target=none transport=False sorting_thread=alive
14:20:52 [v4][heartbeat] enter=True sorting=False cam=LIVE ai=LIVE cam_fps=57.8 pub_fps=30.4 frames=501510 result_subs=1 roi=ok intrinsic=ok inference_age_ms=77 target=none transport=False sorting_thread=alive
14:20:57 [v4][heartbeat] enter=True sorting=False cam=LIVE ai=LIVE cam_fps=56.0 pub_fps=30.2 frames=501790 result_subs=1 roi=ok intrinsic=ok inference_age_ms=104 target=none transport=False sorting_thread=alive
14:21:02 [v4][heartbeat] enter=True sorting=False cam=LIVE ai=LIVE cam_fps=57.0 pub_fps=30.4 frames=502075 result_subs=1 roi=ok intrinsic=ok inference_age_ms=130 target=none transport=False sorting_thread=alive
14:21:07 [v4][heartbeat] enter=True sorting=False cam=LIVE ai=LIVE cam_fps=55.8 pub_fps=30.2 frames=502354 result_subs=1 roi=ok intrinsic=ok inference_age_ms=71 target=none transport=False sorting_thread=alive
14:21:12 [v4][heartbeat] enter=True sorting=False cam=LIVE ai=LIVE cam_fps=55.4 pub_fps=30.4 frames=502631 result_subs=1 roi=ok intrinsic=ok inference_age_ms=88 target=none transport=False sorting_thread=alive
14:21:17 [v4][heartbeat] enter=True sorting=False cam=LIVE ai=LIVE cam_fps=57.2 pub_fps=30.2 frames=502917 result_subs=1 roi=ok intrinsic=ok inference_age_ms=94 target=none transport=False sorting_thread=alive
14:21:22 [v4][heartbeat] enter=True sorting=False cam=LIVE ai=LIVE cam_fps=54.6 pub_fps=30.4 frames=503190 result_subs=1 roi=ok intrinsic=ok inference_age_ms=99 target=none transport=False sorting_thread=alive
14:21:27 [v4][heartbeat] enter=True sorting=False cam=LIVE ai=LIVE cam_fps=55.4 pub_fps=30.2 frames=503467 result_subs=1 roi=ok intrinsic=ok inference_age_ms=145 target=none transport=False sorting_thread=alive
14:21:32 [v4][heartbeat] enter=True sorting=False cam=LIVE ai=LIVE cam_fps=57.8 pub_fps=30.4 frames=503756 result_subs=1 roi=ok intrinsic=ok inference_age_ms=87 target=none transport=False sorting_thread=alive
14:21:37 [v4][heartbeat] enter=True sorting=False cam=LIVE ai=LIVE cam_fps=56.2 pub_fps=30.2 frames=504037 result_subs=1 roi=ok intrinsic=ok inference_age_ms=91 target=none transport=False sorting_thread=alive
14:21:42 [v4][heartbeat] enter=True sorting=False cam=LIVE ai=LIVE cam_fps=57.4 pub_fps=30.4 frames=504324 result_subs=1 roi=ok intrinsic=ok inference_age_ms=71 target=none transport=False sorting_thread=alive
14:21:47 [v4][heartbeat] enter=True sorting=False cam=LIVE ai=LIVE cam_fps=55.2 pub_fps=30.2 frames=504600 result_subs=1 roi=ok intrinsic=ok inference_age_ms=82 target=none transport=False sorting_thread=alive
14:21:52 [v4][heartbeat] enter=True sorting=False cam=LIVE ai=LIVE cam_fps=53.6 pub_fps=30.4 frames=504868 result_subs=1 roi=ok intrinsic=ok inference_age_ms=98 target=none transport=False sorting_thread=alive
14:21:57 [v4][heartbeat] enter=True sorting=False cam=LIVE ai=LIVE cam_fps=58.0 pub_fps=30.2 frames=505158 result_subs=1 roi=ok intrinsic=ok inference_age_ms=78 target=none transport=False sorting_thread=alive
14:22:02 [v4][heartbeat] enter=True sorting=False cam=LIVE ai=LIVE cam_fps=56.6 pub_fps=30.4 frames=505441 result_subs=1 roi=ok intrinsic=ok inference_age_ms=117 target=none transport=False sorting_thread=alive
14:22:07 [v4][heartbeat] enter=True sorting=False cam=LIVE ai=LIVE cam_fps=57.8 pub_fps=30.4 frames=505730 result_subs=1 roi=ok intrinsic=ok inference_age_ms=102 target=none transport=False sorting_thread=alive
14:22:12 [v4][heartbeat] enter=True sorting=False cam=LIVE ai=LIVE cam_fps=56.0 pub_fps=30.2 frames=506010 result_subs=1 roi=ok intrinsic=ok inference_age_ms=76 target=none transport=False sorting_thread=alive
14:22:17 [v4][heartbeat] enter=True sorting=False cam=LIVE ai=LIVE cam_fps=52.7 pub_fps=30.4 frames=506274 result_subs=1 roi=ok intrinsic=ok inference_age_ms=95 target=none transport=False sorting_thread=alive
14:22:22 [v4][heartbeat] enter=True sorting=False cam=LIVE ai=LIVE cam_fps=56.8 pub_fps=30.2 frames=506558 result_subs=1 roi=ok intrinsic=ok inference_age_ms=114 target=none transport=False sorting_thread=alive
14:22:27 [v4][heartbeat] enter=True sorting=False cam=LIVE ai=LIVE cam_fps=55.6 pub_fps=30.4 frames=506836 result_subs=1 roi=ok intrinsic=ok inference_age_ms=105 target=none transport=False sorting_thread=alive
14:22:32 [v4][heartbeat] enter=True sorting=False cam=LIVE ai=LIVE cam_fps=54.8 pub_fps=30.2 frames=507110 result_subs=1 roi=ok intrinsic=ok inference_age_ms=109 target=none transport=False sorting_thread=alive
14:22:37 [v4][heartbeat] enter=True sorting=False cam=LIVE ai=LIVE cam_fps=55.6 pub_fps=30.4 frames=507388 result_subs=1 roi=ok intrinsic=ok inference_age_ms=65 target=none transport=False sorting_thread=alive
14:22:42 [v4][heartbeat] enter=True sorting=False cam=LIVE ai=LIVE cam_fps=52.2 pub_fps=30.2 frames=507649 result_subs=1 roi=ok intrinsic=ok inference_age_ms=144 target=none transport=False sorting_thread=alive
14:22:47 [v4][heartbeat] enter=True sorting=False cam=LIVE ai=LIVE cam_fps=56.2 pub_fps=30.4 frames=507930 result_subs=1 roi=ok intrinsic=ok inference_age_ms=63 target=none transport=False sorting_thread=alive
14:22:52 [v4][heartbeat] enter=True sorting=False cam=LIVE ai=LIVE cam_fps=54.8 pub_fps=30.2 frames=508204 result_subs=1 roi=ok intrinsic=ok inference_age_ms=98 target=none transport=False sorting_thread=alive
14:22:57 [v4][heartbeat] enter=True sorting=False cam=LIVE ai=LIVE cam_fps=57.4 pub_fps=30.4 frames=508491 result_subs=1 roi=ok intrinsic=ok inference_age_ms=53 target=none transport=False sorting_thread=alive
14:23:02 [v4][heartbeat] enter=True sorting=False cam=LIVE ai=LIVE cam_fps=57.0 pub_fps=30.2 frames=508776 result_subs=1 roi=ok intrinsic=ok inference_age_ms=88 target=none transport=False sorting_thread=alive
14:23:07 [v4][heartbeat] enter=True sorting=False cam=LIVE ai=LIVE cam_fps=56.0 pub_fps=30.4 frames=509056 result_subs=1 roi=ok intrinsic=ok inference_age_ms=94 target=none transport=False sorting_thread=alive
14:23:12 [v4][heartbeat] enter=True sorting=False cam=LIVE ai=LIVE cam_fps=57.0 pub_fps=30.2 frames=509341 result_subs=1 roi=ok intrinsic=ok inference_age_ms=76 target=none transport=False sorting_thread=alive
14:23:17 [v4][heartbeat] enter=True sorting=False cam=LIVE ai=LIVE cam_fps=53.2 pub_fps=30.4 frames=509607 result_subs=1 roi=ok intrinsic=ok inference_age_ms=108 target=none transport=False sorting_thread=alive
14:23:22 [v4][heartbeat] enter=True sorting=False cam=LIVE ai=LIVE cam_fps=57.1 pub_fps=30.2 frames=509892 result_subs=1 roi=ok intrinsic=ok inference_age_ms=127 target=none transport=False sorting_thread=alive
14:23:27 [v4][heartbeat] enter=True sorting=False cam=LIVE ai=LIVE cam_fps=58.2 pub_fps=30.4 frames=510183 result_subs=1 roi=ok intrinsic=ok inference_age_ms=48 target=none transport=False sorting_thread=alive
14:23:32 [v4][heartbeat] enter=True sorting=False cam=LIVE ai=LIVE cam_fps=54.0 pub_fps=30.2 frames=510453 result_subs=1 roi=ok intrinsic=ok inference_age_ms=82 target=none transport=False sorting_thread=alive
14:23:37 [v4][heartbeat] enter=True sorting=False cam=LIVE ai=LIVE cam_fps=57.4 pub_fps=30.4 frames=510740 result_subs=1 roi=ok intrinsic=ok inference_age_ms=108 target=none transport=False sorting_thread=alive
14:23:42 [v4][heartbeat] enter=True sorting=False cam=LIVE ai=LIVE cam_fps=57.0 pub_fps=30.2 frames=511025 result_subs=1 roi=ok intrinsic=ok inference_age_ms=132 target=none transport=False sorting_thread=alive
14:23:47 [v4][heartbeat] enter=True sorting=False cam=LIVE ai=LIVE cam_fps=57.4 pub_fps=30.4 frames=511312 result_subs=1 roi=ok intrinsic=ok inference_age_ms=72 target=none transport=False sorting_thread=alive
14:23:52 [v4][heartbeat] enter=True sorting=False cam=LIVE ai=LIVE cam_fps=57.4 pub_fps=30.2 frames=511599 result_subs=1 roi=ok intrinsic=ok inference_age_ms=53 target=none transport=False sorting_thread=alive
14:23:57 [v4][heartbeat] enter=True sorting=False cam=LIVE ai=LIVE cam_fps=55.2 pub_fps=30.4 frames=511875 result_subs=1 roi=ok intrinsic=ok inference_age_ms=116 target=none transport=False sorting_thread=alive
14:24:02 [v4][heartbeat] enter=True sorting=False cam=LIVE ai=LIVE cam_fps=57.2 pub_fps=30.2 frames=512161 result_subs=1 roi=ok intrinsic=ok inference_age_ms=77 target=none transport=False sorting_thread=alive
14:24:07 [v4][heartbeat] enter=True sorting=False cam=LIVE ai=LIVE cam_fps=55.2 pub_fps=30.4 frames=512437 result_subs=1 roi=ok intrinsic=ok inference_age_ms=63 target=none transport=False sorting_thread=alive
14:24:12 [v4][heartbeat] enter=True sorting=False cam=LIVE ai=LIVE cam_fps=53.8 pub_fps=30.2 frames=512706 result_subs=1 roi=ok intrinsic=ok inference_age_ms=63 target=none transport=False sorting_thread=alive
14:24:17 [v4][heartbeat] enter=True sorting=False cam=LIVE ai=LIVE cam_fps=58.7 pub_fps=30.4 frames=513000 result_subs=1 roi=ok intrinsic=ok inference_age_ms=75 target=none transport=False sorting_thread=alive
14:24:22 [v4][heartbeat] enter=True sorting=False cam=LIVE ai=LIVE cam_fps=55.0 pub_fps=30.2 frames=513275 result_subs=1 roi=ok intrinsic=ok inference_age_ms=136 target=none transport=False sorting_thread=alive
14:24:27 [v4][heartbeat] enter=True sorting=False cam=LIVE ai=LIVE cam_fps=56.5 pub_fps=30.4 frames=513558 result_subs=1 roi=ok intrinsic=ok inference_age_ms=98 target=none transport=False sorting_thread=alive
14:24:32 [v4][heartbeat] enter=True sorting=False cam=LIVE ai=LIVE cam_fps=56.4 pub_fps=30.2 frames=513840 result_subs=1 roi=ok intrinsic=ok inference_age_ms=79 target=none transport=False sorting_thread=alive
14:24:37 [v4][heartbeat] enter=True sorting=False cam=LIVE ai=LIVE cam_fps=56.5 pub_fps=30.4 frames=514122 result_subs=1 roi=ok intrinsic=ok inference_age_ms=76 target=none transport=False sorting_thread=alive
14:24:42 [v4][heartbeat] enter=True sorting=False cam=LIVE ai=LIVE cam_fps=57.6 pub_fps=30.2 frames=514410 result_subs=1 roi=ok intrinsic=ok inference_age_ms=89 target=none transport=False sorting_thread=alive
14:24:47 [v4][heartbeat] enter=True sorting=False cam=LIVE ai=LIVE cam_fps=55.1 pub_fps=30.4 frames=514686 result_subs=1 roi=ok intrinsic=ok inference_age_ms=89 target=none transport=False sorting_thread=alive
14:24:52 [v4][heartbeat] enter=True sorting=False cam=LIVE ai=LIVE cam_fps=56.8 pub_fps=30.4 frames=514970 result_subs=1 roi=ok intrinsic=ok inference_age_ms=105 target=none transport=False sorting_thread=alive
14:24:57 [v4][heartbeat] enter=True sorting=False cam=LIVE ai=LIVE cam_fps=56.2 pub_fps=30.2 frames=515251 result_subs=1 roi=ok intrinsic=ok inference_age_ms=133 target=none transport=False sorting_thread=alive
14:25:02 [v4][heartbeat] enter=True sorting=False cam=LIVE ai=LIVE cam_fps=55.2 pub_fps=30.2 frames=515527 result_subs=1 roi=ok intrinsic=ok inference_age_ms=77 target=none transport=False sorting_thread=alive
14:25:07 [v4][heartbeat] enter=True sorting=False cam=LIVE ai=LIVE cam_fps=57.8 pub_fps=30.4 frames=515816 result_subs=1 roi=ok intrinsic=ok inference_age_ms=100 target=none transport=False sorting_thread=alive
14:25:12 [v4][heartbeat] enter=True sorting=False cam=LIVE ai=LIVE cam_fps=54.7 pub_fps=30.4 frames=516090 result_subs=1 roi=ok intrinsic=ok inference_age_ms=108 target=none transport=False sorting_thread=alive
14:25:17 [v4][heartbeat] enter=True sorting=False cam=LIVE ai=LIVE cam_fps=57.3 pub_fps=30.2 frames=516376 result_subs=1 roi=ok intrinsic=ok inference_age_ms=65 target=none transport=False sorting_thread=alive
14:25:22 [v4][heartbeat] enter=True sorting=False cam=LIVE ai=LIVE cam_fps=57.6 pub_fps=30.4 frames=516664 result_subs=1 roi=ok intrinsic=ok inference_age_ms=96 target=none transport=False sorting_thread=alive
14:25:27 [v4][heartbeat] enter=True sorting=False cam=LIVE ai=LIVE cam_fps=54.6 pub_fps=30.2 frames=516937 result_subs=1 roi=ok intrinsic=ok inference_age_ms=76 target=none transport=False sorting_thread=alive
14:25:32 [v4][heartbeat] enter=True sorting=False cam=LIVE ai=LIVE cam_fps=57.2 pub_fps=30.4 frames=517223 result_subs=1 roi=ok intrinsic=ok inference_age_ms=58 target=none transport=False sorting_thread=alive
14:25:37 [v4][heartbeat] enter=True sorting=False cam=LIVE ai=LIVE cam_fps=54.6 pub_fps=30.2 frames=517496 result_subs=1 roi=ok intrinsic=ok inference_age_ms=103 target=none transport=False sorting_thread=alive
14:25:42 [v4][heartbeat] enter=True sorting=False cam=LIVE ai=LIVE cam_fps=55.8 pub_fps=30.4 frames=517775 result_subs=1 roi=ok intrinsic=ok inference_age_ms=135 target=none transport=False sorting_thread=alive
14:25:47 [v4][heartbeat] enter=True sorting=False cam=LIVE ai=LIVE cam_fps=56.8 pub_fps=30.2 frames=518059 result_subs=1 roi=ok intrinsic=ok inference_age_ms=90 target=none transport=False sorting_thread=alive
14:25:52 [v4][heartbeat] enter=True sorting=False cam=LIVE ai=LIVE cam_fps=55.5 pub_fps=30.4 frames=518336 result_subs=1 roi=ok intrinsic=ok inference_age_ms=67 target=none transport=False sorting_thread=alive
14:25:57 [v4][heartbeat] enter=True sorting=False cam=LIVE ai=LIVE cam_fps=56.6 pub_fps=30.2 frames=518619 result_subs=1 roi=ok intrinsic=ok inference_age_ms=84 target=none transport=False sorting_thread=alive
14:26:02 [v4][heartbeat] enter=True sorting=False cam=LIVE ai=LIVE cam_fps=56.4 pub_fps=30.4 frames=518901 result_subs=1 roi=ok intrinsic=ok inference_age_ms=87 target=none transport=False sorting_thread=alive
14:26:07 [v4][heartbeat] enter=True sorting=False cam=LIVE ai=LIVE cam_fps=55.2 pub_fps=30.2 frames=519177 result_subs=1 roi=ok intrinsic=ok inference_age_ms=109 target=none transport=False sorting_thread=alive
14:26:12 [v4][heartbeat] enter=True sorting=False cam=LIVE ai=LIVE cam_fps=58.0 pub_fps=30.4 frames=519467 result_subs=1 roi=ok intrinsic=ok inference_age_ms=81 target=none transport=False sorting_thread=alive
14:26:17 [v4][heartbeat] enter=True sorting=False cam=LIVE ai=LIVE cam_fps=54.0 pub_fps=30.2 frames=519737 result_subs=1 roi=ok intrinsic=ok inference_age_ms=74 target=none transport=False sorting_thread=alive
14:26:22 [v4][heartbeat] enter=True sorting=False cam=LIVE ai=LIVE cam_fps=57.0 pub_fps=30.4 frames=520022 result_subs=1 roi=ok intrinsic=ok inference_age_ms=87 target=none transport=False sorting_thread=alive
14:26:27 [v4][heartbeat] enter=True sorting=False cam=LIVE ai=LIVE cam_fps=57.2 pub_fps=30.2 frames=520308 result_subs=1 roi=ok intrinsic=ok inference_age_ms=48 target=none transport=False sorting_thread=alive
14:26:32 [v4][heartbeat] enter=True sorting=False cam=LIVE ai=LIVE cam_fps=54.6 pub_fps=30.4 frames=520581 result_subs=1 roi=ok intrinsic=ok inference_age_ms=84 target=none transport=False sorting_thread=alive
14:26:37 [v4][heartbeat] enter=True sorting=False cam=LIVE ai=LIVE cam_fps=56.6 pub_fps=30.2 frames=520864 result_subs=1 roi=ok intrinsic=ok inference_age_ms=97 target=none transport=False sorting_thread=alive
14:26:42 [v4][heartbeat] enter=True sorting=False cam=LIVE ai=LIVE cam_fps=54.8 pub_fps=30.4 frames=521138 result_subs=1 roi=ok intrinsic=ok inference_age_ms=84 target=none transport=False sorting_thread=alive
14:26:47 [v4][heartbeat] enter=True sorting=False cam=LIVE ai=LIVE cam_fps=55.4 pub_fps=30.2 frames=521415 result_subs=1 roi=ok intrinsic=ok inference_age_ms=79 target=none transport=False sorting_thread=alive
14:26:52 [v4][heartbeat] enter=True sorting=False cam=LIVE ai=LIVE cam_fps=56.8 pub_fps=30.4 frames=521699 result_subs=1 roi=ok intrinsic=ok inference_age_ms=73 target=none transport=False sorting_thread=alive
14:26:57 [v4][heartbeat] enter=True sorting=False cam=LIVE ai=LIVE cam_fps=53.6 pub_fps=30.2 frames=521967 result_subs=1 roi=ok intrinsic=ok inference_age_ms=107 target=none transport=False sorting_thread=alive
14:27:02 [v4][heartbeat] enter=True sorting=False cam=LIVE ai=LIVE cam_fps=58.2 pub_fps=30.4 frames=522258 result_subs=1 roi=ok intrinsic=ok inference_age_ms=80 target=none transport=False sorting_thread=alive
14:27:07 [v4][heartbeat] enter=True sorting=False cam=LIVE ai=LIVE cam_fps=55.8 pub_fps=30.2 frames=522537 result_subs=1 roi=ok intrinsic=ok inference_age_ms=109 target=none transport=False sorting_thread=alive
14:27:12 [v4][heartbeat] enter=True sorting=False cam=LIVE ai=LIVE cam_fps=56.0 pub_fps=30.4 frames=522817 result_subs=1 roi=ok intrinsic=ok inference_age_ms=77 target=none transport=False sorting_thread=alive
14:27:17 [v4][heartbeat] enter=True sorting=False cam=LIVE ai=LIVE cam_fps=57.2 pub_fps=30.2 frames=523103 result_subs=1 roi=ok intrinsic=ok inference_age_ms=88 target=none transport=False sorting_thread=alive
14:27:22 [v4][heartbeat] enter=True sorting=False cam=LIVE ai=LIVE cam_fps=53.2 pub_fps=30.4 frames=523369 result_subs=1 roi=ok intrinsic=ok inference_age_ms=74 target=none transport=False sorting_thread=alive
14:27:27 [v4][heartbeat] enter=True sorting=False cam=LIVE ai=LIVE cam_fps=56.2 pub_fps=30.2 frames=523650 result_subs=1 roi=ok intrinsic=ok inference_age_ms=73 target=none transport=False sorting_thread=alive
14:27:32 [v4][heartbeat] enter=True sorting=False cam=LIVE ai=LIVE cam_fps=53.4 pub_fps=30.4 frames=523917 result_subs=1 roi=ok intrinsic=ok inference_age_ms=103 target=none transport=False sorting_thread=alive
14:27:37 [v4][heartbeat] enter=True sorting=False cam=LIVE ai=LIVE cam_fps=55.6 pub_fps=30.4 frames=524195 result_subs=1 roi=ok intrinsic=ok inference_age_ms=119 target=none transport=False sorting_thread=alive
14:27:42 [v4][heartbeat] enter=True sorting=False cam=LIVE ai=LIVE cam_fps=56.6 pub_fps=30.2 frames=524478 result_subs=1 roi=ok intrinsic=ok inference_age_ms=77 target=none transport=False sorting_thread=alive
14:27:47 [v4][heartbeat] enter=True sorting=False cam=LIVE ai=LIVE cam_fps=54.6 pub_fps=30.2 frames=524751 result_subs=1 roi=ok intrinsic=ok inference_age_ms=92 target=none transport=False sorting_thread=alive
14:27:52 [v4][heartbeat] enter=True sorting=False cam=LIVE ai=LIVE cam_fps=57.2 pub_fps=30.4 frames=525037 result_subs=1 roi=ok intrinsic=ok inference_age_ms=75 target=none transport=False sorting_thread=alive
14:27:57 [v4][heartbeat] enter=True sorting=False cam=LIVE ai=LIVE cam_fps=52.8 pub_fps=30.4 frames=525301 result_subs=1 roi=ok intrinsic=ok inference_age_ms=116 target=none transport=False sorting_thread=alive
14:28:02 [v4][heartbeat] enter=True sorting=False cam=LIVE ai=LIVE cam_fps=55.4 pub_fps=30.2 frames=525578 result_subs=1 roi=ok intrinsic=ok inference_age_ms=91 target=none transport=False sorting_thread=alive
14:28:07 [v4][heartbeat] enter=True sorting=False cam=LIVE ai=LIVE cam_fps=56.8 pub_fps=30.4 frames=525862 result_subs=1 roi=ok intrinsic=ok inference_age_ms=63 target=none transport=False sorting_thread=alive
14:28:12 [v4][heartbeat] enter=True sorting=False cam=LIVE ai=LIVE cam_fps=51.4 pub_fps=30.2 frames=526119 result_subs=1 roi=ok intrinsic=ok inference_age_ms=67 target=none transport=False sorting_thread=alive
14:28:17 [v4][heartbeat] enter=True sorting=False cam=LIVE ai=LIVE cam_fps=56.4 pub_fps=30.4 frames=526401 result_subs=1 roi=ok intrinsic=ok inference_age_ms=104 target=none transport=False sorting_thread=alive
14:28:22 [v4][heartbeat] enter=True sorting=False cam=LIVE ai=LIVE cam_fps=56.6 pub_fps=30.2 frames=526684 result_subs=1 roi=ok intrinsic=ok inference_age_ms=89 target=none transport=False sorting_thread=alive
14:28:27 [v4][heartbeat] enter=True sorting=False cam=LIVE ai=LIVE cam_fps=52.2 pub_fps=30.4 frames=526945 result_subs=1 roi=ok intrinsic=ok inference_age_ms=118 target=none transport=False sorting_thread=alive
14:28:32 [v4][heartbeat] enter=True sorting=False cam=LIVE ai=LIVE cam_fps=55.2 pub_fps=30.2 frames=527221 result_subs=1 roi=ok intrinsic=ok inference_age_ms=108 target=none transport=False sorting_thread=alive
14:28:37 [v4][heartbeat] enter=True sorting=False cam=LIVE ai=LIVE cam_fps=55.6 pub_fps=30.4 frames=527499 result_subs=1 roi=ok intrinsic=ok inference_age_ms=111 target=none transport=False sorting_thread=alive
14:28:42 [v4][heartbeat] enter=True sorting=False cam=LIVE ai=LIVE cam_fps=56.6 pub_fps=30.2 frames=527782 result_subs=1 roi=ok intrinsic=ok inference_age_ms=111 target=none transport=False sorting_thread=alive
14:28:47 [v4][heartbeat] enter=True sorting=False cam=LIVE ai=LIVE cam_fps=56.3 pub_fps=30.4 frames=528064 result_subs=1 roi=ok intrinsic=ok inference_age_ms=67 target=none transport=False sorting_thread=alive
14:28:52 [v4][heartbeat] enter=True sorting=False cam=LIVE ai=LIVE cam_fps=52.5 pub_fps=30.2 frames=528326 result_subs=1 roi=ok intrinsic=ok inference_age_ms=98 target=none transport=False sorting_thread=alive
14:28:57 [v4][heartbeat] enter=True sorting=False cam=LIVE ai=LIVE cam_fps=57.2 pub_fps=30.4 frames=528612 result_subs=1 roi=ok intrinsic=ok inference_age_ms=98 target=none transport=False sorting_thread=alive
14:29:02 [v4][heartbeat] enter=True sorting=False cam=LIVE ai=LIVE cam_fps=52.0 pub_fps=30.2 frames=528872 result_subs=1 roi=ok intrinsic=ok inference_age_ms=95 target=none transport=False sorting_thread=alive
14:29:07 [v4][heartbeat] enter=True sorting=False cam=LIVE ai=LIVE cam_fps=55.6 pub_fps=30.4 frames=529150 result_subs=1 roi=ok intrinsic=ok inference_age_ms=68 target=none transport=False sorting_thread=alive
14:29:12 [v4][heartbeat] enter=True sorting=False cam=LIVE ai=LIVE cam_fps=57.4 pub_fps=30.2 frames=529437 result_subs=1 roi=ok intrinsic=ok inference_age_ms=99 target=none transport=False sorting_thread=alive
14:29:17 [v4][heartbeat] enter=True sorting=False cam=LIVE ai=LIVE cam_fps=53.0 pub_fps=30.4 frames=529702 result_subs=1 roi=ok intrinsic=ok inference_age_ms=80 target=none transport=False sorting_thread=alive
14:29:22 [v4][heartbeat] enter=True sorting=False cam=LIVE ai=LIVE cam_fps=56.2 pub_fps=30.2 frames=529983 result_subs=1 roi=ok intrinsic=ok inference_age_ms=53 target=none transport=False sorting_thread=alive
14:29:27 [v4][heartbeat] enter=True sorting=False cam=LIVE ai=LIVE cam_fps=54.8 pub_fps=30.4 frames=530257 result_subs=1 roi=ok intrinsic=ok inference_age_ms=130 target=none transport=False sorting_thread=alive
14:29:32 [v4][heartbeat] enter=True sorting=False cam=LIVE ai=LIVE cam_fps=56.4 pub_fps=30.2 frames=530539 result_subs=1 roi=ok intrinsic=ok inference_age_ms=79 target=none transport=False sorting_thread=alive
14:29:37 [v4][heartbeat] enter=True sorting=False cam=LIVE ai=LIVE cam_fps=56.5 pub_fps=30.4 frames=530821 result_subs=1 roi=ok intrinsic=ok inference_age_ms=108 target=none transport=False sorting_thread=alive
14:29:42 [v4][heartbeat] enter=True sorting=False cam=LIVE ai=LIVE cam_fps=53.6 pub_fps=30.2 frames=531089 result_subs=1 roi=ok intrinsic=ok inference_age_ms=79 target=none transport=False sorting_thread=alive
14:29:47 [v4][heartbeat] enter=True sorting=False cam=LIVE ai=LIVE cam_fps=58.4 pub_fps=30.4 frames=531381 result_subs=1 roi=ok intrinsic=ok inference_age_ms=122 target=none transport=False sorting_thread=alive
14:29:52 [v4][heartbeat] enter=True sorting=False cam=LIVE ai=LIVE cam_fps=54.6 pub_fps=30.2 frames=531654 result_subs=1 roi=ok intrinsic=ok inference_age_ms=109 target=none transport=False sorting_thread=alive
14:29:57 [v4][heartbeat] enter=True sorting=False cam=LIVE ai=LIVE cam_fps=53.2 pub_fps=30.4 frames=531920 result_subs=1 roi=ok intrinsic=ok inference_age_ms=95 target=none transport=False sorting_thread=alive
14:30:02 [v4][heartbeat] enter=True sorting=False cam=LIVE ai=LIVE cam_fps=56.1 pub_fps=30.1 frames=532201 result_subs=1 roi=ok intrinsic=ok inference_age_ms=74 target=none transport=False sorting_thread=alive
14:30:07 [v4][heartbeat] enter=True sorting=False cam=LIVE ai=LIVE cam_fps=55.1 pub_fps=30.5 frames=532476 result_subs=1 roi=ok intrinsic=ok inference_age_ms=94 target=none transport=False sorting_thread=alive
14:30:12 [v4][heartbeat] enter=True sorting=False cam=LIVE ai=LIVE cam_fps=54.6 pub_fps=30.2 frames=532749 result_subs=1 roi=ok intrinsic=ok inference_age_ms=82 target=none transport=False sorting_thread=alive
14:30:17 [v4][heartbeat] enter=True sorting=False cam=LIVE ai=LIVE cam_fps=52.8 pub_fps=30.4 frames=533013 result_subs=1 roi=ok intrinsic=ok inference_age_ms=127 target=none transport=False sorting_thread=alive
14:30:22 [v4][heartbeat] enter=True sorting=False cam=LIVE ai=LIVE cam_fps=56.0 pub_fps=30.4 frames=533293 result_subs=1 roi=ok intrinsic=ok inference_age_ms=67 target=none transport=False sorting_thread=alive
14:30:27 [v4][heartbeat] enter=True sorting=False cam=LIVE ai=LIVE cam_fps=56.8 pub_fps=30.2 frames=533577 result_subs=1 roi=ok intrinsic=ok inference_age_ms=65 target=none transport=False sorting_thread=alive
14:30:32 [v4][heartbeat] enter=True sorting=False cam=LIVE ai=LIVE cam_fps=52.3 pub_fps=30.4 frames=533839 result_subs=1 roi=ok intrinsic=ok inference_age_ms=121 target=none transport=False sorting_thread=alive
14:30:37 [v4][heartbeat] enter=True sorting=False cam=LIVE ai=LIVE cam_fps=56.1 pub_fps=30.2 frames=534119 result_subs=1 roi=ok intrinsic=ok inference_age_ms=44 target=none transport=False sorting_thread=alive
14:30:42 [v4][heartbeat] enter=True sorting=False cam=LIVE ai=LIVE cam_fps=54.0 pub_fps=30.4 frames=534389 result_subs=1 roi=ok intrinsic=ok inference_age_ms=96 target=none transport=False sorting_thread=alive
14:30:47 [v4][heartbeat] enter=True sorting=False cam=LIVE ai=LIVE cam_fps=54.4 pub_fps=30.2 frames=534661 result_subs=1 roi=ok intrinsic=ok inference_age_ms=102 target=none transport=False sorting_thread=alive
14:30:52 [v4][heartbeat] enter=True sorting=False cam=LIVE ai=LIVE cam_fps=57.8 pub_fps=30.4 frames=534950 result_subs=1 roi=ok intrinsic=ok inference_age_ms=85 target=none transport=False sorting_thread=alive
14:30:57 [v4][heartbeat] enter=True sorting=False cam=LIVE ai=LIVE cam_fps=53.4 pub_fps=30.2 frames=535217 result_subs=1 roi=ok intrinsic=ok inference_age_ms=59 target=none transport=False sorting_thread=alive
14:31:02 [v4][heartbeat] enter=True sorting=False cam=LIVE ai=LIVE cam_fps=57.4 pub_fps=30.4 frames=535504 result_subs=1 roi=ok intrinsic=ok inference_age_ms=106 target=none transport=False sorting_thread=alive
14:31:07 [v4][heartbeat] enter=True sorting=False cam=LIVE ai=LIVE cam_fps=55.6 pub_fps=30.2 frames=535782 result_subs=1 roi=ok intrinsic=ok inference_age_ms=62 target=none transport=False sorting_thread=alive
14:31:12 [v4][heartbeat] enter=True sorting=False cam=LIVE ai=LIVE cam_fps=55.0 pub_fps=30.2 frames=536057 result_subs=1 roi=ok intrinsic=ok inference_age_ms=74 target=none transport=False sorting_thread=alive
14:31:17 [v4][heartbeat] enter=True sorting=False cam=LIVE ai=LIVE cam_fps=57.6 pub_fps=30.4 frames=536345 result_subs=1 roi=ok intrinsic=ok inference_age_ms=69 target=none transport=False sorting_thread=alive
14:31:22 [v4][heartbeat] enter=True sorting=False cam=LIVE ai=LIVE cam_fps=53.4 pub_fps=30.4 frames=536612 result_subs=1 roi=ok intrinsic=ok inference_age_ms=81 target=none transport=False sorting_thread=alive
14:31:27 [v4][heartbeat] enter=True sorting=False cam=LIVE ai=LIVE cam_fps=56.0 pub_fps=30.2 frames=536892 result_subs=1 roi=ok intrinsic=ok inference_age_ms=109 target=none transport=False sorting_thread=alive
14:31:32 [v4][heartbeat] enter=True sorting=False cam=LIVE ai=LIVE cam_fps=57.4 pub_fps=30.4 frames=537179 result_subs=1 roi=ok intrinsic=ok inference_age_ms=84 target=none transport=False sorting_thread=alive
14:31:37 [v4][heartbeat] enter=True sorting=False cam=LIVE ai=LIVE cam_fps=54.8 pub_fps=30.2 frames=537453 result_subs=1 roi=ok intrinsic=ok inference_age_ms=95 target=none transport=False sorting_thread=alive
14:31:42 [v4][heartbeat] enter=True sorting=False cam=LIVE ai=LIVE cam_fps=57.6 pub_fps=30.4 frames=537741 result_subs=1 roi=ok intrinsic=ok inference_age_ms=90 target=none transport=False sorting_thread=alive
14:31:47 [v4][heartbeat] enter=True sorting=False cam=LIVE ai=LIVE cam_fps=54.4 pub_fps=30.2 frames=538013 result_subs=1 roi=ok intrinsic=ok inference_age_ms=86 target=none transport=False sorting_thread=alive
14:31:52 [v4][heartbeat] enter=True sorting=False cam=LIVE ai=LIVE cam_fps=55.8 pub_fps=30.4 frames=538292 result_subs=1 roi=ok intrinsic=ok inference_age_ms=67 target=none transport=False sorting_thread=alive
14:31:57 [v4][heartbeat] enter=True sorting=False cam=LIVE ai=LIVE cam_fps=56.8 pub_fps=30.2 frames=538576 result_subs=1 roi=ok intrinsic=ok inference_age_ms=121 target=none transport=False sorting_thread=alive
14:32:02 [v4][heartbeat] enter=True sorting=False cam=LIVE ai=LIVE cam_fps=52.0 pub_fps=30.4 frames=538836 result_subs=1 roi=ok intrinsic=ok inference_age_ms=66 target=none transport=False sorting_thread=alive
14:32:07 [v4][heartbeat] enter=True sorting=False cam=LIVE ai=LIVE cam_fps=56.2 pub_fps=30.2 frames=539117 result_subs=1 roi=ok intrinsic=ok inference_age_ms=56 target=none transport=False sorting_thread=alive
14:32:12 [v4][heartbeat] enter=True sorting=False cam=LIVE ai=LIVE cam_fps=54.9 pub_fps=30.4 frames=539392 result_subs=1 roi=ok intrinsic=ok inference_age_ms=97 target=none transport=False sorting_thread=alive
14:32:17 [v4][heartbeat] enter=True sorting=False cam=LIVE ai=LIVE cam_fps=55.6 pub_fps=30.2 frames=539670 result_subs=1 roi=ok intrinsic=ok inference_age_ms=53 target=none transport=False sorting_thread=alive
14:32:22 [v4][heartbeat] enter=True sorting=False cam=LIVE ai=LIVE cam_fps=56.0 pub_fps=30.4 frames=539950 result_subs=1 roi=ok intrinsic=ok inference_age_ms=87 target=none transport=False sorting_thread=alive
14:32:27 [v4][heartbeat] enter=True sorting=False cam=LIVE ai=LIVE cam_fps=55.8 pub_fps=30.2 frames=540229 result_subs=1 roi=ok intrinsic=ok inference_age_ms=84 target=none transport=False sorting_thread=alive
14:32:32 [v4][heartbeat] enter=True sorting=False cam=LIVE ai=LIVE cam_fps=58.0 pub_fps=30.4 frames=540519 result_subs=1 roi=ok intrinsic=ok inference_age_ms=126 target=none transport=False sorting_thread=alive
14:32:37 [v4][heartbeat] enter=True sorting=False cam=LIVE ai=LIVE cam_fps=55.4 pub_fps=30.2 frames=540796 result_subs=1 roi=ok intrinsic=ok inference_age_ms=97 target=none transport=False sorting_thread=alive
14:32:42 [v4][heartbeat] enter=True sorting=False cam=LIVE ai=LIVE cam_fps=55.5 pub_fps=30.4 frames=541074 result_subs=1 roi=ok intrinsic=ok inference_age_ms=99 target=none transport=False sorting_thread=alive
14:32:47 [v4][heartbeat] enter=True sorting=False cam=LIVE ai=LIVE cam_fps=58.0 pub_fps=30.2 frames=541364 result_subs=1 roi=ok intrinsic=ok inference_age_ms=54 target=none transport=False sorting_thread=alive
14:32:52 [v4][heartbeat] enter=True sorting=False cam=LIVE ai=LIVE cam_fps=52.8 pub_fps=30.4 frames=541628 result_subs=1 roi=ok intrinsic=ok inference_age_ms=91 target=none transport=False sorting_thread=alive
14:32:57 [v4][heartbeat] enter=True sorting=False cam=LIVE ai=LIVE cam_fps=56.0 pub_fps=30.2 frames=541908 result_subs=1 roi=ok intrinsic=ok inference_age_ms=76 target=none transport=False sorting_thread=alive
14:33:02 [v4][heartbeat] enter=True sorting=False cam=LIVE ai=LIVE cam_fps=54.4 pub_fps=30.4 frames=542180 result_subs=1 roi=ok intrinsic=ok inference_age_ms=92 target=none transport=False sorting_thread=alive
14:33:07 [v4][heartbeat] enter=True sorting=False cam=LIVE ai=LIVE cam_fps=53.6 pub_fps=30.2 frames=542448 result_subs=1 roi=ok intrinsic=ok inference_age_ms=71 target=none transport=False sorting_thread=alive
14:33:12 [v4][heartbeat] enter=True sorting=False cam=LIVE ai=LIVE cam_fps=56.2 pub_fps=30.4 frames=542729 result_subs=1 roi=ok intrinsic=ok inference_age_ms=82 target=none transport=False sorting_thread=alive
14:33:17 [v4][heartbeat] enter=True sorting=False cam=LIVE ai=LIVE cam_fps=53.6 pub_fps=30.4 frames=542997 result_subs=1 roi=ok intrinsic=ok inference_age_ms=69 target=none transport=False sorting_thread=alive
14:33:22 [v4][heartbeat] enter=True sorting=False cam=LIVE ai=LIVE cam_fps=54.0 pub_fps=30.2 frames=543267 result_subs=1 roi=ok intrinsic=ok inference_age_ms=126 target=none transport=False sorting_thread=alive
14:33:27 [v4][heartbeat] enter=True sorting=False cam=LIVE ai=LIVE cam_fps=55.0 pub_fps=30.4 frames=543542 result_subs=1 roi=ok intrinsic=ok inference_age_ms=85 target=none transport=False sorting_thread=alive
14:33:32 [v4][heartbeat] enter=True sorting=False cam=LIVE ai=LIVE cam_fps=54.0 pub_fps=30.2 frames=543812 result_subs=1 roi=ok intrinsic=ok inference_age_ms=87 target=none transport=False sorting_thread=alive
14:33:37 [v4][heartbeat] enter=True sorting=False cam=LIVE ai=LIVE cam_fps=57.4 pub_fps=30.4 frames=544099 result_subs=1 roi=ok intrinsic=ok inference_age_ms=112 target=none transport=False sorting_thread=alive
14:33:42 [v4][heartbeat] enter=True sorting=False cam=LIVE ai=LIVE cam_fps=55.4 pub_fps=30.2 frames=544376 result_subs=1 roi=ok intrinsic=ok inference_age_ms=76 target=none transport=False sorting_thread=alive
14:33:47 [v4][heartbeat] enter=True sorting=False cam=LIVE ai=LIVE cam_fps=54.6 pub_fps=30.4 frames=544649 result_subs=1 roi=ok intrinsic=ok inference_age_ms=112 target=none transport=False sorting_thread=alive
14:33:52 [v4][heartbeat] enter=True sorting=False cam=LIVE ai=LIVE cam_fps=56.5 pub_fps=30.2 frames=544931 result_subs=1 roi=ok intrinsic=ok inference_age_ms=90 target=none transport=False sorting_thread=alive
14:33:57 [v4][heartbeat] enter=True sorting=False cam=LIVE ai=LIVE cam_fps=52.0 pub_fps=30.4 frames=545191 result_subs=1 roi=ok intrinsic=ok inference_age_ms=94 target=none transport=False sorting_thread=alive
14:34:02 [v4][heartbeat] enter=True sorting=False cam=LIVE ai=LIVE cam_fps=56.0 pub_fps=30.2 frames=545471 result_subs=1 roi=ok intrinsic=ok inference_age_ms=126 target=none transport=False sorting_thread=alive
14:34:07 [v4][heartbeat] enter=True sorting=False cam=LIVE ai=LIVE cam_fps=55.8 pub_fps=30.4 frames=545750 result_subs=1 roi=ok intrinsic=ok inference_age_ms=94 target=none transport=False sorting_thread=alive
14:34:12 [v4][heartbeat] enter=True sorting=False cam=LIVE ai=LIVE cam_fps=54.0 pub_fps=30.2 frames=546020 result_subs=1 roi=ok intrinsic=ok inference_age_ms=76 target=none transport=False sorting_thread=alive
14:34:17 [v4][heartbeat] enter=True sorting=False cam=LIVE ai=LIVE cam_fps=57.6 pub_fps=30.4 frames=546308 result_subs=1 roi=ok intrinsic=ok inference_age_ms=60 target=none transport=False sorting_thread=alive
14:34:22 [v4][heartbeat] enter=True sorting=False cam=LIVE ai=LIVE cam_fps=53.2 pub_fps=30.2 frames=546574 result_subs=1 roi=ok intrinsic=ok inference_age_ms=41 target=none transport=False sorting_thread=alive
14:34:27 [v4][heartbeat] enter=True sorting=False cam=LIVE ai=LIVE cam_fps=56.2 pub_fps=30.4 frames=546855 result_subs=1 roi=ok intrinsic=ok inference_age_ms=89 target=none transport=False sorting_thread=alive
14:34:32 [v4][heartbeat] enter=True sorting=False cam=LIVE ai=LIVE cam_fps=53.8 pub_fps=30.2 frames=547124 result_subs=1 roi=ok intrinsic=ok inference_age_ms=56 target=none transport=False sorting_thread=alive
14:34:37 [v4][heartbeat] enter=True sorting=False cam=LIVE ai=LIVE cam_fps=56.0 pub_fps=30.4 frames=547404 result_subs=1 roi=ok intrinsic=ok inference_age_ms=117 target=none transport=False sorting_thread=alive
14:34:42 [v4][heartbeat] enter=True sorting=False cam=LIVE ai=LIVE cam_fps=56.8 pub_fps=30.2 frames=547688 result_subs=1 roi=ok intrinsic=ok inference_age_ms=59 target=none transport=False sorting_thread=alive
14:34:47 [v4][heartbeat] enter=True sorting=False cam=LIVE ai=LIVE cam_fps=55.2 pub_fps=30.4 frames=547964 result_subs=1 roi=ok intrinsic=ok inference_age_ms=119 target=none transport=False sorting_thread=alive
14:34:52 [v4][heartbeat] enter=True sorting=False cam=LIVE ai=LIVE cam_fps=55.8 pub_fps=30.2 frames=548243 result_subs=1 roi=ok intrinsic=ok inference_age_ms=59 target=none transport=False sorting_thread=alive
14:34:57 [v4][heartbeat] enter=True sorting=False cam=LIVE ai=LIVE cam_fps=54.2 pub_fps=30.4 frames=548514 result_subs=1 roi=ok intrinsic=ok inference_age_ms=104 target=none transport=False sorting_thread=alive
14:35:02 [v4][heartbeat] enter=True sorting=False cam=LIVE ai=LIVE cam_fps=53.6 pub_fps=30.2 frames=548782 result_subs=1 roi=ok intrinsic=ok inference_age_ms=64 target=none transport=False sorting_thread=alive
14:35:07 [v4][heartbeat] enter=True sorting=False cam=LIVE ai=LIVE cam_fps=56.8 pub_fps=30.4 frames=549066 result_subs=1 roi=ok intrinsic=ok inference_age_ms=98 target=none transport=False sorting_thread=alive
14:35:12 [v4][heartbeat] enter=True sorting=False cam=LIVE ai=LIVE cam_fps=55.0 pub_fps=30.2 frames=549341 result_subs=1 roi=ok intrinsic=ok inference_age_ms=110 target=none transport=False sorting_thread=alive
14:35:17 [v4][heartbeat] enter=True sorting=False cam=LIVE ai=LIVE cam_fps=56.4 pub_fps=30.4 frames=549623 result_subs=1 roi=ok intrinsic=ok inference_age_ms=81 target=none transport=False sorting_thread=alive
14:35:22 [v4][heartbeat] enter=True sorting=False cam=LIVE ai=LIVE cam_fps=54.8 pub_fps=30.2 frames=549897 result_subs=1 roi=ok intrinsic=ok inference_age_ms=108 target=none transport=False sorting_thread=alive
14:35:27 [v4][heartbeat] enter=True sorting=False cam=LIVE ai=LIVE cam_fps=52.6 pub_fps=30.4 frames=550160 result_subs=1 roi=ok intrinsic=ok inference_age_ms=95 target=none transport=False sorting_thread=alive
14:35:32 [v4][heartbeat] enter=True sorting=False cam=LIVE ai=LIVE cam_fps=55.2 pub_fps=30.2 frames=550436 result_subs=1 roi=ok intrinsic=ok inference_age_ms=125 target=none transport=False sorting_thread=alive
14:35:37 [v4][heartbeat] enter=True sorting=False cam=LIVE ai=LIVE cam_fps=53.6 pub_fps=30.4 frames=550704 result_subs=1 roi=ok intrinsic=ok inference_age_ms=115 target=none transport=False sorting_thread=alive
14:35:42 [v4][heartbeat] enter=True sorting=False cam=LIVE ai=LIVE cam_fps=55.0 pub_fps=30.2 frames=550979 result_subs=1 roi=ok intrinsic=ok inference_age_ms=85 target=none transport=False sorting_thread=alive
14:35:47 [v4][heartbeat] enter=True sorting=False cam=LIVE ai=LIVE cam_fps=55.2 pub_fps=30.4 frames=551255 result_subs=1 roi=ok intrinsic=ok inference_age_ms=48 target=none transport=False sorting_thread=alive
14:35:52 [v4][heartbeat] enter=True sorting=False cam=LIVE ai=LIVE cam_fps=53.4 pub_fps=30.4 frames=551522 result_subs=1 roi=ok intrinsic=ok inference_age_ms=96 target=none transport=False sorting_thread=alive
14:35:57 [v4][heartbeat] enter=True sorting=False cam=LIVE ai=LIVE cam_fps=56.6 pub_fps=30.2 frames=551805 result_subs=1 roi=ok intrinsic=ok inference_age_ms=124 target=none transport=False sorting_thread=alive
14:36:02 [v4][heartbeat] enter=True sorting=False cam=LIVE ai=LIVE cam_fps=56.0 pub_fps=30.4 frames=552085 result_subs=1 roi=ok intrinsic=ok inference_age_ms=90 target=none transport=False sorting_thread=alive
14:36:07 [v4][heartbeat] enter=True sorting=False cam=LIVE ai=LIVE cam_fps=57.0 pub_fps=30.2 frames=552370 result_subs=1 roi=ok intrinsic=ok inference_age_ms=126 target=none transport=False sorting_thread=alive
14:36:12 [v4][heartbeat] enter=True sorting=False cam=LIVE ai=LIVE cam_fps=57.2 pub_fps=30.4 frames=552656 result_subs=1 roi=ok intrinsic=ok inference_age_ms=52 target=none transport=False sorting_thread=alive
14:36:17 [v4][heartbeat] enter=True sorting=False cam=LIVE ai=LIVE cam_fps=54.4 pub_fps=30.2 frames=552928 result_subs=1 roi=ok intrinsic=ok inference_age_ms=114 target=none transport=False sorting_thread=alive
14:36:22 [v4][heartbeat] enter=True sorting=False cam=LIVE ai=LIVE cam_fps=57.4 pub_fps=30.4 frames=553215 result_subs=1 roi=ok intrinsic=ok inference_age_ms=70 target=none transport=False sorting_thread=alive
14:36:27 [v4][heartbeat] enter=True sorting=False cam=LIVE ai=LIVE cam_fps=53.2 pub_fps=30.2 frames=553481 result_subs=1 roi=ok intrinsic=ok inference_age_ms=76 target=none transport=False sorting_thread=alive
14:36:32 [v4][heartbeat] enter=True sorting=False cam=LIVE ai=LIVE cam_fps=55.2 pub_fps=30.4 frames=553757 result_subs=1 roi=ok intrinsic=ok inference_age_ms=78 target=none transport=False sorting_thread=alive
14:36:37 [v4][heartbeat] enter=True sorting=False cam=LIVE ai=LIVE cam_fps=57.8 pub_fps=30.2 frames=554046 result_subs=1 roi=ok intrinsic=ok inference_age_ms=106 target=none transport=False sorting_thread=alive
14:36:42 [v4][heartbeat] enter=True sorting=False cam=LIVE ai=LIVE cam_fps=53.2 pub_fps=30.4 frames=554312 result_subs=1 roi=ok intrinsic=ok inference_age_ms=91 target=none transport=False sorting_thread=alive
14:36:47 [v4][heartbeat] enter=True sorting=False cam=LIVE ai=LIVE cam_fps=54.8 pub_fps=30.2 frames=554586 result_subs=1 roi=ok intrinsic=ok inference_age_ms=78 target=none transport=False sorting_thread=alive
14:36:52 [v4][heartbeat] enter=True sorting=False cam=LIVE ai=LIVE cam_fps=55.8 pub_fps=30.4 frames=554865 result_subs=1 roi=ok intrinsic=ok inference_age_ms=126 target=none transport=False sorting_thread=alive
14:36:57 [v4][heartbeat] enter=True sorting=False cam=LIVE ai=LIVE cam_fps=53.4 pub_fps=30.2 frames=555132 result_subs=1 roi=ok intrinsic=ok inference_age_ms=54 target=none transport=False sorting_thread=alive
14:37:02 [v4][heartbeat] enter=True sorting=False cam=LIVE ai=LIVE cam_fps=58.0 pub_fps=30.4 frames=555422 result_subs=1 roi=ok intrinsic=ok inference_age_ms=115 target=none transport=False sorting_thread=alive
14:37:07 [v4][heartbeat] enter=True sorting=False cam=LIVE ai=LIVE cam_fps=54.6 pub_fps=30.2 frames=555695 result_subs=1 roi=ok intrinsic=ok inference_age_ms=99 target=none transport=False sorting_thread=alive
14:37:12 [v4][heartbeat] enter=True sorting=False cam=LIVE ai=LIVE cam_fps=56.4 pub_fps=30.4 frames=555977 result_subs=1 roi=ok intrinsic=ok inference_age_ms=58 target=none transport=False sorting_thread=alive
14:37:17 [v4][heartbeat] enter=True sorting=False cam=LIVE ai=LIVE cam_fps=57.6 pub_fps=30.2 frames=556265 result_subs=1 roi=ok intrinsic=ok inference_age_ms=89 target=none transport=False sorting_thread=alive
14:37:22 [v4][heartbeat] enter=True sorting=False cam=LIVE ai=LIVE cam_fps=53.4 pub_fps=30.4 frames=556532 result_subs=1 roi=ok intrinsic=ok inference_age_ms=72 target=none transport=False sorting_thread=alive
14:37:27 [v4][heartbeat] enter=True sorting=False cam=LIVE ai=LIVE cam_fps=57.6 pub_fps=30.2 frames=556820 result_subs=1 roi=ok intrinsic=ok inference_age_ms=102 target=none transport=False sorting_thread=alive
14:37:32 [v4][heartbeat] enter=True sorting=False cam=LIVE ai=LIVE cam_fps=55.4 pub_fps=30.4 frames=557097 result_subs=1 roi=ok intrinsic=ok inference_age_ms=81 target=none transport=False sorting_thread=alive
14:37:37 [v4][heartbeat] enter=True sorting=False cam=LIVE ai=LIVE cam_fps=55.0 pub_fps=30.2 frames=557372 result_subs=1 roi=ok intrinsic=ok inference_age_ms=58 target=none transport=False sorting_thread=alive
14:37:42 [v4][heartbeat] enter=True sorting=False cam=LIVE ai=LIVE cam_fps=56.1 pub_fps=30.4 frames=557653 result_subs=1 roi=ok intrinsic=ok inference_age_ms=87 target=none transport=False sorting_thread=alive
14:37:47 [v4][heartbeat] enter=True sorting=False cam=LIVE ai=LIVE cam_fps=51.5 pub_fps=30.2 frames=557910 result_subs=1 roi=ok intrinsic=ok inference_age_ms=120 target=none transport=False sorting_thread=alive
14:37:52 [v4][heartbeat] enter=True sorting=False cam=LIVE ai=LIVE cam_fps=55.6 pub_fps=30.4 frames=558188 result_subs=1 roi=ok intrinsic=ok inference_age_ms=61 target=none transport=False sorting_thread=alive
14:37:57 [v4][heartbeat] enter=True sorting=False cam=LIVE ai=LIVE cam_fps=52.2 pub_fps=30.2 frames=558449 result_subs=1 roi=ok intrinsic=ok inference_age_ms=107 target=none transport=False sorting_thread=alive
14:38:02 [v4][heartbeat] enter=True sorting=False cam=LIVE ai=LIVE cam_fps=55.6 pub_fps=30.4 frames=558727 result_subs=1 roi=ok intrinsic=ok inference_age_ms=66 target=none transport=False sorting_thread=alive
14:38:07 [v4][heartbeat] enter=True sorting=False cam=LIVE ai=LIVE cam_fps=56.8 pub_fps=30.2 frames=559011 result_subs=1 roi=ok intrinsic=ok inference_age_ms=143 target=none transport=False sorting_thread=alive
14:38:12 [v4][heartbeat] enter=True sorting=False cam=LIVE ai=LIVE cam_fps=55.0 pub_fps=30.4 frames=559286 result_subs=1 roi=ok intrinsic=ok inference_age_ms=94 target=none transport=False sorting_thread=alive
14:38:17 [v4][heartbeat] enter=True sorting=False cam=LIVE ai=LIVE cam_fps=56.6 pub_fps=30.2 frames=559569 result_subs=1 roi=ok intrinsic=ok inference_age_ms=88 target=none transport=False sorting_thread=alive
14:38:22 [v4][heartbeat] enter=True sorting=False cam=LIVE ai=LIVE cam_fps=56.8 pub_fps=30.4 frames=559853 result_subs=1 roi=ok intrinsic=ok inference_age_ms=71 target=none transport=False sorting_thread=alive
14:38:27 [v4][heartbeat] enter=True sorting=False cam=LIVE ai=LIVE cam_fps=53.9 pub_fps=30.4 frames=560123 result_subs=1 roi=ok intrinsic=ok inference_age_ms=122 target=none transport=False sorting_thread=alive
14:38:32 [v4][heartbeat] enter=True sorting=False cam=LIVE ai=LIVE cam_fps=56.3 pub_fps=30.2 frames=560404 result_subs=1 roi=ok intrinsic=ok inference_age_ms=117 target=none transport=False sorting_thread=alive
14:38:37 [v4][heartbeat] enter=True sorting=False cam=LIVE ai=LIVE cam_fps=53.6 pub_fps=30.2 frames=560672 result_subs=1 roi=ok intrinsic=ok inference_age_ms=97 target=none transport=False sorting_thread=alive
14:38:42 [v4][heartbeat] enter=True sorting=False cam=LIVE ai=LIVE cam_fps=55.0 pub_fps=30.4 frames=560947 result_subs=1 roi=ok intrinsic=ok inference_age_ms=100 target=none transport=False sorting_thread=alive
14:38:47 [v4][heartbeat] enter=True sorting=False cam=LIVE ai=LIVE cam_fps=53.4 pub_fps=30.4 frames=561214 result_subs=1 roi=ok intrinsic=ok inference_age_ms=69 target=none transport=False sorting_thread=alive
14:38:52 [v4][heartbeat] enter=True sorting=False cam=LIVE ai=LIVE cam_fps=56.0 pub_fps=30.2 frames=561494 result_subs=1 roi=ok intrinsic=ok inference_age_ms=135 target=none transport=False sorting_thread=alive
14:38:57 [v4][heartbeat] enter=True sorting=False cam=LIVE ai=LIVE cam_fps=55.4 pub_fps=30.4 frames=561771 result_subs=1 roi=ok intrinsic=ok inference_age_ms=95 target=none transport=False sorting_thread=alive
14:39:02 [v4][heartbeat] enter=True sorting=False cam=LIVE ai=LIVE cam_fps=58.0 pub_fps=30.2 frames=562061 result_subs=1 roi=ok intrinsic=ok inference_age_ms=128 target=none transport=False sorting_thread=alive
14:39:07 [v4][heartbeat] enter=True sorting=False cam=LIVE ai=LIVE cam_fps=57.2 pub_fps=30.2 frames=562347 result_subs=1 roi=ok intrinsic=ok inference_age_ms=71 target=none transport=False sorting_thread=alive
14:39:12 [v4][heartbeat] enter=True sorting=False cam=LIVE ai=LIVE cam_fps=57.0 pub_fps=30.4 frames=562632 result_subs=1 roi=ok intrinsic=ok inference_age_ms=107 target=none transport=False sorting_thread=alive
14:39:17 [v4][heartbeat] enter=True sorting=False cam=LIVE ai=LIVE cam_fps=54.6 pub_fps=30.4 frames=562905 result_subs=1 roi=ok intrinsic=ok inference_age_ms=109 target=none transport=False sorting_thread=alive
14:39:22 [v4][heartbeat] enter=True sorting=False cam=LIVE ai=LIVE cam_fps=57.6 pub_fps=30.2 frames=563193 result_subs=1 roi=ok intrinsic=ok inference_age_ms=107 target=none transport=False sorting_thread=alive
14:39:27 [v4][heartbeat] enter=True sorting=False cam=LIVE ai=LIVE cam_fps=56.0 pub_fps=30.4 frames=563473 result_subs=1 roi=ok intrinsic=ok inference_age_ms=54 target=none transport=False sorting_thread=alive
14:39:32 [v4][heartbeat] enter=True sorting=False cam=LIVE ai=LIVE cam_fps=55.0 pub_fps=30.2 frames=563748 result_subs=1 roi=ok intrinsic=ok inference_age_ms=70 target=none transport=False sorting_thread=alive
14:39:37 [v4][heartbeat] enter=True sorting=False cam=LIVE ai=LIVE cam_fps=55.8 pub_fps=30.4 frames=564027 result_subs=1 roi=ok intrinsic=ok inference_age_ms=106 target=none transport=False sorting_thread=alive
14:39:42 [v4][heartbeat] enter=True sorting=False cam=LIVE ai=LIVE cam_fps=53.4 pub_fps=30.2 frames=564294 result_subs=1 roi=ok intrinsic=ok inference_age_ms=46 target=none transport=False sorting_thread=alive
14:39:47 [v4][heartbeat] enter=True sorting=False cam=LIVE ai=LIVE cam_fps=56.6 pub_fps=30.4 frames=564577 result_subs=1 roi=ok intrinsic=ok inference_age_ms=121 target=none transport=False sorting_thread=alive
14:39:52 [v4][heartbeat] enter=True sorting=False cam=LIVE ai=LIVE cam_fps=57.4 pub_fps=30.2 frames=564864 result_subs=1 roi=ok intrinsic=ok inference_age_ms=63 target=none transport=False sorting_thread=alive
14:39:57 [v4][heartbeat] enter=True sorting=False cam=LIVE ai=LIVE cam_fps=55.2 pub_fps=30.4 frames=565140 result_subs=1 roi=ok intrinsic=ok inference_age_ms=95 target=none transport=False sorting_thread=alive
14:40:02 [v4][heartbeat] enter=True sorting=False cam=LIVE ai=LIVE cam_fps=56.6 pub_fps=30.2 frames=565423 result_subs=1 roi=ok intrinsic=ok inference_age_ms=111 target=none transport=False sorting_thread=alive
14:40:07 [v4][heartbeat] enter=True sorting=False cam=LIVE ai=LIVE cam_fps=56.0 pub_fps=30.4 frames=565703 result_subs=1 roi=ok intrinsic=ok inference_age_ms=91 target=none transport=False sorting_thread=alive
14:40:12 [v4][heartbeat] enter=True sorting=False cam=LIVE ai=LIVE cam_fps=57.4 pub_fps=30.2 frames=565990 result_subs=1 roi=ok intrinsic=ok inference_age_ms=98 target=none transport=False sorting_thread=alive
14:40:17 [v4][heartbeat] enter=True sorting=False cam=LIVE ai=LIVE cam_fps=54.0 pub_fps=30.4 frames=566260 result_subs=1 roi=ok intrinsic=ok inference_age_ms=101 target=none transport=False sorting_thread=alive
14:40:22 [v4][heartbeat] enter=True sorting=False cam=LIVE ai=LIVE cam_fps=53.4 pub_fps=30.2 frames=566527 result_subs=1 roi=ok intrinsic=ok inference_age_ms=49 target=none transport=False sorting_thread=alive
14:40:27 [v4][heartbeat] enter=True sorting=False cam=LIVE ai=LIVE cam_fps=57.4 pub_fps=30.4 frames=566814 result_subs=1 roi=ok intrinsic=ok inference_age_ms=122 target=none transport=False sorting_thread=alive
14:40:32 [v4][heartbeat] enter=True sorting=False cam=LIVE ai=LIVE cam_fps=54.4 pub_fps=30.2 frames=567086 result_subs=1 roi=ok intrinsic=ok inference_age_ms=133 target=none transport=False sorting_thread=alive
14:40:37 [v4][heartbeat] enter=True sorting=False cam=LIVE ai=LIVE cam_fps=55.6 pub_fps=30.4 frames=567364 result_subs=1 roi=ok intrinsic=ok inference_age_ms=103 target=none transport=False sorting_thread=alive
14:40:42 [v4][heartbeat] enter=True sorting=False cam=LIVE ai=LIVE cam_fps=54.9 pub_fps=30.2 frames=567639 result_subs=1 roi=ok intrinsic=ok inference_age_ms=50 target=none transport=False sorting_thread=alive
14:40:47 [v4][heartbeat] enter=True sorting=False cam=LIVE ai=LIVE cam_fps=53.7 pub_fps=30.4 frames=567907 result_subs=1 roi=ok intrinsic=ok inference_age_ms=96 target=none transport=False sorting_thread=alive
14:40:52 [v4][heartbeat] enter=True sorting=False cam=LIVE ai=LIVE cam_fps=56.8 pub_fps=30.2 frames=568191 result_subs=1 roi=ok intrinsic=ok inference_age_ms=82 target=none transport=False sorting_thread=alive
14:40:57 [v4][heartbeat] enter=True sorting=False cam=LIVE ai=LIVE cam_fps=54.1 pub_fps=30.4 frames=568462 result_subs=1 roi=ok intrinsic=ok inference_age_ms=57 target=none transport=False sorting_thread=alive
14:41:02 [v4][heartbeat] enter=True sorting=False cam=LIVE ai=LIVE cam_fps=56.3 pub_fps=30.2 frames=568743 result_subs=1 roi=ok intrinsic=ok inference_age_ms=98 target=none transport=False sorting_thread=alive
14:41:07 [v4][heartbeat] enter=True sorting=False cam=LIVE ai=LIVE cam_fps=55.4 pub_fps=30.4 frames=569020 result_subs=1 roi=ok intrinsic=ok inference_age_ms=129 target=none transport=False sorting_thread=alive
14:41:12 [v4][heartbeat] enter=True sorting=False cam=LIVE ai=LIVE cam_fps=54.6 pub_fps=30.2 frames=569293 result_subs=1 roi=ok intrinsic=ok inference_age_ms=60 target=none transport=False sorting_thread=alive
14:41:17 [v4][heartbeat] enter=True sorting=False cam=LIVE ai=LIVE cam_fps=57.2 pub_fps=30.4 frames=569579 result_subs=1 roi=ok intrinsic=ok inference_age_ms=119 target=none transport=False sorting_thread=alive
14:41:22 [v4][heartbeat] enter=True sorting=False cam=LIVE ai=LIVE cam_fps=54.0 pub_fps=30.4 frames=569849 result_subs=1 roi=ok intrinsic=ok inference_age_ms=90 target=none transport=False sorting_thread=alive
14:41:27 [v4][heartbeat] enter=True sorting=False cam=LIVE ai=LIVE cam_fps=55.2 pub_fps=30.2 frames=570125 result_subs=1 roi=ok intrinsic=ok inference_age_ms=131 target=none transport=False sorting_thread=alive
14:41:32 [v4][heartbeat] enter=True sorting=False cam=LIVE ai=LIVE cam_fps=55.8 pub_fps=30.2 frames=570404 result_subs=1 roi=ok intrinsic=ok inference_age_ms=103 target=none transport=False sorting_thread=alive
14:41:37 [v4][heartbeat] enter=True sorting=False cam=LIVE ai=LIVE cam_fps=54.2 pub_fps=30.4 frames=570675 result_subs=1 roi=ok intrinsic=ok inference_age_ms=125 target=none transport=False sorting_thread=alive
14:41:42 [v4][heartbeat] enter=True sorting=False cam=LIVE ai=LIVE cam_fps=54.8 pub_fps=30.4 frames=570949 result_subs=1 roi=ok intrinsic=ok inference_age_ms=107 target=none transport=False sorting_thread=alive
14:41:47 [v4][heartbeat] enter=True sorting=False cam=LIVE ai=LIVE cam_fps=55.0 pub_fps=30.2 frames=571224 result_subs=1 roi=ok intrinsic=ok inference_age_ms=93 target=none transport=False sorting_thread=alive
14:41:52 [v4][heartbeat] enter=True sorting=False cam=LIVE ai=LIVE cam_fps=54.2 pub_fps=30.4 frames=571495 result_subs=1 roi=ok intrinsic=ok inference_age_ms=87 target=none transport=False sorting_thread=alive
14:41:57 [v4][heartbeat] enter=True sorting=False cam=LIVE ai=LIVE cam_fps=57.4 pub_fps=30.2 frames=571782 result_subs=1 roi=ok intrinsic=ok inference_age_ms=102 target=none transport=False sorting_thread=alive
14:42:02 [v4][heartbeat] enter=True sorting=False cam=LIVE ai=LIVE cam_fps=50.6 pub_fps=30.4 frames=572035 result_subs=1 roi=ok intrinsic=ok inference_age_ms=84 target=none transport=False sorting_thread=alive
14:42:07 [v4][heartbeat] enter=True sorting=False cam=LIVE ai=LIVE cam_fps=57.4 pub_fps=30.2 frames=572322 result_subs=1 roi=ok intrinsic=ok inference_age_ms=40 target=none transport=False sorting_thread=alive
14:42:12 [v4][heartbeat] enter=True sorting=False cam=LIVE ai=LIVE cam_fps=54.5 pub_fps=30.4 frames=572595 result_subs=1 roi=ok intrinsic=ok inference_age_ms=66 target=none transport=False sorting_thread=alive
14:42:17 [v4][heartbeat] enter=True sorting=False cam=LIVE ai=LIVE cam_fps=55.8 pub_fps=30.2 frames=572874 result_subs=1 roi=ok intrinsic=ok inference_age_ms=122 target=none transport=False sorting_thread=alive
14:42:22 [v4][heartbeat] enter=True sorting=False cam=LIVE ai=LIVE cam_fps=56.4 pub_fps=30.4 frames=573156 result_subs=1 roi=ok intrinsic=ok inference_age_ms=69 target=none transport=False sorting_thread=alive
14:42:27 [v4][heartbeat] enter=True sorting=False cam=LIVE ai=LIVE cam_fps=51.8 pub_fps=30.2 frames=573415 result_subs=1 roi=ok intrinsic=ok inference_age_ms=110 target=none transport=False sorting_thread=alive
14:42:32 [v4][heartbeat] enter=True sorting=False cam=LIVE ai=LIVE cam_fps=55.4 pub_fps=30.4 frames=573692 result_subs=1 roi=ok intrinsic=ok inference_age_ms=116 target=none transport=False sorting_thread=alive
14:42:37 [v4][heartbeat] enter=True sorting=False cam=LIVE ai=LIVE cam_fps=55.2 pub_fps=30.2 frames=573968 result_subs=1 roi=ok intrinsic=ok inference_age_ms=64 target=none transport=False sorting_thread=alive
14:42:42 [v4][heartbeat] enter=True sorting=False cam=LIVE ai=LIVE cam_fps=52.9 pub_fps=30.4 frames=574233 result_subs=1 roi=ok intrinsic=ok inference_age_ms=119 target=none transport=False sorting_thread=alive
14:42:47 [v4][heartbeat] enter=True sorting=False cam=LIVE ai=LIVE cam_fps=56.5 pub_fps=30.2 frames=574515 result_subs=1 roi=ok intrinsic=ok inference_age_ms=99 target=none transport=False sorting_thread=alive
14:42:52 [v4][heartbeat] enter=True sorting=False cam=LIVE ai=LIVE cam_fps=54.2 pub_fps=30.4 frames=574786 result_subs=1 roi=ok intrinsic=ok inference_age_ms=101 target=none transport=False sorting_thread=alive
14:42:57 [v4][heartbeat] enter=True sorting=False cam=LIVE ai=LIVE cam_fps=55.6 pub_fps=30.2 frames=575064 result_subs=1 roi=ok intrinsic=ok inference_age_ms=83 target=none transport=False sorting_thread=alive
14:43:02 [v4][heartbeat] enter=True sorting=False cam=LIVE ai=LIVE cam_fps=56.6 pub_fps=30.4 frames=575347 result_subs=1 roi=ok intrinsic=ok inference_age_ms=54 target=none transport=False sorting_thread=alive
14:43:07 [v4][heartbeat] enter=True sorting=False cam=LIVE ai=LIVE cam_fps=54.8 pub_fps=30.2 frames=575621 result_subs=1 roi=ok intrinsic=ok inference_age_ms=75 target=none transport=False sorting_thread=alive
14:43:12 [v4][heartbeat] enter=True sorting=False cam=LIVE ai=LIVE cam_fps=56.4 pub_fps=30.4 frames=575903 result_subs=1 roi=ok intrinsic=ok inference_age_ms=101 target=none transport=False sorting_thread=alive
14:43:17 [v4][heartbeat] enter=True sorting=False cam=LIVE ai=LIVE cam_fps=54.6 pub_fps=30.2 frames=576176 result_subs=1 roi=ok intrinsic=ok inference_age_ms=125 target=none transport=False sorting_thread=alive
14:43:22 [v4][heartbeat] enter=True sorting=False cam=LIVE ai=LIVE cam_fps=57.2 pub_fps=30.4 frames=576462 result_subs=1 roi=ok intrinsic=ok inference_age_ms=40 target=none transport=False sorting_thread=alive
14:43:27 [v4][heartbeat] enter=True sorting=False cam=LIVE ai=LIVE cam_fps=56.6 pub_fps=30.2 frames=576745 result_subs=1 roi=ok intrinsic=ok inference_age_ms=77 target=none transport=False sorting_thread=alive
14:43:32 [v4][heartbeat] enter=True sorting=False cam=LIVE ai=LIVE cam_fps=55.0 pub_fps=30.4 frames=577020 result_subs=1 roi=ok intrinsic=ok inference_age_ms=109 target=none transport=False sorting_thread=alive
14:43:37 [v4][heartbeat] enter=True sorting=False cam=LIVE ai=LIVE cam_fps=56.4 pub_fps=30.2 frames=577302 result_subs=1 roi=ok intrinsic=ok inference_age_ms=80 target=none transport=False sorting_thread=alive
14:43:42 [v4][heartbeat] enter=True sorting=False cam=LIVE ai=LIVE cam_fps=52.3 pub_fps=30.4 frames=577563 result_subs=1 roi=ok intrinsic=ok inference_age_ms=77 target=none transport=False sorting_thread=alive
14:43:47 [v4][heartbeat] enter=True sorting=False cam=LIVE ai=LIVE cam_fps=53.2 pub_fps=30.2 frames=577829 result_subs=1 roi=ok intrinsic=ok inference_age_ms=127 target=none transport=False sorting_thread=alive
14:43:52 [v4][heartbeat] enter=True sorting=False cam=LIVE ai=LIVE cam_fps=55.8 pub_fps=30.4 frames=578108 result_subs=1 roi=ok intrinsic=ok inference_age_ms=84 target=none transport=False sorting_thread=alive
14:43:57 [v4][heartbeat] enter=True sorting=False cam=LIVE ai=LIVE cam_fps=54.8 pub_fps=30.2 frames=578382 result_subs=1 roi=ok intrinsic=ok inference_age_ms=84 target=none transport=False sorting_thread=alive
14:44:02 [v4][heartbeat] enter=True sorting=False cam=LIVE ai=LIVE cam_fps=55.0 pub_fps=30.4 frames=578657 result_subs=1 roi=ok intrinsic=ok inference_age_ms=60 target=none transport=False sorting_thread=alive
14:44:07 [v4][heartbeat] enter=True sorting=False cam=LIVE ai=LIVE cam_fps=53.9 pub_fps=30.4 frames=578927 result_subs=1 roi=ok intrinsic=ok inference_age_ms=75 target=none transport=False sorting_thread=alive
14:44:12 [v4][heartbeat] enter=True sorting=False cam=LIVE ai=LIVE cam_fps=56.2 pub_fps=30.2 frames=579208 result_subs=1 roi=ok intrinsic=ok inference_age_ms=110 target=none transport=False sorting_thread=alive
14:44:17 [v4][heartbeat] enter=True sorting=False cam=LIVE ai=LIVE cam_fps=58.6 pub_fps=30.4 frames=579501 result_subs=1 roi=ok intrinsic=ok inference_age_ms=106 target=none transport=False sorting_thread=alive
14:44:22 [v4][heartbeat] enter=True sorting=False cam=LIVE ai=LIVE cam_fps=53.6 pub_fps=30.2 frames=579769 result_subs=1 roi=ok intrinsic=ok inference_age_ms=105 target=none transport=False sorting_thread=alive
14:44:27 [v4][heartbeat] enter=True sorting=False cam=LIVE ai=LIVE cam_fps=56.6 pub_fps=30.2 frames=580052 result_subs=1 roi=ok intrinsic=ok inference_age_ms=72 target=none transport=False sorting_thread=alive
14:44:32 [v4][heartbeat] enter=True sorting=False cam=LIVE ai=LIVE cam_fps=53.4 pub_fps=30.4 frames=580319 result_subs=1 roi=ok intrinsic=ok inference_age_ms=56 target=none transport=False sorting_thread=alive
14:44:37 [v4][heartbeat] enter=True sorting=False cam=LIVE ai=LIVE cam_fps=54.7 pub_fps=30.4 frames=580593 result_subs=1 roi=ok intrinsic=ok inference_age_ms=57 target=none transport=False sorting_thread=alive
14:44:42 [v4][heartbeat] enter=True sorting=False cam=LIVE ai=LIVE cam_fps=56.0 pub_fps=30.2 frames=580873 result_subs=1 roi=ok intrinsic=ok inference_age_ms=137 target=none transport=False sorting_thread=alive
14:44:47 [v4][heartbeat] enter=True sorting=False cam=LIVE ai=LIVE cam_fps=54.0 pub_fps=30.4 frames=581143 result_subs=1 roi=ok intrinsic=ok inference_age_ms=93 target=none transport=False sorting_thread=alive
14:44:52 [v4][heartbeat] enter=True sorting=False cam=LIVE ai=LIVE cam_fps=55.8 pub_fps=30.2 frames=581422 result_subs=1 roi=ok intrinsic=ok inference_age_ms=44 target=none transport=False sorting_thread=alive
14:44:57 [v4][heartbeat] enter=True sorting=False cam=LIVE ai=LIVE cam_fps=56.5 pub_fps=30.4 frames=581705 result_subs=1 roi=ok intrinsic=ok inference_age_ms=89 target=none transport=False sorting_thread=alive
14:45:02 [v4][heartbeat] enter=True sorting=False cam=LIVE ai=LIVE cam_fps=52.7 pub_fps=30.2 frames=581968 result_subs=1 roi=ok intrinsic=ok inference_age_ms=99 target=none transport=False sorting_thread=alive
14:45:07 [v4][heartbeat] enter=True sorting=False cam=LIVE ai=LIVE cam_fps=57.0 pub_fps=30.4 frames=582253 result_subs=1 roi=ok intrinsic=ok inference_age_ms=86 target=none transport=False sorting_thread=alive
14:45:12 [v4][heartbeat] enter=True sorting=False cam=LIVE ai=LIVE cam_fps=55.7 pub_fps=30.2 frames=582532 result_subs=1 roi=ok intrinsic=ok inference_age_ms=65 target=none transport=False sorting_thread=alive
14:45:17 [v4][heartbeat] enter=True sorting=False cam=LIVE ai=LIVE cam_fps=56.3 pub_fps=30.4 frames=582813 result_subs=1 roi=ok intrinsic=ok inference_age_ms=97 target=none transport=False sorting_thread=alive
14:45:22 [v4][heartbeat] enter=True sorting=False cam=LIVE ai=LIVE cam_fps=56.8 pub_fps=30.2 frames=583097 result_subs=1 roi=ok intrinsic=ok inference_age_ms=37 target=none transport=False sorting_thread=alive
14:45:27 [v4][heartbeat] enter=True sorting=False cam=LIVE ai=LIVE cam_fps=53.8 pub_fps=30.4 frames=583366 result_subs=1 roi=ok intrinsic=ok inference_age_ms=90 target=none transport=False sorting_thread=alive
14:45:32 [v4][heartbeat] enter=True sorting=False cam=LIVE ai=LIVE cam_fps=57.8 pub_fps=30.2 frames=583655 result_subs=1 roi=ok intrinsic=ok inference_age_ms=55 target=none transport=False sorting_thread=alive
14:45:37 [v4][heartbeat] enter=True sorting=False cam=LIVE ai=LIVE cam_fps=52.0 pub_fps=30.4 frames=583915 result_subs=1 roi=ok intrinsic=ok inference_age_ms=101 target=none transport=False sorting_thread=alive
14:45:42 [v4][heartbeat] enter=True sorting=False cam=LIVE ai=LIVE cam_fps=56.6 pub_fps=30.2 frames=584198 result_subs=1 roi=ok intrinsic=ok inference_age_ms=87 target=none transport=False sorting_thread=alive
14:45:47 [v4][heartbeat] enter=True sorting=False cam=LIVE ai=LIVE cam_fps=57.0 pub_fps=30.4 frames=584483 result_subs=1 roi=ok intrinsic=ok inference_age_ms=70 target=none transport=False sorting_thread=alive
14:45:52 [v4][heartbeat] enter=True sorting=False cam=LIVE ai=LIVE cam_fps=55.0 pub_fps=30.2 frames=584758 result_subs=1 roi=ok intrinsic=ok inference_age_ms=79 target=none transport=False sorting_thread=alive
14:45:57 [v4][heartbeat] enter=True sorting=False cam=LIVE ai=LIVE cam_fps=56.0 pub_fps=30.4 frames=585038 result_subs=1 roi=ok intrinsic=ok inference_age_ms=129 target=none transport=False sorting_thread=alive
14:46:02 [v4][heartbeat] enter=True sorting=False cam=LIVE ai=LIVE cam_fps=53.6 pub_fps=30.2 frames=585306 result_subs=1 roi=ok intrinsic=ok inference_age_ms=109 target=none transport=False sorting_thread=alive
14:46:07 [v4][heartbeat] enter=True sorting=False cam=LIVE ai=LIVE cam_fps=55.0 pub_fps=30.4 frames=585581 result_subs=1 roi=ok intrinsic=ok inference_age_ms=118 target=none transport=False sorting_thread=alive
14:46:12 [v4][heartbeat] enter=True sorting=False cam=LIVE ai=LIVE cam_fps=57.0 pub_fps=30.2 frames=585866 result_subs=1 roi=ok intrinsic=ok inference_age_ms=91 target=none transport=False sorting_thread=alive
14:46:17 [v4][heartbeat] enter=True sorting=False cam=LIVE ai=LIVE cam_fps=52.8 pub_fps=30.4 frames=586130 result_subs=1 roi=ok intrinsic=ok inference_age_ms=67 target=none transport=False sorting_thread=alive
14:46:22 [v4][heartbeat] enter=True sorting=False cam=LIVE ai=LIVE cam_fps=53.6 pub_fps=30.2 frames=586398 result_subs=1 roi=ok intrinsic=ok inference_age_ms=110 target=none transport=False sorting_thread=alive
14:46:27 [v4][heartbeat] enter=True sorting=False cam=LIVE ai=LIVE cam_fps=54.4 pub_fps=30.4 frames=586670 result_subs=1 roi=ok intrinsic=ok inference_age_ms=91 target=none transport=False sorting_thread=alive
14:46:32 [v4][heartbeat] enter=True sorting=False cam=LIVE ai=LIVE cam_fps=53.8 pub_fps=30.2 frames=586939 result_subs=1 roi=ok intrinsic=ok inference_age_ms=83 target=none transport=False sorting_thread=alive
14:46:37 [v4][heartbeat] enter=True sorting=False cam=LIVE ai=LIVE cam_fps=56.8 pub_fps=30.4 frames=587223 result_subs=1 roi=ok intrinsic=ok inference_age_ms=64 target=none transport=False sorting_thread=alive
14:46:42 [v4][heartbeat] enter=True sorting=False cam=LIVE ai=LIVE cam_fps=52.0 pub_fps=30.4 frames=587483 result_subs=1 roi=ok intrinsic=ok inference_age_ms=95 target=none transport=False sorting_thread=alive
14:46:47 [v4][heartbeat] enter=True sorting=False cam=LIVE ai=LIVE cam_fps=56.6 pub_fps=30.2 frames=587766 result_subs=1 roi=ok intrinsic=ok inference_age_ms=124 target=none transport=False sorting_thread=alive
14:46:52 [v4][heartbeat] enter=True sorting=False cam=LIVE ai=LIVE cam_fps=53.6 pub_fps=30.2 frames=588034 result_subs=1 roi=ok intrinsic=ok inference_age_ms=58 target=none transport=False sorting_thread=alive
14:46:57 [v4][heartbeat] enter=True sorting=False cam=LIVE ai=LIVE cam_fps=53.8 pub_fps=30.4 frames=588303 result_subs=1 roi=ok intrinsic=ok inference_age_ms=124 target=none transport=False sorting_thread=alive
14:47:02 [v4][heartbeat] enter=True sorting=False cam=LIVE ai=LIVE cam_fps=56.0 pub_fps=30.4 frames=588583 result_subs=1 roi=ok intrinsic=ok inference_age_ms=114 target=none transport=False sorting_thread=alive
14:47:07 [v4][heartbeat] enter=True sorting=False cam=LIVE ai=LIVE cam_fps=54.4 pub_fps=30.2 frames=588855 result_subs=1 roi=ok intrinsic=ok inference_age_ms=113 target=none transport=False sorting_thread=alive
14:47:12 [v4][heartbeat] enter=True sorting=False cam=LIVE ai=LIVE cam_fps=55.8 pub_fps=30.4 frames=589134 result_subs=1 roi=ok intrinsic=ok inference_age_ms=115 target=none transport=False sorting_thread=alive
14:47:17 [v4][heartbeat] enter=True sorting=False cam=LIVE ai=LIVE cam_fps=55.0 pub_fps=30.2 frames=589409 result_subs=1 roi=ok intrinsic=ok inference_age_ms=97 target=none transport=False sorting_thread=alive
14:47:22 [v4][heartbeat] enter=True sorting=False cam=LIVE ai=LIVE cam_fps=51.8 pub_fps=30.4 frames=589668 result_subs=1 roi=ok intrinsic=ok inference_age_ms=138 target=none transport=False sorting_thread=alive
14:47:27 [v4][heartbeat] enter=True sorting=False cam=LIVE ai=LIVE cam_fps=56.2 pub_fps=30.2 frames=589949 result_subs=1 roi=ok intrinsic=ok inference_age_ms=59 target=none transport=False sorting_thread=alive
14:47:32 [v4][heartbeat] enter=True sorting=False cam=LIVE ai=LIVE cam_fps=54.3 pub_fps=30.4 frames=590221 result_subs=1 roi=ok intrinsic=ok inference_age_ms=62 target=none transport=False sorting_thread=alive
14:47:37 [v4][heartbeat] enter=True sorting=False cam=LIVE ai=LIVE cam_fps=55.3 pub_fps=30.2 frames=590497 result_subs=1 roi=ok intrinsic=ok inference_age_ms=100 target=none transport=False sorting_thread=alive
14:47:42 [v4][heartbeat] enter=True sorting=False cam=LIVE ai=LIVE cam_fps=56.2 pub_fps=30.4 frames=590778 result_subs=1 roi=ok intrinsic=ok inference_age_ms=143 target=none transport=False sorting_thread=alive
14:47:47 [v4][heartbeat] enter=True sorting=False cam=LIVE ai=LIVE cam_fps=54.2 pub_fps=30.2 frames=591049 result_subs=1 roi=ok intrinsic=ok inference_age_ms=73 target=none transport=False sorting_thread=alive
14:47:52 [v4][heartbeat] enter=True sorting=False cam=LIVE ai=LIVE cam_fps=57.0 pub_fps=30.4 frames=591334 result_subs=1 roi=ok intrinsic=ok inference_age_ms=97 target=none transport=False sorting_thread=alive
14:47:57 [v4][heartbeat] enter=True sorting=False cam=LIVE ai=LIVE cam_fps=54.2 pub_fps=30.2 frames=591605 result_subs=1 roi=ok intrinsic=ok inference_age_ms=69 target=none transport=False sorting_thread=alive
14:48:02 [v4][heartbeat] enter=True sorting=False cam=LIVE ai=LIVE cam_fps=56.0 pub_fps=30.4 frames=591885 result_subs=1 roi=ok intrinsic=ok inference_age_ms=113 target=none transport=False sorting_thread=alive
14:48:07 [v4][heartbeat] enter=True sorting=False cam=LIVE ai=LIVE cam_fps=55.6 pub_fps=30.2 frames=592163 result_subs=1 roi=ok intrinsic=ok inference_age_ms=111 target=none transport=False sorting_thread=alive
14:48:12 [v4][heartbeat] enter=True sorting=False cam=LIVE ai=LIVE cam_fps=54.0 pub_fps=30.4 frames=592433 result_subs=1 roi=ok intrinsic=ok inference_age_ms=88 target=none transport=False sorting_thread=alive
14:48:17 [v4][heartbeat] enter=True sorting=False cam=LIVE ai=LIVE cam_fps=55.6 pub_fps=30.2 frames=592711 result_subs=1 roi=ok intrinsic=ok inference_age_ms=72 target=none transport=False sorting_thread=alive
14:48:22 [v4][heartbeat] enter=True sorting=False cam=LIVE ai=LIVE cam_fps=54.2 pub_fps=30.4 frames=592982 result_subs=1 roi=ok intrinsic=ok inference_age_ms=128 target=none transport=False sorting_thread=alive
14:48:27 [v4][heartbeat] enter=True sorting=False cam=LIVE ai=LIVE cam_fps=52.8 pub_fps=30.2 frames=593246 result_subs=1 roi=ok intrinsic=ok inference_age_ms=75 target=none transport=False sorting_thread=alive
14:48:32 [v4][heartbeat] enter=True sorting=False cam=LIVE ai=LIVE cam_fps=57.2 pub_fps=30.4 frames=593532 result_subs=1 roi=ok intrinsic=ok inference_age_ms=113 target=none transport=False sorting_thread=alive
14:48:37 [v4][heartbeat] enter=True sorting=False cam=LIVE ai=LIVE cam_fps=55.8 pub_fps=30.2 frames=593811 result_subs=1 roi=ok intrinsic=ok inference_age_ms=112 target=none transport=False sorting_thread=alive
14:48:42 [v4][heartbeat] enter=True sorting=False cam=LIVE ai=LIVE cam_fps=55.2 pub_fps=30.4 frames=594087 result_subs=1 roi=ok intrinsic=ok inference_age_ms=69 target=none transport=False sorting_thread=alive
14:48:47 [v4][heartbeat] enter=True sorting=False cam=LIVE ai=LIVE cam_fps=55.4 pub_fps=30.2 frames=594364 result_subs=1 roi=ok intrinsic=ok inference_age_ms=87 target=none transport=False sorting_thread=alive
14:48:52 [v4][heartbeat] enter=True sorting=False cam=LIVE ai=LIVE cam_fps=54.2 pub_fps=30.4 frames=594635 result_subs=1 roi=ok intrinsic=ok inference_age_ms=82 target=none transport=False sorting_thread=alive
14:48:57 [v4][heartbeat] enter=True sorting=False cam=LIVE ai=LIVE cam_fps=55.0 pub_fps=30.2 frames=594910 result_subs=1 roi=ok intrinsic=ok inference_age_ms=105 target=none transport=False sorting_thread=alive
14:49:02 [v4][heartbeat] enter=True sorting=False cam=LIVE ai=LIVE cam_fps=52.2 pub_fps=30.4 frames=595171 result_subs=1 roi=ok intrinsic=ok inference_age_ms=134 target=none transport=False sorting_thread=alive
14:49:07 [v4][heartbeat] enter=True sorting=False cam=LIVE ai=LIVE cam_fps=55.2 pub_fps=30.2 frames=595447 result_subs=1 roi=ok intrinsic=ok inference_age_ms=74 target=none transport=False sorting_thread=alive
14:49:12 [v4][heartbeat] enter=True sorting=False cam=LIVE ai=LIVE cam_fps=55.0 pub_fps=30.4 frames=595722 result_subs=1 roi=ok intrinsic=ok inference_age_ms=105 target=none transport=False sorting_thread=alive
14:49:17 [v4][heartbeat] enter=True sorting=False cam=LIVE ai=LIVE cam_fps=55.1 pub_fps=30.2 frames=595997 result_subs=1 roi=ok intrinsic=ok inference_age_ms=96 target=none transport=False sorting_thread=alive
14:49:22 [v4][heartbeat] enter=True sorting=False cam=LIVE ai=LIVE cam_fps=57.6 pub_fps=30.4 frames=596285 result_subs=1 roi=ok intrinsic=ok inference_age_ms=116 target=none transport=False sorting_thread=alive
14:49:27 [v4][heartbeat] enter=True sorting=False cam=LIVE ai=LIVE cam_fps=53.6 pub_fps=30.2 frames=596553 result_subs=1 roi=ok intrinsic=ok inference_age_ms=92 target=none transport=False sorting_thread=alive
14:49:32 [v4][heartbeat] enter=True sorting=False cam=LIVE ai=LIVE cam_fps=55.0 pub_fps=30.4 frames=596828 result_subs=1 roi=ok intrinsic=ok inference_age_ms=73 target=none transport=False sorting_thread=alive
14:49:37 [v4][heartbeat] enter=True sorting=False cam=LIVE ai=LIVE cam_fps=55.8 pub_fps=30.4 frames=597107 result_subs=1 roi=ok intrinsic=ok inference_age_ms=118 target=none transport=False sorting_thread=alive
14:49:42 [v4][heartbeat] enter=True sorting=False cam=LIVE ai=LIVE cam_fps=54.5 pub_fps=30.2 frames=597380 result_subs=1 roi=ok intrinsic=ok inference_age_ms=112 target=none transport=False sorting_thread=alive
14:49:47 [v4][heartbeat] enter=True sorting=False cam=LIVE ai=LIVE cam_fps=56.2 pub_fps=30.4 frames=597661 result_subs=1 roi=ok intrinsic=ok inference_age_ms=78 target=none transport=False sorting_thread=alive
14:49:52 [v4][heartbeat] enter=True sorting=False cam=LIVE ai=LIVE cam_fps=55.5 pub_fps=30.3 frames=597938 result_subs=1 roi=ok intrinsic=ok inference_age_ms=99 target=none transport=False sorting_thread=alive
14:49:57 [v4][heartbeat] enter=True sorting=False cam=LIVE ai=LIVE cam_fps=54.8 pub_fps=30.4 frames=598212 result_subs=1 roi=ok intrinsic=ok inference_age_ms=108 target=none transport=False sorting_thread=alive
14:50:02 [v4][heartbeat] enter=True sorting=False cam=LIVE ai=LIVE cam_fps=56.4 pub_fps=30.2 frames=598494 result_subs=1 roi=ok intrinsic=ok inference_age_ms=105 target=none transport=False sorting_thread=alive
14:50:07 [v4][heartbeat] enter=True sorting=False cam=LIVE ai=LIVE cam_fps=54.0 pub_fps=30.4 frames=598764 result_subs=1 roi=ok intrinsic=ok inference_age_ms=83 target=none transport=False sorting_thread=alive
14:50:12 [v4][heartbeat] enter=True sorting=False cam=LIVE ai=LIVE cam_fps=55.8 pub_fps=30.2 frames=599043 result_subs=1 roi=ok intrinsic=ok inference_age_ms=103 target=none transport=False sorting_thread=alive
14:50:17 [v4][heartbeat] enter=True sorting=False cam=LIVE ai=LIVE cam_fps=55.9 pub_fps=30.4 frames=599323 result_subs=1 roi=ok intrinsic=ok inference_age_ms=85 target=none transport=False sorting_thread=alive
14:50:22 [v4][heartbeat] enter=True sorting=False cam=LIVE ai=LIVE cam_fps=54.9 pub_fps=30.2 frames=599597 result_subs=1 roi=ok intrinsic=ok inference_age_ms=99 target=none transport=False sorting_thread=alive
14:50:27 [v4][heartbeat] enter=True sorting=False cam=LIVE ai=LIVE cam_fps=57.0 pub_fps=30.4 frames=599882 result_subs=1 roi=ok intrinsic=ok inference_age_ms=74 target=none transport=False sorting_thread=alive
14:50:32 [v4][heartbeat] enter=True sorting=False cam=LIVE ai=LIVE cam_fps=55.4 pub_fps=30.2 frames=600159 result_subs=1 roi=ok intrinsic=ok inference_age_ms=68 target=none transport=False sorting_thread=alive
14:50:37 [v4][heartbeat] enter=True sorting=False cam=LIVE ai=LIVE cam_fps=57.0 pub_fps=30.4 frames=600444 result_subs=1 roi=ok intrinsic=ok inference_age_ms=64 target=none transport=False sorting_thread=alive
14:50:42 [v4][heartbeat] enter=True sorting=False cam=LIVE ai=LIVE cam_fps=52.6 pub_fps=30.2 frames=600707 result_subs=1 roi=ok intrinsic=ok inference_age_ms=140 target=none transport=False sorting_thread=alive
14:50:47 [v4][heartbeat] enter=True sorting=False cam=LIVE ai=LIVE cam_fps=52.4 pub_fps=30.4 frames=600969 result_subs=1 roi=ok intrinsic=ok inference_age_ms=88 target=none transport=False sorting_thread=alive
14:50:52 [v4][heartbeat] enter=True sorting=False cam=LIVE ai=LIVE cam_fps=56.6 pub_fps=30.2 frames=601252 result_subs=1 roi=ok intrinsic=ok inference_age_ms=73 target=none transport=False sorting_thread=alive
14:50:57 [v4][heartbeat] enter=True sorting=False cam=LIVE ai=LIVE cam_fps=52.6 pub_fps=30.4 frames=601515 result_subs=1 roi=ok intrinsic=ok inference_age_ms=110 target=none transport=False sorting_thread=alive
14:51:02 [v4][heartbeat] enter=True sorting=False cam=LIVE ai=LIVE cam_fps=56.8 pub_fps=30.2 frames=601799 result_subs=1 roi=ok intrinsic=ok inference_age_ms=140 target=none transport=False sorting_thread=alive
14:51:07 [v4][heartbeat] enter=True sorting=False cam=LIVE ai=LIVE cam_fps=55.4 pub_fps=30.4 frames=602076 result_subs=1 roi=ok intrinsic=ok inference_age_ms=73 target=none transport=False sorting_thread=alive
14:51:12 [v4][heartbeat] enter=True sorting=False cam=LIVE ai=LIVE cam_fps=53.0 pub_fps=30.2 frames=602341 result_subs=1 roi=ok intrinsic=ok inference_age_ms=68 target=none transport=False sorting_thread=alive
14:51:17 [v4][heartbeat] enter=True sorting=False cam=LIVE ai=LIVE cam_fps=58.8 pub_fps=30.4 frames=602635 result_subs=1 roi=ok intrinsic=ok inference_age_ms=114 target=none transport=False sorting_thread=alive
14:51:22 [v4][heartbeat] enter=True sorting=False cam=LIVE ai=LIVE cam_fps=54.6 pub_fps=30.2 frames=602908 result_subs=1 roi=ok intrinsic=ok inference_age_ms=97 target=none transport=False sorting_thread=alive
14:51:27 [v4][heartbeat] enter=True sorting=False cam=LIVE ai=LIVE cam_fps=53.8 pub_fps=30.4 frames=603177 result_subs=1 roi=ok intrinsic=ok inference_age_ms=104 target=none transport=False sorting_thread=alive
14:51:32 [v4][heartbeat] enter=True sorting=False cam=LIVE ai=LIVE cam_fps=54.6 pub_fps=30.2 frames=603450 result_subs=1 roi=ok intrinsic=ok inference_age_ms=77 target=none transport=False sorting_thread=alive
14:51:37 [v4][heartbeat] enter=True sorting=False cam=LIVE ai=LIVE cam_fps=53.8 pub_fps=30.4 frames=603719 result_subs=1 roi=ok intrinsic=ok inference_age_ms=107 target=none transport=False sorting_thread=alive
14:51:42 [v4][heartbeat] enter=True sorting=False cam=LIVE ai=LIVE cam_fps=57.2 pub_fps=30.2 frames=604005 result_subs=1 roi=ok intrinsic=ok inference_age_ms=102 target=none transport=False sorting_thread=alive
14:51:47 [v4][heartbeat] enter=True sorting=False cam=LIVE ai=LIVE cam_fps=55.8 pub_fps=30.4 frames=604284 result_subs=1 roi=ok intrinsic=ok inference_age_ms=62 target=none transport=False sorting_thread=alive
14:51:52 [v4][heartbeat] enter=True sorting=False cam=LIVE ai=LIVE cam_fps=54.2 pub_fps=30.2 frames=604555 result_subs=1 roi=ok intrinsic=ok inference_age_ms=85 target=none transport=False sorting_thread=alive
14:51:57 [v4][heartbeat] enter=True sorting=False cam=LIVE ai=LIVE cam_fps=56.8 pub_fps=30.4 frames=604839 result_subs=1 roi=ok intrinsic=ok inference_age_ms=85 target=none transport=False sorting_thread=alive
14:52:02 [v4][heartbeat] enter=True sorting=False cam=LIVE ai=LIVE cam_fps=56.2 pub_fps=30.2 frames=605120 result_subs=1 roi=ok intrinsic=ok inference_age_ms=58 target=none transport=False sorting_thread=alive
14:52:07 [v4][heartbeat] enter=True sorting=False cam=LIVE ai=LIVE cam_fps=55.7 pub_fps=30.4 frames=605399 result_subs=1 roi=ok intrinsic=ok inference_age_ms=81 target=none transport=False sorting_thread=alive
14:52:12 [v4][heartbeat] enter=True sorting=False cam=LIVE ai=LIVE cam_fps=55.8 pub_fps=30.2 frames=605678 result_subs=1 roi=ok intrinsic=ok inference_age_ms=64 target=none transport=False sorting_thread=alive
14:52:17 [v4][heartbeat] enter=True sorting=False cam=LIVE ai=LIVE cam_fps=52.3 pub_fps=30.4 frames=605939 result_subs=1 roi=ok intrinsic=ok inference_age_ms=71 target=none transport=False sorting_thread=alive
14:52:22 [v4][heartbeat] enter=True sorting=False cam=LIVE ai=LIVE cam_fps=56.8 pub_fps=30.4 frames=606223 result_subs=1 roi=ok intrinsic=ok inference_age_ms=47 target=none transport=False sorting_thread=alive
14:52:27 [v4][heartbeat] enter=True sorting=False cam=LIVE ai=LIVE cam_fps=53.8 pub_fps=30.2 frames=606492 result_subs=1 roi=ok intrinsic=ok inference_age_ms=96 target=none transport=False sorting_thread=alive
14:52:32 [v4][heartbeat] enter=True sorting=False cam=LIVE ai=LIVE cam_fps=57.2 pub_fps=30.4 frames=606778 result_subs=1 roi=ok intrinsic=ok inference_age_ms=114 target=none transport=False sorting_thread=alive
14:52:37 [v4][heartbeat] enter=True sorting=False cam=LIVE ai=LIVE cam_fps=54.0 pub_fps=30.2 frames=607048 result_subs=1 roi=ok intrinsic=ok inference_age_ms=98 target=none transport=False sorting_thread=alive
14:52:42 [v4][heartbeat] enter=True sorting=False cam=LIVE ai=LIVE cam_fps=55.9 pub_fps=30.4 frames=607328 result_subs=1 roi=ok intrinsic=ok inference_age_ms=94 target=none transport=False sorting_thread=alive
14:52:47 [v4][heartbeat] enter=True sorting=False cam=LIVE ai=LIVE cam_fps=56.4 pub_fps=30.2 frames=607610 result_subs=1 roi=ok intrinsic=ok inference_age_ms=74 target=none transport=False sorting_thread=alive
14:52:52 [v4][heartbeat] enter=True sorting=False cam=LIVE ai=LIVE cam_fps=53.4 pub_fps=30.4 frames=607877 result_subs=1 roi=ok intrinsic=ok inference_age_ms=118 target=none transport=False sorting_thread=alive
14:52:57 [v4][heartbeat] enter=True sorting=False cam=LIVE ai=LIVE cam_fps=56.2 pub_fps=30.2 frames=608158 result_subs=1 roi=ok intrinsic=ok inference_age_ms=124 target=none transport=False sorting_thread=alive
14:53:02 [v4][heartbeat] enter=True sorting=False cam=LIVE ai=LIVE cam_fps=56.2 pub_fps=30.4 frames=608439 result_subs=1 roi=ok intrinsic=ok inference_age_ms=58 target=none transport=False sorting_thread=alive
14:53:07 [v4][heartbeat] enter=True sorting=False cam=LIVE ai=LIVE cam_fps=52.6 pub_fps=30.2 frames=608702 result_subs=1 roi=ok intrinsic=ok inference_age_ms=101 target=none transport=False sorting_thread=alive
14:53:12 [v4][heartbeat] enter=True sorting=False cam=LIVE ai=LIVE cam_fps=57.0 pub_fps=30.4 frames=608987 result_subs=1 roi=ok intrinsic=ok inference_age_ms=93 target=none transport=False sorting_thread=alive
14:53:17 [v4][heartbeat] enter=True sorting=False cam=LIVE ai=LIVE cam_fps=53.6 pub_fps=30.2 frames=609255 result_subs=1 roi=ok intrinsic=ok inference_age_ms=72 target=none transport=False sorting_thread=alive
14:53:22 [v4][heartbeat] enter=True sorting=False cam=LIVE ai=LIVE cam_fps=54.6 pub_fps=30.4 frames=609528 result_subs=1 roi=ok intrinsic=ok inference_age_ms=105 target=none transport=False sorting_thread=alive
14:53:27 [v4][heartbeat] enter=True sorting=False cam=LIVE ai=LIVE cam_fps=57.4 pub_fps=30.2 frames=609815 result_subs=1 roi=ok intrinsic=ok inference_age_ms=51 target=none transport=False sorting_thread=alive
14:53:32 [v4][heartbeat] enter=True sorting=False cam=LIVE ai=LIVE cam_fps=53.0 pub_fps=30.4 frames=610080 result_subs=1 roi=ok intrinsic=ok inference_age_ms=109 target=none transport=False sorting_thread=alive
14:53:37 [v4][heartbeat] enter=True sorting=False cam=LIVE ai=LIVE cam_fps=53.8 pub_fps=30.2 frames=610349 result_subs=1 roi=ok intrinsic=ok inference_age_ms=111 target=none transport=False sorting_thread=alive
14:53:42 [v4][heartbeat] enter=True sorting=False cam=LIVE ai=LIVE cam_fps=55.9 pub_fps=30.4 frames=610629 result_subs=1 roi=ok intrinsic=ok inference_age_ms=64 target=none transport=False sorting_thread=alive
14:53:47 [v4][heartbeat] enter=True sorting=False cam=LIVE ai=LIVE cam_fps=56.3 pub_fps=30.2 frames=610910 result_subs=1 roi=ok intrinsic=ok inference_age_ms=82 target=none transport=False sorting_thread=alive
14:53:52 [v4][heartbeat] enter=True sorting=False cam=LIVE ai=LIVE cam_fps=55.4 pub_fps=30.4 frames=611187 result_subs=1 roi=ok intrinsic=ok inference_age_ms=95 target=none transport=False sorting_thread=alive
14:53:57 [v4][heartbeat] enter=True sorting=False cam=LIVE ai=LIVE cam_fps=54.2 pub_fps=30.2 frames=611458 result_subs=1 roi=ok intrinsic=ok inference_age_ms=75 target=none transport=False sorting_thread=alive
14:54:02 [v4][heartbeat] enter=True sorting=False cam=LIVE ai=LIVE cam_fps=56.6 pub_fps=30.4 frames=611741 result_subs=1 roi=ok intrinsic=ok inference_age_ms=100 target=none transport=False sorting_thread=alive
14:54:07 [v4][heartbeat] enter=True sorting=False cam=LIVE ai=LIVE cam_fps=55.8 pub_fps=30.2 frames=612020 result_subs=1 roi=ok intrinsic=ok inference_age_ms=40 target=none transport=False sorting_thread=alive
14:54:12 [v4][heartbeat] enter=True sorting=False cam=LIVE ai=LIVE cam_fps=54.4 pub_fps=30.4 frames=612292 result_subs=1 roi=ok intrinsic=ok inference_age_ms=84 target=none transport=False sorting_thread=alive
14:54:17 [v4][heartbeat] enter=True sorting=False cam=LIVE ai=LIVE cam_fps=55.2 pub_fps=30.2 frames=612568 result_subs=1 roi=ok intrinsic=ok inference_age_ms=131 target=none transport=False sorting_thread=alive
14:54:22 [v4][heartbeat] enter=True sorting=False cam=LIVE ai=LIVE cam_fps=53.3 pub_fps=30.4 frames=612835 result_subs=1 roi=ok intrinsic=ok inference_age_ms=80 target=none transport=False sorting_thread=alive
14:54:27 [v4][heartbeat] enter=True sorting=False cam=LIVE ai=LIVE cam_fps=57.3 pub_fps=30.2 frames=613121 result_subs=1 roi=ok intrinsic=ok inference_age_ms=110 target=none transport=False sorting_thread=alive
14:54:32 [v4][heartbeat] enter=True sorting=False cam=LIVE ai=LIVE cam_fps=56.8 pub_fps=30.4 frames=613405 result_subs=1 roi=ok intrinsic=ok inference_age_ms=104 target=none transport=False sorting_thread=alive
14:54:37 [v4][heartbeat] enter=True sorting=False cam=LIVE ai=LIVE cam_fps=55.4 pub_fps=30.2 frames=613682 result_subs=1 roi=ok intrinsic=ok inference_age_ms=87 target=none transport=False sorting_thread=alive
14:54:42 [v4][heartbeat] enter=True sorting=False cam=LIVE ai=LIVE cam_fps=55.6 pub_fps=30.4 frames=613960 result_subs=1 roi=ok intrinsic=ok inference_age_ms=112 target=none transport=False sorting_thread=alive
14:54:47 [v4][heartbeat] enter=True sorting=False cam=LIVE ai=LIVE cam_fps=54.4 pub_fps=30.2 frames=614232 result_subs=1 roi=ok intrinsic=ok inference_age_ms=57 target=none transport=False sorting_thread=alive
14:54:52 [v4][heartbeat] enter=True sorting=False cam=LIVE ai=LIVE cam_fps=55.1 pub_fps=30.4 frames=614508 result_subs=1 roi=ok intrinsic=ok inference_age_ms=124 target=none transport=False sorting_thread=alive
14:54:57 [v4][heartbeat] enter=True sorting=False cam=LIVE ai=LIVE cam_fps=59.1 pub_fps=30.2 frames=614803 result_subs=1 roi=ok intrinsic=ok inference_age_ms=100 target=none transport=False sorting_thread=alive
14:55:02 [v4][heartbeat] enter=True sorting=False cam=LIVE ai=LIVE cam_fps=53.4 pub_fps=30.4 frames=615070 result_subs=1 roi=ok intrinsic=ok inference_age_ms=78 target=none transport=False sorting_thread=alive
14:55:07 [v4][heartbeat] enter=True sorting=False cam=LIVE ai=LIVE cam_fps=58.0 pub_fps=30.4 frames=615360 result_subs=1 roi=ok intrinsic=ok inference_age_ms=112 target=none transport=False sorting_thread=alive
14:55:12 [v4][heartbeat] enter=True sorting=False cam=LIVE ai=LIVE cam_fps=55.0 pub_fps=30.2 frames=615635 result_subs=1 roi=ok intrinsic=ok inference_age_ms=95 target=none transport=False sorting_thread=alive
14:55:17 [v4][heartbeat] enter=True sorting=False cam=LIVE ai=LIVE cam_fps=55.8 pub_fps=30.4 frames=615914 result_subs=1 roi=ok intrinsic=ok inference_age_ms=60 target=none transport=False sorting_thread=alive
14:55:22 [v4][heartbeat] enter=True sorting=False cam=LIVE ai=LIVE cam_fps=55.8 pub_fps=30.2 frames=616193 result_subs=1 roi=ok intrinsic=ok inference_age_ms=64 target=none transport=False sorting_thread=alive
14:55:27 [v4][heartbeat] enter=True sorting=False cam=LIVE ai=LIVE cam_fps=55.0 pub_fps=30.4 frames=616468 result_subs=1 roi=ok intrinsic=ok inference_age_ms=114 target=none transport=False sorting_thread=alive
14:55:32 [v4][heartbeat] enter=True sorting=False cam=LIVE ai=LIVE cam_fps=58.0 pub_fps=30.2 frames=616758 result_subs=1 roi=ok intrinsic=ok inference_age_ms=89 target=none transport=False sorting_thread=alive
14:55:37 [v4][heartbeat] enter=True sorting=False cam=LIVE ai=LIVE cam_fps=56.4 pub_fps=30.4 frames=617040 result_subs=1 roi=ok intrinsic=ok inference_age_ms=93 target=none transport=False sorting_thread=alive
14:55:42 [v4][heartbeat] enter=True sorting=False cam=LIVE ai=LIVE cam_fps=55.6 pub_fps=30.2 frames=617318 result_subs=1 roi=ok intrinsic=ok inference_age_ms=146 target=none transport=False sorting_thread=alive
14:55:47 [v4][heartbeat] enter=True sorting=False cam=LIVE ai=LIVE cam_fps=57.6 pub_fps=30.4 frames=617606 result_subs=1 roi=ok intrinsic=ok inference_age_ms=101 target=none transport=False sorting_thread=alive
14:55:52 [v4][heartbeat] enter=True sorting=False cam=LIVE ai=LIVE cam_fps=53.6 pub_fps=30.2 frames=617874 result_subs=1 roi=ok intrinsic=ok inference_age_ms=103 target=none transport=False sorting_thread=alive
14:55:57 [v4][heartbeat] enter=True sorting=False cam=LIVE ai=LIVE cam_fps=56.6 pub_fps=30.4 frames=618157 result_subs=1 roi=ok intrinsic=ok inference_age_ms=87 target=none transport=False sorting_thread=alive
14:56:02 [v4][heartbeat] enter=True sorting=False cam=LIVE ai=LIVE cam_fps=55.4 pub_fps=30.2 frames=618434 result_subs=1 roi=ok intrinsic=ok inference_age_ms=100 target=none transport=False sorting_thread=alive
14:56:07 [v4][heartbeat] enter=True sorting=False cam=LIVE ai=LIVE cam_fps=56.0 pub_fps=30.4 frames=618714 result_subs=1 roi=ok intrinsic=ok inference_age_ms=55 target=none transport=False sorting_thread=alive
14:56:12 [v4][heartbeat] enter=True sorting=False cam=LIVE ai=LIVE cam_fps=57.8 pub_fps=30.2 frames=619003 result_subs=1 roi=ok intrinsic=ok inference_age_ms=116 target=none transport=False sorting_thread=alive
14:56:17 [v4][heartbeat] enter=True sorting=False cam=LIVE ai=LIVE cam_fps=57.2 pub_fps=30.4 frames=619289 result_subs=1 roi=ok intrinsic=ok inference_age_ms=81 target=none transport=False sorting_thread=alive
14:56:22 [v4][heartbeat] enter=True sorting=False cam=LIVE ai=LIVE cam_fps=56.8 pub_fps=30.2 frames=619573 result_subs=1 roi=ok intrinsic=ok inference_age_ms=101 target=none transport=False sorting_thread=alive
14:56:27 [v4][heartbeat] enter=True sorting=False cam=LIVE ai=LIVE cam_fps=56.3 pub_fps=30.4 frames=619855 result_subs=1 roi=ok intrinsic=ok inference_age_ms=105 target=none transport=False sorting_thread=alive
14:56:32 [v4][heartbeat] enter=True sorting=False cam=LIVE ai=LIVE cam_fps=55.9 pub_fps=30.3 frames=620134 result_subs=1 roi=ok intrinsic=ok inference_age_ms=75 target=none transport=False sorting_thread=alive
14:56:37 [v4][heartbeat] enter=True sorting=False cam=LIVE ai=LIVE cam_fps=57.2 pub_fps=30.4 frames=620420 result_subs=1 roi=ok intrinsic=ok inference_age_ms=103 target=none transport=False sorting_thread=alive
14:56:42 [v4][heartbeat] enter=True sorting=False cam=LIVE ai=LIVE cam_fps=55.2 pub_fps=30.2 frames=620696 result_subs=1 roi=ok intrinsic=ok inference_age_ms=52 target=none transport=False sorting_thread=alive
14:56:47 [v4][heartbeat] enter=True sorting=False cam=LIVE ai=LIVE cam_fps=56.0 pub_fps=30.4 frames=620976 result_subs=1 roi=ok intrinsic=ok inference_age_ms=91 target=none transport=False sorting_thread=alive
14:56:52 [v4][heartbeat] enter=True sorting=False cam=LIVE ai=LIVE cam_fps=56.0 pub_fps=30.2 frames=621256 result_subs=1 roi=ok intrinsic=ok inference_age_ms=88 target=none transport=False sorting_thread=alive
14:56:57 [v4][heartbeat] enter=True sorting=False cam=LIVE ai=LIVE cam_fps=55.7 pub_fps=30.4 frames=621535 result_subs=1 roi=ok intrinsic=ok inference_age_ms=77 target=none transport=False sorting_thread=alive
14:57:02 [v4][heartbeat] enter=True sorting=False cam=LIVE ai=LIVE cam_fps=57.8 pub_fps=30.2 frames=621824 result_subs=1 roi=ok intrinsic=ok inference_age_ms=86 target=none transport=False sorting_thread=alive
14:57:07 [v4][heartbeat] enter=True sorting=False cam=LIVE ai=LIVE cam_fps=54.2 pub_fps=30.4 frames=622095 result_subs=1 roi=ok intrinsic=ok inference_age_ms=105 target=none transport=False sorting_thread=alive
14:57:12 [v4][heartbeat] enter=True sorting=False cam=LIVE ai=LIVE cam_fps=56.6 pub_fps=30.2 frames=622378 result_subs=1 roi=ok intrinsic=ok inference_age_ms=80 target=none transport=False sorting_thread=alive
14:57:17 [v4][heartbeat] enter=True sorting=False cam=LIVE ai=LIVE cam_fps=57.8 pub_fps=30.4 frames=622667 result_subs=1 roi=ok intrinsic=ok inference_age_ms=62 target=none transport=False sorting_thread=alive
14:57:22 [v4][heartbeat] enter=True sorting=False cam=LIVE ai=LIVE cam_fps=54.1 pub_fps=30.2 frames=622938 result_subs=1 roi=ok intrinsic=ok inference_age_ms=137 target=none transport=False sorting_thread=alive
14:57:27 [v4][heartbeat] enter=True sorting=False cam=LIVE ai=LIVE cam_fps=57.2 pub_fps=30.4 frames=623224 result_subs=1 roi=ok intrinsic=ok inference_age_ms=129 target=none transport=False sorting_thread=alive
14:57:32 [v4][heartbeat] enter=True sorting=False cam=LIVE ai=LIVE cam_fps=54.5 pub_fps=30.2 frames=623496 result_subs=1 roi=ok intrinsic=ok inference_age_ms=64 target=none transport=False sorting_thread=alive
14:57:37 [v4][heartbeat] enter=True sorting=False cam=LIVE ai=LIVE cam_fps=56.1 pub_fps=30.4 frames=623777 result_subs=1 roi=ok intrinsic=ok inference_age_ms=51 target=none transport=False sorting_thread=alive
14:57:42 [v4][heartbeat] enter=True sorting=False cam=LIVE ai=LIVE cam_fps=58.4 pub_fps=30.4 frames=624069 result_subs=1 roi=ok intrinsic=ok inference_age_ms=122 target=none transport=False sorting_thread=alive
14:57:47 [v4][heartbeat] enter=True sorting=False cam=LIVE ai=LIVE cam_fps=57.2 pub_fps=30.2 frames=624355 result_subs=1 roi=ok intrinsic=ok inference_age_ms=83 target=none transport=False sorting_thread=alive
14:57:52 [v4][heartbeat] enter=True sorting=False cam=LIVE ai=LIVE cam_fps=58.4 pub_fps=30.4 frames=624647 result_subs=1 roi=ok intrinsic=ok inference_age_ms=66 target=none transport=False sorting_thread=alive
14:57:57 [v4][heartbeat] enter=True sorting=False cam=LIVE ai=LIVE cam_fps=55.2 pub_fps=30.2 frames=624923 result_subs=1 roi=ok intrinsic=ok inference_age_ms=115 target=none transport=False sorting_thread=alive
14:58:02 [v4][heartbeat] enter=True sorting=False cam=LIVE ai=LIVE cam_fps=56.2 pub_fps=30.4 frames=625204 result_subs=1 roi=ok intrinsic=ok inference_age_ms=67 target=none transport=False sorting_thread=alive
14:58:07 [v4][heartbeat] enter=True sorting=False cam=LIVE ai=LIVE cam_fps=57.6 pub_fps=30.2 frames=625492 result_subs=1 roi=ok intrinsic=ok inference_age_ms=102 target=none transport=False sorting_thread=alive
14:58:12 [v4][heartbeat] enter=True sorting=False cam=LIVE ai=LIVE cam_fps=56.0 pub_fps=30.4 frames=625772 result_subs=1 roi=ok intrinsic=ok inference_age_ms=99 target=none transport=False sorting_thread=alive
14:58:17 [v4][heartbeat] enter=True sorting=False cam=LIVE ai=LIVE cam_fps=56.4 pub_fps=30.2 frames=626054 result_subs=1 roi=ok intrinsic=ok inference_age_ms=61 target=none transport=False sorting_thread=alive
14:58:22 [v4][heartbeat] enter=True sorting=False cam=LIVE ai=LIVE cam_fps=57.0 pub_fps=30.4 frames=626339 result_subs=1 roi=ok intrinsic=ok inference_age_ms=79 target=none transport=False sorting_thread=alive
14:58:27 [v4][heartbeat] enter=True sorting=False cam=LIVE ai=LIVE cam_fps=55.6 pub_fps=30.2 frames=626617 result_subs=1 roi=ok intrinsic=ok inference_age_ms=115 target=none transport=False sorting_thread=alive
14:58:32 [v4][heartbeat] enter=True sorting=False cam=LIVE ai=LIVE cam_fps=57.0 pub_fps=30.4 frames=626902 result_subs=1 roi=ok intrinsic=ok inference_age_ms=65 target=none transport=False sorting_thread=alive
14:58:37 [v4][heartbeat] enter=True sorting=False cam=LIVE ai=LIVE cam_fps=55.6 pub_fps=30.2 frames=627180 result_subs=1 roi=ok intrinsic=ok inference_age_ms=131 target=none transport=False sorting_thread=alive
14:58:42 [v4][heartbeat] enter=True sorting=False cam=LIVE ai=LIVE cam_fps=56.6 pub_fps=30.4 frames=627463 result_subs=1 roi=ok intrinsic=ok inference_age_ms=114 target=none transport=False sorting_thread=alive
14:58:47 [v4][heartbeat] enter=True sorting=False cam=LIVE ai=LIVE cam_fps=56.4 pub_fps=30.2 frames=627745 result_subs=1 roi=ok intrinsic=ok inference_age_ms=87 target=none transport=False sorting_thread=alive
14:58:52 [v4][heartbeat] enter=True sorting=False cam=LIVE ai=LIVE cam_fps=56.0 pub_fps=30.4 frames=628025 result_subs=1 roi=ok intrinsic=ok inference_age_ms=123 target=none transport=False sorting_thread=alive
14:58:57 [v4][heartbeat] enter=True sorting=False cam=LIVE ai=LIVE cam_fps=56.2 pub_fps=30.2 frames=628306 result_subs=1 roi=ok intrinsic=ok inference_age_ms=66 target=none transport=False sorting_thread=alive
14:59:02 [v4][heartbeat] enter=True sorting=False cam=LIVE ai=LIVE cam_fps=53.4 pub_fps=30.4 frames=628573 result_subs=1 roi=ok intrinsic=ok inference_age_ms=102 target=none transport=False sorting_thread=alive
14:59:07 [v4][heartbeat] enter=True sorting=False cam=LIVE ai=LIVE cam_fps=56.9 pub_fps=30.2 frames=628858 result_subs=1 roi=ok intrinsic=ok inference_age_ms=90 target=none transport=False sorting_thread=alive
14:59:12 [v4][heartbeat] enter=True sorting=False cam=LIVE ai=LIVE cam_fps=56.8 pub_fps=30.4 frames=629142 result_subs=1 roi=ok intrinsic=ok inference_age_ms=93 target=none transport=False sorting_thread=alive
14:59:17 [v4][heartbeat] enter=True sorting=False cam=LIVE ai=LIVE cam_fps=54.9 pub_fps=30.2 frames=629416 result_subs=1 roi=ok intrinsic=ok inference_age_ms=43 target=none transport=False sorting_thread=alive
14:59:22 [v4][heartbeat] enter=True sorting=False cam=LIVE ai=LIVE cam_fps=56.2 pub_fps=30.4 frames=629697 result_subs=1 roi=ok intrinsic=ok inference_age_ms=120 target=none transport=False sorting_thread=alive
14:59:27 [v4][heartbeat] enter=True sorting=False cam=LIVE ai=LIVE cam_fps=54.4 pub_fps=30.2 frames=629969 result_subs=1 roi=ok intrinsic=ok inference_age_ms=83 target=none transport=False sorting_thread=alive
14:59:32 [v4][heartbeat] enter=True sorting=False cam=LIVE ai=LIVE cam_fps=56.6 pub_fps=30.4 frames=630252 result_subs=1 roi=ok intrinsic=ok inference_age_ms=99 target=none transport=False sorting_thread=alive
14:59:37 [v4][heartbeat] enter=True sorting=False cam=LIVE ai=LIVE cam_fps=57.8 pub_fps=30.2 frames=630541 result_subs=1 roi=ok intrinsic=ok inference_age_ms=79 target=none transport=False sorting_thread=alive
14:59:42 [v4][heartbeat] enter=True sorting=False cam=LIVE ai=LIVE cam_fps=55.6 pub_fps=30.4 frames=630819 result_subs=1 roi=ok intrinsic=ok inference_age_ms=129 target=none transport=False sorting_thread=alive
14:59:47 [v4][heartbeat] enter=True sorting=False cam=LIVE ai=LIVE cam_fps=57.2 pub_fps=30.2 frames=631105 result_subs=1 roi=ok intrinsic=ok inference_age_ms=102 target=none transport=False sorting_thread=alive
14:59:52 [v4][heartbeat] enter=True sorting=False cam=LIVE ai=LIVE cam_fps=56.6 pub_fps=30.4 frames=631388 result_subs=1 roi=ok intrinsic=ok inference_age_ms=75 target=none transport=False sorting_thread=alive
14:59:57 [v4][heartbeat] enter=True sorting=False cam=LIVE ai=LIVE cam_fps=56.2 pub_fps=30.2 frames=631669 result_subs=1 roi=ok intrinsic=ok inference_age_ms=66 target=none transport=False sorting_thread=alive
15:00:02 [v4][heartbeat] enter=True sorting=False cam=LIVE ai=LIVE cam_fps=58.7 pub_fps=30.4 frames=631963 result_subs=1 roi=ok intrinsic=ok inference_age_ms=108 target=none transport=False sorting_thread=alive
15:00:07 [v4][heartbeat] enter=True sorting=False cam=LIVE ai=LIVE cam_fps=57.8 pub_fps=30.2 frames=632252 result_subs=1 roi=ok intrinsic=ok inference_age_ms=90 target=none transport=False sorting_thread=alive
15:00:12 [v4][heartbeat] enter=True sorting=False cam=LIVE ai=LIVE cam_fps=57.0 pub_fps=30.4 frames=632537 result_subs=1 roi=ok intrinsic=ok inference_age_ms=78 target=none transport=False sorting_thread=alive
15:00:17 [v4][heartbeat] enter=True sorting=False cam=LIVE ai=LIVE cam_fps=54.2 pub_fps=30.2 frames=632808 result_subs=1 roi=ok intrinsic=ok inference_age_ms=88 target=none transport=False sorting_thread=alive
15:00:22 [v4][heartbeat] enter=True sorting=False cam=LIVE ai=LIVE cam_fps=56.6 pub_fps=30.4 frames=633091 result_subs=1 roi=ok intrinsic=ok inference_age_ms=80 target=none transport=False sorting_thread=alive
15:00:27 [v4][heartbeat] enter=True sorting=False cam=LIVE ai=LIVE cam_fps=58.6 pub_fps=30.2 frames=633384 result_subs=1 roi=ok intrinsic=ok inference_age_ms=56 target=none transport=False sorting_thread=alive
15:00:32 [v4][heartbeat] enter=True sorting=False cam=LIVE ai=LIVE cam_fps=53.2 pub_fps=30.4 frames=633650 result_subs=1 roi=ok intrinsic=ok inference_age_ms=106 target=none transport=False sorting_thread=alive
15:00:37 [v4][heartbeat] enter=True sorting=False cam=LIVE ai=LIVE cam_fps=56.3 pub_fps=30.4 frames=633932 result_subs=1 roi=ok intrinsic=ok inference_age_ms=75 target=none transport=False sorting_thread=alive
15:00:42 [v4][heartbeat] enter=True sorting=False cam=LIVE ai=LIVE cam_fps=57.3 pub_fps=30.2 frames=634218 result_subs=1 roi=ok intrinsic=ok inference_age_ms=80 target=none transport=False sorting_thread=alive
15:00:47 [v4][heartbeat] enter=True sorting=False cam=LIVE ai=LIVE cam_fps=53.6 pub_fps=30.4 frames=634486 result_subs=1 roi=ok intrinsic=ok inference_age_ms=63 target=none transport=False sorting_thread=alive
15:00:52 [v4][heartbeat] enter=True sorting=False cam=LIVE ai=LIVE cam_fps=58.5 pub_fps=30.2 frames=634779 result_subs=1 roi=ok intrinsic=ok inference_age_ms=115 target=none transport=False sorting_thread=alive
15:00:57 [v4][heartbeat] enter=True sorting=False cam=LIVE ai=LIVE cam_fps=52.0 pub_fps=30.4 frames=635039 result_subs=1 roi=ok intrinsic=ok inference_age_ms=64 target=none transport=False sorting_thread=alive
15:01:02 [v4][heartbeat] enter=True sorting=False cam=LIVE ai=LIVE cam_fps=57.8 pub_fps=30.2 frames=635328 result_subs=1 roi=ok intrinsic=ok inference_age_ms=96 target=none transport=False sorting_thread=alive
15:01:07 [v4][heartbeat] enter=True sorting=False cam=LIVE ai=LIVE cam_fps=56.4 pub_fps=30.4 frames=635610 result_subs=1 roi=ok intrinsic=ok inference_age_ms=115 target=none transport=False sorting_thread=alive
15:01:12 [v4][heartbeat] enter=True sorting=False cam=LIVE ai=LIVE cam_fps=54.8 pub_fps=30.2 frames=635884 result_subs=1 roi=ok intrinsic=ok inference_age_ms=98 target=none transport=False sorting_thread=alive
15:01:17 [v4][heartbeat] enter=True sorting=False cam=LIVE ai=LIVE cam_fps=58.4 pub_fps=30.4 frames=636176 result_subs=1 roi=ok intrinsic=ok inference_age_ms=67 target=none transport=False sorting_thread=alive
15:01:22 [v4][heartbeat] enter=True sorting=False cam=LIVE ai=LIVE cam_fps=53.8 pub_fps=30.2 frames=636445 result_subs=1 roi=ok intrinsic=ok inference_age_ms=91 target=none transport=False sorting_thread=alive
15:01:27 [v4][heartbeat] enter=True sorting=False cam=LIVE ai=LIVE cam_fps=57.4 pub_fps=30.4 frames=636732 result_subs=1 roi=ok intrinsic=ok inference_age_ms=132 target=none transport=False sorting_thread=alive
15:01:32 [v4][heartbeat] enter=True sorting=False cam=LIVE ai=LIVE cam_fps=55.8 pub_fps=30.2 frames=637011 result_subs=1 roi=ok intrinsic=ok inference_age_ms=105 target=none transport=False sorting_thread=alive
15:01:37 [v4][heartbeat] enter=True sorting=False cam=LIVE ai=LIVE cam_fps=55.4 pub_fps=30.4 frames=637288 result_subs=1 roi=ok intrinsic=ok inference_age_ms=131 target=none transport=False sorting_thread=alive
15:01:42 [v4][heartbeat] enter=True sorting=False cam=LIVE ai=LIVE cam_fps=57.6 pub_fps=30.2 frames=637576 result_subs=1 roi=ok intrinsic=ok inference_age_ms=101 target=none transport=False sorting_thread=alive
15:01:47 [v4][heartbeat] enter=True sorting=False cam=LIVE ai=LIVE cam_fps=54.0 pub_fps=30.4 frames=637846 result_subs=1 roi=ok intrinsic=ok inference_age_ms=63 target=none transport=False sorting_thread=alive
15:01:52 [v4][heartbeat] enter=True sorting=False cam=LIVE ai=LIVE cam_fps=57.0 pub_fps=30.2 frames=638131 result_subs=1 roi=ok intrinsic=ok inference_age_ms=124 target=none transport=False sorting_thread=alive
15:01:57 [v4][heartbeat] enter=True sorting=False cam=LIVE ai=LIVE cam_fps=57.4 pub_fps=30.4 frames=638418 result_subs=1 roi=ok intrinsic=ok inference_age_ms=83 target=none transport=False sorting_thread=alive
15:02:02 [v4][heartbeat] enter=True sorting=False cam=LIVE ai=LIVE cam_fps=54.2 pub_fps=30.2 frames=638689 result_subs=1 roi=ok intrinsic=ok inference_age_ms=120 target=none transport=False sorting_thread=alive
15:02:07 [v4][heartbeat] enter=True sorting=False cam=LIVE ai=LIVE cam_fps=57.5 pub_fps=30.4 frames=638977 result_subs=1 roi=ok intrinsic=ok inference_age_ms=115 target=none transport=False sorting_thread=alive
15:02:12 [v4][heartbeat] enter=True sorting=False cam=LIVE ai=LIVE cam_fps=54.7 pub_fps=30.2 frames=639250 result_subs=1 roi=ok intrinsic=ok inference_age_ms=128 target=none transport=False sorting_thread=alive
15:02:17 [v4][heartbeat] enter=True sorting=False cam=LIVE ai=LIVE cam_fps=54.8 pub_fps=30.4 frames=639524 result_subs=1 roi=ok intrinsic=ok inference_age_ms=123 target=none transport=False sorting_thread=alive
15:02:22 [v4][heartbeat] enter=True sorting=False cam=LIVE ai=LIVE cam_fps=57.6 pub_fps=30.2 frames=639812 result_subs=1 roi=ok intrinsic=ok inference_age_ms=118 target=none transport=False sorting_thread=alive
15:02:27 [v4][heartbeat] enter=True sorting=False cam=LIVE ai=LIVE cam_fps=55.0 pub_fps=30.4 frames=640087 result_subs=1 roi=ok intrinsic=ok inference_age_ms=85 target=none transport=False sorting_thread=alive
15:02:32 [v4][heartbeat] enter=True sorting=False cam=LIVE ai=LIVE cam_fps=56.6 pub_fps=30.2 frames=640370 result_subs=1 roi=ok intrinsic=ok inference_age_ms=102 target=none transport=False sorting_thread=alive
15:02:37 [v4][heartbeat] enter=True sorting=False cam=LIVE ai=LIVE cam_fps=56.6 pub_fps=30.4 frames=640653 result_subs=1 roi=ok intrinsic=ok inference_age_ms=83 target=none transport=False sorting_thread=alive
15:02:42 [v4][heartbeat] enter=True sorting=False cam=LIVE ai=LIVE cam_fps=55.8 pub_fps=30.2 frames=640932 result_subs=1 roi=ok intrinsic=ok inference_age_ms=80 target=none transport=False sorting_thread=alive
15:02:47 [v4][heartbeat] enter=True sorting=False cam=LIVE ai=LIVE cam_fps=57.4 pub_fps=30.4 frames=641219 result_subs=1 roi=ok intrinsic=ok inference_age_ms=82 target=none transport=False sorting_thread=alive
15:02:52 [v4][heartbeat] enter=True sorting=False cam=LIVE ai=LIVE cam_fps=54.0 pub_fps=30.2 frames=641489 result_subs=1 roi=ok intrinsic=ok inference_age_ms=102 target=none transport=False sorting_thread=alive
15:02:57 [v4][heartbeat] enter=True sorting=False cam=LIVE ai=LIVE cam_fps=56.6 pub_fps=30.4 frames=641772 result_subs=1 roi=ok intrinsic=ok inference_age_ms=100 target=none transport=False sorting_thread=alive
15:03:02 [v4][heartbeat] enter=True sorting=False cam=LIVE ai=LIVE cam_fps=56.4 pub_fps=30.2 frames=642054 result_subs=1 roi=ok intrinsic=ok inference_age_ms=100 target=none transport=False sorting_thread=alive
15:03:07 [v4][heartbeat] enter=True sorting=False cam=LIVE ai=LIVE cam_fps=55.2 pub_fps=30.4 frames=642330 result_subs=1 roi=ok intrinsic=ok inference_age_ms=74 target=none transport=False sorting_thread=alive
15:03:12 [v4][heartbeat] enter=True sorting=False cam=LIVE ai=LIVE cam_fps=58.4 pub_fps=30.2 frames=642622 result_subs=1 roi=ok intrinsic=ok inference_age_ms=79 target=none transport=False sorting_thread=alive
15:03:17 [v4][heartbeat] enter=True sorting=False cam=LIVE ai=LIVE cam_fps=56.0 pub_fps=30.4 frames=642902 result_subs=1 roi=ok intrinsic=ok inference_age_ms=109 target=none transport=False sorting_thread=alive
15:03:22 [v4][heartbeat] enter=True sorting=False cam=LIVE ai=LIVE cam_fps=56.0 pub_fps=30.2 frames=643182 result_subs=1 roi=ok intrinsic=ok inference_age_ms=95 target=none transport=False sorting_thread=alive
15:03:27 [v4][heartbeat] enter=True sorting=False cam=LIVE ai=LIVE cam_fps=56.8 pub_fps=30.4 frames=643466 result_subs=1 roi=ok intrinsic=ok inference_age_ms=63 target=none transport=False sorting_thread=alive
15:03:32 [v4][heartbeat] enter=True sorting=False cam=LIVE ai=LIVE cam_fps=54.1 pub_fps=30.4 frames=643737 result_subs=1 roi=ok intrinsic=ok inference_age_ms=96 target=none transport=False sorting_thread=alive
15:03:37 [v4][heartbeat] enter=True sorting=False cam=LIVE ai=LIVE cam_fps=56.6 pub_fps=30.2 frames=644020 result_subs=1 roi=ok intrinsic=ok inference_age_ms=81 target=none transport=False sorting_thread=alive
15:03:42 [v4][heartbeat] enter=True sorting=False cam=LIVE ai=LIVE cam_fps=56.0 pub_fps=30.4 frames=644300 result_subs=1 roi=ok intrinsic=ok inference_age_ms=59 target=none transport=False sorting_thread=alive
15:03:47 [v4][heartbeat] enter=True sorting=False cam=LIVE ai=LIVE cam_fps=55.2 pub_fps=30.2 frames=644576 result_subs=1 roi=ok intrinsic=ok inference_age_ms=105 target=none transport=False sorting_thread=alive
15:03:52 [v4][heartbeat] enter=True sorting=False cam=LIVE ai=LIVE cam_fps=56.8 pub_fps=30.4 frames=644860 result_subs=1 roi=ok intrinsic=ok inference_age_ms=81 target=none transport=False sorting_thread=alive
15:03:57 [v4][heartbeat] enter=True sorting=False cam=LIVE ai=LIVE cam_fps=56.4 pub_fps=30.2 frames=645142 result_subs=1 roi=ok intrinsic=ok inference_age_ms=66 target=none transport=False sorting_thread=alive
15:04:02 [v4][heartbeat] enter=True sorting=False cam=LIVE ai=LIVE cam_fps=56.9 pub_fps=30.4 frames=645427 result_subs=1 roi=ok intrinsic=ok inference_age_ms=112 target=none transport=False sorting_thread=alive
15:04:07 [v4][heartbeat] enter=True sorting=False cam=LIVE ai=LIVE cam_fps=57.3 pub_fps=30.2 frames=645713 result_subs=1 roi=ok intrinsic=ok inference_age_ms=46 target=none transport=False sorting_thread=alive
15:04:12 [v4][heartbeat] enter=True sorting=False cam=LIVE ai=LIVE cam_fps=54.0 pub_fps=30.4 frames=645983 result_subs=1 roi=ok intrinsic=ok inference_age_ms=62 target=none transport=False sorting_thread=alive
15:04:17 [v4][heartbeat] enter=True sorting=False cam=LIVE ai=LIVE cam_fps=57.6 pub_fps=30.2 frames=646271 result_subs=1 roi=ok intrinsic=ok inference_age_ms=104 target=none transport=False sorting_thread=alive
15:04:22 [v4][heartbeat] enter=True sorting=False cam=LIVE ai=LIVE cam_fps=54.7 pub_fps=30.4 frames=646545 result_subs=1 roi=ok intrinsic=ok inference_age_ms=64 target=none transport=False sorting_thread=alive
15:04:27 [v4][heartbeat] enter=True sorting=False cam=LIVE ai=LIVE cam_fps=56.1 pub_fps=30.2 frames=646825 result_subs=1 roi=ok intrinsic=ok inference_age_ms=63 target=none transport=False sorting_thread=alive
15:04:32 [v4][heartbeat] enter=True sorting=False cam=LIVE ai=LIVE cam_fps=54.8 pub_fps=30.4 frames=647099 result_subs=1 roi=ok intrinsic=ok inference_age_ms=82 target=none transport=False sorting_thread=alive
15:04:37 [v4][heartbeat] enter=True sorting=False cam=LIVE ai=LIVE cam_fps=56.8 pub_fps=30.2 frames=647383 result_subs=1 roi=ok intrinsic=ok inference_age_ms=54 target=none transport=False sorting_thread=alive
15:04:42 [v4][heartbeat] enter=True sorting=False cam=LIVE ai=LIVE cam_fps=56.1 pub_fps=30.4 frames=647664 result_subs=1 roi=ok intrinsic=ok inference_age_ms=100 target=none transport=False sorting_thread=alive
15:04:47 [v4][heartbeat] enter=True sorting=False cam=LIVE ai=LIVE cam_fps=53.7 pub_fps=30.2 frames=647932 result_subs=1 roi=ok intrinsic=ok inference_age_ms=108 target=none transport=False sorting_thread=alive
15:04:52 [v4][heartbeat] enter=True sorting=False cam=LIVE ai=LIVE cam_fps=56.2 pub_fps=30.4 frames=648213 result_subs=1 roi=ok intrinsic=ok inference_age_ms=117 target=none transport=False sorting_thread=alive
15:04:57 [v4][heartbeat] enter=True sorting=False cam=LIVE ai=LIVE cam_fps=55.2 pub_fps=30.2 frames=648489 result_subs=1 roi=ok intrinsic=ok inference_age_ms=95 target=none transport=False sorting_thread=alive
15:05:02 [v4][heartbeat] enter=True sorting=False cam=LIVE ai=LIVE cam_fps=53.8 pub_fps=30.4 frames=648758 result_subs=1 roi=ok intrinsic=ok inference_age_ms=101 target=none transport=False sorting_thread=alive
15:05:07 [v4][heartbeat] enter=True sorting=False cam=LIVE ai=LIVE cam_fps=58.6 pub_fps=30.2 frames=649051 result_subs=1 roi=ok intrinsic=ok inference_age_ms=117 target=none transport=False sorting_thread=alive
15:05:12 [v4][heartbeat] enter=True sorting=False cam=LIVE ai=LIVE cam_fps=54.4 pub_fps=30.4 frames=649323 result_subs=1 roi=ok intrinsic=ok inference_age_ms=84 target=none transport=False sorting_thread=alive
15:05:17 [v4][heartbeat] enter=True sorting=False cam=LIVE ai=LIVE cam_fps=56.8 pub_fps=30.2 frames=649607 result_subs=1 roi=ok intrinsic=ok inference_age_ms=80 target=none transport=False sorting_thread=alive
15:05:22 [v4][heartbeat] enter=True sorting=False cam=LIVE ai=LIVE cam_fps=56.6 pub_fps=30.4 frames=649890 result_subs=1 roi=ok intrinsic=ok inference_age_ms=119 target=none transport=False sorting_thread=alive
15:05:27 [v4][heartbeat] enter=True sorting=False cam=LIVE ai=LIVE cam_fps=55.4 pub_fps=30.2 frames=650167 result_subs=1 roi=ok intrinsic=ok inference_age_ms=82 target=none transport=False sorting_thread=alive
15:05:32 [v4][heartbeat] enter=True sorting=False cam=LIVE ai=LIVE cam_fps=57.8 pub_fps=30.4 frames=650456 result_subs=1 roi=ok intrinsic=ok inference_age_ms=101 target=none transport=False sorting_thread=alive
15:05:37 [v4][heartbeat] enter=True sorting=False cam=LIVE ai=LIVE cam_fps=55.6 pub_fps=30.2 frames=650734 result_subs=1 roi=ok intrinsic=ok inference_age_ms=99 target=none transport=False sorting_thread=alive
15:05:42 [v4][heartbeat] enter=True sorting=False cam=LIVE ai=LIVE cam_fps=54.4 pub_fps=30.4 frames=651006 result_subs=1 roi=ok intrinsic=ok inference_age_ms=124 target=none transport=False sorting_thread=alive
15:05:47 [v4][heartbeat] enter=True sorting=False cam=LIVE ai=LIVE cam_fps=57.2 pub_fps=30.2 frames=651292 result_subs=1 roi=ok intrinsic=ok inference_age_ms=67 target=none transport=False sorting_thread=alive
15:05:52 [v4][heartbeat] enter=True sorting=False cam=LIVE ai=LIVE cam_fps=56.2 pub_fps=30.4 frames=651573 result_subs=1 roi=ok intrinsic=ok inference_age_ms=76 target=none transport=False sorting_thread=alive
15:05:57 [v4][heartbeat] enter=True sorting=False cam=LIVE ai=LIVE cam_fps=57.6 pub_fps=30.4 frames=651861 result_subs=1 roi=ok intrinsic=ok inference_age_ms=108 target=none transport=False sorting_thread=alive
15:06:02 [v4][heartbeat] enter=True sorting=False cam=LIVE ai=LIVE cam_fps=56.8 pub_fps=30.2 frames=652145 result_subs=1 roi=ok intrinsic=ok inference_age_ms=122 target=none transport=False sorting_thread=alive
15:06:07 [v4][heartbeat] enter=True sorting=False cam=LIVE ai=LIVE cam_fps=55.8 pub_fps=30.2 frames=652424 result_subs=1 roi=ok intrinsic=ok inference_age_ms=88 target=none transport=False sorting_thread=alive
15:06:12 [v4][heartbeat] enter=True sorting=False cam=LIVE ai=LIVE cam_fps=57.0 pub_fps=30.4 frames=652709 result_subs=1 roi=ok intrinsic=ok inference_age_ms=67 target=none transport=False sorting_thread=alive
15:06:17 [v4][heartbeat] enter=True sorting=False cam=LIVE ai=LIVE cam_fps=54.0 pub_fps=30.4 frames=652979 result_subs=1 roi=ok intrinsic=ok inference_age_ms=96 target=none transport=False sorting_thread=alive
15:06:22 [v4][heartbeat] enter=True sorting=False cam=LIVE ai=LIVE cam_fps=57.2 pub_fps=30.2 frames=653265 result_subs=1 roi=ok intrinsic=ok inference_age_ms=123 target=none transport=False sorting_thread=alive
15:06:27 [v4][heartbeat] enter=True sorting=False cam=LIVE ai=LIVE cam_fps=55.4 pub_fps=30.4 frames=653542 result_subs=1 roi=ok intrinsic=ok inference_age_ms=113 target=none transport=False sorting_thread=alive
15:06:32 [v4][heartbeat] enter=True sorting=False cam=LIVE ai=LIVE cam_fps=55.8 pub_fps=30.2 frames=653821 result_subs=1 roi=ok intrinsic=ok inference_age_ms=119 target=none transport=False sorting_thread=alive
15:06:37 [v4][heartbeat] enter=True sorting=False cam=LIVE ai=LIVE cam_fps=56.3 pub_fps=30.4 frames=654103 result_subs=1 roi=ok intrinsic=ok inference_age_ms=64 target=none transport=False sorting_thread=alive
15:06:42 [v4][heartbeat] enter=True sorting=False cam=LIVE ai=LIVE cam_fps=53.1 pub_fps=30.2 frames=654368 result_subs=1 roi=ok intrinsic=ok inference_age_ms=115 target=none transport=False sorting_thread=alive
15:06:47 [v4][heartbeat] enter=True sorting=False cam=LIVE ai=LIVE cam_fps=58.4 pub_fps=30.4 frames=654660 result_subs=1 roi=ok intrinsic=ok inference_age_ms=69 target=none transport=False sorting_thread=alive
15:06:52 [v4][heartbeat] enter=True sorting=False cam=LIVE ai=LIVE cam_fps=56.4 pub_fps=30.2 frames=654942 result_subs=1 roi=ok intrinsic=ok inference_age_ms=110 target=none transport=False sorting_thread=alive
15:06:57 [v4][heartbeat] enter=True sorting=False cam=LIVE ai=LIVE cam_fps=55.2 pub_fps=30.4 frames=655218 result_subs=1 roi=ok intrinsic=ok inference_age_ms=66 target=none transport=False sorting_thread=alive
15:07:02 [v4][heartbeat] enter=True sorting=False cam=LIVE ai=LIVE cam_fps=57.2 pub_fps=30.2 frames=655504 result_subs=1 roi=ok intrinsic=ok inference_age_ms=61 target=none transport=False sorting_thread=alive
15:07:07 [v4][heartbeat] enter=True sorting=False cam=LIVE ai=LIVE cam_fps=55.0 pub_fps=30.4 frames=655779 result_subs=1 roi=ok intrinsic=ok inference_age_ms=102 target=none transport=False sorting_thread=alive
15:07:12 [v4][heartbeat] enter=True sorting=False cam=LIVE ai=LIVE cam_fps=58.4 pub_fps=30.2 frames=656071 result_subs=1 roi=ok intrinsic=ok inference_age_ms=57 target=none transport=False sorting_thread=alive
15:07:17 [v4][heartbeat] enter=True sorting=False cam=LIVE ai=LIVE cam_fps=57.5 pub_fps=30.4 frames=656358 result_subs=1 roi=ok intrinsic=ok inference_age_ms=53 target=none transport=False sorting_thread=alive
15:07:22 [v4][heartbeat] enter=True sorting=False cam=LIVE ai=LIVE cam_fps=56.0 pub_fps=30.2 frames=656638 result_subs=1 roi=ok intrinsic=ok inference_age_ms=103 target=none transport=False sorting_thread=alive
15:07:27 [v4][heartbeat] enter=True sorting=False cam=LIVE ai=LIVE cam_fps=57.8 pub_fps=30.4 frames=656927 result_subs=1 roi=ok intrinsic=ok inference_age_ms=102 target=none transport=False sorting_thread=alive
15:07:32 [v4][heartbeat] enter=True sorting=False cam=LIVE ai=LIVE cam_fps=55.8 pub_fps=30.2 frames=657206 result_subs=1 roi=ok intrinsic=ok inference_age_ms=105 target=none transport=False sorting_thread=alive
15:07:37 [v4][heartbeat] enter=True sorting=False cam=LIVE ai=LIVE cam_fps=54.9 pub_fps=30.4 frames=657481 result_subs=1 roi=ok intrinsic=ok inference_age_ms=129 target=none transport=False sorting_thread=alive
15:07:42 [v4][heartbeat] enter=True sorting=False cam=LIVE ai=LIVE cam_fps=56.9 pub_fps=30.2 frames=657765 result_subs=1 roi=ok intrinsic=ok inference_age_ms=94 target=none transport=False sorting_thread=alive
15:07:47 [v4][heartbeat] enter=True sorting=False cam=LIVE ai=LIVE cam_fps=54.6 pub_fps=30.4 frames=658038 result_subs=1 roi=ok intrinsic=ok inference_age_ms=123 target=none transport=False sorting_thread=alive
15:07:52 [v4][heartbeat] enter=True sorting=False cam=LIVE ai=LIVE cam_fps=58.2 pub_fps=30.2 frames=658329 result_subs=1 roi=ok intrinsic=ok inference_age_ms=106 target=none transport=False sorting_thread=alive
15:07:57 [v4][heartbeat] enter=True sorting=False cam=LIVE ai=LIVE cam_fps=55.8 pub_fps=30.4 frames=658608 result_subs=1 roi=ok intrinsic=ok inference_age_ms=122 target=none transport=False sorting_thread=alive
15:08:02 [v4][heartbeat] enter=True sorting=False cam=LIVE ai=LIVE cam_fps=54.8 pub_fps=30.2 frames=658882 result_subs=1 roi=ok intrinsic=ok inference_age_ms=51 target=none transport=False sorting_thread=alive
15:08:07 [v4][heartbeat] enter=True sorting=False cam=LIVE ai=LIVE cam_fps=58.0 pub_fps=30.4 frames=659172 result_subs=1 roi=ok intrinsic=ok inference_age_ms=125 target=none transport=False sorting_thread=alive
15:08:12 [v4][heartbeat] enter=True sorting=False cam=LIVE ai=LIVE cam_fps=54.8 pub_fps=30.2 frames=659446 result_subs=1 roi=ok intrinsic=ok inference_age_ms=67 target=none transport=False sorting_thread=alive
15:08:17 [v4][heartbeat] enter=True sorting=False cam=LIVE ai=LIVE cam_fps=58.0 pub_fps=30.4 frames=659736 result_subs=1 roi=ok intrinsic=ok inference_age_ms=99 target=none transport=False sorting_thread=alive
15:08:22 [v4][heartbeat] enter=True sorting=False cam=LIVE ai=LIVE cam_fps=56.8 pub_fps=30.2 frames=660020 result_subs=1 roi=ok intrinsic=ok inference_age_ms=135 target=none transport=False sorting_thread=alive
15:08:27 [v4][heartbeat] enter=True sorting=False cam=LIVE ai=LIVE cam_fps=54.0 pub_fps=30.4 frames=660290 result_subs=1 roi=ok intrinsic=ok inference_age_ms=126 target=none transport=False sorting_thread=alive
15:08:32 [v4][heartbeat] enter=True sorting=False cam=LIVE ai=LIVE cam_fps=58.0 pub_fps=30.2 frames=660580 result_subs=1 roi=ok intrinsic=ok inference_age_ms=98 target=none transport=False sorting_thread=alive
15:08:37 [v4][heartbeat] enter=True sorting=False cam=LIVE ai=LIVE cam_fps=54.0 pub_fps=30.4 frames=660850 result_subs=1 roi=ok intrinsic=ok inference_age_ms=98 target=none transport=False sorting_thread=alive
15:08:42 [v4][heartbeat] enter=True sorting=False cam=LIVE ai=LIVE cam_fps=57.0 pub_fps=30.2 frames=661135 result_subs=1 roi=ok intrinsic=ok inference_age_ms=79 target=none transport=False sorting_thread=alive
15:08:47 [v4][heartbeat] enter=True sorting=False cam=LIVE ai=LIVE cam_fps=56.8 pub_fps=30.4 frames=661419 result_subs=1 roi=ok intrinsic=ok inference_age_ms=61 target=none transport=False sorting_thread=alive
15:08:52 [v4][heartbeat] enter=True sorting=False cam=LIVE ai=LIVE cam_fps=56.2 pub_fps=30.2 frames=661700 result_subs=1 roi=ok intrinsic=ok inference_age_ms=73 target=none transport=False sorting_thread=alive
15:08:57 [v4][heartbeat] enter=True sorting=False cam=LIVE ai=LIVE cam_fps=57.2 pub_fps=30.4 frames=661986 result_subs=1 roi=ok intrinsic=ok inference_age_ms=62 target=none transport=False sorting_thread=alive
15:09:02 [v4][heartbeat] enter=True sorting=False cam=LIVE ai=LIVE cam_fps=53.2 pub_fps=30.4 frames=662252 result_subs=1 roi=ok intrinsic=ok inference_age_ms=113 target=none transport=False sorting_thread=alive
15:09:07 [v4][heartbeat] enter=True sorting=False cam=LIVE ai=LIVE cam_fps=55.8 pub_fps=30.2 frames=662531 result_subs=1 roi=ok intrinsic=ok inference_age_ms=65 target=none transport=False sorting_thread=alive
15:09:12 [v4][heartbeat] enter=True sorting=False cam=LIVE ai=LIVE cam_fps=56.8 pub_fps=30.4 frames=662815 result_subs=1 roi=ok intrinsic=ok inference_age_ms=77 target=none transport=False sorting_thread=alive
15:09:17 [v4][heartbeat] enter=True sorting=False cam=LIVE ai=LIVE cam_fps=55.4 pub_fps=30.2 frames=663092 result_subs=1 roi=ok intrinsic=ok inference_age_ms=47 target=none transport=False sorting_thread=alive
15:09:22 [v4][heartbeat] enter=True sorting=False cam=LIVE ai=LIVE cam_fps=57.8 pub_fps=30.4 frames=663381 result_subs=1 roi=ok intrinsic=ok inference_age_ms=93 target=none transport=False sorting_thread=alive
15:09:27 [v4][heartbeat] enter=True sorting=False cam=LIVE ai=LIVE cam_fps=56.0 pub_fps=30.2 frames=663661 result_subs=1 roi=ok intrinsic=ok inference_age_ms=97 target=none transport=False sorting_thread=alive
15:09:32 [v4][heartbeat] enter=True sorting=False cam=LIVE ai=LIVE cam_fps=54.4 pub_fps=30.4 frames=663933 result_subs=1 roi=ok intrinsic=ok inference_age_ms=115 target=none transport=False sorting_thread=alive
15:09:37 [v4][heartbeat] enter=True sorting=False cam=LIVE ai=LIVE cam_fps=57.6 pub_fps=30.2 frames=664221 result_subs=1 roi=ok intrinsic=ok inference_age_ms=78 target=none transport=False sorting_thread=alive
15:09:42 [v4][heartbeat] enter=True sorting=False cam=LIVE ai=LIVE cam_fps=54.2 pub_fps=30.4 frames=664492 result_subs=1 roi=ok intrinsic=ok inference_age_ms=118 target=none transport=False sorting_thread=alive
15:09:47 [v4][heartbeat] enter=True sorting=False cam=LIVE ai=LIVE cam_fps=56.8 pub_fps=30.2 frames=664776 result_subs=1 roi=ok intrinsic=ok inference_age_ms=94 target=none transport=False sorting_thread=alive
15:09:52 [v4][heartbeat] enter=True sorting=False cam=LIVE ai=LIVE cam_fps=57.0 pub_fps=30.4 frames=665061 result_subs=1 roi=ok intrinsic=ok inference_age_ms=102 target=none transport=False sorting_thread=alive
15:09:57 [v4][heartbeat] enter=True sorting=False cam=LIVE ai=LIVE cam_fps=55.8 pub_fps=30.2 frames=665340 result_subs=1 roi=ok intrinsic=ok inference_age_ms=76 target=none transport=False sorting_thread=alive
15:10:02 [v4][heartbeat] enter=True sorting=False cam=LIVE ai=LIVE cam_fps=57.6 pub_fps=30.4 frames=665628 result_subs=1 roi=ok intrinsic=ok inference_age_ms=75 target=none transport=False sorting_thread=alive
15:10:07 [v4][heartbeat] enter=True sorting=False cam=LIVE ai=LIVE cam_fps=54.6 pub_fps=30.2 frames=665901 result_subs=1 roi=ok intrinsic=ok inference_age_ms=135 target=none transport=False sorting_thread=alive
15:10:12 [v4][heartbeat] enter=True sorting=False cam=LIVE ai=LIVE cam_fps=56.8 pub_fps=30.4 frames=666185 result_subs=1 roi=ok intrinsic=ok inference_age_ms=97 target=none transport=False sorting_thread=alive
15:10:17 [v4][heartbeat] enter=True sorting=False cam=LIVE ai=LIVE cam_fps=55.8 pub_fps=30.2 frames=666464 result_subs=1 roi=ok intrinsic=ok inference_age_ms=96 target=none transport=False sorting_thread=alive
15:10:22 [v4][heartbeat] enter=True sorting=False cam=LIVE ai=LIVE cam_fps=55.8 pub_fps=30.4 frames=666743 result_subs=1 roi=ok intrinsic=ok inference_age_ms=98 target=none transport=False sorting_thread=alive
15:10:27 [v4][heartbeat] enter=True sorting=False cam=LIVE ai=LIVE cam_fps=58.2 pub_fps=30.2 frames=667034 result_subs=1 roi=ok intrinsic=ok inference_age_ms=136 target=none transport=False sorting_thread=alive
15:10:32 [v4][heartbeat] enter=True sorting=False cam=LIVE ai=LIVE cam_fps=53.8 pub_fps=30.4 frames=667303 result_subs=1 roi=ok intrinsic=ok inference_age_ms=64 target=none transport=False sorting_thread=alive
15:10:37 [v4][heartbeat] enter=True sorting=False cam=LIVE ai=LIVE cam_fps=57.0 pub_fps=30.2 frames=667588 result_subs=1 roi=ok intrinsic=ok inference_age_ms=71 target=none transport=False sorting_thread=alive
15:10:42 [v4][heartbeat] enter=True sorting=False cam=LIVE ai=LIVE cam_fps=55.6 pub_fps=30.4 frames=667866 result_subs=1 roi=ok intrinsic=ok inference_age_ms=129 target=none transport=False sorting_thread=alive
15:10:47 [v4][heartbeat] enter=True sorting=False cam=LIVE ai=LIVE cam_fps=54.6 pub_fps=30.2 frames=668139 result_subs=1 roi=ok intrinsic=ok inference_age_ms=84 target=none transport=False sorting_thread=alive
15:10:52 [v4][heartbeat] enter=True sorting=False cam=LIVE ai=LIVE cam_fps=58.0 pub_fps=30.4 frames=668429 result_subs=1 roi=ok intrinsic=ok inference_age_ms=84 target=none transport=False sorting_thread=alive
15:10:57 [v4][heartbeat] enter=True sorting=False cam=LIVE ai=LIVE cam_fps=53.6 pub_fps=30.2 frames=668697 result_subs=1 roi=ok intrinsic=ok inference_age_ms=102 target=none transport=False sorting_thread=alive
15:11:02 [v4][heartbeat] enter=True sorting=False cam=LIVE ai=LIVE cam_fps=55.1 pub_fps=30.3 frames=668973 result_subs=1 roi=ok intrinsic=ok inference_age_ms=91 target=none transport=False sorting_thread=alive
15:11:07 [v4][heartbeat] enter=True sorting=False cam=LIVE ai=LIVE cam_fps=56.9 pub_fps=30.2 frames=669257 result_subs=1 roi=ok intrinsic=ok inference_age_ms=59 target=none transport=False sorting_thread=alive
15:11:12 [v4][heartbeat] enter=True sorting=False cam=LIVE ai=LIVE cam_fps=51.8 pub_fps=30.4 frames=669516 result_subs=1 roi=ok intrinsic=ok inference_age_ms=89 target=none transport=False sorting_thread=alive
15:11:17 [v4][heartbeat] enter=True sorting=False cam=LIVE ai=LIVE cam_fps=57.7 pub_fps=30.2 frames=669804 result_subs=1 roi=ok intrinsic=ok inference_age_ms=102 target=none transport=False sorting_thread=alive
15:11:22 [v4][heartbeat] enter=True sorting=False cam=LIVE ai=LIVE cam_fps=53.9 pub_fps=30.3 frames=670074 result_subs=1 roi=ok intrinsic=ok inference_age_ms=78 target=none transport=False sorting_thread=alive
15:11:27 [v4][heartbeat] enter=True sorting=False cam=LIVE ai=LIVE cam_fps=56.5 pub_fps=30.2 frames=670356 result_subs=1 roi=ok intrinsic=ok inference_age_ms=122 target=none transport=False sorting_thread=alive
15:11:32 [v4][heartbeat] enter=True sorting=False cam=LIVE ai=LIVE cam_fps=56.8 pub_fps=30.4 frames=670640 result_subs=1 roi=ok intrinsic=ok inference_age_ms=107 target=none transport=False sorting_thread=alive
15:11:37 [v4][heartbeat] enter=True sorting=False cam=LIVE ai=LIVE cam_fps=54.0 pub_fps=30.2 frames=670910 result_subs=1 roi=ok intrinsic=ok inference_age_ms=123 target=none transport=False sorting_thread=alive
15:11:42 [v4][heartbeat] enter=True sorting=False cam=LIVE ai=LIVE cam_fps=57.8 pub_fps=30.4 frames=671199 result_subs=1 roi=ok intrinsic=ok inference_age_ms=94 target=none transport=False sorting_thread=alive
15:11:47 [v4][heartbeat] enter=True sorting=False cam=LIVE ai=LIVE cam_fps=55.6 pub_fps=30.2 frames=671477 result_subs=1 roi=ok intrinsic=ok inference_age_ms=73 target=none transport=False sorting_thread=alive
15:11:52 [v4][heartbeat] enter=True sorting=False cam=LIVE ai=LIVE cam_fps=57.0 pub_fps=30.4 frames=671762 result_subs=1 roi=ok intrinsic=ok inference_age_ms=48 target=none transport=False sorting_thread=alive
15:11:57 [v4][heartbeat] enter=True sorting=False cam=LIVE ai=LIVE cam_fps=58.2 pub_fps=30.4 frames=672053 result_subs=1 roi=ok intrinsic=ok inference_age_ms=63 target=none transport=False sorting_thread=alive
15:12:02 [v4][heartbeat] enter=True sorting=False cam=LIVE ai=LIVE cam_fps=56.0 pub_fps=30.2 frames=672333 result_subs=1 roi=ok intrinsic=ok inference_age_ms=92 target=none transport=False sorting_thread=alive
15:12:07 [v4][heartbeat] enter=True sorting=False cam=LIVE ai=LIVE cam_fps=57.1 pub_fps=30.4 frames=672619 result_subs=1 roi=ok intrinsic=ok inference_age_ms=108 target=none transport=False sorting_thread=alive
15:12:12 [v4][heartbeat] enter=True sorting=False cam=LIVE ai=LIVE cam_fps=56.9 pub_fps=30.2 frames=672903 result_subs=1 roi=ok intrinsic=ok inference_age_ms=65 target=none transport=False sorting_thread=alive
15:12:17 [v4][heartbeat] enter=True sorting=False cam=LIVE ai=LIVE cam_fps=55.8 pub_fps=30.4 frames=673182 result_subs=1 roi=ok intrinsic=ok inference_age_ms=151 target=none transport=False sorting_thread=alive
15:12:22 [v4][heartbeat] enter=True sorting=False cam=LIVE ai=LIVE cam_fps=56.4 pub_fps=30.2 frames=673464 result_subs=1 roi=ok intrinsic=ok inference_age_ms=48 target=none transport=False sorting_thread=alive
15:12:27 [v4][heartbeat] enter=True sorting=False cam=LIVE ai=LIVE cam_fps=54.4 pub_fps=30.4 frames=673736 result_subs=1 roi=ok intrinsic=ok inference_age_ms=131 target=none transport=False sorting_thread=alive
15:12:32 [v4][heartbeat] enter=True sorting=False cam=LIVE ai=LIVE cam_fps=56.4 pub_fps=30.2 frames=674018 result_subs=1 roi=ok intrinsic=ok inference_age_ms=92 target=none transport=False sorting_thread=alive
15:12:37 [v4][heartbeat] enter=True sorting=False cam=LIVE ai=LIVE cam_fps=56.2 pub_fps=30.4 frames=674299 result_subs=1 roi=ok intrinsic=ok inference_age_ms=77 target=none transport=False sorting_thread=alive
15:12:42 [v4][heartbeat] enter=True sorting=False cam=LIVE ai=LIVE cam_fps=56.2 pub_fps=30.2 frames=674580 result_subs=1 roi=ok intrinsic=ok inference_age_ms=67 target=none transport=False sorting_thread=alive
15:12:47 [v4][heartbeat] enter=True sorting=False cam=LIVE ai=LIVE cam_fps=57.7 pub_fps=30.4 frames=674868 result_subs=1 roi=ok intrinsic=ok inference_age_ms=110 target=none transport=False sorting_thread=alive
15:12:52 [v4][heartbeat] enter=True sorting=False cam=LIVE ai=LIVE cam_fps=55.7 pub_fps=30.2 frames=675147 result_subs=1 roi=ok intrinsic=ok inference_age_ms=96 target=none transport=False sorting_thread=alive
15:12:57 [v4][heartbeat] enter=True sorting=False cam=LIVE ai=LIVE cam_fps=57.3 pub_fps=30.4 frames=675433 result_subs=1 roi=ok intrinsic=ok inference_age_ms=99 target=none transport=False sorting_thread=alive
15:13:02 [v4][heartbeat] enter=True sorting=False cam=LIVE ai=LIVE cam_fps=57.4 pub_fps=30.2 frames=675720 result_subs=1 roi=ok intrinsic=ok inference_age_ms=77 target=none transport=False sorting_thread=alive
15:13:07 [v4][heartbeat] enter=True sorting=False cam=LIVE ai=LIVE cam_fps=55.8 pub_fps=30.4 frames=675999 result_subs=1 roi=ok intrinsic=ok inference_age_ms=64 target=none transport=False sorting_thread=alive
15:13:12 [v4][heartbeat] enter=True sorting=False cam=LIVE ai=LIVE cam_fps=57.6 pub_fps=30.2 frames=676287 result_subs=1 roi=ok intrinsic=ok inference_age_ms=121 target=none transport=False sorting_thread=alive
15:13:17 [v4][heartbeat] enter=True sorting=False cam=LIVE ai=LIVE cam_fps=55.4 pub_fps=30.4 frames=676564 result_subs=1 roi=ok intrinsic=ok inference_age_ms=88 target=none transport=False sorting_thread=alive
15:13:22 [v4][heartbeat] enter=True sorting=False cam=LIVE ai=LIVE cam_fps=56.0 pub_fps=30.2 frames=676844 result_subs=1 roi=ok intrinsic=ok inference_age_ms=117 target=none transport=False sorting_thread=alive
15:13:27 [v4][heartbeat] enter=True sorting=False cam=LIVE ai=LIVE cam_fps=57.4 pub_fps=30.4 frames=677131 result_subs=1 roi=ok intrinsic=ok inference_age_ms=97 target=none transport=False sorting_thread=alive
15:13:32 [v4][heartbeat] enter=True sorting=False cam=LIVE ai=LIVE cam_fps=53.4 pub_fps=30.2 frames=677398 result_subs=1 roi=ok intrinsic=ok inference_age_ms=71 target=none transport=False sorting_thread=alive
15:13:37 [v4][heartbeat] enter=True sorting=False cam=LIVE ai=LIVE cam_fps=56.9 pub_fps=30.4 frames=677682 result_subs=1 roi=ok intrinsic=ok inference_age_ms=110 target=none transport=False sorting_thread=alive
15:13:42 [v4][heartbeat] enter=True sorting=False cam=LIVE ai=LIVE cam_fps=56.8 pub_fps=30.2 frames=677966 result_subs=1 roi=ok intrinsic=ok inference_age_ms=141 target=none transport=False sorting_thread=alive
15:13:47 [v4][heartbeat] enter=True sorting=False cam=LIVE ai=LIVE cam_fps=56.6 pub_fps=30.4 frames=678249 result_subs=1 roi=ok intrinsic=ok inference_age_ms=121 target=none transport=False sorting_thread=alive
15:13:52 [v4][heartbeat] enter=True sorting=False cam=LIVE ai=LIVE cam_fps=57.9 pub_fps=30.2 frames=678538 result_subs=1 roi=ok intrinsic=ok inference_age_ms=53 target=none transport=False sorting_thread=alive
15:13:57 [v4][heartbeat] enter=True sorting=False cam=LIVE ai=LIVE cam_fps=55.8 pub_fps=30.4 frames=678817 result_subs=1 roi=ok intrinsic=ok inference_age_ms=120 target=none transport=False sorting_thread=alive
15:14:02 [v4][heartbeat] enter=True sorting=False cam=LIVE ai=LIVE cam_fps=55.4 pub_fps=30.2 frames=679094 result_subs=1 roi=ok intrinsic=ok inference_age_ms=81 target=none transport=False sorting_thread=alive
15:14:07 [v4][heartbeat] enter=True sorting=False cam=LIVE ai=LIVE cam_fps=55.4 pub_fps=30.4 frames=679371 result_subs=1 roi=ok intrinsic=ok inference_age_ms=52 target=none transport=False sorting_thread=alive
15:14:12 [v4][heartbeat] enter=True sorting=False cam=LIVE ai=LIVE cam_fps=53.8 pub_fps=30.4 frames=679640 result_subs=1 roi=ok intrinsic=ok inference_age_ms=63 target=none transport=False sorting_thread=alive
15:14:17 [v4][heartbeat] enter=True sorting=False cam=LIVE ai=LIVE cam_fps=56.2 pub_fps=30.2 frames=679921 result_subs=1 roi=ok intrinsic=ok inference_age_ms=50 target=none transport=False sorting_thread=alive
15:14:22 [v4][heartbeat] enter=True sorting=False cam=LIVE ai=LIVE cam_fps=53.0 pub_fps=30.4 frames=680186 result_subs=1 roi=ok intrinsic=ok inference_age_ms=102 target=none transport=False sorting_thread=alive
15:14:27 [v4][heartbeat] enter=True sorting=False cam=LIVE ai=LIVE cam_fps=56.8 pub_fps=30.2 frames=680470 result_subs=1 roi=ok intrinsic=ok inference_age_ms=143 target=none transport=False sorting_thread=alive
15:14:32 [v4][heartbeat] enter=True sorting=False cam=LIVE ai=LIVE cam_fps=55.4 pub_fps=30.4 frames=680747 result_subs=1 roi=ok intrinsic=ok inference_age_ms=57 target=none transport=False sorting_thread=alive
15:14:37 [v4][heartbeat] enter=True sorting=False cam=LIVE ai=LIVE cam_fps=53.6 pub_fps=30.2 frames=681015 result_subs=1 roi=ok intrinsic=ok inference_age_ms=82 target=none transport=False sorting_thread=alive
15:14:42 [v4][heartbeat] enter=True sorting=False cam=LIVE ai=LIVE cam_fps=56.0 pub_fps=30.2 frames=681295 result_subs=1 roi=ok intrinsic=ok inference_age_ms=87 target=none transport=False sorting_thread=alive
15:14:47 [v4][heartbeat] enter=True sorting=False cam=LIVE ai=LIVE cam_fps=53.0 pub_fps=30.4 frames=681560 result_subs=1 roi=ok intrinsic=ok inference_age_ms=96 target=none transport=False sorting_thread=alive
15:14:52 [v4][heartbeat] enter=True sorting=False cam=LIVE ai=LIVE cam_fps=56.8 pub_fps=30.4 frames=681844 result_subs=1 roi=ok intrinsic=ok inference_age_ms=127 target=none transport=False sorting_thread=alive
15:14:57 [v4][heartbeat] enter=True sorting=False cam=LIVE ai=LIVE cam_fps=56.4 pub_fps=30.2 frames=682126 result_subs=1 roi=ok intrinsic=ok inference_age_ms=130 target=none transport=False sorting_thread=alive
15:15:02 [v4][heartbeat] enter=True sorting=False cam=LIVE ai=LIVE cam_fps=56.4 pub_fps=30.4 frames=682408 result_subs=1 roi=ok intrinsic=ok inference_age_ms=94 target=none transport=False sorting_thread=alive
15:15:07 [v4][heartbeat] enter=True sorting=False cam=LIVE ai=LIVE cam_fps=55.2 pub_fps=30.2 frames=682684 result_subs=1 roi=ok intrinsic=ok inference_age_ms=122 target=none transport=False sorting_thread=alive
15:15:12 [v4][heartbeat] enter=True sorting=False cam=LIVE ai=LIVE cam_fps=54.8 pub_fps=30.4 frames=682958 result_subs=1 roi=ok intrinsic=ok inference_age_ms=97 target=none transport=False sorting_thread=alive
15:15:17 [v4][heartbeat] enter=True sorting=False cam=LIVE ai=LIVE cam_fps=54.6 pub_fps=30.2 frames=683231 result_subs=1 roi=ok intrinsic=ok inference_age_ms=90 target=none transport=False sorting_thread=alive
15:15:22 [v4][heartbeat] enter=True sorting=False cam=LIVE ai=LIVE cam_fps=56.6 pub_fps=30.4 frames=683514 result_subs=1 roi=ok intrinsic=ok inference_age_ms=92 target=none transport=False sorting_thread=alive
15:15:27 [v4][heartbeat] enter=True sorting=False cam=LIVE ai=LIVE cam_fps=54.6 pub_fps=30.2 frames=683787 result_subs=1 roi=ok intrinsic=ok inference_age_ms=80 target=none transport=False sorting_thread=alive
15:15:32 [v4][heartbeat] enter=True sorting=False cam=LIVE ai=LIVE cam_fps=56.9 pub_fps=30.4 frames=684072 result_subs=1 roi=ok intrinsic=ok inference_age_ms=92 target=none transport=False sorting_thread=alive
15:15:37 [v4][heartbeat] enter=True sorting=False cam=LIVE ai=LIVE cam_fps=55.6 pub_fps=30.2 frames=684350 result_subs=1 roi=ok intrinsic=ok inference_age_ms=143 target=none transport=False sorting_thread=alive
15:15:42 [v4][heartbeat] enter=True sorting=False cam=LIVE ai=LIVE cam_fps=57.2 pub_fps=30.4 frames=684636 result_subs=1 roi=ok intrinsic=ok inference_age_ms=111 target=none transport=False sorting_thread=alive
15:15:47 [v4][heartbeat] enter=True sorting=False cam=LIVE ai=LIVE cam_fps=56.6 pub_fps=30.2 frames=684919 result_subs=1 roi=ok intrinsic=ok inference_age_ms=99 target=none transport=False sorting_thread=alive
15:15:52 [v4][heartbeat] enter=True sorting=False cam=LIVE ai=LIVE cam_fps=53.6 pub_fps=30.4 frames=685187 result_subs=1 roi=ok intrinsic=ok inference_age_ms=110 target=none transport=False sorting_thread=alive
15:15:57 [v4][heartbeat] enter=True sorting=False cam=LIVE ai=LIVE cam_fps=57.4 pub_fps=30.2 frames=685474 result_subs=1 roi=ok intrinsic=ok inference_age_ms=102 target=none transport=False sorting_thread=alive
15:16:02 [v4][heartbeat] enter=True sorting=False cam=LIVE ai=LIVE cam_fps=56.4 pub_fps=30.4 frames=685756 result_subs=1 roi=ok intrinsic=ok inference_age_ms=108 target=none transport=False sorting_thread=alive
15:16:07 [v4][heartbeat] enter=True sorting=False cam=LIVE ai=LIVE cam_fps=57.0 pub_fps=30.2 frames=686041 result_subs=1 roi=ok intrinsic=ok inference_age_ms=114 target=none transport=False sorting_thread=alive
15:16:12 [v4][heartbeat] enter=True sorting=False cam=LIVE ai=LIVE cam_fps=56.6 pub_fps=30.4 frames=686324 result_subs=1 roi=ok intrinsic=ok inference_age_ms=92 target=none transport=False sorting_thread=alive
15:16:17 [v4][heartbeat] enter=True sorting=False cam=LIVE ai=LIVE cam_fps=54.6 pub_fps=30.2 frames=686597 result_subs=1 roi=ok intrinsic=ok inference_age_ms=123 target=none transport=False sorting_thread=alive
15:16:22 [v4][heartbeat] enter=True sorting=False cam=LIVE ai=LIVE cam_fps=56.2 pub_fps=30.4 frames=686878 result_subs=1 roi=ok intrinsic=ok inference_age_ms=99 target=none transport=False sorting_thread=alive
15:16:27 [v4][heartbeat] enter=True sorting=False cam=LIVE ai=LIVE cam_fps=56.2 pub_fps=30.2 frames=687159 result_subs=1 roi=ok intrinsic=ok inference_age_ms=102 target=none transport=False sorting_thread=alive
15:16:32 [v4][heartbeat] enter=True sorting=False cam=LIVE ai=LIVE cam_fps=54.8 pub_fps=30.4 frames=687433 result_subs=1 roi=ok intrinsic=ok inference_age_ms=102 target=none transport=False sorting_thread=alive
15:16:37 [v4][heartbeat] enter=True sorting=False cam=LIVE ai=LIVE cam_fps=58.3 pub_fps=30.2 frames=687725 result_subs=1 roi=ok intrinsic=ok inference_age_ms=73 target=none transport=False sorting_thread=alive
15:16:42 [v4][heartbeat] enter=True sorting=False cam=LIVE ai=LIVE cam_fps=53.6 pub_fps=30.4 frames=687993 result_subs=1 roi=ok intrinsic=ok inference_age_ms=137 target=none transport=False sorting_thread=alive
15:16:47 [v4][heartbeat] enter=True sorting=False cam=LIVE ai=LIVE cam_fps=54.6 pub_fps=30.2 frames=688266 result_subs=1 roi=ok intrinsic=ok inference_age_ms=90 target=none transport=False sorting_thread=alive
15:16:52 [v4][heartbeat] enter=True sorting=False cam=LIVE ai=LIVE cam_fps=55.4 pub_fps=30.4 frames=688543 result_subs=1 roi=ok intrinsic=ok inference_age_ms=65 target=none transport=False sorting_thread=alive
15:16:57 [v4][heartbeat] enter=True sorting=False cam=LIVE ai=LIVE cam_fps=57.0 pub_fps=30.4 frames=688828 result_subs=1 roi=ok intrinsic=ok inference_age_ms=91 target=none transport=False sorting_thread=alive
15:17:02 [v4][heartbeat] enter=True sorting=False cam=LIVE ai=LIVE cam_fps=56.8 pub_fps=30.2 frames=689112 result_subs=1 roi=ok intrinsic=ok inference_age_ms=77 target=none transport=False sorting_thread=alive
15:17:07 [v4][heartbeat] enter=True sorting=False cam=LIVE ai=LIVE cam_fps=54.1 pub_fps=30.2 frames=689383 result_subs=1 roi=ok intrinsic=ok inference_age_ms=66 target=none transport=False sorting_thread=alive
15:17:12 [v4][heartbeat] enter=True sorting=False cam=LIVE ai=LIVE cam_fps=55.3 pub_fps=30.4 frames=689659 result_subs=1 roi=ok intrinsic=ok inference_age_ms=96 target=none transport=False sorting_thread=alive
15:17:17 [v4][heartbeat] enter=True sorting=False cam=LIVE ai=LIVE cam_fps=55.0 pub_fps=30.4 frames=689934 result_subs=1 roi=ok intrinsic=ok inference_age_ms=83 target=none transport=False sorting_thread=alive
15:17:22 [v4][heartbeat] enter=True sorting=False cam=LIVE ai=LIVE cam_fps=54.8 pub_fps=30.2 frames=690208 result_subs=1 roi=ok intrinsic=ok inference_age_ms=95 target=none transport=False sorting_thread=alive
15:17:27 [v4][heartbeat] enter=True sorting=False cam=LIVE ai=LIVE cam_fps=56.7 pub_fps=30.4 frames=690492 result_subs=1 roi=ok intrinsic=ok inference_age_ms=95 target=none transport=False sorting_thread=alive
15:17:32 [v4][heartbeat] enter=True sorting=False cam=LIVE ai=LIVE cam_fps=53.2 pub_fps=30.2 frames=690758 result_subs=1 roi=ok intrinsic=ok inference_age_ms=72 target=none transport=False sorting_thread=alive
15:17:37 [v4][heartbeat] enter=True sorting=False cam=LIVE ai=LIVE cam_fps=55.4 pub_fps=30.4 frames=691035 result_subs=1 roi=ok intrinsic=ok inference_age_ms=76 target=none transport=False sorting_thread=alive
15:17:42 [v4][heartbeat] enter=True sorting=False cam=LIVE ai=LIVE cam_fps=57.3 pub_fps=30.2 frames=691321 result_subs=1 roi=ok intrinsic=ok inference_age_ms=67 target=none transport=False sorting_thread=alive
15:17:47 [v4][heartbeat] enter=True sorting=False cam=LIVE ai=LIVE cam_fps=56.6 pub_fps=30.4 frames=691604 result_subs=1 roi=ok intrinsic=ok inference_age_ms=90 target=none transport=False sorting_thread=alive
15:17:52 [v4][heartbeat] enter=True sorting=False cam=LIVE ai=LIVE cam_fps=56.0 pub_fps=30.2 frames=691884 result_subs=1 roi=ok intrinsic=ok inference_age_ms=74 target=none transport=False sorting_thread=alive
15:17:57 [v4][heartbeat] enter=True sorting=False cam=LIVE ai=LIVE cam_fps=54.2 pub_fps=30.4 frames=692155 result_subs=1 roi=ok intrinsic=ok inference_age_ms=104 target=none transport=False sorting_thread=alive
15:18:02 [v4][heartbeat] enter=True sorting=False cam=LIVE ai=LIVE cam_fps=55.2 pub_fps=30.2 frames=692431 result_subs=1 roi=ok intrinsic=ok inference_age_ms=51 target=none transport=False sorting_thread=alive
15:18:07 [v4][heartbeat] enter=True sorting=False cam=LIVE ai=LIVE cam_fps=58.3 pub_fps=30.4 frames=692723 result_subs=1 roi=ok intrinsic=ok inference_age_ms=82 target=none transport=False sorting_thread=alive
15:18:12 [v4][heartbeat] enter=True sorting=False cam=LIVE ai=LIVE cam_fps=55.1 pub_fps=30.2 frames=692998 result_subs=1 roi=ok intrinsic=ok inference_age_ms=96 target=none transport=False sorting_thread=alive
15:18:17 [v4][heartbeat] enter=True sorting=False cam=LIVE ai=LIVE cam_fps=55.5 pub_fps=30.4 frames=693276 result_subs=1 roi=ok intrinsic=ok inference_age_ms=59 target=none transport=False sorting_thread=alive
15:18:22 [v4][heartbeat] enter=True sorting=False cam=LIVE ai=LIVE cam_fps=52.4 pub_fps=30.2 frames=693538 result_subs=1 roi=ok intrinsic=ok inference_age_ms=78 target=none transport=False sorting_thread=alive
15:18:27 [v4][heartbeat] enter=True sorting=False cam=LIVE ai=LIVE cam_fps=55.0 pub_fps=30.4 frames=693813 result_subs=1 roi=ok intrinsic=ok inference_age_ms=76 target=none transport=False sorting_thread=alive
15:18:32 [v4][heartbeat] enter=True sorting=False cam=LIVE ai=LIVE cam_fps=56.2 pub_fps=30.2 frames=694094 result_subs=1 roi=ok intrinsic=ok inference_age_ms=91 target=none transport=False sorting_thread=alive
15:18:37 [v4][heartbeat] enter=True sorting=False cam=LIVE ai=LIVE cam_fps=56.0 pub_fps=30.4 frames=694374 result_subs=1 roi=ok intrinsic=ok inference_age_ms=82 target=none transport=False sorting_thread=alive
15:18:42 [v4][heartbeat] enter=True sorting=False cam=LIVE ai=LIVE cam_fps=56.4 pub_fps=30.2 frames=694656 result_subs=1 roi=ok intrinsic=ok inference_age_ms=102 target=none transport=False sorting_thread=alive
15:18:47 [v4][heartbeat] enter=True sorting=False cam=LIVE ai=LIVE cam_fps=55.0 pub_fps=30.4 frames=694931 result_subs=1 roi=ok intrinsic=ok inference_age_ms=93 target=none transport=False sorting_thread=alive
15:18:52 [v4][heartbeat] enter=True sorting=False cam=LIVE ai=LIVE cam_fps=55.8 pub_fps=30.2 frames=695210 result_subs=1 roi=ok intrinsic=ok inference_age_ms=126 target=none transport=False sorting_thread=alive
15:18:57 [v4][heartbeat] enter=True sorting=False cam=LIVE ai=LIVE cam_fps=57.6 pub_fps=30.4 frames=695498 result_subs=1 roi=ok intrinsic=ok inference_age_ms=130 target=none transport=False sorting_thread=alive
15:19:02 [v4][heartbeat] enter=True sorting=False cam=LIVE ai=LIVE cam_fps=54.1 pub_fps=30.2 frames=695768 result_subs=1 roi=ok intrinsic=ok inference_age_ms=70 target=none transport=False sorting_thread=alive
15:19:07 [v4][heartbeat] enter=True sorting=False cam=LIVE ai=LIVE cam_fps=54.2 pub_fps=30.4 frames=696039 result_subs=1 roi=ok intrinsic=ok inference_age_ms=82 target=none transport=False sorting_thread=alive
15:19:12 [v4][heartbeat] enter=True sorting=False cam=LIVE ai=LIVE cam_fps=54.6 pub_fps=30.2 frames=696312 result_subs=1 roi=ok intrinsic=ok inference_age_ms=146 target=none transport=False sorting_thread=alive
15:19:17 [v4][heartbeat] enter=True sorting=False cam=LIVE ai=LIVE cam_fps=55.0 pub_fps=30.4 frames=696587 result_subs=1 roi=ok intrinsic=ok inference_age_ms=134 target=none transport=False sorting_thread=alive
15:19:22 [v4][heartbeat] enter=True sorting=False cam=LIVE ai=LIVE cam_fps=56.7 pub_fps=30.2 frames=696870 result_subs=1 roi=ok intrinsic=ok inference_age_ms=86 target=none transport=False sorting_thread=alive
15:19:27 [v4][heartbeat] enter=True sorting=False cam=LIVE ai=LIVE cam_fps=54.0 pub_fps=30.4 frames=697140 result_subs=1 roi=ok intrinsic=ok inference_age_ms=93 target=none transport=False sorting_thread=alive
15:19:32 [v4][heartbeat] enter=True sorting=False cam=LIVE ai=LIVE cam_fps=53.8 pub_fps=30.2 frames=697409 result_subs=1 roi=ok intrinsic=ok inference_age_ms=98 target=none transport=False sorting_thread=alive
15:19:37 [v4][heartbeat] enter=True sorting=False cam=LIVE ai=LIVE cam_fps=55.9 pub_fps=30.4 frames=697689 result_subs=1 roi=ok intrinsic=ok inference_age_ms=65 target=none transport=False sorting_thread=alive
15:19:42 [v4][heartbeat] enter=True sorting=False cam=LIVE ai=LIVE cam_fps=56.4 pub_fps=30.4 frames=697971 result_subs=1 roi=ok intrinsic=ok inference_age_ms=53 target=none transport=False sorting_thread=alive
15:19:47 [v4][heartbeat] enter=True sorting=False cam=LIVE ai=LIVE cam_fps=57.0 pub_fps=30.2 frames=698256 result_subs=1 roi=ok intrinsic=ok inference_age_ms=72 target=none transport=False sorting_thread=alive
15:19:52 [v4][heartbeat] enter=True sorting=False cam=LIVE ai=LIVE cam_fps=55.4 pub_fps=30.2 frames=698533 result_subs=1 roi=ok intrinsic=ok inference_age_ms=77 target=none transport=False sorting_thread=alive
15:19:57 [v4][heartbeat] enter=True sorting=False cam=LIVE ai=LIVE cam_fps=54.2 pub_fps=30.4 frames=698804 result_subs=1 roi=ok intrinsic=ok inference_age_ms=86 target=none transport=False sorting_thread=alive
15:20:02 [v4][heartbeat] enter=True sorting=False cam=LIVE ai=LIVE cam_fps=55.0 pub_fps=30.4 frames=699079 result_subs=1 roi=ok intrinsic=ok inference_age_ms=111 target=none transport=False sorting_thread=alive
15:20:07 [v4][heartbeat] enter=True sorting=False cam=LIVE ai=LIVE cam_fps=55.0 pub_fps=30.2 frames=699354 result_subs=1 roi=ok intrinsic=ok inference_age_ms=99 target=none transport=False sorting_thread=alive
15:20:12 [v4][heartbeat] enter=True sorting=False cam=LIVE ai=LIVE cam_fps=55.6 pub_fps=30.4 frames=699632 result_subs=1 roi=ok intrinsic=ok inference_age_ms=70 target=none transport=False sorting_thread=alive
15:20:17 [v4][heartbeat] enter=True sorting=False cam=LIVE ai=LIVE cam_fps=56.4 pub_fps=30.2 frames=699914 result_subs=1 roi=ok intrinsic=ok inference_age_ms=77 target=none transport=False sorting_thread=alive
15:20:22 [v4][heartbeat] enter=True sorting=False cam=LIVE ai=LIVE cam_fps=53.0 pub_fps=30.4 frames=700179 result_subs=1 roi=ok intrinsic=ok inference_age_ms=65 target=none transport=False sorting_thread=alive
15:20:27 [v4][heartbeat] enter=True sorting=False cam=LIVE ai=LIVE cam_fps=57.3 pub_fps=30.2 frames=700465 result_subs=1 roi=ok intrinsic=ok inference_age_ms=121 target=none transport=False sorting_thread=alive
15:20:32 [v4][heartbeat] enter=True sorting=False cam=LIVE ai=LIVE cam_fps=54.8 pub_fps=30.4 frames=700739 result_subs=1 roi=ok intrinsic=ok inference_age_ms=48 target=none transport=False sorting_thread=alive
15:20:37 [v4][heartbeat] enter=True sorting=False cam=LIVE ai=LIVE cam_fps=54.4 pub_fps=30.2 frames=701011 result_subs=1 roi=ok intrinsic=ok inference_age_ms=135 target=none transport=False sorting_thread=alive
15:20:42 [v4][heartbeat] enter=True sorting=False cam=LIVE ai=LIVE cam_fps=55.1 pub_fps=30.4 frames=701286 result_subs=1 roi=ok intrinsic=ok inference_age_ms=95 target=none transport=False sorting_thread=alive
15:20:47 [v4][heartbeat] enter=True sorting=False cam=LIVE ai=LIVE cam_fps=54.3 pub_fps=30.2 frames=701558 result_subs=1 roi=ok intrinsic=ok inference_age_ms=77 target=none transport=False sorting_thread=alive
15:20:52 [v4][heartbeat] enter=True sorting=False cam=LIVE ai=LIVE cam_fps=57.4 pub_fps=30.4 frames=701845 result_subs=1 roi=ok intrinsic=ok inference_age_ms=93 target=none transport=False sorting_thread=alive
15:20:57 [v4][heartbeat] enter=True sorting=False cam=LIVE ai=LIVE cam_fps=56.8 pub_fps=30.2 frames=702129 result_subs=1 roi=ok intrinsic=ok inference_age_ms=92 target=none transport=False sorting_thread=alive
15:21:02 [v4][heartbeat] enter=True sorting=False cam=LIVE ai=LIVE cam_fps=54.2 pub_fps=30.4 frames=702400 result_subs=1 roi=ok intrinsic=ok inference_age_ms=89 target=none transport=False sorting_thread=alive
15:21:07 [v4][heartbeat] enter=True sorting=False cam=LIVE ai=LIVE cam_fps=56.9 pub_fps=30.2 frames=702685 result_subs=1 roi=ok intrinsic=ok inference_age_ms=78 target=none transport=False sorting_thread=alive
15:21:12 [v4][heartbeat] enter=True sorting=False cam=LIVE ai=LIVE cam_fps=55.2 pub_fps=30.4 frames=702961 result_subs=1 roi=ok intrinsic=ok inference_age_ms=93 target=none transport=False sorting_thread=alive
15:21:17 [v4][heartbeat] enter=True sorting=False cam=LIVE ai=LIVE cam_fps=56.8 pub_fps=30.2 frames=703245 result_subs=1 roi=ok intrinsic=ok inference_age_ms=118 target=none transport=False sorting_thread=alive
15:21:22 [v4][heartbeat] enter=True sorting=False cam=LIVE ai=LIVE cam_fps=54.4 pub_fps=30.4 frames=703517 result_subs=1 roi=ok intrinsic=ok inference_age_ms=63 target=none transport=False sorting_thread=alive
15:21:27 [v4][heartbeat] enter=True sorting=False cam=LIVE ai=LIVE cam_fps=55.0 pub_fps=30.2 frames=703792 result_subs=1 roi=ok intrinsic=ok inference_age_ms=101 target=none transport=False sorting_thread=alive
15:21:32 [v4][heartbeat] enter=True sorting=False cam=LIVE ai=LIVE cam_fps=55.0 pub_fps=30.4 frames=704067 result_subs=1 roi=ok intrinsic=ok inference_age_ms=103 target=none transport=False sorting_thread=alive
15:21:37 [v4][heartbeat] enter=True sorting=False cam=LIVE ai=LIVE cam_fps=53.0 pub_fps=30.2 frames=704332 result_subs=1 roi=ok intrinsic=ok inference_age_ms=64 target=none transport=False sorting_thread=alive
15:21:42 [v4][heartbeat] enter=True sorting=False cam=LIVE ai=LIVE cam_fps=53.8 pub_fps=30.4 frames=704601 result_subs=1 roi=ok intrinsic=ok inference_age_ms=110 target=none transport=False sorting_thread=alive
15:21:47 [v4][heartbeat] enter=True sorting=False cam=LIVE ai=LIVE cam_fps=52.6 pub_fps=30.2 frames=704864 result_subs=1 roi=ok intrinsic=ok inference_age_ms=80 target=none transport=False sorting_thread=alive
15:21:52 [v4][heartbeat] enter=True sorting=False cam=LIVE ai=LIVE cam_fps=54.4 pub_fps=30.4 frames=705136 result_subs=1 roi=ok intrinsic=ok inference_age_ms=101 target=none transport=False sorting_thread=alive
15:21:57 [v4][heartbeat] enter=True sorting=False cam=LIVE ai=LIVE cam_fps=55.2 pub_fps=30.2 frames=705412 result_subs=1 roi=ok intrinsic=ok inference_age_ms=88 target=none transport=False sorting_thread=alive
15:22:02 [v4][heartbeat] enter=True sorting=False cam=LIVE ai=LIVE cam_fps=54.7 pub_fps=30.4 frames=705686 result_subs=1 roi=ok intrinsic=ok inference_age_ms=77 target=none transport=False sorting_thread=alive
15:22:07 [v4][heartbeat] enter=True sorting=False cam=LIVE ai=LIVE cam_fps=57.7 pub_fps=30.2 frames=705974 result_subs=1 roi=ok intrinsic=ok inference_age_ms=70 target=none transport=False sorting_thread=alive
15:22:12 [v4][heartbeat] enter=True sorting=False cam=LIVE ai=LIVE cam_fps=54.4 pub_fps=30.4 frames=706246 result_subs=1 roi=ok intrinsic=ok inference_age_ms=89 target=none transport=False sorting_thread=alive
15:22:17 [v4][heartbeat] enter=True sorting=False cam=LIVE ai=LIVE cam_fps=53.8 pub_fps=30.2 frames=706515 result_subs=1 roi=ok intrinsic=ok inference_age_ms=88 target=none transport=False sorting_thread=alive
15:22:22 [v4][heartbeat] enter=True sorting=False cam=LIVE ai=LIVE cam_fps=57.8 pub_fps=30.4 frames=706804 result_subs=1 roi=ok intrinsic=ok inference_age_ms=151 target=none transport=False sorting_thread=alive
15:22:27 [v4][heartbeat] enter=True sorting=False cam=LIVE ai=LIVE cam_fps=56.6 pub_fps=30.4 frames=707087 result_subs=1 roi=ok intrinsic=ok inference_age_ms=107 target=none transport=False sorting_thread=alive
15:22:32 [v4][heartbeat] enter=True sorting=False cam=LIVE ai=LIVE cam_fps=55.4 pub_fps=30.2 frames=707364 result_subs=1 roi=ok intrinsic=ok inference_age_ms=73 target=none transport=False sorting_thread=alive
15:22:37 [v4][heartbeat] enter=True sorting=False cam=LIVE ai=LIVE cam_fps=54.2 pub_fps=30.4 frames=707635 result_subs=1 roi=ok intrinsic=ok inference_age_ms=92 target=none transport=False sorting_thread=alive
15:22:42 [v4][heartbeat] enter=True sorting=False cam=LIVE ai=LIVE cam_fps=54.6 pub_fps=30.2 frames=707908 result_subs=1 roi=ok intrinsic=ok inference_age_ms=114 target=none transport=False sorting_thread=alive
15:22:47 [v4][heartbeat] enter=True sorting=False cam=LIVE ai=LIVE cam_fps=56.7 pub_fps=30.4 frames=708192 result_subs=1 roi=ok intrinsic=ok inference_age_ms=51 target=none transport=False sorting_thread=alive
15:22:52 [v4][heartbeat] enter=True sorting=False cam=LIVE ai=LIVE cam_fps=55.6 pub_fps=30.2 frames=708470 result_subs=1 roi=ok intrinsic=ok inference_age_ms=121 target=none transport=False sorting_thread=alive
15:22:57 [v4][heartbeat] enter=True sorting=False cam=LIVE ai=LIVE cam_fps=56.4 pub_fps=30.4 frames=708752 result_subs=1 roi=ok intrinsic=ok inference_age_ms=87 target=none transport=False sorting_thread=alive
15:23:02 [v4][heartbeat] enter=True sorting=False cam=LIVE ai=LIVE cam_fps=56.0 pub_fps=30.2 frames=709032 result_subs=1 roi=ok intrinsic=ok inference_age_ms=77 target=none transport=False sorting_thread=alive
15:23:07 [v4][heartbeat] enter=True sorting=False cam=LIVE ai=LIVE cam_fps=54.8 pub_fps=30.4 frames=709306 result_subs=1 roi=ok intrinsic=ok inference_age_ms=120 target=none transport=False sorting_thread=alive
15:23:12 [v4][heartbeat] enter=True sorting=False cam=LIVE ai=LIVE cam_fps=57.2 pub_fps=30.2 frames=709592 result_subs=1 roi=ok intrinsic=ok inference_age_ms=131 target=none transport=False sorting_thread=alive
15:23:17 [v4][heartbeat] enter=True sorting=False cam=LIVE ai=LIVE cam_fps=51.6 pub_fps=30.4 frames=709850 result_subs=1 roi=ok intrinsic=ok inference_age_ms=122 target=none transport=False sorting_thread=alive
15:23:22 [v4][heartbeat] enter=True sorting=False cam=LIVE ai=LIVE cam_fps=56.6 pub_fps=30.2 frames=710133 result_subs=1 roi=ok intrinsic=ok inference_age_ms=91 target=none transport=False sorting_thread=alive
15:23:27 [v4][heartbeat] enter=True sorting=False cam=LIVE ai=LIVE cam_fps=55.0 pub_fps=30.4 frames=710408 result_subs=1 roi=ok intrinsic=ok inference_age_ms=82 target=none transport=False sorting_thread=alive
15:23:32 [v4][heartbeat] enter=True sorting=False cam=LIVE ai=LIVE cam_fps=55.2 pub_fps=30.2 frames=710684 result_subs=1 roi=ok intrinsic=ok inference_age_ms=52 target=none transport=False sorting_thread=alive
15:23:37 [v4][heartbeat] enter=True sorting=False cam=LIVE ai=LIVE cam_fps=57.8 pub_fps=30.2 frames=710973 result_subs=1 roi=ok intrinsic=ok inference_age_ms=80 target=none transport=False sorting_thread=alive
15:23:42 [v4][heartbeat] enter=True sorting=False cam=LIVE ai=LIVE cam_fps=55.6 pub_fps=30.4 frames=711251 result_subs=1 roi=ok intrinsic=ok inference_age_ms=71 target=none transport=False sorting_thread=alive
15:23:47 [v4][heartbeat] enter=True sorting=False cam=LIVE ai=LIVE cam_fps=55.2 pub_fps=30.4 frames=711527 result_subs=1 roi=ok intrinsic=ok inference_age_ms=82 target=none transport=False sorting_thread=alive
15:23:52 [v4][heartbeat] enter=True sorting=False cam=LIVE ai=LIVE cam_fps=54.7 pub_fps=30.2 frames=711800 result_subs=1 roi=ok intrinsic=ok inference_age_ms=92 target=none transport=False sorting_thread=alive
15:23:57 [v4][heartbeat] enter=True sorting=False cam=LIVE ai=LIVE cam_fps=54.0 pub_fps=30.4 frames=712070 result_subs=1 roi=ok intrinsic=ok inference_age_ms=132 target=none transport=False sorting_thread=alive
15:24:02 [v4][heartbeat] enter=True sorting=False cam=LIVE ai=LIVE cam_fps=57.6 pub_fps=30.2 frames=712358 result_subs=1 roi=ok intrinsic=ok inference_age_ms=77 target=none transport=False sorting_thread=alive
15:24:07 [v4][heartbeat] enter=True sorting=False cam=LIVE ai=LIVE cam_fps=54.9 pub_fps=30.4 frames=712633 result_subs=1 roi=ok intrinsic=ok inference_age_ms=92 target=none transport=False sorting_thread=alive
15:24:12 [v4][heartbeat] enter=True sorting=False cam=LIVE ai=LIVE cam_fps=54.5 pub_fps=30.2 frames=712905 result_subs=1 roi=ok intrinsic=ok inference_age_ms=104 target=none transport=False sorting_thread=alive
15:24:17 [v4][heartbeat] enter=True sorting=False cam=LIVE ai=LIVE cam_fps=56.8 pub_fps=30.4 frames=713189 result_subs=1 roi=ok intrinsic=ok inference_age_ms=89 target=none transport=False sorting_thread=alive
15:24:22 [v4][heartbeat] enter=True sorting=False cam=LIVE ai=LIVE cam_fps=55.4 pub_fps=30.2 frames=713466 result_subs=1 roi=ok intrinsic=ok inference_age_ms=130 target=none transport=False sorting_thread=alive
15:24:27 [v4][heartbeat] enter=True sorting=False cam=LIVE ai=LIVE cam_fps=54.8 pub_fps=30.4 frames=713740 result_subs=1 roi=ok intrinsic=ok inference_age_ms=91 target=none transport=False sorting_thread=alive
15:24:32 [v4][heartbeat] enter=True sorting=False cam=LIVE ai=LIVE cam_fps=55.6 pub_fps=30.2 frames=714018 result_subs=1 roi=ok intrinsic=ok inference_age_ms=116 target=none transport=False sorting_thread=alive
15:24:37 [v4][heartbeat] enter=True sorting=False cam=LIVE ai=LIVE cam_fps=55.2 pub_fps=30.2 frames=714294 result_subs=1 roi=ok intrinsic=ok inference_age_ms=96 target=none transport=False sorting_thread=alive
15:24:42 [v4][heartbeat] enter=True sorting=False cam=LIVE ai=LIVE cam_fps=56.6 pub_fps=30.4 frames=714577 result_subs=1 roi=ok intrinsic=ok inference_age_ms=125 target=none transport=False sorting_thread=alive
15:24:47 [v4][heartbeat] enter=True sorting=False cam=LIVE ai=LIVE cam_fps=54.2 pub_fps=30.4 frames=714848 result_subs=1 roi=ok intrinsic=ok inference_age_ms=61 target=none transport=False sorting_thread=alive
15:24:52 [v4][heartbeat] enter=True sorting=False cam=LIVE ai=LIVE cam_fps=56.4 pub_fps=30.2 frames=715130 result_subs=1 roi=ok intrinsic=ok inference_age_ms=71 target=none transport=False sorting_thread=alive
15:24:57 [v4][heartbeat] enter=True sorting=False cam=LIVE ai=LIVE cam_fps=56.8 pub_fps=30.4 frames=715414 result_subs=1 roi=ok intrinsic=ok inference_age_ms=67 target=none transport=False sorting_thread=alive
15:25:02 [v4][heartbeat] enter=True sorting=False cam=LIVE ai=LIVE cam_fps=54.8 pub_fps=30.2 frames=715688 result_subs=1 roi=ok intrinsic=ok inference_age_ms=119 target=none transport=False sorting_thread=alive
15:25:07 [v4][heartbeat] enter=True sorting=False cam=LIVE ai=LIVE cam_fps=57.0 pub_fps=30.4 frames=715973 result_subs=1 roi=ok intrinsic=ok inference_age_ms=80 target=none transport=False sorting_thread=alive
15:25:12 [v4][heartbeat] enter=True sorting=False cam=LIVE ai=LIVE cam_fps=53.6 pub_fps=30.2 frames=716241 result_subs=1 roi=ok intrinsic=ok inference_age_ms=77 target=none transport=False sorting_thread=alive
15:25:17 [v4][heartbeat] enter=True sorting=False cam=LIVE ai=LIVE cam_fps=56.6 pub_fps=30.4 frames=716524 result_subs=1 roi=ok intrinsic=ok inference_age_ms=97 target=none transport=False sorting_thread=alive
15:25:22 [v4][heartbeat] enter=True sorting=False cam=LIVE ai=LIVE cam_fps=56.1 pub_fps=30.4 frames=716805 result_subs=1 roi=ok intrinsic=ok inference_age_ms=75 target=none transport=False sorting_thread=alive
15:25:27 [v4][heartbeat] enter=True sorting=False cam=LIVE ai=LIVE cam_fps=53.4 pub_fps=30.2 frames=717072 result_subs=1 roi=ok intrinsic=ok inference_age_ms=90 target=none transport=False sorting_thread=alive
15:25:32 [v4][heartbeat] enter=True sorting=False cam=LIVE ai=LIVE cam_fps=56.6 pub_fps=30.4 frames=717355 result_subs=1 roi=ok intrinsic=ok inference_age_ms=100 target=none transport=False sorting_thread=alive
15:25:37 [v4][heartbeat] enter=True sorting=False cam=LIVE ai=LIVE cam_fps=54.2 pub_fps=30.2 frames=717626 result_subs=1 roi=ok intrinsic=ok inference_age_ms=102 target=none transport=False sorting_thread=alive
15:25:42 [v4][heartbeat] enter=True sorting=False cam=LIVE ai=LIVE cam_fps=56.2 pub_fps=30.4 frames=717907 result_subs=1 roi=ok intrinsic=ok inference_age_ms=94 target=none transport=False sorting_thread=alive
15:25:47 [v4][heartbeat] enter=True sorting=False cam=LIVE ai=LIVE cam_fps=56.6 pub_fps=30.2 frames=718190 result_subs=1 roi=ok intrinsic=ok inference_age_ms=73 target=none transport=False sorting_thread=alive
15:25:52 [v4][heartbeat] enter=True sorting=False cam=LIVE ai=LIVE cam_fps=54.2 pub_fps=30.4 frames=718461 result_subs=1 roi=ok intrinsic=ok inference_age_ms=81 target=none transport=False sorting_thread=alive
15:25:57 [v4][heartbeat] enter=True sorting=False cam=LIVE ai=LIVE cam_fps=56.0 pub_fps=30.2 frames=718741 result_subs=1 roi=ok intrinsic=ok inference_age_ms=94 target=none transport=False sorting_thread=alive
15:26:02 [v4][heartbeat] enter=True sorting=False cam=LIVE ai=LIVE cam_fps=54.0 pub_fps=30.4 frames=719011 result_subs=1 roi=ok intrinsic=ok inference_age_ms=79 target=none transport=False sorting_thread=alive
15:26:07 [v4][heartbeat] enter=True sorting=False cam=LIVE ai=LIVE cam_fps=55.0 pub_fps=30.2 frames=719286 result_subs=1 roi=ok intrinsic=ok inference_age_ms=149 target=none transport=False sorting_thread=alive
15:26:12 [v4][heartbeat] enter=True sorting=False cam=LIVE ai=LIVE cam_fps=53.8 pub_fps=30.4 frames=719555 result_subs=1 roi=ok intrinsic=ok inference_age_ms=125 target=none transport=False sorting_thread=alive
15:26:17 [v4][heartbeat] enter=True sorting=False cam=LIVE ai=LIVE cam_fps=50.6 pub_fps=30.2 frames=719808 result_subs=1 roi=ok intrinsic=ok inference_age_ms=91 target=none transport=False sorting_thread=alive
15:26:22 [v4][heartbeat] enter=True sorting=False cam=LIVE ai=LIVE cam_fps=56.0 pub_fps=30.4 frames=720088 result_subs=1 roi=ok intrinsic=ok inference_age_ms=102 target=none transport=False sorting_thread=alive
15:26:27 [v4][heartbeat] enter=True sorting=False cam=LIVE ai=LIVE cam_fps=55.8 pub_fps=30.2 frames=720367 result_subs=1 roi=ok intrinsic=ok inference_age_ms=53 target=none transport=False sorting_thread=alive
15:26:32 [v4][heartbeat] enter=True sorting=False cam=LIVE ai=LIVE cam_fps=56.2 pub_fps=30.4 frames=720648 result_subs=1 roi=ok intrinsic=ok inference_age_ms=63 target=none transport=False sorting_thread=alive
15:26:37 [v4][heartbeat] enter=True sorting=False cam=LIVE ai=LIVE cam_fps=54.6 pub_fps=30.2 frames=720921 result_subs=1 roi=ok intrinsic=ok inference_age_ms=63 target=none transport=False sorting_thread=alive
15:26:42 [v4][heartbeat] enter=True sorting=False cam=LIVE ai=LIVE cam_fps=54.4 pub_fps=30.4 frames=721193 result_subs=1 roi=ok intrinsic=ok inference_age_ms=114 target=none transport=False sorting_thread=alive
15:26:47 [v4][heartbeat] enter=True sorting=False cam=LIVE ai=LIVE cam_fps=54.2 pub_fps=30.2 frames=721464 result_subs=1 roi=ok intrinsic=ok inference_age_ms=137 target=none transport=False sorting_thread=alive
15:26:52 [v4][heartbeat] enter=True sorting=False cam=LIVE ai=LIVE cam_fps=56.8 pub_fps=30.4 frames=721748 result_subs=1 roi=ok intrinsic=ok inference_age_ms=124 target=none transport=False sorting_thread=alive
15:26:57 [v4][heartbeat] enter=True sorting=False cam=LIVE ai=LIVE cam_fps=53.4 pub_fps=30.2 frames=722015 result_subs=1 roi=ok intrinsic=ok inference_age_ms=71 target=none transport=False sorting_thread=alive
15:27:02 [v4][heartbeat] enter=True sorting=False cam=LIVE ai=LIVE cam_fps=55.8 pub_fps=30.4 frames=722294 result_subs=1 roi=ok intrinsic=ok inference_age_ms=68 target=none transport=False sorting_thread=alive
15:27:07 [v4][heartbeat] enter=True sorting=False cam=LIVE ai=LIVE cam_fps=55.0 pub_fps=30.2 frames=722569 result_subs=1 roi=ok intrinsic=ok inference_age_ms=79 target=none transport=False sorting_thread=alive
15:27:12 [v4][heartbeat] enter=True sorting=False cam=LIVE ai=LIVE cam_fps=55.6 pub_fps=30.4 frames=722847 result_subs=1 roi=ok intrinsic=ok inference_age_ms=125 target=none transport=False sorting_thread=alive
15:27:17 [v4][heartbeat] enter=True sorting=False cam=LIVE ai=LIVE cam_fps=56.8 pub_fps=30.2 frames=723131 result_subs=1 roi=ok intrinsic=ok inference_age_ms=102 target=none transport=False sorting_thread=alive
15:27:22 [v4][heartbeat] enter=True sorting=False cam=LIVE ai=LIVE cam_fps=54.0 pub_fps=30.4 frames=723401 result_subs=1 roi=ok intrinsic=ok inference_age_ms=125 target=none transport=False sorting_thread=alive
15:27:27 [v4][heartbeat] enter=True sorting=False cam=LIVE ai=LIVE cam_fps=55.7 pub_fps=30.2 frames=723679 result_subs=1 roi=ok intrinsic=ok inference_age_ms=104 target=none transport=False sorting_thread=alive
15:27:32 [v4][heartbeat] enter=True sorting=False cam=LIVE ai=LIVE cam_fps=54.9 pub_fps=30.4 frames=723954 result_subs=1 roi=ok intrinsic=ok inference_age_ms=87 target=none transport=False sorting_thread=alive
15:27:37 [v4][heartbeat] enter=True sorting=False cam=LIVE ai=LIVE cam_fps=57.7 pub_fps=30.3 frames=724242 result_subs=1 roi=ok intrinsic=ok inference_age_ms=113 target=none transport=False sorting_thread=alive
15:27:42 [v4][heartbeat] enter=True sorting=False cam=LIVE ai=LIVE cam_fps=57.6 pub_fps=30.4 frames=724530 result_subs=1 roi=ok intrinsic=ok inference_age_ms=61 target=none transport=False sorting_thread=alive
15:27:47 [v4][heartbeat] enter=True sorting=False cam=LIVE ai=LIVE cam_fps=52.2 pub_fps=30.2 frames=724791 result_subs=1 roi=ok intrinsic=ok inference_age_ms=97 target=none transport=False sorting_thread=alive
15:27:52 [v4][heartbeat] enter=True sorting=False cam=LIVE ai=LIVE cam_fps=57.8 pub_fps=30.4 frames=725080 result_subs=1 roi=ok intrinsic=ok inference_age_ms=100 target=none transport=False sorting_thread=alive
15:27:57 [v4][heartbeat] enter=True sorting=False cam=LIVE ai=LIVE cam_fps=54.2 pub_fps=30.2 frames=725351 result_subs=1 roi=ok intrinsic=ok inference_age_ms=97 target=none transport=False sorting_thread=alive
15:28:02 [v4][heartbeat] enter=True sorting=False cam=LIVE ai=LIVE cam_fps=56.2 pub_fps=30.4 frames=725632 result_subs=1 roi=ok intrinsic=ok inference_age_ms=109 target=none transport=False sorting_thread=alive
15:28:07 [v4][heartbeat] enter=True sorting=False cam=LIVE ai=LIVE cam_fps=57.6 pub_fps=30.4 frames=725920 result_subs=1 roi=ok intrinsic=ok inference_age_ms=124 target=none transport=False sorting_thread=alive
15:28:12 [v4][heartbeat] enter=True sorting=False cam=LIVE ai=LIVE cam_fps=52.5 pub_fps=30.2 frames=726182 result_subs=1 roi=ok intrinsic=ok inference_age_ms=124 target=none transport=False sorting_thread=alive
15:28:17 [v4][heartbeat] enter=True sorting=False cam=LIVE ai=LIVE cam_fps=56.4 pub_fps=30.4 frames=726464 result_subs=1 roi=ok intrinsic=ok inference_age_ms=123 target=none transport=False sorting_thread=alive
15:28:22 [v4][heartbeat] enter=True sorting=False cam=LIVE ai=LIVE cam_fps=54.1 pub_fps=30.2 frames=726734 result_subs=1 roi=ok intrinsic=ok inference_age_ms=98 target=none transport=False sorting_thread=alive
15:28:27 [v4][heartbeat] enter=True sorting=False cam=LIVE ai=LIVE cam_fps=54.1 pub_fps=30.4 frames=727005 result_subs=1 roi=ok intrinsic=ok inference_age_ms=71 target=none transport=False sorting_thread=alive
15:28:32 [v4][heartbeat] enter=True sorting=False cam=LIVE ai=LIVE cam_fps=54.8 pub_fps=30.2 frames=727279 result_subs=1 roi=ok intrinsic=ok inference_age_ms=74 target=none transport=False sorting_thread=alive
15:28:37 [v4][heartbeat] enter=True sorting=False cam=LIVE ai=LIVE cam_fps=53.0 pub_fps=30.4 frames=727544 result_subs=1 roi=ok intrinsic=ok inference_age_ms=57 target=none transport=False sorting_thread=alive
15:28:42 [v4][heartbeat] enter=True sorting=False cam=LIVE ai=LIVE cam_fps=57.4 pub_fps=30.2 frames=727831 result_subs=1 roi=ok intrinsic=ok inference_age_ms=79 target=none transport=False sorting_thread=alive
15:28:47 [v4][heartbeat] enter=True sorting=False cam=LIVE ai=LIVE cam_fps=56.3 pub_fps=30.4 frames=728113 result_subs=1 roi=ok intrinsic=ok inference_age_ms=81 target=none transport=False sorting_thread=alive
15:28:52 [v4][heartbeat] enter=True sorting=False cam=LIVE ai=LIVE cam_fps=55.2 pub_fps=30.2 frames=728389 result_subs=1 roi=ok intrinsic=ok inference_age_ms=157 target=none transport=False sorting_thread=alive
15:28:57 [v4][heartbeat] enter=True sorting=False cam=LIVE ai=LIVE cam_fps=56.6 pub_fps=30.4 frames=728672 result_subs=1 roi=ok intrinsic=ok inference_age_ms=53 target=none transport=False sorting_thread=alive
15:29:02 [v4][heartbeat] enter=True sorting=False cam=LIVE ai=LIVE cam_fps=54.4 pub_fps=30.2 frames=728944 result_subs=1 roi=ok intrinsic=ok inference_age_ms=115 target=none transport=False sorting_thread=alive
15:29:07 [v4][heartbeat] enter=True sorting=False cam=LIVE ai=LIVE cam_fps=56.2 pub_fps=30.4 frames=729225 result_subs=1 roi=ok intrinsic=ok inference_age_ms=91 target=none transport=False sorting_thread=alive
15:29:12 [v4][heartbeat] enter=True sorting=False cam=LIVE ai=LIVE cam_fps=55.8 pub_fps=30.2 frames=729504 result_subs=1 roi=ok intrinsic=ok inference_age_ms=71 target=none transport=False sorting_thread=alive
15:29:17 [v4][heartbeat] enter=True sorting=False cam=LIVE ai=LIVE cam_fps=54.2 pub_fps=30.4 frames=729775 result_subs=1 roi=ok intrinsic=ok inference_age_ms=100 target=none transport=False sorting_thread=alive
15:29:22 [v4][heartbeat] enter=True sorting=False cam=LIVE ai=LIVE cam_fps=57.6 pub_fps=30.2 frames=730063 result_subs=1 roi=ok intrinsic=ok inference_age_ms=103 target=none transport=False sorting_thread=alive
15:29:27 [v4][heartbeat] enter=True sorting=False cam=LIVE ai=LIVE cam_fps=53.8 pub_fps=30.4 frames=730332 result_subs=1 roi=ok intrinsic=ok inference_age_ms=117 target=none transport=False sorting_thread=alive
15:29:32 [v4][heartbeat] enter=True sorting=False cam=LIVE ai=LIVE cam_fps=56.8 pub_fps=30.2 frames=730616 result_subs=1 roi=ok intrinsic=ok inference_age_ms=108 target=none transport=False sorting_thread=alive
15:29:37 [v4][heartbeat] enter=True sorting=False cam=LIVE ai=LIVE cam_fps=56.0 pub_fps=30.4 frames=730896 result_subs=1 roi=ok intrinsic=ok inference_age_ms=94 target=none transport=False sorting_thread=alive
15:29:42 [v4][heartbeat] enter=True sorting=False cam=LIVE ai=LIVE cam_fps=51.4 pub_fps=30.2 frames=731153 result_subs=1 roi=ok intrinsic=ok inference_age_ms=74 target=none transport=False sorting_thread=alive
15:29:47 [v4][heartbeat] enter=True sorting=False cam=LIVE ai=LIVE cam_fps=56.4 pub_fps=30.4 frames=731435 result_subs=1 roi=ok intrinsic=ok inference_age_ms=66 target=none transport=False sorting_thread=alive
15:29:52 [v4][heartbeat] enter=True sorting=False cam=LIVE ai=LIVE cam_fps=54.8 pub_fps=30.2 frames=731709 result_subs=1 roi=ok intrinsic=ok inference_age_ms=84 target=none transport=False sorting_thread=alive
15:29:57 [v4][heartbeat] enter=True sorting=False cam=LIVE ai=LIVE cam_fps=52.6 pub_fps=30.4 frames=731972 result_subs=1 roi=ok intrinsic=ok inference_age_ms=119 target=none transport=False sorting_thread=alive
15:30:02 [v4][heartbeat] enter=True sorting=False cam=LIVE ai=LIVE cam_fps=55.8 pub_fps=30.2 frames=732251 result_subs=1 roi=ok intrinsic=ok inference_age_ms=42 target=none transport=False sorting_thread=alive
15:30:07 [v4][heartbeat] enter=True sorting=False cam=LIVE ai=LIVE cam_fps=52.2 pub_fps=30.4 frames=732512 result_subs=1 roi=ok intrinsic=ok inference_age_ms=90 target=none transport=False sorting_thread=alive
15:30:12 [v4][heartbeat] enter=True sorting=False cam=LIVE ai=LIVE cam_fps=57.0 pub_fps=30.2 frames=732797 result_subs=1 roi=ok intrinsic=ok inference_age_ms=76 target=none transport=False sorting_thread=alive
15:30:17 [v4][heartbeat] enter=True sorting=False cam=LIVE ai=LIVE cam_fps=55.2 pub_fps=30.4 frames=733073 result_subs=1 roi=ok intrinsic=ok inference_age_ms=109 target=none transport=False sorting_thread=alive
15:30:22 [v4][heartbeat] enter=True sorting=False cam=LIVE ai=LIVE cam_fps=54.2 pub_fps=30.2 frames=733344 result_subs=1 roi=ok intrinsic=ok inference_age_ms=98 target=none transport=False sorting_thread=alive
15:30:27 [v4][heartbeat] enter=True sorting=False cam=LIVE ai=LIVE cam_fps=57.4 pub_fps=30.4 frames=733631 result_subs=1 roi=ok intrinsic=ok inference_age_ms=130 target=none transport=False sorting_thread=alive
15:30:32 [v4][heartbeat] enter=True sorting=False cam=LIVE ai=LIVE cam_fps=53.6 pub_fps=30.2 frames=733899 result_subs=1 roi=ok intrinsic=ok inference_age_ms=113 target=none transport=False sorting_thread=alive
15:30:37 [v4][heartbeat] enter=True sorting=False cam=LIVE ai=LIVE cam_fps=56.4 pub_fps=30.4 frames=734181 result_subs=1 roi=ok intrinsic=ok inference_age_ms=105 target=none transport=False sorting_thread=alive
15:30:42 [v4][heartbeat] enter=True sorting=False cam=LIVE ai=LIVE cam_fps=56.2 pub_fps=30.2 frames=734462 result_subs=1 roi=ok intrinsic=ok inference_age_ms=89 target=none transport=False sorting_thread=alive
15:30:47 [v4][heartbeat] enter=True sorting=False cam=LIVE ai=LIVE cam_fps=55.0 pub_fps=30.4 frames=734737 result_subs=1 roi=ok intrinsic=ok inference_age_ms=59 target=none transport=False sorting_thread=alive
15:30:52 [v4][heartbeat] enter=True sorting=False cam=LIVE ai=LIVE cam_fps=58.0 pub_fps=30.4 frames=735027 result_subs=1 roi=ok intrinsic=ok inference_age_ms=60 target=none transport=False sorting_thread=alive
15:30:57 [v4][heartbeat] enter=True sorting=False cam=LIVE ai=LIVE cam_fps=56.7 pub_fps=30.2 frames=735310 result_subs=1 roi=ok intrinsic=ok inference_age_ms=87 target=none transport=False sorting_thread=alive
15:31:02 [v4][heartbeat] enter=True sorting=False cam=LIVE ai=LIVE cam_fps=54.6 pub_fps=30.4 frames=735583 result_subs=1 roi=ok intrinsic=ok inference_age_ms=115 target=none transport=False sorting_thread=alive
15:31:07 [v4][heartbeat] enter=True sorting=False cam=LIVE ai=LIVE cam_fps=55.0 pub_fps=30.2 frames=735858 result_subs=1 roi=ok intrinsic=ok inference_age_ms=123 target=none transport=False sorting_thread=alive
15:31:12 [v4][heartbeat] enter=True sorting=False cam=LIVE ai=LIVE cam_fps=56.2 pub_fps=30.4 frames=736139 result_subs=1 roi=ok intrinsic=ok inference_age_ms=107 target=none transport=False sorting_thread=alive
15:31:17 [v4][heartbeat] enter=True sorting=False cam=LIVE ai=LIVE cam_fps=56.9 pub_fps=30.2 frames=736424 result_subs=1 roi=ok intrinsic=ok inference_age_ms=118 target=none transport=False sorting_thread=alive
15:31:22 [v4][heartbeat] enter=True sorting=False cam=LIVE ai=LIVE cam_fps=53.2 pub_fps=30.4 frames=736690 result_subs=1 roi=ok intrinsic=ok inference_age_ms=90 target=none transport=False sorting_thread=alive
15:31:27 [v4][heartbeat] enter=True sorting=False cam=LIVE ai=LIVE cam_fps=54.4 pub_fps=30.2 frames=736962 result_subs=1 roi=ok intrinsic=ok inference_age_ms=95 target=none transport=False sorting_thread=alive
15:31:32 [v4][heartbeat] enter=True sorting=False cam=LIVE ai=LIVE cam_fps=56.0 pub_fps=30.4 frames=737242 result_subs=1 roi=ok intrinsic=ok inference_age_ms=57 target=none transport=False sorting_thread=alive
15:31:37 [v4][heartbeat] enter=True sorting=False cam=LIVE ai=LIVE cam_fps=56.4 pub_fps=30.2 frames=737524 result_subs=1 roi=ok intrinsic=ok inference_age_ms=111 target=none transport=False sorting_thread=alive
15:31:42 [v4][heartbeat] enter=True sorting=False cam=LIVE ai=LIVE cam_fps=57.9 pub_fps=30.4 frames=737813 result_subs=1 roi=ok intrinsic=ok inference_age_ms=89 target=none transport=False sorting_thread=alive
15:31:47 [v4][heartbeat] enter=True sorting=False cam=LIVE ai=LIVE cam_fps=53.0 pub_fps=30.2 frames=738078 result_subs=1 roi=ok intrinsic=ok inference_age_ms=110 target=none transport=False sorting_thread=alive
15:31:52 [v4][heartbeat] enter=True sorting=False cam=LIVE ai=LIVE cam_fps=57.0 pub_fps=30.4 frames=738363 result_subs=1 roi=ok intrinsic=ok inference_age_ms=93 target=none transport=False sorting_thread=alive
15:31:57 [v4][heartbeat] enter=True sorting=False cam=LIVE ai=LIVE cam_fps=56.4 pub_fps=30.2 frames=738645 result_subs=1 roi=ok intrinsic=ok inference_age_ms=45 target=none transport=False sorting_thread=alive
15:32:02 [v4][heartbeat] enter=True sorting=False cam=LIVE ai=LIVE cam_fps=56.6 pub_fps=30.4 frames=738928 result_subs=1 roi=ok intrinsic=ok inference_age_ms=109 target=none transport=False sorting_thread=alive
15:32:07 [v4][heartbeat] enter=True sorting=False cam=LIVE ai=LIVE cam_fps=54.4 pub_fps=30.2 frames=739200 result_subs=1 roi=ok intrinsic=ok inference_age_ms=106 target=none transport=False sorting_thread=alive
15:32:12 [v4][heartbeat] enter=True sorting=False cam=LIVE ai=LIVE cam_fps=55.4 pub_fps=30.4 frames=739477 result_subs=1 roi=ok intrinsic=ok inference_age_ms=50 target=none transport=False sorting_thread=alive
15:32:17 [v4][heartbeat] enter=True sorting=False cam=LIVE ai=LIVE cam_fps=55.4 pub_fps=30.2 frames=739754 result_subs=1 roi=ok intrinsic=ok inference_age_ms=106 target=none transport=False sorting_thread=alive
15:32:22 [v4][heartbeat] enter=True sorting=False cam=LIVE ai=LIVE cam_fps=57.6 pub_fps=30.4 frames=740042 result_subs=1 roi=ok intrinsic=ok inference_age_ms=109 target=none transport=False sorting_thread=alive
15:32:27 [v4][heartbeat] enter=True sorting=False cam=LIVE ai=LIVE cam_fps=52.6 pub_fps=30.2 frames=740305 result_subs=1 roi=ok intrinsic=ok inference_age_ms=49 target=none transport=False sorting_thread=alive
15:32:32 [v4][heartbeat] enter=True sorting=False cam=LIVE ai=LIVE cam_fps=55.4 pub_fps=30.4 frames=740582 result_subs=1 roi=ok intrinsic=ok inference_age_ms=63 target=none transport=False sorting_thread=alive
15:32:37 [v4][heartbeat] enter=True sorting=False cam=LIVE ai=LIVE cam_fps=54.8 pub_fps=30.2 frames=740856 result_subs=1 roi=ok intrinsic=ok inference_age_ms=83 target=none transport=False sorting_thread=alive
15:32:42 [v4][heartbeat] enter=True sorting=False cam=LIVE ai=LIVE cam_fps=53.8 pub_fps=30.4 frames=741125 result_subs=1 roi=ok intrinsic=ok inference_age_ms=99 target=none transport=False sorting_thread=alive
15:32:47 [v4][heartbeat] enter=True sorting=False cam=LIVE ai=LIVE cam_fps=56.0 pub_fps=30.2 frames=741405 result_subs=1 roi=ok intrinsic=ok inference_age_ms=47 target=none transport=False sorting_thread=alive
15:32:52 [v4][heartbeat] enter=True sorting=False cam=LIVE ai=LIVE cam_fps=53.2 pub_fps=30.4 frames=741671 result_subs=1 roi=ok intrinsic=ok inference_age_ms=108 target=none transport=False sorting_thread=alive
15:32:57 [v4][heartbeat] enter=True sorting=False cam=LIVE ai=LIVE cam_fps=55.4 pub_fps=30.2 frames=741948 result_subs=1 roi=ok intrinsic=ok inference_age_ms=49 target=none transport=False sorting_thread=alive
15:33:02 [v4][heartbeat] enter=True sorting=False cam=LIVE ai=LIVE cam_fps=55.2 pub_fps=30.4 frames=742224 result_subs=1 roi=ok intrinsic=ok inference_age_ms=59 target=none transport=False sorting_thread=alive
15:33:07 [v4][heartbeat] enter=True sorting=False cam=LIVE ai=LIVE cam_fps=55.0 pub_fps=30.2 frames=742499 result_subs=1 roi=ok intrinsic=ok inference_age_ms=56 target=none transport=False sorting_thread=alive
15:33:12 [v4][heartbeat] enter=True sorting=False cam=LIVE ai=LIVE cam_fps=56.8 pub_fps=30.4 frames=742783 result_subs=1 roi=ok intrinsic=ok inference_age_ms=111 target=none transport=False sorting_thread=alive
15:33:17 [v4][heartbeat] enter=True sorting=False cam=LIVE ai=LIVE cam_fps=53.6 pub_fps=30.2 frames=743051 result_subs=1 roi=ok intrinsic=ok inference_age_ms=92 target=none transport=False sorting_thread=alive
15:33:22 [v4][heartbeat] enter=True sorting=False cam=LIVE ai=LIVE cam_fps=54.4 pub_fps=30.4 frames=743323 result_subs=1 roi=ok intrinsic=ok inference_age_ms=122 target=none transport=False sorting_thread=alive
15:33:27 [v4][heartbeat] enter=True sorting=False cam=LIVE ai=LIVE cam_fps=53.6 pub_fps=30.4 frames=743591 result_subs=1 roi=ok intrinsic=ok inference_age_ms=72 target=none transport=False sorting_thread=alive
15:33:32 [v4][heartbeat] enter=True sorting=False cam=LIVE ai=LIVE cam_fps=54.8 pub_fps=30.2 frames=743865 result_subs=1 roi=ok intrinsic=ok inference_age_ms=153 target=none transport=False sorting_thread=alive
15:33:37 [v4][heartbeat] enter=True sorting=False cam=LIVE ai=LIVE cam_fps=54.8 pub_fps=30.4 frames=744139 result_subs=1 roi=ok intrinsic=ok inference_age_ms=93 target=none transport=False sorting_thread=alive
15:33:42 [v4][heartbeat] enter=True sorting=False cam=LIVE ai=LIVE cam_fps=54.6 pub_fps=30.2 frames=744412 result_subs=1 roi=ok intrinsic=ok inference_age_ms=75 target=none transport=False sorting_thread=alive
15:33:47 [v4][heartbeat] enter=True sorting=False cam=LIVE ai=LIVE cam_fps=55.4 pub_fps=30.2 frames=744689 result_subs=1 roi=ok intrinsic=ok inference_age_ms=86 target=none transport=False sorting_thread=alive
15:33:52 [v4][heartbeat] enter=True sorting=False cam=LIVE ai=LIVE cam_fps=57.0 pub_fps=30.4 frames=744974 result_subs=1 roi=ok intrinsic=ok inference_age_ms=91 target=none transport=False sorting_thread=alive
15:33:57 [v4][heartbeat] enter=True sorting=False cam=LIVE ai=LIVE cam_fps=53.2 pub_fps=30.4 frames=745240 result_subs=1 roi=ok intrinsic=ok inference_age_ms=48 target=none transport=False sorting_thread=alive
15:34:02 [v4][heartbeat] enter=True sorting=False cam=LIVE ai=LIVE cam_fps=58.6 pub_fps=30.2 frames=745533 result_subs=1 roi=ok intrinsic=ok inference_age_ms=48 target=none transport=False sorting_thread=alive
15:34:07 [v4][heartbeat] enter=True sorting=False cam=LIVE ai=LIVE cam_fps=56.0 pub_fps=30.4 frames=745813 result_subs=1 roi=ok intrinsic=ok inference_age_ms=122 target=none transport=False sorting_thread=alive
15:34:12 [v4][heartbeat] enter=True sorting=False cam=LIVE ai=LIVE cam_fps=55.6 pub_fps=30.2 frames=746091 result_subs=1 roi=ok intrinsic=ok inference_age_ms=80 target=none transport=False sorting_thread=alive
15:34:17 [v4][heartbeat] enter=True sorting=False cam=LIVE ai=LIVE cam_fps=56.7 pub_fps=30.4 frames=746375 result_subs=1 roi=ok intrinsic=ok inference_age_ms=94 target=none transport=False sorting_thread=alive
15:34:22 [v4][heartbeat] enter=True sorting=False cam=LIVE ai=LIVE cam_fps=55.6 pub_fps=30.2 frames=746653 result_subs=1 roi=ok intrinsic=ok inference_age_ms=78 target=none transport=False sorting_thread=alive
15:34:27 [v4][heartbeat] enter=True sorting=False cam=LIVE ai=LIVE cam_fps=56.8 pub_fps=30.4 frames=746937 result_subs=1 roi=ok intrinsic=ok inference_age_ms=99 target=none transport=False sorting_thread=alive
15:34:32 [v4][heartbeat] enter=True sorting=False cam=LIVE ai=LIVE cam_fps=54.4 pub_fps=30.2 frames=747209 result_subs=1 roi=ok intrinsic=ok inference_age_ms=78 target=none transport=False sorting_thread=alive
15:34:37 [v4][heartbeat] enter=True sorting=False cam=LIVE ai=LIVE cam_fps=56.6 pub_fps=30.4 frames=747492 result_subs=1 roi=ok intrinsic=ok inference_age_ms=121 target=none transport=False sorting_thread=alive
15:34:42 [v4][heartbeat] enter=True sorting=False cam=LIVE ai=LIVE cam_fps=57.8 pub_fps=30.2 frames=747781 result_subs=1 roi=ok intrinsic=ok inference_age_ms=71 target=none transport=False sorting_thread=alive
15:34:47 [v4][heartbeat] enter=True sorting=False cam=LIVE ai=LIVE cam_fps=53.6 pub_fps=30.4 frames=748049 result_subs=1 roi=ok intrinsic=ok inference_age_ms=113 target=none transport=False sorting_thread=alive
15:34:52 [v4][heartbeat] enter=True sorting=False cam=LIVE ai=LIVE cam_fps=55.6 pub_fps=30.2 frames=748327 result_subs=1 roi=ok intrinsic=ok inference_age_ms=69 target=none transport=False sorting_thread=alive
15:34:57 [v4][heartbeat] enter=True sorting=False cam=LIVE ai=LIVE cam_fps=55.2 pub_fps=30.4 frames=748603 result_subs=1 roi=ok intrinsic=ok inference_age_ms=66 target=none transport=False sorting_thread=alive
15:35:02 [v4][heartbeat] enter=True sorting=False cam=LIVE ai=LIVE cam_fps=54.2 pub_fps=30.2 frames=748874 result_subs=1 roi=ok intrinsic=ok inference_age_ms=124 target=none transport=False sorting_thread=alive
15:35:07 [v4][heartbeat] enter=True sorting=False cam=LIVE ai=LIVE cam_fps=59.0 pub_fps=30.4 frames=749169 result_subs=1 roi=ok intrinsic=ok inference_age_ms=116 target=none transport=False sorting_thread=alive
15:35:12 [v4][heartbeat] enter=True sorting=False cam=LIVE ai=LIVE cam_fps=56.6 pub_fps=30.2 frames=749452 result_subs=1 roi=ok intrinsic=ok inference_age_ms=130 target=none transport=False sorting_thread=alive
15:35:17 [v4][heartbeat] enter=True sorting=False cam=LIVE ai=LIVE cam_fps=55.0 pub_fps=30.4 frames=749727 result_subs=1 roi=ok intrinsic=ok inference_age_ms=122 target=none transport=False sorting_thread=alive
15:35:22 [v4][heartbeat] enter=True sorting=False cam=LIVE ai=LIVE cam_fps=56.4 pub_fps=30.2 frames=750009 result_subs=1 roi=ok intrinsic=ok inference_age_ms=97 target=none transport=False sorting_thread=alive
15:35:27 [v4][heartbeat] enter=True sorting=False cam=LIVE ai=LIVE cam_fps=54.6 pub_fps=30.4 frames=750282 result_subs=1 roi=ok intrinsic=ok inference_age_ms=118 target=none transport=False sorting_thread=alive
15:35:32 [v4][heartbeat] enter=True sorting=False cam=LIVE ai=LIVE cam_fps=56.0 pub_fps=30.2 frames=750562 result_subs=1 roi=ok intrinsic=ok inference_age_ms=89 target=none transport=False sorting_thread=alive
15:35:37 [v4][heartbeat] enter=True sorting=False cam=LIVE ai=LIVE cam_fps=55.2 pub_fps=30.4 frames=750838 result_subs=1 roi=ok intrinsic=ok inference_age_ms=81 target=none transport=False sorting_thread=alive
15:35:42 [v4][heartbeat] enter=True sorting=False cam=LIVE ai=LIVE cam_fps=53.8 pub_fps=30.2 frames=751107 result_subs=1 roi=ok intrinsic=ok inference_age_ms=45 target=none transport=False sorting_thread=alive
15:35:47 [v4][heartbeat] enter=True sorting=False cam=LIVE ai=LIVE cam_fps=56.6 pub_fps=30.4 frames=751390 result_subs=1 roi=ok intrinsic=ok inference_age_ms=92 target=none transport=False sorting_thread=alive
15:35:52 [v4][heartbeat] enter=True sorting=False cam=LIVE ai=LIVE cam_fps=53.2 pub_fps=30.2 frames=751656 result_subs=1 roi=ok intrinsic=ok inference_age_ms=102 target=none transport=False sorting_thread=alive
15:35:57 [v4][heartbeat] enter=True sorting=False cam=LIVE ai=LIVE cam_fps=57.6 pub_fps=30.4 frames=751944 result_subs=1 roi=ok intrinsic=ok inference_age_ms=99 target=none transport=False sorting_thread=alive
15:36:02 [v4][heartbeat] enter=True sorting=False cam=LIVE ai=LIVE cam_fps=55.8 pub_fps=30.2 frames=752223 result_subs=1 roi=ok intrinsic=ok inference_age_ms=57 target=none transport=False sorting_thread=alive
15:36:07 [v4][heartbeat] enter=True sorting=False cam=LIVE ai=LIVE cam_fps=54.4 pub_fps=30.4 frames=752495 result_subs=1 roi=ok intrinsic=ok inference_age_ms=65 target=none transport=False sorting_thread=alive
15:36:12 [v4][heartbeat] enter=True sorting=False cam=LIVE ai=LIVE cam_fps=56.8 pub_fps=30.4 frames=752779 result_subs=1 roi=ok intrinsic=ok inference_age_ms=66 target=none transport=False sorting_thread=alive
15:36:17 [v4][heartbeat] enter=True sorting=False cam=LIVE ai=LIVE cam_fps=55.0 pub_fps=30.2 frames=753054 result_subs=1 roi=ok intrinsic=ok inference_age_ms=88 target=none transport=False sorting_thread=alive
15:36:22 [v4][heartbeat] enter=True sorting=False cam=LIVE ai=LIVE cam_fps=56.0 pub_fps=30.4 frames=753334 result_subs=1 roi=ok intrinsic=ok inference_age_ms=110 target=none transport=False sorting_thread=alive
15:36:27 [v4][heartbeat] enter=True sorting=False cam=LIVE ai=LIVE cam_fps=54.8 pub_fps=30.2 frames=753608 result_subs=1 roi=ok intrinsic=ok inference_age_ms=111 target=none transport=False sorting_thread=alive
15:36:32 [v4][heartbeat] enter=True sorting=False cam=LIVE ai=LIVE cam_fps=55.4 pub_fps=30.4 frames=753885 result_subs=1 roi=ok intrinsic=ok inference_age_ms=75 target=none transport=False sorting_thread=alive
15:36:37 [v4][heartbeat] enter=True sorting=False cam=LIVE ai=LIVE cam_fps=55.0 pub_fps=30.2 frames=754160 result_subs=1 roi=ok intrinsic=ok inference_age_ms=36 target=none transport=False sorting_thread=alive
15:36:42 [v4][heartbeat] enter=True sorting=False cam=LIVE ai=LIVE cam_fps=54.3 pub_fps=30.4 frames=754432 result_subs=1 roi=ok intrinsic=ok inference_age_ms=118 target=none transport=False sorting_thread=alive
15:36:47 [v4][heartbeat] enter=True sorting=False cam=LIVE ai=LIVE cam_fps=55.0 pub_fps=30.2 frames=754707 result_subs=1 roi=ok intrinsic=ok inference_age_ms=118 target=none transport=False sorting_thread=alive
15:36:52 [v4][heartbeat] enter=True sorting=False cam=LIVE ai=LIVE cam_fps=56.6 pub_fps=30.4 frames=754990 result_subs=1 roi=ok intrinsic=ok inference_age_ms=63 target=none transport=False sorting_thread=alive
15:36:57 [v4][heartbeat] enter=True sorting=False cam=LIVE ai=LIVE cam_fps=54.2 pub_fps=30.2 frames=755261 result_subs=1 roi=ok intrinsic=ok inference_age_ms=114 target=none transport=False sorting_thread=alive
15:37:02 [v4][heartbeat] enter=True sorting=False cam=LIVE ai=LIVE cam_fps=55.6 pub_fps=30.4 frames=755539 result_subs=1 roi=ok intrinsic=ok inference_age_ms=90 target=none transport=False sorting_thread=alive
15:37:07 [v4][heartbeat] enter=True sorting=False cam=LIVE ai=LIVE cam_fps=54.8 pub_fps=30.2 frames=755813 result_subs=1 roi=ok intrinsic=ok inference_age_ms=57 target=none transport=False sorting_thread=alive
15:37:12 [v4][heartbeat] enter=True sorting=False cam=LIVE ai=LIVE cam_fps=55.0 pub_fps=30.4 frames=756088 result_subs=1 roi=ok intrinsic=ok inference_age_ms=92 target=none transport=False sorting_thread=alive
15:37:17 [v4][heartbeat] enter=True sorting=False cam=LIVE ai=LIVE cam_fps=54.0 pub_fps=30.2 frames=756358 result_subs=1 roi=ok intrinsic=ok inference_age_ms=141 target=none transport=False sorting_thread=alive
15:37:22 [v4][heartbeat] enter=True sorting=False cam=LIVE ai=LIVE cam_fps=54.4 pub_fps=30.4 frames=756630 result_subs=1 roi=ok intrinsic=ok inference_age_ms=147 target=none transport=False sorting_thread=alive
15:37:27 [v4][heartbeat] enter=True sorting=False cam=LIVE ai=LIVE cam_fps=58.0 pub_fps=30.2 frames=756920 result_subs=1 roi=ok intrinsic=ok inference_age_ms=117 target=none transport=False sorting_thread=alive
15:37:32 [v4][heartbeat] enter=True sorting=False cam=LIVE ai=LIVE cam_fps=54.7 pub_fps=30.4 frames=757194 result_subs=1 roi=ok intrinsic=ok inference_age_ms=87 target=none transport=False sorting_thread=alive
15:37:37 [v4][heartbeat] enter=True sorting=False cam=LIVE ai=LIVE cam_fps=55.7 pub_fps=30.2 frames=757472 result_subs=1 roi=ok intrinsic=ok inference_age_ms=59 target=none transport=False sorting_thread=alive
15:37:42 [v4][heartbeat] enter=True sorting=False cam=LIVE ai=LIVE cam_fps=55.6 pub_fps=30.4 frames=757750 result_subs=1 roi=ok intrinsic=ok inference_age_ms=65 target=none transport=False sorting_thread=alive
15:37:47 [v4][heartbeat] enter=True sorting=False cam=LIVE ai=LIVE cam_fps=52.4 pub_fps=30.2 frames=758012 result_subs=1 roi=ok intrinsic=ok inference_age_ms=89 target=none transport=False sorting_thread=alive
15:37:52 [v4][heartbeat] enter=True sorting=False cam=LIVE ai=LIVE cam_fps=54.2 pub_fps=30.4 frames=758283 result_subs=1 roi=ok intrinsic=ok inference_age_ms=133 target=none transport=False sorting_thread=alive
15:37:57 [v4][heartbeat] enter=True sorting=False cam=LIVE ai=LIVE cam_fps=53.6 pub_fps=30.2 frames=758551 result_subs=1 roi=ok intrinsic=ok inference_age_ms=80 target=none transport=False sorting_thread=alive
15:38:02 [v4][heartbeat] enter=True sorting=False cam=LIVE ai=LIVE cam_fps=53.6 pub_fps=30.4 frames=758819 result_subs=1 roi=ok intrinsic=ok inference_age_ms=92 target=none transport=False sorting_thread=alive
15:38:07 [v4][heartbeat] enter=True sorting=False cam=LIVE ai=LIVE cam_fps=55.8 pub_fps=30.2 frames=759098 result_subs=1 roi=ok intrinsic=ok inference_age_ms=81 target=none transport=False sorting_thread=alive
15:38:12 [v4][heartbeat] enter=True sorting=False cam=LIVE ai=LIVE cam_fps=53.0 pub_fps=30.4 frames=759363 result_subs=1 roi=ok intrinsic=ok inference_age_ms=79 target=none transport=False sorting_thread=alive
15:38:17 [v4][heartbeat] enter=True sorting=False cam=LIVE ai=LIVE cam_fps=56.0 pub_fps=30.2 frames=759643 result_subs=1 roi=ok intrinsic=ok inference_age_ms=112 target=none transport=False sorting_thread=alive
15:38:22 [v4][heartbeat] enter=True sorting=False cam=LIVE ai=LIVE cam_fps=55.9 pub_fps=30.4 frames=759923 result_subs=1 roi=ok intrinsic=ok inference_age_ms=131 target=none transport=False sorting_thread=alive
15:38:27 [v4][heartbeat] enter=True sorting=False cam=LIVE ai=LIVE cam_fps=54.5 pub_fps=30.2 frames=760195 result_subs=1 roi=ok intrinsic=ok inference_age_ms=92 target=none transport=False sorting_thread=alive
15:38:32 [v4][heartbeat] enter=True sorting=False cam=LIVE ai=LIVE cam_fps=55.0 pub_fps=30.4 frames=760470 result_subs=1 roi=ok intrinsic=ok inference_age_ms=59 target=none transport=False sorting_thread=alive
15:38:37 [v4][heartbeat] enter=True sorting=False cam=LIVE ai=LIVE cam_fps=54.2 pub_fps=30.2 frames=760741 result_subs=1 roi=ok intrinsic=ok inference_age_ms=70 target=none transport=False sorting_thread=alive
15:38:42 [v4][heartbeat] enter=True sorting=False cam=LIVE ai=LIVE cam_fps=54.0 pub_fps=30.4 frames=761011 result_subs=1 roi=ok intrinsic=ok inference_age_ms=103 target=none transport=False sorting_thread=alive
15:38:47 [v4][heartbeat] enter=True sorting=False cam=LIVE ai=LIVE cam_fps=56.2 pub_fps=30.2 frames=761292 result_subs=1 roi=ok intrinsic=ok inference_age_ms=87 target=none transport=False sorting_thread=alive
15:38:52 [v4][heartbeat] enter=True sorting=False cam=LIVE ai=LIVE cam_fps=52.4 pub_fps=30.4 frames=761554 result_subs=1 roi=ok intrinsic=ok inference_age_ms=55 target=none transport=False sorting_thread=alive
15:38:57 [v4][heartbeat] enter=True sorting=False cam=LIVE ai=LIVE cam_fps=55.4 pub_fps=30.4 frames=761831 result_subs=1 roi=ok intrinsic=ok inference_age_ms=90 target=none transport=False sorting_thread=alive
15:39:02 [v4][heartbeat] enter=True sorting=False cam=LIVE ai=LIVE cam_fps=54.8 pub_fps=30.2 frames=762105 result_subs=1 roi=ok intrinsic=ok inference_age_ms=91 target=none transport=False sorting_thread=alive
15:39:07 [v4][heartbeat] enter=True sorting=False cam=LIVE ai=LIVE cam_fps=54.4 pub_fps=30.2 frames=762377 result_subs=1 roi=ok intrinsic=ok inference_age_ms=114 target=none transport=False sorting_thread=alive
15:39:12 [v4][heartbeat] enter=True sorting=False cam=LIVE ai=LIVE cam_fps=55.8 pub_fps=30.4 frames=762656 result_subs=1 roi=ok intrinsic=ok inference_age_ms=93 target=none transport=False sorting_thread=alive
15:39:17 [v4][heartbeat] enter=True sorting=False cam=LIVE ai=LIVE cam_fps=52.9 pub_fps=30.3 frames=762921 result_subs=1 roi=ok intrinsic=ok inference_age_ms=113 target=none transport=False sorting_thread=alive
15:39:22 [v4][heartbeat] enter=True sorting=False cam=LIVE ai=LIVE cam_fps=55.7 pub_fps=30.3 frames=763199 result_subs=1 roi=ok intrinsic=ok inference_age_ms=96 target=none transport=False sorting_thread=alive
15:39:27 [v4][heartbeat] enter=True sorting=False cam=LIVE ai=LIVE cam_fps=54.0 pub_fps=30.4 frames=763469 result_subs=1 roi=ok intrinsic=ok inference_age_ms=84 target=none transport=False sorting_thread=alive
15:39:32 [v4][heartbeat] enter=True sorting=False cam=LIVE ai=LIVE cam_fps=55.4 pub_fps=30.2 frames=763746 result_subs=1 roi=ok intrinsic=ok inference_age_ms=99 target=none transport=False sorting_thread=alive
15:39:37 [v4][heartbeat] enter=True sorting=False cam=LIVE ai=LIVE cam_fps=54.6 pub_fps=30.4 frames=764019 result_subs=1 roi=ok intrinsic=ok inference_age_ms=108 target=none transport=False sorting_thread=alive
15:39:42 [v4][heartbeat] enter=True sorting=False cam=LIVE ai=LIVE cam_fps=52.2 pub_fps=30.2 frames=764280 result_subs=1 roi=ok intrinsic=ok inference_age_ms=83 target=none transport=False sorting_thread=alive
15:39:47 [v4][heartbeat] enter=True sorting=False cam=LIVE ai=LIVE cam_fps=57.6 pub_fps=30.4 frames=764568 result_subs=1 roi=ok intrinsic=ok inference_age_ms=122 target=none transport=False sorting_thread=alive
15:39:52 [v4][heartbeat] enter=True sorting=False cam=LIVE ai=LIVE cam_fps=55.4 pub_fps=30.2 frames=764845 result_subs=1 roi=ok intrinsic=ok inference_age_ms=92 target=none transport=False sorting_thread=alive
15:39:57 [v4][heartbeat] enter=True sorting=False cam=LIVE ai=LIVE cam_fps=55.5 pub_fps=30.3 frames=765123 result_subs=1 roi=ok intrinsic=ok inference_age_ms=99 target=none transport=False sorting_thread=alive
15:40:02 [v4][heartbeat] enter=True sorting=False cam=LIVE ai=LIVE cam_fps=55.1 pub_fps=30.3 frames=765398 result_subs=1 roi=ok intrinsic=ok inference_age_ms=96 target=none transport=False sorting_thread=alive
15:40:07 [v4][heartbeat] enter=True sorting=False cam=LIVE ai=LIVE cam_fps=55.0 pub_fps=30.4 frames=765673 result_subs=1 roi=ok intrinsic=ok inference_age_ms=59 target=none transport=False sorting_thread=alive
15:40:12 [v4][heartbeat] enter=True sorting=False cam=LIVE ai=LIVE cam_fps=57.4 pub_fps=30.2 frames=765960 result_subs=1 roi=ok intrinsic=ok inference_age_ms=58 target=none transport=False sorting_thread=alive
15:40:17 [v4][heartbeat] enter=True sorting=False cam=LIVE ai=LIVE cam_fps=55.2 pub_fps=30.4 frames=766236 result_subs=1 roi=ok intrinsic=ok inference_age_ms=122 target=none transport=False sorting_thread=alive
15:40:22 [v4][heartbeat] enter=True sorting=False cam=LIVE ai=LIVE cam_fps=55.0 pub_fps=30.2 frames=766511 result_subs=1 roi=ok intrinsic=ok inference_age_ms=131 target=none transport=False sorting_thread=alive
15:40:27 [v4][heartbeat] enter=True sorting=False cam=LIVE ai=LIVE cam_fps=57.0 pub_fps=30.4 frames=766796 result_subs=1 roi=ok intrinsic=ok inference_age_ms=91 target=none transport=False sorting_thread=alive
15:40:32 [v4][heartbeat] enter=True sorting=False cam=LIVE ai=LIVE cam_fps=51.2 pub_fps=30.2 frames=767052 result_subs=1 roi=ok intrinsic=ok inference_age_ms=51 target=none transport=False sorting_thread=alive
15:40:37 [v4][heartbeat] enter=True sorting=False cam=LIVE ai=LIVE cam_fps=57.4 pub_fps=30.4 frames=767339 result_subs=1 roi=ok intrinsic=ok inference_age_ms=116 target=none transport=False sorting_thread=alive
15:40:42 [v4][heartbeat] enter=True sorting=False cam=LIVE ai=LIVE cam_fps=55.2 pub_fps=30.2 frames=767615 result_subs=1 roi=ok intrinsic=ok inference_age_ms=58 target=none transport=False sorting_thread=alive
15:40:47 [v4][heartbeat] enter=True sorting=False cam=LIVE ai=LIVE cam_fps=53.1 pub_fps=30.4 frames=767881 result_subs=1 roi=ok intrinsic=ok inference_age_ms=88 target=none transport=False sorting_thread=alive
15:40:52 [v4][heartbeat] enter=True sorting=False cam=LIVE ai=LIVE cam_fps=55.5 pub_fps=30.3 frames=768158 result_subs=1 roi=ok intrinsic=ok inference_age_ms=98 target=none transport=False sorting_thread=alive
15:40:57 [v4][heartbeat] enter=True sorting=False cam=LIVE ai=LIVE cam_fps=55.1 pub_fps=30.4 frames=768434 result_subs=1 roi=ok intrinsic=ok inference_age_ms=87 target=none transport=False sorting_thread=alive
15:41:02 [v4][heartbeat] enter=True sorting=False cam=LIVE ai=LIVE cam_fps=55.4 pub_fps=30.2 frames=768711 result_subs=1 roi=ok intrinsic=ok inference_age_ms=110 target=none transport=False sorting_thread=alive
15:41:07 [v4][heartbeat] enter=True sorting=False cam=LIVE ai=LIVE cam_fps=56.8 pub_fps=30.4 frames=768995 result_subs=1 roi=ok intrinsic=ok inference_age_ms=88 target=none transport=False sorting_thread=alive
15:41:12 [v4][heartbeat] enter=True sorting=False cam=LIVE ai=LIVE cam_fps=55.4 pub_fps=30.2 frames=769272 result_subs=1 roi=ok intrinsic=ok inference_age_ms=103 target=none transport=False sorting_thread=alive
15:41:17 [v4][heartbeat] enter=True sorting=False cam=LIVE ai=LIVE cam_fps=56.4 pub_fps=30.4 frames=769554 result_subs=1 roi=ok intrinsic=ok inference_age_ms=64 target=none transport=False sorting_thread=alive
15:41:22 [v4][heartbeat] enter=True sorting=False cam=LIVE ai=LIVE cam_fps=53.8 pub_fps=30.2 frames=769823 result_subs=1 roi=ok intrinsic=ok inference_age_ms=45 target=none transport=False sorting_thread=alive
15:41:27 [v4][heartbeat] enter=True sorting=False cam=LIVE ai=LIVE cam_fps=55.8 pub_fps=30.4 frames=770102 result_subs=1 roi=ok intrinsic=ok inference_age_ms=112 target=none transport=False sorting_thread=alive
15:41:32 [v4][heartbeat] enter=True sorting=False cam=LIVE ai=LIVE cam_fps=56.0 pub_fps=30.2 frames=770382 result_subs=1 roi=ok intrinsic=ok inference_age_ms=88 target=none transport=False sorting_thread=alive
15:41:37 [v4][heartbeat] enter=True sorting=False cam=LIVE ai=LIVE cam_fps=55.0 pub_fps=30.4 frames=770657 result_subs=1 roi=ok intrinsic=ok inference_age_ms=54 target=none transport=False sorting_thread=alive
15:41:42 [v4][heartbeat] enter=True sorting=False cam=LIVE ai=LIVE cam_fps=58.9 pub_fps=30.3 frames=770952 result_subs=1 roi=ok intrinsic=ok inference_age_ms=52 target=none transport=False sorting_thread=alive
15:41:47 [v4][heartbeat] enter=True sorting=False cam=LIVE ai=LIVE cam_fps=55.3 pub_fps=30.2 frames=771228 result_subs=1 roi=ok intrinsic=ok inference_age_ms=118 target=none transport=False sorting_thread=alive
15:41:52 [v4][heartbeat] enter=True sorting=False cam=LIVE ai=LIVE cam_fps=57.6 pub_fps=30.2 frames=771516 result_subs=1 roi=ok intrinsic=ok inference_age_ms=98 target=none transport=False sorting_thread=alive
15:41:57 [v4][heartbeat] enter=True sorting=False cam=LIVE ai=LIVE cam_fps=57.4 pub_fps=30.4 frames=771803 result_subs=1 roi=ok intrinsic=ok inference_age_ms=69 target=none transport=False sorting_thread=alive
15:42:02 [v4][heartbeat] enter=True sorting=False cam=LIVE ai=LIVE cam_fps=55.3 pub_fps=30.4 frames=772080 result_subs=1 roi=ok intrinsic=ok inference_age_ms=112 target=none transport=False sorting_thread=alive
15:42:07 [v4][heartbeat] enter=True sorting=False cam=LIVE ai=LIVE cam_fps=57.9 pub_fps=30.2 frames=772369 result_subs=1 roi=ok intrinsic=ok inference_age_ms=127 target=none transport=False sorting_thread=alive
15:42:12 [v4][heartbeat] enter=True sorting=False cam=LIVE ai=LIVE cam_fps=55.1 pub_fps=30.2 frames=772645 result_subs=1 roi=ok intrinsic=ok inference_age_ms=89 target=none transport=False sorting_thread=alive
15:42:17 [v4][heartbeat] enter=True sorting=False cam=LIVE ai=LIVE cam_fps=56.0 pub_fps=30.4 frames=772925 result_subs=1 roi=ok intrinsic=ok inference_age_ms=113 target=none transport=False sorting_thread=alive
15:42:22 [v4][heartbeat] enter=True sorting=False cam=LIVE ai=LIVE cam_fps=55.4 pub_fps=30.4 frames=773202 result_subs=1 roi=ok intrinsic=ok inference_age_ms=70 target=none transport=False sorting_thread=alive
15:42:27 [v4][heartbeat] enter=True sorting=False cam=LIVE ai=LIVE cam_fps=55.6 pub_fps=30.2 frames=773480 result_subs=1 roi=ok intrinsic=ok inference_age_ms=75 target=none transport=False sorting_thread=alive
15:42:32 [v4][heartbeat] enter=True sorting=False cam=LIVE ai=LIVE cam_fps=56.6 pub_fps=30.4 frames=773763 result_subs=1 roi=ok intrinsic=ok inference_age_ms=92 target=none transport=False sorting_thread=alive
15:42:37 [v4][heartbeat] enter=True sorting=False cam=LIVE ai=LIVE cam_fps=54.8 pub_fps=30.2 frames=774037 result_subs=1 roi=ok intrinsic=ok inference_age_ms=98 target=none transport=False sorting_thread=alive
15:42:42 [v4][heartbeat] enter=True sorting=False cam=LIVE ai=LIVE cam_fps=56.8 pub_fps=30.4 frames=774321 result_subs=1 roi=ok intrinsic=ok inference_age_ms=56 target=none transport=False sorting_thread=alive
15:42:47 [v4][heartbeat] enter=True sorting=False cam=LIVE ai=LIVE cam_fps=55.8 pub_fps=30.2 frames=774600 result_subs=1 roi=ok intrinsic=ok inference_age_ms=118 target=none transport=False sorting_thread=alive
15:42:52 [v4][heartbeat] enter=True sorting=False cam=LIVE ai=LIVE cam_fps=55.8 pub_fps=30.4 frames=774879 result_subs=1 roi=ok intrinsic=ok inference_age_ms=97 target=none transport=False sorting_thread=alive
15:42:57 [v4][heartbeat] enter=True sorting=False cam=LIVE ai=LIVE cam_fps=58.2 pub_fps=30.2 frames=775170 result_subs=1 roi=ok intrinsic=ok inference_age_ms=116 target=none transport=False sorting_thread=alive
15:43:02 [v4][heartbeat] enter=True sorting=False cam=LIVE ai=LIVE cam_fps=56.8 pub_fps=30.4 frames=775454 result_subs=1 roi=ok intrinsic=ok inference_age_ms=77 target=none transport=False sorting_thread=alive
15:43:07 [v4][heartbeat] enter=True sorting=False cam=LIVE ai=LIVE cam_fps=54.2 pub_fps=30.2 frames=775725 result_subs=1 roi=ok intrinsic=ok inference_age_ms=92 target=none transport=False sorting_thread=alive
15:43:12 [v4][heartbeat] enter=True sorting=False cam=LIVE ai=LIVE cam_fps=58.2 pub_fps=30.4 frames=776016 result_subs=1 roi=ok intrinsic=ok inference_age_ms=84 target=none transport=False sorting_thread=alive
15:43:17 [v4][heartbeat] enter=True sorting=False cam=LIVE ai=LIVE cam_fps=53.4 pub_fps=30.2 frames=776283 result_subs=1 roi=ok intrinsic=ok inference_age_ms=93 target=none transport=False sorting_thread=alive
15:43:22 [v4][heartbeat] enter=True sorting=False cam=LIVE ai=LIVE cam_fps=56.4 pub_fps=30.4 frames=776565 result_subs=1 roi=ok intrinsic=ok inference_age_ms=129 target=none transport=False sorting_thread=alive
15:43:27 [v4][heartbeat] enter=True sorting=False cam=LIVE ai=LIVE cam_fps=58.0 pub_fps=30.2 frames=776855 result_subs=1 roi=ok intrinsic=ok inference_age_ms=60 target=none transport=False sorting_thread=alive
15:43:32 [v4][heartbeat] enter=True sorting=False cam=LIVE ai=LIVE cam_fps=54.6 pub_fps=30.4 frames=777128 result_subs=1 roi=ok intrinsic=ok inference_age_ms=144 target=none transport=False sorting_thread=alive
15:43:37 [v4][heartbeat] enter=True sorting=False cam=LIVE ai=LIVE cam_fps=57.2 pub_fps=30.2 frames=777414 result_subs=1 roi=ok intrinsic=ok inference_age_ms=131 target=none transport=False sorting_thread=alive
15:43:42 [v4][heartbeat] enter=True sorting=False cam=LIVE ai=LIVE cam_fps=54.0 pub_fps=30.4 frames=777684 result_subs=1 roi=ok intrinsic=ok inference_age_ms=59 target=none transport=False sorting_thread=alive
15:43:47 [v4][heartbeat] enter=True sorting=False cam=LIVE ai=LIVE cam_fps=57.4 pub_fps=30.2 frames=777971 result_subs=1 roi=ok intrinsic=ok inference_age_ms=117 target=none transport=False sorting_thread=alive
15:43:52 [v4][heartbeat] enter=True sorting=False cam=LIVE ai=LIVE cam_fps=57.0 pub_fps=30.4 frames=778256 result_subs=1 roi=ok intrinsic=ok inference_age_ms=135 target=none transport=False sorting_thread=alive
15:43:57 [v4][heartbeat] enter=True sorting=False cam=LIVE ai=LIVE cam_fps=55.0 pub_fps=30.2 frames=778531 result_subs=1 roi=ok intrinsic=ok inference_age_ms=70 target=none transport=False sorting_thread=alive
15:44:02 [v4][heartbeat] enter=True sorting=False cam=LIVE ai=LIVE cam_fps=55.8 pub_fps=30.4 frames=778810 result_subs=1 roi=ok intrinsic=ok inference_age_ms=98 target=none transport=False sorting_thread=alive
15:44:07 [v4][heartbeat] enter=True sorting=False cam=LIVE ai=LIVE cam_fps=53.6 pub_fps=30.2 frames=779078 result_subs=1 roi=ok intrinsic=ok inference_age_ms=107 target=none transport=False sorting_thread=alive
15:44:12 [v4][heartbeat] enter=True sorting=False cam=LIVE ai=LIVE cam_fps=55.8 pub_fps=30.4 frames=779357 result_subs=1 roi=ok intrinsic=ok inference_age_ms=93 target=none transport=False sorting_thread=alive
15:44:17 [v4][heartbeat] enter=True sorting=False cam=LIVE ai=LIVE cam_fps=58.4 pub_fps=30.2 frames=779649 result_subs=1 roi=ok intrinsic=ok inference_age_ms=85 target=none transport=False sorting_thread=alive
15:44:22 [v4][heartbeat] enter=True sorting=False cam=LIVE ai=LIVE cam_fps=53.8 pub_fps=30.4 frames=779918 result_subs=1 roi=ok intrinsic=ok inference_age_ms=82 target=none transport=False sorting_thread=alive
15:44:27 [v4][heartbeat] enter=True sorting=False cam=LIVE ai=LIVE cam_fps=57.5 pub_fps=30.4 frames=780206 result_subs=1 roi=ok intrinsic=ok inference_age_ms=57 target=none transport=False sorting_thread=alive
15:44:32 [v4][heartbeat] enter=True sorting=False cam=LIVE ai=LIVE cam_fps=54.7 pub_fps=30.2 frames=780479 result_subs=1 roi=ok intrinsic=ok inference_age_ms=127 target=none transport=False sorting_thread=alive
15:44:37 [v4][heartbeat] enter=True sorting=False cam=LIVE ai=LIVE cam_fps=56.4 pub_fps=30.4 frames=780761 result_subs=1 roi=ok intrinsic=ok inference_age_ms=59 target=none transport=False sorting_thread=alive
15:44:42 [v4][heartbeat] enter=True sorting=False cam=LIVE ai=LIVE cam_fps=57.5 pub_fps=30.2 frames=781049 result_subs=1 roi=ok intrinsic=ok inference_age_ms=82 target=none transport=False sorting_thread=alive
15:44:47 [v4][heartbeat] enter=True sorting=False cam=LIVE ai=LIVE cam_fps=56.0 pub_fps=30.4 frames=781329 result_subs=1 roi=ok intrinsic=ok inference_age_ms=75 target=none transport=False sorting_thread=alive
15:44:52 [v4][heartbeat] enter=True sorting=False cam=LIVE ai=LIVE cam_fps=56.8 pub_fps=30.2 frames=781613 result_subs=1 roi=ok intrinsic=ok inference_age_ms=110 target=none transport=False sorting_thread=alive
15:44:57 [v4][heartbeat] enter=True sorting=False cam=LIVE ai=LIVE cam_fps=54.7 pub_fps=30.4 frames=781887 result_subs=1 roi=ok intrinsic=ok inference_age_ms=73 target=none transport=False sorting_thread=alive
15:45:02 [v4][heartbeat] enter=True sorting=False cam=LIVE ai=LIVE cam_fps=54.1 pub_fps=30.2 frames=782157 result_subs=1 roi=ok intrinsic=ok inference_age_ms=102 target=none transport=False sorting_thread=alive
15:45:07 [v4][heartbeat] enter=True sorting=False cam=LIVE ai=LIVE cam_fps=58.0 pub_fps=30.4 frames=782447 result_subs=1 roi=ok intrinsic=ok inference_age_ms=86 target=none transport=False sorting_thread=alive
15:45:12 [v4][heartbeat] enter=True sorting=False cam=LIVE ai=LIVE cam_fps=55.2 pub_fps=30.2 frames=782723 result_subs=1 roi=ok intrinsic=ok inference_age_ms=122 target=none transport=False sorting_thread=alive
15:45:17 [v4][heartbeat] enter=True sorting=False cam=LIVE ai=LIVE cam_fps=57.9 pub_fps=30.4 frames=783012 result_subs=1 roi=ok intrinsic=ok inference_age_ms=122 target=none transport=False sorting_thread=alive
15:45:22 [v4][heartbeat] enter=True sorting=False cam=LIVE ai=LIVE cam_fps=56.6 pub_fps=30.2 frames=783295 result_subs=1 roi=ok intrinsic=ok inference_age_ms=128 target=none transport=False sorting_thread=alive
15:45:27 [v4][heartbeat] enter=True sorting=False cam=LIVE ai=LIVE cam_fps=52.7 pub_fps=30.4 frames=783559 result_subs=1 roi=ok intrinsic=ok inference_age_ms=108 target=none transport=False sorting_thread=alive
15:45:32 [v4][heartbeat] enter=True sorting=False cam=LIVE ai=LIVE cam_fps=57.5 pub_fps=30.2 frames=783846 result_subs=1 roi=ok intrinsic=ok inference_age_ms=77 target=none transport=False sorting_thread=alive
15:45:37 [v4][heartbeat] enter=True sorting=False cam=LIVE ai=LIVE cam_fps=53.6 pub_fps=30.4 frames=784114 result_subs=1 roi=ok intrinsic=ok inference_age_ms=59 target=none transport=False sorting_thread=alive
15:45:42 [v4][heartbeat] enter=True sorting=False cam=LIVE ai=LIVE cam_fps=56.7 pub_fps=30.2 frames=784398 result_subs=1 roi=ok intrinsic=ok inference_age_ms=58 target=none transport=False sorting_thread=alive
15:45:47 [v4][heartbeat] enter=True sorting=False cam=LIVE ai=LIVE cam_fps=58.6 pub_fps=30.4 frames=784691 result_subs=1 roi=ok intrinsic=ok inference_age_ms=97 target=none transport=False sorting_thread=alive
15:45:52 [v4][heartbeat] enter=True sorting=False cam=LIVE ai=LIVE cam_fps=54.8 pub_fps=30.2 frames=784965 result_subs=1 roi=ok intrinsic=ok inference_age_ms=77 target=none transport=False sorting_thread=alive
15:45:57 [v4][heartbeat] enter=True sorting=False cam=LIVE ai=LIVE cam_fps=57.8 pub_fps=30.4 frames=785254 result_subs=1 roi=ok intrinsic=ok inference_age_ms=109 target=none transport=False sorting_thread=alive
15:46:02 [v4][heartbeat] enter=True sorting=False cam=LIVE ai=LIVE cam_fps=56.2 pub_fps=30.2 frames=785535 result_subs=1 roi=ok intrinsic=ok inference_age_ms=112 target=none transport=False sorting_thread=alive
15:46:07 [v4][heartbeat] enter=True sorting=False cam=LIVE ai=LIVE cam_fps=56.8 pub_fps=30.4 frames=785819 result_subs=1 roi=ok intrinsic=ok inference_age_ms=115 target=none transport=False sorting_thread=alive
15:46:12 [v4][heartbeat] enter=True sorting=False cam=LIVE ai=LIVE cam_fps=58.0 pub_fps=30.2 frames=786109 result_subs=1 roi=ok intrinsic=ok inference_age_ms=84 target=none transport=False sorting_thread=alive
15:46:17 [v4][heartbeat] enter=True sorting=False cam=LIVE ai=LIVE cam_fps=54.4 pub_fps=30.4 frames=786381 result_subs=1 roi=ok intrinsic=ok inference_age_ms=66 target=none transport=False sorting_thread=alive
15:46:22 [v4][heartbeat] enter=True sorting=False cam=LIVE ai=LIVE cam_fps=57.0 pub_fps=30.2 frames=786666 result_subs=1 roi=ok intrinsic=ok inference_age_ms=99 target=none transport=False sorting_thread=alive
15:46:27 [v4][heartbeat] enter=True sorting=False cam=LIVE ai=LIVE cam_fps=55.4 pub_fps=30.4 frames=786943 result_subs=1 roi=ok intrinsic=ok inference_age_ms=124 target=none transport=False sorting_thread=alive
15:46:32 [v4][heartbeat] enter=True sorting=False cam=LIVE ai=LIVE cam_fps=56.0 pub_fps=30.2 frames=787223 result_subs=1 roi=ok intrinsic=ok inference_age_ms=91 target=none transport=False sorting_thread=alive
15:46:37 [v4][heartbeat] enter=True sorting=False cam=LIVE ai=LIVE cam_fps=57.0 pub_fps=30.4 frames=787508 result_subs=1 roi=ok intrinsic=ok inference_age_ms=87 target=none transport=False sorting_thread=alive
15:46:42 [v4][heartbeat] enter=True sorting=False cam=LIVE ai=LIVE cam_fps=53.2 pub_fps=30.2 frames=787774 result_subs=1 roi=ok intrinsic=ok inference_age_ms=91 target=none transport=False sorting_thread=alive
15:46:47 [v4][heartbeat] enter=True sorting=False cam=LIVE ai=LIVE cam_fps=56.8 pub_fps=30.4 frames=788058 result_subs=1 roi=ok intrinsic=ok inference_age_ms=123 target=none transport=False sorting_thread=alive
15:46:52 [v4][heartbeat] enter=True sorting=False cam=LIVE ai=LIVE cam_fps=56.2 pub_fps=30.2 frames=788339 result_subs=1 roi=ok intrinsic=ok inference_age_ms=60 target=none transport=False sorting_thread=alive
15:46:57 [v4][heartbeat] enter=True sorting=False cam=LIVE ai=LIVE cam_fps=55.4 pub_fps=30.4 frames=788616 result_subs=1 roi=ok intrinsic=ok inference_age_ms=59 target=none transport=False sorting_thread=alive
15:47:02 [v4][heartbeat] enter=True sorting=False cam=LIVE ai=LIVE cam_fps=58.6 pub_fps=30.2 frames=788909 result_subs=1 roi=ok intrinsic=ok inference_age_ms=122 target=none transport=False sorting_thread=alive
15:47:07 [v4][heartbeat] enter=True sorting=False cam=LIVE ai=LIVE cam_fps=54.4 pub_fps=30.4 frames=789181 result_subs=1 roi=ok intrinsic=ok inference_age_ms=70 target=none transport=False sorting_thread=alive
15:47:12 [v4][heartbeat] enter=True sorting=False cam=LIVE ai=LIVE cam_fps=56.2 pub_fps=30.2 frames=789462 result_subs=1 roi=ok intrinsic=ok inference_age_ms=57 target=none transport=False sorting_thread=alive
15:47:17 [v4][heartbeat] enter=True sorting=False cam=LIVE ai=LIVE cam_fps=58.2 pub_fps=30.4 frames=789753 result_subs=1 roi=ok intrinsic=ok inference_age_ms=119 target=none transport=False sorting_thread=alive
15:47:22 [v4][heartbeat] enter=True sorting=False cam=LIVE ai=LIVE cam_fps=54.0 pub_fps=30.4 frames=790023 result_subs=1 roi=ok intrinsic=ok inference_age_ms=90 target=none transport=False sorting_thread=alive
15:47:27 [v4][heartbeat] enter=True sorting=False cam=LIVE ai=LIVE cam_fps=57.0 pub_fps=30.2 frames=790308 result_subs=1 roi=ok intrinsic=ok inference_age_ms=109 target=none transport=False sorting_thread=alive
15:47:32 [v4][heartbeat] enter=True sorting=False cam=LIVE ai=LIVE cam_fps=54.8 pub_fps=30.4 frames=790582 result_subs=1 roi=ok intrinsic=ok inference_age_ms=92 target=none transport=False sorting_thread=alive
15:47:37 [v4][heartbeat] enter=True sorting=False cam=LIVE ai=LIVE cam_fps=56.4 pub_fps=30.2 frames=790864 result_subs=1 roi=ok intrinsic=ok inference_age_ms=48 target=none transport=False sorting_thread=alive
15:47:42 [v4][heartbeat] enter=True sorting=False cam=LIVE ai=LIVE cam_fps=57.4 pub_fps=30.4 frames=791151 result_subs=1 roi=ok intrinsic=ok inference_age_ms=106 target=none transport=False sorting_thread=alive
15:47:47 [v4][heartbeat] enter=True sorting=False cam=LIVE ai=LIVE cam_fps=56.0 pub_fps=30.2 frames=791431 result_subs=1 roi=ok intrinsic=ok inference_age_ms=102 target=none transport=False sorting_thread=alive
15:47:52 [v4][heartbeat] enter=True sorting=False cam=LIVE ai=LIVE cam_fps=57.3 pub_fps=30.4 frames=791718 result_subs=1 roi=ok intrinsic=ok inference_age_ms=82 target=none transport=False sorting_thread=alive
15:47:57 [v4][heartbeat] enter=True sorting=False cam=LIVE ai=LIVE cam_fps=53.9 pub_fps=30.2 frames=791987 result_subs=1 roi=ok intrinsic=ok inference_age_ms=77 target=none transport=False sorting_thread=alive
15:48:02 [v4][heartbeat] enter=True sorting=False cam=LIVE ai=LIVE cam_fps=58.4 pub_fps=30.4 frames=792279 result_subs=1 roi=ok intrinsic=ok inference_age_ms=108 target=none transport=False sorting_thread=alive
15:48:07 [v4][heartbeat] enter=True sorting=False cam=LIVE ai=LIVE cam_fps=56.2 pub_fps=30.2 frames=792560 result_subs=1 roi=ok intrinsic=ok inference_age_ms=114 target=none transport=False sorting_thread=alive
15:48:12 [v4][heartbeat] enter=True sorting=False cam=LIVE ai=LIVE cam_fps=56.8 pub_fps=30.4 frames=792844 result_subs=1 roi=ok intrinsic=ok inference_age_ms=97 target=none transport=False sorting_thread=alive
15:48:17 [v4][heartbeat] enter=True sorting=False cam=LIVE ai=LIVE cam_fps=57.7 pub_fps=30.2 frames=793132 result_subs=1 roi=ok intrinsic=ok inference_age_ms=124 target=none transport=False sorting_thread=alive
15:48:22 [v4][heartbeat] enter=True sorting=False cam=LIVE ai=LIVE cam_fps=54.0 pub_fps=30.4 frames=793402 result_subs=1 roi=ok intrinsic=ok inference_age_ms=128 target=none transport=False sorting_thread=alive
15:48:27 [v4][heartbeat] enter=True sorting=False cam=LIVE ai=LIVE cam_fps=56.6 pub_fps=30.2 frames=793685 result_subs=1 roi=ok intrinsic=ok inference_age_ms=66 target=none transport=False sorting_thread=alive
15:48:32 [v4][heartbeat] enter=True sorting=False cam=LIVE ai=LIVE cam_fps=58.6 pub_fps=30.4 frames=793978 result_subs=1 roi=ok intrinsic=ok inference_age_ms=181 target=none transport=False sorting_thread=alive
15:48:37 [v4][heartbeat] enter=True sorting=False cam=LIVE ai=LIVE cam_fps=55.4 pub_fps=30.2 frames=794255 result_subs=1 roi=ok intrinsic=ok inference_age_ms=111 target=none transport=False sorting_thread=alive
15:48:42 [v4][heartbeat] enter=True sorting=False cam=LIVE ai=LIVE cam_fps=55.0 pub_fps=30.4 frames=794530 result_subs=1 roi=ok intrinsic=ok inference_age_ms=114 target=none transport=False sorting_thread=alive
15:48:47 [v4][heartbeat] enter=True sorting=False cam=LIVE ai=LIVE cam_fps=57.6 pub_fps=30.2 frames=794818 result_subs=1 roi=ok intrinsic=ok inference_age_ms=74 target=none transport=False sorting_thread=alive
15:48:52 [v4][heartbeat] enter=True sorting=False cam=LIVE ai=LIVE cam_fps=55.0 pub_fps=30.4 frames=795093 result_subs=1 roi=ok intrinsic=ok inference_age_ms=71 target=none transport=False sorting_thread=alive
15:48:57 [v4][heartbeat] enter=True sorting=False cam=LIVE ai=LIVE cam_fps=57.0 pub_fps=30.2 frames=795378 result_subs=1 roi=ok intrinsic=ok inference_age_ms=81 target=none transport=False sorting_thread=alive
15:49:02 [v4][heartbeat] enter=True sorting=False cam=LIVE ai=LIVE cam_fps=56.4 pub_fps=30.4 frames=795660 result_subs=1 roi=ok intrinsic=ok inference_age_ms=126 target=none transport=False sorting_thread=alive
15:49:07 [v4][heartbeat] enter=True sorting=False cam=LIVE ai=LIVE cam_fps=55.0 pub_fps=30.2 frames=795935 result_subs=1 roi=ok intrinsic=ok inference_age_ms=148 target=none transport=False sorting_thread=alive
15:49:12 [v4][heartbeat] enter=True sorting=False cam=LIVE ai=LIVE cam_fps=55.0 pub_fps=30.4 frames=796210 result_subs=1 roi=ok intrinsic=ok inference_age_ms=103 target=none transport=False sorting_thread=alive
15:49:17 [v4][heartbeat] enter=True sorting=False cam=LIVE ai=LIVE cam_fps=56.6 pub_fps=30.2 frames=796493 result_subs=1 roi=ok intrinsic=ok inference_age_ms=102 target=none transport=False sorting_thread=alive
15:49:22 [v4][heartbeat] enter=True sorting=False cam=LIVE ai=LIVE cam_fps=58.1 pub_fps=30.4 frames=796784 result_subs=1 roi=ok intrinsic=ok inference_age_ms=64 target=none transport=False sorting_thread=alive
15:49:27 [v4][heartbeat] enter=True sorting=False cam=LIVE ai=LIVE cam_fps=53.1 pub_fps=30.2 frames=797049 result_subs=1 roi=ok intrinsic=ok inference_age_ms=101 target=none transport=False sorting_thread=alive
15:49:32 [v4][heartbeat] enter=True sorting=False cam=LIVE ai=LIVE cam_fps=55.6 pub_fps=30.4 frames=797327 result_subs=1 roi=ok intrinsic=ok inference_age_ms=82 target=none transport=False sorting_thread=alive
15:49:37 [v4][heartbeat] enter=True sorting=False cam=LIVE ai=LIVE cam_fps=56.6 pub_fps=30.2 frames=797610 result_subs=1 roi=ok intrinsic=ok inference_age_ms=75 target=none transport=False sorting_thread=alive
15:49:42 [v4][heartbeat] enter=True sorting=False cam=LIVE ai=LIVE cam_fps=55.6 pub_fps=30.4 frames=797888 result_subs=1 roi=ok intrinsic=ok inference_age_ms=57 target=none transport=False sorting_thread=alive
15:49:47 [v4][heartbeat] enter=True sorting=False cam=LIVE ai=LIVE cam_fps=57.2 pub_fps=30.2 frames=798174 result_subs=1 roi=ok intrinsic=ok inference_age_ms=83 target=none transport=False sorting_thread=alive
15:49:52 [v4][heartbeat] enter=True sorting=False cam=LIVE ai=LIVE cam_fps=55.4 pub_fps=30.4 frames=798451 result_subs=1 roi=ok intrinsic=ok inference_age_ms=109 target=none transport=False sorting_thread=alive
15:49:57 [v4][heartbeat] enter=True sorting=False cam=LIVE ai=LIVE cam_fps=57.6 pub_fps=30.2 frames=798739 result_subs=1 roi=ok intrinsic=ok inference_age_ms=88 target=none transport=False sorting_thread=alive
15:50:02 [v4][heartbeat] enter=True sorting=False cam=LIVE ai=LIVE cam_fps=56.4 pub_fps=30.4 frames=799021 result_subs=1 roi=ok intrinsic=ok inference_age_ms=100 target=none transport=False sorting_thread=alive
15:50:07 [v4][heartbeat] enter=True sorting=False cam=LIVE ai=LIVE cam_fps=55.2 pub_fps=30.2 frames=799297 result_subs=1 roi=ok intrinsic=ok inference_age_ms=97 target=none transport=False sorting_thread=alive
15:50:12 [v4][heartbeat] enter=True sorting=False cam=LIVE ai=LIVE cam_fps=57.2 pub_fps=30.4 frames=799583 result_subs=1 roi=ok intrinsic=ok inference_age_ms=78 target=none transport=False sorting_thread=alive
15:50:17 [v4][heartbeat] enter=True sorting=False cam=LIVE ai=LIVE cam_fps=54.1 pub_fps=30.4 frames=799854 result_subs=1 roi=ok intrinsic=ok inference_age_ms=100 target=none transport=False sorting_thread=alive
15:50:22 [v4][heartbeat] enter=True sorting=False cam=LIVE ai=LIVE cam_fps=54.9 pub_fps=30.2 frames=800128 result_subs=1 roi=ok intrinsic=ok inference_age_ms=96 target=none transport=False sorting_thread=alive
15:50:27 [v4][heartbeat] enter=True sorting=False cam=LIVE ai=LIVE cam_fps=56.6 pub_fps=30.4 frames=800411 result_subs=1 roi=ok intrinsic=ok inference_age_ms=101 target=none transport=False sorting_thread=alive
15:50:32 [v4][heartbeat] enter=True sorting=False cam=LIVE ai=LIVE cam_fps=55.0 pub_fps=30.2 frames=800686 result_subs=1 roi=ok intrinsic=ok inference_age_ms=101 target=none transport=False sorting_thread=alive
15:50:37 [v4][heartbeat] enter=True sorting=False cam=LIVE ai=LIVE cam_fps=55.7 pub_fps=30.4 frames=800965 result_subs=1 roi=ok intrinsic=ok inference_age_ms=66 target=none transport=False sorting_thread=alive
15:50:42 [v4][heartbeat] enter=True sorting=False cam=LIVE ai=LIVE cam_fps=54.7 pub_fps=30.2 frames=801238 result_subs=1 roi=ok intrinsic=ok inference_age_ms=84 target=none transport=False sorting_thread=alive
15:50:47 [v4][heartbeat] enter=True sorting=False cam=LIVE ai=LIVE cam_fps=56.2 pub_fps=30.4 frames=801519 result_subs=1 roi=ok intrinsic=ok inference_age_ms=132 target=none transport=False sorting_thread=alive
15:50:52 [v4][heartbeat] enter=True sorting=False cam=LIVE ai=LIVE cam_fps=58.0 pub_fps=30.2 frames=801809 result_subs=1 roi=ok intrinsic=ok inference_age_ms=109 target=none transport=False sorting_thread=alive
15:50:57 [v4][heartbeat] enter=True sorting=False cam=LIVE ai=LIVE cam_fps=53.6 pub_fps=30.4 frames=802077 result_subs=1 roi=ok intrinsic=ok inference_age_ms=55 target=none transport=False sorting_thread=alive
15:51:02 [v4][heartbeat] enter=True sorting=False cam=LIVE ai=LIVE cam_fps=56.0 pub_fps=30.2 frames=802357 result_subs=1 roi=ok intrinsic=ok inference_age_ms=63 target=none transport=False sorting_thread=alive
15:51:07 [v4][heartbeat] enter=True sorting=False cam=LIVE ai=LIVE cam_fps=55.6 pub_fps=30.4 frames=802635 result_subs=1 roi=ok intrinsic=ok inference_age_ms=128 target=none transport=False sorting_thread=alive
15:51:12 [v4][heartbeat] enter=True sorting=False cam=LIVE ai=LIVE cam_fps=56.8 pub_fps=30.2 frames=802919 result_subs=1 roi=ok intrinsic=ok inference_age_ms=129 target=none transport=False sorting_thread=alive
15:51:17 [v4][heartbeat] enter=True sorting=False cam=LIVE ai=LIVE cam_fps=56.2 pub_fps=30.4 frames=803200 result_subs=1 roi=ok intrinsic=ok inference_age_ms=62 target=none transport=False sorting_thread=alive
15:51:22 [v4][heartbeat] enter=True sorting=False cam=LIVE ai=LIVE cam_fps=54.6 pub_fps=30.2 frames=803473 result_subs=1 roi=ok intrinsic=ok inference_age_ms=51 target=none transport=False sorting_thread=alive
15:51:27 [v4][heartbeat] enter=True sorting=False cam=LIVE ai=LIVE cam_fps=55.8 pub_fps=30.4 frames=803752 result_subs=1 roi=ok intrinsic=ok inference_age_ms=102 target=none transport=False sorting_thread=alive
15:51:32 [v4][heartbeat] enter=True sorting=False cam=LIVE ai=LIVE cam_fps=57.6 pub_fps=30.2 frames=804040 result_subs=1 roi=ok intrinsic=ok inference_age_ms=110 target=none transport=False sorting_thread=alive
15:51:37 [v4][heartbeat] enter=True sorting=False cam=LIVE ai=LIVE cam_fps=56.0 pub_fps=30.4 frames=804320 result_subs=1 roi=ok intrinsic=ok inference_age_ms=81 target=none transport=False sorting_thread=alive
15:51:42 [v4][heartbeat] enter=True sorting=False cam=LIVE ai=LIVE cam_fps=59.0 pub_fps=30.2 frames=804615 result_subs=1 roi=ok intrinsic=ok inference_age_ms=105 target=none transport=False sorting_thread=alive
15:51:47 [v4][heartbeat] enter=True sorting=False cam=LIVE ai=LIVE cam_fps=55.0 pub_fps=30.4 frames=804890 result_subs=1 roi=ok intrinsic=ok inference_age_ms=84 target=none transport=False sorting_thread=alive
15:51:52 [v4][heartbeat] enter=True sorting=False cam=LIVE ai=LIVE cam_fps=56.6 pub_fps=30.2 frames=805173 result_subs=1 roi=ok intrinsic=ok inference_age_ms=47 target=none transport=False sorting_thread=alive
15:51:57 [v4][heartbeat] enter=True sorting=False cam=LIVE ai=LIVE cam_fps=56.6 pub_fps=30.4 frames=805456 result_subs=1 roi=ok intrinsic=ok inference_age_ms=53 target=none transport=False sorting_thread=alive
15:52:02 [v4][heartbeat] enter=True sorting=False cam=LIVE ai=LIVE cam_fps=55.4 pub_fps=30.2 frames=805733 result_subs=1 roi=ok intrinsic=ok inference_age_ms=59 target=none transport=False sorting_thread=alive
15:52:07 [v4][heartbeat] enter=True sorting=False cam=LIVE ai=LIVE cam_fps=57.2 pub_fps=30.4 frames=806019 result_subs=1 roi=ok intrinsic=ok inference_age_ms=70 target=none transport=False sorting_thread=alive
15:52:12 [v4][heartbeat] enter=True sorting=False cam=LIVE ai=LIVE cam_fps=56.8 pub_fps=30.2 frames=806303 result_subs=1 roi=ok intrinsic=ok inference_age_ms=87 target=none transport=False sorting_thread=alive
15:52:17 [v4][heartbeat] enter=True sorting=False cam=LIVE ai=LIVE cam_fps=54.8 pub_fps=30.4 frames=806577 result_subs=1 roi=ok intrinsic=ok inference_age_ms=97 target=none transport=False sorting_thread=alive
15:52:22 [v4][heartbeat] enter=True sorting=False cam=LIVE ai=LIVE cam_fps=57.0 pub_fps=30.2 frames=806862 result_subs=1 roi=ok intrinsic=ok inference_age_ms=54 target=none transport=False sorting_thread=alive
15:52:27 [v4][heartbeat] enter=True sorting=False cam=LIVE ai=LIVE cam_fps=54.2 pub_fps=30.4 frames=807133 result_subs=1 roi=ok intrinsic=ok inference_age_ms=118 target=none transport=False sorting_thread=alive
15:52:32 [v4][heartbeat] enter=True sorting=False cam=LIVE ai=LIVE cam_fps=55.8 pub_fps=30.2 frames=807412 result_subs=1 roi=ok intrinsic=ok inference_age_ms=78 target=none transport=False sorting_thread=alive
15:52:37 [v4][heartbeat] enter=True sorting=False cam=LIVE ai=LIVE cam_fps=55.8 pub_fps=30.4 frames=807691 result_subs=1 roi=ok intrinsic=ok inference_age_ms=81 target=none transport=False sorting_thread=alive
15:52:42 [v4][heartbeat] enter=True sorting=False cam=LIVE ai=LIVE cam_fps=55.5 pub_fps=30.4 frames=807969 result_subs=1 roi=ok intrinsic=ok inference_age_ms=74 target=none transport=False sorting_thread=alive
15:52:47 [v4][heartbeat] enter=True sorting=False cam=LIVE ai=LIVE cam_fps=58.0 pub_fps=30.2 frames=808259 result_subs=1 roi=ok intrinsic=ok inference_age_ms=121 target=none transport=False sorting_thread=alive
15:52:52 [v4][heartbeat] enter=True sorting=False cam=LIVE ai=LIVE cam_fps=56.4 pub_fps=30.4 frames=808541 result_subs=1 roi=ok intrinsic=ok inference_age_ms=78 target=none transport=False sorting_thread=alive
15:52:57 [v4][heartbeat] enter=True sorting=False cam=LIVE ai=LIVE cam_fps=55.2 pub_fps=30.2 frames=808817 result_subs=1 roi=ok intrinsic=ok inference_age_ms=82 target=none transport=False sorting_thread=alive
15:53:02 [v4][heartbeat] enter=True sorting=False cam=LIVE ai=LIVE cam_fps=58.0 pub_fps=30.4 frames=809107 result_subs=1 roi=ok intrinsic=ok inference_age_ms=110 target=none transport=False sorting_thread=alive
15:53:07 [v4][heartbeat] enter=True sorting=False cam=LIVE ai=LIVE cam_fps=54.2 pub_fps=30.2 frames=809378 result_subs=1 roi=ok intrinsic=ok inference_age_ms=85 target=none transport=False sorting_thread=alive
15:53:12 [v4][heartbeat] enter=True sorting=False cam=LIVE ai=LIVE cam_fps=58.4 pub_fps=30.4 frames=809670 result_subs=1 roi=ok intrinsic=ok inference_age_ms=62 target=none transport=False sorting_thread=alive
15:53:17 [v4][heartbeat] enter=True sorting=False cam=LIVE ai=LIVE cam_fps=56.2 pub_fps=30.2 frames=809951 result_subs=1 roi=ok intrinsic=ok inference_age_ms=138 target=none transport=False sorting_thread=alive
15:53:22 [v4][heartbeat] enter=True sorting=False cam=LIVE ai=LIVE cam_fps=56.2 pub_fps=30.2 frames=810232 result_subs=1 roi=ok intrinsic=ok inference_age_ms=118 target=none transport=False sorting_thread=alive
15:53:27 [v4][heartbeat] enter=True sorting=False cam=LIVE ai=LIVE cam_fps=55.2 pub_fps=30.4 frames=810508 result_subs=1 roi=ok intrinsic=ok inference_age_ms=112 target=none transport=False sorting_thread=alive
15:53:32 [v4][heartbeat] enter=True sorting=False cam=LIVE ai=LIVE cam_fps=56.6 pub_fps=30.4 frames=810791 result_subs=1 roi=ok intrinsic=ok inference_age_ms=108 target=none transport=False sorting_thread=alive
15:53:37 [v4][heartbeat] enter=True sorting=False cam=LIVE ai=LIVE cam_fps=57.4 pub_fps=30.2 frames=811078 result_subs=1 roi=ok intrinsic=ok inference_age_ms=63 target=none transport=False sorting_thread=alive
15:53:42 [v4][heartbeat] enter=True sorting=False cam=LIVE ai=LIVE cam_fps=54.6 pub_fps=30.4 frames=811351 result_subs=1 roi=ok intrinsic=ok inference_age_ms=81 target=none transport=False sorting_thread=alive
15:53:47 [v4][heartbeat] enter=True sorting=False cam=LIVE ai=LIVE cam_fps=53.8 pub_fps=30.2 frames=811620 result_subs=1 roi=ok intrinsic=ok inference_age_ms=80 target=none transport=False sorting_thread=alive
15:53:52 [v4][heartbeat] enter=True sorting=False cam=LIVE ai=LIVE cam_fps=56.0 pub_fps=30.4 frames=811900 result_subs=1 roi=ok intrinsic=ok inference_age_ms=124 target=none transport=False sorting_thread=alive
15:53:57 [v4][heartbeat] enter=True sorting=False cam=LIVE ai=LIVE cam_fps=54.0 pub_fps=30.2 frames=812170 result_subs=1 roi=ok intrinsic=ok inference_age_ms=81 target=none transport=False sorting_thread=alive
15:54:02 [v4][heartbeat] enter=True sorting=False cam=LIVE ai=LIVE cam_fps=58.0 pub_fps=30.4 frames=812460 result_subs=1 roi=ok intrinsic=ok inference_age_ms=93 target=none transport=False sorting_thread=alive
15:54:07 [v4][heartbeat] enter=True sorting=False cam=LIVE ai=LIVE cam_fps=55.0 pub_fps=30.2 frames=812735 result_subs=1 roi=ok intrinsic=ok inference_age_ms=147 target=none transport=False sorting_thread=alive
15:54:12 [v4][heartbeat] enter=True sorting=False cam=LIVE ai=LIVE cam_fps=55.2 pub_fps=30.4 frames=813011 result_subs=1 roi=ok intrinsic=ok inference_age_ms=85 target=none transport=False sorting_thread=alive
15:54:17 [v4][heartbeat] enter=True sorting=False cam=LIVE ai=LIVE cam_fps=57.2 pub_fps=30.2 frames=813297 result_subs=1 roi=ok intrinsic=ok inference_age_ms=106 target=none transport=False sorting_thread=alive
15:54:22 [v4][heartbeat] enter=True sorting=False cam=LIVE ai=LIVE cam_fps=54.2 pub_fps=30.4 frames=813568 result_subs=1 roi=ok intrinsic=ok inference_age_ms=57 target=none transport=False sorting_thread=alive
15:54:27 [v4][heartbeat] enter=True sorting=False cam=LIVE ai=LIVE cam_fps=58.2 pub_fps=30.2 frames=813859 result_subs=1 roi=ok intrinsic=ok inference_age_ms=87 target=none transport=False sorting_thread=alive
15:54:32 [v4][heartbeat] enter=True sorting=False cam=LIVE ai=LIVE cam_fps=56.4 pub_fps=30.4 frames=814141 result_subs=1 roi=ok intrinsic=ok inference_age_ms=72 target=none transport=False sorting_thread=alive
15:54:37 [v4][heartbeat] enter=True sorting=False cam=LIVE ai=LIVE cam_fps=56.6 pub_fps=30.2 frames=814424 result_subs=1 roi=ok intrinsic=ok inference_age_ms=117 target=none transport=False sorting_thread=alive
15:54:42 [v4][heartbeat] enter=True sorting=False cam=LIVE ai=LIVE cam_fps=56.0 pub_fps=30.4 frames=814704 result_subs=1 roi=ok intrinsic=ok inference_age_ms=69 target=none transport=False sorting_thread=alive
15:54:47 [v4][heartbeat] enter=True sorting=False cam=LIVE ai=LIVE cam_fps=56.2 pub_fps=30.2 frames=814985 result_subs=1 roi=ok intrinsic=ok inference_age_ms=94 target=none transport=False sorting_thread=alive
15:54:52 [v4][heartbeat] enter=True sorting=False cam=LIVE ai=LIVE cam_fps=56.0 pub_fps=30.4 frames=815265 result_subs=1 roi=ok intrinsic=ok inference_age_ms=86 target=none transport=False sorting_thread=alive
15:54:57 [v4][heartbeat] enter=True sorting=False cam=LIVE ai=LIVE cam_fps=55.2 pub_fps=30.2 frames=815541 result_subs=1 roi=ok intrinsic=ok inference_age_ms=116 target=none transport=False sorting_thread=alive
15:55:02 [v4][heartbeat] enter=True sorting=False cam=LIVE ai=LIVE cam_fps=54.8 pub_fps=30.4 frames=815815 result_subs=1 roi=ok intrinsic=ok inference_age_ms=139 target=none transport=False sorting_thread=alive
15:55:07 [v4][heartbeat] enter=True sorting=False cam=LIVE ai=LIVE cam_fps=57.4 pub_fps=30.2 frames=816102 result_subs=1 roi=ok intrinsic=ok inference_age_ms=77 target=none transport=False sorting_thread=alive
15:55:12 [v4][heartbeat] enter=True sorting=False cam=LIVE ai=LIVE cam_fps=54.8 pub_fps=30.4 frames=816376 result_subs=1 roi=ok intrinsic=ok inference_age_ms=87 target=none transport=False sorting_thread=alive
15:55:17 [v4][heartbeat] enter=True sorting=False cam=LIVE ai=LIVE cam_fps=55.6 pub_fps=30.2 frames=816654 result_subs=1 roi=ok intrinsic=ok inference_age_ms=62 target=none transport=False sorting_thread=alive
15:55:22 [v4][heartbeat] enter=True sorting=False cam=LIVE ai=LIVE cam_fps=55.2 pub_fps=30.4 frames=816930 result_subs=1 roi=ok intrinsic=ok inference_age_ms=98 target=none transport=False sorting_thread=alive
15:55:27 [v4][heartbeat] enter=True sorting=False cam=LIVE ai=LIVE cam_fps=53.8 pub_fps=30.2 frames=817199 result_subs=1 roi=ok intrinsic=ok inference_age_ms=103 target=none transport=False sorting_thread=alive
15:55:32 [v4][heartbeat] enter=True sorting=False cam=LIVE ai=LIVE cam_fps=57.4 pub_fps=30.4 frames=817486 result_subs=1 roi=ok intrinsic=ok inference_age_ms=99 target=none transport=False sorting_thread=alive
15:55:37 [v4][heartbeat] enter=True sorting=False cam=LIVE ai=LIVE cam_fps=55.8 pub_fps=30.2 frames=817765 result_subs=1 roi=ok intrinsic=ok inference_age_ms=93 target=none transport=False sorting_thread=alive
15:55:42 [v4][heartbeat] enter=True sorting=False cam=LIVE ai=LIVE cam_fps=54.5 pub_fps=30.4 frames=818037 result_subs=1 roi=ok intrinsic=ok inference_age_ms=106 target=none transport=False sorting_thread=alive
15:55:47 [v4][heartbeat] enter=True sorting=False cam=LIVE ai=LIVE cam_fps=55.2 pub_fps=30.4 frames=818313 result_subs=1 roi=ok intrinsic=ok inference_age_ms=96 target=none transport=False sorting_thread=alive
15:55:52 [v4][heartbeat] enter=True sorting=False cam=LIVE ai=LIVE cam_fps=55.8 pub_fps=30.2 frames=818592 result_subs=1 roi=ok intrinsic=ok inference_age_ms=83 target=none transport=False sorting_thread=alive
15:55:57 [v4][heartbeat] enter=True sorting=False cam=LIVE ai=LIVE cam_fps=58.4 pub_fps=30.4 frames=818884 result_subs=1 roi=ok intrinsic=ok inference_age_ms=80 target=none transport=False sorting_thread=alive
15:56:02 [v4][heartbeat] enter=True sorting=False cam=LIVE ai=LIVE cam_fps=52.8 pub_fps=30.2 frames=819148 result_subs=1 roi=ok intrinsic=ok inference_age_ms=78 target=none transport=False sorting_thread=alive
15:56:07 [v4][heartbeat] enter=True sorting=False cam=LIVE ai=LIVE cam_fps=54.2 pub_fps=30.4 frames=819419 result_subs=1 roi=ok intrinsic=ok inference_age_ms=101 target=none transport=False sorting_thread=alive
15:56:12 [v4][heartbeat] enter=True sorting=False cam=LIVE ai=LIVE cam_fps=57.2 pub_fps=30.2 frames=819705 result_subs=1 roi=ok intrinsic=ok inference_age_ms=110 target=none transport=False sorting_thread=alive
15:56:17 [v4][heartbeat] enter=True sorting=False cam=LIVE ai=LIVE cam_fps=55.5 pub_fps=30.4 frames=819983 result_subs=1 roi=ok intrinsic=ok inference_age_ms=82 target=none transport=False sorting_thread=alive
15:56:22 [v4][heartbeat] enter=True sorting=False cam=LIVE ai=LIVE cam_fps=57.7 pub_fps=30.2 frames=820271 result_subs=1 roi=ok intrinsic=ok inference_age_ms=139 target=none transport=False sorting_thread=alive
15:56:27 [v4][heartbeat] enter=True sorting=False cam=LIVE ai=LIVE cam_fps=55.8 pub_fps=30.4 frames=820550 result_subs=1 roi=ok intrinsic=ok inference_age_ms=91 target=none transport=False sorting_thread=alive
15:56:32 [v4][heartbeat] enter=True sorting=False cam=LIVE ai=LIVE cam_fps=55.7 pub_fps=30.2 frames=820828 result_subs=1 roi=ok intrinsic=ok inference_age_ms=101 target=none transport=False sorting_thread=alive
15:56:37 [v4][heartbeat] enter=True sorting=False cam=LIVE ai=LIVE cam_fps=57.4 pub_fps=30.4 frames=821115 result_subs=1 roi=ok intrinsic=ok inference_age_ms=75 target=none transport=False sorting_thread=alive
15:56:42 [v4][heartbeat] enter=True sorting=False cam=LIVE ai=LIVE cam_fps=57.0 pub_fps=30.2 frames=821400 result_subs=1 roi=ok intrinsic=ok inference_age_ms=93 target=none transport=False sorting_thread=alive
15:56:47 [v4][heartbeat] enter=True sorting=False cam=LIVE ai=LIVE cam_fps=57.5 pub_fps=30.4 frames=821688 result_subs=1 roi=ok intrinsic=ok inference_age_ms=155 target=none transport=False sorting_thread=alive
15:56:52 [v4][heartbeat] enter=True sorting=False cam=LIVE ai=LIVE cam_fps=56.2 pub_fps=30.2 frames=821969 result_subs=1 roi=ok intrinsic=ok inference_age_ms=99 target=none transport=False sorting_thread=alive
15:56:57 [v4][heartbeat] enter=True sorting=False cam=LIVE ai=LIVE cam_fps=54.6 pub_fps=30.4 frames=822242 result_subs=1 roi=ok intrinsic=ok inference_age_ms=133 target=none transport=False sorting_thread=alive
15:57:02 [v4][heartbeat] enter=True sorting=False cam=LIVE ai=LIVE cam_fps=56.2 pub_fps=30.2 frames=822523 result_subs=1 roi=ok intrinsic=ok inference_age_ms=94 target=none transport=False sorting_thread=alive
15:57:07 [v4][heartbeat] enter=True sorting=False cam=LIVE ai=LIVE cam_fps=53.8 pub_fps=30.4 frames=822792 result_subs=1 roi=ok intrinsic=ok inference_age_ms=96 target=none transport=False sorting_thread=alive
15:57:12 [v4][heartbeat] enter=True sorting=False cam=LIVE ai=LIVE cam_fps=56.6 pub_fps=30.2 frames=823075 result_subs=1 roi=ok intrinsic=ok inference_age_ms=44 target=none transport=False sorting_thread=alive
15:57:17 [v4][heartbeat] enter=True sorting=False cam=LIVE ai=LIVE cam_fps=57.0 pub_fps=30.4 frames=823360 result_subs=1 roi=ok intrinsic=ok inference_age_ms=189 target=none transport=False sorting_thread=alive
15:57:22 [v4][heartbeat] enter=True sorting=False cam=LIVE ai=LIVE cam_fps=56.5 pub_fps=30.2 frames=823643 result_subs=1 roi=ok intrinsic=ok inference_age_ms=77 target=none transport=False sorting_thread=alive
15:57:27 [v4][heartbeat] enter=True sorting=False cam=LIVE ai=LIVE cam_fps=57.0 pub_fps=30.4 frames=823928 result_subs=1 roi=ok intrinsic=ok inference_age_ms=85 target=none transport=False sorting_thread=alive
15:57:32 [v4][heartbeat] enter=True sorting=False cam=LIVE ai=LIVE cam_fps=55.6 pub_fps=30.2 frames=824206 result_subs=1 roi=ok intrinsic=ok inference_age_ms=66 target=none transport=False sorting_thread=alive
15:57:37 [v4][heartbeat] enter=True sorting=False cam=LIVE ai=LIVE cam_fps=56.4 pub_fps=30.4 frames=824488 result_subs=1 roi=ok intrinsic=ok inference_age_ms=63 target=none transport=False sorting_thread=alive
15:57:42 [v4][heartbeat] enter=True sorting=False cam=LIVE ai=LIVE cam_fps=57.2 pub_fps=30.2 frames=824774 result_subs=1 roi=ok intrinsic=ok inference_age_ms=57 target=none transport=False sorting_thread=alive
15:57:47 [v4][heartbeat] enter=True sorting=False cam=LIVE ai=LIVE cam_fps=54.4 pub_fps=30.4 frames=825046 result_subs=1 roi=ok intrinsic=ok inference_age_ms=108 target=none transport=False sorting_thread=alive
15:57:52 [v4][heartbeat] enter=True sorting=False cam=LIVE ai=LIVE cam_fps=57.2 pub_fps=30.2 frames=825332 result_subs=1 roi=ok intrinsic=ok inference_age_ms=115 target=none transport=False sorting_thread=alive
15:57:57 [v4][heartbeat] enter=True sorting=False cam=LIVE ai=LIVE cam_fps=55.8 pub_fps=30.4 frames=825611 result_subs=1 roi=ok intrinsic=ok inference_age_ms=103 target=none transport=False sorting_thread=alive
15:58:02 [v4][heartbeat] enter=True sorting=False cam=LIVE ai=LIVE cam_fps=55.8 pub_fps=30.2 frames=825890 result_subs=1 roi=ok intrinsic=ok inference_age_ms=51 target=none transport=False sorting_thread=alive
15:58:07 [v4][heartbeat] enter=True sorting=False cam=LIVE ai=LIVE cam_fps=57.8 pub_fps=30.4 frames=826179 result_subs=1 roi=ok intrinsic=ok inference_age_ms=101 target=none transport=False sorting_thread=alive
15:58:12 [v4][heartbeat] enter=True sorting=False cam=LIVE ai=LIVE cam_fps=55.0 pub_fps=30.4 frames=826454 result_subs=1 roi=ok intrinsic=ok inference_age_ms=77 target=none transport=False sorting_thread=alive
15:58:17 [v4][heartbeat] enter=True sorting=False cam=LIVE ai=LIVE cam_fps=57.4 pub_fps=30.2 frames=826741 result_subs=1 roi=ok intrinsic=ok inference_age_ms=117 target=none transport=False sorting_thread=alive
15:58:22 [v4][heartbeat] enter=True sorting=False cam=LIVE ai=LIVE cam_fps=57.9 pub_fps=30.4 frames=827031 result_subs=1 roi=ok intrinsic=ok inference_age_ms=61 target=none transport=False sorting_thread=alive
15:58:27 [v4][heartbeat] enter=True sorting=False cam=LIVE ai=LIVE cam_fps=54.5 pub_fps=30.2 frames=827303 result_subs=1 roi=ok intrinsic=ok inference_age_ms=135 target=none transport=False sorting_thread=alive
15:58:32 [v4][heartbeat] enter=True sorting=False cam=LIVE ai=LIVE cam_fps=56.4 pub_fps=30.4 frames=827585 result_subs=1 roi=ok intrinsic=ok inference_age_ms=117 target=none transport=False sorting_thread=alive
15:58:37 [v4][heartbeat] enter=True sorting=False cam=LIVE ai=LIVE cam_fps=55.0 pub_fps=30.2 frames=827860 result_subs=1 roi=ok intrinsic=ok inference_age_ms=97 target=none transport=False sorting_thread=alive
15:58:42 [v4][heartbeat] enter=True sorting=False cam=LIVE ai=LIVE cam_fps=57.9 pub_fps=30.4 frames=828150 result_subs=1 roi=ok intrinsic=ok inference_age_ms=76 target=none transport=False sorting_thread=alive
15:58:47 [v4][heartbeat] enter=True sorting=False cam=LIVE ai=LIVE cam_fps=57.2 pub_fps=30.2 frames=828436 result_subs=1 roi=ok intrinsic=ok inference_age_ms=140 target=none transport=False sorting_thread=alive
15:58:52 [v4][heartbeat] enter=True sorting=False cam=LIVE ai=LIVE cam_fps=53.8 pub_fps=30.4 frames=828705 result_subs=1 roi=ok intrinsic=ok inference_age_ms=67 target=none transport=False sorting_thread=alive
15:58:57 [v4][heartbeat] enter=True sorting=False cam=LIVE ai=LIVE cam_fps=58.0 pub_fps=30.2 frames=828995 result_subs=1 roi=ok intrinsic=ok inference_age_ms=64 target=none transport=False sorting_thread=alive
15:59:02 [v4][heartbeat] enter=True sorting=False cam=LIVE ai=LIVE cam_fps=55.4 pub_fps=30.4 frames=829272 result_subs=1 roi=ok intrinsic=ok inference_age_ms=102 target=none transport=False sorting_thread=alive
15:59:07 [v4][heartbeat] enter=True sorting=False cam=LIVE ai=LIVE cam_fps=58.4 pub_fps=30.2 frames=829564 result_subs=1 roi=ok intrinsic=ok inference_age_ms=91 target=none transport=False sorting_thread=alive
15:59:12 [v4][heartbeat] enter=True sorting=False cam=LIVE ai=LIVE cam_fps=56.2 pub_fps=30.4 frames=829845 result_subs=1 roi=ok intrinsic=ok inference_age_ms=105 target=none transport=False sorting_thread=alive
15:59:17 [v4][heartbeat] enter=True sorting=False cam=LIVE ai=LIVE cam_fps=53.6 pub_fps=30.2 frames=830113 result_subs=1 roi=ok intrinsic=ok inference_age_ms=43 target=none transport=False sorting_thread=alive
15:59:22 [v4][heartbeat] enter=True sorting=False cam=LIVE ai=LIVE cam_fps=57.6 pub_fps=30.4 frames=830401 result_subs=1 roi=ok intrinsic=ok inference_age_ms=66 target=none transport=False sorting_thread=alive
15:59:27 [v4][heartbeat] enter=True sorting=False cam=LIVE ai=LIVE cam_fps=56.2 pub_fps=30.2 frames=830682 result_subs=1 roi=ok intrinsic=ok inference_age_ms=95 target=none transport=False sorting_thread=alive
15:59:32 [v4][heartbeat] enter=True sorting=False cam=LIVE ai=LIVE cam_fps=56.6 pub_fps=30.4 frames=830965 result_subs=1 roi=ok intrinsic=ok inference_age_ms=117 target=none transport=False sorting_thread=alive
15:59:37 [v4][heartbeat] enter=True sorting=False cam=LIVE ai=LIVE cam_fps=54.8 pub_fps=30.2 frames=831239 result_subs=1 roi=ok intrinsic=ok inference_age_ms=80 target=none transport=False sorting_thread=alive
15:59:42 [v4][heartbeat] enter=True sorting=False cam=LIVE ai=LIVE cam_fps=54.0 pub_fps=30.4 frames=831509 result_subs=1 roi=ok intrinsic=ok inference_age_ms=96 target=none transport=False sorting_thread=alive
15:59:47 [v4][heartbeat] enter=True sorting=False cam=LIVE ai=LIVE cam_fps=57.4 pub_fps=30.2 frames=831796 result_subs=1 roi=ok intrinsic=ok inference_age_ms=80 target=none transport=False sorting_thread=alive
15:59:52 [v4][heartbeat] enter=True sorting=False cam=LIVE ai=LIVE cam_fps=56.0 pub_fps=30.4 frames=832076 result_subs=1 roi=ok intrinsic=ok inference_age_ms=76 target=none transport=False sorting_thread=alive
15:59:57 [v4][heartbeat] enter=True sorting=False cam=LIVE ai=LIVE cam_fps=55.4 pub_fps=30.2 frames=832353 result_subs=1 roi=ok intrinsic=ok inference_age_ms=52 target=none transport=False sorting_thread=alive
16:00:02 [v4][heartbeat] enter=True sorting=False cam=LIVE ai=LIVE cam_fps=57.8 pub_fps=30.4 frames=832642 result_subs=1 roi=ok intrinsic=ok inference_age_ms=91 target=none transport=False sorting_thread=alive
16:00:07 [v4][heartbeat] enter=True sorting=False cam=LIVE ai=LIVE cam_fps=55.8 pub_fps=30.2 frames=832921 result_subs=1 roi=ok intrinsic=ok inference_age_ms=85 target=none transport=False sorting_thread=alive
16:00:12 [v4][heartbeat] enter=True sorting=False cam=LIVE ai=LIVE cam_fps=57.4 pub_fps=30.4 frames=833208 result_subs=1 roi=ok intrinsic=ok inference_age_ms=71 target=none transport=False sorting_thread=alive
16:00:17 [v4][heartbeat] enter=True sorting=False cam=LIVE ai=LIVE cam_fps=55.0 pub_fps=30.2 frames=833483 result_subs=1 roi=ok intrinsic=ok inference_age_ms=127 target=none transport=False sorting_thread=alive
16:00:22 [v4][heartbeat] enter=True sorting=False cam=LIVE ai=LIVE cam_fps=56.6 pub_fps=30.4 frames=833766 result_subs=1 roi=ok intrinsic=ok inference_age_ms=127 target=none transport=False sorting_thread=alive
16:00:27 [v4][heartbeat] enter=True sorting=False cam=LIVE ai=LIVE cam_fps=57.6 pub_fps=30.2 frames=834054 result_subs=1 roi=ok intrinsic=ok inference_age_ms=71 target=none transport=False sorting_thread=alive
16:00:32 [v4][heartbeat] enter=True sorting=False cam=LIVE ai=LIVE cam_fps=54.2 pub_fps=30.4 frames=834325 result_subs=1 roi=ok intrinsic=ok inference_age_ms=74 target=none transport=False sorting_thread=alive
16:00:37 [v4][heartbeat] enter=True sorting=False cam=LIVE ai=LIVE cam_fps=56.2 pub_fps=30.2 frames=834606 result_subs=1 roi=ok intrinsic=ok inference_age_ms=112 target=none transport=False sorting_thread=alive
16:00:42 [v4][heartbeat] enter=True sorting=False cam=LIVE ai=LIVE cam_fps=55.4 pub_fps=30.4 frames=834883 result_subs=1 roi=ok intrinsic=ok inference_age_ms=98 target=none transport=False sorting_thread=alive
16:00:47 [v4][heartbeat] enter=True sorting=False cam=LIVE ai=LIVE cam_fps=53.6 pub_fps=30.2 frames=835151 result_subs=1 roi=ok intrinsic=ok inference_age_ms=79 target=none transport=False sorting_thread=alive
16:00:52 [v4][heartbeat] enter=True sorting=False cam=LIVE ai=LIVE cam_fps=57.6 pub_fps=30.4 frames=835439 result_subs=1 roi=ok intrinsic=ok inference_age_ms=46 target=none transport=False sorting_thread=alive
16:00:57 [v4][heartbeat] enter=True sorting=False cam=LIVE ai=LIVE cam_fps=51.0 pub_fps=30.2 frames=835694 result_subs=1 roi=ok intrinsic=ok inference_age_ms=52 target=none transport=False sorting_thread=alive
16:01:02 [v4][heartbeat] enter=True sorting=False cam=LIVE ai=LIVE cam_fps=56.6 pub_fps=30.4 frames=835977 result_subs=1 roi=ok intrinsic=ok inference_age_ms=59 target=none transport=False sorting_thread=alive
16:01:07 [v4][heartbeat] enter=True sorting=False cam=LIVE ai=LIVE cam_fps=56.6 pub_fps=30.2 frames=836260 result_subs=1 roi=ok intrinsic=ok inference_age_ms=101 target=none transport=False sorting_thread=alive
16:01:12 [v4][heartbeat] enter=True sorting=False cam=LIVE ai=LIVE cam_fps=54.2 pub_fps=30.4 frames=836531 result_subs=1 roi=ok intrinsic=ok inference_age_ms=85 target=none transport=False sorting_thread=alive
16:01:17 [v4][heartbeat] enter=True sorting=False cam=LIVE ai=LIVE cam_fps=57.2 pub_fps=30.4 frames=836817 result_subs=1 roi=ok intrinsic=ok inference_age_ms=54 target=none transport=False sorting_thread=alive
16:01:22 [v4][heartbeat] enter=True sorting=False cam=LIVE ai=LIVE cam_fps=54.8 pub_fps=30.2 frames=837091 result_subs=1 roi=ok intrinsic=ok inference_age_ms=130 target=none transport=False sorting_thread=alive
16:01:27 [v4][heartbeat] enter=True sorting=False cam=LIVE ai=LIVE cam_fps=57.0 pub_fps=30.4 frames=837376 result_subs=1 roi=ok intrinsic=ok inference_age_ms=125 target=none transport=False sorting_thread=alive
16:01:32 [v4][heartbeat] enter=True sorting=False cam=LIVE ai=LIVE cam_fps=56.4 pub_fps=30.2 frames=837658 result_subs=1 roi=ok intrinsic=ok inference_age_ms=97 target=none transport=False sorting_thread=alive
16:01:37 [v4][heartbeat] enter=True sorting=False cam=LIVE ai=LIVE cam_fps=53.8 pub_fps=30.4 frames=837927 result_subs=1 roi=ok intrinsic=ok inference_age_ms=95 target=none transport=False sorting_thread=alive
16:01:42 [v4][heartbeat] enter=True sorting=False cam=LIVE ai=LIVE cam_fps=56.6 pub_fps=30.2 frames=838210 result_subs=1 roi=ok intrinsic=ok inference_age_ms=78 target=none transport=False sorting_thread=alive
16:01:47 [v4][heartbeat] enter=True sorting=False cam=LIVE ai=LIVE cam_fps=55.0 pub_fps=30.3 frames=838486 result_subs=1 roi=ok intrinsic=ok inference_age_ms=86 target=none transport=False sorting_thread=alive
16:01:52 [v4][heartbeat] enter=True sorting=False cam=LIVE ai=LIVE cam_fps=55.6 pub_fps=30.3 frames=838763 result_subs=1 roi=ok intrinsic=ok inference_age_ms=100 target=none transport=False sorting_thread=alive
16:01:57 [v4][heartbeat] enter=True sorting=False cam=LIVE ai=LIVE cam_fps=56.5 pub_fps=30.4 frames=839046 result_subs=1 roi=ok intrinsic=ok inference_age_ms=71 target=none transport=False sorting_thread=alive
16:02:02 [v4][heartbeat] enter=True sorting=False cam=LIVE ai=LIVE cam_fps=54.2 pub_fps=30.2 frames=839317 result_subs=1 roi=ok intrinsic=ok inference_age_ms=144 target=none transport=False sorting_thread=alive
16:02:07 [v4][heartbeat] enter=True sorting=False cam=LIVE ai=LIVE cam_fps=57.4 pub_fps=30.4 frames=839604 result_subs=1 roi=ok intrinsic=ok inference_age_ms=73 target=none transport=False sorting_thread=alive
16:02:12 [v4][heartbeat] enter=True sorting=False cam=LIVE ai=LIVE cam_fps=56.4 pub_fps=30.2 frames=839886 result_subs=1 roi=ok intrinsic=ok inference_age_ms=135 target=none transport=False sorting_thread=alive
16:02:17 [v4][heartbeat] enter=True sorting=False cam=LIVE ai=LIVE cam_fps=55.0 pub_fps=30.4 frames=840161 result_subs=1 roi=ok intrinsic=ok inference_age_ms=73 target=none transport=False sorting_thread=alive
16:02:22 [v4][heartbeat] enter=True sorting=False cam=LIVE ai=LIVE cam_fps=55.8 pub_fps=30.2 frames=840440 result_subs=1 roi=ok intrinsic=ok inference_age_ms=116 target=none transport=False sorting_thread=alive
16:02:27 [v4][heartbeat] enter=True sorting=False cam=LIVE ai=LIVE cam_fps=53.8 pub_fps=30.4 frames=840709 result_subs=1 roi=ok intrinsic=ok inference_age_ms=120 target=none transport=False sorting_thread=alive
16:02:32 [v4][heartbeat] enter=True sorting=False cam=LIVE ai=LIVE cam_fps=57.2 pub_fps=30.2 frames=840995 result_subs=1 roi=ok intrinsic=ok inference_age_ms=84 target=none transport=False sorting_thread=alive
16:02:37 [v4][heartbeat] enter=True sorting=False cam=LIVE ai=LIVE cam_fps=54.8 pub_fps=30.4 frames=841269 result_subs=1 roi=ok intrinsic=ok inference_age_ms=121 target=none transport=False sorting_thread=alive
16:02:42 [v4][heartbeat] enter=True sorting=False cam=LIVE ai=LIVE cam_fps=53.2 pub_fps=30.2 frames=841535 result_subs=1 roi=ok intrinsic=ok inference_age_ms=95 target=none transport=False sorting_thread=alive
16:02:47 [v4][heartbeat] enter=True sorting=False cam=LIVE ai=LIVE cam_fps=58.0 pub_fps=30.4 frames=841825 result_subs=1 roi=ok intrinsic=ok inference_age_ms=113 target=none transport=False sorting_thread=alive
16:02:52 [v4][heartbeat] enter=True sorting=False cam=LIVE ai=LIVE cam_fps=54.6 pub_fps=30.2 frames=842098 result_subs=1 roi=ok intrinsic=ok inference_age_ms=50 target=none transport=False sorting_thread=alive
16:02:57 [v4][heartbeat] enter=True sorting=False cam=LIVE ai=LIVE cam_fps=55.4 pub_fps=30.4 frames=842375 result_subs=1 roi=ok intrinsic=ok inference_age_ms=67 target=none transport=False sorting_thread=alive
16:03:02 [v4][heartbeat] enter=True sorting=False cam=LIVE ai=LIVE cam_fps=57.2 pub_fps=30.2 frames=842661 result_subs=1 roi=ok intrinsic=ok inference_age_ms=119 target=none transport=False sorting_thread=alive
16:03:07 [v4][heartbeat] enter=True sorting=False cam=LIVE ai=LIVE cam_fps=54.6 pub_fps=30.4 frames=842934 result_subs=1 roi=ok intrinsic=ok inference_age_ms=99 target=none transport=False sorting_thread=alive
16:03:12 [v4][heartbeat] enter=True sorting=False cam=LIVE ai=LIVE cam_fps=56.6 pub_fps=30.2 frames=843217 result_subs=1 roi=ok intrinsic=ok inference_age_ms=74 target=none transport=False sorting_thread=alive
16:03:17 [v4][heartbeat] enter=True sorting=False cam=LIVE ai=LIVE cam_fps=52.0 pub_fps=30.4 frames=843477 result_subs=1 roi=ok intrinsic=ok inference_age_ms=86 target=none transport=False sorting_thread=alive
16:03:22 [v4][heartbeat] enter=True sorting=False cam=LIVE ai=LIVE cam_fps=55.0 pub_fps=30.2 frames=843752 result_subs=1 roi=ok intrinsic=ok inference_age_ms=97 target=none transport=False sorting_thread=alive
16:03:27 [v4][heartbeat] enter=True sorting=False cam=LIVE ai=LIVE cam_fps=55.6 pub_fps=30.4 frames=844030 result_subs=1 roi=ok intrinsic=ok inference_age_ms=87 target=none transport=False sorting_thread=alive
16:03:32 [v4][heartbeat] enter=True sorting=False cam=LIVE ai=LIVE cam_fps=54.8 pub_fps=30.2 frames=844304 result_subs=1 roi=ok intrinsic=ok inference_age_ms=95 target=none transport=False sorting_thread=alive
16:03:37 [v4][heartbeat] enter=True sorting=False cam=LIVE ai=LIVE cam_fps=56.6 pub_fps=30.4 frames=844587 result_subs=1 roi=ok intrinsic=ok inference_age_ms=132 target=none transport=False sorting_thread=alive
16:03:42 [v4][heartbeat] enter=True sorting=False cam=LIVE ai=LIVE cam_fps=53.6 pub_fps=30.2 frames=844855 result_subs=1 roi=ok intrinsic=ok inference_age_ms=44 target=none transport=False sorting_thread=alive
16:03:47 [v4][heartbeat] enter=True sorting=False cam=LIVE ai=LIVE cam_fps=54.2 pub_fps=30.4 frames=845126 result_subs=1 roi=ok intrinsic=ok inference_age_ms=91 target=none transport=False sorting_thread=alive
16:03:52 [v4][heartbeat] enter=True sorting=False cam=LIVE ai=LIVE cam_fps=55.6 pub_fps=30.4 frames=845404 result_subs=1 roi=ok intrinsic=ok inference_age_ms=72 target=none transport=False sorting_thread=alive
16:03:57 [v4][heartbeat] enter=True sorting=False cam=LIVE ai=LIVE cam_fps=52.2 pub_fps=30.2 frames=845665 result_subs=1 roi=ok intrinsic=ok inference_age_ms=66 target=none transport=False sorting_thread=alive
16:04:02 [v4][heartbeat] enter=True sorting=False cam=LIVE ai=LIVE cam_fps=57.4 pub_fps=30.4 frames=845952 result_subs=1 roi=ok intrinsic=ok inference_age_ms=86 target=none transport=False sorting_thread=alive
16:04:07 [v4][heartbeat] enter=True sorting=False cam=LIVE ai=LIVE cam_fps=53.8 pub_fps=30.2 frames=846221 result_subs=1 roi=ok intrinsic=ok inference_age_ms=69 target=none transport=False sorting_thread=alive
16:04:12 [v4][heartbeat] enter=True sorting=False cam=LIVE ai=LIVE cam_fps=56.6 pub_fps=30.4 frames=846504 result_subs=1 roi=ok intrinsic=ok inference_age_ms=48 target=none transport=False sorting_thread=alive
16:04:17 [v4][heartbeat] enter=True sorting=False cam=LIVE ai=LIVE cam_fps=55.6 pub_fps=30.2 frames=846782 result_subs=1 roi=ok intrinsic=ok inference_age_ms=106 target=none transport=False sorting_thread=alive
16:04:22 [v4][heartbeat] enter=True sorting=False cam=LIVE ai=LIVE cam_fps=54.6 pub_fps=30.4 frames=847055 result_subs=1 roi=ok intrinsic=ok inference_age_ms=86 target=none transport=False sorting_thread=alive
16:04:27 [v4][heartbeat] enter=True sorting=False cam=LIVE ai=LIVE cam_fps=55.5 pub_fps=30.2 frames=847332 result_subs=1 roi=ok intrinsic=ok inference_age_ms=114 target=none transport=False sorting_thread=alive
16:04:32 [v4][heartbeat] enter=True sorting=False cam=LIVE ai=LIVE cam_fps=56.2 pub_fps=30.4 frames=847613 result_subs=1 roi=ok intrinsic=ok inference_age_ms=89 target=none transport=False sorting_thread=alive
16:04:37 [v4][heartbeat] enter=True sorting=False cam=LIVE ai=LIVE cam_fps=56.2 pub_fps=30.2 frames=847894 result_subs=1 roi=ok intrinsic=ok inference_age_ms=69 target=none transport=False sorting_thread=alive
16:04:42 [v4][heartbeat] enter=True sorting=False cam=LIVE ai=LIVE cam_fps=56.2 pub_fps=30.4 frames=848175 result_subs=1 roi=ok intrinsic=ok inference_age_ms=51 target=none transport=False sorting_thread=alive
16:04:47 [v4][heartbeat] enter=True sorting=False cam=LIVE ai=LIVE cam_fps=52.2 pub_fps=30.2 frames=848436 result_subs=1 roi=ok intrinsic=ok inference_age_ms=57 target=none transport=False sorting_thread=alive
16:04:52 [v4][heartbeat] enter=True sorting=False cam=LIVE ai=LIVE cam_fps=57.0 pub_fps=30.4 frames=848721 result_subs=1 roi=ok intrinsic=ok inference_age_ms=121 target=none transport=False sorting_thread=alive
16:04:57 [v4][heartbeat] enter=True sorting=False cam=LIVE ai=LIVE cam_fps=56.2 pub_fps=30.2 frames=849002 result_subs=1 roi=ok intrinsic=ok inference_age_ms=114 target=none transport=False sorting_thread=alive
16:05:02 [v4][heartbeat] enter=True sorting=False cam=LIVE ai=LIVE cam_fps=55.9 pub_fps=30.3 frames=849282 result_subs=1 roi=ok intrinsic=ok inference_age_ms=95 target=none transport=False sorting_thread=alive
16:05:07 [v4][heartbeat] enter=True sorting=False cam=LIVE ai=LIVE cam_fps=57.1 pub_fps=30.2 frames=849567 result_subs=1 roi=ok intrinsic=ok inference_age_ms=83 target=none transport=False sorting_thread=alive
16:05:12 [v4][heartbeat] enter=True sorting=False cam=LIVE ai=LIVE cam_fps=54.7 pub_fps=30.4 frames=849840 result_subs=1 roi=ok intrinsic=ok inference_age_ms=103 target=none transport=False sorting_thread=alive
16:05:17 [v4][heartbeat] enter=True sorting=False cam=LIVE ai=LIVE cam_fps=54.8 pub_fps=30.2 frames=850114 result_subs=1 roi=ok intrinsic=ok inference_age_ms=82 target=none transport=False sorting_thread=alive
16:05:22 [v4][heartbeat] enter=True sorting=False cam=LIVE ai=LIVE cam_fps=56.4 pub_fps=30.4 frames=850396 result_subs=1 roi=ok intrinsic=ok inference_age_ms=83 target=none transport=False sorting_thread=alive
16:05:27 [v4][heartbeat] enter=True sorting=False cam=LIVE ai=LIVE cam_fps=54.0 pub_fps=30.2 frames=850666 result_subs=1 roi=ok intrinsic=ok inference_age_ms=46 target=none transport=False sorting_thread=alive
16:05:32 [v4][heartbeat] enter=True sorting=False cam=LIVE ai=LIVE cam_fps=56.2 pub_fps=30.4 frames=850947 result_subs=1 roi=ok intrinsic=ok inference_age_ms=61 target=none transport=False sorting_thread=alive
16:05:37 [v4][heartbeat] enter=True sorting=False cam=LIVE ai=LIVE cam_fps=54.8 pub_fps=30.2 frames=851221 result_subs=1 roi=ok intrinsic=ok inference_age_ms=76 target=none transport=False sorting_thread=alive
16:05:42 [v4][heartbeat] enter=True sorting=False cam=LIVE ai=LIVE cam_fps=55.0 pub_fps=30.4 frames=851496 result_subs=1 roi=ok intrinsic=ok inference_age_ms=85 target=none transport=False sorting_thread=alive
16:05:47 [v4][heartbeat] enter=True sorting=False cam=LIVE ai=LIVE cam_fps=57.4 pub_fps=30.2 frames=851783 result_subs=1 roi=ok intrinsic=ok inference_age_ms=57 target=none transport=False sorting_thread=alive
16:05:52 [v4][heartbeat] enter=True sorting=False cam=LIVE ai=LIVE cam_fps=53.2 pub_fps=30.4 frames=852049 result_subs=1 roi=ok intrinsic=ok inference_age_ms=75 target=none transport=False sorting_thread=alive
16:05:57 [v4][heartbeat] enter=True sorting=False cam=LIVE ai=LIVE cam_fps=57.2 pub_fps=30.2 frames=852335 result_subs=1 roi=ok intrinsic=ok inference_age_ms=84 target=none transport=False sorting_thread=alive
16:06:02 [v4][heartbeat] enter=True sorting=False cam=LIVE ai=LIVE cam_fps=55.0 pub_fps=30.4 frames=852610 result_subs=1 roi=ok intrinsic=ok inference_age_ms=82 target=none transport=False sorting_thread=alive
16:06:07 [v4][heartbeat] enter=True sorting=False cam=LIVE ai=LIVE cam_fps=56.0 pub_fps=30.2 frames=852890 result_subs=1 roi=ok intrinsic=ok inference_age_ms=88 target=none transport=False sorting_thread=alive
16:06:12 [v4][heartbeat] enter=True sorting=False cam=LIVE ai=LIVE cam_fps=57.8 pub_fps=30.4 frames=853179 result_subs=1 roi=ok intrinsic=ok inference_age_ms=130 target=none transport=False sorting_thread=alive
16:06:17 [v4][heartbeat] enter=True sorting=False cam=LIVE ai=LIVE cam_fps=56.0 pub_fps=30.2 frames=853459 result_subs=1 roi=ok intrinsic=ok inference_age_ms=48 target=none transport=False sorting_thread=alive
16:06:22 [v4][heartbeat] enter=True sorting=False cam=LIVE ai=LIVE cam_fps=56.8 pub_fps=30.4 frames=853743 result_subs=1 roi=ok intrinsic=ok inference_age_ms=100 target=none transport=False sorting_thread=alive
16:06:27 [v4][heartbeat] enter=True sorting=False cam=LIVE ai=LIVE cam_fps=56.4 pub_fps=30.2 frames=854025 result_subs=1 roi=ok intrinsic=ok inference_age_ms=123 target=none transport=False sorting_thread=alive
16:06:32 [v4][heartbeat] enter=True sorting=False cam=LIVE ai=LIVE cam_fps=56.6 pub_fps=30.4 frames=854308 result_subs=1 roi=ok intrinsic=ok inference_age_ms=76 target=none transport=False sorting_thread=alive
16:06:37 [v4][heartbeat] enter=True sorting=False cam=LIVE ai=LIVE cam_fps=55.0 pub_fps=30.2 frames=854583 result_subs=1 roi=ok intrinsic=ok inference_age_ms=66 target=none transport=False sorting_thread=alive
16:06:42 [v4][heartbeat] enter=True sorting=False cam=LIVE ai=LIVE cam_fps=54.8 pub_fps=30.4 frames=854857 result_subs=1 roi=ok intrinsic=ok inference_age_ms=88 target=none transport=False sorting_thread=alive
16:06:47 [v4][heartbeat] enter=True sorting=False cam=LIVE ai=LIVE cam_fps=55.8 pub_fps=30.4 frames=855136 result_subs=1 roi=ok intrinsic=ok inference_age_ms=92 target=none transport=False sorting_thread=alive
16:06:52 [v4][heartbeat] enter=True sorting=False cam=LIVE ai=LIVE cam_fps=54.8 pub_fps=30.2 frames=855410 result_subs=1 roi=ok intrinsic=ok inference_age_ms=131 target=none transport=False sorting_thread=alive
16:06:57 [v4][heartbeat] enter=True sorting=False cam=LIVE ai=LIVE cam_fps=54.8 pub_fps=30.4 frames=855684 result_subs=1 roi=ok intrinsic=ok inference_age_ms=108 target=none transport=False sorting_thread=alive
16:07:02 [v4][heartbeat] enter=True sorting=False cam=LIVE ai=LIVE cam_fps=55.0 pub_fps=30.2 frames=855959 result_subs=1 roi=ok intrinsic=ok inference_age_ms=94 target=none transport=False sorting_thread=alive
16:07:07 [v4][heartbeat] enter=True sorting=False cam=LIVE ai=LIVE cam_fps=54.2 pub_fps=30.4 frames=856230 result_subs=1 roi=ok intrinsic=ok inference_age_ms=93 target=none transport=False sorting_thread=alive
16:07:12 [v4][heartbeat] enter=True sorting=False cam=LIVE ai=LIVE cam_fps=56.5 pub_fps=30.2 frames=856512 result_subs=1 roi=ok intrinsic=ok inference_age_ms=62 target=none transport=False sorting_thread=alive
16:07:17 [v4][heartbeat] enter=True sorting=False cam=LIVE ai=LIVE cam_fps=54.4 pub_fps=30.4 frames=856784 result_subs=1 roi=ok intrinsic=ok inference_age_ms=57 target=none transport=False sorting_thread=alive
16:07:22 [v4][heartbeat] enter=True sorting=False cam=LIVE ai=LIVE cam_fps=55.8 pub_fps=30.2 frames=857063 result_subs=1 roi=ok intrinsic=ok inference_age_ms=97 target=none transport=False sorting_thread=alive
16:07:27 [v4][heartbeat] enter=True sorting=False cam=LIVE ai=LIVE cam_fps=56.8 pub_fps=30.4 frames=857347 result_subs=1 roi=ok intrinsic=ok inference_age_ms=120 target=none transport=False sorting_thread=alive
16:07:32 [v4][heartbeat] enter=True sorting=False cam=LIVE ai=LIVE cam_fps=54.0 pub_fps=30.2 frames=857617 result_subs=1 roi=ok intrinsic=ok inference_age_ms=85 target=none transport=False sorting_thread=alive
16:07:37 [v4][heartbeat] enter=True sorting=False cam=LIVE ai=LIVE cam_fps=55.8 pub_fps=30.4 frames=857896 result_subs=1 roi=ok intrinsic=ok inference_age_ms=100 target=none transport=False sorting_thread=alive
16:07:42 [v4][heartbeat] enter=True sorting=False cam=LIVE ai=LIVE cam_fps=54.8 pub_fps=30.2 frames=858170 result_subs=1 roi=ok intrinsic=ok inference_age_ms=46 target=none transport=False sorting_thread=alive
16:07:47 [v4][heartbeat] enter=True sorting=False cam=LIVE ai=LIVE cam_fps=54.2 pub_fps=30.4 frames=858441 result_subs=1 roi=ok intrinsic=ok inference_age_ms=72 target=none transport=False sorting_thread=alive
16:07:52 [v4][heartbeat] enter=True sorting=False cam=LIVE ai=LIVE cam_fps=54.6 pub_fps=30.2 frames=858714 result_subs=1 roi=ok intrinsic=ok inference_age_ms=102 target=none transport=False sorting_thread=alive
16:07:57 [v4][heartbeat] enter=True sorting=False cam=LIVE ai=LIVE cam_fps=56.0 pub_fps=30.4 frames=858994 result_subs=1 roi=ok intrinsic=ok inference_age_ms=54 target=none transport=False sorting_thread=alive
16:08:02 [v4][heartbeat] enter=True sorting=False cam=LIVE ai=LIVE cam_fps=55.6 pub_fps=30.2 frames=859272 result_subs=1 roi=ok intrinsic=ok inference_age_ms=105 target=none transport=False sorting_thread=alive
16:08:07 [v4][heartbeat] enter=True sorting=False cam=LIVE ai=LIVE cam_fps=57.8 pub_fps=30.4 frames=859561 result_subs=1 roi=ok intrinsic=ok inference_age_ms=92 target=none transport=False sorting_thread=alive
16:08:12 [v4][heartbeat] enter=True sorting=False cam=LIVE ai=LIVE cam_fps=55.0 pub_fps=30.2 frames=859836 result_subs=1 roi=ok intrinsic=ok inference_age_ms=58 target=none transport=False sorting_thread=alive
16:08:17 [v4][heartbeat] enter=True sorting=False cam=LIVE ai=LIVE cam_fps=55.6 pub_fps=30.4 frames=860114 result_subs=1 roi=ok intrinsic=ok inference_age_ms=72 target=none transport=False sorting_thread=alive
16:08:22 [v4][heartbeat] enter=True sorting=False cam=LIVE ai=LIVE cam_fps=55.0 pub_fps=30.2 frames=860389 result_subs=1 roi=ok intrinsic=ok inference_age_ms=95 target=none transport=False sorting_thread=alive
16:08:27 [v4][heartbeat] enter=True sorting=False cam=LIVE ai=LIVE cam_fps=55.0 pub_fps=30.4 frames=860664 result_subs=1 roi=ok intrinsic=ok inference_age_ms=70 target=none transport=False sorting_thread=alive
16:08:32 [v4][heartbeat] enter=True sorting=False cam=LIVE ai=LIVE cam_fps=56.1 pub_fps=30.2 frames=860945 result_subs=1 roi=ok intrinsic=ok inference_age_ms=90 target=none transport=False sorting_thread=alive
16:08:37 [v4][heartbeat] enter=True sorting=False cam=LIVE ai=LIVE cam_fps=54.7 pub_fps=30.4 frames=861218 result_subs=1 roi=ok intrinsic=ok inference_age_ms=67 target=none transport=False sorting_thread=alive
16:08:42 [v4][heartbeat] enter=True sorting=False cam=LIVE ai=LIVE cam_fps=55.2 pub_fps=30.2 frames=861494 result_subs=1 roi=ok intrinsic=ok inference_age_ms=58 target=none transport=False sorting_thread=alive
16:08:47 [v4][heartbeat] enter=True sorting=False cam=LIVE ai=LIVE cam_fps=55.4 pub_fps=30.4 frames=861771 result_subs=1 roi=ok intrinsic=ok inference_age_ms=77 target=none transport=False sorting_thread=alive
16:08:52 [v4][heartbeat] enter=True sorting=False cam=LIVE ai=LIVE cam_fps=55.8 pub_fps=30.2 frames=862050 result_subs=1 roi=ok intrinsic=ok inference_age_ms=91 target=none transport=False sorting_thread=alive
16:08:57 [v4][heartbeat] enter=True sorting=False cam=LIVE ai=LIVE cam_fps=57.4 pub_fps=30.4 frames=862337 result_subs=1 roi=ok intrinsic=ok inference_age_ms=78 target=none transport=False sorting_thread=alive
16:09:02 [v4][heartbeat] enter=True sorting=False cam=LIVE ai=LIVE cam_fps=54.0 pub_fps=30.2 frames=862607 result_subs=1 roi=ok intrinsic=ok inference_age_ms=55 target=none transport=False sorting_thread=alive
16:09:07 [v4][heartbeat] enter=True sorting=False cam=LIVE ai=LIVE cam_fps=56.4 pub_fps=30.4 frames=862889 result_subs=1 roi=ok intrinsic=ok inference_age_ms=128 target=none transport=False sorting_thread=alive
16:09:12 [v4][heartbeat] enter=True sorting=False cam=LIVE ai=LIVE cam_fps=55.4 pub_fps=30.2 frames=863166 result_subs=1 roi=ok intrinsic=ok inference_age_ms=67 target=none transport=False sorting_thread=alive
16:09:17 [v4][heartbeat] enter=True sorting=False cam=LIVE ai=LIVE cam_fps=52.6 pub_fps=30.4 frames=863429 result_subs=1 roi=ok intrinsic=ok inference_age_ms=81 target=none transport=False sorting_thread=alive
16:09:22 [v4][heartbeat] enter=True sorting=False cam=LIVE ai=LIVE cam_fps=55.4 pub_fps=30.2 frames=863706 result_subs=1 roi=ok intrinsic=ok inference_age_ms=90 target=none transport=False sorting_thread=alive
16:09:27 [v4][heartbeat] enter=True sorting=False cam=LIVE ai=LIVE cam_fps=53.4 pub_fps=30.4 frames=863973 result_subs=1 roi=ok intrinsic=ok inference_age_ms=142 target=none transport=False sorting_thread=alive
16:09:32 [v4][heartbeat] enter=True sorting=False cam=LIVE ai=LIVE cam_fps=56.8 pub_fps=30.4 frames=864257 result_subs=1 roi=ok intrinsic=ok inference_age_ms=97 target=none transport=False sorting_thread=alive
16:09:37 [v4][heartbeat] enter=True sorting=False cam=LIVE ai=LIVE cam_fps=57.0 pub_fps=30.2 frames=864542 result_subs=1 roi=ok intrinsic=ok inference_age_ms=71 target=none transport=False sorting_thread=alive
16:09:42 [v4][heartbeat] enter=True sorting=False cam=LIVE ai=LIVE cam_fps=55.1 pub_fps=30.3 frames=864818 result_subs=1 roi=ok intrinsic=ok inference_age_ms=85 target=none transport=False sorting_thread=alive
16:09:47 [v4][heartbeat] enter=True sorting=False cam=LIVE ai=LIVE cam_fps=57.7 pub_fps=30.3 frames=865106 result_subs=1 roi=ok intrinsic=ok inference_age_ms=79 target=none transport=False sorting_thread=alive
16:09:52 [v4][heartbeat] enter=True sorting=False cam=LIVE ai=LIVE cam_fps=53.4 pub_fps=30.4 frames=865373 result_subs=1 roi=ok intrinsic=ok inference_age_ms=99 target=none transport=False sorting_thread=alive
16:09:57 [v4][heartbeat] enter=True sorting=False cam=LIVE ai=LIVE cam_fps=55.2 pub_fps=30.2 frames=865649 result_subs=1 roi=ok intrinsic=ok inference_age_ms=96 target=none transport=False sorting_thread=alive
16:10:02 [v4][heartbeat] enter=True sorting=False cam=LIVE ai=LIVE cam_fps=56.6 pub_fps=30.4 frames=865932 result_subs=1 roi=ok intrinsic=ok inference_age_ms=78 target=none transport=False sorting_thread=alive
16:10:07 [v4][heartbeat] enter=True sorting=False cam=LIVE ai=LIVE cam_fps=53.8 pub_fps=30.2 frames=866201 result_subs=1 roi=ok intrinsic=ok inference_age_ms=108 target=none transport=False sorting_thread=alive
16:10:12 [v4][heartbeat] enter=True sorting=False cam=LIVE ai=LIVE cam_fps=55.0 pub_fps=30.4 frames=866476 result_subs=1 roi=ok intrinsic=ok inference_age_ms=112 target=none transport=False sorting_thread=alive
16:10:17 [v4][heartbeat] enter=True sorting=False cam=LIVE ai=LIVE cam_fps=55.6 pub_fps=30.2 frames=866754 result_subs=1 roi=ok intrinsic=ok inference_age_ms=95 target=none transport=False sorting_thread=alive
16:10:22 [v4][heartbeat] enter=True sorting=False cam=LIVE ai=LIVE cam_fps=55.4 pub_fps=30.4 frames=867031 result_subs=1 roi=ok intrinsic=ok inference_age_ms=92 target=none transport=False sorting_thread=alive
16:10:27 [v4][heartbeat] enter=True sorting=False cam=LIVE ai=LIVE cam_fps=55.0 pub_fps=30.2 frames=867306 result_subs=1 roi=ok intrinsic=ok inference_age_ms=81 target=none transport=False sorting_thread=alive
16:10:32 [v4][heartbeat] enter=True sorting=False cam=LIVE ai=LIVE cam_fps=54.0 pub_fps=30.4 frames=867576 result_subs=1 roi=ok intrinsic=ok inference_age_ms=99 target=none transport=False sorting_thread=alive
16:10:37 [v4][heartbeat] enter=True sorting=False cam=LIVE ai=LIVE cam_fps=54.8 pub_fps=30.2 frames=867850 result_subs=1 roi=ok intrinsic=ok inference_age_ms=99 target=none transport=False sorting_thread=alive
16:10:42 [v4][heartbeat] enter=True sorting=False cam=LIVE ai=LIVE cam_fps=55.8 pub_fps=30.4 frames=868129 result_subs=1 roi=ok intrinsic=ok inference_age_ms=152 target=none transport=False sorting_thread=alive
16:10:47 [v4][heartbeat] enter=True sorting=False cam=LIVE ai=LIVE cam_fps=53.8 pub_fps=30.2 frames=868398 result_subs=1 roi=ok intrinsic=ok inference_age_ms=112 target=none transport=False sorting_thread=alive
16:10:52 [v4][heartbeat] enter=True sorting=False cam=LIVE ai=LIVE cam_fps=56.8 pub_fps=30.4 frames=868682 result_subs=1 roi=ok intrinsic=ok inference_age_ms=120 target=none transport=False sorting_thread=alive
16:10:57 [v4][heartbeat] enter=True sorting=False cam=LIVE ai=LIVE cam_fps=54.0 pub_fps=30.2 frames=868952 result_subs=1 roi=ok intrinsic=ok inference_age_ms=103 target=none transport=False sorting_thread=alive
16:11:02 [v4][heartbeat] enter=True sorting=False cam=LIVE ai=LIVE cam_fps=55.3 pub_fps=30.4 frames=869229 result_subs=1 roi=ok intrinsic=ok inference_age_ms=118 target=none transport=False sorting_thread=alive
16:11:07 [v4][heartbeat] enter=True sorting=False cam=LIVE ai=LIVE cam_fps=53.6 pub_fps=30.2 frames=869497 result_subs=1 roi=ok intrinsic=ok inference_age_ms=75 target=none transport=False sorting_thread=alive
16:11:12 [v4][heartbeat] enter=True sorting=False cam=LIVE ai=LIVE cam_fps=54.6 pub_fps=30.4 frames=869770 result_subs=1 roi=ok intrinsic=ok inference_age_ms=50 target=none transport=False sorting_thread=alive
16:11:17 [v4][heartbeat] enter=True sorting=False cam=LIVE ai=LIVE cam_fps=58.2 pub_fps=30.2 frames=870061 result_subs=1 roi=ok intrinsic=ok inference_age_ms=111 target=none transport=False sorting_thread=alive
16:11:22 [v4][heartbeat] enter=True sorting=False cam=LIVE ai=LIVE cam_fps=54.4 pub_fps=30.4 frames=870333 result_subs=1 roi=ok intrinsic=ok inference_age_ms=127 target=none transport=False sorting_thread=alive
16:11:27 [v4][heartbeat] enter=True sorting=False cam=LIVE ai=LIVE cam_fps=57.1 pub_fps=30.2 frames=870619 result_subs=1 roi=ok intrinsic=ok inference_age_ms=124 target=none transport=False sorting_thread=alive
16:11:32 [v4][heartbeat] enter=True sorting=False cam=LIVE ai=LIVE cam_fps=55.0 pub_fps=30.4 frames=870894 result_subs=1 roi=ok intrinsic=ok inference_age_ms=93 target=none transport=False sorting_thread=alive
16:11:37 [v4][heartbeat] enter=True sorting=False cam=LIVE ai=LIVE cam_fps=54.4 pub_fps=30.2 frames=871166 result_subs=1 roi=ok intrinsic=ok inference_age_ms=134 target=none transport=False sorting_thread=alive
16:11:42 [v4][heartbeat] enter=True sorting=False cam=LIVE ai=LIVE cam_fps=56.2 pub_fps=30.4 frames=871447 result_subs=1 roi=ok intrinsic=ok inference_age_ms=122 target=none transport=False sorting_thread=alive
16:11:47 [v4][heartbeat] enter=True sorting=False cam=LIVE ai=LIVE cam_fps=54.7 pub_fps=30.2 frames=871721 result_subs=1 roi=ok intrinsic=ok inference_age_ms=86 target=none transport=False sorting_thread=alive
16:11:52 [v4][heartbeat] enter=True sorting=False cam=LIVE ai=LIVE cam_fps=55.9 pub_fps=30.4 frames=872000 result_subs=1 roi=ok intrinsic=ok inference_age_ms=60 target=none transport=False sorting_thread=alive
16:11:57 [v4][heartbeat] enter=True sorting=False cam=LIVE ai=LIVE cam_fps=55.8 pub_fps=30.4 frames=872279 result_subs=1 roi=ok intrinsic=ok inference_age_ms=96 target=none transport=False sorting_thread=alive
16:12:02 [v4][heartbeat] enter=True sorting=False cam=LIVE ai=LIVE cam_fps=55.0 pub_fps=30.2 frames=872554 result_subs=1 roi=ok intrinsic=ok inference_age_ms=115 target=none transport=False sorting_thread=alive
16:12:07 [v4][heartbeat] enter=True sorting=False cam=LIVE ai=LIVE cam_fps=57.0 pub_fps=30.2 frames=872839 result_subs=1 roi=ok intrinsic=ok inference_age_ms=75 target=none transport=False sorting_thread=alive
16:12:12 [v4][heartbeat] enter=True sorting=False cam=LIVE ai=LIVE cam_fps=54.4 pub_fps=30.4 frames=873111 result_subs=1 roi=ok intrinsic=ok inference_age_ms=74 target=none transport=False sorting_thread=alive
16:12:17 [v4][heartbeat] enter=True sorting=False cam=LIVE ai=LIVE cam_fps=53.5 pub_fps=30.4 frames=873379 result_subs=1 roi=ok intrinsic=ok inference_age_ms=132 target=none transport=False sorting_thread=alive
16:12:22 [v4][heartbeat] enter=True sorting=False cam=LIVE ai=LIVE cam_fps=56.8 pub_fps=30.2 frames=873663 result_subs=1 roi=ok intrinsic=ok inference_age_ms=100 target=none transport=False sorting_thread=alive
16:12:27 [v4][heartbeat] enter=True sorting=False cam=LIVE ai=LIVE cam_fps=54.3 pub_fps=30.4 frames=873935 result_subs=1 roi=ok intrinsic=ok inference_age_ms=128 target=none transport=False sorting_thread=alive
16:12:32 [v4][heartbeat] enter=True sorting=False cam=LIVE ai=LIVE cam_fps=56.9 pub_fps=30.2 frames=874219 result_subs=1 roi=ok intrinsic=ok inference_age_ms=99 target=none transport=False sorting_thread=alive
16:12:37 [v4][heartbeat] enter=True sorting=False cam=LIVE ai=LIVE cam_fps=55.0 pub_fps=30.4 frames=874494 result_subs=1 roi=ok intrinsic=ok inference_age_ms=76 target=none transport=False sorting_thread=alive
16:12:42 [v4][heartbeat] enter=True sorting=False cam=LIVE ai=LIVE cam_fps=54.8 pub_fps=30.2 frames=874768 result_subs=1 roi=ok intrinsic=ok inference_age_ms=40 target=none transport=False sorting_thread=alive
16:12:47 [v4][heartbeat] enter=True sorting=False cam=LIVE ai=LIVE cam_fps=57.6 pub_fps=30.4 frames=875056 result_subs=1 roi=ok intrinsic=ok inference_age_ms=83 target=none transport=False sorting_thread=alive
16:12:52 [v4][heartbeat] enter=True sorting=False cam=LIVE ai=LIVE cam_fps=55.0 pub_fps=30.2 frames=875331 result_subs=1 roi=ok intrinsic=ok inference_age_ms=77 target=none transport=False sorting_thread=alive
16:12:57 [v4][heartbeat] enter=True sorting=False cam=LIVE ai=LIVE cam_fps=56.8 pub_fps=30.4 frames=875615 result_subs=1 roi=ok intrinsic=ok inference_age_ms=108 target=none transport=False sorting_thread=alive
16:13:02 [v4][heartbeat] enter=True sorting=False cam=LIVE ai=LIVE cam_fps=54.8 pub_fps=30.2 frames=875889 result_subs=1 roi=ok intrinsic=ok inference_age_ms=73 target=none transport=False sorting_thread=alive
16:13:07 [v4][heartbeat] enter=True sorting=False cam=LIVE ai=LIVE cam_fps=53.0 pub_fps=30.4 frames=876154 result_subs=1 roi=ok intrinsic=ok inference_age_ms=107 target=none transport=False sorting_thread=alive
16:13:12 [v4][heartbeat] enter=True sorting=False cam=LIVE ai=LIVE cam_fps=58.4 pub_fps=30.2 frames=876446 result_subs=1 roi=ok intrinsic=ok inference_age_ms=61 target=none transport=False sorting_thread=alive
16:13:17 [v4][heartbeat] enter=True sorting=False cam=LIVE ai=LIVE cam_fps=54.4 pub_fps=30.4 frames=876718 result_subs=1 roi=ok intrinsic=ok inference_age_ms=103 target=none transport=False sorting_thread=alive
16:13:22 [v4][heartbeat] enter=True sorting=False cam=LIVE ai=LIVE cam_fps=55.6 pub_fps=30.2 frames=876996 result_subs=1 roi=ok intrinsic=ok inference_age_ms=76 target=none transport=False sorting_thread=alive
16:13:27 [v4][heartbeat] enter=True sorting=False cam=LIVE ai=LIVE cam_fps=56.0 pub_fps=30.4 frames=877276 result_subs=1 roi=ok intrinsic=ok inference_age_ms=69 target=none transport=False sorting_thread=alive
16:13:32 [v4][heartbeat] enter=True sorting=False cam=LIVE ai=LIVE cam_fps=53.4 pub_fps=30.2 frames=877543 result_subs=1 roi=ok intrinsic=ok inference_age_ms=147 target=none transport=False sorting_thread=alive
16:13:37 [v4][heartbeat] enter=True sorting=False cam=LIVE ai=LIVE cam_fps=56.8 pub_fps=30.4 frames=877827 result_subs=1 roi=ok intrinsic=ok inference_age_ms=102 target=none transport=False sorting_thread=alive
16:13:42 [v4][heartbeat] enter=True sorting=False cam=LIVE ai=LIVE cam_fps=52.8 pub_fps=30.2 frames=878091 result_subs=1 roi=ok intrinsic=ok inference_age_ms=77 target=none transport=False sorting_thread=alive
16:13:47 [v4][heartbeat] enter=True sorting=False cam=LIVE ai=LIVE cam_fps=55.8 pub_fps=30.4 frames=878370 result_subs=1 roi=ok intrinsic=ok inference_age_ms=84 target=none transport=False sorting_thread=alive
16:13:52 [v4][heartbeat] enter=True sorting=False cam=LIVE ai=LIVE cam_fps=56.6 pub_fps=30.2 frames=878653 result_subs=1 roi=ok intrinsic=ok inference_age_ms=61 target=none transport=False sorting_thread=alive
16:13:57 [v4][heartbeat] enter=True sorting=False cam=LIVE ai=LIVE cam_fps=55.6 pub_fps=30.4 frames=878931 result_subs=1 roi=ok intrinsic=ok inference_age_ms=70 target=none transport=False sorting_thread=alive
16:14:02 [v4][heartbeat] enter=True sorting=False cam=LIVE ai=LIVE cam_fps=56.6 pub_fps=30.2 frames=879214 result_subs=1 roi=ok intrinsic=ok inference_age_ms=84 target=none transport=False sorting_thread=alive
16:14:07 [v4][heartbeat] enter=True sorting=False cam=LIVE ai=LIVE cam_fps=55.3 pub_fps=30.4 frames=879490 result_subs=1 roi=ok intrinsic=ok inference_age_ms=60 target=none transport=False sorting_thread=alive
16:14:12 [v4][heartbeat] enter=True sorting=False cam=LIVE ai=LIVE cam_fps=53.8 pub_fps=30.2 frames=879759 result_subs=1 roi=ok intrinsic=ok inference_age_ms=101 target=none transport=False sorting_thread=alive
16:14:17 [v4][heartbeat] enter=True sorting=False cam=LIVE ai=LIVE cam_fps=55.4 pub_fps=30.4 frames=880036 result_subs=1 roi=ok intrinsic=ok inference_age_ms=94 target=none transport=False sorting_thread=alive
16:14:22 [v4][heartbeat] enter=True sorting=False cam=LIVE ai=LIVE cam_fps=53.8 pub_fps=30.2 frames=880305 result_subs=1 roi=ok intrinsic=ok inference_age_ms=80 target=none transport=False sorting_thread=alive
16:14:27 [v4][heartbeat] enter=True sorting=False cam=LIVE ai=LIVE cam_fps=54.6 pub_fps=30.4 frames=880578 result_subs=1 roi=ok intrinsic=ok inference_age_ms=112 target=none transport=False sorting_thread=alive
16:14:32 [v4][heartbeat] enter=True sorting=False cam=LIVE ai=LIVE cam_fps=52.6 pub_fps=30.2 frames=880841 result_subs=1 roi=ok intrinsic=ok inference_age_ms=134 target=none transport=False sorting_thread=alive
16:14:37 [v4][heartbeat] enter=True sorting=False cam=LIVE ai=LIVE cam_fps=55.0 pub_fps=30.4 frames=881116 result_subs=1 roi=ok intrinsic=ok inference_age_ms=116 target=none transport=False sorting_thread=alive
16:14:42 [v4][heartbeat] enter=True sorting=False cam=LIVE ai=LIVE cam_fps=56.2 pub_fps=30.4 frames=881397 result_subs=1 roi=ok intrinsic=ok inference_age_ms=66 target=none transport=False sorting_thread=alive
16:14:47 [v4][heartbeat] enter=True sorting=False cam=LIVE ai=LIVE cam_fps=55.0 pub_fps=30.2 frames=881672 result_subs=1 roi=ok intrinsic=ok inference_age_ms=118 target=none transport=False sorting_thread=alive
16:14:52 [v4][heartbeat] enter=True sorting=False cam=LIVE ai=LIVE cam_fps=56.2 pub_fps=30.2 frames=881953 result_subs=1 roi=ok intrinsic=ok inference_age_ms=67 target=none transport=False sorting_thread=alive
16:14:57 [v4][heartbeat] enter=True sorting=False cam=LIVE ai=LIVE cam_fps=54.0 pub_fps=30.4 frames=882223 result_subs=1 roi=ok intrinsic=ok inference_age_ms=122 target=none transport=False sorting_thread=alive
16:15:02 [v4][heartbeat] enter=True sorting=False cam=LIVE ai=LIVE cam_fps=54.7 pub_fps=30.4 frames=882497 result_subs=1 roi=ok intrinsic=ok inference_age_ms=103 target=none transport=False sorting_thread=alive
16:15:07 [v4][heartbeat] enter=True sorting=False cam=LIVE ai=LIVE cam_fps=56.0 pub_fps=30.2 frames=882777 result_subs=1 roi=ok intrinsic=ok inference_age_ms=123 target=none transport=False sorting_thread=alive
16:15:12 [v4][heartbeat] enter=True sorting=False cam=LIVE ai=LIVE cam_fps=53.6 pub_fps=30.4 frames=883045 result_subs=1 roi=ok intrinsic=ok inference_age_ms=71 target=none transport=False sorting_thread=alive
16:15:17 [v4][heartbeat] enter=True sorting=False cam=LIVE ai=LIVE cam_fps=54.6 pub_fps=30.2 frames=883318 result_subs=1 roi=ok intrinsic=ok inference_age_ms=103 target=none transport=False sorting_thread=alive
16:15:22 [v4][heartbeat] enter=True sorting=False cam=LIVE ai=LIVE cam_fps=57.0 pub_fps=30.4 frames=883603 result_subs=1 roi=ok intrinsic=ok inference_age_ms=123 target=none transport=False sorting_thread=alive
16:15:27 [v4][heartbeat] enter=True sorting=False cam=LIVE ai=LIVE cam_fps=52.8 pub_fps=30.2 frames=883867 result_subs=1 roi=ok intrinsic=ok inference_age_ms=60 target=none transport=False sorting_thread=alive
16:15:32 [v4][heartbeat] enter=True sorting=False cam=LIVE ai=LIVE cam_fps=57.5 pub_fps=30.4 frames=884155 result_subs=1 roi=ok intrinsic=ok inference_age_ms=128 target=none transport=False sorting_thread=alive
16:15:37 [v4][heartbeat] enter=True sorting=False cam=LIVE ai=LIVE cam_fps=54.8 pub_fps=30.2 frames=884429 result_subs=1 roi=ok intrinsic=ok inference_age_ms=110 target=none transport=False sorting_thread=alive
16:15:42 [v4][heartbeat] enter=True sorting=False cam=LIVE ai=LIVE cam_fps=56.4 pub_fps=30.4 frames=884711 result_subs=1 roi=ok intrinsic=ok inference_age_ms=66 target=none transport=False sorting_thread=alive
16:15:47 [v4][heartbeat] enter=True sorting=False cam=LIVE ai=LIVE cam_fps=55.2 pub_fps=30.2 frames=884987 result_subs=1 roi=ok intrinsic=ok inference_age_ms=114 target=none transport=False sorting_thread=alive
16:15:52 [v4][heartbeat] enter=True sorting=False cam=LIVE ai=LIVE cam_fps=54.1 pub_fps=30.4 frames=885258 result_subs=1 roi=ok intrinsic=ok inference_age_ms=72 target=none transport=False sorting_thread=alive
16:15:57 [v4][heartbeat] enter=True sorting=False cam=LIVE ai=LIVE cam_fps=56.9 pub_fps=30.3 frames=885542 result_subs=1 roi=ok intrinsic=ok inference_age_ms=106 target=none transport=False sorting_thread=alive
16:16:02 [v4][heartbeat] enter=True sorting=False cam=LIVE ai=LIVE cam_fps=52.6 pub_fps=30.4 frames=885805 result_subs=1 roi=ok intrinsic=ok inference_age_ms=119 target=none transport=False sorting_thread=alive
16:16:07 [v4][heartbeat] enter=True sorting=False cam=LIVE ai=LIVE cam_fps=55.2 pub_fps=30.2 frames=886081 result_subs=1 roi=ok intrinsic=ok inference_age_ms=79 target=none transport=False sorting_thread=alive
16:16:12 [v4][heartbeat] enter=True sorting=False cam=LIVE ai=LIVE cam_fps=56.4 pub_fps=30.4 frames=886363 result_subs=1 roi=ok intrinsic=ok inference_age_ms=99 target=none transport=False sorting_thread=alive
16:16:17 [v4][heartbeat] enter=True sorting=False cam=LIVE ai=LIVE cam_fps=55.2 pub_fps=30.2 frames=886639 result_subs=1 roi=ok intrinsic=ok inference_age_ms=62 target=none transport=False sorting_thread=alive
16:16:22 [v4][heartbeat] enter=True sorting=False cam=LIVE ai=LIVE cam_fps=56.2 pub_fps=30.4 frames=886920 result_subs=1 roi=ok intrinsic=ok inference_age_ms=58 target=none transport=False sorting_thread=alive
16:16:27 [v4][heartbeat] enter=True sorting=False cam=LIVE ai=LIVE cam_fps=54.6 pub_fps=30.2 frames=887193 result_subs=1 roi=ok intrinsic=ok inference_age_ms=105 target=none transport=False sorting_thread=alive
16:16:32 [v4][heartbeat] enter=True sorting=False cam=LIVE ai=LIVE cam_fps=53.2 pub_fps=30.4 frames=887459 result_subs=1 roi=ok intrinsic=ok inference_age_ms=104 target=none transport=False sorting_thread=alive
16:16:37 [v4][heartbeat] enter=True sorting=False cam=LIVE ai=LIVE cam_fps=55.8 pub_fps=30.2 frames=887738 result_subs=1 roi=ok intrinsic=ok inference_age_ms=87 target=none transport=False sorting_thread=alive
16:16:42 [v4][heartbeat] enter=True sorting=False cam=LIVE ai=LIVE cam_fps=53.4 pub_fps=30.4 frames=888005 result_subs=1 roi=ok intrinsic=ok inference_age_ms=79 target=none transport=False sorting_thread=alive
16:16:47 [v4][heartbeat] enter=True sorting=False cam=LIVE ai=LIVE cam_fps=57.1 pub_fps=30.2 frames=888290 result_subs=1 roi=ok intrinsic=ok inference_age_ms=87 target=none transport=False sorting_thread=alive
16:16:52 [v4][heartbeat] enter=True sorting=False cam=LIVE ai=LIVE cam_fps=55.0 pub_fps=30.4 frames=888565 result_subs=1 roi=ok intrinsic=ok inference_age_ms=127 target=none transport=False sorting_thread=alive
16:16:57 [v4][heartbeat] enter=True sorting=False cam=LIVE ai=LIVE cam_fps=54.0 pub_fps=30.2 frames=888835 result_subs=1 roi=ok intrinsic=ok inference_age_ms=103 target=none transport=False sorting_thread=alive
16:17:02 [v4][heartbeat] enter=True sorting=False cam=LIVE ai=LIVE cam_fps=56.2 pub_fps=30.4 frames=889116 result_subs=1 roi=ok intrinsic=ok inference_age_ms=120 target=none transport=False sorting_thread=alive
16:17:07 [v4][heartbeat] enter=True sorting=False cam=LIVE ai=LIVE cam_fps=54.0 pub_fps=30.2 frames=889386 result_subs=1 roi=ok intrinsic=ok inference_age_ms=108 target=none transport=False sorting_thread=alive
16:17:12 [v4][heartbeat] enter=True sorting=False cam=LIVE ai=LIVE cam_fps=57.2 pub_fps=30.4 frames=889672 result_subs=1 roi=ok intrinsic=ok inference_age_ms=75 target=none transport=False sorting_thread=alive
16:17:17 [v4][heartbeat] enter=True sorting=False cam=LIVE ai=LIVE cam_fps=55.4 pub_fps=30.2 frames=889949 result_subs=1 roi=ok intrinsic=ok inference_age_ms=83 target=none transport=False sorting_thread=alive
16:17:22 [v4][heartbeat] enter=True sorting=False cam=LIVE ai=LIVE cam_fps=55.2 pub_fps=30.4 frames=890225 result_subs=1 roi=ok intrinsic=ok inference_age_ms=95 target=none transport=False sorting_thread=alive
16:17:27 [v4][heartbeat] enter=True sorting=False cam=LIVE ai=LIVE cam_fps=55.6 pub_fps=30.4 frames=890503 result_subs=1 roi=ok intrinsic=ok inference_age_ms=56 target=none transport=False sorting_thread=alive
16:17:32 [v4][heartbeat] enter=True sorting=False cam=LIVE ai=LIVE cam_fps=52.0 pub_fps=30.2 frames=890763 result_subs=1 roi=ok intrinsic=ok inference_age_ms=119 target=none transport=False sorting_thread=alive
16:17:37 [v4][heartbeat] enter=True sorting=False cam=LIVE ai=LIVE cam_fps=56.6 pub_fps=30.4 frames=891046 result_subs=1 roi=ok intrinsic=ok inference_age_ms=109 target=none transport=False sorting_thread=alive
16:17:42 [v4][heartbeat] enter=True sorting=False cam=LIVE ai=LIVE cam_fps=53.6 pub_fps=30.2 frames=891314 result_subs=1 roi=ok intrinsic=ok inference_age_ms=61 target=none transport=False sorting_thread=alive
16:17:47 [v4][heartbeat] enter=True sorting=False cam=LIVE ai=LIVE cam_fps=54.6 pub_fps=30.2 frames=891587 result_subs=1 roi=ok intrinsic=ok inference_age_ms=107 target=none transport=False sorting_thread=alive
16:17:52 [v4][heartbeat] enter=True sorting=False cam=LIVE ai=LIVE cam_fps=57.8 pub_fps=30.4 frames=891876 result_subs=1 roi=ok intrinsic=ok inference_age_ms=94 target=none transport=False sorting_thread=alive
16:17:57 [v4][heartbeat] enter=True sorting=False cam=LIVE ai=LIVE cam_fps=55.4 pub_fps=30.4 frames=892153 result_subs=1 roi=ok intrinsic=ok inference_age_ms=109 target=none transport=False sorting_thread=alive
16:18:02 [v4][heartbeat] enter=True sorting=False cam=LIVE ai=LIVE cam_fps=53.6 pub_fps=30.2 frames=892421 result_subs=1 roi=ok intrinsic=ok inference_age_ms=89 target=none transport=False sorting_thread=alive
16:18:07 [v4][heartbeat] enter=True sorting=False cam=LIVE ai=LIVE cam_fps=53.4 pub_fps=30.4 frames=892688 result_subs=1 roi=ok intrinsic=ok inference_age_ms=93 target=none transport=False sorting_thread=alive
16:18:12 [v4][heartbeat] enter=True sorting=False cam=LIVE ai=LIVE cam_fps=52.8 pub_fps=30.2 frames=892952 result_subs=1 roi=ok intrinsic=ok inference_age_ms=140 target=none transport=False sorting_thread=alive
16:18:17 [v4][heartbeat] enter=True sorting=False cam=LIVE ai=LIVE cam_fps=57.6 pub_fps=30.4 frames=893240 result_subs=1 roi=ok intrinsic=ok inference_age_ms=91 target=none transport=False sorting_thread=alive
16:18:22 [v4][heartbeat] enter=True sorting=False cam=LIVE ai=LIVE cam_fps=54.4 pub_fps=30.2 frames=893512 result_subs=1 roi=ok intrinsic=ok inference_age_ms=85 target=none transport=False sorting_thread=alive
16:18:27 [v4][heartbeat] enter=True sorting=False cam=LIVE ai=LIVE cam_fps=56.0 pub_fps=30.4 frames=893792 result_subs=1 roi=ok intrinsic=ok inference_age_ms=84 target=none transport=False sorting_thread=alive
16:18:32 [v4][heartbeat] enter=True sorting=False cam=LIVE ai=LIVE cam_fps=57.4 pub_fps=30.2 frames=894079 result_subs=1 roi=ok intrinsic=ok inference_age_ms=123 target=none transport=False sorting_thread=alive
16:18:37 [v4][heartbeat] enter=True sorting=False cam=LIVE ai=LIVE cam_fps=54.5 pub_fps=30.3 frames=894352 result_subs=1 roi=ok intrinsic=ok inference_age_ms=85 target=none transport=False sorting_thread=alive
16:18:42 [v4][heartbeat] enter=True sorting=False cam=LIVE ai=LIVE cam_fps=56.1 pub_fps=30.3 frames=894632 result_subs=1 roi=ok intrinsic=ok inference_age_ms=97 target=none transport=False sorting_thread=alive
16:18:47 [v4][heartbeat] enter=True sorting=False cam=LIVE ai=LIVE cam_fps=57.0 pub_fps=30.4 frames=894917 result_subs=1 roi=ok intrinsic=ok inference_age_ms=67 target=none transport=False sorting_thread=alive
16:18:52 [v4][heartbeat] enter=True sorting=False cam=LIVE ai=LIVE cam_fps=56.4 pub_fps=30.2 frames=895199 result_subs=1 roi=ok intrinsic=ok inference_age_ms=71 target=none transport=False sorting_thread=alive
16:18:57 [v4][heartbeat] enter=True sorting=False cam=LIVE ai=LIVE cam_fps=56.8 pub_fps=30.4 frames=895483 result_subs=1 roi=ok intrinsic=ok inference_age_ms=67 target=none transport=False sorting_thread=alive
16:19:02 [v4][heartbeat] enter=True sorting=False cam=LIVE ai=LIVE cam_fps=54.6 pub_fps=30.2 frames=895756 result_subs=1 roi=ok intrinsic=ok inference_age_ms=81 target=none transport=False sorting_thread=alive
16:19:07 [v4][heartbeat] enter=True sorting=False cam=LIVE ai=LIVE cam_fps=57.6 pub_fps=30.4 frames=896044 result_subs=1 roi=ok intrinsic=ok inference_age_ms=89 target=none transport=False sorting_thread=alive
16:19:12 [v4][heartbeat] enter=True sorting=False cam=LIVE ai=LIVE cam_fps=55.6 pub_fps=30.2 frames=896322 result_subs=1 roi=ok intrinsic=ok inference_age_ms=49 target=none transport=False sorting_thread=alive
16:19:17 [v4][heartbeat] enter=True sorting=False cam=LIVE ai=LIVE cam_fps=52.0 pub_fps=30.4 frames=896582 result_subs=1 roi=ok intrinsic=ok inference_age_ms=98 target=none transport=False sorting_thread=alive
16:19:22 [v4][heartbeat] enter=True sorting=False cam=LIVE ai=LIVE cam_fps=57.2 pub_fps=30.2 frames=896868 result_subs=1 roi=ok intrinsic=ok inference_age_ms=102 target=none transport=False sorting_thread=alive
16:19:27 [v4][heartbeat] enter=True sorting=False cam=LIVE ai=LIVE cam_fps=54.8 pub_fps=30.4 frames=897142 result_subs=1 roi=ok intrinsic=ok inference_age_ms=86 target=none transport=False sorting_thread=alive
16:19:32 [v4][heartbeat] enter=True sorting=False cam=LIVE ai=LIVE cam_fps=55.8 pub_fps=30.2 frames=897421 result_subs=1 roi=ok intrinsic=ok inference_age_ms=112 target=none transport=False sorting_thread=alive
16:19:37 [v4][heartbeat] enter=True sorting=False cam=LIVE ai=LIVE cam_fps=56.6 pub_fps=30.4 frames=897704 result_subs=1 roi=ok intrinsic=ok inference_age_ms=102 target=none transport=False sorting_thread=alive
16:19:42 [v4][heartbeat] enter=True sorting=False cam=LIVE ai=LIVE cam_fps=52.2 pub_fps=30.2 frames=897965 result_subs=1 roi=ok intrinsic=ok inference_age_ms=110 target=none transport=False sorting_thread=alive
16:19:47 [v4][heartbeat] enter=True sorting=False cam=LIVE ai=LIVE cam_fps=57.0 pub_fps=30.4 frames=898250 result_subs=1 roi=ok intrinsic=ok inference_age_ms=96 target=none transport=False sorting_thread=alive
16:19:52 [v4][heartbeat] enter=True sorting=False cam=LIVE ai=LIVE cam_fps=53.8 pub_fps=30.2 frames=898519 result_subs=1 roi=ok intrinsic=ok inference_age_ms=89 target=none transport=False sorting_thread=alive
16:19:57 [v4][heartbeat] enter=True sorting=False cam=LIVE ai=LIVE cam_fps=56.7 pub_fps=30.4 frames=898803 result_subs=1 roi=ok intrinsic=ok inference_age_ms=144 target=none transport=False sorting_thread=alive
16:20:02 [v4][heartbeat] enter=True sorting=False cam=LIVE ai=LIVE cam_fps=56.1 pub_fps=30.2 frames=899083 result_subs=1 roi=ok intrinsic=ok inference_age_ms=70 target=none transport=False sorting_thread=alive
16:20:07 [v4][heartbeat] enter=True sorting=False cam=LIVE ai=LIVE cam_fps=54.6 pub_fps=30.4 frames=899356 result_subs=1 roi=ok intrinsic=ok inference_age_ms=77 target=none transport=False sorting_thread=alive
16:20:12 [v4][heartbeat] enter=True sorting=False cam=LIVE ai=LIVE cam_fps=55.2 pub_fps=30.4 frames=899632 result_subs=1 roi=ok intrinsic=ok inference_age_ms=109 target=none transport=False sorting_thread=alive
16:20:17 [v4][heartbeat] enter=True sorting=False cam=LIVE ai=LIVE cam_fps=55.8 pub_fps=30.2 frames=899911 result_subs=1 roi=ok intrinsic=ok inference_age_ms=99 target=none transport=False sorting_thread=alive
16:20:22 [v4][heartbeat] enter=True sorting=False cam=LIVE ai=LIVE cam_fps=55.1 pub_fps=30.4 frames=900187 result_subs=1 roi=ok intrinsic=ok inference_age_ms=92 target=none transport=False sorting_thread=alive
16:20:27 [v4][heartbeat] enter=True sorting=False cam=LIVE ai=LIVE cam_fps=55.5 pub_fps=30.3 frames=900464 result_subs=1 roi=ok intrinsic=ok inference_age_ms=93 target=none transport=False sorting_thread=alive
16:20:32 [v4][heartbeat] enter=True sorting=False cam=LIVE ai=LIVE cam_fps=52.0 pub_fps=30.2 frames=900724 result_subs=1 roi=ok intrinsic=ok inference_age_ms=90 target=none transport=False sorting_thread=alive
16:20:37 [v4][heartbeat] enter=True sorting=False cam=LIVE ai=LIVE cam_fps=56.0 pub_fps=30.4 frames=901004 result_subs=1 roi=ok intrinsic=ok inference_age_ms=91 target=none transport=False sorting_thread=alive
16:20:42 [v4][heartbeat] enter=True sorting=False cam=LIVE ai=LIVE cam_fps=56.4 pub_fps=30.4 frames=901286 result_subs=1 roi=ok intrinsic=ok inference_age_ms=46 target=none transport=False sorting_thread=alive
16:20:47 [v4][heartbeat] enter=True sorting=False cam=LIVE ai=LIVE cam_fps=54.2 pub_fps=30.2 frames=901557 result_subs=1 roi=ok intrinsic=ok inference_age_ms=81 target=none transport=False sorting_thread=alive
16:20:52 [v4][heartbeat] enter=True sorting=False cam=LIVE ai=LIVE cam_fps=57.6 pub_fps=30.4 frames=901845 result_subs=1 roi=ok intrinsic=ok inference_age_ms=65 target=none transport=False sorting_thread=alive
16:20:57 [v4][heartbeat] enter=True sorting=False cam=LIVE ai=LIVE cam_fps=54.6 pub_fps=30.2 frames=902118 result_subs=1 roi=ok intrinsic=ok inference_age_ms=86 target=none transport=False sorting_thread=alive
16:21:02 [v4][heartbeat] enter=True sorting=False cam=LIVE ai=LIVE cam_fps=56.8 pub_fps=30.4 frames=902402 result_subs=1 roi=ok intrinsic=ok inference_age_ms=103 target=none transport=False sorting_thread=alive
16:21:07 [v4][heartbeat] enter=True sorting=False cam=LIVE ai=LIVE cam_fps=57.0 pub_fps=30.2 frames=902687 result_subs=1 roi=ok intrinsic=ok inference_age_ms=94 target=none transport=False sorting_thread=alive
16:21:12 [v4][heartbeat] enter=True sorting=False cam=LIVE ai=LIVE cam_fps=55.4 pub_fps=30.4 frames=902964 result_subs=1 roi=ok intrinsic=ok inference_age_ms=95 target=none transport=False sorting_thread=alive
16:21:17 [v4][heartbeat] enter=True sorting=False cam=LIVE ai=LIVE cam_fps=56.6 pub_fps=30.2 frames=903247 result_subs=1 roi=ok intrinsic=ok inference_age_ms=59 target=none transport=False sorting_thread=alive
16:21:22 [v4][heartbeat] enter=True sorting=False cam=LIVE ai=LIVE cam_fps=53.2 pub_fps=30.4 frames=903513 result_subs=1 roi=ok intrinsic=ok inference_age_ms=100 target=none transport=False sorting_thread=alive
16:21:27 [v4][heartbeat] enter=True sorting=False cam=LIVE ai=LIVE cam_fps=55.6 pub_fps=30.2 frames=903791 result_subs=1 roi=ok intrinsic=ok inference_age_ms=112 target=none transport=False sorting_thread=alive
16:21:32 [v4][heartbeat] enter=True sorting=False cam=LIVE ai=LIVE cam_fps=57.9 pub_fps=30.4 frames=904081 result_subs=1 roi=ok intrinsic=ok inference_age_ms=111 target=none transport=False sorting_thread=alive
16:21:37 [v4][heartbeat] enter=True sorting=False cam=LIVE ai=LIVE cam_fps=54.1 pub_fps=30.2 frames=904351 result_subs=1 roi=ok intrinsic=ok inference_age_ms=74 target=none transport=False sorting_thread=alive
16:21:42 [v4][heartbeat] enter=True sorting=False cam=LIVE ai=LIVE cam_fps=56.6 pub_fps=30.4 frames=904634 result_subs=1 roi=ok intrinsic=ok inference_age_ms=71 target=none transport=False sorting_thread=alive
16:21:47 [v4][heartbeat] enter=True sorting=False cam=LIVE ai=LIVE cam_fps=54.0 pub_fps=30.2 frames=904904 result_subs=1 roi=ok intrinsic=ok inference_age_ms=90 target=none transport=False sorting_thread=alive
16:21:52 [v4][heartbeat] enter=True sorting=False cam=LIVE ai=LIVE cam_fps=55.0 pub_fps=30.4 frames=905179 result_subs=1 roi=ok intrinsic=ok inference_age_ms=97 target=none transport=False sorting_thread=alive
16:21:57 [v4][heartbeat] enter=True sorting=False cam=LIVE ai=LIVE cam_fps=57.0 pub_fps=30.2 frames=905464 result_subs=1 roi=ok intrinsic=ok inference_age_ms=53 target=none transport=False sorting_thread=alive
16:22:02 [v4][heartbeat] enter=True sorting=False cam=LIVE ai=LIVE cam_fps=53.2 pub_fps=30.4 frames=905730 result_subs=1 roi=ok intrinsic=ok inference_age_ms=103 target=none transport=False sorting_thread=alive
16:22:07 [v4][heartbeat] enter=True sorting=False cam=LIVE ai=LIVE cam_fps=55.8 pub_fps=30.2 frames=906009 result_subs=1 roi=ok intrinsic=ok inference_age_ms=100 target=none transport=False sorting_thread=alive
16:22:12 [v4][heartbeat] enter=True sorting=False cam=LIVE ai=LIVE cam_fps=55.2 pub_fps=30.4 frames=906285 result_subs=1 roi=ok intrinsic=ok inference_age_ms=118 target=none transport=False sorting_thread=alive
16:22:17 [v4][heartbeat] enter=True sorting=False cam=LIVE ai=LIVE cam_fps=55.6 pub_fps=30.2 frames=906563 result_subs=1 roi=ok intrinsic=ok inference_age_ms=86 target=none transport=False sorting_thread=alive
16:22:22 [v4][heartbeat] enter=True sorting=False cam=LIVE ai=LIVE cam_fps=56.0 pub_fps=30.4 frames=906843 result_subs=1 roi=ok intrinsic=ok inference_age_ms=71 target=none transport=False sorting_thread=alive
16:22:27 [v4][heartbeat] enter=True sorting=False cam=LIVE ai=LIVE cam_fps=54.6 pub_fps=30.2 frames=907116 result_subs=1 roi=ok intrinsic=ok inference_age_ms=114 target=none transport=False sorting_thread=alive
16:22:32 [v4][heartbeat] enter=True sorting=False cam=LIVE ai=LIVE cam_fps=57.4 pub_fps=30.4 frames=907403 result_subs=1 roi=ok intrinsic=ok inference_age_ms=72 target=none transport=False sorting_thread=alive
16:22:37 [v4][heartbeat] enter=True sorting=False cam=LIVE ai=LIVE cam_fps=55.4 pub_fps=30.2 frames=907680 result_subs=1 roi=ok intrinsic=ok inference_age_ms=96 target=none transport=False sorting_thread=alive
16:22:42 [v4][heartbeat] enter=True sorting=False cam=LIVE ai=LIVE cam_fps=54.6 pub_fps=30.4 frames=907953 result_subs=1 roi=ok intrinsic=ok inference_age_ms=72 target=none transport=False sorting_thread=alive
16:22:47 [v4][heartbeat] enter=True sorting=False cam=LIVE ai=LIVE cam_fps=56.0 pub_fps=30.2 frames=908233 result_subs=1 roi=ok intrinsic=ok inference_age_ms=103 target=none transport=False sorting_thread=alive
16:22:52 [v4][heartbeat] enter=True sorting=False cam=LIVE ai=LIVE cam_fps=54.2 pub_fps=30.4 frames=908504 result_subs=1 roi=ok intrinsic=ok inference_age_ms=85 target=none transport=False sorting_thread=alive
16:22:57 [v4][heartbeat] enter=True sorting=False cam=LIVE ai=LIVE cam_fps=55.8 pub_fps=30.4 frames=908783 result_subs=1 roi=ok intrinsic=ok inference_age_ms=84 target=none transport=False sorting_thread=alive
16:23:02 [v4][heartbeat] enter=True sorting=False cam=LIVE ai=LIVE cam_fps=55.9 pub_fps=30.2 frames=909062 result_subs=1 roi=ok intrinsic=ok inference_age_ms=103 target=none transport=False sorting_thread=alive
16:23:07 [v4][heartbeat] enter=True sorting=False cam=LIVE ai=LIVE cam_fps=55.2 pub_fps=30.4 frames=909338 result_subs=1 roi=ok intrinsic=ok inference_age_ms=105 target=none transport=False sorting_thread=alive
16:23:12 [v4][heartbeat] enter=True sorting=False cam=LIVE ai=LIVE cam_fps=56.6 pub_fps=30.2 frames=909621 result_subs=1 roi=ok intrinsic=ok inference_age_ms=85 target=none transport=False sorting_thread=alive
16:23:17 [v4][heartbeat] enter=True sorting=False cam=LIVE ai=LIVE cam_fps=52.4 pub_fps=30.2 frames=909883 result_subs=1 roi=ok intrinsic=ok inference_age_ms=120 target=none transport=False sorting_thread=alive
16:23:22 [v4][heartbeat] enter=True sorting=False cam=LIVE ai=LIVE cam_fps=55.6 pub_fps=30.4 frames=910161 result_subs=1 roi=ok intrinsic=ok inference_age_ms=57 target=none transport=False sorting_thread=alive
16:23:27 [v4][heartbeat] enter=True sorting=False cam=LIVE ai=LIVE cam_fps=56.3 pub_fps=30.4 frames=910443 result_subs=1 roi=ok intrinsic=ok inference_age_ms=66 target=none transport=False sorting_thread=alive
16:23:32 [v4][heartbeat] enter=True sorting=False cam=LIVE ai=LIVE cam_fps=54.1 pub_fps=30.2 frames=910713 result_subs=1 roi=ok intrinsic=ok inference_age_ms=117 target=none transport=False sorting_thread=alive
16:23:37 [v4][heartbeat] enter=True sorting=False cam=LIVE ai=LIVE cam_fps=56.0 pub_fps=30.4 frames=910993 result_subs=1 roi=ok intrinsic=ok inference_age_ms=81 target=none transport=False sorting_thread=alive
16:23:42 [v4][heartbeat] enter=True sorting=False cam=LIVE ai=LIVE cam_fps=53.5 pub_fps=30.2 frames=911260 result_subs=1 roi=ok intrinsic=ok inference_age_ms=89 target=none transport=False sorting_thread=alive
16:23:47 [v4][heartbeat] enter=True sorting=False cam=LIVE ai=LIVE cam_fps=56.4 pub_fps=30.4 frames=911542 result_subs=1 roi=ok intrinsic=ok inference_age_ms=126 target=none transport=False sorting_thread=alive
16:23:52 [v4][heartbeat] enter=True sorting=False cam=LIVE ai=LIVE cam_fps=56.2 pub_fps=30.2 frames=911823 result_subs=1 roi=ok intrinsic=ok inference_age_ms=55 target=none transport=False sorting_thread=alive
16:23:57 [v4][heartbeat] enter=True sorting=False cam=LIVE ai=LIVE cam_fps=55.2 pub_fps=30.4 frames=912099 result_subs=1 roi=ok intrinsic=ok inference_age_ms=89 target=none transport=False sorting_thread=alive
16:24:02 [v4][heartbeat] enter=True sorting=False cam=LIVE ai=LIVE cam_fps=56.4 pub_fps=30.2 frames=912381 result_subs=1 roi=ok intrinsic=ok inference_age_ms=59 target=none transport=False sorting_thread=alive
16:24:07 [v4][heartbeat] enter=True sorting=False cam=LIVE ai=LIVE cam_fps=51.9 pub_fps=30.4 frames=912641 result_subs=1 roi=ok intrinsic=ok inference_age_ms=63 target=none transport=False sorting_thread=alive
16:24:12 [v4][heartbeat] enter=True sorting=False cam=LIVE ai=LIVE cam_fps=54.9 pub_fps=30.2 frames=912915 result_subs=1 roi=ok intrinsic=ok inference_age_ms=91 target=none transport=False sorting_thread=alive
16:24:17 [v4][heartbeat] enter=True sorting=False cam=LIVE ai=LIVE cam_fps=55.6 pub_fps=30.4 frames=913193 result_subs=1 roi=ok intrinsic=ok inference_age_ms=112 target=none transport=False sorting_thread=alive
16:24:22 [v4][heartbeat] enter=True sorting=False cam=LIVE ai=LIVE cam_fps=54.0 pub_fps=30.2 frames=913463 result_subs=1 roi=ok intrinsic=ok inference_age_ms=65 target=none transport=False sorting_thread=alive
16:24:27 [v4][heartbeat] enter=True sorting=False cam=LIVE ai=LIVE cam_fps=57.6 pub_fps=30.4 frames=913751 result_subs=1 roi=ok intrinsic=ok inference_age_ms=76 target=none transport=False sorting_thread=alive
16:24:32 [v4][heartbeat] enter=True sorting=False cam=LIVE ai=LIVE cam_fps=52.4 pub_fps=30.2 frames=914013 result_subs=1 roi=ok intrinsic=ok inference_age_ms=65 target=none transport=False sorting_thread=alive
16:24:37 [v4][heartbeat] enter=True sorting=False cam=LIVE ai=LIVE cam_fps=54.6 pub_fps=30.4 frames=914286 result_subs=1 roi=ok intrinsic=ok inference_age_ms=103 target=none transport=False sorting_thread=alive
16:24:42 [v4][heartbeat] enter=True sorting=False cam=LIVE ai=LIVE cam_fps=55.8 pub_fps=30.2 frames=914565 result_subs=1 roi=ok intrinsic=ok inference_age_ms=66 target=none transport=False sorting_thread=alive
16:24:47 [v4][heartbeat] enter=True sorting=False cam=LIVE ai=LIVE cam_fps=54.0 pub_fps=30.4 frames=914835 result_subs=1 roi=ok intrinsic=ok inference_age_ms=143 target=none transport=False sorting_thread=alive
16:24:52 [v4][heartbeat] enter=True sorting=False cam=LIVE ai=LIVE cam_fps=56.0 pub_fps=30.2 frames=915115 result_subs=1 roi=ok intrinsic=ok inference_age_ms=47 target=none transport=False sorting_thread=alive
16:24:57 [v4][heartbeat] enter=True sorting=False cam=LIVE ai=LIVE cam_fps=54.0 pub_fps=30.4 frames=915385 result_subs=1 roi=ok intrinsic=ok inference_age_ms=87 target=none transport=False sorting_thread=alive
16:25:02 [v4][heartbeat] enter=True sorting=False cam=LIVE ai=LIVE cam_fps=54.6 pub_fps=30.2 frames=915658 result_subs=1 roi=ok intrinsic=ok inference_age_ms=94 target=none transport=False sorting_thread=alive
16:25:07 [v4][heartbeat] enter=True sorting=False cam=LIVE ai=LIVE cam_fps=57.4 pub_fps=30.4 frames=915945 result_subs=1 roi=ok intrinsic=ok inference_age_ms=100 target=none transport=False sorting_thread=alive
16:25:12 [v4][heartbeat] enter=True sorting=False cam=LIVE ai=LIVE cam_fps=54.4 pub_fps=30.2 frames=916217 result_subs=1 roi=ok intrinsic=ok inference_age_ms=57 target=none transport=False sorting_thread=alive
16:25:17 [v4][heartbeat] enter=True sorting=False cam=LIVE ai=LIVE cam_fps=56.4 pub_fps=30.4 frames=916499 result_subs=1 roi=ok intrinsic=ok inference_age_ms=117 target=none transport=False sorting_thread=alive
16:25:22 [v4][heartbeat] enter=True sorting=False cam=LIVE ai=LIVE cam_fps=55.0 pub_fps=30.2 frames=916774 result_subs=1 roi=ok intrinsic=ok inference_age_ms=63 target=none transport=False sorting_thread=alive
16:25:27 [v4][heartbeat] enter=True sorting=False cam=LIVE ai=LIVE cam_fps=53.3 pub_fps=30.3 frames=917041 result_subs=1 roi=ok intrinsic=ok inference_age_ms=79 target=none transport=False sorting_thread=alive
16:25:32 [v4][heartbeat] enter=True sorting=False cam=LIVE ai=LIVE cam_fps=55.3 pub_fps=30.2 frames=917317 result_subs=1 roi=ok intrinsic=ok inference_age_ms=84 target=none transport=False sorting_thread=alive
16:25:37 [v4][heartbeat] enter=True sorting=False cam=LIVE ai=LIVE cam_fps=54.6 pub_fps=30.4 frames=917590 result_subs=1 roi=ok intrinsic=ok inference_age_ms=100 target=none transport=False sorting_thread=alive
16:25:42 [v4][heartbeat] enter=True sorting=False cam=LIVE ai=LIVE cam_fps=56.2 pub_fps=30.2 frames=917871 result_subs=1 roi=ok intrinsic=ok inference_age_ms=75 target=none transport=False sorting_thread=alive
16:25:47 [v4][heartbeat] enter=True sorting=False cam=LIVE ai=LIVE cam_fps=55.6 pub_fps=30.4 frames=918149 result_subs=1 roi=ok intrinsic=ok inference_age_ms=119 target=none transport=False sorting_thread=alive
16:25:52 [v4][heartbeat] enter=True sorting=False cam=LIVE ai=LIVE cam_fps=53.3 pub_fps=30.4 frames=918416 result_subs=1 roi=ok intrinsic=ok inference_age_ms=78 target=none transport=False sorting_thread=alive
16:25:57 [v4][heartbeat] enter=True sorting=False cam=LIVE ai=LIVE cam_fps=56.3 pub_fps=30.2 frames=918697 result_subs=1 roi=ok intrinsic=ok inference_age_ms=94 target=none transport=False sorting_thread=alive
16:26:02 [v4][heartbeat] enter=True sorting=False cam=LIVE ai=LIVE cam_fps=54.5 pub_fps=30.4 frames=918970 result_subs=1 roi=ok intrinsic=ok inference_age_ms=131 target=none transport=False sorting_thread=alive
16:26:07 [v4][heartbeat] enter=True sorting=False cam=LIVE ai=LIVE cam_fps=55.5 pub_fps=30.2 frames=919247 result_subs=1 roi=ok intrinsic=ok inference_age_ms=108 target=none transport=False sorting_thread=alive
16:26:12 [v4][heartbeat] enter=True sorting=False cam=LIVE ai=LIVE cam_fps=56.3 pub_fps=30.4 frames=919529 result_subs=1 roi=ok intrinsic=ok inference_age_ms=55 target=none transport=False sorting_thread=alive
16:26:17 [v4][heartbeat] enter=True sorting=False cam=LIVE ai=LIVE cam_fps=52.4 pub_fps=30.2 frames=919791 result_subs=1 roi=ok intrinsic=ok inference_age_ms=100 target=none transport=False sorting_thread=alive
16:26:22 [v4][heartbeat] enter=True sorting=False cam=LIVE ai=LIVE cam_fps=56.8 pub_fps=30.4 frames=920075 result_subs=1 roi=ok intrinsic=ok inference_age_ms=113 target=none transport=False sorting_thread=alive
16:26:27 [v4][heartbeat] enter=True sorting=False cam=LIVE ai=LIVE cam_fps=51.2 pub_fps=30.2 frames=920331 result_subs=1 roi=ok intrinsic=ok inference_age_ms=62 target=none transport=False sorting_thread=alive
16:26:32 [v4][heartbeat] enter=True sorting=False cam=LIVE ai=LIVE cam_fps=54.4 pub_fps=30.4 frames=920603 result_subs=1 roi=ok intrinsic=ok inference_age_ms=81 target=none transport=False sorting_thread=alive
16:26:37 [v4][heartbeat] enter=True sorting=False cam=LIVE ai=LIVE cam_fps=57.4 pub_fps=30.2 frames=920890 result_subs=1 roi=ok intrinsic=ok inference_age_ms=105 target=none transport=False sorting_thread=alive
16:26:42 [v4][heartbeat] enter=True sorting=False cam=LIVE ai=LIVE cam_fps=50.9 pub_fps=30.4 frames=921145 result_subs=1 roi=ok intrinsic=ok inference_age_ms=90 target=none transport=False sorting_thread=alive
16:26:47 [v4][heartbeat] enter=True sorting=False cam=LIVE ai=LIVE cam_fps=54.9 pub_fps=30.3 frames=921419 result_subs=1 roi=ok intrinsic=ok inference_age_ms=121 target=none transport=False sorting_thread=alive
16:26:52 [v4][heartbeat] enter=True sorting=False cam=LIVE ai=LIVE cam_fps=55.0 pub_fps=30.4 frames=921694 result_subs=1 roi=ok intrinsic=ok inference_age_ms=94 target=none transport=False sorting_thread=alive
16:26:57 [v4][heartbeat] enter=True sorting=False cam=LIVE ai=LIVE cam_fps=53.2 pub_fps=30.2 frames=921960 result_subs=1 roi=ok intrinsic=ok inference_age_ms=89 target=none transport=False sorting_thread=alive
16:27:02 [v4][heartbeat] enter=True sorting=False cam=LIVE ai=LIVE cam_fps=57.7 pub_fps=30.4 frames=922249 result_subs=1 roi=ok intrinsic=ok inference_age_ms=83 target=none transport=False sorting_thread=alive
16:27:07 [v4][heartbeat] enter=True sorting=False cam=LIVE ai=LIVE cam_fps=52.3 pub_fps=30.2 frames=922510 result_subs=1 roi=ok intrinsic=ok inference_age_ms=70 target=none transport=False sorting_thread=alive
16:27:12 [v4][heartbeat] enter=True sorting=False cam=LIVE ai=LIVE cam_fps=52.8 pub_fps=30.4 frames=922774 result_subs=1 roi=ok intrinsic=ok inference_age_ms=115 target=none transport=False sorting_thread=alive
16:27:17 [v4][heartbeat] enter=True sorting=False cam=LIVE ai=LIVE cam_fps=53.8 pub_fps=30.2 frames=923043 result_subs=1 roi=ok intrinsic=ok inference_age_ms=100 target=none transport=False sorting_thread=alive
16:27:22 [v4][heartbeat] enter=True sorting=False cam=LIVE ai=LIVE cam_fps=55.6 pub_fps=30.4 frames=923321 result_subs=1 roi=ok intrinsic=ok inference_age_ms=88 target=none transport=False sorting_thread=alive
16:27:27 [v4][heartbeat] enter=True sorting=False cam=LIVE ai=LIVE cam_fps=56.2 pub_fps=30.2 frames=923602 result_subs=1 roi=ok intrinsic=ok inference_age_ms=92 target=none transport=False sorting_thread=alive
16:27:32 [v4][heartbeat] enter=True sorting=False cam=LIVE ai=LIVE cam_fps=54.2 pub_fps=30.4 frames=923873 result_subs=1 roi=ok intrinsic=ok inference_age_ms=59 target=none transport=False sorting_thread=alive
16:27:37 [v4][heartbeat] enter=True sorting=False cam=LIVE ai=LIVE cam_fps=56.2 pub_fps=30.2 frames=924154 result_subs=1 roi=ok intrinsic=ok inference_age_ms=98 target=none transport=False sorting_thread=alive
16:27:42 [v4][heartbeat] enter=True sorting=False cam=LIVE ai=LIVE cam_fps=55.8 pub_fps=30.4 frames=924433 result_subs=1 roi=ok intrinsic=ok inference_age_ms=102 target=none transport=False sorting_thread=alive
16:27:47 [v4][heartbeat] enter=True sorting=False cam=LIVE ai=LIVE cam_fps=55.4 pub_fps=30.2 frames=924710 result_subs=1 roi=ok intrinsic=ok inference_age_ms=97 target=none transport=False sorting_thread=alive
16:27:52 [v4][heartbeat] enter=True sorting=False cam=LIVE ai=LIVE cam_fps=57.4 pub_fps=30.4 frames=924997 result_subs=1 roi=ok intrinsic=ok inference_age_ms=77 target=none transport=False sorting_thread=alive
16:27:57 [v4][heartbeat] enter=True sorting=False cam=LIVE ai=LIVE cam_fps=55.7 pub_fps=30.2 frames=925276 result_subs=1 roi=ok intrinsic=ok inference_age_ms=90 target=none transport=False sorting_thread=alive
16:28:02 [v4][heartbeat] enter=True sorting=False cam=LIVE ai=LIVE cam_fps=57.7 pub_fps=30.4 frames=925564 result_subs=1 roi=ok intrinsic=ok inference_age_ms=70 target=none transport=False sorting_thread=alive
16:28:07 [v4][heartbeat] enter=True sorting=False cam=LIVE ai=LIVE cam_fps=56.6 pub_fps=30.2 frames=925847 result_subs=1 roi=ok intrinsic=ok inference_age_ms=60 target=none transport=False sorting_thread=alive
16:28:12 [v4][heartbeat] enter=True sorting=False cam=LIVE ai=LIVE cam_fps=54.8 pub_fps=30.4 frames=926121 result_subs=1 roi=ok intrinsic=ok inference_age_ms=85 target=none transport=False sorting_thread=alive
16:28:17 [v4][heartbeat] enter=True sorting=False cam=LIVE ai=LIVE cam_fps=56.2 pub_fps=30.2 frames=926402 result_subs=1 roi=ok intrinsic=ok inference_age_ms=119 target=none transport=False sorting_thread=alive
16:28:22 [v4][heartbeat] enter=True sorting=False cam=LIVE ai=LIVE cam_fps=55.8 pub_fps=30.4 frames=926681 result_subs=1 roi=ok intrinsic=ok inference_age_ms=126 target=none transport=False sorting_thread=alive
16:28:27 [v4][heartbeat] enter=True sorting=False cam=LIVE ai=LIVE cam_fps=56.6 pub_fps=30.4 frames=926964 result_subs=1 roi=ok intrinsic=ok inference_age_ms=99 target=none transport=False sorting_thread=alive
16:28:32 [v4][heartbeat] enter=True sorting=False cam=LIVE ai=LIVE cam_fps=56.4 pub_fps=30.2 frames=927246 result_subs=1 roi=ok intrinsic=ok inference_age_ms=107 target=none transport=False sorting_thread=alive
16:28:37 [v4][heartbeat] enter=True sorting=False cam=LIVE ai=LIVE cam_fps=55.2 pub_fps=30.4 frames=927522 result_subs=1 roi=ok intrinsic=ok inference_age_ms=86 target=none transport=False sorting_thread=alive
16:28:42 [v4][heartbeat] enter=True sorting=False cam=LIVE ai=LIVE cam_fps=57.2 pub_fps=30.2 frames=927808 result_subs=1 roi=ok intrinsic=ok inference_age_ms=88 target=none transport=False sorting_thread=alive
16:28:47 [v4][heartbeat] enter=True sorting=False cam=LIVE ai=LIVE cam_fps=57.0 pub_fps=30.4 frames=928093 result_subs=1 roi=ok intrinsic=ok inference_age_ms=63 target=none transport=False sorting_thread=alive
16:28:52 [v4][heartbeat] enter=True sorting=False cam=LIVE ai=LIVE cam_fps=56.1 pub_fps=30.2 frames=928373 result_subs=1 roi=ok intrinsic=ok inference_age_ms=78 target=none transport=False sorting_thread=alive
16:28:57 [v4][heartbeat] enter=True sorting=False cam=LIVE ai=LIVE cam_fps=57.2 pub_fps=30.2 frames=928659 result_subs=1 roi=ok intrinsic=ok inference_age_ms=146 target=none transport=False sorting_thread=alive
16:29:02 [v4][heartbeat] enter=True sorting=False cam=LIVE ai=LIVE cam_fps=55.8 pub_fps=30.4 frames=928938 result_subs=1 roi=ok intrinsic=ok inference_age_ms=106 target=none transport=False sorting_thread=alive
16:29:07 [v4][heartbeat] enter=True sorting=False cam=LIVE ai=LIVE cam_fps=58.2 pub_fps=30.4 frames=929229 result_subs=1 roi=ok intrinsic=ok inference_age_ms=108 target=none transport=False sorting_thread=alive
16:29:12 [v4][heartbeat] enter=True sorting=False cam=LIVE ai=LIVE cam_fps=56.6 pub_fps=30.2 frames=929512 result_subs=1 roi=ok intrinsic=ok inference_age_ms=83 target=none transport=False sorting_thread=alive
16:29:17 [v4][heartbeat] enter=True sorting=False cam=LIVE ai=LIVE cam_fps=55.2 pub_fps=30.4 frames=929788 result_subs=1 roi=ok intrinsic=ok inference_age_ms=91 target=none transport=False sorting_thread=alive
16:29:22 [v4][heartbeat] enter=True sorting=False cam=LIVE ai=LIVE cam_fps=58.3 pub_fps=30.2 frames=930079 result_subs=1 roi=ok intrinsic=ok inference_age_ms=105 target=none transport=False sorting_thread=alive
16:29:27 [v4][heartbeat] enter=True sorting=False cam=LIVE ai=LIVE cam_fps=53.8 pub_fps=30.4 frames=930348 result_subs=1 roi=ok intrinsic=ok inference_age_ms=86 target=none transport=False sorting_thread=alive
16:29:32 [v4][heartbeat] enter=True sorting=False cam=LIVE ai=LIVE cam_fps=57.6 pub_fps=30.2 frames=930636 result_subs=1 roi=ok intrinsic=ok inference_age_ms=118 target=none transport=False sorting_thread=alive
16:29:37 [v4][heartbeat] enter=True sorting=False cam=LIVE ai=LIVE cam_fps=55.6 pub_fps=30.4 frames=930914 result_subs=1 roi=ok intrinsic=ok inference_age_ms=104 target=none transport=False sorting_thread=alive
16:29:42 [v4][heartbeat] enter=True sorting=False cam=LIVE ai=LIVE cam_fps=55.4 pub_fps=30.2 frames=931191 result_subs=1 roi=ok intrinsic=ok inference_age_ms=61 target=none transport=False sorting_thread=alive
16:29:47 [v4][heartbeat] enter=True sorting=False cam=LIVE ai=LIVE cam_fps=58.2 pub_fps=30.4 frames=931482 result_subs=1 roi=ok intrinsic=ok inference_age_ms=67 target=none transport=False sorting_thread=alive
16:29:52 [v4][heartbeat] enter=True sorting=False cam=LIVE ai=LIVE cam_fps=54.4 pub_fps=30.2 frames=931754 result_subs=1 roi=ok intrinsic=ok inference_age_ms=112 target=none transport=False sorting_thread=alive
16:29:57 [v4][heartbeat] enter=True sorting=False cam=LIVE ai=LIVE cam_fps=55.2 pub_fps=30.4 frames=932030 result_subs=1 roi=ok intrinsic=ok inference_age_ms=123 target=none transport=False sorting_thread=alive
16:30:02 [v4][heartbeat] enter=True sorting=False cam=LIVE ai=LIVE cam_fps=56.6 pub_fps=30.2 frames=932313 result_subs=1 roi=ok intrinsic=ok inference_age_ms=82 target=none transport=False sorting_thread=alive
16:30:07 [v4][heartbeat] enter=True sorting=False cam=LIVE ai=LIVE cam_fps=54.2 pub_fps=30.4 frames=932584 result_subs=1 roi=ok intrinsic=ok inference_age_ms=64 target=none transport=False sorting_thread=alive
16:30:12 [v4][heartbeat] enter=True sorting=False cam=LIVE ai=LIVE cam_fps=57.6 pub_fps=30.2 frames=932872 result_subs=1 roi=ok intrinsic=ok inference_age_ms=78 target=none transport=False sorting_thread=alive
16:30:17 [v4][heartbeat] enter=True sorting=False cam=LIVE ai=LIVE cam_fps=54.6 pub_fps=30.4 frames=933145 result_subs=1 roi=ok intrinsic=ok inference_age_ms=121 target=none transport=False sorting_thread=alive
16:30:22 [v4][heartbeat] enter=True sorting=False cam=LIVE ai=LIVE cam_fps=55.2 pub_fps=30.2 frames=933421 result_subs=1 roi=ok intrinsic=ok inference_age_ms=117 target=none transport=False sorting_thread=alive
16:30:27 [v4][heartbeat] enter=True sorting=False cam=LIVE ai=LIVE cam_fps=55.2 pub_fps=30.4 frames=933697 result_subs=1 roi=ok intrinsic=ok inference_age_ms=105 target=none transport=False sorting_thread=alive
16:30:32 [v4][heartbeat] enter=True sorting=False cam=LIVE ai=LIVE cam_fps=54.4 pub_fps=30.2 frames=933969 result_subs=1 roi=ok intrinsic=ok inference_age_ms=78 target=none transport=False sorting_thread=alive
16:30:37 [v4][heartbeat] enter=True sorting=False cam=LIVE ai=LIVE cam_fps=56.6 pub_fps=30.4 frames=934252 result_subs=1 roi=ok intrinsic=ok inference_age_ms=105 target=none transport=False sorting_thread=alive
16:30:42 [v4][heartbeat] enter=True sorting=False cam=LIVE ai=LIVE cam_fps=56.0 pub_fps=30.2 frames=934532 result_subs=1 roi=ok intrinsic=ok inference_age_ms=104 target=none transport=False sorting_thread=alive
16:30:47 [v4][heartbeat] enter=True sorting=False cam=LIVE ai=LIVE cam_fps=55.2 pub_fps=30.4 frames=934808 result_subs=1 roi=ok intrinsic=ok inference_age_ms=127 target=none transport=False sorting_thread=alive
16:30:52 [v4][heartbeat] enter=True sorting=False cam=LIVE ai=LIVE cam_fps=58.6 pub_fps=30.2 frames=935101 result_subs=1 roi=ok intrinsic=ok inference_age_ms=121 target=none transport=False sorting_thread=alive
16:30:57 [v4][heartbeat] enter=True sorting=False cam=LIVE ai=LIVE cam_fps=53.8 pub_fps=30.4 frames=935370 result_subs=1 roi=ok intrinsic=ok inference_age_ms=117 target=none transport=False sorting_thread=alive
16:31:02 [v4][heartbeat] enter=True sorting=False cam=LIVE ai=LIVE cam_fps=57.8 pub_fps=30.2 frames=935659 result_subs=1 roi=ok intrinsic=ok inference_age_ms=79 target=none transport=False sorting_thread=alive
16:31:07 [v4][heartbeat] enter=True sorting=False cam=LIVE ai=LIVE cam_fps=55.0 pub_fps=30.4 frames=935934 result_subs=1 roi=ok intrinsic=ok inference_age_ms=113 target=none transport=False sorting_thread=alive
16:31:12 [v4][heartbeat] enter=True sorting=False cam=LIVE ai=LIVE cam_fps=54.9 pub_fps=30.4 frames=936209 result_subs=1 roi=ok intrinsic=ok inference_age_ms=58 target=none transport=False sorting_thread=alive
16:31:17 [v4][heartbeat] enter=True sorting=False cam=LIVE ai=LIVE cam_fps=57.2 pub_fps=30.2 frames=936495 result_subs=1 roi=ok intrinsic=ok inference_age_ms=113 target=none transport=False sorting_thread=alive
16:31:22 [v4][heartbeat] enter=True sorting=False cam=LIVE ai=LIVE cam_fps=54.6 pub_fps=30.4 frames=936768 result_subs=1 roi=ok intrinsic=ok inference_age_ms=85 target=none transport=False sorting_thread=alive
16:31:27 [v4][heartbeat] enter=True sorting=False cam=LIVE ai=LIVE cam_fps=57.3 pub_fps=30.2 frames=937054 result_subs=1 roi=ok intrinsic=ok inference_age_ms=93 target=none transport=False sorting_thread=alive
16:31:32 [v4][heartbeat] enter=True sorting=False cam=LIVE ai=LIVE cam_fps=54.7 pub_fps=30.4 frames=937328 result_subs=1 roi=ok intrinsic=ok inference_age_ms=67 target=none transport=False sorting_thread=alive
16:31:37 [v4][heartbeat] enter=True sorting=False cam=LIVE ai=LIVE cam_fps=55.2 pub_fps=30.2 frames=937604 result_subs=1 roi=ok intrinsic=ok inference_age_ms=87 target=none transport=False sorting_thread=alive
16:31:42 [v4][heartbeat] enter=True sorting=False cam=LIVE ai=LIVE cam_fps=57.4 pub_fps=30.4 frames=937891 result_subs=1 roi=ok intrinsic=ok inference_age_ms=78 target=none transport=False sorting_thread=alive
16:31:47 [v4][heartbeat] enter=True sorting=False cam=LIVE ai=LIVE cam_fps=55.6 pub_fps=30.2 frames=938169 result_subs=1 roi=ok intrinsic=ok inference_age_ms=60 target=none transport=False sorting_thread=alive
16:31:52 [v4][heartbeat] enter=True sorting=False cam=LIVE ai=LIVE cam_fps=56.6 pub_fps=30.4 frames=938452 result_subs=1 roi=ok intrinsic=ok inference_age_ms=72 target=none transport=False sorting_thread=alive
16:31:57 [v4][heartbeat] enter=True sorting=False cam=LIVE ai=LIVE cam_fps=56.0 pub_fps=30.2 frames=938732 result_subs=1 roi=ok intrinsic=ok inference_age_ms=96 target=none transport=False sorting_thread=alive
16:32:02 [v4][heartbeat] enter=True sorting=False cam=LIVE ai=LIVE cam_fps=56.6 pub_fps=30.4 frames=939015 result_subs=1 roi=ok intrinsic=ok inference_age_ms=101 target=none transport=False sorting_thread=alive
16:32:07 [v4][heartbeat] enter=True sorting=False cam=LIVE ai=LIVE cam_fps=57.4 pub_fps=30.2 frames=939302 result_subs=1 roi=ok intrinsic=ok inference_age_ms=51 target=none transport=False sorting_thread=alive
16:32:12 [v4][heartbeat] enter=True sorting=False cam=LIVE ai=LIVE cam_fps=55.6 pub_fps=30.4 frames=939580 result_subs=1 roi=ok intrinsic=ok inference_age_ms=72 target=none transport=False sorting_thread=alive
16:32:17 [v4][heartbeat] enter=True sorting=False cam=LIVE ai=LIVE cam_fps=55.6 pub_fps=30.2 frames=939858 result_subs=1 roi=ok intrinsic=ok inference_age_ms=110 target=none transport=False sorting_thread=alive
16:32:22 [v4][heartbeat] enter=True sorting=False cam=LIVE ai=LIVE cam_fps=57.2 pub_fps=30.4 frames=940144 result_subs=1 roi=ok intrinsic=ok inference_age_ms=124 target=none transport=False sorting_thread=alive
16:32:27 [v4][heartbeat] enter=True sorting=False cam=LIVE ai=LIVE cam_fps=53.6 pub_fps=30.2 frames=940412 result_subs=1 roi=ok intrinsic=ok inference_age_ms=107 target=none transport=False sorting_thread=alive
16:32:32 [v4][heartbeat] enter=True sorting=False cam=LIVE ai=LIVE cam_fps=57.6 pub_fps=30.4 frames=940700 result_subs=1 roi=ok intrinsic=ok inference_age_ms=125 target=none transport=False sorting_thread=alive
16:32:37 [v4][heartbeat] enter=True sorting=False cam=LIVE ai=LIVE cam_fps=55.4 pub_fps=30.2 frames=940977 result_subs=1 roi=ok intrinsic=ok inference_age_ms=129 target=none transport=False sorting_thread=alive
16:32:42 [v4][heartbeat] enter=True sorting=False cam=LIVE ai=LIVE cam_fps=56.2 pub_fps=30.4 frames=941258 result_subs=1 roi=ok intrinsic=ok inference_age_ms=67 target=none transport=False sorting_thread=alive
16:32:47 [v4][heartbeat] enter=True sorting=False cam=LIVE ai=LIVE cam_fps=57.6 pub_fps=30.2 frames=941546 result_subs=1 roi=ok intrinsic=ok inference_age_ms=52 target=none transport=False sorting_thread=alive
16:32:52 [v4][heartbeat] enter=True sorting=False cam=LIVE ai=LIVE cam_fps=55.2 pub_fps=30.4 frames=941822 result_subs=1 roi=ok intrinsic=ok inference_age_ms=40 target=none transport=False sorting_thread=alive
16:32:57 [v4][heartbeat] enter=True sorting=False cam=LIVE ai=LIVE cam_fps=58.0 pub_fps=30.2 frames=942112 result_subs=1 roi=ok intrinsic=ok inference_age_ms=67 target=none transport=False sorting_thread=alive
16:33:02 [v4][heartbeat] enter=True sorting=False cam=LIVE ai=LIVE cam_fps=57.2 pub_fps=30.4 frames=942398 result_subs=1 roi=ok intrinsic=ok inference_age_ms=104 target=none transport=False sorting_thread=alive
16:33:07 [v4][heartbeat] enter=True sorting=False cam=LIVE ai=LIVE cam_fps=54.8 pub_fps=30.2 frames=942672 result_subs=1 roi=ok intrinsic=ok inference_age_ms=126 target=none transport=False sorting_thread=alive
16:33:12 [v4][heartbeat] enter=True sorting=False cam=LIVE ai=LIVE cam_fps=57.6 pub_fps=30.4 frames=942960 result_subs=1 roi=ok intrinsic=ok inference_age_ms=113 target=none transport=False sorting_thread=alive
16:33:17 [v4][heartbeat] enter=True sorting=False cam=LIVE ai=LIVE cam_fps=55.4 pub_fps=30.2 frames=943237 result_subs=1 roi=ok intrinsic=ok inference_age_ms=77 target=none transport=False sorting_thread=alive
16:33:22 [v4][heartbeat] enter=True sorting=False cam=LIVE ai=LIVE cam_fps=56.4 pub_fps=30.4 frames=943519 result_subs=1 roi=ok intrinsic=ok inference_age_ms=90 target=none transport=False sorting_thread=alive
16:33:27 [v4][heartbeat] enter=True sorting=False cam=LIVE ai=LIVE cam_fps=56.4 pub_fps=30.2 frames=943801 result_subs=1 roi=ok intrinsic=ok inference_age_ms=73 target=none transport=False sorting_thread=alive
16:33:32 [v4][heartbeat] enter=True sorting=False cam=LIVE ai=LIVE cam_fps=54.8 pub_fps=30.4 frames=944075 result_subs=1 roi=ok intrinsic=ok inference_age_ms=95 target=none transport=False sorting_thread=alive
16:33:37 [v4][heartbeat] enter=True sorting=False cam=LIVE ai=LIVE cam_fps=57.8 pub_fps=30.2 frames=944364 result_subs=1 roi=ok intrinsic=ok inference_age_ms=89 target=none transport=False sorting_thread=alive
16:33:42 [v4][heartbeat] enter=True sorting=False cam=LIVE ai=LIVE cam_fps=53.8 pub_fps=30.4 frames=944633 result_subs=1 roi=ok intrinsic=ok inference_age_ms=69 target=none transport=False sorting_thread=alive
16:33:47 [v4][heartbeat] enter=True sorting=False cam=LIVE ai=LIVE cam_fps=58.0 pub_fps=30.2 frames=944923 result_subs=1 roi=ok intrinsic=ok inference_age_ms=43 target=none transport=False sorting_thread=alive
16:33:52 [v4][heartbeat] enter=True sorting=False cam=LIVE ai=LIVE cam_fps=56.4 pub_fps=30.4 frames=945205 result_subs=1 roi=ok intrinsic=ok inference_age_ms=44 target=none transport=False sorting_thread=alive
16:33:57 [v4][heartbeat] enter=True sorting=False cam=LIVE ai=LIVE cam_fps=55.3 pub_fps=30.4 frames=945482 result_subs=1 roi=ok intrinsic=ok inference_age_ms=121 target=none transport=False sorting_thread=alive
16:34:02 [v4][heartbeat] enter=True sorting=False cam=LIVE ai=LIVE cam_fps=58.1 pub_fps=30.2 frames=945772 result_subs=1 roi=ok intrinsic=ok inference_age_ms=101 target=none transport=False sorting_thread=alive
16:34:07 [v4][heartbeat] enter=True sorting=False cam=LIVE ai=LIVE cam_fps=55.1 pub_fps=30.4 frames=946048 result_subs=1 roi=ok intrinsic=ok inference_age_ms=113 target=none transport=False sorting_thread=alive
16:34:12 [v4][heartbeat] enter=True sorting=False cam=LIVE ai=LIVE cam_fps=56.8 pub_fps=30.2 frames=946332 result_subs=1 roi=ok intrinsic=ok inference_age_ms=71 target=none transport=False sorting_thread=alive
16:34:17 [v4][heartbeat] enter=True sorting=False cam=LIVE ai=LIVE cam_fps=58.2 pub_fps=30.4 frames=946623 result_subs=1 roi=ok intrinsic=ok inference_age_ms=80 target=none transport=False sorting_thread=alive
16:34:22 [v4][heartbeat] enter=True sorting=False cam=LIVE ai=LIVE cam_fps=54.9 pub_fps=30.2 frames=946897 result_subs=1 roi=ok intrinsic=ok inference_age_ms=106 target=none transport=False sorting_thread=alive
16:34:27 [v4][heartbeat] enter=True sorting=False cam=LIVE ai=LIVE cam_fps=55.8 pub_fps=30.4 frames=947176 result_subs=1 roi=ok intrinsic=ok inference_age_ms=81 target=none transport=False sorting_thread=alive
16:34:32 [v4][heartbeat] enter=True sorting=False cam=LIVE ai=LIVE cam_fps=54.8 pub_fps=30.2 frames=947450 result_subs=1 roi=ok intrinsic=ok inference_age_ms=74 target=none transport=False sorting_thread=alive
16:34:37 [v4][heartbeat] enter=True sorting=False cam=LIVE ai=LIVE cam_fps=57.6 pub_fps=30.4 frames=947738 result_subs=1 roi=ok intrinsic=ok inference_age_ms=109 target=none transport=False sorting_thread=alive
16:34:42 [v4][heartbeat] enter=True sorting=False cam=LIVE ai=LIVE cam_fps=58.0 pub_fps=30.2 frames=948028 result_subs=1 roi=ok intrinsic=ok inference_age_ms=97 target=none transport=False sorting_thread=alive
16:34:47 [v4][heartbeat] enter=True sorting=False cam=LIVE ai=LIVE cam_fps=54.6 pub_fps=30.4 frames=948301 result_subs=1 roi=ok intrinsic=ok inference_age_ms=114 target=none transport=False sorting_thread=alive
16:34:52 [v4][heartbeat] enter=True sorting=False cam=LIVE ai=LIVE cam_fps=56.6 pub_fps=30.2 frames=948584 result_subs=1 roi=ok intrinsic=ok inference_age_ms=106 target=none transport=False sorting_thread=alive
16:34:57 [v4][heartbeat] enter=True sorting=False cam=LIVE ai=LIVE cam_fps=56.4 pub_fps=30.4 frames=948866 result_subs=1 roi=ok intrinsic=ok inference_age_ms=92 target=none transport=False sorting_thread=alive
16:35:02 [v4][heartbeat] enter=True sorting=False cam=LIVE ai=LIVE cam_fps=55.2 pub_fps=30.2 frames=949142 result_subs=1 roi=ok intrinsic=ok inference_age_ms=106 target=none transport=False sorting_thread=alive
16:35:07 [v4][heartbeat] enter=True sorting=False cam=LIVE ai=LIVE cam_fps=58.2 pub_fps=30.4 frames=949433 result_subs=1 roi=ok intrinsic=ok inference_age_ms=104 target=none transport=False sorting_thread=alive
16:35:12 [v4][heartbeat] enter=True sorting=False cam=LIVE ai=LIVE cam_fps=53.4 pub_fps=30.2 frames=949700 result_subs=1 roi=ok intrinsic=ok inference_age_ms=132 target=none transport=False sorting_thread=alive
16:35:17 [v4][heartbeat] enter=True sorting=False cam=LIVE ai=LIVE cam_fps=56.4 pub_fps=30.4 frames=949982 result_subs=1 roi=ok intrinsic=ok inference_age_ms=76 target=none transport=False sorting_thread=alive
16:35:22 [v4][heartbeat] enter=True sorting=False cam=LIVE ai=LIVE cam_fps=56.6 pub_fps=30.2 frames=950265 result_subs=1 roi=ok intrinsic=ok inference_age_ms=74 target=none transport=False sorting_thread=alive
16:35:27 [v4][heartbeat] enter=True sorting=False cam=LIVE ai=LIVE cam_fps=54.0 pub_fps=30.4 frames=950535 result_subs=1 roi=ok intrinsic=ok inference_age_ms=120 target=none transport=False sorting_thread=alive
16:35:32 [v4][heartbeat] enter=True sorting=False cam=LIVE ai=LIVE cam_fps=55.6 pub_fps=30.2 frames=950813 result_subs=1 roi=ok intrinsic=ok inference_age_ms=89 target=none transport=False sorting_thread=alive
16:35:37 [v4][heartbeat] enter=True sorting=False cam=LIVE ai=LIVE cam_fps=54.7 pub_fps=30.4 frames=951087 result_subs=1 roi=ok intrinsic=ok inference_age_ms=109 target=none transport=False sorting_thread=alive
16:35:42 [v4][heartbeat] enter=True sorting=False cam=LIVE ai=LIVE cam_fps=56.3 pub_fps=30.2 frames=951368 result_subs=1 roi=ok intrinsic=ok inference_age_ms=94 target=none transport=False sorting_thread=alive
16:35:47 [v4][heartbeat] enter=True sorting=False cam=LIVE ai=LIVE cam_fps=56.0 pub_fps=30.4 frames=951648 result_subs=1 roi=ok intrinsic=ok inference_age_ms=88 target=none transport=False sorting_thread=alive
16:35:52 [v4][heartbeat] enter=True sorting=False cam=LIVE ai=LIVE cam_fps=55.0 pub_fps=30.2 frames=951923 result_subs=1 roi=ok intrinsic=ok inference_age_ms=89 target=none transport=False sorting_thread=alive
16:35:57 [v4][heartbeat] enter=True sorting=False cam=LIVE ai=LIVE cam_fps=56.8 pub_fps=30.4 frames=952207 result_subs=1 roi=ok intrinsic=ok inference_age_ms=60 target=none transport=False sorting_thread=alive
16:36:02 [v4][heartbeat] enter=True sorting=False cam=LIVE ai=LIVE cam_fps=57.0 pub_fps=30.2 frames=952492 result_subs=1 roi=ok intrinsic=ok inference_age_ms=106 target=none transport=False sorting_thread=alive
16:36:07 [v4][heartbeat] enter=True sorting=False cam=LIVE ai=LIVE cam_fps=54.4 pub_fps=30.4 frames=952764 result_subs=1 roi=ok intrinsic=ok inference_age_ms=81 target=none transport=False sorting_thread=alive
16:36:12 [v4][heartbeat] enter=True sorting=False cam=LIVE ai=LIVE cam_fps=57.0 pub_fps=30.2 frames=953049 result_subs=1 roi=ok intrinsic=ok inference_age_ms=113 target=none transport=False sorting_thread=alive
16:36:17 [v4][heartbeat] enter=True sorting=False cam=LIVE ai=LIVE cam_fps=55.3 pub_fps=30.4 frames=953326 result_subs=1 roi=ok intrinsic=ok inference_age_ms=82 target=none transport=False sorting_thread=alive
16:36:22 [v4][heartbeat] enter=True sorting=False cam=LIVE ai=LIVE cam_fps=57.5 pub_fps=30.2 frames=953613 result_subs=1 roi=ok intrinsic=ok inference_age_ms=102 target=none transport=False sorting_thread=alive
16:36:27 [v4][heartbeat] enter=True sorting=False cam=LIVE ai=LIVE cam_fps=54.6 pub_fps=30.4 frames=953886 result_subs=1 roi=ok intrinsic=ok inference_age_ms=75 target=none transport=False sorting_thread=alive
16:36:32 [v4][heartbeat] enter=True sorting=False cam=LIVE ai=LIVE cam_fps=56.6 pub_fps=30.2 frames=954169 result_subs=1 roi=ok intrinsic=ok inference_age_ms=77 target=none transport=False sorting_thread=alive
16:36:37 [v4][heartbeat] enter=True sorting=False cam=LIVE ai=LIVE cam_fps=57.4 pub_fps=30.4 frames=954456 result_subs=1 roi=ok intrinsic=ok inference_age_ms=96 target=none transport=False sorting_thread=alive
16:36:42 [v4][heartbeat] enter=True sorting=False cam=LIVE ai=LIVE cam_fps=55.2 pub_fps=30.2 frames=954732 result_subs=1 roi=ok intrinsic=ok inference_age_ms=47 target=none transport=False sorting_thread=alive
16:36:47 [v4][heartbeat] enter=True sorting=False cam=LIVE ai=LIVE cam_fps=56.6 pub_fps=30.4 frames=955015 result_subs=1 roi=ok intrinsic=ok inference_age_ms=97 target=none transport=False sorting_thread=alive
16:36:52 [v4][heartbeat] enter=True sorting=False cam=LIVE ai=LIVE cam_fps=56.6 pub_fps=30.2 frames=955298 result_subs=1 roi=ok intrinsic=ok inference_age_ms=93 target=none transport=False sorting_thread=alive
16:36:57 [v4][heartbeat] enter=True sorting=False cam=LIVE ai=LIVE cam_fps=56.8 pub_fps=30.4 frames=955582 result_subs=1 roi=ok intrinsic=ok inference_age_ms=107 target=none transport=False sorting_thread=alive
16:37:02 [v4][heartbeat] enter=True sorting=False cam=LIVE ai=LIVE cam_fps=56.9 pub_fps=30.4 frames=955867 result_subs=1 roi=ok intrinsic=ok inference_age_ms=144 target=none transport=False sorting_thread=alive
16:37:07 [v4][heartbeat] enter=True sorting=False cam=LIVE ai=LIVE cam_fps=55.2 pub_fps=30.2 frames=956143 result_subs=1 roi=ok intrinsic=ok inference_age_ms=43 target=none transport=False sorting_thread=alive
16:37:12 [v4][heartbeat] enter=True sorting=False cam=LIVE ai=LIVE cam_fps=57.0 pub_fps=30.4 frames=956428 result_subs=1 roi=ok intrinsic=ok inference_age_ms=128 target=none transport=False sorting_thread=alive
16:37:17 [v4][heartbeat] enter=True sorting=False cam=LIVE ai=LIVE cam_fps=56.2 pub_fps=30.2 frames=956709 result_subs=1 roi=ok intrinsic=ok inference_age_ms=107 target=none transport=False sorting_thread=alive
16:37:22 [v4][heartbeat] enter=True sorting=False cam=LIVE ai=LIVE cam_fps=55.0 pub_fps=30.4 frames=956984 result_subs=1 roi=ok intrinsic=ok inference_age_ms=97 target=none transport=False sorting_thread=alive
16:37:27 [v4][heartbeat] enter=True sorting=False cam=LIVE ai=LIVE cam_fps=58.4 pub_fps=30.2 frames=957276 result_subs=1 roi=ok intrinsic=ok inference_age_ms=93 target=none transport=False sorting_thread=alive
16:37:32 [v4][heartbeat] enter=True sorting=False cam=LIVE ai=LIVE cam_fps=54.6 pub_fps=30.4 frames=957549 result_subs=1 roi=ok intrinsic=ok inference_age_ms=70 target=none transport=False sorting_thread=alive
16:37:37 [v4][heartbeat] enter=True sorting=False cam=LIVE ai=LIVE cam_fps=55.6 pub_fps=30.2 frames=957827 result_subs=1 roi=ok intrinsic=ok inference_age_ms=93 target=none transport=False sorting_thread=alive
16:37:42 [v4][heartbeat] enter=True sorting=False cam=LIVE ai=LIVE cam_fps=56.8 pub_fps=30.4 frames=958111 result_subs=1 roi=ok intrinsic=ok inference_age_ms=80 target=none transport=False sorting_thread=alive
16:37:47 [v4][heartbeat] enter=True sorting=False cam=LIVE ai=LIVE cam_fps=55.6 pub_fps=30.2 frames=958389 result_subs=1 roi=ok intrinsic=ok inference_age_ms=133 target=none transport=False sorting_thread=alive
16:37:52 [v4][heartbeat] enter=True sorting=False cam=LIVE ai=LIVE cam_fps=57.6 pub_fps=30.4 frames=958677 result_subs=1 roi=ok intrinsic=ok inference_age_ms=109 target=none transport=False sorting_thread=alive
16:37:57 [v4][heartbeat] enter=True sorting=False cam=LIVE ai=LIVE cam_fps=54.6 pub_fps=30.2 frames=958950 result_subs=1 roi=ok intrinsic=ok inference_age_ms=76 target=none transport=False sorting_thread=alive
16:38:02 [v4][heartbeat] enter=True sorting=False cam=LIVE ai=LIVE cam_fps=55.6 pub_fps=30.4 frames=959228 result_subs=1 roi=ok intrinsic=ok inference_age_ms=76 target=none transport=False sorting_thread=alive
16:38:07 [v4][heartbeat] enter=True sorting=False cam=LIVE ai=LIVE cam_fps=57.6 pub_fps=30.2 frames=959516 result_subs=1 roi=ok intrinsic=ok inference_age_ms=126 target=none transport=False sorting_thread=alive
16:38:12 [v4][heartbeat] enter=True sorting=False cam=LIVE ai=LIVE cam_fps=55.8 pub_fps=30.4 frames=959795 result_subs=1 roi=ok intrinsic=ok inference_age_ms=88 target=none transport=False sorting_thread=alive
16:38:17 [v4][heartbeat] enter=True sorting=False cam=LIVE ai=LIVE cam_fps=58.0 pub_fps=30.2 frames=960085 result_subs=1 roi=ok intrinsic=ok inference_age_ms=120 target=none transport=False sorting_thread=alive
16:38:22 [v4][heartbeat] enter=True sorting=False cam=LIVE ai=LIVE cam_fps=54.2 pub_fps=30.4 frames=960356 result_subs=1 roi=ok intrinsic=ok inference_age_ms=77 target=none transport=False sorting_thread=alive
16:38:27 [v4][heartbeat] enter=True sorting=False cam=LIVE ai=LIVE cam_fps=55.2 pub_fps=30.2 frames=960632 result_subs=1 roi=ok intrinsic=ok inference_age_ms=94 target=none transport=False sorting_thread=alive
16:38:32 [v4][heartbeat] enter=True sorting=False cam=LIVE ai=LIVE cam_fps=58.4 pub_fps=30.4 frames=960924 result_subs=1 roi=ok intrinsic=ok inference_age_ms=93 target=none transport=False sorting_thread=alive
16:38:37 [v4][heartbeat] enter=True sorting=False cam=LIVE ai=LIVE cam_fps=53.4 pub_fps=30.2 frames=961191 result_subs=1 roi=ok intrinsic=ok inference_age_ms=128 target=none transport=False sorting_thread=alive
16:38:42 [v4][heartbeat] enter=True sorting=False cam=LIVE ai=LIVE cam_fps=55.6 pub_fps=30.4 frames=961469 result_subs=1 roi=ok intrinsic=ok inference_age_ms=90 target=none transport=False sorting_thread=alive
16:38:47 [v4][heartbeat] enter=True sorting=False cam=LIVE ai=LIVE cam_fps=53.4 pub_fps=30.2 frames=961736 result_subs=1 roi=ok intrinsic=ok inference_age_ms=94 target=none transport=False sorting_thread=alive
16:38:52 [v4][heartbeat] enter=True sorting=False cam=LIVE ai=LIVE cam_fps=54.6 pub_fps=30.4 frames=962009 result_subs=1 roi=ok intrinsic=ok inference_age_ms=77 target=none transport=False sorting_thread=alive
16:38:57 [v4][heartbeat] enter=True sorting=False cam=LIVE ai=LIVE cam_fps=56.4 pub_fps=30.2 frames=962291 result_subs=1 roi=ok intrinsic=ok inference_age_ms=103 target=none transport=False sorting_thread=alive
16:39:02 [v4][heartbeat] enter=True sorting=False cam=LIVE ai=LIVE cam_fps=53.6 pub_fps=30.4 frames=962559 result_subs=1 roi=ok intrinsic=ok inference_age_ms=133 target=none transport=False sorting_thread=alive
16:39:07 [v4][heartbeat] enter=True sorting=False cam=LIVE ai=LIVE cam_fps=56.5 pub_fps=30.2 frames=962842 result_subs=1 roi=ok intrinsic=ok inference_age_ms=148 target=none transport=False sorting_thread=alive
16:39:12 [v4][heartbeat] enter=True sorting=False cam=LIVE ai=LIVE cam_fps=55.0 pub_fps=30.4 frames=963117 result_subs=1 roi=ok intrinsic=ok inference_age_ms=63 target=none transport=False sorting_thread=alive
16:39:17 [v4][heartbeat] enter=True sorting=False cam=LIVE ai=LIVE cam_fps=55.0 pub_fps=30.2 frames=963392 result_subs=1 roi=ok intrinsic=ok inference_age_ms=100 target=none transport=False sorting_thread=alive
16:39:22 [v4][heartbeat] enter=True sorting=False cam=LIVE ai=LIVE cam_fps=58.2 pub_fps=30.4 frames=963683 result_subs=1 roi=ok intrinsic=ok inference_age_ms=99 target=none transport=False sorting_thread=alive
16:39:27 [v4][heartbeat] enter=True sorting=False cam=LIVE ai=LIVE cam_fps=54.8 pub_fps=30.2 frames=963957 result_subs=1 roi=ok intrinsic=ok inference_age_ms=93 target=none transport=False sorting_thread=alive
16:39:32 [v4][heartbeat] enter=True sorting=False cam=LIVE ai=LIVE cam_fps=56.6 pub_fps=30.4 frames=964240 result_subs=1 roi=ok intrinsic=ok inference_age_ms=134 target=none transport=False sorting_thread=alive
16:39:37 [v4][heartbeat] enter=True sorting=False cam=LIVE ai=LIVE cam_fps=57.5 pub_fps=30.4 frames=964528 result_subs=1 roi=ok intrinsic=ok inference_age_ms=128 target=none transport=False sorting_thread=alive
16:39:42 [v4][heartbeat] enter=True sorting=False cam=LIVE ai=LIVE cam_fps=54.7 pub_fps=30.2 frames=964801 result_subs=1 roi=ok intrinsic=ok inference_age_ms=90 target=none transport=False sorting_thread=alive
16:39:47 [v4][heartbeat] enter=True sorting=False cam=LIVE ai=LIVE cam_fps=56.9 pub_fps=30.4 frames=965086 result_subs=1 roi=ok intrinsic=ok inference_age_ms=65 target=none transport=False sorting_thread=alive
16:39:52 [v4][heartbeat] enter=True sorting=False cam=LIVE ai=LIVE cam_fps=55.5 pub_fps=30.2 frames=965363 result_subs=1 roi=ok intrinsic=ok inference_age_ms=102 target=none transport=False sorting_thread=alive
16:39:57 [v4][heartbeat] enter=True sorting=False cam=LIVE ai=LIVE cam_fps=57.2 pub_fps=30.4 frames=965649 result_subs=1 roi=ok intrinsic=ok inference_age_ms=82 target=none transport=False sorting_thread=alive
16:40:02 [v4][heartbeat] enter=True sorting=False cam=LIVE ai=LIVE cam_fps=57.4 pub_fps=30.2 frames=965936 result_subs=1 roi=ok intrinsic=ok inference_age_ms=92 target=none transport=False sorting_thread=alive
16:40:07 [v4][heartbeat] enter=True sorting=False cam=LIVE ai=LIVE cam_fps=54.4 pub_fps=30.4 frames=966208 result_subs=1 roi=ok intrinsic=ok inference_age_ms=52 target=none transport=False sorting_thread=alive
16:40:12 [v4][heartbeat] enter=True sorting=False cam=LIVE ai=LIVE cam_fps=57.2 pub_fps=30.2 frames=966494 result_subs=1 roi=ok intrinsic=ok inference_age_ms=65 target=none transport=False sorting_thread=alive
16:40:17 [v4][heartbeat] enter=True sorting=False cam=LIVE ai=LIVE cam_fps=56.4 pub_fps=30.4 frames=966776 result_subs=1 roi=ok intrinsic=ok inference_age_ms=98 target=none transport=False sorting_thread=alive
16:40:22 [v4][heartbeat] enter=True sorting=False cam=LIVE ai=LIVE cam_fps=54.8 pub_fps=30.2 frames=967050 result_subs=1 roi=ok intrinsic=ok inference_age_ms=114 target=none transport=False sorting_thread=alive
16:40:27 [v4][heartbeat] enter=True sorting=False cam=LIVE ai=LIVE cam_fps=58.4 pub_fps=30.4 frames=967342 result_subs=1 roi=ok intrinsic=ok inference_age_ms=89 target=none transport=False sorting_thread=alive
16:40:32 [v4][heartbeat] enter=True sorting=False cam=LIVE ai=LIVE cam_fps=54.8 pub_fps=30.2 frames=967616 result_subs=1 roi=ok intrinsic=ok inference_age_ms=106 target=none transport=False sorting_thread=alive
16:40:37 [v4][heartbeat] enter=True sorting=False cam=LIVE ai=LIVE cam_fps=56.6 pub_fps=30.4 frames=967899 result_subs=1 roi=ok intrinsic=ok inference_age_ms=65 target=none transport=False sorting_thread=alive
16:40:42 [v4][heartbeat] enter=True sorting=False cam=LIVE ai=LIVE cam_fps=54.6 pub_fps=30.2 frames=968172 result_subs=1 roi=ok intrinsic=ok inference_age_ms=83 target=none transport=False sorting_thread=alive
16:40:47 [v4][heartbeat] enter=True sorting=False cam=LIVE ai=LIVE cam_fps=54.0 pub_fps=30.4 frames=968442 result_subs=1 roi=ok intrinsic=ok inference_age_ms=115 target=none transport=False sorting_thread=alive
16:40:52 [v4][heartbeat] enter=True sorting=False cam=LIVE ai=LIVE cam_fps=57.2 pub_fps=30.2 frames=968728 result_subs=1 roi=ok intrinsic=ok inference_age_ms=45 target=none transport=False sorting_thread=alive
16:40:57 [v4][heartbeat] enter=True sorting=False cam=LIVE ai=LIVE cam_fps=55.4 pub_fps=30.4 frames=969005 result_subs=1 roi=ok intrinsic=ok inference_age_ms=101 target=none transport=False sorting_thread=alive
16:41:02 [v4][heartbeat] enter=True sorting=False cam=LIVE ai=LIVE cam_fps=56.6 pub_fps=30.2 frames=969288 result_subs=1 roi=ok intrinsic=ok inference_age_ms=61 target=none transport=False sorting_thread=alive
16:41:07 [v4][heartbeat] enter=True sorting=False cam=LIVE ai=LIVE cam_fps=56.2 pub_fps=30.4 frames=969569 result_subs=1 roi=ok intrinsic=ok inference_age_ms=111 target=none transport=False sorting_thread=alive
16:41:12 [v4][heartbeat] enter=True sorting=False cam=LIVE ai=LIVE cam_fps=56.0 pub_fps=30.2 frames=969849 result_subs=1 roi=ok intrinsic=ok inference_age_ms=72 target=none transport=False sorting_thread=alive
16:41:17 [v4][heartbeat] enter=True sorting=False cam=LIVE ai=LIVE cam_fps=57.8 pub_fps=30.4 frames=970138 result_subs=1 roi=ok intrinsic=ok inference_age_ms=106 target=none transport=False sorting_thread=alive
16:41:22 [v4][heartbeat] enter=True sorting=False cam=LIVE ai=LIVE cam_fps=55.4 pub_fps=30.2 frames=970415 result_subs=1 roi=ok intrinsic=ok inference_age_ms=44 target=none transport=False sorting_thread=alive
16:41:27 [v4][heartbeat] enter=True sorting=False cam=LIVE ai=LIVE cam_fps=56.6 pub_fps=30.4 frames=970698 result_subs=1 roi=ok intrinsic=ok inference_age_ms=116 target=none transport=False sorting_thread=alive
16:41:32 [v4][heartbeat] enter=True sorting=False cam=LIVE ai=LIVE cam_fps=56.0 pub_fps=30.2 frames=970978 result_subs=1 roi=ok intrinsic=ok inference_age_ms=98 target=none transport=False sorting_thread=alive
16:41:37 [v4][heartbeat] enter=True sorting=False cam=LIVE ai=LIVE cam_fps=56.2 pub_fps=30.4 frames=971259 result_subs=1 roi=ok intrinsic=ok inference_age_ms=138 target=none transport=False sorting_thread=alive
16:41:42 [v4][heartbeat] enter=True sorting=False cam=LIVE ai=LIVE cam_fps=57.4 pub_fps=30.2 frames=971546 result_subs=1 roi=ok intrinsic=ok inference_age_ms=87 target=none transport=False sorting_thread=alive
16:41:47 [v4][heartbeat] enter=True sorting=False cam=LIVE ai=LIVE cam_fps=54.6 pub_fps=30.4 frames=971819 result_subs=1 roi=ok intrinsic=ok inference_age_ms=112 target=none transport=False sorting_thread=alive
16:41:52 [v4][heartbeat] enter=True sorting=False cam=LIVE ai=LIVE cam_fps=55.2 pub_fps=30.2 frames=972095 result_subs=1 roi=ok intrinsic=ok inference_age_ms=91 target=none transport=False sorting_thread=alive
16:41:57 [v4][heartbeat] enter=True sorting=False cam=LIVE ai=LIVE cam_fps=57.0 pub_fps=30.4 frames=972380 result_subs=1 roi=ok intrinsic=ok inference_age_ms=81 target=none transport=False sorting_thread=alive
16:42:02 [v4][heartbeat] enter=True sorting=False cam=LIVE ai=LIVE cam_fps=55.8 pub_fps=30.2 frames=972659 result_subs=1 roi=ok intrinsic=ok inference_age_ms=60 target=none transport=False sorting_thread=alive
16:42:07 [v4][heartbeat] enter=True sorting=False cam=LIVE ai=LIVE cam_fps=58.6 pub_fps=30.4 frames=972952 result_subs=1 roi=ok intrinsic=ok inference_age_ms=88 target=none transport=False sorting_thread=alive
16:42:12 [v4][heartbeat] enter=True sorting=False cam=LIVE ai=LIVE cam_fps=55.2 pub_fps=30.4 frames=973228 result_subs=1 roi=ok intrinsic=ok inference_age_ms=123 target=none transport=False sorting_thread=alive
16:42:17 [v4][heartbeat] enter=True sorting=False cam=LIVE ai=LIVE cam_fps=55.0 pub_fps=30.2 frames=973503 result_subs=1 roi=ok intrinsic=ok inference_age_ms=80 target=none transport=False sorting_thread=alive
16:42:22 [v4][heartbeat] enter=True sorting=False cam=LIVE ai=LIVE cam_fps=56.4 pub_fps=30.4 frames=973785 result_subs=1 roi=ok intrinsic=ok inference_age_ms=67 target=none transport=False sorting_thread=alive
16:42:27 [v4][heartbeat] enter=True sorting=False cam=LIVE ai=LIVE cam_fps=56.4 pub_fps=30.2 frames=974067 result_subs=1 roi=ok intrinsic=ok inference_age_ms=124 target=none transport=False sorting_thread=alive
16:42:32 [v4][heartbeat] enter=True sorting=False cam=LIVE ai=LIVE cam_fps=57.2 pub_fps=30.2 frames=974353 result_subs=1 roi=ok intrinsic=ok inference_age_ms=78 target=none transport=False sorting_thread=alive
16:42:37 [v4][heartbeat] enter=True sorting=False cam=LIVE ai=LIVE cam_fps=54.6 pub_fps=30.4 frames=974626 result_subs=1 roi=ok intrinsic=ok inference_age_ms=42 target=none transport=False sorting_thread=alive
16:42:42 [v4][heartbeat] enter=True sorting=False cam=LIVE ai=LIVE cam_fps=54.8 pub_fps=30.4 frames=974900 result_subs=1 roi=ok intrinsic=ok inference_age_ms=58 target=none transport=False sorting_thread=alive
16:42:47 [v4][heartbeat] enter=True sorting=False cam=LIVE ai=LIVE cam_fps=57.2 pub_fps=30.2 frames=975186 result_subs=1 roi=ok intrinsic=ok inference_age_ms=96 target=none transport=False sorting_thread=alive
16:42:52 [v4][heartbeat] enter=True sorting=False cam=LIVE ai=LIVE cam_fps=55.4 pub_fps=30.4 frames=975463 result_subs=1 roi=ok intrinsic=ok inference_age_ms=61 target=none transport=False sorting_thread=alive
16:42:57 [v4][heartbeat] enter=True sorting=False cam=LIVE ai=LIVE cam_fps=57.8 pub_fps=30.2 frames=975752 result_subs=1 roi=ok intrinsic=ok inference_age_ms=99 target=none transport=False sorting_thread=alive
16:43:02 [v4][heartbeat] enter=True sorting=False cam=LIVE ai=LIVE cam_fps=55.6 pub_fps=30.4 frames=976030 result_subs=1 roi=ok intrinsic=ok inference_age_ms=63 target=none transport=False sorting_thread=alive
16:43:07 [v4][heartbeat] enter=True sorting=False cam=LIVE ai=LIVE cam_fps=56.4 pub_fps=30.2 frames=976312 result_subs=1 roi=ok intrinsic=ok inference_age_ms=135 target=none transport=False sorting_thread=alive
16:43:12 [v4][heartbeat] enter=True sorting=False cam=LIVE ai=LIVE cam_fps=57.9 pub_fps=30.4 frames=976602 result_subs=1 roi=ok intrinsic=ok inference_age_ms=86 target=none transport=False sorting_thread=alive
16:43:17 [v4][heartbeat] enter=True sorting=False cam=LIVE ai=LIVE cam_fps=54.3 pub_fps=30.2 frames=976873 result_subs=1 roi=ok intrinsic=ok inference_age_ms=75 target=none transport=False sorting_thread=alive
16:43:22 [v4][heartbeat] enter=True sorting=False cam=LIVE ai=LIVE cam_fps=55.9 pub_fps=30.4 frames=977153 result_subs=1 roi=ok intrinsic=ok inference_age_ms=104 target=none transport=False sorting_thread=alive
16:43:27 [v4][heartbeat] enter=True sorting=False cam=LIVE ai=LIVE cam_fps=55.2 pub_fps=30.2 frames=977429 result_subs=1 roi=ok intrinsic=ok inference_age_ms=83 target=none transport=False sorting_thread=alive
16:43:32 [v4][heartbeat] enter=True sorting=False cam=LIVE ai=LIVE cam_fps=53.6 pub_fps=30.4 frames=977697 result_subs=1 roi=ok intrinsic=ok inference_age_ms=107 target=none transport=False sorting_thread=alive
16:43:37 [v4][heartbeat] enter=True sorting=False cam=LIVE ai=LIVE cam_fps=57.6 pub_fps=30.2 frames=977985 result_subs=1 roi=ok intrinsic=ok inference_age_ms=92 target=none transport=False sorting_thread=alive
16:43:42 [v4][heartbeat] enter=True sorting=False cam=LIVE ai=LIVE cam_fps=53.6 pub_fps=30.4 frames=978253 result_subs=1 roi=ok intrinsic=ok inference_age_ms=79 target=none transport=False sorting_thread=alive
16:43:47 [v4][heartbeat] enter=True sorting=False cam=LIVE ai=LIVE cam_fps=54.0 pub_fps=30.2 frames=978523 result_subs=1 roi=ok intrinsic=ok inference_age_ms=42 target=none transport=False sorting_thread=alive
16:43:52 [v4][heartbeat] enter=True sorting=False cam=LIVE ai=LIVE cam_fps=57.0 pub_fps=30.4 frames=978808 result_subs=1 roi=ok intrinsic=ok inference_age_ms=97 target=none transport=False sorting_thread=alive
16:43:57 [v4][heartbeat] enter=True sorting=False cam=LIVE ai=LIVE cam_fps=55.8 pub_fps=30.2 frames=979087 result_subs=1 roi=ok intrinsic=ok inference_age_ms=104 target=none transport=False sorting_thread=alive
16:44:02 [v4][heartbeat] enter=True sorting=False cam=LIVE ai=LIVE cam_fps=57.8 pub_fps=30.4 frames=979376 result_subs=1 roi=ok intrinsic=ok inference_age_ms=108 target=none transport=False sorting_thread=alive
16:44:07 [v4][heartbeat] enter=True sorting=False cam=LIVE ai=LIVE cam_fps=54.0 pub_fps=30.2 frames=979646 result_subs=1 roi=ok intrinsic=ok inference_age_ms=64 target=none transport=False sorting_thread=alive
16:44:12 [v4][heartbeat] enter=True sorting=False cam=LIVE ai=LIVE cam_fps=55.2 pub_fps=30.4 frames=979922 result_subs=1 roi=ok intrinsic=ok inference_age_ms=67 target=none transport=False sorting_thread=alive
16:44:17 [v4][heartbeat] enter=True sorting=False cam=LIVE ai=LIVE cam_fps=57.2 pub_fps=30.2 frames=980208 result_subs=1 roi=ok intrinsic=ok inference_age_ms=71 target=none transport=False sorting_thread=alive
16:44:22 [v4][heartbeat] enter=True sorting=False cam=LIVE ai=LIVE cam_fps=55.0 pub_fps=30.4 frames=980483 result_subs=1 roi=ok intrinsic=ok inference_age_ms=102 target=none transport=False sorting_thread=alive
16:44:27 [v4][heartbeat] enter=True sorting=False cam=LIVE ai=LIVE cam_fps=57.4 pub_fps=30.2 frames=980770 result_subs=1 roi=ok intrinsic=ok inference_age_ms=131 target=none transport=False sorting_thread=alive
16:44:32 [v4][heartbeat] enter=True sorting=False cam=LIVE ai=LIVE cam_fps=55.4 pub_fps=30.4 frames=981047 result_subs=1 roi=ok intrinsic=ok inference_age_ms=85 target=none transport=False sorting_thread=alive
16:44:37 [v4][heartbeat] enter=True sorting=False cam=LIVE ai=LIVE cam_fps=54.6 pub_fps=30.2 frames=981320 result_subs=1 roi=ok intrinsic=ok inference_age_ms=114 target=none transport=False sorting_thread=alive
16:44:42 [v4][heartbeat] enter=True sorting=False cam=LIVE ai=LIVE cam_fps=56.9 pub_fps=30.4 frames=981605 result_subs=1 roi=ok intrinsic=ok inference_age_ms=73 target=none transport=False sorting_thread=alive
16:44:47 [v4][heartbeat] enter=True sorting=False cam=LIVE ai=LIVE cam_fps=56.5 pub_fps=30.2 frames=981887 result_subs=1 roi=ok intrinsic=ok inference_age_ms=112 target=none transport=False sorting_thread=alive
16:44:52 [v4][heartbeat] enter=True sorting=False cam=LIVE ai=LIVE cam_fps=57.0 pub_fps=30.4 frames=982172 result_subs=1 roi=ok intrinsic=ok inference_age_ms=81 target=none transport=False sorting_thread=alive
16:44:57 [v4][heartbeat] enter=True sorting=False cam=LIVE ai=LIVE cam_fps=54.1 pub_fps=30.4 frames=982443 result_subs=1 roi=ok intrinsic=ok inference_age_ms=125 target=none transport=False sorting_thread=alive
16:45:02 [v4][heartbeat] enter=True sorting=False cam=LIVE ai=LIVE cam_fps=54.7 pub_fps=30.2 frames=982716 result_subs=1 roi=ok intrinsic=ok inference_age_ms=71 target=none transport=False sorting_thread=alive
16:45:07 [v4][heartbeat] enter=True sorting=False cam=LIVE ai=LIVE cam_fps=57.3 pub_fps=30.4 frames=983003 result_subs=1 roi=ok intrinsic=ok inference_age_ms=80 target=none transport=False sorting_thread=alive
16:45:12 [v4][heartbeat] enter=True sorting=False cam=LIVE ai=LIVE cam_fps=55.3 pub_fps=30.2 frames=983279 result_subs=1 roi=ok intrinsic=ok inference_age_ms=109 target=none transport=False sorting_thread=alive
16:45:17 [v4][heartbeat] enter=True sorting=False cam=LIVE ai=LIVE cam_fps=56.6 pub_fps=30.4 frames=983562 result_subs=1 roi=ok intrinsic=ok inference_age_ms=94 target=none transport=False sorting_thread=alive
16:45:22 [v4][heartbeat] enter=True sorting=False cam=LIVE ai=LIVE cam_fps=56.6 pub_fps=30.2 frames=983845 result_subs=1 roi=ok intrinsic=ok inference_age_ms=52 target=none transport=False sorting_thread=alive
16:45:27 [v4][heartbeat] enter=True sorting=False cam=LIVE ai=LIVE cam_fps=57.0 pub_fps=30.4 frames=984130 result_subs=1 roi=ok intrinsic=ok inference_age_ms=87 target=none transport=False sorting_thread=alive
16:45:32 [v4][heartbeat] enter=True sorting=False cam=LIVE ai=LIVE cam_fps=58.0 pub_fps=30.2 frames=984420 result_subs=1 roi=ok intrinsic=ok inference_age_ms=96 target=none transport=False sorting_thread=alive
16:45:37 [v4][heartbeat] enter=True sorting=False cam=LIVE ai=LIVE cam_fps=56.0 pub_fps=30.4 frames=984700 result_subs=1 roi=ok intrinsic=ok inference_age_ms=83 target=none transport=False sorting_thread=alive
16:45:42 [v4][heartbeat] enter=True sorting=False cam=LIVE ai=LIVE cam_fps=56.8 pub_fps=30.2 frames=984984 result_subs=1 roi=ok intrinsic=ok inference_age_ms=77 target=none transport=False sorting_thread=alive
16:45:47 [v4][heartbeat] enter=True sorting=False cam=LIVE ai=LIVE cam_fps=56.4 pub_fps=30.4 frames=985266 result_subs=1 roi=ok intrinsic=ok inference_age_ms=101 target=none transport=False sorting_thread=alive
16:45:52 [v4][heartbeat] enter=True sorting=False cam=LIVE ai=LIVE cam_fps=53.0 pub_fps=30.2 frames=985531 result_subs=1 roi=ok intrinsic=ok inference_age_ms=76 target=none transport=False sorting_thread=alive
16:45:57 [v4][heartbeat] enter=True sorting=False cam=LIVE ai=LIVE cam_fps=58.6 pub_fps=30.4 frames=985824 result_subs=1 roi=ok intrinsic=ok inference_age_ms=86 target=none transport=False sorting_thread=alive
16:46:02 [v4][heartbeat] enter=True sorting=False cam=LIVE ai=LIVE cam_fps=56.4 pub_fps=30.2 frames=986106 result_subs=1 roi=ok intrinsic=ok inference_age_ms=64 target=none transport=False sorting_thread=alive
16:46:07 [v4][heartbeat] enter=True sorting=False cam=LIVE ai=LIVE cam_fps=56.0 pub_fps=30.4 frames=986386 result_subs=1 roi=ok intrinsic=ok inference_age_ms=82 target=none transport=False sorting_thread=alive
16:46:12 [v4][heartbeat] enter=True sorting=False cam=LIVE ai=LIVE cam_fps=57.0 pub_fps=30.2 frames=986671 result_subs=1 roi=ok intrinsic=ok inference_age_ms=142 target=none transport=False sorting_thread=alive
16:46:17 [v4][heartbeat] enter=True sorting=False cam=LIVE ai=LIVE cam_fps=54.0 pub_fps=30.4 frames=986941 result_subs=1 roi=ok intrinsic=ok inference_age_ms=88 target=none transport=False sorting_thread=alive
16:46:22 [v4][heartbeat] enter=True sorting=False cam=LIVE ai=LIVE cam_fps=57.6 pub_fps=30.2 frames=987229 result_subs=1 roi=ok intrinsic=ok inference_age_ms=99 target=none transport=False sorting_thread=alive
16:46:27 [v4][heartbeat] enter=True sorting=False cam=LIVE ai=LIVE cam_fps=56.2 pub_fps=30.4 frames=987510 result_subs=1 roi=ok intrinsic=ok inference_age_ms=102 target=none transport=False sorting_thread=alive
16:46:32 [v4][heartbeat] enter=True sorting=False cam=LIVE ai=LIVE cam_fps=56.8 pub_fps=30.2 frames=987794 result_subs=1 roi=ok intrinsic=ok inference_age_ms=73 target=none transport=False sorting_thread=alive
16:46:37 [v4][heartbeat] enter=True sorting=False cam=LIVE ai=LIVE cam_fps=58.2 pub_fps=30.4 frames=988085 result_subs=1 roi=ok intrinsic=ok inference_age_ms=108 target=none transport=False sorting_thread=alive
16:46:42 [v4][heartbeat] enter=True sorting=False cam=LIVE ai=LIVE cam_fps=55.4 pub_fps=30.2 frames=988362 result_subs=1 roi=ok intrinsic=ok inference_age_ms=75 target=none transport=False sorting_thread=alive
16:46:47 [v4][heartbeat] enter=True sorting=False cam=LIVE ai=LIVE cam_fps=57.2 pub_fps=30.4 frames=988648 result_subs=1 roi=ok intrinsic=ok inference_age_ms=101 target=none transport=False sorting_thread=alive
16:46:52 [v4][heartbeat] enter=True sorting=False cam=LIVE ai=LIVE cam_fps=58.2 pub_fps=30.2 frames=988939 result_subs=1 roi=ok intrinsic=ok inference_age_ms=81 target=none transport=False sorting_thread=alive
16:46:57 [v4][heartbeat] enter=True sorting=False cam=LIVE ai=LIVE cam_fps=54.8 pub_fps=30.4 frames=989213 result_subs=1 roi=ok intrinsic=ok inference_age_ms=140 target=none transport=False sorting_thread=alive
16:47:02 [v4][heartbeat] enter=True sorting=False cam=LIVE ai=LIVE cam_fps=57.4 pub_fps=30.2 frames=989500 result_subs=1 roi=ok intrinsic=ok inference_age_ms=96 target=none transport=False sorting_thread=alive
16:47:07 [v4][heartbeat] enter=True sorting=False cam=LIVE ai=LIVE cam_fps=54.2 pub_fps=30.4 frames=989771 result_subs=1 roi=ok intrinsic=ok inference_age_ms=102 target=none transport=False sorting_thread=alive
16:47:12 [v4][heartbeat] enter=True sorting=False cam=LIVE ai=LIVE cam_fps=57.6 pub_fps=30.2 frames=990059 result_subs=1 roi=ok intrinsic=ok inference_age_ms=104 target=none transport=False sorting_thread=alive
16:47:17 [v4][heartbeat] enter=True sorting=False cam=LIVE ai=LIVE cam_fps=57.2 pub_fps=30.4 frames=990345 result_subs=1 roi=ok intrinsic=ok inference_age_ms=138 target=none transport=False sorting_thread=alive
16:47:22 [v4][heartbeat] enter=True sorting=False cam=LIVE ai=LIVE cam_fps=54.2 pub_fps=30.2 frames=990616 result_subs=1 roi=ok intrinsic=ok inference_age_ms=48 target=none transport=False sorting_thread=alive
16:47:27 [v4][heartbeat] enter=True sorting=False cam=LIVE ai=LIVE cam_fps=57.4 pub_fps=30.4 frames=990903 result_subs=1 roi=ok intrinsic=ok inference_age_ms=110 target=none transport=False sorting_thread=alive
16:47:32 [v4][heartbeat] enter=True sorting=False cam=LIVE ai=LIVE cam_fps=54.2 pub_fps=30.2 frames=991174 result_subs=1 roi=ok intrinsic=ok inference_age_ms=67 target=none transport=False sorting_thread=alive
16:47:37 [v4][heartbeat] enter=True sorting=False cam=LIVE ai=LIVE cam_fps=55.8 pub_fps=30.4 frames=991453 result_subs=1 roi=ok intrinsic=ok inference_age_ms=104 target=none transport=False sorting_thread=alive
16:47:42 [v4][heartbeat] enter=True sorting=False cam=LIVE ai=LIVE cam_fps=55.4 pub_fps=30.4 frames=991730 result_subs=1 roi=ok intrinsic=ok inference_age_ms=112 target=none transport=False sorting_thread=alive
16:47:47 [v4][heartbeat] enter=True sorting=False cam=LIVE ai=LIVE cam_fps=55.7 pub_fps=30.2 frames=992008 result_subs=1 roi=ok intrinsic=ok inference_age_ms=106 target=none transport=False sorting_thread=alive
16:47:52 [v4][heartbeat] enter=True sorting=False cam=LIVE ai=LIVE cam_fps=55.7 pub_fps=30.4 frames=992287 result_subs=1 roi=ok intrinsic=ok inference_age_ms=122 target=none transport=False sorting_thread=alive
16:47:57 [v4][heartbeat] enter=True sorting=False cam=LIVE ai=LIVE cam_fps=54.8 pub_fps=30.2 frames=992561 result_subs=1 roi=ok intrinsic=ok inference_age_ms=78 target=none transport=False sorting_thread=alive
16:48:02 [v4][heartbeat] enter=True sorting=False cam=LIVE ai=LIVE cam_fps=55.2 pub_fps=30.4 frames=992837 result_subs=1 roi=ok intrinsic=ok inference_age_ms=78 target=none transport=False sorting_thread=alive
16:48:07 [v4][heartbeat] enter=True sorting=False cam=LIVE ai=LIVE cam_fps=56.9 pub_fps=30.2 frames=993121 result_subs=1 roi=ok intrinsic=ok inference_age_ms=53 target=none transport=False sorting_thread=alive
16:48:12 [v4][heartbeat] enter=True sorting=False cam=LIVE ai=LIVE cam_fps=54.4 pub_fps=30.4 frames=993393 result_subs=1 roi=ok intrinsic=ok inference_age_ms=105 target=none transport=False sorting_thread=alive
16:48:17 [v4][heartbeat] enter=True sorting=False cam=LIVE ai=LIVE cam_fps=56.6 pub_fps=30.2 frames=993676 result_subs=1 roi=ok intrinsic=ok inference_age_ms=131 target=none transport=False sorting_thread=alive
16:48:22 [v4][heartbeat] enter=True sorting=False cam=LIVE ai=LIVE cam_fps=53.8 pub_fps=30.4 frames=993945 result_subs=1 roi=ok intrinsic=ok inference_age_ms=58 target=none transport=False sorting_thread=alive
16:48:27 [v4][heartbeat] enter=True sorting=False cam=LIVE ai=LIVE cam_fps=55.8 pub_fps=30.2 frames=994224 result_subs=1 roi=ok intrinsic=ok inference_age_ms=109 target=none transport=False sorting_thread=alive
16:48:32 [v4][heartbeat] enter=True sorting=False cam=LIVE ai=LIVE cam_fps=57.7 pub_fps=30.4 frames=994513 result_subs=1 roi=ok intrinsic=ok inference_age_ms=88 target=none transport=False sorting_thread=alive
16:48:37 [v4][heartbeat] enter=True sorting=False cam=LIVE ai=LIVE cam_fps=54.7 pub_fps=30.3 frames=994786 result_subs=1 roi=ok intrinsic=ok inference_age_ms=56 target=none transport=False sorting_thread=alive
16:48:42 [v4][heartbeat] enter=True sorting=False cam=LIVE ai=LIVE cam_fps=55.9 pub_fps=30.4 frames=995066 result_subs=1 roi=ok intrinsic=ok inference_age_ms=97 target=none transport=False sorting_thread=alive
16:48:47 [v4][heartbeat] enter=True sorting=False cam=LIVE ai=LIVE cam_fps=54.6 pub_fps=30.2 frames=995339 result_subs=1 roi=ok intrinsic=ok inference_age_ms=60 target=none transport=False sorting_thread=alive
16:48:52 [v4][heartbeat] enter=True sorting=False cam=LIVE ai=LIVE cam_fps=55.2 pub_fps=30.4 frames=995615 result_subs=1 roi=ok intrinsic=ok inference_age_ms=55 target=none transport=False sorting_thread=alive
16:48:57 [v4][heartbeat] enter=True sorting=False cam=LIVE ai=LIVE cam_fps=57.1 pub_fps=30.2 frames=995900 result_subs=1 roi=ok intrinsic=ok inference_age_ms=80 target=none transport=False sorting_thread=alive
16:49:02 [v4][heartbeat] enter=True sorting=False cam=LIVE ai=LIVE cam_fps=52.2 pub_fps=30.4 frames=996161 result_subs=1 roi=ok intrinsic=ok inference_age_ms=86 target=none transport=False sorting_thread=alive
16:49:07 [v4][heartbeat] enter=True sorting=False cam=LIVE ai=LIVE cam_fps=57.2 pub_fps=30.2 frames=996447 result_subs=1 roi=ok intrinsic=ok inference_age_ms=120 target=none transport=False sorting_thread=alive
16:49:12 [v4][heartbeat] enter=True sorting=False cam=LIVE ai=LIVE cam_fps=56.0 pub_fps=30.4 frames=996727 result_subs=1 roi=ok intrinsic=ok inference_age_ms=88 target=none transport=False sorting_thread=alive
16:49:17 [v4][heartbeat] enter=True sorting=False cam=LIVE ai=LIVE cam_fps=53.6 pub_fps=30.2 frames=996995 result_subs=1 roi=ok intrinsic=ok inference_age_ms=108 target=none transport=False sorting_thread=alive
16:49:22 [v4][heartbeat] enter=True sorting=False cam=LIVE ai=LIVE cam_fps=56.0 pub_fps=30.4 frames=997275 result_subs=1 roi=ok intrinsic=ok inference_age_ms=125 target=none transport=False sorting_thread=alive
16:49:27 [v4][heartbeat] enter=True sorting=False cam=LIVE ai=LIVE cam_fps=55.8 pub_fps=30.2 frames=997554 result_subs=1 roi=ok intrinsic=ok inference_age_ms=118 target=none transport=False sorting_thread=alive
16:49:32 [v4][heartbeat] enter=True sorting=False cam=LIVE ai=LIVE cam_fps=56.8 pub_fps=30.4 frames=997838 result_subs=1 roi=ok intrinsic=ok inference_age_ms=96 target=none transport=False sorting_thread=alive
16:49:37 [v4][heartbeat] enter=True sorting=False cam=LIVE ai=LIVE cam_fps=57.0 pub_fps=30.2 frames=998123 result_subs=1 roi=ok intrinsic=ok inference_age_ms=108 target=none transport=False sorting_thread=alive
16:49:42 [v4][heartbeat] enter=True sorting=False cam=LIVE ai=LIVE cam_fps=53.2 pub_fps=30.4 frames=998389 result_subs=1 roi=ok intrinsic=ok inference_age_ms=114 target=none transport=False sorting_thread=alive
16:49:47 [v4][heartbeat] enter=True sorting=False cam=LIVE ai=LIVE cam_fps=56.6 pub_fps=30.2 frames=998672 result_subs=1 roi=ok intrinsic=ok inference_age_ms=88 target=none transport=False sorting_thread=alive
16:49:52 [v4][heartbeat] enter=True sorting=False cam=LIVE ai=LIVE cam_fps=54.2 pub_fps=30.4 frames=998943 result_subs=1 roi=ok intrinsic=ok inference_age_ms=90 target=none transport=False sorting_thread=alive
16:49:57 [v4][heartbeat] enter=True sorting=False cam=LIVE ai=LIVE cam_fps=56.4 pub_fps=30.2 frames=999225 result_subs=1 roi=ok intrinsic=ok inference_age_ms=122 target=none transport=False sorting_thread=alive
16:50:02 [v4][heartbeat] enter=True sorting=False cam=LIVE ai=LIVE cam_fps=56.6 pub_fps=30.4 frames=999508 result_subs=1 roi=ok intrinsic=ok inference_age_ms=87 target=none transport=False sorting_thread=alive
16:50:07 [v4][heartbeat] enter=True sorting=False cam=LIVE ai=LIVE cam_fps=52.4 pub_fps=30.2 frames=999770 result_subs=1 roi=ok intrinsic=ok inference_age_ms=93 target=none transport=False sorting_thread=alive
16:50:12 [v4][heartbeat] enter=True sorting=False cam=LIVE ai=LIVE cam_fps=56.0 pub_fps=30.4 frames=1000050 result_subs=1 roi=ok intrinsic=ok inference_age_ms=111 target=none transport=False sorting_thread=alive
16:50:17 [v4][heartbeat] enter=True sorting=False cam=LIVE ai=LIVE cam_fps=54.8 pub_fps=30.2 frames=1000324 result_subs=1 roi=ok intrinsic=ok inference_age_ms=58 target=none transport=False sorting_thread=alive
16:50:22 [v4][heartbeat] enter=True sorting=False cam=LIVE ai=LIVE cam_fps=56.6 pub_fps=30.4 frames=1000607 result_subs=1 roi=ok intrinsic=ok inference_age_ms=120 target=none transport=False sorting_thread=alive
16:50:27 [v4][heartbeat] enter=True sorting=False cam=LIVE ai=LIVE cam_fps=56.8 pub_fps=30.2 frames=1000891 result_subs=1 roi=ok intrinsic=ok inference_age_ms=55 target=none transport=False sorting_thread=alive
16:50:32 [v4][heartbeat] enter=True sorting=False cam=LIVE ai=LIVE cam_fps=52.0 pub_fps=30.4 frames=1001151 result_subs=1 roi=ok intrinsic=ok inference_age_ms=72 target=none transport=False sorting_thread=alive
16:50:37 [v4][heartbeat] enter=True sorting=False cam=LIVE ai=LIVE cam_fps=57.8 pub_fps=30.2 frames=1001440 result_subs=1 roi=ok intrinsic=ok inference_age_ms=98 target=none transport=False sorting_thread=alive
16:50:42 [v4][heartbeat] enter=True sorting=False cam=LIVE ai=LIVE cam_fps=53.6 pub_fps=30.4 frames=1001708 result_subs=1 roi=ok intrinsic=ok inference_age_ms=106 target=none transport=False sorting_thread=alive
16:50:47 [v4][heartbeat] enter=True sorting=False cam=LIVE ai=LIVE cam_fps=53.8 pub_fps=30.4 frames=1001977 result_subs=1 roi=ok intrinsic=ok inference_age_ms=141 target=none transport=False sorting_thread=alive
16:50:52 [v4][heartbeat] enter=True sorting=False cam=LIVE ai=LIVE cam_fps=56.0 pub_fps=30.2 frames=1002257 result_subs=1 roi=ok intrinsic=ok inference_age_ms=63 target=none transport=False sorting_thread=alive
16:50:57 [v4][heartbeat] enter=True sorting=False cam=LIVE ai=LIVE cam_fps=53.5 pub_fps=30.2 frames=1002524 result_subs=1 roi=ok intrinsic=ok inference_age_ms=110 target=none transport=False sorting_thread=alive
16:51:02 [v4][heartbeat] enter=True sorting=False cam=LIVE ai=LIVE cam_fps=55.6 pub_fps=30.4 frames=1002802 result_subs=1 roi=ok intrinsic=ok inference_age_ms=71 target=none transport=False sorting_thread=alive
16:51:07 [v4][heartbeat] enter=True sorting=False cam=LIVE ai=LIVE cam_fps=57.5 pub_fps=30.3 frames=1003090 result_subs=1 roi=ok intrinsic=ok inference_age_ms=97 target=none transport=False sorting_thread=alive
16:51:12 [v4][heartbeat] enter=True sorting=False cam=LIVE ai=LIVE cam_fps=55.5 pub_fps=30.3 frames=1003367 result_subs=1 roi=ok intrinsic=ok inference_age_ms=104 target=none transport=False sorting_thread=alive
16:51:17 [v4][heartbeat] enter=True sorting=False cam=LIVE ai=LIVE cam_fps=55.4 pub_fps=30.4 frames=1003644 result_subs=1 roi=ok intrinsic=ok inference_age_ms=74 target=none transport=False sorting_thread=alive
16:51:22 [v4][heartbeat] enter=True sorting=False cam=LIVE ai=LIVE cam_fps=54.4 pub_fps=30.2 frames=1003916 result_subs=1 roi=ok intrinsic=ok inference_age_ms=91 target=none transport=False sorting_thread=alive
16:51:27 [v4][heartbeat] enter=True sorting=False cam=LIVE ai=LIVE cam_fps=54.2 pub_fps=30.4 frames=1004187 result_subs=1 roi=ok intrinsic=ok inference_age_ms=89 target=none transport=False sorting_thread=alive
16:51:32 [v4][heartbeat] enter=True sorting=False cam=LIVE ai=LIVE cam_fps=54.2 pub_fps=30.2 frames=1004458 result_subs=1 roi=ok intrinsic=ok inference_age_ms=129 target=none transport=False sorting_thread=alive
16:51:37 [v4][heartbeat] enter=True sorting=False cam=LIVE ai=LIVE cam_fps=55.0 pub_fps=30.4 frames=1004733 result_subs=1 roi=ok intrinsic=ok inference_age_ms=98 target=none transport=False sorting_thread=alive
16:51:42 [v4][heartbeat] enter=True sorting=False cam=LIVE ai=LIVE cam_fps=57.4 pub_fps=30.2 frames=1005020 result_subs=1 roi=ok intrinsic=ok inference_age_ms=135 target=none transport=False sorting_thread=alive
16:51:47 [v4][heartbeat] enter=True sorting=False cam=LIVE ai=LIVE cam_fps=55.0 pub_fps=30.4 frames=1005295 result_subs=1 roi=ok intrinsic=ok inference_age_ms=77 target=none transport=False sorting_thread=alive
16:51:52 [v4][heartbeat] enter=True sorting=False cam=LIVE ai=LIVE cam_fps=56.6 pub_fps=30.2 frames=1005578 result_subs=1 roi=ok intrinsic=ok inference_age_ms=77 target=none transport=False sorting_thread=alive
16:51:57 [v4][heartbeat] enter=True sorting=False cam=LIVE ai=LIVE cam_fps=57.8 pub_fps=30.4 frames=1005867 result_subs=1 roi=ok intrinsic=ok inference_age_ms=71 target=none transport=False sorting_thread=alive
16:52:02 [v4][heartbeat] enter=True sorting=False cam=LIVE ai=LIVE cam_fps=53.9 pub_fps=30.2 frames=1006136 result_subs=1 roi=ok intrinsic=ok inference_age_ms=50 target=none transport=False sorting_thread=alive
16:52:07 [v4][heartbeat] enter=True sorting=False cam=LIVE ai=LIVE cam_fps=55.6 pub_fps=30.4 frames=1006414 result_subs=1 roi=ok intrinsic=ok inference_age_ms=114 target=none transport=False sorting_thread=alive
16:52:12 [v4][heartbeat] enter=True sorting=False cam=LIVE ai=LIVE cam_fps=54.2 pub_fps=30.2 frames=1006685 result_subs=1 roi=ok intrinsic=ok inference_age_ms=114 target=none transport=False sorting_thread=alive
16:52:17 [v4][heartbeat] enter=True sorting=False cam=LIVE ai=LIVE cam_fps=55.4 pub_fps=30.4 frames=1006962 result_subs=1 roi=ok intrinsic=ok inference_age_ms=118 target=none transport=False sorting_thread=alive
16:52:22 [v4][heartbeat] enter=True sorting=False cam=LIVE ai=LIVE cam_fps=56.4 pub_fps=30.2 frames=1007244 result_subs=1 roi=ok intrinsic=ok inference_age_ms=113 target=none transport=False sorting_thread=alive
16:52:27 [v4][heartbeat] enter=True sorting=False cam=LIVE ai=LIVE cam_fps=55.4 pub_fps=30.4 frames=1007521 result_subs=1 roi=ok intrinsic=ok inference_age_ms=100 target=none transport=False sorting_thread=alive
16:52:32 [v4][heartbeat] enter=True sorting=False cam=LIVE ai=LIVE cam_fps=57.0 pub_fps=30.2 frames=1007806 result_subs=1 roi=ok intrinsic=ok inference_age_ms=98 target=none transport=False sorting_thread=alive
16:52:37 [v4][heartbeat] enter=True sorting=False cam=LIVE ai=LIVE cam_fps=57.0 pub_fps=30.4 frames=1008091 result_subs=1 roi=ok intrinsic=ok inference_age_ms=105 target=none transport=False sorting_thread=alive
16:52:42 [v4][heartbeat] enter=True sorting=False cam=LIVE ai=LIVE cam_fps=54.6 pub_fps=30.2 frames=1008364 result_subs=1 roi=ok intrinsic=ok inference_age_ms=88 target=none transport=False sorting_thread=alive
16:52:47 [v4][heartbeat] enter=True sorting=False cam=LIVE ai=LIVE cam_fps=57.2 pub_fps=30.4 frames=1008650 result_subs=1 roi=ok intrinsic=ok inference_age_ms=67 target=none transport=False sorting_thread=alive
16:52:52 [v4][heartbeat] enter=True sorting=False cam=LIVE ai=LIVE cam_fps=53.6 pub_fps=30.2 frames=1008918 result_subs=1 roi=ok intrinsic=ok inference_age_ms=84 target=none transport=False sorting_thread=alive
16:52:57 [v4][heartbeat] enter=True sorting=False cam=LIVE ai=LIVE cam_fps=57.4 pub_fps=30.4 frames=1009205 result_subs=1 roi=ok intrinsic=ok inference_age_ms=67 target=none transport=False sorting_thread=alive
16:53:02 [v4][heartbeat] enter=True sorting=False cam=LIVE ai=LIVE cam_fps=54.8 pub_fps=30.2 frames=1009479 result_subs=1 roi=ok intrinsic=ok inference_age_ms=112 target=none transport=False sorting_thread=alive
16:53:07 [v4][heartbeat] enter=True sorting=False cam=LIVE ai=LIVE cam_fps=56.4 pub_fps=30.4 frames=1009761 result_subs=1 roi=ok intrinsic=ok inference_age_ms=81 target=none transport=False sorting_thread=alive
16:53:12 [v4][heartbeat] enter=True sorting=False cam=LIVE ai=LIVE cam_fps=56.0 pub_fps=30.2 frames=1010041 result_subs=1 roi=ok intrinsic=ok inference_age_ms=62 target=none transport=False sorting_thread=alive
16:53:17 [v4][heartbeat] enter=True sorting=False cam=LIVE ai=LIVE cam_fps=55.0 pub_fps=30.4 frames=1010316 result_subs=1 roi=ok intrinsic=ok inference_age_ms=81 target=none transport=False sorting_thread=alive
16:53:22 [v4][heartbeat] enter=True sorting=False cam=LIVE ai=LIVE cam_fps=56.3 pub_fps=30.4 frames=1010598 result_subs=1 roi=ok intrinsic=ok inference_age_ms=75 target=none transport=False sorting_thread=alive
16:53:27 [v4][heartbeat] enter=True sorting=False cam=LIVE ai=LIVE cam_fps=55.6 pub_fps=30.2 frames=1010876 result_subs=1 roi=ok intrinsic=ok inference_age_ms=104 target=none transport=False sorting_thread=alive
16:53:32 [v4][heartbeat] enter=True sorting=False cam=LIVE ai=LIVE cam_fps=55.0 pub_fps=30.4 frames=1011151 result_subs=1 roi=ok intrinsic=ok inference_age_ms=99 target=none transport=False sorting_thread=alive
16:53:37 [v4][heartbeat] enter=True sorting=False cam=LIVE ai=LIVE cam_fps=57.2 pub_fps=30.2 frames=1011437 result_subs=1 roi=ok intrinsic=ok inference_age_ms=98 target=none transport=False sorting_thread=alive
16:53:42 [v4][heartbeat] enter=True sorting=False cam=LIVE ai=LIVE cam_fps=53.8 pub_fps=30.4 frames=1011706 result_subs=1 roi=ok intrinsic=ok inference_age_ms=90 target=none transport=False sorting_thread=alive
16:53:47 [v4][heartbeat] enter=True sorting=False cam=LIVE ai=LIVE cam_fps=57.0 pub_fps=30.2 frames=1011991 result_subs=1 roi=ok intrinsic=ok inference_age_ms=141 target=none transport=False sorting_thread=alive
16:53:52 [v4][heartbeat] enter=True sorting=False cam=LIVE ai=LIVE cam_fps=56.0 pub_fps=30.4 frames=1012271 result_subs=1 roi=ok intrinsic=ok inference_age_ms=103 target=none transport=False sorting_thread=alive
16:53:57 [v4][heartbeat] enter=True sorting=False cam=LIVE ai=LIVE cam_fps=55.2 pub_fps=30.2 frames=1012547 result_subs=1 roi=ok intrinsic=ok inference_age_ms=83 target=none transport=False sorting_thread=alive
16:54:02 [v4][heartbeat] enter=True sorting=False cam=LIVE ai=LIVE cam_fps=58.0 pub_fps=30.4 frames=1012837 result_subs=1 roi=ok intrinsic=ok inference_age_ms=54 target=none transport=False sorting_thread=alive
16:54:07 [v4][heartbeat] enter=True sorting=False cam=LIVE ai=LIVE cam_fps=53.2 pub_fps=30.2 frames=1013103 result_subs=1 roi=ok intrinsic=ok inference_age_ms=77 target=none transport=False sorting_thread=alive
16:54:12 [v4][heartbeat] enter=True sorting=False cam=LIVE ai=LIVE cam_fps=54.2 pub_fps=30.4 frames=1013374 result_subs=1 roi=ok intrinsic=ok inference_age_ms=105 target=none transport=False sorting_thread=alive
16:54:17 [v4][heartbeat] enter=True sorting=False cam=LIVE ai=LIVE cam_fps=57.2 pub_fps=30.2 frames=1013660 result_subs=1 roi=ok intrinsic=ok inference_age_ms=74 target=none transport=False sorting_thread=alive
16:54:22 [v4][heartbeat] enter=True sorting=False cam=LIVE ai=LIVE cam_fps=54.4 pub_fps=30.4 frames=1013932 result_subs=1 roi=ok intrinsic=ok inference_age_ms=125 target=none transport=False sorting_thread=alive
16:54:27 [v4][heartbeat] enter=True sorting=False cam=LIVE ai=LIVE cam_fps=57.6 pub_fps=30.2 frames=1014220 result_subs=1 roi=ok intrinsic=ok inference_age_ms=91 target=none transport=False sorting_thread=alive
16:54:32 [v4][heartbeat] enter=True sorting=False cam=LIVE ai=LIVE cam_fps=53.8 pub_fps=30.4 frames=1014489 result_subs=1 roi=ok intrinsic=ok inference_age_ms=97 target=none transport=False sorting_thread=alive
16:54:37 [v4][heartbeat] enter=True sorting=False cam=LIVE ai=LIVE cam_fps=55.2 pub_fps=30.2 frames=1014765 result_subs=1 roi=ok intrinsic=ok inference_age_ms=127 target=none transport=False sorting_thread=alive
16:54:42 [v4][heartbeat] enter=True sorting=False cam=LIVE ai=LIVE cam_fps=57.8 pub_fps=30.4 frames=1015054 result_subs=1 roi=ok intrinsic=ok inference_age_ms=95 target=none transport=False sorting_thread=alive
16:54:47 [v4][heartbeat] enter=True sorting=False cam=LIVE ai=LIVE cam_fps=53.8 pub_fps=30.2 frames=1015323 result_subs=1 roi=ok intrinsic=ok inference_age_ms=103 target=none transport=False sorting_thread=alive
16:54:52 [v4][heartbeat] enter=True sorting=False cam=LIVE ai=LIVE cam_fps=55.9 pub_fps=30.4 frames=1015603 result_subs=1 roi=ok intrinsic=ok inference_age_ms=73 target=none transport=False sorting_thread=alive
16:54:57 [v4][heartbeat] enter=True sorting=False cam=LIVE ai=LIVE cam_fps=52.3 pub_fps=30.2 frames=1015864 result_subs=1 roi=ok intrinsic=ok inference_age_ms=105 target=none transport=False sorting_thread=alive
16:55:02 [v4][heartbeat] enter=True sorting=False cam=LIVE ai=LIVE cam_fps=55.8 pub_fps=30.4 frames=1016143 result_subs=1 roi=ok intrinsic=ok inference_age_ms=99 target=none transport=False sorting_thread=alive
16:55:07 [v4][heartbeat] enter=True sorting=False cam=LIVE ai=LIVE cam_fps=57.0 pub_fps=30.2 frames=1016428 result_subs=1 roi=ok intrinsic=ok inference_age_ms=115 target=none transport=False sorting_thread=alive
16:55:12 [v4][heartbeat] enter=True sorting=False cam=LIVE ai=LIVE cam_fps=55.0 pub_fps=30.4 frames=1016703 result_subs=1 roi=ok intrinsic=ok inference_age_ms=107 target=none transport=False sorting_thread=alive
16:55:17 [v4][heartbeat] enter=True sorting=False cam=LIVE ai=LIVE cam_fps=55.4 pub_fps=30.2 frames=1016980 result_subs=1 roi=ok intrinsic=ok inference_age_ms=102 target=none transport=False sorting_thread=alive
16:55:22 [v4][heartbeat] enter=True sorting=False cam=LIVE ai=LIVE cam_fps=55.8 pub_fps=30.4 frames=1017259 result_subs=1 roi=ok intrinsic=ok inference_age_ms=164 target=none transport=False sorting_thread=alive
16:55:27 [v4][heartbeat] enter=True sorting=False cam=LIVE ai=LIVE cam_fps=55.2 pub_fps=30.2 frames=1017535 result_subs=1 roi=ok intrinsic=ok inference_age_ms=127 target=none transport=False sorting_thread=alive
16:55:32 [v4][heartbeat] enter=True sorting=False cam=LIVE ai=LIVE cam_fps=58.0 pub_fps=30.4 frames=1017825 result_subs=1 roi=ok intrinsic=ok inference_age_ms=97 target=none transport=False sorting_thread=alive
16:55:37 [v4][heartbeat] enter=True sorting=False cam=LIVE ai=LIVE cam_fps=53.8 pub_fps=30.2 frames=1018094 result_subs=1 roi=ok intrinsic=ok inference_age_ms=85 target=none transport=False sorting_thread=alive
16:55:42 [v4][heartbeat] enter=True sorting=False cam=LIVE ai=LIVE cam_fps=55.6 pub_fps=30.4 frames=1018372 result_subs=1 roi=ok intrinsic=ok inference_age_ms=127 target=none transport=False sorting_thread=alive
16:55:47 [v4][heartbeat] enter=True sorting=False cam=LIVE ai=LIVE cam_fps=55.8 pub_fps=30.2 frames=1018651 result_subs=1 roi=ok intrinsic=ok inference_age_ms=101 target=none transport=False sorting_thread=alive
16:55:52 [v4][heartbeat] enter=True sorting=False cam=LIVE ai=LIVE cam_fps=55.0 pub_fps=30.4 frames=1018926 result_subs=1 roi=ok intrinsic=ok inference_age_ms=131 target=none transport=False sorting_thread=alive
16:55:57 [v4][heartbeat] enter=True sorting=False cam=LIVE ai=LIVE cam_fps=56.8 pub_fps=30.4 frames=1019210 result_subs=1 roi=ok intrinsic=ok inference_age_ms=139 target=none transport=False sorting_thread=alive
16:56:02 [v4][heartbeat] enter=True sorting=False cam=LIVE ai=LIVE cam_fps=56.8 pub_fps=30.2 frames=1019494 result_subs=1 roi=ok intrinsic=ok inference_age_ms=93 target=none transport=False sorting_thread=alive
16:56:07 [v4][heartbeat] enter=True sorting=False cam=LIVE ai=LIVE cam_fps=54.6 pub_fps=30.4 frames=1019767 result_subs=1 roi=ok intrinsic=ok inference_age_ms=70 target=none transport=False sorting_thread=alive
16:56:12 [v4][heartbeat] enter=True sorting=False cam=LIVE ai=LIVE cam_fps=56.4 pub_fps=30.2 frames=1020049 result_subs=1 roi=ok intrinsic=ok inference_age_ms=112 target=none transport=False sorting_thread=alive
16:56:17 [v4][heartbeat] enter=True sorting=False cam=LIVE ai=LIVE cam_fps=54.8 pub_fps=30.4 frames=1020323 result_subs=1 roi=ok intrinsic=ok inference_age_ms=163 target=none transport=False sorting_thread=alive
16:56:22 [v4][heartbeat] enter=True sorting=False cam=LIVE ai=LIVE cam_fps=56.4 pub_fps=30.2 frames=1020605 result_subs=1 roi=ok intrinsic=ok inference_age_ms=106 target=none transport=False sorting_thread=alive
16:56:27 [v4][heartbeat] enter=True sorting=False cam=LIVE ai=LIVE cam_fps=53.6 pub_fps=30.4 frames=1020873 result_subs=1 roi=ok intrinsic=ok inference_age_ms=100 target=none transport=False sorting_thread=alive
16:56:32 [v4][heartbeat] enter=True sorting=False cam=LIVE ai=LIVE cam_fps=54.8 pub_fps=30.2 frames=1021147 result_subs=1 roi=ok intrinsic=ok inference_age_ms=69 target=none transport=False sorting_thread=alive
16:56:37 [v4][heartbeat] enter=True sorting=False cam=LIVE ai=LIVE cam_fps=57.4 pub_fps=30.4 frames=1021434 result_subs=1 roi=ok intrinsic=ok inference_age_ms=74 target=none transport=False sorting_thread=alive
16:56:42 [v4][heartbeat] enter=True sorting=False cam=LIVE ai=LIVE cam_fps=55.2 pub_fps=30.2 frames=1021710 result_subs=1 roi=ok intrinsic=ok inference_age_ms=94 target=none transport=False sorting_thread=alive
16:56:47 [v4][heartbeat] enter=True sorting=False cam=LIVE ai=LIVE cam_fps=55.5 pub_fps=30.3 frames=1021988 result_subs=1 roi=ok intrinsic=ok inference_age_ms=88 target=none transport=False sorting_thread=alive
16:56:52 [v4][heartbeat] enter=True sorting=False cam=LIVE ai=LIVE cam_fps=55.6 pub_fps=30.2 frames=1022266 result_subs=1 roi=ok intrinsic=ok inference_age_ms=50 target=none transport=False sorting_thread=alive
16:56:57 [v4][heartbeat] enter=True sorting=False cam=LIVE ai=LIVE cam_fps=55.0 pub_fps=30.4 frames=1022541 result_subs=1 roi=ok intrinsic=ok inference_age_ms=101 target=none transport=False sorting_thread=alive
16:57:02 [v4][heartbeat] enter=True sorting=False cam=LIVE ai=LIVE cam_fps=56.0 pub_fps=30.2 frames=1022821 result_subs=1 roi=ok intrinsic=ok inference_age_ms=86 target=none transport=False sorting_thread=alive
16:57:07 [v4][heartbeat] enter=True sorting=False cam=LIVE ai=LIVE cam_fps=52.4 pub_fps=30.4 frames=1023083 result_subs=1 roi=ok intrinsic=ok inference_age_ms=125 target=none transport=False sorting_thread=alive
16:57:12 [v4][heartbeat] enter=True sorting=False cam=LIVE ai=LIVE cam_fps=57.9 pub_fps=30.2 frames=1023372 result_subs=1 roi=ok intrinsic=ok inference_age_ms=114 target=none transport=False sorting_thread=alive
16:57:17 [v4][heartbeat] enter=True sorting=False cam=LIVE ai=LIVE cam_fps=56.2 pub_fps=30.4 frames=1023653 result_subs=1 roi=ok intrinsic=ok inference_age_ms=121 target=none transport=False sorting_thread=alive
16:57:22 [v4][heartbeat] enter=True sorting=False cam=LIVE ai=LIVE cam_fps=53.6 pub_fps=30.2 frames=1023921 result_subs=1 roi=ok intrinsic=ok inference_age_ms=92 target=none transport=False sorting_thread=alive
16:57:27 [v4][heartbeat] enter=True sorting=False cam=LIVE ai=LIVE cam_fps=57.8 pub_fps=30.4 frames=1024210 result_subs=1 roi=ok intrinsic=ok inference_age_ms=95 target=none transport=False sorting_thread=alive
16:57:32 [v4][heartbeat] enter=True sorting=False cam=LIVE ai=LIVE cam_fps=54.2 pub_fps=30.2 frames=1024481 result_subs=1 roi=ok intrinsic=ok inference_age_ms=115 target=none transport=False sorting_thread=alive
16:57:37 [v4][heartbeat] enter=True sorting=False cam=LIVE ai=LIVE cam_fps=57.4 pub_fps=30.4 frames=1024768 result_subs=1 roi=ok intrinsic=ok inference_age_ms=76 target=none transport=False sorting_thread=alive
16:57:42 [v4][heartbeat] enter=True sorting=False cam=LIVE ai=LIVE cam_fps=56.4 pub_fps=30.2 frames=1025050 result_subs=1 roi=ok intrinsic=ok inference_age_ms=111 target=none transport=False sorting_thread=alive
16:57:47 [v4][heartbeat] enter=True sorting=False cam=LIVE ai=LIVE cam_fps=54.8 pub_fps=30.4 frames=1025324 result_subs=1 roi=ok intrinsic=ok inference_age_ms=77 target=none transport=False sorting_thread=alive
16:57:52 [v4][heartbeat] enter=True sorting=False cam=LIVE ai=LIVE cam_fps=58.0 pub_fps=30.2 frames=1025614 result_subs=1 roi=ok intrinsic=ok inference_age_ms=67 target=none transport=False sorting_thread=alive
16:57:57 [v4][heartbeat] enter=True sorting=False cam=LIVE ai=LIVE cam_fps=55.6 pub_fps=30.4 frames=1025892 result_subs=1 roi=ok intrinsic=ok inference_age_ms=67 target=none transport=False sorting_thread=alive
16:58:02 [v4][heartbeat] enter=True sorting=False cam=LIVE ai=LIVE cam_fps=55.8 pub_fps=30.2 frames=1026171 result_subs=1 roi=ok intrinsic=ok inference_age_ms=65 target=none transport=False sorting_thread=alive
16:58:07 [v4][heartbeat] enter=True sorting=False cam=LIVE ai=LIVE cam_fps=58.0 pub_fps=30.4 frames=1026461 result_subs=1 roi=ok intrinsic=ok inference_age_ms=131 target=none transport=False sorting_thread=alive
16:58:12 [v4][heartbeat] enter=True sorting=False cam=LIVE ai=LIVE cam_fps=55.6 pub_fps=30.2 frames=1026739 result_subs=1 roi=ok intrinsic=ok inference_age_ms=51 target=none transport=False sorting_thread=alive
16:58:17 [v4][heartbeat] enter=True sorting=False cam=LIVE ai=LIVE cam_fps=55.8 pub_fps=30.4 frames=1027018 result_subs=1 roi=ok intrinsic=ok inference_age_ms=150 target=none transport=False sorting_thread=alive
16:58:22 [v4][heartbeat] enter=True sorting=False cam=LIVE ai=LIVE cam_fps=55.2 pub_fps=30.2 frames=1027294 result_subs=1 roi=ok intrinsic=ok inference_age_ms=125 target=none transport=False sorting_thread=alive
16:58:27 [v4][heartbeat] enter=True sorting=False cam=LIVE ai=LIVE cam_fps=55.4 pub_fps=30.4 frames=1027571 result_subs=1 roi=ok intrinsic=ok inference_age_ms=65 target=none transport=False sorting_thread=alive
16:58:32 [v4][heartbeat] enter=True sorting=False cam=LIVE ai=LIVE cam_fps=54.8 pub_fps=30.2 frames=1027845 result_subs=1 roi=ok intrinsic=ok inference_age_ms=102 target=none transport=False sorting_thread=alive
16:58:37 [v4][heartbeat] enter=True sorting=False cam=LIVE ai=LIVE cam_fps=54.3 pub_fps=30.4 frames=1028117 result_subs=1 roi=ok intrinsic=ok inference_age_ms=103 target=none transport=False sorting_thread=alive
16:58:42 [v4][heartbeat] enter=True sorting=False cam=LIVE ai=LIVE cam_fps=56.8 pub_fps=30.2 frames=1028401 result_subs=1 roi=ok intrinsic=ok inference_age_ms=90 target=none transport=False sorting_thread=alive
16:58:47 [v4][heartbeat] enter=True sorting=False cam=LIVE ai=LIVE cam_fps=53.8 pub_fps=30.4 frames=1028670 result_subs=1 roi=ok intrinsic=ok inference_age_ms=133 target=none transport=False sorting_thread=alive
16:58:52 [v4][heartbeat] enter=True sorting=False cam=LIVE ai=LIVE cam_fps=55.0 pub_fps=30.4 frames=1028945 result_subs=1 roi=ok intrinsic=ok inference_age_ms=95 target=none transport=False sorting_thread=alive
16:58:57 [v4][heartbeat] enter=True sorting=False cam=LIVE ai=LIVE cam_fps=56.4 pub_fps=30.2 frames=1029227 result_subs=1 roi=ok intrinsic=ok inference_age_ms=96 target=none transport=False sorting_thread=alive
16:59:02 [v4][heartbeat] enter=True sorting=False cam=LIVE ai=LIVE cam_fps=53.3 pub_fps=30.4 frames=1029494 result_subs=1 roi=ok intrinsic=ok inference_age_ms=59 target=none transport=False sorting_thread=alive
16:59:07 [v4][heartbeat] enter=True sorting=False cam=LIVE ai=LIVE cam_fps=55.8 pub_fps=30.2 frames=1029773 result_subs=1 roi=ok intrinsic=ok inference_age_ms=130 target=none transport=False sorting_thread=alive
16:59:12 [v4][heartbeat] enter=True sorting=False cam=LIVE ai=LIVE cam_fps=54.6 pub_fps=30.2 frames=1030046 result_subs=1 roi=ok intrinsic=ok inference_age_ms=131 target=none transport=False sorting_thread=alive
16:59:17 [v4][heartbeat] enter=True sorting=False cam=LIVE ai=LIVE cam_fps=56.4 pub_fps=30.4 frames=1030328 result_subs=1 roi=ok intrinsic=ok inference_age_ms=69 target=none transport=False sorting_thread=alive
16:59:22 [v4][heartbeat] enter=True sorting=False cam=LIVE ai=LIVE cam_fps=57.4 pub_fps=30.4 frames=1030615 result_subs=1 roi=ok intrinsic=ok inference_age_ms=67 target=none transport=False sorting_thread=alive
16:59:27 [v4][heartbeat] enter=True sorting=False cam=LIVE ai=LIVE cam_fps=55.4 pub_fps=30.2 frames=1030892 result_subs=1 roi=ok intrinsic=ok inference_age_ms=73 target=none transport=False sorting_thread=alive
16:59:32 [v4][heartbeat] enter=True sorting=False cam=LIVE ai=LIVE cam_fps=55.6 pub_fps=30.4 frames=1031170 result_subs=1 roi=ok intrinsic=ok inference_age_ms=107 target=none transport=False sorting_thread=alive
16:59:37 [v4][heartbeat] enter=True sorting=False cam=LIVE ai=LIVE cam_fps=53.8 pub_fps=30.2 frames=1031439 result_subs=1 roi=ok intrinsic=ok inference_age_ms=117 target=none transport=False sorting_thread=alive
16:59:42 [v4][heartbeat] enter=True sorting=False cam=LIVE ai=LIVE cam_fps=51.8 pub_fps=30.4 frames=1031698 result_subs=1 roi=ok intrinsic=ok inference_age_ms=134 target=none transport=False sorting_thread=alive
16:59:47 [v4][heartbeat] enter=True sorting=False cam=LIVE ai=LIVE cam_fps=56.8 pub_fps=30.2 frames=1031982 result_subs=1 roi=ok intrinsic=ok inference_age_ms=98 target=none transport=False sorting_thread=alive
16:59:52 [v4][heartbeat] enter=True sorting=False cam=LIVE ai=LIVE cam_fps=54.6 pub_fps=30.4 frames=1032255 result_subs=1 roi=ok intrinsic=ok inference_age_ms=60 target=none transport=False sorting_thread=alive
16:59:57 [v4][heartbeat] enter=True sorting=False cam=LIVE ai=LIVE cam_fps=54.6 pub_fps=30.2 frames=1032528 result_subs=1 roi=ok intrinsic=ok inference_age_ms=146 target=none transport=False sorting_thread=alive
17:00:02 [v4][heartbeat] enter=True sorting=False cam=LIVE ai=LIVE cam_fps=56.0 pub_fps=30.4 frames=1032808 result_subs=1 roi=ok intrinsic=ok inference_age_ms=87 target=none transport=False sorting_thread=alive
17:00:07 [v4][heartbeat] enter=True sorting=False cam=LIVE ai=LIVE cam_fps=55.6 pub_fps=30.2 frames=1033086 result_subs=1 roi=ok intrinsic=ok inference_age_ms=98 target=none transport=False sorting_thread=alive
17:00:12 [v4][heartbeat] enter=True sorting=False cam=LIVE ai=LIVE cam_fps=57.0 pub_fps=30.4 frames=1033371 result_subs=1 roi=ok intrinsic=ok inference_age_ms=108 target=none transport=False sorting_thread=alive
17:00:17 [v4][heartbeat] enter=True sorting=False cam=LIVE ai=LIVE cam_fps=54.4 pub_fps=30.2 frames=1033643 result_subs=1 roi=ok intrinsic=ok inference_age_ms=143 target=none transport=False sorting_thread=alive
17:00:22 [v4][heartbeat] enter=True sorting=False cam=LIVE ai=LIVE cam_fps=55.8 pub_fps=30.4 frames=1033922 result_subs=1 roi=ok intrinsic=ok inference_age_ms=101 target=none transport=False sorting_thread=alive
17:00:27 [v4][heartbeat] enter=True sorting=False cam=LIVE ai=LIVE cam_fps=56.2 pub_fps=30.2 frames=1034203 result_subs=1 roi=ok intrinsic=ok inference_age_ms=105 target=none transport=False sorting_thread=alive
17:00:32 [v4][heartbeat] enter=True sorting=False cam=LIVE ai=LIVE cam_fps=54.0 pub_fps=30.4 frames=1034473 result_subs=1 roi=ok intrinsic=ok inference_age_ms=100 target=none transport=False sorting_thread=alive
17:00:37 [v4][heartbeat] enter=True sorting=False cam=LIVE ai=LIVE cam_fps=56.6 pub_fps=30.2 frames=1034756 result_subs=1 roi=ok intrinsic=ok inference_age_ms=66 target=none transport=False sorting_thread=alive
17:00:42 [v4][heartbeat] enter=True sorting=False cam=LIVE ai=LIVE cam_fps=54.8 pub_fps=30.4 frames=1035030 result_subs=1 roi=ok intrinsic=ok inference_age_ms=111 target=none transport=False sorting_thread=alive
17:00:47 [v4][heartbeat] enter=True sorting=False cam=LIVE ai=LIVE cam_fps=52.0 pub_fps=30.2 frames=1035290 result_subs=1 roi=ok intrinsic=ok inference_age_ms=129 target=none transport=False sorting_thread=alive
17:00:52 [v4][heartbeat] enter=True sorting=False cam=LIVE ai=LIVE cam_fps=56.4 pub_fps=30.4 frames=1035572 result_subs=1 roi=ok intrinsic=ok inference_age_ms=66 target=none transport=False sorting_thread=alive
17:00:57 [v4][heartbeat] enter=True sorting=False cam=LIVE ai=LIVE cam_fps=52.4 pub_fps=30.2 frames=1035834 result_subs=1 roi=ok intrinsic=ok inference_age_ms=56 target=none transport=False sorting_thread=alive
17:01:02 [v4][heartbeat] enter=True sorting=False cam=LIVE ai=LIVE cam_fps=55.2 pub_fps=30.4 frames=1036110 result_subs=1 roi=ok intrinsic=ok inference_age_ms=96 target=none transport=False sorting_thread=alive
17:01:07 [v4][heartbeat] enter=True sorting=False cam=LIVE ai=LIVE cam_fps=55.2 pub_fps=30.2 frames=1036386 result_subs=1 roi=ok intrinsic=ok inference_age_ms=71 target=none transport=False sorting_thread=alive
17:01:12 [v4][heartbeat] enter=True sorting=False cam=LIVE ai=LIVE cam_fps=54.9 pub_fps=30.4 frames=1036661 result_subs=1 roi=ok intrinsic=ok inference_age_ms=76 target=none transport=False sorting_thread=alive
17:01:17 [v4][heartbeat] enter=True sorting=False cam=LIVE ai=LIVE cam_fps=57.3 pub_fps=30.2 frames=1036947 result_subs=1 roi=ok intrinsic=ok inference_age_ms=98 target=none transport=False sorting_thread=alive
17:01:22 [v4][heartbeat] enter=True sorting=False cam=LIVE ai=LIVE cam_fps=53.4 pub_fps=30.4 frames=1037214 result_subs=1 roi=ok intrinsic=ok inference_age_ms=65 target=none transport=False sorting_thread=alive
17:01:27 [v4][heartbeat] enter=True sorting=False cam=LIVE ai=LIVE cam_fps=56.6 pub_fps=30.2 frames=1037497 result_subs=1 roi=ok intrinsic=ok inference_age_ms=92 target=none transport=False sorting_thread=alive
17:01:32 [v4][heartbeat] enter=True sorting=False cam=LIVE ai=LIVE cam_fps=55.8 pub_fps=30.4 frames=1037776 result_subs=1 roi=ok intrinsic=ok inference_age_ms=95 target=none transport=False sorting_thread=alive
17:01:37 [v4][heartbeat] enter=True sorting=False cam=LIVE ai=LIVE cam_fps=56.0 pub_fps=30.4 frames=1038056 result_subs=1 roi=ok intrinsic=ok inference_age_ms=88 target=none transport=False sorting_thread=alive
17:01:42 [v4][heartbeat] enter=True sorting=False cam=LIVE ai=LIVE cam_fps=56.8 pub_fps=30.2 frames=1038340 result_subs=1 roi=ok intrinsic=ok inference_age_ms=47 target=none transport=False sorting_thread=alive
17:01:47 [v4][heartbeat] enter=True sorting=False cam=LIVE ai=LIVE cam_fps=54.4 pub_fps=30.4 frames=1038612 result_subs=1 roi=ok intrinsic=ok inference_age_ms=75 target=none transport=False sorting_thread=alive
17:01:52 [v4][heartbeat] enter=True sorting=False cam=LIVE ai=LIVE cam_fps=55.9 pub_fps=30.2 frames=1038891 result_subs=1 roi=ok intrinsic=ok inference_age_ms=87 target=none transport=False sorting_thread=alive
17:01:57 [v4][heartbeat] enter=True sorting=False cam=LIVE ai=LIVE cam_fps=56.8 pub_fps=30.4 frames=1039175 result_subs=1 roi=ok intrinsic=ok inference_age_ms=66 target=none transport=False sorting_thread=alive
17:02:02 [v4][heartbeat] enter=True sorting=False cam=LIVE ai=LIVE cam_fps=55.8 pub_fps=30.2 frames=1039454 result_subs=1 roi=ok intrinsic=ok inference_age_ms=122 target=none transport=False sorting_thread=alive
17:02:07 [v4][heartbeat] enter=True sorting=False cam=LIVE ai=LIVE cam_fps=57.6 pub_fps=30.4 frames=1039742 result_subs=1 roi=ok intrinsic=ok inference_age_ms=96 target=none transport=False sorting_thread=alive
17:02:12 [v4][heartbeat] enter=True sorting=False cam=LIVE ai=LIVE cam_fps=53.7 pub_fps=30.2 frames=1040010 result_subs=1 roi=ok intrinsic=ok inference_age_ms=117 target=none transport=False sorting_thread=alive
17:02:17 [v4][heartbeat] enter=True sorting=False cam=LIVE ai=LIVE cam_fps=54.3 pub_fps=30.4 frames=1040282 result_subs=1 roi=ok intrinsic=ok inference_age_ms=90 target=none transport=False sorting_thread=alive
17:02:22 [v4][heartbeat] enter=True sorting=False cam=LIVE ai=LIVE cam_fps=56.4 pub_fps=30.2 frames=1040564 result_subs=1 roi=ok intrinsic=ok inference_age_ms=71 target=none transport=False sorting_thread=alive
17:02:27 [v4][heartbeat] enter=True sorting=False cam=LIVE ai=LIVE cam_fps=55.2 pub_fps=30.4 frames=1040840 result_subs=1 roi=ok intrinsic=ok inference_age_ms=84 target=none transport=False sorting_thread=alive
17:02:32 [v4][heartbeat] enter=True sorting=False cam=LIVE ai=LIVE cam_fps=57.2 pub_fps=30.2 frames=1041126 result_subs=1 roi=ok intrinsic=ok inference_age_ms=97 target=none transport=False sorting_thread=alive
17:02:37 [v4][heartbeat] enter=True sorting=False cam=LIVE ai=LIVE cam_fps=54.8 pub_fps=30.4 frames=1041400 result_subs=1 roi=ok intrinsic=ok inference_age_ms=94 target=none transport=False sorting_thread=alive
17:02:42 [v4][heartbeat] enter=True sorting=False cam=LIVE ai=LIVE cam_fps=55.6 pub_fps=30.2 frames=1041678 result_subs=1 roi=ok intrinsic=ok inference_age_ms=128 target=none transport=False sorting_thread=alive
17:02:47 [v4][heartbeat] enter=True sorting=False cam=LIVE ai=LIVE cam_fps=57.2 pub_fps=30.4 frames=1041964 result_subs=1 roi=ok intrinsic=ok inference_age_ms=115 target=none transport=False sorting_thread=alive
17:02:52 [v4][heartbeat] enter=True sorting=False cam=LIVE ai=LIVE cam_fps=52.6 pub_fps=30.2 frames=1042227 result_subs=1 roi=ok intrinsic=ok inference_age_ms=139 target=none transport=False sorting_thread=alive
17:02:57 [v4][heartbeat] enter=True sorting=False cam=LIVE ai=LIVE cam_fps=56.6 pub_fps=30.4 frames=1042510 result_subs=1 roi=ok intrinsic=ok inference_age_ms=113 target=none transport=False sorting_thread=alive
17:03:02 [v4][heartbeat] enter=True sorting=False cam=LIVE ai=LIVE cam_fps=55.4 pub_fps=30.2 frames=1042787 result_subs=1 roi=ok intrinsic=ok inference_age_ms=118 target=none transport=False sorting_thread=alive
17:03:07 [v4][heartbeat] enter=True sorting=False cam=LIVE ai=LIVE cam_fps=55.0 pub_fps=30.4 frames=1043062 result_subs=1 roi=ok intrinsic=ok inference_age_ms=123 target=none transport=False sorting_thread=alive
17:03:12 [v4][heartbeat] enter=True sorting=False cam=LIVE ai=LIVE cam_fps=56.2 pub_fps=30.2 frames=1043343 result_subs=1 roi=ok intrinsic=ok inference_age_ms=71 target=none transport=False sorting_thread=alive
17:03:17 [v4][heartbeat] enter=True sorting=False cam=LIVE ai=LIVE cam_fps=56.2 pub_fps=30.4 frames=1043624 result_subs=1 roi=ok intrinsic=ok inference_age_ms=47 target=none transport=False sorting_thread=alive
17:03:22 [v4][heartbeat] enter=True sorting=False cam=LIVE ai=LIVE cam_fps=57.4 pub_fps=30.2 frames=1043911 result_subs=1 roi=ok intrinsic=ok inference_age_ms=89 target=none transport=False sorting_thread=alive
17:03:27 [v4][heartbeat] enter=True sorting=False cam=LIVE ai=LIVE cam_fps=56.6 pub_fps=30.4 frames=1044194 result_subs=1 roi=ok intrinsic=ok inference_age_ms=120 target=none transport=False sorting_thread=alive
17:03:32 [v4][heartbeat] enter=True sorting=False cam=LIVE ai=LIVE cam_fps=55.4 pub_fps=30.2 frames=1044471 result_subs=1 roi=ok intrinsic=ok inference_age_ms=110 target=none transport=False sorting_thread=alive
17:03:37 [v4][heartbeat] enter=True sorting=False cam=LIVE ai=LIVE cam_fps=56.2 pub_fps=30.4 frames=1044752 result_subs=1 roi=ok intrinsic=ok inference_age_ms=76 target=none transport=False sorting_thread=alive
17:03:42 [v4][heartbeat] enter=True sorting=False cam=LIVE ai=LIVE cam_fps=54.8 pub_fps=30.2 frames=1045026 result_subs=1 roi=ok intrinsic=ok inference_age_ms=78 target=none transport=False sorting_thread=alive
17:03:47 [v4][heartbeat] enter=True sorting=False cam=LIVE ai=LIVE cam_fps=58.4 pub_fps=30.4 frames=1045318 result_subs=1 roi=ok intrinsic=ok inference_age_ms=84 target=none transport=False sorting_thread=alive
17:03:52 [v4][heartbeat] enter=True sorting=False cam=LIVE ai=LIVE cam_fps=55.4 pub_fps=30.2 frames=1045595 result_subs=1 roi=ok intrinsic=ok inference_age_ms=114 target=none transport=False sorting_thread=alive
17:03:57 [v4][heartbeat] enter=True sorting=False cam=LIVE ai=LIVE cam_fps=55.2 pub_fps=30.4 frames=1045871 result_subs=1 roi=ok intrinsic=ok inference_age_ms=87 target=none transport=False sorting_thread=alive
17:04:02 [v4][heartbeat] enter=True sorting=False cam=LIVE ai=LIVE cam_fps=56.4 pub_fps=30.2 frames=1046153 result_subs=1 roi=ok intrinsic=ok inference_age_ms=76 target=none transport=False sorting_thread=alive
17:04:07 [v4][heartbeat] enter=True sorting=False cam=LIVE ai=LIVE cam_fps=56.4 pub_fps=30.4 frames=1046435 result_subs=1 roi=ok intrinsic=ok inference_age_ms=63 target=none transport=False sorting_thread=alive
17:04:12 [v4][heartbeat] enter=True sorting=False cam=LIVE ai=LIVE cam_fps=55.6 pub_fps=30.4 frames=1046713 result_subs=1 roi=ok intrinsic=ok inference_age_ms=136 target=none transport=False sorting_thread=alive
17:04:17 [v4][heartbeat] enter=True sorting=False cam=LIVE ai=LIVE cam_fps=54.4 pub_fps=30.2 frames=1046985 result_subs=1 roi=ok intrinsic=ok inference_age_ms=107 target=none transport=False sorting_thread=alive
17:04:22 [v4][heartbeat] enter=True sorting=False cam=LIVE ai=LIVE cam_fps=53.1 pub_fps=30.2 frames=1047250 result_subs=1 roi=ok intrinsic=ok inference_age_ms=73 target=none transport=False sorting_thread=alive
17:04:27 [v4][heartbeat] enter=True sorting=False cam=LIVE ai=LIVE cam_fps=56.4 pub_fps=30.4 frames=1047532 result_subs=1 roi=ok intrinsic=ok inference_age_ms=76 target=none transport=False sorting_thread=alive
17:04:32 [v4][heartbeat] enter=True sorting=False cam=LIVE ai=LIVE cam_fps=55.9 pub_fps=30.4 frames=1047812 result_subs=1 roi=ok intrinsic=ok inference_age_ms=83 target=none transport=False sorting_thread=alive
17:04:37 [v4][heartbeat] enter=True sorting=False cam=LIVE ai=LIVE cam_fps=56.7 pub_fps=30.3 frames=1048095 result_subs=1 roi=ok intrinsic=ok inference_age_ms=95 target=none transport=False sorting_thread=alive
17:04:42 [v4][heartbeat] enter=True sorting=False cam=LIVE ai=LIVE cam_fps=54.2 pub_fps=30.4 frames=1048366 result_subs=1 roi=ok intrinsic=ok inference_age_ms=70 target=none transport=False sorting_thread=alive
17:04:47 [v4][heartbeat] enter=True sorting=False cam=LIVE ai=LIVE cam_fps=54.2 pub_fps=30.2 frames=1048637 result_subs=1 roi=ok intrinsic=ok inference_age_ms=125 target=none transport=False sorting_thread=alive
17:04:52 [v4][heartbeat] enter=True sorting=False cam=LIVE ai=LIVE cam_fps=54.7 pub_fps=30.4 frames=1048911 result_subs=1 roi=ok intrinsic=ok inference_age_ms=67 target=none transport=False sorting_thread=alive
17:04:57 [v4][heartbeat] enter=True sorting=False cam=LIVE ai=LIVE cam_fps=56.1 pub_fps=30.2 frames=1049191 result_subs=1 roi=ok intrinsic=ok inference_age_ms=119 target=none transport=False sorting_thread=alive
17:05:02 [v4][heartbeat] enter=True sorting=False cam=LIVE ai=LIVE cam_fps=55.6 pub_fps=30.4 frames=1049469 result_subs=1 roi=ok intrinsic=ok inference_age_ms=65 target=none transport=False sorting_thread=alive
17:05:07 [v4][heartbeat] enter=True sorting=False cam=LIVE ai=LIVE cam_fps=57.0 pub_fps=30.2 frames=1049754 result_subs=1 roi=ok intrinsic=ok inference_age_ms=100 target=none transport=False sorting_thread=alive
17:05:12 [v4][heartbeat] enter=True sorting=False cam=LIVE ai=LIVE cam_fps=54.2 pub_fps=30.4 frames=1050025 result_subs=1 roi=ok intrinsic=ok inference_age_ms=128 target=none transport=False sorting_thread=alive
17:05:17 [v4][heartbeat] enter=True sorting=False cam=LIVE ai=LIVE cam_fps=55.4 pub_fps=30.2 frames=1050302 result_subs=1 roi=ok intrinsic=ok inference_age_ms=48 target=none transport=False sorting_thread=alive
17:05:22 [v4][heartbeat] enter=True sorting=False cam=LIVE ai=LIVE cam_fps=55.4 pub_fps=30.4 frames=1050579 result_subs=1 roi=ok intrinsic=ok inference_age_ms=100 target=none transport=False sorting_thread=alive
17:05:27 [v4][heartbeat] enter=True sorting=False cam=LIVE ai=LIVE cam_fps=56.0 pub_fps=30.2 frames=1050859 result_subs=1 roi=ok intrinsic=ok inference_age_ms=170 target=none transport=False sorting_thread=alive
17:05:32 [v4][heartbeat] enter=True sorting=False cam=LIVE ai=LIVE cam_fps=55.6 pub_fps=30.4 frames=1051137 result_subs=1 roi=ok intrinsic=ok inference_age_ms=117 target=none transport=False sorting_thread=alive
17:05:37 [v4][heartbeat] enter=True sorting=False cam=LIVE ai=LIVE cam_fps=56.0 pub_fps=30.2 frames=1051417 result_subs=1 roi=ok intrinsic=ok inference_age_ms=101 target=none transport=False sorting_thread=alive
17:05:42 [v4][heartbeat] enter=True sorting=False cam=LIVE ai=LIVE cam_fps=56.2 pub_fps=30.4 frames=1051698 result_subs=1 roi=ok intrinsic=ok inference_age_ms=107 target=none transport=False sorting_thread=alive
17:05:47 [v4][heartbeat] enter=True sorting=False cam=LIVE ai=LIVE cam_fps=54.8 pub_fps=30.2 frames=1051972 result_subs=1 roi=ok intrinsic=ok inference_age_ms=53 target=none transport=False sorting_thread=alive
17:05:52 [v4][heartbeat] enter=True sorting=False cam=LIVE ai=LIVE cam_fps=54.6 pub_fps=30.4 frames=1052245 result_subs=1 roi=ok intrinsic=ok inference_age_ms=107 target=none transport=False sorting_thread=alive
17:05:57 [v4][heartbeat] enter=True sorting=False cam=LIVE ai=LIVE cam_fps=56.0 pub_fps=30.2 frames=1052525 result_subs=1 roi=ok intrinsic=ok inference_age_ms=50 target=none transport=False sorting_thread=alive
17:06:02 [v4][heartbeat] enter=True sorting=False cam=LIVE ai=LIVE cam_fps=57.2 pub_fps=30.4 frames=1052811 result_subs=1 roi=ok intrinsic=ok inference_age_ms=104 target=none transport=False sorting_thread=alive
17:06:07 [v4][heartbeat] enter=True sorting=False cam=LIVE ai=LIVE cam_fps=55.0 pub_fps=30.2 frames=1053086 result_subs=1 roi=ok intrinsic=ok inference_age_ms=90 target=none transport=False sorting_thread=alive
17:06:12 [v4][heartbeat] enter=True sorting=False cam=LIVE ai=LIVE cam_fps=56.8 pub_fps=30.4 frames=1053370 result_subs=1 roi=ok intrinsic=ok inference_age_ms=65 target=none transport=False sorting_thread=alive
17:06:17 [v4][heartbeat] enter=True sorting=False cam=LIVE ai=LIVE cam_fps=50.0 pub_fps=30.2 frames=1053620 result_subs=1 roi=ok intrinsic=ok inference_age_ms=49 target=none transport=False sorting_thread=alive
17:06:22 [v4][heartbeat] enter=True sorting=False cam=LIVE ai=LIVE cam_fps=56.4 pub_fps=30.4 frames=1053902 result_subs=1 roi=ok intrinsic=ok inference_age_ms=105 target=none transport=False sorting_thread=alive
17:06:27 [v4][heartbeat] enter=True sorting=False cam=LIVE ai=LIVE cam_fps=54.4 pub_fps=30.2 frames=1054174 result_subs=1 roi=ok intrinsic=ok inference_age_ms=105 target=none transport=False sorting_thread=alive
17:06:32 [v4][heartbeat] enter=True sorting=False cam=LIVE ai=LIVE cam_fps=54.8 pub_fps=30.4 frames=1054448 result_subs=1 roi=ok intrinsic=ok inference_age_ms=76 target=none transport=False sorting_thread=alive
17:06:37 [v4][heartbeat] enter=True sorting=False cam=LIVE ai=LIVE cam_fps=55.4 pub_fps=30.2 frames=1054725 result_subs=1 roi=ok intrinsic=ok inference_age_ms=112 target=none transport=False sorting_thread=alive
17:06:42 [v4][heartbeat] enter=True sorting=False cam=LIVE ai=LIVE cam_fps=52.8 pub_fps=30.4 frames=1054989 result_subs=1 roi=ok intrinsic=ok inference_age_ms=99 target=none transport=False sorting_thread=alive
17:06:47 [v4][heartbeat] enter=True sorting=False cam=LIVE ai=LIVE cam_fps=56.3 pub_fps=30.2 frames=1055271 result_subs=1 roi=ok intrinsic=ok inference_age_ms=60 target=none transport=False sorting_thread=alive
17:06:52 [v4][heartbeat] enter=True sorting=False cam=LIVE ai=LIVE cam_fps=54.4 pub_fps=30.4 frames=1055543 result_subs=1 roi=ok intrinsic=ok inference_age_ms=73 target=none transport=False sorting_thread=alive
17:06:57 [v4][heartbeat] enter=True sorting=False cam=LIVE ai=LIVE cam_fps=54.3 pub_fps=30.2 frames=1055814 result_subs=1 roi=ok intrinsic=ok inference_age_ms=79 target=none transport=False sorting_thread=alive
17:07:02 [v4][heartbeat] enter=True sorting=False cam=LIVE ai=LIVE cam_fps=55.6 pub_fps=30.4 frames=1056092 result_subs=1 roi=ok intrinsic=ok inference_age_ms=103 target=none transport=False sorting_thread=alive
17:07:07 [v4][heartbeat] enter=True sorting=False cam=LIVE ai=LIVE cam_fps=55.8 pub_fps=30.2 frames=1056371 result_subs=1 roi=ok intrinsic=ok inference_age_ms=85 target=none transport=False sorting_thread=alive
17:07:12 [v4][heartbeat] enter=True sorting=False cam=LIVE ai=LIVE cam_fps=55.0 pub_fps=30.4 frames=1056646 result_subs=1 roi=ok intrinsic=ok inference_age_ms=130 target=none transport=False sorting_thread=alive
17:07:17 [v4][heartbeat] enter=True sorting=False cam=LIVE ai=LIVE cam_fps=56.5 pub_fps=30.4 frames=1056929 result_subs=1 roi=ok intrinsic=ok inference_age_ms=116 target=none transport=False sorting_thread=alive
17:07:22 [v4][heartbeat] enter=True sorting=False cam=LIVE ai=LIVE cam_fps=53.7 pub_fps=30.2 frames=1057197 result_subs=1 roi=ok intrinsic=ok inference_age_ms=131 target=none transport=False sorting_thread=alive
17:07:27 [v4][heartbeat] enter=True sorting=False cam=LIVE ai=LIVE cam_fps=57.4 pub_fps=30.2 frames=1057484 result_subs=1 roi=ok intrinsic=ok inference_age_ms=87 target=none transport=False sorting_thread=alive
17:07:32 [v4][heartbeat] enter=True sorting=False cam=LIVE ai=LIVE cam_fps=54.0 pub_fps=30.4 frames=1057754 result_subs=1 roi=ok intrinsic=ok inference_age_ms=72 target=none transport=False sorting_thread=alive
17:07:37 [v4][heartbeat] enter=True sorting=False cam=LIVE ai=LIVE cam_fps=57.2 pub_fps=30.4 frames=1058040 result_subs=1 roi=ok intrinsic=ok inference_age_ms=104 target=none transport=False sorting_thread=alive
17:07:42 [v4][heartbeat] enter=True sorting=False cam=LIVE ai=LIVE cam_fps=57.0 pub_fps=30.2 frames=1058325 result_subs=1 roi=ok intrinsic=ok inference_age_ms=98 target=none transport=False sorting_thread=alive
17:07:47 [v4][heartbeat] enter=True sorting=False cam=LIVE ai=LIVE cam_fps=53.7 pub_fps=30.4 frames=1058594 result_subs=1 roi=ok intrinsic=ok inference_age_ms=101 target=none transport=False sorting_thread=alive
17:07:52 [v4][heartbeat] enter=True sorting=False cam=LIVE ai=LIVE cam_fps=55.9 pub_fps=30.2 frames=1058873 result_subs=1 roi=ok intrinsic=ok inference_age_ms=82 target=none transport=False sorting_thread=alive
17:07:57 [v4][heartbeat] enter=True sorting=False cam=LIVE ai=LIVE cam_fps=52.7 pub_fps=30.3 frames=1059137 result_subs=1 roi=ok intrinsic=ok inference_age_ms=81 target=none transport=False sorting_thread=alive
17:08:02 [v4][heartbeat] enter=True sorting=False cam=LIVE ai=LIVE cam_fps=53.5 pub_fps=30.3 frames=1059404 result_subs=1 roi=ok intrinsic=ok inference_age_ms=102 target=none transport=False sorting_thread=alive
17:08:07 [v4][heartbeat] enter=True sorting=False cam=LIVE ai=LIVE cam_fps=56.4 pub_fps=30.4 frames=1059686 result_subs=1 roi=ok intrinsic=ok inference_age_ms=69 target=none transport=False sorting_thread=alive
17:08:12 [v4][heartbeat] enter=True sorting=False cam=LIVE ai=LIVE cam_fps=51.6 pub_fps=30.2 frames=1059944 result_subs=1 roi=ok intrinsic=ok inference_age_ms=77 target=none transport=False sorting_thread=alive
17:08:17 [v4][heartbeat] enter=True sorting=False cam=LIVE ai=LIVE cam_fps=55.7 pub_fps=30.4 frames=1060223 result_subs=1 roi=ok intrinsic=ok inference_age_ms=117 target=none transport=False sorting_thread=alive
17:08:22 [v4][heartbeat] enter=True sorting=False cam=LIVE ai=LIVE cam_fps=53.3 pub_fps=30.2 frames=1060489 result_subs=1 roi=ok intrinsic=ok inference_age_ms=98 target=none transport=False sorting_thread=alive
17:08:27 [v4][heartbeat] enter=True sorting=False cam=LIVE ai=LIVE cam_fps=56.2 pub_fps=30.4 frames=1060770 result_subs=1 roi=ok intrinsic=ok inference_age_ms=100 target=none transport=False sorting_thread=alive
17:08:32 [v4][heartbeat] enter=True sorting=False cam=LIVE ai=LIVE cam_fps=57.4 pub_fps=30.2 frames=1061057 result_subs=1 roi=ok intrinsic=ok inference_age_ms=67 target=none transport=False sorting_thread=alive
17:08:37 [v4][heartbeat] enter=True sorting=False cam=LIVE ai=LIVE cam_fps=54.0 pub_fps=30.4 frames=1061327 result_subs=1 roi=ok intrinsic=ok inference_age_ms=83 target=none transport=False sorting_thread=alive
17:08:42 [v4][heartbeat] enter=True sorting=False cam=LIVE ai=LIVE cam_fps=57.3 pub_fps=30.2 frames=1061614 result_subs=1 roi=ok intrinsic=ok inference_age_ms=116 target=none transport=False sorting_thread=alive
17:08:47 [v4][heartbeat] enter=True sorting=False cam=LIVE ai=LIVE cam_fps=54.6 pub_fps=30.4 frames=1061887 result_subs=1 roi=ok intrinsic=ok inference_age_ms=107 target=none transport=False sorting_thread=alive
17:08:52 [v4][heartbeat] enter=True sorting=False cam=LIVE ai=LIVE cam_fps=55.2 pub_fps=30.2 frames=1062163 result_subs=1 roi=ok intrinsic=ok inference_age_ms=40 target=none transport=False sorting_thread=alive
17:08:57 [v4][heartbeat] enter=True sorting=False cam=LIVE ai=LIVE cam_fps=55.2 pub_fps=30.4 frames=1062439 result_subs=1 roi=ok intrinsic=ok inference_age_ms=151 target=none transport=False sorting_thread=alive
17:09:02 [v4][heartbeat] enter=True sorting=False cam=LIVE ai=LIVE cam_fps=53.4 pub_fps=30.2 frames=1062706 result_subs=1 roi=ok intrinsic=ok inference_age_ms=120 target=none transport=False sorting_thread=alive
17:09:07 [v4][heartbeat] enter=True sorting=False cam=LIVE ai=LIVE cam_fps=56.2 pub_fps=30.4 frames=1062987 result_subs=1 roi=ok intrinsic=ok inference_age_ms=77 target=none transport=False sorting_thread=alive
17:09:12 [v4][heartbeat] enter=True sorting=False cam=LIVE ai=LIVE cam_fps=55.4 pub_fps=30.2 frames=1063264 result_subs=1 roi=ok intrinsic=ok inference_age_ms=119 target=none transport=False sorting_thread=alive
17:09:17 [v4][heartbeat] enter=True sorting=False cam=LIVE ai=LIVE cam_fps=53.6 pub_fps=30.4 frames=1063532 result_subs=1 roi=ok intrinsic=ok inference_age_ms=101 target=none transport=False sorting_thread=alive
17:09:22 [v4][heartbeat] enter=True sorting=False cam=LIVE ai=LIVE cam_fps=56.0 pub_fps=30.2 frames=1063812 result_subs=1 roi=ok intrinsic=ok inference_age_ms=86 target=none transport=False sorting_thread=alive
17:09:27 [v4][heartbeat] enter=True sorting=False cam=LIVE ai=LIVE cam_fps=53.2 pub_fps=30.4 frames=1064078 result_subs=1 roi=ok intrinsic=ok inference_age_ms=91 target=none transport=False sorting_thread=alive
17:09:32 [v4][heartbeat] enter=True sorting=False cam=LIVE ai=LIVE cam_fps=55.0 pub_fps=30.2 frames=1064353 result_subs=1 roi=ok intrinsic=ok inference_age_ms=123 target=none transport=False sorting_thread=alive
17:09:37 [v4][heartbeat] enter=True sorting=False cam=LIVE ai=LIVE cam_fps=56.6 pub_fps=30.4 frames=1064636 result_subs=1 roi=ok intrinsic=ok inference_age_ms=115 target=none transport=False sorting_thread=alive
17:09:42 [v4][heartbeat] enter=True sorting=False cam=LIVE ai=LIVE cam_fps=54.8 pub_fps=30.2 frames=1064910 result_subs=1 roi=ok intrinsic=ok inference_age_ms=110 target=none transport=False sorting_thread=alive
17:09:47 [v4][heartbeat] enter=True sorting=False cam=LIVE ai=LIVE cam_fps=56.8 pub_fps=30.4 frames=1065194 result_subs=1 roi=ok intrinsic=ok inference_age_ms=103 target=none transport=False sorting_thread=alive
17:09:52 [v4][heartbeat] enter=True sorting=False cam=LIVE ai=LIVE cam_fps=52.4 pub_fps=30.4 frames=1065456 result_subs=1 roi=ok intrinsic=ok inference_age_ms=97 target=none transport=False sorting_thread=alive
17:09:57 [v4][heartbeat] enter=True sorting=False cam=LIVE ai=LIVE cam_fps=56.2 pub_fps=30.2 frames=1065737 result_subs=1 roi=ok intrinsic=ok inference_age_ms=105 target=none transport=False sorting_thread=alive
17:10:02 [v4][heartbeat] enter=True sorting=False cam=LIVE ai=LIVE cam_fps=57.6 pub_fps=30.4 frames=1066025 result_subs=1 roi=ok intrinsic=ok inference_age_ms=92 target=none transport=False sorting_thread=alive
17:10:07 [v4][heartbeat] enter=True sorting=False cam=LIVE ai=LIVE cam_fps=55.0 pub_fps=30.2 frames=1066300 result_subs=1 roi=ok intrinsic=ok inference_age_ms=99 target=none transport=False sorting_thread=alive
17:10:12 [v4][heartbeat] enter=True sorting=False cam=LIVE ai=LIVE cam_fps=56.0 pub_fps=30.4 frames=1066580 result_subs=1 roi=ok intrinsic=ok inference_age_ms=96 target=none transport=False sorting_thread=alive
17:10:17 [v4][heartbeat] enter=True sorting=False cam=LIVE ai=LIVE cam_fps=54.0 pub_fps=30.2 frames=1066850 result_subs=1 roi=ok intrinsic=ok inference_age_ms=115 target=none transport=False sorting_thread=alive
17:10:22 [v4][heartbeat] enter=True sorting=False cam=LIVE ai=LIVE cam_fps=54.9 pub_fps=30.4 frames=1067124 result_subs=1 roi=ok intrinsic=ok inference_age_ms=108 target=none transport=False sorting_thread=alive
17:10:27 [v4][heartbeat] enter=True sorting=False cam=LIVE ai=LIVE cam_fps=57.8 pub_fps=30.2 frames=1067413 result_subs=1 roi=ok intrinsic=ok inference_age_ms=137 target=none transport=False sorting_thread=alive
17:10:32 [v4][heartbeat] enter=True sorting=False cam=LIVE ai=LIVE cam_fps=55.6 pub_fps=30.4 frames=1067691 result_subs=1 roi=ok intrinsic=ok inference_age_ms=116 target=none transport=False sorting_thread=alive
17:10:37 [v4][heartbeat] enter=True sorting=False cam=LIVE ai=LIVE cam_fps=56.4 pub_fps=30.2 frames=1067973 result_subs=1 roi=ok intrinsic=ok inference_age_ms=108 target=none transport=False sorting_thread=alive
17:10:42 [v4][heartbeat] enter=True sorting=False cam=LIVE ai=LIVE cam_fps=53.8 pub_fps=30.4 frames=1068242 result_subs=1 roi=ok intrinsic=ok inference_age_ms=61 target=none transport=False sorting_thread=alive
17:10:47 [v4][heartbeat] enter=True sorting=False cam=LIVE ai=LIVE cam_fps=54.8 pub_fps=30.2 frames=1068516 result_subs=1 roi=ok intrinsic=ok inference_age_ms=85 target=none transport=False sorting_thread=alive
17:10:52 [v4][heartbeat] enter=True sorting=False cam=LIVE ai=LIVE cam_fps=56.3 pub_fps=30.4 frames=1068798 result_subs=1 roi=ok intrinsic=ok inference_age_ms=104 target=none transport=False sorting_thread=alive
17:10:57 [v4][heartbeat] enter=True sorting=False cam=LIVE ai=LIVE cam_fps=54.0 pub_fps=30.2 frames=1069068 result_subs=1 roi=ok intrinsic=ok inference_age_ms=52 target=none transport=False sorting_thread=alive
17:11:02 [v4][heartbeat] enter=True sorting=False cam=LIVE ai=LIVE cam_fps=55.4 pub_fps=30.4 frames=1069345 result_subs=1 roi=ok intrinsic=ok inference_age_ms=89 target=none transport=False sorting_thread=alive
17:11:07 [v4][heartbeat] enter=True sorting=False cam=LIVE ai=LIVE cam_fps=55.0 pub_fps=30.2 frames=1069620 result_subs=1 roi=ok intrinsic=ok inference_age_ms=112 target=none transport=False sorting_thread=alive
17:11:12 [v4][heartbeat] enter=True sorting=False cam=LIVE ai=LIVE cam_fps=54.7 pub_fps=30.4 frames=1069894 result_subs=1 roi=ok intrinsic=ok inference_age_ms=65 target=none transport=False sorting_thread=alive
17:11:17 [v4][heartbeat] enter=True sorting=False cam=LIVE ai=LIVE cam_fps=58.1 pub_fps=30.2 frames=1070184 result_subs=1 roi=ok intrinsic=ok inference_age_ms=85 target=none transport=False sorting_thread=alive
17:11:22 [v4][heartbeat] enter=True sorting=False cam=LIVE ai=LIVE cam_fps=54.6 pub_fps=30.4 frames=1070457 result_subs=1 roi=ok intrinsic=ok inference_age_ms=93 target=none transport=False sorting_thread=alive
17:11:27 [v4][heartbeat] enter=True sorting=False cam=LIVE ai=LIVE cam_fps=55.4 pub_fps=30.2 frames=1070734 result_subs=1 roi=ok intrinsic=ok inference_age_ms=107 target=none transport=False sorting_thread=alive
17:11:32 [v4][heartbeat] enter=True sorting=False cam=LIVE ai=LIVE cam_fps=55.6 pub_fps=30.4 frames=1071012 result_subs=1 roi=ok intrinsic=ok inference_age_ms=125 target=none transport=False sorting_thread=alive
17:11:37 [v4][heartbeat] enter=True sorting=False cam=LIVE ai=LIVE cam_fps=55.2 pub_fps=30.2 frames=1071288 result_subs=1 roi=ok intrinsic=ok inference_age_ms=41 target=none transport=False sorting_thread=alive
17:11:42 [v4][heartbeat] enter=True sorting=False cam=LIVE ai=LIVE cam_fps=57.6 pub_fps=30.4 frames=1071576 result_subs=1 roi=ok intrinsic=ok inference_age_ms=80 target=none transport=False sorting_thread=alive
17:11:47 [v4][heartbeat] enter=True sorting=False cam=LIVE ai=LIVE cam_fps=55.2 pub_fps=30.2 frames=1071852 result_subs=1 roi=ok intrinsic=ok inference_age_ms=81 target=none transport=False sorting_thread=alive
17:11:52 [v4][heartbeat] enter=True sorting=False cam=LIVE ai=LIVE cam_fps=55.4 pub_fps=30.4 frames=1072129 result_subs=1 roi=ok intrinsic=ok inference_age_ms=103 target=none transport=False sorting_thread=alive
17:11:57 [v4][heartbeat] enter=True sorting=False cam=LIVE ai=LIVE cam_fps=55.4 pub_fps=30.2 frames=1072406 result_subs=1 roi=ok intrinsic=ok inference_age_ms=80 target=none transport=False sorting_thread=alive
17:12:02 [v4][heartbeat] enter=True sorting=False cam=LIVE ai=LIVE cam_fps=54.4 pub_fps=30.4 frames=1072678 result_subs=1 roi=ok intrinsic=ok inference_age_ms=81 target=none transport=False sorting_thread=alive
17:12:07 [v4][heartbeat] enter=True sorting=False cam=LIVE ai=LIVE cam_fps=56.6 pub_fps=30.2 frames=1072961 result_subs=1 roi=ok intrinsic=ok inference_age_ms=76 target=none transport=False sorting_thread=alive
17:12:12 [v4][heartbeat] enter=True sorting=False cam=LIVE ai=LIVE cam_fps=55.8 pub_fps=30.4 frames=1073240 result_subs=1 roi=ok intrinsic=ok inference_age_ms=89 target=none transport=False sorting_thread=alive
17:12:17 [v4][heartbeat] enter=True sorting=False cam=LIVE ai=LIVE cam_fps=54.6 pub_fps=30.2 frames=1073513 result_subs=1 roi=ok intrinsic=ok inference_age_ms=85 target=none transport=False sorting_thread=alive
17:12:22 [v4][heartbeat] enter=True sorting=False cam=LIVE ai=LIVE cam_fps=56.6 pub_fps=30.4 frames=1073796 result_subs=1 roi=ok intrinsic=ok inference_age_ms=98 target=none transport=False sorting_thread=alive
17:12:27 [v4][heartbeat] enter=True sorting=False cam=LIVE ai=LIVE cam_fps=54.8 pub_fps=30.2 frames=1074070 result_subs=1 roi=ok intrinsic=ok inference_age_ms=100 target=none transport=False sorting_thread=alive
17:12:32 [v4][heartbeat] enter=True sorting=False cam=LIVE ai=LIVE cam_fps=56.2 pub_fps=30.4 frames=1074351 result_subs=1 roi=ok intrinsic=ok inference_age_ms=125 target=none transport=False sorting_thread=alive
17:12:37 [v4][heartbeat] enter=True sorting=False cam=LIVE ai=LIVE cam_fps=54.2 pub_fps=30.4 frames=1074622 result_subs=1 roi=ok intrinsic=ok inference_age_ms=123 target=none transport=False sorting_thread=alive
17:12:42 [v4][heartbeat] enter=True sorting=False cam=LIVE ai=LIVE cam_fps=54.8 pub_fps=30.2 frames=1074896 result_subs=1 roi=ok intrinsic=ok inference_age_ms=70 target=none transport=False sorting_thread=alive
17:12:47 [v4][heartbeat] enter=True sorting=False cam=LIVE ai=LIVE cam_fps=58.0 pub_fps=30.4 frames=1075186 result_subs=1 roi=ok intrinsic=ok inference_age_ms=55 target=none transport=False sorting_thread=alive
17:12:52 [v4][heartbeat] enter=True sorting=False cam=LIVE ai=LIVE cam_fps=53.8 pub_fps=30.2 frames=1075455 result_subs=1 roi=ok intrinsic=ok inference_age_ms=165 target=none transport=False sorting_thread=alive
17:12:57 [v4][heartbeat] enter=True sorting=False cam=LIVE ai=LIVE cam_fps=55.8 pub_fps=30.4 frames=1075734 result_subs=1 roi=ok intrinsic=ok inference_age_ms=112 target=none transport=False sorting_thread=alive
17:13:02 [v4][heartbeat] enter=True sorting=False cam=LIVE ai=LIVE cam_fps=51.4 pub_fps=30.2 frames=1075991 result_subs=1 roi=ok intrinsic=ok inference_age_ms=105 target=none transport=False sorting_thread=alive
17:13:07 [v4][heartbeat] enter=True sorting=False cam=LIVE ai=LIVE cam_fps=55.8 pub_fps=30.4 frames=1076270 result_subs=1 roi=ok intrinsic=ok inference_age_ms=95 target=none transport=False sorting_thread=alive
17:13:12 [v4][heartbeat] enter=True sorting=False cam=LIVE ai=LIVE cam_fps=56.2 pub_fps=30.2 frames=1076551 result_subs=1 roi=ok intrinsic=ok inference_age_ms=84 target=none transport=False sorting_thread=alive
17:13:17 [v4][heartbeat] enter=True sorting=False cam=LIVE ai=LIVE cam_fps=53.0 pub_fps=30.4 frames=1076816 result_subs=1 roi=ok intrinsic=ok inference_age_ms=80 target=none transport=False sorting_thread=alive
17:13:22 [v4][heartbeat] enter=True sorting=False cam=LIVE ai=LIVE cam_fps=56.5 pub_fps=30.2 frames=1077098 result_subs=1 roi=ok intrinsic=ok inference_age_ms=56 target=none transport=False sorting_thread=alive
17:13:27 [v4][heartbeat] enter=True sorting=False cam=LIVE ai=LIVE cam_fps=55.6 pub_fps=30.4 frames=1077376 result_subs=1 roi=ok intrinsic=ok inference_age_ms=121 target=none transport=False sorting_thread=alive
17:13:32 [v4][heartbeat] enter=True sorting=False cam=LIVE ai=LIVE cam_fps=55.4 pub_fps=30.2 frames=1077653 result_subs=1 roi=ok intrinsic=ok inference_age_ms=154 target=none transport=False sorting_thread=alive
17:13:37 [v4][heartbeat] enter=True sorting=False cam=LIVE ai=LIVE cam_fps=55.2 pub_fps=30.4 frames=1077929 result_subs=1 roi=ok intrinsic=ok inference_age_ms=74 target=none transport=False sorting_thread=alive
17:13:42 [v4][heartbeat] enter=True sorting=False cam=LIVE ai=LIVE cam_fps=54.2 pub_fps=30.2 frames=1078200 result_subs=1 roi=ok intrinsic=ok inference_age_ms=105 target=none transport=False sorting_thread=alive
17:13:47 [v4][heartbeat] enter=True sorting=False cam=LIVE ai=LIVE cam_fps=56.1 pub_fps=30.4 frames=1078481 result_subs=1 roi=ok intrinsic=ok inference_age_ms=101 target=none transport=False sorting_thread=alive
17:13:52 [v4][heartbeat] enter=True sorting=False cam=LIVE ai=LIVE cam_fps=56.1 pub_fps=30.2 frames=1078761 result_subs=1 roi=ok intrinsic=ok inference_age_ms=42 target=none transport=False sorting_thread=alive
17:13:57 [v4][heartbeat] enter=True sorting=False cam=LIVE ai=LIVE cam_fps=53.9 pub_fps=30.4 frames=1079031 result_subs=1 roi=ok intrinsic=ok inference_age_ms=85 target=none transport=False sorting_thread=alive
17:14:02 [v4][heartbeat] enter=True sorting=False cam=LIVE ai=LIVE cam_fps=56.1 pub_fps=30.2 frames=1079311 result_subs=1 roi=ok intrinsic=ok inference_age_ms=75 target=none transport=False sorting_thread=alive
17:14:07 [v4][heartbeat] enter=True sorting=False cam=LIVE ai=LIVE cam_fps=53.0 pub_fps=30.4 frames=1079576 result_subs=1 roi=ok intrinsic=ok inference_age_ms=100 target=none transport=False sorting_thread=alive
17:14:12 [v4][heartbeat] enter=True sorting=False cam=LIVE ai=LIVE cam_fps=54.3 pub_fps=30.2 frames=1079848 result_subs=1 roi=ok intrinsic=ok inference_age_ms=86 target=none transport=False sorting_thread=alive
17:14:17 [v4][heartbeat] enter=True sorting=False cam=LIVE ai=LIVE cam_fps=56.2 pub_fps=30.4 frames=1080129 result_subs=1 roi=ok intrinsic=ok inference_age_ms=78 target=none transport=False sorting_thread=alive
17:14:22 [v4][heartbeat] enter=True sorting=False cam=LIVE ai=LIVE cam_fps=55.1 pub_fps=30.2 frames=1080404 result_subs=1 roi=ok intrinsic=ok inference_age_ms=131 target=none transport=False sorting_thread=alive
17:14:27 [v4][heartbeat] enter=True sorting=False cam=LIVE ai=LIVE cam_fps=55.6 pub_fps=30.4 frames=1080682 result_subs=1 roi=ok intrinsic=ok inference_age_ms=95 target=none transport=False sorting_thread=alive
17:14:32 [v4][heartbeat] enter=True sorting=False cam=LIVE ai=LIVE cam_fps=54.8 pub_fps=30.2 frames=1080956 result_subs=1 roi=ok intrinsic=ok inference_age_ms=91 target=none transport=False sorting_thread=alive
17:14:37 [v4][heartbeat] enter=True sorting=False cam=LIVE ai=LIVE cam_fps=56.4 pub_fps=30.4 frames=1081238 result_subs=1 roi=ok intrinsic=ok inference_age_ms=100 target=none transport=False sorting_thread=alive
17:14:42 [v4][heartbeat] enter=True sorting=False cam=LIVE ai=LIVE cam_fps=57.6 pub_fps=30.2 frames=1081526 result_subs=1 roi=ok intrinsic=ok inference_age_ms=53 target=none transport=False sorting_thread=alive
17:14:47 [v4][heartbeat] enter=True sorting=False cam=LIVE ai=LIVE cam_fps=56.0 pub_fps=30.4 frames=1081806 result_subs=1 roi=ok intrinsic=ok inference_age_ms=95 target=none transport=False sorting_thread=alive
17:14:52 [v4][heartbeat] enter=True sorting=False cam=LIVE ai=LIVE cam_fps=57.6 pub_fps=30.2 frames=1082094 result_subs=1 roi=ok intrinsic=ok inference_age_ms=88 target=none transport=False sorting_thread=alive
17:14:57 [v4][heartbeat] enter=True sorting=False cam=LIVE ai=LIVE cam_fps=57.2 pub_fps=30.4 frames=1082380 result_subs=1 roi=ok intrinsic=ok inference_age_ms=100 target=none transport=False sorting_thread=alive
17:15:02 [v4][heartbeat] enter=True sorting=False cam=LIVE ai=LIVE cam_fps=58.2 pub_fps=30.2 frames=1082671 result_subs=1 roi=ok intrinsic=ok inference_age_ms=95 target=none transport=False sorting_thread=alive
17:15:07 [v4][heartbeat] enter=True sorting=False cam=LIVE ai=LIVE cam_fps=58.4 pub_fps=30.4 frames=1082963 result_subs=1 roi=ok intrinsic=ok inference_age_ms=131 target=none transport=False sorting_thread=alive
17:15:12 [v4][heartbeat] enter=True sorting=False cam=LIVE ai=LIVE cam_fps=53.6 pub_fps=30.2 frames=1083231 result_subs=1 roi=ok intrinsic=ok inference_age_ms=143 target=none transport=False sorting_thread=alive
17:15:17 [v4][heartbeat] enter=True sorting=False cam=LIVE ai=LIVE cam_fps=56.0 pub_fps=30.4 frames=1083511 result_subs=1 roi=ok intrinsic=ok inference_age_ms=94 target=none transport=False sorting_thread=alive
17:15:22 [v4][heartbeat] enter=True sorting=False cam=LIVE ai=LIVE cam_fps=56.4 pub_fps=30.4 frames=1083793 result_subs=1 roi=ok intrinsic=ok inference_age_ms=80 target=none transport=False sorting_thread=alive
17:15:27 [v4][heartbeat] enter=True sorting=False cam=LIVE ai=LIVE cam_fps=56.6 pub_fps=30.2 frames=1084076 result_subs=1 roi=ok intrinsic=ok inference_age_ms=89 target=none transport=False sorting_thread=alive
17:15:32 [v4][heartbeat] enter=True sorting=False cam=LIVE ai=LIVE cam_fps=57.6 pub_fps=30.4 frames=1084364 result_subs=1 roi=ok intrinsic=ok inference_age_ms=117 target=none transport=False sorting_thread=alive
17:15:37 [v4][heartbeat] enter=True sorting=False cam=LIVE ai=LIVE cam_fps=54.4 pub_fps=30.2 frames=1084636 result_subs=1 roi=ok intrinsic=ok inference_age_ms=78 target=none transport=False sorting_thread=alive
17:15:42 [v4][heartbeat] enter=True sorting=False cam=LIVE ai=LIVE cam_fps=55.2 pub_fps=30.4 frames=1084912 result_subs=1 roi=ok intrinsic=ok inference_age_ms=125 target=none transport=False sorting_thread=alive
17:15:47 [v4][heartbeat] enter=True sorting=False cam=LIVE ai=LIVE cam_fps=58.0 pub_fps=30.2 frames=1085202 result_subs=1 roi=ok intrinsic=ok inference_age_ms=125 target=none transport=False sorting_thread=alive
17:15:52 [v4][heartbeat] enter=True sorting=False cam=LIVE ai=LIVE cam_fps=56.0 pub_fps=30.4 frames=1085482 result_subs=1 roi=ok intrinsic=ok inference_age_ms=106 target=none transport=False sorting_thread=alive
17:15:57 [v4][heartbeat] enter=True sorting=False cam=LIVE ai=LIVE cam_fps=57.0 pub_fps=30.2 frames=1085767 result_subs=1 roi=ok intrinsic=ok inference_age_ms=113 target=none transport=False sorting_thread=alive
17:16:02 [v4][heartbeat] enter=True sorting=False cam=LIVE ai=LIVE cam_fps=53.6 pub_fps=30.2 frames=1086035 result_subs=1 roi=ok intrinsic=ok inference_age_ms=72 target=none transport=False sorting_thread=alive
17:16:07 [v4][heartbeat] enter=True sorting=False cam=LIVE ai=LIVE cam_fps=57.4 pub_fps=30.4 frames=1086322 result_subs=1 roi=ok intrinsic=ok inference_age_ms=82 target=none transport=False sorting_thread=alive
17:16:12 [v4][heartbeat] enter=True sorting=False cam=LIVE ai=LIVE cam_fps=58.0 pub_fps=30.4 frames=1086612 result_subs=1 roi=ok intrinsic=ok inference_age_ms=110 target=none transport=False sorting_thread=alive
17:16:17 [v4][heartbeat] enter=True sorting=False cam=LIVE ai=LIVE cam_fps=54.4 pub_fps=30.2 frames=1086884 result_subs=1 roi=ok intrinsic=ok inference_age_ms=133 target=none transport=False sorting_thread=alive
17:16:22 [v4][heartbeat] enter=True sorting=False cam=LIVE ai=LIVE cam_fps=57.8 pub_fps=30.4 frames=1087173 result_subs=1 roi=ok intrinsic=ok inference_age_ms=84 target=none transport=False sorting_thread=alive
17:16:27 [v4][heartbeat] enter=True sorting=False cam=LIVE ai=LIVE cam_fps=55.4 pub_fps=30.2 frames=1087450 result_subs=1 roi=ok intrinsic=ok inference_age_ms=81 target=none transport=False sorting_thread=alive
17:16:32 [v4][heartbeat] enter=True sorting=False cam=LIVE ai=LIVE cam_fps=54.6 pub_fps=30.4 frames=1087723 result_subs=1 roi=ok intrinsic=ok inference_age_ms=97 target=none transport=False sorting_thread=alive
17:16:37 [v4][heartbeat] enter=True sorting=False cam=LIVE ai=LIVE cam_fps=56.4 pub_fps=30.2 frames=1088005 result_subs=1 roi=ok intrinsic=ok inference_age_ms=121 target=none transport=False sorting_thread=alive
17:16:42 [v4][heartbeat] enter=True sorting=False cam=LIVE ai=LIVE cam_fps=52.8 pub_fps=30.4 frames=1088269 result_subs=1 roi=ok intrinsic=ok inference_age_ms=94 target=none transport=False sorting_thread=alive
17:16:47 [v4][heartbeat] enter=True sorting=False cam=LIVE ai=LIVE cam_fps=57.2 pub_fps=30.2 frames=1088555 result_subs=1 roi=ok intrinsic=ok inference_age_ms=96 target=none transport=False sorting_thread=alive
17:16:52 [v4][heartbeat] enter=True sorting=False cam=LIVE ai=LIVE cam_fps=54.8 pub_fps=30.4 frames=1088829 result_subs=1 roi=ok intrinsic=ok inference_age_ms=115 target=none transport=False sorting_thread=alive
17:16:57 [v4][heartbeat] enter=True sorting=False cam=LIVE ai=LIVE cam_fps=55.7 pub_fps=30.2 frames=1089108 result_subs=1 roi=ok intrinsic=ok inference_age_ms=71 target=none transport=False sorting_thread=alive
17:17:02 [v4][heartbeat] enter=True sorting=False cam=LIVE ai=LIVE cam_fps=55.6 pub_fps=30.4 frames=1089386 result_subs=1 roi=ok intrinsic=ok inference_age_ms=94 target=none transport=False sorting_thread=alive
17:17:07 [v4][heartbeat] enter=True sorting=False cam=LIVE ai=LIVE cam_fps=56.8 pub_fps=30.2 frames=1089670 result_subs=1 roi=ok intrinsic=ok inference_age_ms=49 target=none transport=False sorting_thread=alive
17:17:12 [v4][heartbeat] enter=True sorting=False cam=LIVE ai=LIVE cam_fps=57.4 pub_fps=30.4 frames=1089957 result_subs=1 roi=ok intrinsic=ok inference_age_ms=73 target=none transport=False sorting_thread=alive
17:17:17 [v4][heartbeat] enter=True sorting=False cam=LIVE ai=LIVE cam_fps=55.0 pub_fps=30.2 frames=1090232 result_subs=1 roi=ok intrinsic=ok inference_age_ms=52 target=none transport=False sorting_thread=alive
17:17:22 [v4][heartbeat] enter=True sorting=False cam=LIVE ai=LIVE cam_fps=56.5 pub_fps=30.4 frames=1090515 result_subs=1 roi=ok intrinsic=ok inference_age_ms=38 target=none transport=False sorting_thread=alive
17:17:27 [v4][heartbeat] enter=True sorting=False cam=LIVE ai=LIVE cam_fps=57.5 pub_fps=30.2 frames=1090802 result_subs=1 roi=ok intrinsic=ok inference_age_ms=86 target=none transport=False sorting_thread=alive
17:17:32 [v4][heartbeat] enter=True sorting=False cam=LIVE ai=LIVE cam_fps=53.6 pub_fps=30.4 frames=1091070 result_subs=1 roi=ok intrinsic=ok inference_age_ms=132 target=none transport=False sorting_thread=alive
17:17:37 [v4][heartbeat] enter=True sorting=False cam=LIVE ai=LIVE cam_fps=56.4 pub_fps=30.2 frames=1091352 result_subs=1 roi=ok intrinsic=ok inference_age_ms=71 target=none transport=False sorting_thread=alive
17:17:42 [v4][heartbeat] enter=True sorting=False cam=LIVE ai=LIVE cam_fps=56.4 pub_fps=30.4 frames=1091634 result_subs=1 roi=ok intrinsic=ok inference_age_ms=70 target=none transport=False sorting_thread=alive
17:17:47 [v4][heartbeat] enter=True sorting=False cam=LIVE ai=LIVE cam_fps=55.8 pub_fps=30.2 frames=1091913 result_subs=1 roi=ok intrinsic=ok inference_age_ms=123 target=none transport=False sorting_thread=alive
17:17:52 [v4][heartbeat] enter=True sorting=False cam=LIVE ai=LIVE cam_fps=56.8 pub_fps=30.4 frames=1092197 result_subs=1 roi=ok intrinsic=ok inference_age_ms=70 target=none transport=False sorting_thread=alive
17:17:57 [v4][heartbeat] enter=True sorting=False cam=LIVE ai=LIVE cam_fps=55.1 pub_fps=30.4 frames=1092473 result_subs=1 roi=ok intrinsic=ok inference_age_ms=139 target=none transport=False sorting_thread=alive
17:18:02 [v4][heartbeat] enter=True sorting=False cam=LIVE ai=LIVE cam_fps=56.0 pub_fps=30.2 frames=1092753 result_subs=1 roi=ok intrinsic=ok inference_age_ms=83 target=none transport=False sorting_thread=alive
17:18:07 [v4][heartbeat] enter=True sorting=False cam=LIVE ai=LIVE cam_fps=55.8 pub_fps=30.4 frames=1093032 result_subs=1 roi=ok intrinsic=ok inference_age_ms=113 target=none transport=False sorting_thread=alive
17:18:12 [v4][heartbeat] enter=True sorting=False cam=LIVE ai=LIVE cam_fps=56.2 pub_fps=30.2 frames=1093313 result_subs=1 roi=ok intrinsic=ok inference_age_ms=45 target=none transport=False sorting_thread=alive
17:18:17 [v4][heartbeat] enter=True sorting=False cam=LIVE ai=LIVE cam_fps=57.7 pub_fps=30.4 frames=1093602 result_subs=1 roi=ok intrinsic=ok inference_age_ms=91 target=none transport=False sorting_thread=alive
17:18:22 [v4][heartbeat] enter=True sorting=False cam=LIVE ai=LIVE cam_fps=55.9 pub_fps=30.2 frames=1093881 result_subs=1 roi=ok intrinsic=ok inference_age_ms=88 target=none transport=False sorting_thread=alive
17:18:27 [v4][heartbeat] enter=True sorting=False cam=LIVE ai=LIVE cam_fps=56.2 pub_fps=30.2 frames=1094162 result_subs=1 roi=ok intrinsic=ok inference_age_ms=116 target=none transport=False sorting_thread=alive
17:18:32 [v4][heartbeat] enter=True sorting=False cam=LIVE ai=LIVE cam_fps=58.6 pub_fps=30.4 frames=1094455 result_subs=1 roi=ok intrinsic=ok inference_age_ms=119 target=none transport=False sorting_thread=alive
17:18:37 [v4][heartbeat] enter=True sorting=False cam=LIVE ai=LIVE cam_fps=54.3 pub_fps=30.4 frames=1094727 result_subs=1 roi=ok intrinsic=ok inference_age_ms=76 target=none transport=False sorting_thread=alive
17:18:42 [v4][heartbeat] enter=True sorting=False cam=LIVE ai=LIVE cam_fps=58.2 pub_fps=30.2 frames=1095018 result_subs=1 roi=ok intrinsic=ok inference_age_ms=74 target=none transport=False sorting_thread=alive
17:18:47 [v4][heartbeat] enter=True sorting=False cam=LIVE ai=LIVE cam_fps=56.6 pub_fps=30.4 frames=1095301 result_subs=1 roi=ok intrinsic=ok inference_age_ms=66 target=none transport=False sorting_thread=alive
17:18:52 [v4][heartbeat] enter=True sorting=False cam=LIVE ai=LIVE cam_fps=54.6 pub_fps=30.2 frames=1095574 result_subs=1 roi=ok intrinsic=ok inference_age_ms=106 target=none transport=False sorting_thread=alive
17:18:57 [v4][heartbeat] enter=True sorting=False cam=LIVE ai=LIVE cam_fps=56.0 pub_fps=30.4 frames=1095854 result_subs=1 roi=ok intrinsic=ok inference_age_ms=87 target=none transport=False sorting_thread=alive
17:19:02 [v4][heartbeat] enter=True sorting=False cam=LIVE ai=LIVE cam_fps=54.2 pub_fps=30.2 frames=1096125 result_subs=1 roi=ok intrinsic=ok inference_age_ms=84 target=none transport=False sorting_thread=alive
17:19:07 [v4][heartbeat] enter=True sorting=False cam=LIVE ai=LIVE cam_fps=58.2 pub_fps=30.4 frames=1096416 result_subs=1 roi=ok intrinsic=ok inference_age_ms=126 target=none transport=False sorting_thread=alive
17:19:12 [v4][heartbeat] enter=True sorting=False cam=LIVE ai=LIVE cam_fps=55.8 pub_fps=30.2 frames=1096695 result_subs=1 roi=ok intrinsic=ok inference_age_ms=85 target=none transport=False sorting_thread=alive
17:19:17 [v4][heartbeat] enter=True sorting=False cam=LIVE ai=LIVE cam_fps=55.2 pub_fps=30.4 frames=1096971 result_subs=1 roi=ok intrinsic=ok inference_age_ms=109 target=none transport=False sorting_thread=alive
17:19:22 [v4][heartbeat] enter=True sorting=False cam=LIVE ai=LIVE cam_fps=57.4 pub_fps=30.2 frames=1097258 result_subs=1 roi=ok intrinsic=ok inference_age_ms=115 target=none transport=False sorting_thread=alive
17:19:27 [v4][heartbeat] enter=True sorting=False cam=LIVE ai=LIVE cam_fps=55.1 pub_fps=30.4 frames=1097534 result_subs=1 roi=ok intrinsic=ok inference_age_ms=75 target=none transport=False sorting_thread=alive
17:19:32 [v4][heartbeat] enter=True sorting=False cam=LIVE ai=LIVE cam_fps=58.3 pub_fps=30.2 frames=1097825 result_subs=1 roi=ok intrinsic=ok inference_age_ms=123 target=none transport=False sorting_thread=alive
17:19:37 [v4][heartbeat] enter=True sorting=False cam=LIVE ai=LIVE cam_fps=56.2 pub_fps=30.4 frames=1098106 result_subs=1 roi=ok intrinsic=ok inference_age_ms=53 target=none transport=False sorting_thread=alive
17:19:42 [v4][heartbeat] enter=True sorting=False cam=LIVE ai=LIVE cam_fps=54.4 pub_fps=30.2 frames=1098378 result_subs=1 roi=ok intrinsic=ok inference_age_ms=96 target=none transport=False sorting_thread=alive
17:19:47 [v4][heartbeat] enter=True sorting=False cam=LIVE ai=LIVE cam_fps=57.8 pub_fps=30.4 frames=1098667 result_subs=1 roi=ok intrinsic=ok inference_age_ms=73 target=none transport=False sorting_thread=alive
17:19:52 [v4][heartbeat] enter=True sorting=False cam=LIVE ai=LIVE cam_fps=56.4 pub_fps=30.2 frames=1098949 result_subs=1 roi=ok intrinsic=ok inference_age_ms=79 target=none transport=False sorting_thread=alive
17:19:57 [v4][heartbeat] enter=True sorting=False cam=LIVE ai=LIVE cam_fps=56.1 pub_fps=30.4 frames=1099230 result_subs=1 roi=ok intrinsic=ok inference_age_ms=119 target=none transport=False sorting_thread=alive
17:20:02 [v4][heartbeat] enter=True sorting=False cam=LIVE ai=LIVE cam_fps=56.5 pub_fps=30.2 frames=1099512 result_subs=1 roi=ok intrinsic=ok inference_age_ms=61 target=none transport=False sorting_thread=alive
17:20:07 [v4][heartbeat] enter=True sorting=False cam=LIVE ai=LIVE cam_fps=56.4 pub_fps=30.4 frames=1099794 result_subs=1 roi=ok intrinsic=ok inference_age_ms=70 target=none transport=False sorting_thread=alive
17:20:12 [v4][heartbeat] enter=True sorting=False cam=LIVE ai=LIVE cam_fps=57.8 pub_fps=30.2 frames=1100083 result_subs=1 roi=ok intrinsic=ok inference_age_ms=99 target=none transport=False sorting_thread=alive
17:20:17 [v4][heartbeat] enter=True sorting=False cam=LIVE ai=LIVE cam_fps=54.4 pub_fps=30.4 frames=1100355 result_subs=1 roi=ok intrinsic=ok inference_age_ms=129 target=none transport=False sorting_thread=alive
17:20:22 [v4][heartbeat] enter=True sorting=False cam=LIVE ai=LIVE cam_fps=55.4 pub_fps=30.2 frames=1100632 result_subs=1 roi=ok intrinsic=ok inference_age_ms=96 target=none transport=False sorting_thread=alive
17:20:27 [v4][heartbeat] enter=True sorting=False cam=LIVE ai=LIVE cam_fps=56.0 pub_fps=30.4 frames=1100912 result_subs=1 roi=ok intrinsic=ok inference_age_ms=86 target=none transport=False sorting_thread=alive
17:20:32 [v4][heartbeat] enter=True sorting=False cam=LIVE ai=LIVE cam_fps=56.2 pub_fps=30.2 frames=1101193 result_subs=1 roi=ok intrinsic=ok inference_age_ms=92 target=none transport=False sorting_thread=alive
17:20:37 [v4][heartbeat] enter=True sorting=False cam=LIVE ai=LIVE cam_fps=57.0 pub_fps=30.4 frames=1101478 result_subs=1 roi=ok intrinsic=ok inference_age_ms=135 target=none transport=False sorting_thread=alive
17:20:42 [v4][heartbeat] enter=True sorting=False cam=LIVE ai=LIVE cam_fps=54.0 pub_fps=30.2 frames=1101748 result_subs=1 roi=ok intrinsic=ok inference_age_ms=80 target=none transport=False sorting_thread=alive
17:20:47 [v4][heartbeat] enter=True sorting=False cam=LIVE ai=LIVE cam_fps=55.8 pub_fps=30.4 frames=1102027 result_subs=1 roi=ok intrinsic=ok inference_age_ms=87 target=none transport=False sorting_thread=alive
17:20:52 [v4][heartbeat] enter=True sorting=False cam=LIVE ai=LIVE cam_fps=57.6 pub_fps=30.2 frames=1102315 result_subs=1 roi=ok intrinsic=ok inference_age_ms=70 target=none transport=False sorting_thread=alive
17:20:57 [v4][heartbeat] enter=True sorting=False cam=LIVE ai=LIVE cam_fps=56.6 pub_fps=30.4 frames=1102598 result_subs=1 roi=ok intrinsic=ok inference_age_ms=85 target=none transport=False sorting_thread=alive
17:21:02 [v4][heartbeat] enter=True sorting=False cam=LIVE ai=LIVE cam_fps=56.6 pub_fps=30.4 frames=1102881 result_subs=1 roi=ok intrinsic=ok inference_age_ms=88 target=none transport=False sorting_thread=alive
17:21:07 [v4][heartbeat] enter=True sorting=False cam=LIVE ai=LIVE cam_fps=55.4 pub_fps=30.2 frames=1103158 result_subs=1 roi=ok intrinsic=ok inference_age_ms=95 target=none transport=False sorting_thread=alive
17:21:12 [v4][heartbeat] enter=True sorting=False cam=LIVE ai=LIVE cam_fps=55.4 pub_fps=30.4 frames=1103435 result_subs=1 roi=ok intrinsic=ok inference_age_ms=93 target=none transport=False sorting_thread=alive
17:21:17 [v4][heartbeat] enter=True sorting=False cam=LIVE ai=LIVE cam_fps=58.4 pub_fps=30.2 frames=1103727 result_subs=1 roi=ok intrinsic=ok inference_age_ms=128 target=none transport=False sorting_thread=alive
17:21:22 [v4][heartbeat] enter=True sorting=False cam=LIVE ai=LIVE cam_fps=54.6 pub_fps=30.4 frames=1104000 result_subs=1 roi=ok intrinsic=ok inference_age_ms=74 target=none transport=False sorting_thread=alive
17:21:27 [v4][heartbeat] enter=True sorting=False cam=LIVE ai=LIVE cam_fps=57.0 pub_fps=30.2 frames=1104285 result_subs=1 roi=ok intrinsic=ok inference_age_ms=75 target=none transport=False sorting_thread=alive
17:21:32 [v4][heartbeat] enter=True sorting=False cam=LIVE ai=LIVE cam_fps=54.8 pub_fps=30.4 frames=1104559 result_subs=1 roi=ok intrinsic=ok inference_age_ms=90 target=none transport=False sorting_thread=alive
17:21:37 [v4][heartbeat] enter=True sorting=False cam=LIVE ai=LIVE cam_fps=55.2 pub_fps=30.2 frames=1104835 result_subs=1 roi=ok intrinsic=ok inference_age_ms=104 target=none transport=False sorting_thread=alive
17:21:42 [v4][heartbeat] enter=True sorting=False cam=LIVE ai=LIVE cam_fps=57.8 pub_fps=30.4 frames=1105124 result_subs=1 roi=ok intrinsic=ok inference_age_ms=89 target=none transport=False sorting_thread=alive
17:21:47 [v4][heartbeat] enter=True sorting=False cam=LIVE ai=LIVE cam_fps=54.0 pub_fps=30.2 frames=1105394 result_subs=1 roi=ok intrinsic=ok inference_age_ms=111 target=none transport=False sorting_thread=alive
17:21:52 [v4][heartbeat] enter=True sorting=False cam=LIVE ai=LIVE cam_fps=56.5 pub_fps=30.3 frames=1105677 result_subs=1 roi=ok intrinsic=ok inference_age_ms=116 target=none transport=False sorting_thread=alive
17:21:57 [v4][heartbeat] enter=True sorting=False cam=LIVE ai=LIVE cam_fps=56.5 pub_fps=30.2 frames=1105959 result_subs=1 roi=ok intrinsic=ok inference_age_ms=103 target=none transport=False sorting_thread=alive
17:22:02 [v4][heartbeat] enter=True sorting=False cam=LIVE ai=LIVE cam_fps=55.8 pub_fps=30.4 frames=1106238 result_subs=1 roi=ok intrinsic=ok inference_age_ms=121 target=none transport=False sorting_thread=alive
17:22:07 [v4][heartbeat] enter=True sorting=False cam=LIVE ai=LIVE cam_fps=58.4 pub_fps=30.2 frames=1106530 result_subs=1 roi=ok intrinsic=ok inference_age_ms=80 target=none transport=False sorting_thread=alive
17:22:12 [v4][heartbeat] enter=True sorting=False cam=LIVE ai=LIVE cam_fps=55.4 pub_fps=30.4 frames=1106807 result_subs=1 roi=ok intrinsic=ok inference_age_ms=109 target=none transport=False sorting_thread=alive
17:22:17 [v4][heartbeat] enter=True sorting=False cam=LIVE ai=LIVE cam_fps=56.8 pub_fps=30.2 frames=1107091 result_subs=1 roi=ok intrinsic=ok inference_age_ms=107 target=none transport=False sorting_thread=alive
17:22:22 [v4][heartbeat] enter=True sorting=False cam=LIVE ai=LIVE cam_fps=56.6 pub_fps=30.4 frames=1107374 result_subs=1 roi=ok intrinsic=ok inference_age_ms=107 target=none transport=False sorting_thread=alive
17:22:27 [v4][heartbeat] enter=True sorting=False cam=LIVE ai=LIVE cam_fps=53.8 pub_fps=30.2 frames=1107643 result_subs=1 roi=ok intrinsic=ok inference_age_ms=113 target=none transport=False sorting_thread=alive
17:22:32 [v4][heartbeat] enter=True sorting=False cam=LIVE ai=LIVE cam_fps=58.2 pub_fps=30.4 frames=1107934 result_subs=1 roi=ok intrinsic=ok inference_age_ms=115 target=none transport=False sorting_thread=alive
17:22:37 [v4][heartbeat] enter=True sorting=False cam=LIVE ai=LIVE cam_fps=55.8 pub_fps=30.2 frames=1108213 result_subs=1 roi=ok intrinsic=ok inference_age_ms=53 target=none transport=False sorting_thread=alive
17:22:42 [v4][heartbeat] enter=True sorting=False cam=LIVE ai=LIVE cam_fps=57.8 pub_fps=30.4 frames=1108502 result_subs=1 roi=ok intrinsic=ok inference_age_ms=64 target=none transport=False sorting_thread=alive
17:22:47 [v4][heartbeat] enter=True sorting=False cam=LIVE ai=LIVE cam_fps=58.4 pub_fps=30.2 frames=1108794 result_subs=1 roi=ok intrinsic=ok inference_age_ms=88 target=none transport=False sorting_thread=alive
17:22:52 [v4][heartbeat] enter=True sorting=False cam=LIVE ai=LIVE cam_fps=55.2 pub_fps=30.4 frames=1109070 result_subs=1 roi=ok intrinsic=ok inference_age_ms=124 target=none transport=False sorting_thread=alive
17:22:57 [v4][heartbeat] enter=True sorting=False cam=LIVE ai=LIVE cam_fps=56.8 pub_fps=30.2 frames=1109354 result_subs=1 roi=ok intrinsic=ok inference_age_ms=141 target=none transport=False sorting_thread=alive
17:23:02 [v4][heartbeat] enter=True sorting=False cam=LIVE ai=LIVE cam_fps=57.3 pub_fps=30.4 frames=1109641 result_subs=1 roi=ok intrinsic=ok inference_age_ms=78 target=none transport=False sorting_thread=alive
17:23:07 [v4][heartbeat] enter=True sorting=False cam=LIVE ai=LIVE cam_fps=54.4 pub_fps=30.2 frames=1109913 result_subs=1 roi=ok intrinsic=ok inference_age_ms=60 target=none transport=False sorting_thread=alive
17:23:12 [v4][heartbeat] enter=True sorting=False cam=LIVE ai=LIVE cam_fps=57.2 pub_fps=30.4 frames=1110199 result_subs=1 roi=ok intrinsic=ok inference_age_ms=133 target=none transport=False sorting_thread=alive
17:23:17 [v4][heartbeat] enter=True sorting=False cam=LIVE ai=LIVE cam_fps=57.0 pub_fps=30.2 frames=1110484 result_subs=1 roi=ok intrinsic=ok inference_age_ms=127 target=none transport=False sorting_thread=alive
17:23:22 [v4][heartbeat] enter=True sorting=False cam=LIVE ai=LIVE cam_fps=57.0 pub_fps=30.4 frames=1110769 result_subs=1 roi=ok intrinsic=ok inference_age_ms=107 target=none transport=False sorting_thread=alive
17:23:27 [v4][heartbeat] enter=True sorting=False cam=LIVE ai=LIVE cam_fps=57.0 pub_fps=30.2 frames=1111054 result_subs=1 roi=ok intrinsic=ok inference_age_ms=84 target=none transport=False sorting_thread=alive
17:23:32 [v4][heartbeat] enter=True sorting=False cam=LIVE ai=LIVE cam_fps=55.1 pub_fps=30.4 frames=1111330 result_subs=1 roi=ok intrinsic=ok inference_age_ms=87 target=none transport=False sorting_thread=alive
17:23:37 [v4][heartbeat] enter=True sorting=False cam=LIVE ai=LIVE cam_fps=58.5 pub_fps=30.2 frames=1111622 result_subs=1 roi=ok intrinsic=ok inference_age_ms=55 target=none transport=False sorting_thread=alive
17:23:42 [v4][heartbeat] enter=True sorting=False cam=LIVE ai=LIVE cam_fps=53.4 pub_fps=30.4 frames=1111889 result_subs=1 roi=ok intrinsic=ok inference_age_ms=88 target=none transport=False sorting_thread=alive
17:23:47 [v4][heartbeat] enter=True sorting=False cam=LIVE ai=LIVE cam_fps=56.0 pub_fps=30.4 frames=1112169 result_subs=1 roi=ok intrinsic=ok inference_age_ms=94 target=none transport=False sorting_thread=alive
17:23:52 [v4][heartbeat] enter=True sorting=False cam=LIVE ai=LIVE cam_fps=56.4 pub_fps=30.2 frames=1112451 result_subs=1 roi=ok intrinsic=ok inference_age_ms=75 target=none transport=False sorting_thread=alive
17:23:57 [v4][heartbeat] enter=True sorting=False cam=LIVE ai=LIVE cam_fps=53.9 pub_fps=30.4 frames=1112721 result_subs=1 roi=ok intrinsic=ok inference_age_ms=85 target=none transport=False sorting_thread=alive
17:24:02 [v4][heartbeat] enter=True sorting=False cam=LIVE ai=LIVE cam_fps=57.9 pub_fps=30.2 frames=1113010 result_subs=1 roi=ok intrinsic=ok inference_age_ms=90 target=none transport=False sorting_thread=alive
17:24:07 [v4][heartbeat] enter=True sorting=False cam=LIVE ai=LIVE cam_fps=55.8 pub_fps=30.4 frames=1113289 result_subs=1 roi=ok intrinsic=ok inference_age_ms=87 target=none transport=False sorting_thread=alive
17:24:12 [v4][heartbeat] enter=True sorting=False cam=LIVE ai=LIVE cam_fps=56.4 pub_fps=30.2 frames=1113571 result_subs=1 roi=ok intrinsic=ok inference_age_ms=87 target=none transport=False sorting_thread=alive
17:24:17 [v4][heartbeat] enter=True sorting=False cam=LIVE ai=LIVE cam_fps=57.4 pub_fps=30.4 frames=1113858 result_subs=1 roi=ok intrinsic=ok inference_age_ms=155 target=none transport=False sorting_thread=alive
17:24:22 [v4][heartbeat] enter=True sorting=False cam=LIVE ai=LIVE cam_fps=54.0 pub_fps=30.2 frames=1114128 result_subs=1 roi=ok intrinsic=ok inference_age_ms=107 target=none transport=False sorting_thread=alive
17:24:27 [v4][heartbeat] enter=True sorting=False cam=LIVE ai=LIVE cam_fps=57.2 pub_fps=30.4 frames=1114414 result_subs=1 roi=ok intrinsic=ok inference_age_ms=77 target=none transport=False sorting_thread=alive
17:24:32 [v4][heartbeat] enter=True sorting=False cam=LIVE ai=LIVE cam_fps=55.2 pub_fps=30.2 frames=1114690 result_subs=1 roi=ok intrinsic=ok inference_age_ms=158 target=none transport=False sorting_thread=alive
17:24:37 [v4][heartbeat] enter=True sorting=False cam=LIVE ai=LIVE cam_fps=56.8 pub_fps=30.4 frames=1114974 result_subs=1 roi=ok intrinsic=ok inference_age_ms=118 target=none transport=False sorting_thread=alive
17:24:42 [v4][heartbeat] enter=True sorting=False cam=LIVE ai=LIVE cam_fps=57.6 pub_fps=30.2 frames=1115262 result_subs=1 roi=ok intrinsic=ok inference_age_ms=77 target=none transport=False sorting_thread=alive
17:24:47 [v4][heartbeat] enter=True sorting=False cam=LIVE ai=LIVE cam_fps=54.4 pub_fps=30.4 frames=1115534 result_subs=1 roi=ok intrinsic=ok inference_age_ms=100 target=none transport=False sorting_thread=alive
17:24:52 [v4][heartbeat] enter=True sorting=False cam=LIVE ai=LIVE cam_fps=56.4 pub_fps=30.2 frames=1115816 result_subs=1 roi=ok intrinsic=ok inference_age_ms=107 target=none transport=False sorting_thread=alive
17:24:57 [v4][heartbeat] enter=True sorting=False cam=LIVE ai=LIVE cam_fps=54.8 pub_fps=30.4 frames=1116090 result_subs=1 roi=ok intrinsic=ok inference_age_ms=101 target=none transport=False sorting_thread=alive
17:25:02 [v4][heartbeat] enter=True sorting=False cam=LIVE ai=LIVE cam_fps=55.5 pub_fps=30.2 frames=1116367 result_subs=1 roi=ok intrinsic=ok inference_age_ms=79 target=none transport=False sorting_thread=alive
17:25:07 [v4][heartbeat] enter=True sorting=False cam=LIVE ai=LIVE cam_fps=57.6 pub_fps=30.4 frames=1116655 result_subs=1 roi=ok intrinsic=ok inference_age_ms=61 target=none transport=False sorting_thread=alive
17:25:12 [v4][heartbeat] enter=True sorting=False cam=LIVE ai=LIVE cam_fps=55.2 pub_fps=30.2 frames=1116931 result_subs=1 roi=ok intrinsic=ok inference_age_ms=58 target=none transport=False sorting_thread=alive
17:25:17 [v4][heartbeat] enter=True sorting=False cam=LIVE ai=LIVE cam_fps=57.2 pub_fps=30.4 frames=1117217 result_subs=1 roi=ok intrinsic=ok inference_age_ms=62 target=none transport=False sorting_thread=alive
17:25:22 [v4][heartbeat] enter=True sorting=False cam=LIVE ai=LIVE cam_fps=58.2 pub_fps=30.2 frames=1117508 result_subs=1 roi=ok intrinsic=ok inference_age_ms=79 target=none transport=False sorting_thread=alive
17:25:27 [v4][heartbeat] enter=True sorting=False cam=LIVE ai=LIVE cam_fps=57.0 pub_fps=30.4 frames=1117793 result_subs=1 roi=ok intrinsic=ok inference_age_ms=103 target=none transport=False sorting_thread=alive
17:25:32 [v4][heartbeat] enter=True sorting=False cam=LIVE ai=LIVE cam_fps=57.2 pub_fps=30.2 frames=1118079 result_subs=1 roi=ok intrinsic=ok inference_age_ms=106 target=none transport=False sorting_thread=alive
17:25:37 [v4][heartbeat] enter=True sorting=False cam=LIVE ai=LIVE cam_fps=54.5 pub_fps=30.4 frames=1118352 result_subs=1 roi=ok intrinsic=ok inference_age_ms=118 target=none transport=False sorting_thread=alive
17:25:42 [v4][heartbeat] enter=True sorting=False cam=LIVE ai=LIVE cam_fps=56.8 pub_fps=30.2 frames=1118636 result_subs=1 roi=ok intrinsic=ok inference_age_ms=119 target=none transport=False sorting_thread=alive
17:25:47 [v4][heartbeat] enter=True sorting=False cam=LIVE ai=LIVE cam_fps=57.8 pub_fps=30.4 frames=1118925 result_subs=1 roi=ok intrinsic=ok inference_age_ms=86 target=none transport=False sorting_thread=alive
17:25:52 [v4][heartbeat] enter=True sorting=False cam=LIVE ai=LIVE cam_fps=54.4 pub_fps=30.2 frames=1119197 result_subs=1 roi=ok intrinsic=ok inference_age_ms=54 target=none transport=False sorting_thread=alive
17:25:57 [v4][heartbeat] enter=True sorting=False cam=LIVE ai=LIVE cam_fps=56.8 pub_fps=30.4 frames=1119481 result_subs=1 roi=ok intrinsic=ok inference_age_ms=98 target=none transport=False sorting_thread=alive
17:26:02 [v4][heartbeat] enter=True sorting=False cam=LIVE ai=LIVE cam_fps=55.6 pub_fps=30.2 frames=1119759 result_subs=1 roi=ok intrinsic=ok inference_age_ms=116 target=none transport=False sorting_thread=alive
17:26:07 [v4][heartbeat] enter=True sorting=False cam=LIVE ai=LIVE cam_fps=56.4 pub_fps=30.4 frames=1120041 result_subs=1 roi=ok intrinsic=ok inference_age_ms=121 target=none transport=False sorting_thread=alive
17:26:12 [v4][heartbeat] enter=True sorting=False cam=LIVE ai=LIVE cam_fps=56.2 pub_fps=30.2 frames=1120322 result_subs=1 roi=ok intrinsic=ok inference_age_ms=89 target=none transport=False sorting_thread=alive
17:26:17 [v4][heartbeat] enter=True sorting=False cam=LIVE ai=LIVE cam_fps=55.2 pub_fps=30.4 frames=1120598 result_subs=1 roi=ok intrinsic=ok inference_age_ms=100 target=none transport=False sorting_thread=alive
17:26:22 [v4][heartbeat] enter=True sorting=False cam=LIVE ai=LIVE cam_fps=56.6 pub_fps=30.4 frames=1120881 result_subs=1 roi=ok intrinsic=ok inference_age_ms=106 target=none transport=False sorting_thread=alive
17:26:27 [v4][heartbeat] enter=True sorting=False cam=LIVE ai=LIVE cam_fps=55.4 pub_fps=30.2 frames=1121158 result_subs=1 roi=ok intrinsic=ok inference_age_ms=101 target=none transport=False sorting_thread=alive
17:26:32 [v4][heartbeat] enter=True sorting=False cam=LIVE ai=LIVE cam_fps=56.8 pub_fps=30.4 frames=1121442 result_subs=1 roi=ok intrinsic=ok inference_age_ms=152 target=none transport=False sorting_thread=alive
17:26:37 [v4][heartbeat] enter=True sorting=False cam=LIVE ai=LIVE cam_fps=58.6 pub_fps=30.2 frames=1121735 result_subs=1 roi=ok intrinsic=ok inference_age_ms=84 target=none transport=False sorting_thread=alive
17:26:42 [v4][heartbeat] enter=True sorting=False cam=LIVE ai=LIVE cam_fps=55.4 pub_fps=30.4 frames=1122012 result_subs=1 roi=ok intrinsic=ok inference_age_ms=60 target=none transport=False sorting_thread=alive
17:26:47 [v4][heartbeat] enter=True sorting=False cam=LIVE ai=LIVE cam_fps=57.2 pub_fps=30.2 frames=1122298 result_subs=1 roi=ok intrinsic=ok inference_age_ms=46 target=none transport=False sorting_thread=alive
17:26:52 [v4][heartbeat] enter=True sorting=False cam=LIVE ai=LIVE cam_fps=55.8 pub_fps=30.4 frames=1122577 result_subs=1 roi=ok intrinsic=ok inference_age_ms=105 target=none transport=False sorting_thread=alive
17:26:57 [v4][heartbeat] enter=True sorting=False cam=LIVE ai=LIVE cam_fps=55.8 pub_fps=30.2 frames=1122856 result_subs=1 roi=ok intrinsic=ok inference_age_ms=116 target=none transport=False sorting_thread=alive
17:27:02 [v4][heartbeat] enter=True sorting=False cam=LIVE ai=LIVE cam_fps=57.4 pub_fps=30.4 frames=1123143 result_subs=1 roi=ok intrinsic=ok inference_age_ms=122 target=none transport=False sorting_thread=alive
17:27:07 [v4][heartbeat] enter=True sorting=False cam=LIVE ai=LIVE cam_fps=55.2 pub_fps=30.2 frames=1123419 result_subs=1 roi=ok intrinsic=ok inference_age_ms=92 target=none transport=False sorting_thread=alive
17:27:12 [v4][heartbeat] enter=True sorting=False cam=LIVE ai=LIVE cam_fps=57.8 pub_fps=30.4 frames=1123708 result_subs=1 roi=ok intrinsic=ok inference_age_ms=102 target=none transport=False sorting_thread=alive
17:27:17 [v4][heartbeat] enter=True sorting=False cam=LIVE ai=LIVE cam_fps=56.4 pub_fps=30.2 frames=1123990 result_subs=1 roi=ok intrinsic=ok inference_age_ms=65 target=none transport=False sorting_thread=alive
17:27:22 [v4][heartbeat] enter=True sorting=False cam=LIVE ai=LIVE cam_fps=54.4 pub_fps=30.4 frames=1124262 result_subs=1 roi=ok intrinsic=ok inference_age_ms=95 target=none transport=False sorting_thread=alive
17:27:27 [v4][heartbeat] enter=True sorting=False cam=LIVE ai=LIVE cam_fps=56.6 pub_fps=30.2 frames=1124545 result_subs=1 roi=ok intrinsic=ok inference_age_ms=41 target=none transport=False sorting_thread=alive
17:27:32 [v4][heartbeat] enter=True sorting=False cam=LIVE ai=LIVE cam_fps=54.0 pub_fps=30.4 frames=1124815 result_subs=1 roi=ok intrinsic=ok inference_age_ms=147 target=none transport=False sorting_thread=alive
17:27:37 [v4][heartbeat] enter=True sorting=False cam=LIVE ai=LIVE cam_fps=56.4 pub_fps=30.2 frames=1125097 result_subs=1 roi=ok intrinsic=ok inference_age_ms=104 target=none transport=False sorting_thread=alive
17:27:42 [v4][heartbeat] enter=True sorting=False cam=LIVE ai=LIVE cam_fps=57.2 pub_fps=30.4 frames=1125383 result_subs=1 roi=ok intrinsic=ok inference_age_ms=72 target=none transport=False sorting_thread=alive
17:27:47 [v4][heartbeat] enter=True sorting=False cam=LIVE ai=LIVE cam_fps=54.8 pub_fps=30.2 frames=1125657 result_subs=1 roi=ok intrinsic=ok inference_age_ms=139 target=none transport=False sorting_thread=alive
17:27:52 [v4][heartbeat] enter=True sorting=False cam=LIVE ai=LIVE cam_fps=57.4 pub_fps=30.4 frames=1125944 result_subs=1 roi=ok intrinsic=ok inference_age_ms=64 target=none transport=False sorting_thread=alive
17:27:57 [v4][heartbeat] enter=True sorting=False cam=LIVE ai=LIVE cam_fps=52.6 pub_fps=30.2 frames=1126207 result_subs=1 roi=ok intrinsic=ok inference_age_ms=107 target=none transport=False sorting_thread=alive
17:28:02 [v4][heartbeat] enter=True sorting=False cam=LIVE ai=LIVE cam_fps=57.8 pub_fps=30.4 frames=1126496 result_subs=1 roi=ok intrinsic=ok inference_age_ms=110 target=none transport=False sorting_thread=alive
17:28:07 [v4][heartbeat] enter=True sorting=False cam=LIVE ai=LIVE cam_fps=56.6 pub_fps=30.2 frames=1126779 result_subs=1 roi=ok intrinsic=ok inference_age_ms=96 target=none transport=False sorting_thread=alive
17:28:12 [v4][heartbeat] enter=True sorting=False cam=LIVE ai=LIVE cam_fps=54.2 pub_fps=30.4 frames=1127050 result_subs=1 roi=ok intrinsic=ok inference_age_ms=80 target=none transport=False sorting_thread=alive
17:28:17 [v4][heartbeat] enter=True sorting=False cam=LIVE ai=LIVE cam_fps=57.3 pub_fps=30.2 frames=1127336 result_subs=1 roi=ok intrinsic=ok inference_age_ms=66 target=none transport=False sorting_thread=alive
17:28:22 [v4][heartbeat] enter=True sorting=False cam=LIVE ai=LIVE cam_fps=54.8 pub_fps=30.4 frames=1127610 result_subs=1 roi=ok intrinsic=ok inference_age_ms=129 target=none transport=False sorting_thread=alive
17:28:27 [v4][heartbeat] enter=True sorting=False cam=LIVE ai=LIVE cam_fps=56.4 pub_fps=30.2 frames=1127892 result_subs=1 roi=ok intrinsic=ok inference_age_ms=121 target=none transport=False sorting_thread=alive
17:28:32 [v4][heartbeat] enter=True sorting=False cam=LIVE ai=LIVE cam_fps=58.4 pub_fps=30.4 frames=1128184 result_subs=1 roi=ok intrinsic=ok inference_age_ms=70 target=none transport=False sorting_thread=alive
17:28:37 [v4][heartbeat] enter=True sorting=False cam=LIVE ai=LIVE cam_fps=53.6 pub_fps=30.2 frames=1128452 result_subs=1 roi=ok intrinsic=ok inference_age_ms=92 target=none transport=False sorting_thread=alive
17:28:42 [v4][heartbeat] enter=True sorting=False cam=LIVE ai=LIVE cam_fps=56.6 pub_fps=30.4 frames=1128735 result_subs=1 roi=ok intrinsic=ok inference_age_ms=98 target=none transport=False sorting_thread=alive
17:28:47 [v4][heartbeat] enter=True sorting=False cam=LIVE ai=LIVE cam_fps=55.8 pub_fps=30.2 frames=1129014 result_subs=1 roi=ok intrinsic=ok inference_age_ms=52 target=none transport=False sorting_thread=alive
17:28:52 [v4][heartbeat] enter=True sorting=False cam=LIVE ai=LIVE cam_fps=57.4 pub_fps=30.4 frames=1129301 result_subs=1 roi=ok intrinsic=ok inference_age_ms=110 target=none transport=False sorting_thread=alive
17:28:57 [v4][heartbeat] enter=True sorting=False cam=LIVE ai=LIVE cam_fps=56.8 pub_fps=30.2 frames=1129585 result_subs=1 roi=ok intrinsic=ok inference_age_ms=73 target=none transport=False sorting_thread=alive
17:29:02 [v4][heartbeat] enter=True sorting=False cam=LIVE ai=LIVE cam_fps=55.6 pub_fps=30.4 frames=1129863 result_subs=1 roi=ok intrinsic=ok inference_age_ms=102 target=none transport=False sorting_thread=alive
17:29:07 [v4][heartbeat] enter=True sorting=False cam=LIVE ai=LIVE cam_fps=56.4 pub_fps=30.4 frames=1130145 result_subs=1 roi=ok intrinsic=ok inference_age_ms=109 target=none transport=False sorting_thread=alive
17:29:12 [v4][heartbeat] enter=True sorting=False cam=LIVE ai=LIVE cam_fps=56.8 pub_fps=30.2 frames=1130429 result_subs=1 roi=ok intrinsic=ok inference_age_ms=122 target=none transport=False sorting_thread=alive
17:29:17 [v4][heartbeat] enter=True sorting=False cam=LIVE ai=LIVE cam_fps=56.4 pub_fps=30.2 frames=1130711 result_subs=1 roi=ok intrinsic=ok inference_age_ms=148 target=none transport=False sorting_thread=alive
17:29:22 [v4][heartbeat] enter=True sorting=False cam=LIVE ai=LIVE cam_fps=57.2 pub_fps=30.4 frames=1130997 result_subs=1 roi=ok intrinsic=ok inference_age_ms=67 target=none transport=False sorting_thread=alive
17:29:27 [v4][heartbeat] enter=True sorting=False cam=LIVE ai=LIVE cam_fps=54.8 pub_fps=30.4 frames=1131271 result_subs=1 roi=ok intrinsic=ok inference_age_ms=96 target=none transport=False sorting_thread=alive
17:29:32 [v4][heartbeat] enter=True sorting=False cam=LIVE ai=LIVE cam_fps=57.0 pub_fps=30.2 frames=1131556 result_subs=1 roi=ok intrinsic=ok inference_age_ms=106 target=none transport=False sorting_thread=alive
17:29:37 [v4][heartbeat] enter=True sorting=False cam=LIVE ai=LIVE cam_fps=55.4 pub_fps=30.4 frames=1131833 result_subs=1 roi=ok intrinsic=ok inference_age_ms=112 target=none transport=False sorting_thread=alive
17:29:42 [v4][heartbeat] enter=True sorting=False cam=LIVE ai=LIVE cam_fps=55.9 pub_fps=30.2 frames=1132112 result_subs=1 roi=ok intrinsic=ok inference_age_ms=121 target=none transport=False sorting_thread=alive
17:29:47 [v4][heartbeat] enter=True sorting=False cam=LIVE ai=LIVE cam_fps=58.8 pub_fps=30.4 frames=1132406 result_subs=1 roi=ok intrinsic=ok inference_age_ms=92 target=none transport=False sorting_thread=alive
17:29:52 [v4][heartbeat] enter=True sorting=False cam=LIVE ai=LIVE cam_fps=50.8 pub_fps=30.2 frames=1132660 result_subs=1 roi=ok intrinsic=ok inference_age_ms=94 target=none transport=False sorting_thread=alive
17:29:57 [v4][heartbeat] enter=True sorting=False cam=LIVE ai=LIVE cam_fps=49.2 pub_fps=30.4 frames=1132906 result_subs=1 roi=ok intrinsic=ok inference_age_ms=50 target=none transport=False sorting_thread=alive
17:30:02 [v4][heartbeat] enter=True sorting=False cam=LIVE ai=LIVE cam_fps=50.6 pub_fps=30.2 frames=1133159 result_subs=1 roi=ok intrinsic=ok inference_age_ms=98 target=none transport=False sorting_thread=alive
17:30:07 [v4][heartbeat] enter=True sorting=False cam=LIVE ai=LIVE cam_fps=47.0 pub_fps=30.4 frames=1133394 result_subs=1 roi=ok intrinsic=ok inference_age_ms=98 target=none transport=False sorting_thread=alive
17:30:12 [v4][heartbeat] enter=True sorting=False cam=LIVE ai=LIVE cam_fps=52.0 pub_fps=30.2 frames=1133654 result_subs=1 roi=ok intrinsic=ok inference_age_ms=82 target=none transport=False sorting_thread=alive
17:30:17 [v4][heartbeat] enter=True sorting=False cam=LIVE ai=LIVE cam_fps=46.6 pub_fps=30.4 frames=1133887 result_subs=1 roi=ok intrinsic=ok inference_age_ms=72 target=none transport=False sorting_thread=alive
17:30:22 [v4][heartbeat] enter=True sorting=False cam=LIVE ai=LIVE cam_fps=50.6 pub_fps=30.2 frames=1134140 result_subs=1 roi=ok intrinsic=ok inference_age_ms=88 target=none transport=False sorting_thread=alive
17:30:27 [v4][heartbeat] enter=True sorting=False cam=LIVE ai=LIVE cam_fps=52.5 pub_fps=30.4 frames=1134402 result_subs=1 roi=ok intrinsic=ok inference_age_ms=55 target=none transport=False sorting_thread=alive
17:30:32 [v4][heartbeat] enter=True sorting=False cam=LIVE ai=LIVE cam_fps=47.8 pub_fps=30.2 frames=1134641 result_subs=1 roi=ok intrinsic=ok inference_age_ms=51 target=none transport=False sorting_thread=alive
17:30:37 [v4][heartbeat] enter=True sorting=False cam=LIVE ai=LIVE cam_fps=50.2 pub_fps=30.4 frames=1134892 result_subs=1 roi=ok intrinsic=ok inference_age_ms=113 target=none transport=False sorting_thread=alive
17:30:42 [v4][publish] result_subs changed: 1 -> 0
17:30:42 [v4][heartbeat] enter=True sorting=False cam=LIVE ai=LIVE cam_fps=49.8 pub_fps=10.2 frames=1135142 result_subs=0 roi=ok intrinsic=ok inference_age_ms=89 target=none transport=False sorting_thread=alive
17:30:42 [v4][main] KeyboardInterrupt - shutting down
