# v5 session 2026-08-14_18-23-25 pid=5233
18:23:32 [v4][main] starting custom_sortingv5
18:23:32 [v4][init] constructing node 'custom_sortingv5'
18:23:32 [v4][init] config_path=/home/ubuntu/ros2_ws/src/stepper/config/ (CHASSIS_TYPE='Slide_Rails')
18:23:32 [v4][init] waiting for kinematics/set_pose_target service...
18:23:33 [v4][init] kinematics/set_pose_target ready
18:23:33 [v4][init] bus_servo/get_state ready (full feedback enabled)
18:23:33 [v4][init] inference worker started (engine=/home/ubuntu/third_party_ros2/data/scaff_cube_best.engine)
18:23:33 [v4][inference] worker thread starting
18:23:33 [v4][engine-load] starting load: /home/ubuntu/third_party_ros2/data/scaff_cube_best.engine
18:23:33 [v4][init] camera subscriptions created (always-on) - topic /depth_cam/rgb/image_raw + camera_info
18:23:33 [v4][init] depth subscribed (candidate): /depth_cam/depth_to_color
18:23:33 [v4][init] depth subscribed (candidate): /depth_cam/depth/image_raw
18:23:33 [v4][main] spinning executor (4 threads)
18:23:33 [v4][startup] spawning sorting + transport threads
18:23:33 [v4][sorting-loop] thread started, waiting for enter+frames
18:23:33 [v4][camera] FIRST FRAME received: (480, 640, 3) enc=rgb8
18:23:33 [v4][camera] first camera_info received: fx=453.0 fy=453.0 cx=328.3 cy=243.4
18:23:33 [v4][camera] depth source = /depth_cam/depth/image_raw (colour-aligned=False)
18:23:33 [v4][camera] FIRST DEPTH FRAME on /depth_cam/depth/image_raw: shape=(400, 640) dtype=uint16
18:23:33 [v4][svc] set_target red=True
18:23:33 [v4][svc] set_target green=True
18:23:33 [v4][svc] set_target blue=True
18:23:33 [v4][svc] set_target scaff=True
18:23:33 [v4][startup] v4 init finish
18:23:33 [v4][engine-load] YOLO() constructed in 0.09s task=obb (raw='obb', override='obb')
18:23:33 [v4][init] captured endpoint pose t=[0.1271, 0.0000, 0.1821]
18:23:34 [v4][init] depth->color TF resolved + composed into hand2cam
18:23:34 [v4][svc] enable_sorting -> False
18:23:36 [v4][engine-load] warmup pass done in 3.07s
18:23:36 [v4][engine-load] engine active: /home/ubuntu/third_party_ros2/data/scaff_cube_best.engine (total load 3.16s, swap #1)
18:23:36 [v4][engine-load] class names from model.names: ['scaff', 'light blue cube', 'dark blue cube', 'red cube', 'green cube']
18:23:36 [v4][inference] first inference complete (77 ms)
18:23:36 [v4][sorting-loop] first inference result reached the loop
18:23:36 [v4][roi] reading transform.yaml from /home/ubuntu/ros2_ws/src/stepper/config/transform.yaml
18:23:36 [v4][roi]   loaded plane: [-0.0034594295448868296, -0.08463774716902761, -0.9964057828522352, 0.21475674481696266]
18:23:36 [v4][roi]   yaml loaded: extristric.shape=(4, 3) corners.shape=(5, 3) white_area_center.shape=(4, 4)
18:23:36 [v4][roi]   intrinsic ready after 0.00s (shape=(3, 3)) distortion.shape=(8,)
18:23:36 [v4][roi]   extrinsic plane shift done
18:23:36 [v4][roi]   projected 4 corners to image pixels
18:23:36 [v4][roi]   computed roi (y=79..403 x=164..572) on intrinsic shape=(3, 3)
18:23:36 [v4][sorting-loop] ROI built - detection branch is now live
18:23:37 [v4][publish] first frame published: shape=(480, 640, 3) step=1920 contig=True qos=reliable/depth10 topic=/custom_sortingv5/image_result
18:23:38 [v4][heartbeat] enter=False sorting=False cam=LIVE ai=LIVE cam_fps=39.6 pub_fps=3.4 frames=198 result_subs=1 roi=ok intrinsic=ok inference_age_ms=114 target=none transport=False sorting_thread=alive
18:23:43 [v4][heartbeat] enter=False sorting=False cam=LIVE ai=LIVE cam_fps=41.8 pub_fps=30.2 frames=407 result_subs=1 roi=ok intrinsic=ok inference_age_ms=123 target=none transport=False sorting_thread=alive
18:23:48 [v4][heartbeat] enter=False sorting=False cam=LIVE ai=LIVE cam_fps=39.4 pub_fps=30.2 frames=604 result_subs=1 roi=ok intrinsic=ok inference_age_ms=45 target=none transport=False sorting_thread=alive
18:23:53 [v4][heartbeat] enter=False sorting=False cam=LIVE ai=LIVE cam_fps=41.8 pub_fps=30.2 frames=813 result_subs=1 roi=ok intrinsic=ok inference_age_ms=85 target=none transport=False sorting_thread=alive
18:23:58 [v4][heartbeat] enter=False sorting=False cam=LIVE ai=LIVE cam_fps=40.5 pub_fps=30.3 frames=1016 result_subs=1 roi=ok intrinsic=ok inference_age_ms=96 target=none transport=False sorting_thread=alive
18:24:03 [v4][heartbeat] enter=False sorting=False cam=LIVE ai=LIVE cam_fps=39.5 pub_fps=30.3 frames=1213 result_subs=1 roi=ok intrinsic=ok inference_age_ms=143 target=none transport=False sorting_thread=alive
18:24:08 [v4][heartbeat] enter=False sorting=False cam=LIVE ai=LIVE cam_fps=39.4 pub_fps=30.4 frames=1410 result_subs=1 roi=ok intrinsic=ok inference_age_ms=121 target=none transport=False sorting_thread=alive
18:24:13 [v4][heartbeat] enter=False sorting=False cam=LIVE ai=LIVE cam_fps=36.1 pub_fps=30.2 frames=1591 result_subs=1 roi=ok intrinsic=ok inference_age_ms=78 target=none transport=False sorting_thread=alive
18:24:18 [v4][heartbeat] enter=False sorting=False cam=LIVE ai=LIVE cam_fps=37.1 pub_fps=30.4 frames=1776 result_subs=1 roi=ok intrinsic=ok inference_age_ms=135 target=none transport=False sorting_thread=alive
18:24:23 [v4][heartbeat] enter=False sorting=False cam=LIVE ai=LIVE cam_fps=41.2 pub_fps=30.4 frames=1982 result_subs=1 roi=ok intrinsic=ok inference_age_ms=75 target=none transport=False sorting_thread=alive
18:24:28 [v4][heartbeat] enter=False sorting=False cam=LIVE ai=LIVE cam_fps=39.0 pub_fps=30.2 frames=2177 result_subs=1 roi=ok intrinsic=ok inference_age_ms=190 target=none transport=False sorting_thread=alive
18:24:33 [v4][heartbeat] enter=False sorting=False cam=LIVE ai=LIVE cam_fps=44.0 pub_fps=30.4 frames=2397 result_subs=1 roi=ok intrinsic=ok inference_age_ms=49 target=none transport=False sorting_thread=alive
18:24:38 [v4][heartbeat] enter=False sorting=False cam=LIVE ai=LIVE cam_fps=46.2 pub_fps=30.2 frames=2628 result_subs=1 roi=ok intrinsic=ok inference_age_ms=174 target=none transport=False sorting_thread=alive
18:24:42 [v4][enter] enter requested (camera subs were already alive)
18:24:42 [v4][svc] enable_sorting -> True
18:24:42 [v4][roi] reading transform.yaml from /home/ubuntu/ros2_ws/src/stepper/config/transform.yaml
18:24:42 [v4][roi]   loaded plane: [-0.0034594295448868296, -0.08463774716902761, -0.9964057828522352, 0.21475674481696266]
18:24:42 [v4][roi]   yaml loaded: extristric.shape=(4, 3) corners.shape=(5, 3) white_area_center.shape=(4, 4)
18:24:42 [v4][roi]   intrinsic ready after 0.00s (shape=(3, 3)) distortion.shape=(8,)
18:24:42 [v4][roi]   extrinsic plane shift done
18:24:42 [v4][roi]   projected 4 corners to image pixels
18:24:42 [v4][roi]   computed roi (y=79..403 x=164..572) on intrinsic shape=(3, 3)
18:24:42 [v4][sorting-loop] ROI built - detection branch is now live
18:24:42 [v4][sorting-loop] LOCKED on red cube pixel=(388, 154) world=(0.228,-0.019,0.025)
18:24:43 [v4][heartbeat] enter=True sorting=True cam=LIVE ai=LIVE cam_fps=40.1 pub_fps=30.3 frames=2829 result_subs=1 roi=ok intrinsic=ok inference_age_ms=86 target=red cube transport=False sorting_thread=alive
18:24:44 [v4][sorting-loop] TRACK red cube e_dist=0.0000 (thresh=0.005) still=6/10 move=0/10
18:24:45 [v4][sorting-loop] FIRING TRANSPORT label=red cube pos=(0.227,-0.022,0.025) yaw=444
18:24:45 [v4][transport] BEGIN pick red cube at (0.227,-0.024,0.090) yaw_pulse=444
18:24:46 [v4][motion] base reached 475 after 1 extra wait(s)
18:24:47 [v4][pick] descend obj_top_z=0.090 grab_depth=0.020 -> z=0.070 (worldpos=legacy/table)
18:24:48 [v4][heartbeat] enter=True sorting=True cam=LIVE ai=LIVE cam_fps=41.9 pub_fps=30.1 frames=3038 result_subs=1 roi=ok intrinsic=ok inference_age_ms=107 target=red cube transport=True sorting_thread=alive
18:24:49 [v4][motion] base reached 500 after 1 extra wait(s)
18:24:49 [v4][pick] pick red cube complete (standard)
18:24:49 [v4][transport] pick OK in 4.26s
18:24:49 [v4][place] 'red cube': replaying taught posture [817, 373, 167, 289, 465] (base first, verified)
18:24:50 [v4][motion] base reached 817 after 1 extra wait(s)
18:24:51 [v4][place] 'red cube': at taught posture - releasing
18:24:52 [v4][transport] place OK in 3.14s
18:24:53 [v4][heartbeat] enter=True sorting=True cam=LIVE ai=LIVE cam_fps=41.9 pub_fps=30.1 frames=3248 result_subs=1 roi=ok intrinsic=ok inference_age_ms=62 target=red cube transport=True sorting_thread=alive
18:24:53 [v4][sorting-loop] LOCKED on green cube pixel=(502, 145) world=(0.234,-0.068,0.025)
18:24:53 [v4][sorting-loop] LOCKED on green cube pixel=(209, 148) world=(0.228,0.057,0.025)
18:24:55 [v4][sorting-loop] FIRING TRANSPORT label=green cube pos=(0.228,0.056,0.025) yaw=528
18:24:55 [v4][transport] BEGIN pick green cube at (0.228,0.060,0.090) yaw_pulse=528
18:24:55 [v4][motion] base reached 561 after 1 extra wait(s)
18:24:56 [v4][pick] descend obj_top_z=0.090 grab_depth=0.020 -> z=0.070 (worldpos=legacy/table)
18:24:58 [v4][heartbeat] enter=True sorting=True cam=LIVE ai=LIVE cam_fps=35.1 pub_fps=30.1 frames=3423 result_subs=1 roi=ok intrinsic=ok inference_age_ms=54 target=green cube transport=True sorting_thread=alive
18:24:58 [v4][motion] base reached 500 after 1 extra wait(s)
18:24:59 [v4][pick] pick green cube complete (standard)
18:24:59 [v4][transport] pick OK in 4.20s
18:25:00 [v4][motion] base reached 881 after 1 extra wait(s)
18:25:02 [v4][transport] place OK in 3.17s
18:25:03 [v4][heartbeat] enter=True sorting=True cam=LIVE ai=LIVE cam_fps=43.5 pub_fps=30.2 frames=3641 result_subs=1 roi=ok intrinsic=ok inference_age_ms=146 target=none transport=False sorting_thread=alive
18:25:03 [v4][sorting-loop] LOCKED on dark blue cube pixel=(363, 326) world=(0.156,-0.011,0.025)
18:25:03 [v4][sorting-loop] LOCKED on dark blue cube pixel=(257, 339) world=(0.149,0.033,0.025)
18:25:04 [v4][sorting-loop] TRACK dark blue cube e_dist=0.0000 (thresh=0.005) still=3/10 move=0/10
18:25:04 [v4][sorting-loop] FIRING TRANSPORT label=dark blue cube pos=(0.149,0.032,0.025) yaw=613
18:25:04 [v4][transport] BEGIN pick dark blue cube at (0.149,0.035,0.080) yaw_pulse=613
18:25:05 [v4][motion] base reached 554 after 1 extra wait(s)
18:25:06 [v4][pick] descend obj_top_z=0.080 grab_depth=0.020 -> z=0.060 (worldpos=legacy/table)
18:25:08 [v4][heartbeat] enter=True sorting=True cam=LIVE ai=LIVE cam_fps=46.9 pub_fps=30.0 frames=3875 result_subs=1 roi=ok intrinsic=ok inference_age_ms=76 target=dark blue cube transport=True sorting_thread=alive
18:25:08 [v4][motion] base reached 500 after 1 extra wait(s)
18:25:08 [v4][pick] pick dark blue cube complete (standard)
18:25:08 [v4][transport] pick OK in 4.16s
18:25:10 [v4][motion] base reached 884 after 1 extra wait(s)
18:25:12 [v4][transport] place OK in 3.17s
18:25:13 [v4][sorting-loop] LOCKED on dark blue cube pixel=(408, 409) world=(0.122,-0.030,0.025)
18:25:13 [v4][sorting-loop] LOCKED on dark blue cube pixel=(257, 417) world=(0.117,0.032,0.025)
18:25:13 [v4][heartbeat] enter=True sorting=True cam=LIVE ai=LIVE cam_fps=46.5 pub_fps=30.2 frames=4108 result_subs=1 roi=ok intrinsic=ok inference_age_ms=94 target=dark blue cube transport=False sorting_thread=alive
18:25:14 [v4][sorting-loop] TRACK dark blue cube e_dist=0.0000 (thresh=0.005) still=9/10 move=0/10
18:25:14 [v4][sorting-loop] FIRING TRANSPORT label=dark blue cube pos=(0.117,0.032,0.025) yaw=284
18:25:14 [v4][transport] BEGIN pick dark blue cube at (0.117,0.034,0.080) yaw_pulse=284
18:25:15 [v4][motion] base reached 567 after 1 extra wait(s)
18:25:16 [v4][pick] descend obj_top_z=0.080 grab_depth=0.020 -> z=0.060 (worldpos=legacy/table)
18:25:18 [v4][motion] base reached 500 after 1 extra wait(s)
18:25:18 [v4][heartbeat] enter=True sorting=True cam=LIVE ai=LIVE cam_fps=43.7 pub_fps=30.4 frames=4326 result_subs=1 roi=ok intrinsic=ok inference_age_ms=50 target=dark blue cube transport=True sorting_thread=alive
18:25:18 [v4][pick] pick dark blue cube complete (standard)
18:25:18 [v4][transport] pick OK in 4.15s
18:25:19 [v4][motion] base reached 884 after 1 extra wait(s)
18:25:21 [v4][transport] place OK in 3.17s
18:25:22 [v4][sorting-loop] LOCKED on red cube pixel=(94, 201) world=(0.204,0.104,0.025)
18:25:22 [v4][sorting-loop] LOCKED on scaff pixel=(536, 346) world=(0.150,-0.083,0.025)
18:25:23 [v4][sorting-loop] LOCKED on scaff pixel=(452, 316) world=(0.161,-0.048,0.025)
18:25:23 [v4][heartbeat] enter=True sorting=True cam=LIVE ai=LIVE cam_fps=46.9 pub_fps=30.3 frames=4561 result_subs=1 roi=ok intrinsic=ok inference_age_ms=114 target=scaff transport=False sorting_thread=alive
18:25:24 [v4][sorting-loop] TRACK scaff e_dist=0.0012 (thresh=0.005) still=10/10 move=0/10
18:25:24 [v4][sorting-loop] FIRING TRANSPORT label=scaff pos=(0.160,-0.047,0.025) yaw=677
18:25:24 [v4][transport] BEGIN pick scaff at (0.160,-0.050,0.080) yaw_pulse=677
18:25:24 [v4][motion] base reached 427 after 1 extra wait(s)
18:25:25 [v4][pick] descend obj_top_z=0.080 grab_depth=0.020 -> z=0.060 (worldpos=legacy/table)
18:25:28 [v4][motion] base reached 500 after 1 extra wait(s)
18:25:28 [v4][heartbeat] enter=True sorting=True cam=LIVE ai=LIVE cam_fps=41.1 pub_fps=30.1 frames=4766 result_subs=1 roi=ok intrinsic=ok inference_age_ms=57 target=scaff transport=True sorting_thread=alive
18:25:28 [v4][pick] pick scaff complete (standard)
18:25:28 [v4][transport] pick OK in 4.19s
18:25:29 [v4][motion] base reached 987 after 1 extra wait(s)
18:25:31 [v4][transport] place OK in 3.39s
18:25:32 [v4][sorting-loop] LOCKED on red cube pixel=(241, 142) world=(0.231,0.043,0.025)
18:25:32 [v4][sorting-loop] LOCKED on red cube pixel=(65, 216) world=(0.197,0.116,0.025)
18:25:33 [v4][sorting-loop] LOCKED on dark blue cube pixel=(264, 402) world=(0.123,0.029,0.025)
18:25:33 [v4][heartbeat] enter=True sorting=True cam=LIVE ai=LIVE cam_fps=45.0 pub_fps=30.4 frames=4991 result_subs=1 roi=ok intrinsic=ok inference_age_ms=136 target=dark blue cube transport=False sorting_thread=alive
18:25:34 [v4][sorting-loop] FIRING TRANSPORT label=dark blue cube pos=(0.123,0.033,0.025) yaw=208
18:25:34 [v4][transport] BEGIN pick dark blue cube at (0.123,0.035,0.080) yaw_pulse=208
18:25:34 [v4][motion] base reached 566 after 1 extra wait(s)
18:25:35 [v4][pick] descend obj_top_z=0.080 grab_depth=0.020 -> z=0.060 (worldpos=legacy/table)
18:25:38 [v4][motion] base reached 500 after 1 extra wait(s)
18:25:38 [v4][heartbeat] enter=True sorting=True cam=LIVE ai=LIVE cam_fps=40.2 pub_fps=30.2 frames=5192 result_subs=1 roi=ok intrinsic=ok inference_age_ms=84 target=dark blue cube transport=True sorting_thread=alive
18:25:38 [v4][pick] pick dark blue cube complete (standard)
18:25:38 [v4][transport] pick OK in 4.15s
18:25:39 [v4][motion] base reached 884 after 1 extra wait(s)
18:25:41 [v4][svc] enable_sorting -> False
18:25:41 [v4][place] retreat IK failed for 'dark blue cube' AFTER release - drop succeeded; homing recovers
18:25:41 [v4][transport] place OK in 2.64s
18:25:43 [v4][svc] enable_sorting -> False
18:25:43 [v4][heartbeat] enter=True sorting=False cam=LIVE ai=LIVE cam_fps=41.0 pub_fps=30.4 frames=5397 result_subs=1 roi=ok intrinsic=ok inference_age_ms=127 target=none transport=False sorting_thread=alive
18:25:44 [v4][svc] enable_sorting -> False
18:25:48 [v4][heartbeat] enter=True sorting=False cam=LIVE ai=LIVE cam_fps=40.2 pub_fps=30.2 frames=5598 result_subs=1 roi=ok intrinsic=ok inference_age_ms=50 target=none transport=False sorting_thread=alive
18:25:52 [v4][enter] enter requested (camera subs were already alive)
18:25:52 [v4][roi] reading transform.yaml from /home/ubuntu/ros2_ws/src/stepper/config/transform.yaml
18:25:52 [v4][svc] enable_sorting -> True
18:25:52 [v4][roi]   loaded plane: [-0.0034594295448868296, -0.08463774716902761, -0.9964057828522352, 0.21475674481696266]
18:25:52 [v4][roi]   yaml loaded: extristric.shape=(4, 3) corners.shape=(5, 3) white_area_center.shape=(4, 4)
18:25:52 [v4][roi]   intrinsic ready after 0.00s (shape=(3, 3)) distortion.shape=(8,)
18:25:52 [v4][roi]   extrinsic plane shift done
18:25:52 [v4][roi]   projected 4 corners to image pixels
18:25:52 [v4][roi]   computed roi (y=79..403 x=164..572) on intrinsic shape=(3, 3)
18:25:52 [v4][sorting-loop] ROI built - detection branch is now live
18:25:52 [v4][sorting-loop] LOCKED on scaff pixel=(437, 417) world=(0.119,-0.042,0.025)
18:25:53 [v4][sorting-loop] LOCKED on scaff pixel=(584, 418) world=(0.121,-0.103,0.025)
18:25:53 [v4][sorting-loop] LOCKED on scaff pixel=(570, 398) world=(0.129,-0.097,0.025)
18:25:53 [v4][heartbeat] enter=True sorting=True cam=LIVE ai=LIVE cam_fps=35.0 pub_fps=30.2 frames=5773 result_subs=1 roi=ok intrinsic=ok inference_age_ms=64 target=none transport=False sorting_thread=alive
18:25:53 [v4][sorting-loop] LOCKED on scaff pixel=(562, 390) world=(0.132,-0.094,0.025)
18:25:53 [v4][svc] enable_sorting -> False
18:25:58 [v4][heartbeat] enter=True sorting=False cam=LIVE ai=LIVE cam_fps=39.5 pub_fps=29.5 frames=5971 result_subs=1 roi=ok intrinsic=ok inference_age_ms=91 target=none transport=False sorting_thread=alive
18:26:03 [v4][heartbeat] enter=True sorting=False cam=LIVE ai=LIVE cam_fps=36.4 pub_fps=30.2 frames=6153 result_subs=1 roi=ok intrinsic=ok inference_age_ms=127 target=none transport=False sorting_thread=alive
18:26:08 [v4][heartbeat] enter=True sorting=False cam=LIVE ai=LIVE cam_fps=39.1 pub_fps=30.3 frames=6348 result_subs=1 roi=ok intrinsic=ok inference_age_ms=148 target=none transport=False sorting_thread=alive
18:26:13 [v4][heartbeat] enter=True sorting=False cam=LIVE ai=LIVE cam_fps=37.0 pub_fps=30.2 frames=6533 result_subs=1 roi=ok intrinsic=ok inference_age_ms=107 target=none transport=False sorting_thread=alive
18:26:14 [v4][enter] enter requested (camera subs were already alive)
18:26:14 [v4][svc] enable_sorting -> True
18:26:14 [v4][roi] reading transform.yaml from /home/ubuntu/ros2_ws/src/stepper/config/transform.yaml
18:26:14 [v4][roi]   loaded plane: [-0.0034594295448868296, -0.08463774716902761, -0.9964057828522352, 0.21475674481696266]
18:26:14 [v4][roi]   yaml loaded: extristric.shape=(4, 3) corners.shape=(5, 3) white_area_center.shape=(4, 4)
18:26:14 [v4][roi]   intrinsic ready after 0.00s (shape=(3, 3)) distortion.shape=(8,)
18:26:14 [v4][roi]   extrinsic plane shift done
18:26:14 [v4][roi]   projected 4 corners to image pixels
18:26:14 [v4][roi]   computed roi (y=79..403 x=164..572) on intrinsic shape=(3, 3)
18:26:14 [v4][sorting-loop] ROI built - detection branch is now live
18:26:15 [v4][sorting-loop] LOCKED on red cube pixel=(462, 168) world=(0.223,-0.051,0.025)
18:26:16 [v4][sorting-loop] TRACK red cube e_dist=0.0004 (thresh=0.005) still=11/10 move=0/10
18:26:16 [v4][sorting-loop] FIRING TRANSPORT label=red cube pos=(0.224,-0.051,0.025) yaw=451
18:26:16 [v4][transport] BEGIN pick red cube at (0.224,-0.054,0.090) yaw_pulse=451
18:26:17 [v4][motion] base reached 443 after 1 extra wait(s)
18:26:18 [v4][heartbeat] enter=True sorting=True cam=LIVE ai=LIVE cam_fps=35.4 pub_fps=30.0 frames=6710 result_subs=1 roi=ok intrinsic=ok inference_age_ms=90 target=red cube transport=True sorting_thread=alive
18:26:18 [v4][pick] descend obj_top_z=0.090 grab_depth=0.020 -> z=0.070 (worldpos=legacy/table)
18:26:20 [v4][motion] base reached 500 after 1 extra wait(s)
18:26:21 [v4][pick] pick red cube complete (standard)
18:26:21 [v4][transport] pick OK in 4.26s
18:26:21 [v4][place] 'red cube': replaying taught posture [817, 373, 167, 289, 465] (base first, verified)
18:26:22 [v4][motion] base reached 817 after 1 extra wait(s)
18:26:22 [v4][place] 'red cube': at taught posture - releasing
18:26:23 [v4][heartbeat] enter=True sorting=True cam=LIVE ai=LIVE cam_fps=42.4 pub_fps=30.4 frames=6922 result_subs=1 roi=ok intrinsic=ok inference_age_ms=110 target=red cube transport=True sorting_thread=alive
18:26:24 [v4][transport] place OK in 3.05s
18:26:24 [v4][sorting-loop] LOCKED on green cube pixel=(546, 152) world=(0.232,-0.087,0.025)
18:26:25 [v4][sorting-loop] LOCKED on green cube pixel=(351, 117) world=(0.244,-0.003,0.025)
18:26:25 [v4][sorting-loop] LOCKED on green cube pixel=(243, 131) world=(0.236,0.043,0.025)
18:26:26 [v4][sorting-loop] FIRING TRANSPORT label=green cube pos=(0.236,0.043,0.025) yaw=555
18:26:26 [v4][transport] BEGIN pick green cube at (0.236,0.046,0.090) yaw_pulse=555
18:26:26 [v4][motion] base reached 546 after 1 extra wait(s)
18:26:28 [v4][pick] descend obj_top_z=0.090 grab_depth=0.020 -> z=0.070 (worldpos=legacy/table)
18:26:28 [v4][heartbeat] enter=True sorting=True cam=LIVE ai=LIVE cam_fps=40.0 pub_fps=30.2 frames=7122 result_subs=1 roi=ok intrinsic=ok inference_age_ms=57 target=green cube transport=True sorting_thread=alive
18:26:30 [v4][motion] base reached 500 after 1 extra wait(s)
18:26:30 [v4][pick] pick green cube complete (standard)
18:26:30 [v4][transport] pick OK in 4.18s
18:26:31 [v4][motion] base reached 881 after 1 extra wait(s)
18:26:33 [v4][heartbeat] enter=True sorting=True cam=LIVE ai=LIVE cam_fps=43.6 pub_fps=30.4 frames=7340 result_subs=1 roi=ok intrinsic=ok inference_age_ms=77 target=green cube transport=True sorting_thread=alive
18:26:33 [v4][transport] place OK in 3.21s
18:26:34 [v4][sorting-loop] LOCKED on red cube pixel=(123, 202) world=(0.204,0.092,0.025)
18:26:34 [v4][sorting-loop] LOCKED on dark blue cube pixel=(240, 296) world=(0.166,0.041,0.025)
18:26:35 [v4][sorting-loop] FIRING TRANSPORT label=dark blue cube pos=(0.166,0.041,0.025) yaw=483
18:26:35 [v4][transport] BEGIN pick dark blue cube at (0.166,0.044,0.080) yaw_pulse=483
18:26:36 [v4][motion] base reached 561 after 1 extra wait(s)
18:26:37 [v4][pick] descend obj_top_z=0.080 grab_depth=0.020 -> z=0.060 (worldpos=legacy/table)
18:26:38 [v4][heartbeat] enter=True sorting=True cam=LIVE ai=LIVE cam_fps=40.2 pub_fps=30.4 frames=7541 result_subs=1 roi=ok intrinsic=ok inference_age_ms=81 target=dark blue cube transport=True sorting_thread=alive
18:26:39 [v4][motion] base reached 500 after 1 extra wait(s)
18:26:39 [v4][pick] pick dark blue cube complete (standard)
18:26:39 [v4][transport] pick OK in 4.18s
18:26:41 [v4][motion] base reached 884 after 1 extra wait(s)
18:26:43 [v4][transport] place OK in 3.22s
18:26:43 [v4][heartbeat] enter=True sorting=True cam=LIVE ai=LIVE cam_fps=40.2 pub_fps=30.2 frames=7742 result_subs=1 roi=ok intrinsic=ok inference_age_ms=72 target=dark blue cube transport=True sorting_thread=alive
18:26:44 [v4][sorting-loop] LOCKED on red cube pixel=(59, 226) world=(0.193,0.118,0.025)
18:26:44 [v4][sorting-loop] LOCKED on dark blue cube pixel=(369, 346) world=(0.147,-0.013,0.025)
18:26:44 [v4][sorting-loop] LOCKED on dark blue cube pixel=(283, 357) world=(0.142,0.022,0.025)
18:26:45 [v4][svc] enable_sorting -> False
18:26:48 [v4][heartbeat] enter=True sorting=False cam=LIVE ai=LIVE cam_fps=35.0 pub_fps=30.4 frames=7917 result_subs=1 roi=ok intrinsic=ok inference_age_ms=41 target=dark blue cube transport=False sorting_thread=alive
18:26:53 [v4][heartbeat] enter=True sorting=False cam=LIVE ai=LIVE cam_fps=33.6 pub_fps=30.2 frames=8085 result_subs=1 roi=ok intrinsic=ok inference_age_ms=110 target=dark blue cube transport=False sorting_thread=alive
18:26:58 [v4][heartbeat] enter=True sorting=False cam=LIVE ai=LIVE cam_fps=38.2 pub_fps=30.2 frames=8276 result_subs=1 roi=ok intrinsic=ok inference_age_ms=78 target=dark blue cube transport=False sorting_thread=alive
18:27:03 [v4][heartbeat] enter=True sorting=False cam=LIVE ai=LIVE cam_fps=37.6 pub_fps=30.2 frames=8464 result_subs=1 roi=ok intrinsic=ok inference_age_ms=102 target=dark blue cube transport=False sorting_thread=alive
18:27:08 [v4][heartbeat] enter=True sorting=False cam=LIVE ai=LIVE cam_fps=34.2 pub_fps=30.2 frames=8635 result_subs=1 roi=ok intrinsic=ok inference_age_ms=78 target=dark blue cube transport=False sorting_thread=alive
18:27:13 [v4][heartbeat] enter=True sorting=False cam=LIVE ai=LIVE cam_fps=35.4 pub_fps=30.4 frames=8812 result_subs=1 roi=ok intrinsic=ok inference_age_ms=109 target=dark blue cube transport=False sorting_thread=alive
18:27:18 [v4][heartbeat] enter=True sorting=False cam=LIVE ai=LIVE cam_fps=32.8 pub_fps=30.2 frames=8976 result_subs=1 roi=ok intrinsic=ok inference_age_ms=65 target=dark blue cube transport=False sorting_thread=alive
18:27:23 [v4][heartbeat] enter=True sorting=False cam=LIVE ai=LIVE cam_fps=37.1 pub_fps=30.2 frames=9161 result_subs=1 roi=ok intrinsic=ok inference_age_ms=136 target=dark blue cube transport=False sorting_thread=alive
18:27:28 [v4][heartbeat] enter=True sorting=False cam=LIVE ai=LIVE cam_fps=39.0 pub_fps=30.2 frames=9356 result_subs=1 roi=ok intrinsic=ok inference_age_ms=170 target=dark blue cube transport=False sorting_thread=alive
18:27:33 [v4][heartbeat] enter=True sorting=False cam=LIVE ai=LIVE cam_fps=38.4 pub_fps=29.8 frames=9548 result_subs=1 roi=ok intrinsic=ok inference_age_ms=89 target=dark blue cube transport=False sorting_thread=alive
18:27:38 [v4][heartbeat] enter=True sorting=False cam=LIVE ai=LIVE cam_fps=39.2 pub_fps=30.4 frames=9744 result_subs=1 roi=ok intrinsic=ok inference_age_ms=131 target=dark blue cube transport=False sorting_thread=alive
18:27:43 [v4][heartbeat] enter=True sorting=False cam=LIVE ai=LIVE cam_fps=38.7 pub_fps=30.1 frames=9938 result_subs=1 roi=ok intrinsic=ok inference_age_ms=68 target=dark blue cube transport=False sorting_thread=alive
18:27:45 [v4][enter] enter requested (camera subs were already alive)
18:27:45 [v4][svc] enable_sorting -> True
18:27:45 [v4][roi] reading transform.yaml from /home/ubuntu/ros2_ws/src/stepper/config/transform.yaml
18:27:45 [v4][roi]   loaded plane: [-0.0034594295448868296, -0.08463774716902761, -0.9964057828522352, 0.21475674481696266]
18:27:45 [v4][roi]   yaml loaded: extristric.shape=(4, 3) corners.shape=(5, 3) white_area_center.shape=(4, 4)
18:27:45 [v4][roi]   intrinsic ready after 0.00s (shape=(3, 3)) distortion.shape=(8,)
18:27:45 [v4][roi]   extrinsic plane shift done
18:27:45 [v4][roi]   projected 4 corners to image pixels
18:27:45 [v4][roi]   computed roi (y=79..403 x=164..572) on intrinsic shape=(3, 3)
18:27:45 [v4][sorting-loop] ROI built - detection branch is now live
18:27:46 [v4][sorting-loop] LOCKED on red cube pixel=(441, 143) world=(0.234,-0.042,0.025)
18:27:48 [v4][heartbeat] enter=True sorting=True cam=LIVE ai=LIVE cam_fps=37.0 pub_fps=29.8 frames=10123 result_subs=1 roi=ok intrinsic=ok inference_age_ms=139 target=red cube transport=False sorting_thread=alive
18:27:49 [v4][sorting-loop] TRACK red cube e_dist=0.0004 (thresh=0.005) still=9/10 move=0/10
18:27:50 [v4][sorting-loop] FIRING TRANSPORT label=red cube pos=(0.234,-0.042,0.025) yaw=446
18:27:50 [v4][transport] BEGIN pick red cube at (0.234,-0.045,0.090) yaw_pulse=446
18:27:50 [v4][motion] base reached 454 after 1 extra wait(s)
18:27:51 [v4][pick] descend obj_top_z=0.090 grab_depth=0.020 -> z=0.070 (worldpos=legacy/table)
18:27:53 [v4][heartbeat] enter=True sorting=True cam=LIVE ai=LIVE cam_fps=41.3 pub_fps=30.3 frames=10329 result_subs=1 roi=ok intrinsic=ok inference_age_ms=73 target=red cube transport=True sorting_thread=alive
18:27:53 [v4][motion] base reached 500 after 1 extra wait(s)
18:27:54 [v4][pick] pick red cube complete (standard)
18:27:54 [v4][transport] pick OK in 4.18s
18:27:54 [v4][place] 'red cube': replaying taught posture [817, 373, 167, 289, 465] (base first, verified)
18:27:55 [v4][motion] base reached 817 after 1 extra wait(s)
18:27:56 [v4][place] 'red cube': at taught posture - releasing
18:27:57 [v4][transport] place OK in 3.03s
18:27:58 [v4][heartbeat] enter=True sorting=True cam=LIVE ai=LIVE cam_fps=41.7 pub_fps=30.3 frames=10538 result_subs=1 roi=ok intrinsic=ok inference_age_ms=67 target=none transport=False sorting_thread=alive
18:27:58 [v4][sorting-loop] LOCKED on dark blue cube pixel=(476, 267) world=(0.182,-0.057,0.025)
18:27:58 [v4][sorting-loop] LOCKED on scaff pixel=(441, 243) world=(0.191,-0.043,0.025)
18:27:59 [v4][sorting-loop] FIRING TRANSPORT label=scaff pos=(0.191,-0.043,0.025) yaw=477
18:27:59 [v4][transport] BEGIN pick scaff at (0.191,-0.046,0.080) yaw_pulse=477
18:28:00 [v4][motion] base reached 443 after 1 extra wait(s)
18:28:01 [v4][pick] descend obj_top_z=0.080 grab_depth=0.020 -> z=0.060 (worldpos=legacy/table)
18:28:03 [v4][heartbeat] enter=True sorting=True cam=LIVE ai=LIVE cam_fps=39.9 pub_fps=29.9 frames=10737 result_subs=1 roi=ok intrinsic=ok inference_age_ms=71 target=scaff transport=True sorting_thread=alive
18:28:03 [v4][motion] base reached 500 after 1 extra wait(s)
18:28:04 [v4][pick] pick scaff complete (standard)
18:28:04 [v4][transport] pick OK in 4.13s
18:28:05 [v4][motion] base reached 987 after 1 extra wait(s)
18:28:07 [v4][transport] place OK in 3.42s
18:28:08 [v4][sorting-loop] LOCKED on red cube pixel=(264, 140) world=(0.233,0.034,0.025)
18:28:08 [v4][heartbeat] enter=True sorting=True cam=LIVE ai=LIVE cam_fps=38.0 pub_fps=30.4 frames=10927 result_subs=1 roi=ok intrinsic=ok inference_age_ms=116 target=red cube transport=False sorting_thread=alive
18:28:08 [v4][sorting-loop] LOCKED on dark blue cube pixel=(505, 275) world=(0.179,-0.070,0.025)
18:28:08 [v4][sorting-loop] LOCKED on dark blue cube pixel=(242, 272) world=(0.176,0.041,0.025)
18:28:09 [v4][sorting-loop] LOCKED on green cube pixel=(223, 155) world=(0.226,0.051,0.025)
18:28:09 [v4][sorting-loop] FIRING TRANSPORT label=green cube pos=(0.226,0.051,0.025) yaw=531
18:28:09 [v4][transport] BEGIN pick green cube at (0.226,0.054,0.090) yaw_pulse=531
18:28:10 [v4][motion] base reached 556 after 1 extra wait(s)
18:28:11 [v4][pick] descend obj_top_z=0.090 grab_depth=0.020 -> z=0.070 (worldpos=legacy/table)
18:28:13 [v4][heartbeat] enter=True sorting=True cam=LIVE ai=LIVE cam_fps=35.8 pub_fps=30.2 frames=11106 result_subs=1 roi=ok intrinsic=ok inference_age_ms=57 target=green cube transport=True sorting_thread=alive
18:28:13 [v4][motion] base reached 500 after 1 extra wait(s)
18:28:14 [v4][pick] pick green cube complete (standard)
18:28:14 [v4][transport] pick OK in 4.13s
18:28:15 [v4][motion] base reached 881 after 1 extra wait(s)
18:28:17 [v4][transport] place OK in 3.15s
18:28:18 [v4][sorting-loop] LOCKED on dark blue cube pixel=(525, 290) world=(0.173,-0.078,0.025)
18:28:18 [v4][sorting-loop] LOCKED on dark blue cube pixel=(246, 273) world=(0.176,0.039,0.025)
18:28:18 [v4][heartbeat] enter=True sorting=True cam=LIVE ai=LIVE cam_fps=39.2 pub_fps=30.4 frames=11302 result_subs=1 roi=ok intrinsic=ok inference_age_ms=59 target=dark blue cube transport=False sorting_thread=alive
18:28:19 [v4][sorting-loop] LOCKED on dark blue cube pixel=(245, 273) world=(0.176,0.039,0.025)
18:28:19 [v4][sorting-loop] TRACK dark blue cube e_dist=0.0000 (thresh=0.005) still=3/10 move=0/10
18:28:20 [v4][sorting-loop] FIRING TRANSPORT label=dark blue cube pos=(0.176,0.039,0.025) yaw=345
18:28:20 [v4][transport] BEGIN pick dark blue cube at (0.176,0.042,0.080) yaw_pulse=345
18:28:20 [v4][motion] base reached 556 after 1 extra wait(s)
18:28:21 [v4][pick] descend obj_top_z=0.080 grab_depth=0.020 -> z=0.060 (worldpos=legacy/table)
18:28:23 [v4][heartbeat] enter=True sorting=True cam=LIVE ai=LIVE cam_fps=35.6 pub_fps=30.2 frames=11480 result_subs=1 roi=ok intrinsic=ok inference_age_ms=110 target=dark blue cube transport=True sorting_thread=alive
18:28:23 [v4][motion] base reached 500 after 1 extra wait(s)
18:28:24 [v4][pick] pick dark blue cube complete (standard)
18:28:24 [v4][transport] pick OK in 4.19s
18:28:25 [v4][motion] base reached 884 after 1 extra wait(s)
18:28:27 [v4][transport] place OK in 3.18s
18:28:28 [v4][heartbeat] enter=True sorting=True cam=LIVE ai=LIVE cam_fps=42.2 pub_fps=30.4 frames=11691 result_subs=1 roi=ok intrinsic=ok inference_age_ms=105 target=none transport=False sorting_thread=alive
18:28:28 [v4][sorting-loop] LOCKED on red cube pixel=(16, 254) world=(0.181,0.136,0.025)
18:28:33 [v4][heartbeat] enter=True sorting=True cam=LIVE ai=LIVE cam_fps=42.6 pub_fps=30.2 frames=11904 result_subs=1 roi=ok intrinsic=ok inference_age_ms=70 target=none transport=False sorting_thread=alive
18:28:35 [v4][svc] enable_sorting -> False
18:28:38 [v4][heartbeat] enter=True sorting=False cam=LIVE ai=LIVE cam_fps=39.8 pub_fps=30.4 frames=12103 result_subs=1 roi=ok intrinsic=ok inference_age_ms=93 target=none transport=False sorting_thread=alive
18:28:43 [v4][heartbeat] enter=True sorting=False cam=LIVE ai=LIVE cam_fps=40.6 pub_fps=30.2 frames=12306 result_subs=1 roi=ok intrinsic=ok inference_age_ms=65 target=none transport=False sorting_thread=alive
18:28:48 [v4][heartbeat] enter=True sorting=False cam=LIVE ai=LIVE cam_fps=40.6 pub_fps=30.2 frames=12509 result_subs=1 roi=ok intrinsic=ok inference_age_ms=74 target=none transport=False sorting_thread=alive
18:28:53 [v4][heartbeat] enter=True sorting=False cam=LIVE ai=LIVE cam_fps=41.2 pub_fps=30.2 frames=12715 result_subs=1 roi=ok intrinsic=ok inference_age_ms=40 target=none transport=False sorting_thread=alive
18:28:58 [v4][heartbeat] enter=True sorting=False cam=LIVE ai=LIVE cam_fps=40.2 pub_fps=30.2 frames=12916 result_subs=1 roi=ok intrinsic=ok inference_age_ms=128 target=none transport=False sorting_thread=alive
18:29:02 [v4][enter] enter requested (camera subs were already alive)
18:29:02 [v4][roi] reading transform.yaml from /home/ubuntu/ros2_ws/src/stepper/config/transform.yaml
18:29:02 [v4][svc] enable_sorting -> True
18:29:02 [v4][roi]   loaded plane: [-0.0034594295448868296, -0.08463774716902761, -0.9964057828522352, 0.21475674481696266]
18:29:02 [v4][roi]   yaml loaded: extristric.shape=(4, 3) corners.shape=(5, 3) white_area_center.shape=(4, 4)
18:29:02 [v4][roi]   intrinsic ready after 0.00s (shape=(3, 3)) distortion.shape=(8,)
18:29:02 [v4][roi]   extrinsic plane shift done
18:29:02 [v4][roi]   projected 4 corners to image pixels
18:29:02 [v4][roi]   computed roi (y=79..403 x=164..572) on intrinsic shape=(3, 3)
18:29:02 [v4][sorting-loop] ROI built - detection branch is now live
18:29:02 [v4][sorting-loop] LOCKED on light blue cube pixel=(198, 251) world=(0.185,0.059,0.025)
18:29:03 [v4][heartbeat] enter=True sorting=True cam=LIVE ai=LIVE cam_fps=34.4 pub_fps=30.2 frames=13088 result_subs=1 roi=ok intrinsic=ok inference_age_ms=148 target=light blue cube transport=False sorting_thread=alive
18:29:03 [v4][sorting-loop] FIRING TRANSPORT label=light blue cube pos=(0.185,0.059,0.025) yaw=511
18:29:03 [v4][transport] BEGIN pick light blue cube at (0.185,0.064,0.080) yaw_pulse=511
18:29:04 [v4][motion] base reached 579 after 1 extra wait(s)
18:29:05 [v4][pick] descend obj_top_z=0.080 grab_depth=0.020 -> z=0.060 (worldpos=legacy/table)
18:29:07 [v4][motion] base reached 500 after 1 extra wait(s)
18:29:07 [v4][pick] pick light blue cube complete (standard)
18:29:07 [v4][transport] pick OK in 4.13s
18:29:08 [v4][heartbeat] enter=True sorting=True cam=LIVE ai=LIVE cam_fps=39.6 pub_fps=30.4 frames=13286 result_subs=1 roi=ok intrinsic=ok inference_age_ms=63 target=light blue cube transport=True sorting_thread=alive
18:29:09 [v4][motion] base reached 956 after 1 extra wait(s)
18:29:11 [v4][transport] place OK in 3.33s
18:29:12 [v4][sorting-loop] LOCKED on red cube pixel=(92, 231) world=(0.191,0.104,0.025)
18:29:12 [v4][sorting-loop] LOCKED on dark blue cube pixel=(486, 325) world=(0.158,-0.062,0.025)
18:29:13 [v4][heartbeat] enter=True sorting=True cam=LIVE ai=LIVE cam_fps=35.8 pub_fps=30.4 frames=13465 result_subs=1 roi=ok intrinsic=ok inference_age_ms=80 target=none transport=False sorting_thread=alive
18:29:17 [v4][sorting-loop] LOCKED on dark blue cube pixel=(475, 321) world=(0.159,-0.057,0.025)
18:29:18 [v4][heartbeat] enter=True sorting=True cam=LIVE ai=LIVE cam_fps=38.1 pub_fps=30.1 frames=13656 result_subs=1 roi=ok intrinsic=ok inference_age_ms=55 target=none transport=False sorting_thread=alive
18:29:18 [v4][sorting-loop] LOCKED on dark blue cube pixel=(264, 211) world=(0.202,0.032,0.025)
18:29:23 [v4][heartbeat] enter=True sorting=True cam=LIVE ai=LIVE cam_fps=38.3 pub_fps=30.3 frames=13847 result_subs=1 roi=ok intrinsic=ok inference_age_ms=106 target=none transport=False sorting_thread=alive
18:29:23 [v4][sorting-loop] LOCKED on dark blue cube pixel=(268, 187) world=(0.213,0.031,0.025)
18:29:24 [v4][sorting-loop] FIRING TRANSPORT label=dark blue cube pos=(0.212,0.031,0.025) yaw=601
18:29:24 [v4][transport] BEGIN pick dark blue cube at (0.212,0.033,0.080) yaw_pulse=601
18:29:25 [v4][motion] base reached 537 after 1 extra wait(s)
18:29:26 [v4][pick] descend obj_top_z=0.080 grab_depth=0.020 -> z=0.060 (worldpos=legacy/table)
18:29:28 [v4][motion] base reached 500 after 1 extra wait(s)
18:29:28 [v4][heartbeat] enter=True sorting=True cam=LIVE ai=LIVE cam_fps=35.6 pub_fps=29.9 frames=14026 result_subs=1 roi=ok intrinsic=ok inference_age_ms=111 target=dark blue cube transport=True sorting_thread=alive
18:29:28 [v4][pick] pick dark blue cube complete (standard)
18:29:28 [v4][transport] pick OK in 4.17s
18:29:29 [v4][motion] base reached 884 after 1 extra wait(s)
18:29:31 [v4][transport] place OK in 3.16s
18:29:32 [v4][sorting-loop] LOCKED on dark blue cube pixel=(600, 312) world=(0.165,-0.110,0.025)
18:29:33 [v4][sorting-loop] LOCKED on dark blue cube pixel=(359, 237) world=(0.193,-0.008,0.025)
18:29:33 [v4][sorting-loop] TRACK dark blue cube e_dist=0.0529 (thresh=0.005) still=0/10 move=1/10
18:29:33 [v4][heartbeat] enter=True sorting=True cam=LIVE ai=LIVE cam_fps=37.8 pub_fps=30.1 frames=14214 result_subs=1 roi=ok intrinsic=ok inference_age_ms=146 target=dark blue cube transport=False sorting_thread=alive
18:29:33 [v4][sorting-loop] FIRING TRANSPORT label=dark blue cube pos=(0.192,-0.002,0.025) yaw=452
18:29:33 [v4][transport] BEGIN pick dark blue cube at (0.192,-0.003,0.080) yaw_pulse=452
18:29:35 [v4][pick] descend obj_top_z=0.080 grab_depth=0.020 -> z=0.060 (worldpos=legacy/table)
18:29:37 [v4][pick] pick dark blue cube complete (standard)
18:29:37 [v4][transport] pick OK in 3.60s
18:29:38 [v4][heartbeat] enter=True sorting=True cam=LIVE ai=LIVE cam_fps=34.8 pub_fps=30.4 frames=14388 result_subs=1 roi=ok intrinsic=ok inference_age_ms=95 target=dark blue cube transport=True sorting_thread=alive
18:29:38 [v4][motion] base reached 884 after 1 extra wait(s)
18:29:40 [v4][transport] place OK in 3.20s
18:29:43 [v4][heartbeat] enter=True sorting=True cam=LIVE ai=LIVE cam_fps=40.2 pub_fps=30.2 frames=14589 result_subs=1 roi=ok intrinsic=ok inference_age_ms=69 target=none transport=False sorting_thread=alive
18:29:48 [v4][heartbeat] enter=True sorting=True cam=LIVE ai=LIVE cam_fps=45.8 pub_fps=30.4 frames=14818 result_subs=1 roi=ok intrinsic=ok inference_age_ms=90 target=none transport=False sorting_thread=alive
18:29:50 [v4][sorting-loop] LOCKED on red cube pixel=(353, 226) world=(0.197,-0.005,0.025)
18:29:51 [v4][sorting-loop] LOCKED on red cube pixel=(354, 228) world=(0.196,-0.006,0.025)
18:29:51 [v4][sorting-loop] LOCKED on red cube pixel=(354, 228) world=(0.196,-0.006,0.025)
18:29:51 [v4][sorting-loop] LOCKED on red cube pixel=(353, 228) world=(0.196,-0.005,0.025)
18:29:51 [v4][sorting-loop] LOCKED on red cube pixel=(354, 228) world=(0.196,-0.006,0.025)
18:29:52 [v4][sorting-loop] LOCKED on red cube pixel=(353, 228) world=(0.196,-0.005,0.025)
18:29:52 [v4][sorting-loop] LOCKED on red cube pixel=(353, 228) world=(0.196,-0.005,0.025)
18:29:53 [v4][sorting-loop] LOCKED on red cube pixel=(353, 228) world=(0.196,-0.005,0.025)
18:29:53 [v4][heartbeat] enter=True sorting=True cam=LIVE ai=LIVE cam_fps=36.2 pub_fps=30.4 frames=14999 result_subs=1 roi=ok intrinsic=ok inference_age_ms=66 target=none transport=False sorting_thread=alive
18:29:53 [v4][sorting-loop] LOCKED on red cube pixel=(354, 228) world=(0.196,-0.006,0.025)
18:29:53 [v4][sorting-loop] LOCKED on red cube pixel=(354, 229) world=(0.196,-0.006,0.025)
18:29:54 [v4][sorting-loop] LOCKED on red cube pixel=(354, 229) world=(0.196,-0.006,0.025)
18:29:54 [v4][sorting-loop] LOCKED on red cube pixel=(354, 228) world=(0.196,-0.006,0.025)
18:29:54 [v4][sorting-loop] LOCKED on red cube pixel=(354, 229) world=(0.196,-0.006,0.025)
18:29:54 [v4][sorting-loop] LOCKED on red cube pixel=(353, 229) world=(0.196,-0.005,0.025)
18:29:54 [v4][sorting-loop] LOCKED on red cube pixel=(353, 228) world=(0.196,-0.005,0.025)
18:29:55 [v4][sorting-loop] LOCKED on red cube pixel=(353, 228) world=(0.196,-0.005,0.025)
18:29:55 [v4][sorting-loop] LOCKED on red cube pixel=(354, 229) world=(0.196,-0.006,0.025)
18:29:55 [v4][sorting-loop] LOCKED on red cube pixel=(353, 228) world=(0.196,-0.005,0.025)
18:29:55 [v4][sorting-loop] LOCKED on red cube pixel=(353, 228) world=(0.196,-0.005,0.025)
18:29:55 [v4][sorting-loop] LOCKED on red cube pixel=(354, 229) world=(0.196,-0.006,0.025)
18:29:56 [v4][sorting-loop] LOCKED on red cube pixel=(354, 228) world=(0.196,-0.006,0.025)
18:29:56 [v4][sorting-loop] LOCKED on red cube pixel=(353, 228) world=(0.196,-0.005,0.025)
18:29:56 [v4][sorting-loop] LOCKED on red cube pixel=(353, 229) world=(0.196,-0.005,0.025)
18:29:56 [v4][sorting-loop] LOCKED on red cube pixel=(353, 228) world=(0.196,-0.005,0.025)
18:29:57 [v4][sorting-loop] LOCKED on red cube pixel=(354, 229) world=(0.196,-0.006,0.025)
18:29:57 [v4][sorting-loop] LOCKED on red cube pixel=(354, 229) world=(0.196,-0.006,0.025)
18:29:57 [v4][sorting-loop] LOCKED on red cube pixel=(353, 229) world=(0.196,-0.005,0.025)
18:29:57 [v4][sorting-loop] LOCKED on red cube pixel=(353, 229) world=(0.196,-0.005,0.025)
18:29:58 [v4][sorting-loop] LOCKED on red cube pixel=(354, 229) world=(0.196,-0.006,0.025)
18:29:58 [v4][sorting-loop] LOCKED on red cube pixel=(353, 229) world=(0.196,-0.005,0.025)
18:29:58 [v4][heartbeat] enter=True sorting=True cam=LIVE ai=LIVE cam_fps=35.6 pub_fps=30.0 frames=15177 result_subs=1 roi=ok intrinsic=ok inference_age_ms=78 target=red cube transport=False sorting_thread=alive
18:29:58 [v4][sorting-loop] LOCKED on red cube pixel=(353, 228) world=(0.196,-0.005,0.025)
18:29:59 [v4][sorting-loop] TRACK red cube e_dist=0.0000 (thresh=0.005) still=6/10 move=0/10
18:29:59 [v4][sorting-loop] LOCKED on red cube pixel=(353, 228) world=(0.196,-0.005,0.025)
18:30:00 [v4][sorting-loop] LOCKED on red cube pixel=(352, 273) world=(0.177,-0.005,0.025)
18:30:01 [v4][sorting-loop] FIRING TRANSPORT label=red cube pos=(0.177,-0.005,0.025) yaw=389
18:30:01 [v4][transport] BEGIN pick red cube at (0.177,-0.006,0.080) yaw_pulse=389
18:30:03 [v4][pick] descend obj_top_z=0.080 grab_depth=0.020 -> z=0.060 (worldpos=legacy/table)
18:30:03 [v4][heartbeat] enter=True sorting=True cam=LIVE ai=LIVE cam_fps=31.2 pub_fps=30.2 frames=15333 result_subs=1 roi=ok intrinsic=ok inference_age_ms=58 target=red cube transport=True sorting_thread=alive
18:30:05 [v4][pick] pick red cube complete (standard)
18:30:05 [v4][transport] pick OK in 3.65s
18:30:05 [v4][place] 'red cube': replaying taught posture [817, 373, 167, 289, 465] (base first, verified)
18:30:06 [v4][motion] base reached 817 after 1 extra wait(s)
18:30:07 [v4][place] 'red cube': at taught posture - releasing
18:30:08 [v4][heartbeat] enter=True sorting=True cam=LIVE ai=LIVE cam_fps=37.1 pub_fps=30.1 frames=15519 result_subs=1 roi=ok intrinsic=ok inference_age_ms=108 target=red cube transport=True sorting_thread=alive
18:30:08 [v4][transport] place OK in 3.08s
18:30:13 [v4][heartbeat] enter=True sorting=True cam=LIVE ai=LIVE cam_fps=39.3 pub_fps=30.4 frames=15715 result_subs=1 roi=ok intrinsic=ok inference_age_ms=104 target=none transport=False sorting_thread=alive
18:30:18 [v4][heartbeat] enter=True sorting=True cam=LIVE ai=LIVE cam_fps=36.6 pub_fps=30.2 frames=15898 result_subs=1 roi=ok intrinsic=ok inference_age_ms=118 target=none transport=False sorting_thread=alive
18:30:20 [v4][sorting-loop] LOCKED on scaff pixel=(38, 364) world=(0.136,0.123,0.025)
18:30:21 [v4][sorting-loop] LOCKED on scaff pixel=(428, 206) world=(0.207,-0.037,0.025)
18:30:22 [v4][sorting-loop] FIRING TRANSPORT label=scaff pos=(0.207,-0.037,0.025) yaw=412
18:30:22 [v4][transport] BEGIN pick scaff at (0.207,-0.040,0.080) yaw_pulse=412
18:30:23 [v4][motion] base reached 454 after 1 extra wait(s)
18:30:23 [v4][heartbeat] enter=True sorting=True cam=LIVE ai=LIVE cam_fps=37.2 pub_fps=30.2 frames=16084 result_subs=1 roi=ok intrinsic=ok inference_age_ms=83 target=scaff transport=True sorting_thread=alive
18:30:24 [v4][pick] descend obj_top_z=0.080 grab_depth=0.020 -> z=0.060 (worldpos=legacy/table)
18:30:26 [v4][motion] base reached 500 after 1 extra wait(s)
18:30:26 [v4][pick] pick scaff complete (standard)
18:30:26 [v4][transport] pick OK in 4.16s
18:30:28 [v4][motion] base reached 987 after 1 extra wait(s)
18:30:28 [v4][heartbeat] enter=True sorting=True cam=LIVE ai=LIVE cam_fps=37.6 pub_fps=30.2 frames=16272 result_subs=1 roi=ok intrinsic=ok inference_age_ms=49 target=scaff transport=True sorting_thread=alive
18:30:30 [v4][transport] place OK in 3.44s
18:30:31 [v4][sorting-loop] LOCKED on red cube pixel=(320, 138) world=(0.234,0.010,0.025)
18:30:31 [v4][sorting-loop] LOCKED on red cube pixel=(106, 201) world=(0.204,0.099,0.025)
18:30:31 [v4][sorting-loop] LOCKED on scaff pixel=(455, 242) world=(0.192,-0.048,0.025)
18:30:31 [v4][sorting-loop] LOCKED on scaff pixel=(436, 229) world=(0.197,-0.040,0.025)
18:30:31 [v4][sorting-loop] LOCKED on scaff pixel=(437, 230) world=(0.197,-0.041,0.025)
18:30:32 [v4][sorting-loop] FIRING TRANSPORT label=scaff pos=(0.196,-0.040,0.025) yaw=469
18:30:32 [v4][transport] BEGIN pick scaff at (0.196,-0.043,0.080) yaw_pulse=469
18:30:33 [v4][motion] base reached 448 after 1 extra wait(s)
18:30:33 [v4][heartbeat] enter=True sorting=True cam=LIVE ai=LIVE cam_fps=33.6 pub_fps=30.4 frames=16440 result_subs=1 roi=ok intrinsic=ok inference_age_ms=54 target=scaff transport=True sorting_thread=alive
18:30:34 [v4][pick] descend obj_top_z=0.080 grab_depth=0.020 -> z=0.060 (worldpos=legacy/table)
18:30:36 [v4][motion] base reached 500 after 1 extra wait(s)
18:30:36 [v4][pick] pick scaff complete (standard)
18:30:36 [v4][transport] pick OK in 4.22s
18:30:38 [v4][motion] base reached 987 after 1 extra wait(s)
18:30:38 [v4][heartbeat] enter=True sorting=True cam=LIVE ai=LIVE cam_fps=39.6 pub_fps=30.2 frames=16638 result_subs=1 roi=ok intrinsic=ok inference_age_ms=93 target=scaff transport=True sorting_thread=alive
18:30:40 [v4][transport] place OK in 3.44s
18:30:41 [v4][sorting-loop] LOCKED on green cube pixel=(78, 139) world=(0.230,0.113,0.025)
18:30:41 [v4][sorting-loop] LOCKED on scaff pixel=(518, 289) world=(0.173,-0.075,0.025)
18:30:41 [v4][sorting-loop] LOCKED on scaff pixel=(439, 253) world=(0.187,-0.042,0.025)
18:30:42 [v4][sorting-loop] FIRING TRANSPORT label=scaff pos=(0.187,-0.042,0.025) yaw=397
18:30:42 [v4][transport] BEGIN pick scaff at (0.187,-0.045,0.080) yaw_pulse=397
18:30:43 [v4][motion] base reached 443 after 1 extra wait(s)
18:30:43 [v4][heartbeat] enter=True sorting=True cam=LIVE ai=LIVE cam_fps=32.0 pub_fps=30.4 frames=16798 result_subs=1 roi=ok intrinsic=ok inference_age_ms=92 target=scaff transport=True sorting_thread=alive
18:30:44 [v4][pick] descend obj_top_z=0.080 grab_depth=0.020 -> z=0.060 (worldpos=legacy/table)
18:30:46 [v4][motion] base reached 500 after 1 extra wait(s)
18:30:46 [v4][pick] pick scaff complete (standard)
18:30:46 [v4][transport] pick OK in 4.17s
18:30:47 [v4][motion] base reached 987 after 1 extra wait(s)
18:30:48 [v4][heartbeat] enter=True sorting=True cam=LIVE ai=LIVE cam_fps=36.6 pub_fps=30.2 frames=16981 result_subs=1 roi=ok intrinsic=ok inference_age_ms=94 target=scaff transport=True sorting_thread=alive
18:30:50 [v4][transport] place OK in 3.43s
18:30:51 [v4][sorting-loop] LOCKED on green cube pixel=(87, 132) world=(0.234,0.109,0.025)
18:30:53 [v4][heartbeat] enter=True sorting=True cam=LIVE ai=LIVE cam_fps=38.6 pub_fps=30.4 frames=17174 result_subs=1 roi=ok intrinsic=ok inference_age_ms=105 target=none transport=False sorting_thread=alive
18:30:58 [v4][heartbeat] enter=True sorting=True cam=LIVE ai=LIVE cam_fps=37.7 pub_fps=30.2 frames=17363 result_subs=1 roi=ok intrinsic=ok inference_age_ms=73 target=none transport=False sorting_thread=alive
18:31:03 [v4][heartbeat] enter=True sorting=True cam=LIVE ai=LIVE cam_fps=37.6 pub_fps=30.4 frames=17551 result_subs=1 roi=ok intrinsic=ok inference_age_ms=64 target=none transport=False sorting_thread=alive
18:31:08 [v4][heartbeat] enter=True sorting=True cam=LIVE ai=LIVE cam_fps=35.4 pub_fps=30.2 frames=17728 result_subs=1 roi=ok intrinsic=ok inference_age_ms=29 target=none transport=False sorting_thread=alive
18:31:11 [v4][svc] enable_sorting -> False
18:31:13 [v4][heartbeat] enter=True sorting=False cam=LIVE ai=LIVE cam_fps=38.0 pub_fps=30.4 frames=17918 result_subs=1 roi=ok intrinsic=ok inference_age_ms=149 target=none transport=False sorting_thread=alive
18:31:18 [v4][heartbeat] enter=True sorting=False cam=LIVE ai=LIVE cam_fps=41.5 pub_fps=30.1 frames=18126 result_subs=1 roi=ok intrinsic=ok inference_age_ms=86 target=none transport=False sorting_thread=alive
18:31:23 [v4][heartbeat] enter=True sorting=False cam=LIVE ai=LIVE cam_fps=39.9 pub_fps=30.5 frames=18325 result_subs=1 roi=ok intrinsic=ok inference_age_ms=143 target=none transport=False sorting_thread=alive
18:31:28 [v4][heartbeat] enter=True sorting=False cam=LIVE ai=LIVE cam_fps=40.4 pub_fps=30.2 frames=18527 result_subs=1 roi=ok intrinsic=ok inference_age_ms=41 target=none transport=False sorting_thread=alive
18:31:33 [v4][heartbeat] enter=True sorting=False cam=LIVE ai=LIVE cam_fps=40.2 pub_fps=30.4 frames=18728 result_subs=1 roi=ok intrinsic=ok inference_age_ms=52 target=none transport=False sorting_thread=alive
18:31:38 [v4][heartbeat] enter=True sorting=False cam=LIVE ai=LIVE cam_fps=36.2 pub_fps=30.0 frames=18909 result_subs=1 roi=ok intrinsic=ok inference_age_ms=108 target=none transport=False sorting_thread=alive
18:31:43 [v4][heartbeat] enter=True sorting=False cam=LIVE ai=LIVE cam_fps=33.7 pub_fps=30.3 frames=19078 result_subs=1 roi=ok intrinsic=ok inference_age_ms=166 target=none transport=False sorting_thread=alive
18:31:48 [v4][heartbeat] enter=True sorting=False cam=LIVE ai=LIVE cam_fps=33.0 pub_fps=30.2 frames=19243 result_subs=1 roi=ok intrinsic=ok inference_age_ms=117 target=none transport=False sorting_thread=alive
18:31:53 [v4][heartbeat] enter=True sorting=False cam=LIVE ai=LIVE cam_fps=39.2 pub_fps=30.4 frames=19439 result_subs=1 roi=ok intrinsic=ok inference_age_ms=93 target=none transport=False sorting_thread=alive
18:31:58 [v4][heartbeat] enter=True sorting=False cam=LIVE ai=LIVE cam_fps=33.9 pub_fps=30.1 frames=19609 result_subs=1 roi=ok intrinsic=ok inference_age_ms=141 target=none transport=False sorting_thread=alive
18:32:03 [v4][heartbeat] enter=True sorting=False cam=LIVE ai=LIVE cam_fps=34.3 pub_fps=30.1 frames=19780 result_subs=1 roi=ok intrinsic=ok inference_age_ms=123 target=none transport=False sorting_thread=alive
18:32:08 [v4][heartbeat] enter=True sorting=False cam=LIVE ai=LIVE cam_fps=33.8 pub_fps=30.4 frames=19949 result_subs=1 roi=ok intrinsic=ok inference_age_ms=81 target=none transport=False sorting_thread=alive
18:32:13 [v4][heartbeat] enter=True sorting=False cam=LIVE ai=LIVE cam_fps=36.2 pub_fps=30.2 frames=20130 result_subs=1 roi=ok intrinsic=ok inference_age_ms=125 target=none transport=False sorting_thread=alive
18:32:18 [v4][heartbeat] enter=True sorting=False cam=LIVE ai=LIVE cam_fps=37.0 pub_fps=30.0 frames=20315 result_subs=1 roi=ok intrinsic=ok inference_age_ms=119 target=none transport=False sorting_thread=alive
18:32:23 [v4][heartbeat] enter=True sorting=False cam=LIVE ai=LIVE cam_fps=35.8 pub_fps=30.4 frames=20494 result_subs=1 roi=ok intrinsic=ok inference_age_ms=96 target=none transport=False sorting_thread=alive
18:32:28 [v4][heartbeat] enter=True sorting=False cam=LIVE ai=LIVE cam_fps=33.0 pub_fps=30.2 frames=20659 result_subs=1 roi=ok intrinsic=ok inference_age_ms=112 target=none transport=False sorting_thread=alive
18:32:33 [v4][heartbeat] enter=True sorting=False cam=LIVE ai=LIVE cam_fps=36.4 pub_fps=29.8 frames=20841 result_subs=1 roi=ok intrinsic=ok inference_age_ms=119 target=none transport=False sorting_thread=alive
18:32:38 [v4][heartbeat] enter=True sorting=False cam=LIVE ai=LIVE cam_fps=32.8 pub_fps=30.0 frames=21005 result_subs=1 roi=ok intrinsic=ok inference_age_ms=169 target=none transport=False sorting_thread=alive
18:32:43 [v4][heartbeat] enter=True sorting=False cam=LIVE ai=LIVE cam_fps=36.8 pub_fps=30.4 frames=21189 result_subs=1 roi=ok intrinsic=ok inference_age_ms=87 target=none transport=False sorting_thread=alive
18:32:48 [v4][heartbeat] enter=True sorting=False cam=LIVE ai=LIVE cam_fps=36.8 pub_fps=29.6 frames=21373 result_subs=1 roi=ok intrinsic=ok inference_age_ms=105 target=none transport=False sorting_thread=alive
18:32:53 [v4][heartbeat] enter=True sorting=False cam=LIVE ai=LIVE cam_fps=32.6 pub_fps=30.6 frames=21536 result_subs=1 roi=ok intrinsic=ok inference_age_ms=101 target=none transport=False sorting_thread=alive
18:32:58 [v4][heartbeat] enter=True sorting=False cam=LIVE ai=LIVE cam_fps=40.1 pub_fps=29.9 frames=21737 result_subs=1 roi=ok intrinsic=ok inference_age_ms=194 target=none transport=False sorting_thread=alive
18:33:03 [v4][heartbeat] enter=True sorting=False cam=LIVE ai=LIVE cam_fps=33.8 pub_fps=30.4 frames=21906 result_subs=1 roi=ok intrinsic=ok inference_age_ms=62 target=none transport=False sorting_thread=alive
18:33:08 [v4][heartbeat] enter=True sorting=False cam=LIVE ai=LIVE cam_fps=38.6 pub_fps=30.4 frames=22099 result_subs=1 roi=ok intrinsic=ok inference_age_ms=157 target=none transport=False sorting_thread=alive
18:33:13 [v4][heartbeat] enter=True sorting=False cam=LIVE ai=LIVE cam_fps=36.2 pub_fps=30.2 frames=22280 result_subs=1 roi=ok intrinsic=ok inference_age_ms=42 target=none transport=False sorting_thread=alive
18:33:18 [v4][heartbeat] enter=True sorting=False cam=LIVE ai=LIVE cam_fps=35.6 pub_fps=30.1 frames=22459 result_subs=1 roi=ok intrinsic=ok inference_age_ms=85 target=none transport=False sorting_thread=alive
18:33:23 [v4][heartbeat] enter=True sorting=False cam=LIVE ai=LIVE cam_fps=36.6 pub_fps=30.6 frames=22641 result_subs=1 roi=ok intrinsic=ok inference_age_ms=139 target=none transport=False sorting_thread=alive
18:33:28 [v4][heartbeat] enter=True sorting=False cam=LIVE ai=LIVE cam_fps=36.5 pub_fps=30.1 frames=22824 result_subs=1 roi=ok intrinsic=ok inference_age_ms=116 target=none transport=False sorting_thread=alive
18:33:33 [v4][heartbeat] enter=True sorting=False cam=LIVE ai=LIVE cam_fps=31.6 pub_fps=30.4 frames=22982 result_subs=1 roi=ok intrinsic=ok inference_age_ms=79 target=none transport=False sorting_thread=alive
18:33:38 [v4][heartbeat] enter=True sorting=False cam=LIVE ai=LIVE cam_fps=37.6 pub_fps=30.4 frames=23170 result_subs=1 roi=ok intrinsic=ok inference_age_ms=121 target=none transport=False sorting_thread=alive
18:33:43 [v4][heartbeat] enter=True sorting=False cam=LIVE ai=LIVE cam_fps=35.0 pub_fps=30.2 frames=23345 result_subs=1 roi=ok intrinsic=ok inference_age_ms=82 target=none transport=False sorting_thread=alive
18:33:48 [v4][heartbeat] enter=True sorting=False cam=LIVE ai=LIVE cam_fps=38.8 pub_fps=30.2 frames=23539 result_subs=1 roi=ok intrinsic=ok inference_age_ms=55 target=none transport=False sorting_thread=alive
18:33:53 [v4][heartbeat] enter=True sorting=False cam=LIVE ai=LIVE cam_fps=37.3 pub_fps=30.2 frames=23725 result_subs=1 roi=ok intrinsic=ok inference_age_ms=122 target=none transport=False sorting_thread=alive
18:33:58 [v4][heartbeat] enter=True sorting=False cam=LIVE ai=LIVE cam_fps=37.0 pub_fps=30.4 frames=23910 result_subs=1 roi=ok intrinsic=ok inference_age_ms=117 target=none transport=False sorting_thread=alive
18:34:03 [v4][heartbeat] enter=True sorting=False cam=LIVE ai=LIVE cam_fps=40.7 pub_fps=30.2 frames=24113 result_subs=1 roi=ok intrinsic=ok inference_age_ms=70 target=none transport=False sorting_thread=alive
18:34:08 [v4][heartbeat] enter=True sorting=False cam=LIVE ai=LIVE cam_fps=31.6 pub_fps=30.4 frames=24271 result_subs=1 roi=ok intrinsic=ok inference_age_ms=122 target=none transport=False sorting_thread=alive
18:34:13 [v4][heartbeat] enter=True sorting=False cam=LIVE ai=LIVE cam_fps=37.6 pub_fps=30.2 frames=24459 result_subs=1 roi=ok intrinsic=ok inference_age_ms=73 target=none transport=False sorting_thread=alive
18:34:18 [v4][heartbeat] enter=True sorting=False cam=LIVE ai=LIVE cam_fps=33.2 pub_fps=30.2 frames=24625 result_subs=1 roi=ok intrinsic=ok inference_age_ms=99 target=none transport=False sorting_thread=alive
18:34:23 [v4][heartbeat] enter=True sorting=False cam=LIVE ai=LIVE cam_fps=35.5 pub_fps=30.1 frames=24803 result_subs=1 roi=ok intrinsic=ok inference_age_ms=98 target=none transport=False sorting_thread=alive
18:34:28 [v4][heartbeat] enter=True sorting=False cam=LIVE ai=LIVE cam_fps=31.9 pub_fps=30.5 frames=24962 result_subs=1 roi=ok intrinsic=ok inference_age_ms=92 target=none transport=False sorting_thread=alive
18:34:33 [v4][heartbeat] enter=True sorting=False cam=LIVE ai=LIVE cam_fps=32.2 pub_fps=30.0 frames=25123 result_subs=1 roi=ok intrinsic=ok inference_age_ms=48 target=none transport=False sorting_thread=alive
18:34:38 [v4][heartbeat] enter=True sorting=False cam=LIVE ai=LIVE cam_fps=38.7 pub_fps=30.3 frames=25317 result_subs=1 roi=ok intrinsic=ok inference_age_ms=123 target=none transport=False sorting_thread=alive
18:34:39 [v4][enter] enter requested (camera subs were already alive)
18:34:39 [v4][roi] reading transform.yaml from /home/ubuntu/ros2_ws/src/stepper/config/transform.yaml
18:34:39 [v4][roi]   loaded plane: [-0.0034594295448868296, -0.08463774716902761, -0.9964057828522352, 0.21475674481696266]
18:34:39 [v4][svc] enable_sorting -> True
18:34:39 [v4][roi]   yaml loaded: extristric.shape=(4, 3) corners.shape=(5, 3) white_area_center.shape=(4, 4)
18:34:39 [v4][roi]   intrinsic ready after 0.00s (shape=(3, 3)) distortion.shape=(8,)
18:34:39 [v4][roi]   extrinsic plane shift done
18:34:39 [v4][roi]   projected 4 corners to image pixels
18:34:39 [v4][roi]   computed roi (y=79..403 x=164..572) on intrinsic shape=(3, 3)
18:34:39 [v4][sorting-loop] ROI built - detection branch is now live
18:34:39 [v4][sorting-loop] LOCKED on scaff pixel=(267, 224) world=(0.197,0.031,0.025)
18:34:40 [v4][sorting-loop] TRACK scaff e_dist=0.0013 (thresh=0.005) still=1/10 move=0/10
18:34:41 [v4][sorting-loop] FIRING TRANSPORT label=scaff pos=(0.197,0.031,0.025) yaw=454
18:34:41 [v4][transport] BEGIN pick scaff at (0.197,0.033,0.080) yaw_pulse=454
18:34:41 [v4][motion] base reached 539 after 1 extra wait(s)
18:34:42 [v4][pick] descend obj_top_z=0.080 grab_depth=0.020 -> z=0.060 (worldpos=legacy/table)
18:34:43 [v4][heartbeat] enter=True sorting=True cam=LIVE ai=LIVE cam_fps=33.7 pub_fps=30.1 frames=25485 result_subs=1 roi=ok intrinsic=ok inference_age_ms=73 target=scaff transport=True sorting_thread=alive
18:34:44 [v4][motion] base reached 500 after 1 extra wait(s)
18:34:45 [v4][pick] pick scaff complete (standard)
18:34:45 [v4][transport] pick OK in 4.14s
18:34:46 [v4][motion] base reached 987 after 1 extra wait(s)
18:34:48 [v4][heartbeat] enter=True sorting=True cam=LIVE ai=LIVE cam_fps=37.2 pub_fps=30.4 frames=25671 result_subs=1 roi=ok intrinsic=ok inference_age_ms=94 target=scaff transport=True sorting_thread=alive
18:34:48 [v4][transport] place OK in 3.43s
18:34:49 [v4][sorting-loop] LOCKED on red cube pixel=(317, 133) world=(0.236,0.011,0.025)
18:34:49 [v4][sorting-loop] LOCKED on red cube pixel=(106, 195) world=(0.207,0.099,0.025)
18:34:49 [v4][sorting-loop] LOCKED on scaff pixel=(434, 226) world=(0.198,-0.039,0.025)
18:34:49 [v4][sorting-loop] LOCKED on scaff pixel=(488, 220) world=(0.202,-0.062,0.025)
18:34:51 [v4][sorting-loop] TRACK scaff e_dist=0.0004 (thresh=0.005) still=8/10 move=0/10
18:34:51 [v4][sorting-loop] FIRING TRANSPORT label=scaff pos=(0.195,0.024,0.025) yaw=862
18:34:51 [v4][transport] BEGIN pick scaff at (0.195,0.025,0.080) yaw_pulse=862
18:34:52 [v4][motion] base reached 530 after 1 extra wait(s)
18:34:53 [v4][pick] descend obj_top_z=0.080 grab_depth=0.020 -> z=0.060 (worldpos=legacy/table)
18:34:53 [v4][heartbeat] enter=True sorting=True cam=LIVE ai=LIVE cam_fps=35.8 pub_fps=30.4 frames=25850 result_subs=1 roi=ok intrinsic=ok inference_age_ms=51 target=scaff transport=True sorting_thread=alive
18:34:55 [v4][motion] base reached 500 after 1 extra wait(s)
18:34:55 [v4][pick] pick scaff complete (standard)
18:34:55 [v4][transport] pick OK in 4.16s
18:34:56 [v4][motion] base reached 987 after 1 extra wait(s)
18:34:58 [v4][heartbeat] enter=True sorting=True cam=LIVE ai=LIVE cam_fps=39.4 pub_fps=30.2 frames=26047 result_subs=1 roi=ok intrinsic=ok inference_age_ms=103 target=scaff transport=True sorting_thread=alive
18:34:58 [v4][transport] place OK in 3.38s
18:34:59 [v4][sorting-loop] LOCKED on red cube pixel=(255, 140) world=(0.233,0.038,0.025)
18:35:00 [v4][sorting-loop] LOCKED on green cube pixel=(15, 356) world=(0.139,0.133,0.025)
18:35:00 [v4][sorting-loop] LOCKED on scaff pixel=(278, 186) world=(0.213,0.027,0.025)
18:35:00 [v4][sorting-loop] TRACK scaff e_dist=0.0000 (thresh=0.005) still=6/10 move=0/10
18:35:01 [v4][sorting-loop] FIRING TRANSPORT label=scaff pos=(0.213,0.027,0.025) yaw=168
18:35:01 [v4][transport] BEGIN pick scaff at (0.213,0.029,0.080) yaw_pulse=168
18:35:02 [v4][motion] base reached 532 after 1 extra wait(s)
18:35:03 [v4][pick] descend obj_top_z=0.080 grab_depth=0.020 -> z=0.060 (worldpos=legacy/table)
18:35:03 [v4][heartbeat] enter=True sorting=True cam=LIVE ai=LIVE cam_fps=33.0 pub_fps=30.4 frames=26212 result_subs=1 roi=ok intrinsic=ok inference_age_ms=52 target=scaff transport=True sorting_thread=alive
18:35:05 [v4][motion] base reached 500 after 1 extra wait(s)
18:35:05 [v4][pick] pick scaff complete (standard)
18:35:05 [v4][transport] pick OK in 4.20s
18:35:06 [v4][motion] base reached 987 after 1 extra wait(s)
18:35:08 [v4][heartbeat] enter=True sorting=True cam=LIVE ai=LIVE cam_fps=37.7 pub_fps=30.2 frames=26400 result_subs=1 roi=ok intrinsic=ok inference_age_ms=41 target=scaff transport=True sorting_thread=alive
18:35:09 [v4][transport] place OK in 3.37s
18:35:09 [v4][sorting-loop] LOCKED on scaff pixel=(73, 339) world=(0.146,0.110,0.025)
18:35:10 [v4][sorting-loop] LOCKED on green cube pixel=(22, 333) world=(0.148,0.131,0.025)
18:35:10 [v4][sorting-loop] LOCKED on scaff pixel=(503, 225) world=(0.200,-0.069,0.025)
18:35:10 [v4][sorting-loop] LOCKED on scaff pixel=(475, 215) world=(0.204,-0.057,0.025)
18:35:10 [v4][sorting-loop] TRACK scaff e_dist=0.0004 (thresh=0.005) still=7/10 move=0/10
18:35:11 [v4][sorting-loop] FIRING TRANSPORT label=scaff pos=(0.203,-0.057,0.025) yaw=402
18:35:11 [v4][transport] BEGIN pick scaff at (0.203,-0.061,0.080) yaw_pulse=402
18:35:11 [v4][motion] base reached 430 after 1 extra wait(s)
18:35:12 [v4][pick] descend obj_top_z=0.080 grab_depth=0.020 -> z=0.060 (worldpos=legacy/table)
18:35:13 [v4][heartbeat] enter=True sorting=True cam=LIVE ai=LIVE cam_fps=33.0 pub_fps=29.8 frames=26565 result_subs=1 roi=ok intrinsic=ok inference_age_ms=66 target=scaff transport=True sorting_thread=alive
18:35:15 [v4][motion] base reached 500 after 1 extra wait(s)
18:35:15 [v4][pick] pick scaff complete (standard)
18:35:15 [v4][transport] pick OK in 4.21s
18:35:16 [v4][motion] base reached 987 after 1 extra wait(s)
18:35:18 [v4][heartbeat] enter=True sorting=True cam=LIVE ai=LIVE cam_fps=37.4 pub_fps=30.2 frames=26752 result_subs=1 roi=ok intrinsic=ok inference_age_ms=59 target=scaff transport=True sorting_thread=alive
18:35:18 [v4][transport] place OK in 3.42s
18:35:19 [v4][sorting-loop] LOCKED on scaff pixel=(76, 376) world=(0.131,0.107,0.025)
18:35:23 [v4][heartbeat] enter=True sorting=True cam=LIVE ai=LIVE cam_fps=34.8 pub_fps=30.2 frames=26926 result_subs=1 roi=ok intrinsic=ok inference_age_ms=68 target=none transport=False sorting_thread=alive
18:35:25 [v4][sorting-loop] LOCKED on scaff pixel=(72, 400) world=(0.121,0.108,0.025)
18:35:26 [v4][sorting-loop] LOCKED on scaff pixel=(273, 201) world=(0.207,0.029,0.025)
18:35:26 [v4][sorting-loop] LOCKED on scaff pixel=(382, 254) world=(0.186,-0.018,0.025)
18:35:26 [v4][sorting-loop] LOCKED on scaff pixel=(436, 207) world=(0.206,-0.040,0.025)
18:35:27 [v4][sorting-loop] TRACK scaff e_dist=0.0013 (thresh=0.005) still=4/10 move=0/10
18:35:27 [v4][sorting-loop] FIRING TRANSPORT label=scaff pos=(0.207,-0.042,0.025) yaw=656
18:35:27 [v4][transport] BEGIN pick scaff at (0.207,-0.045,0.080) yaw_pulse=656
18:35:28 [v4][heartbeat] enter=True sorting=True cam=LIVE ai=LIVE cam_fps=33.8 pub_fps=30.4 frames=27095 result_subs=1 roi=ok intrinsic=ok inference_age_ms=82 target=scaff transport=True sorting_thread=alive
18:35:28 [v4][motion] base reached 448 after 1 extra wait(s)
18:35:29 [v4][pick] descend obj_top_z=0.080 grab_depth=0.020 -> z=0.060 (worldpos=legacy/table)
18:35:31 [v4][motion] base reached 500 after 1 extra wait(s)
18:35:32 [v4][pick] pick scaff complete (standard)
18:35:32 [v4][transport] pick OK in 4.18s
18:35:33 [v4][motion] base reached 987 after 1 extra wait(s)
18:35:33 [v4][heartbeat] enter=True sorting=True cam=LIVE ai=LIVE cam_fps=36.0 pub_fps=30.4 frames=27275 result_subs=1 roi=ok intrinsic=ok inference_age_ms=105 target=scaff transport=True sorting_thread=alive
18:35:35 [v4][transport] place OK in 3.45s
18:35:36 [v4][sorting-loop] LOCKED on scaff pixel=(551, 358) world=(0.145,-0.089,0.025)
18:35:36 [v4][sorting-loop] LOCKED on scaff pixel=(480, 260) world=(0.185,-0.059,0.025)
18:35:37 [v4][sorting-loop] TRACK scaff e_dist=0.0021 (thresh=0.005) still=4/10 move=0/10
18:35:38 [v4][heartbeat] enter=True sorting=True cam=LIVE ai=LIVE cam_fps=34.8 pub_fps=30.2 frames=27449 result_subs=1 roi=ok intrinsic=ok inference_age_ms=44 target=scaff transport=False sorting_thread=alive
18:35:39 [v4][sorting-loop] FIRING TRANSPORT label=scaff pos=(0.187,-0.064,0.025) yaw=563
18:35:39 [v4][transport] BEGIN pick scaff at (0.187,-0.068,0.080) yaw_pulse=563
18:35:39 [v4][motion] base reached 416 after 1 extra wait(s)
18:35:40 [v4][pick] descend obj_top_z=0.080 grab_depth=0.020 -> z=0.060 (worldpos=legacy/table)
18:35:43 [v4][motion] base reached 500 after 1 extra wait(s)
18:35:43 [v4][pick] pick scaff complete (standard)
18:35:43 [v4][transport] pick OK in 4.19s
18:35:43 [v4][heartbeat] enter=True sorting=True cam=LIVE ai=LIVE cam_fps=37.5 pub_fps=30.3 frames=27637 result_subs=1 roi=ok intrinsic=ok inference_age_ms=99 target=scaff transport=True sorting_thread=alive
18:35:44 [v4][motion] base reached 987 after 1 extra wait(s)
18:35:46 [v4][transport] place OK in 3.41s
18:35:47 [v4][sorting-loop] LOCKED on red cube pixel=(263, 136) world=(0.234,0.034,0.025)
18:35:47 [v4][sorting-loop] LOCKED on scaff pixel=(599, 169) world=(0.225,-0.109,0.025)
18:35:48 [v4][sorting-loop] LOCKED on scaff pixel=(487, 128) world=(0.241,-0.061,0.025)
18:35:48 [v4][heartbeat] enter=True sorting=True cam=LIVE ai=LIVE cam_fps=37.9 pub_fps=30.1 frames=27826 result_subs=1 roi=ok intrinsic=ok inference_age_ms=63 target=scaff transport=False sorting_thread=alive
18:35:49 [v4][sorting-loop] FIRING TRANSPORT label=scaff pos=(0.241,-0.061,0.025) yaw=475
18:35:49 [v4][transport] BEGIN pick scaff at (0.241,-0.065,0.090) yaw_pulse=475
18:35:49 [v4][motion] base reached 436 after 1 extra wait(s)
18:35:50 [v4][pick] descend obj_top_z=0.090 grab_depth=0.020 -> z=0.070 (worldpos=legacy/table)
18:35:52 [v4][motion] base reached 500 after 1 extra wait(s)
18:35:53 [v4][pick] pick scaff complete (standard)
18:35:53 [v4][transport] pick OK in 4.19s
18:35:53 [v4][heartbeat] enter=True sorting=True cam=LIVE ai=LIVE cam_fps=36.6 pub_fps=30.4 frames=28009 result_subs=1 roi=ok intrinsic=ok inference_age_ms=91 target=scaff transport=True sorting_thread=alive
18:35:54 [v4][motion] base reached 987 after 1 extra wait(s)
18:35:56 [v4][transport] place OK in 3.42s
18:35:57 [v4][sorting-loop] LOCKED on green cube pixel=(5, 289) world=(0.166,0.139,0.025)
18:35:57 [v4][sorting-loop] LOCKED on scaff pixel=(544, 255) world=(0.188,-0.086,0.025)
18:35:58 [v4][sorting-loop] LOCKED on scaff pixel=(390, 215) world=(0.202,-0.021,0.025)
18:35:58 [v4][sorting-loop] LOCKED on scaff pixel=(390, 215) world=(0.202,-0.021,0.025)
18:35:58 [v4][sorting-loop] TRACK scaff e_dist=0.0780 (thresh=0.005) still=0/10 move=1/10
18:35:58 [v4][heartbeat] enter=True sorting=True cam=LIVE ai=LIVE cam_fps=35.4 pub_fps=30.2 frames=28186 result_subs=1 roi=ok intrinsic=ok inference_age_ms=91 target=scaff transport=False sorting_thread=alive
18:35:58 [v4][sorting-loop] FIRING TRANSPORT label=scaff pos=(0.202,-0.021,0.025) yaw=675
18:35:58 [v4][transport] BEGIN pick scaff at (0.202,-0.022,0.080) yaw_pulse=675
18:35:59 [v4][motion] base reached 473 after 1 extra wait(s)
18:36:00 [v4][pick] descend obj_top_z=0.080 grab_depth=0.020 -> z=0.060 (worldpos=legacy/table)
18:36:02 [v4][motion] base reached 500 after 1 extra wait(s)
18:36:03 [v4][pick] pick scaff complete (standard)
18:36:03 [v4][transport] pick OK in 4.19s
18:36:03 [v4][heartbeat] enter=True sorting=True cam=LIVE ai=LIVE cam_fps=32.8 pub_fps=30.4 frames=28350 result_subs=1 roi=ok intrinsic=ok inference_age_ms=114 target=scaff transport=True sorting_thread=alive
18:36:04 [v4][motion] base reached 987 after 1 extra wait(s)
18:36:06 [v4][transport] place OK in 3.40s
18:36:07 [v4][sorting-loop] LOCKED on scaff pixel=(624, 332) world=(0.157,-0.120,0.025)
18:36:07 [v4][sorting-loop] LOCKED on scaff pixel=(356, 239) world=(0.192,-0.007,0.025)
18:36:08 [v4][heartbeat] enter=True sorting=True cam=LIVE ai=LIVE cam_fps=37.2 pub_fps=30.2 frames=28536 result_subs=1 roi=ok intrinsic=ok inference_age_ms=124 target=scaff transport=False sorting_thread=alive
18:36:08 [v4][sorting-loop] FIRING TRANSPORT label=scaff pos=(0.191,0.000,0.025) yaw=675
18:36:08 [v4][transport] BEGIN pick scaff at (0.191,0.000,0.080) yaw_pulse=675
18:36:10 [v4][pick] descend obj_top_z=0.080 grab_depth=0.020 -> z=0.060 (worldpos=legacy/table)
18:36:12 [v4][pick] pick scaff complete (standard)
18:36:12 [v4][transport] pick OK in 3.65s
18:36:13 [v4][heartbeat] enter=True sorting=True cam=LIVE ai=LIVE cam_fps=39.9 pub_fps=30.1 frames=28736 result_subs=1 roi=ok intrinsic=ok inference_age_ms=76 target=scaff transport=True sorting_thread=alive
18:36:13 [v4][motion] base reached 987 after 1 extra wait(s)
18:36:15 [v4][transport] place OK in 3.45s
18:36:16 [v4][sorting-loop] LOCKED on red cube pixel=(99, 198) world=(0.206,0.102,0.025)
18:36:18 [v4][heartbeat] enter=True sorting=True cam=LIVE ai=LIVE cam_fps=39.5 pub_fps=30.1 frames=28933 result_subs=1 roi=ok intrinsic=ok inference_age_ms=69 target=none transport=False sorting_thread=alive
18:36:19 [v4][svc] enable_sorting -> False
18:36:23 [v4][heartbeat] enter=True sorting=False cam=LIVE ai=LIVE cam_fps=37.2 pub_fps=30.2 frames=29119 result_subs=1 roi=ok intrinsic=ok inference_age_ms=118 target=none transport=False sorting_thread=alive
18:36:28 [v4][heartbeat] enter=True sorting=False cam=LIVE ai=LIVE cam_fps=36.0 pub_fps=30.2 frames=29299 result_subs=1 roi=ok intrinsic=ok inference_age_ms=132 target=none transport=False sorting_thread=alive
18:36:33 [v4][heartbeat] enter=True sorting=False cam=LIVE ai=LIVE cam_fps=38.2 pub_fps=30.3 frames=29491 result_subs=1 roi=ok intrinsic=ok inference_age_ms=101 target=none transport=False sorting_thread=alive
18:36:38 [v4][heartbeat] enter=True sorting=False cam=LIVE ai=LIVE cam_fps=36.0 pub_fps=30.3 frames=29670 result_subs=1 roi=ok intrinsic=ok inference_age_ms=87 target=none transport=False sorting_thread=alive
18:36:43 [v4][heartbeat] enter=True sorting=False cam=LIVE ai=LIVE cam_fps=38.2 pub_fps=30.4 frames=29861 result_subs=1 roi=ok intrinsic=ok inference_age_ms=83 target=none transport=False sorting_thread=alive
18:36:48 [v4][heartbeat] enter=True sorting=False cam=LIVE ai=LIVE cam_fps=41.4 pub_fps=30.2 frames=30068 result_subs=1 roi=ok intrinsic=ok inference_age_ms=69 target=none transport=False sorting_thread=alive
18:36:53 [v4][heartbeat] enter=True sorting=False cam=LIVE ai=LIVE cam_fps=36.9 pub_fps=30.3 frames=30253 result_subs=1 roi=ok intrinsic=ok inference_age_ms=117 target=none transport=False sorting_thread=alive
18:36:58 [v4][heartbeat] enter=True sorting=False cam=LIVE ai=LIVE cam_fps=39.7 pub_fps=30.3 frames=30451 result_subs=1 roi=ok intrinsic=ok inference_age_ms=49 target=none transport=False sorting_thread=alive
18:37:03 [v4][heartbeat] enter=True sorting=False cam=LIVE ai=LIVE cam_fps=37.4 pub_fps=30.4 frames=30638 result_subs=1 roi=ok intrinsic=ok inference_age_ms=78 target=none transport=False sorting_thread=alive
18:37:08 [v4][heartbeat] enter=True sorting=False cam=LIVE ai=LIVE cam_fps=35.8 pub_fps=30.2 frames=30817 result_subs=1 roi=ok intrinsic=ok inference_age_ms=97 target=none transport=False sorting_thread=alive
18:37:13 [v4][heartbeat] enter=True sorting=False cam=LIVE ai=LIVE cam_fps=44.6 pub_fps=30.4 frames=31040 result_subs=1 roi=ok intrinsic=ok inference_age_ms=58 target=none transport=False sorting_thread=alive
18:37:18 [v4][heartbeat] enter=True sorting=False cam=LIVE ai=LIVE cam_fps=39.6 pub_fps=30.2 frames=31238 result_subs=1 roi=ok intrinsic=ok inference_age_ms=52 target=none transport=False sorting_thread=alive
18:37:23 [v4][heartbeat] enter=True sorting=False cam=LIVE ai=LIVE cam_fps=42.3 pub_fps=30.1 frames=31450 result_subs=1 roi=ok intrinsic=ok inference_age_ms=99 target=none transport=False sorting_thread=alive
18:37:28 [v4][heartbeat] enter=True sorting=False cam=LIVE ai=LIVE cam_fps=42.9 pub_fps=30.3 frames=31664 result_subs=1 roi=ok intrinsic=ok inference_age_ms=107 target=none transport=False sorting_thread=alive
18:37:33 [v4][heartbeat] enter=True sorting=False cam=LIVE ai=LIVE cam_fps=42.0 pub_fps=30.4 frames=31874 result_subs=1 roi=ok intrinsic=ok inference_age_ms=135 target=none transport=False sorting_thread=alive
18:37:38 [v4][heartbeat] enter=True sorting=False cam=LIVE ai=LIVE cam_fps=41.2 pub_fps=30.0 frames=32080 result_subs=1 roi=ok intrinsic=ok inference_age_ms=113 target=none transport=False sorting_thread=alive
18:37:43 [v4][heartbeat] enter=True sorting=False cam=LIVE ai=LIVE cam_fps=38.4 pub_fps=30.4 frames=32272 result_subs=1 roi=ok intrinsic=ok inference_age_ms=84 target=none transport=False sorting_thread=alive
18:37:48 [v4][heartbeat] enter=True sorting=False cam=LIVE ai=LIVE cam_fps=39.2 pub_fps=30.2 frames=32468 result_subs=1 roi=ok intrinsic=ok inference_age_ms=63 target=none transport=False sorting_thread=alive
18:37:53 [v4][heartbeat] enter=True sorting=False cam=LIVE ai=LIVE cam_fps=40.8 pub_fps=30.4 frames=32672 result_subs=1 roi=ok intrinsic=ok inference_age_ms=49 target=none transport=False sorting_thread=alive
18:37:58 [v4][heartbeat] enter=True sorting=False cam=LIVE ai=LIVE cam_fps=39.8 pub_fps=30.4 frames=32871 result_subs=1 roi=ok intrinsic=ok inference_age_ms=143 target=none transport=False sorting_thread=alive
18:38:03 [v4][heartbeat] enter=True sorting=False cam=LIVE ai=LIVE cam_fps=37.0 pub_fps=30.0 frames=33056 result_subs=1 roi=ok intrinsic=ok inference_age_ms=73 target=none transport=False sorting_thread=alive
18:38:08 [v4][heartbeat] enter=True sorting=False cam=LIVE ai=LIVE cam_fps=38.2 pub_fps=30.4 frames=33247 result_subs=1 roi=ok intrinsic=ok inference_age_ms=95 target=none transport=False sorting_thread=alive
18:38:12 [v4][enter] enter requested (camera subs were already alive)
18:38:12 [v4][roi] reading transform.yaml from /home/ubuntu/ros2_ws/src/stepper/config/transform.yaml
18:38:12 [v4][roi]   loaded plane: [-0.0034594295448868296, -0.08463774716902761, -0.9964057828522352, 0.21475674481696266]
18:38:12 [v4][svc] enable_sorting -> True
18:38:12 [v4][roi]   yaml loaded: extristric.shape=(4, 3) corners.shape=(5, 3) white_area_center.shape=(4, 4)
18:38:13 [v4][roi]   intrinsic ready after 0.00s (shape=(3, 3)) distortion.shape=(8,)
18:38:13 [v4][roi]   extrinsic plane shift done
18:38:13 [v4][roi]   projected 4 corners to image pixels
18:38:13 [v4][roi]   computed roi (y=79..403 x=164..572) on intrinsic shape=(3, 3)
18:38:13 [v4][sorting-loop] ROI built - detection branch is now live
18:38:13 [v4][sorting-loop] LOCKED on scaff pixel=(410, 220) world=(0.201,-0.029,0.025)
18:38:13 [v4][sorting-loop] TRACK scaff e_dist=0.0000 (thresh=0.005) still=3/10 move=0/10
18:38:13 [v4][heartbeat] enter=True sorting=True cam=LIVE ai=LIVE cam_fps=37.8 pub_fps=30.0 frames=33436 result_subs=1 roi=ok intrinsic=ok inference_age_ms=43 target=scaff transport=False sorting_thread=alive
18:38:13 [v4][sorting-loop] FIRING TRANSPORT label=scaff pos=(0.200,-0.029,0.025) yaw=536
18:38:13 [v4][transport] BEGIN pick scaff at (0.200,-0.031,0.080) yaw_pulse=536
18:38:14 [v4][motion] base reached 463 after 1 extra wait(s)
18:38:15 [v4][pick] descend obj_top_z=0.080 grab_depth=0.020 -> z=0.060 (worldpos=legacy/table)
18:38:17 [v4][motion] base reached 500 after 1 extra wait(s)
18:38:18 [v4][pick] pick scaff complete (standard)
18:38:18 [v4][transport] pick OK in 4.21s
18:38:18 [v4][heartbeat] enter=True sorting=True cam=LIVE ai=LIVE cam_fps=41.6 pub_fps=30.4 frames=33644 result_subs=1 roi=ok intrinsic=ok inference_age_ms=91 target=scaff transport=True sorting_thread=alive
18:38:19 [v4][motion] base reached 987 after 1 extra wait(s)
18:38:21 [v4][transport] place OK in 3.43s
18:38:22 [v4][sorting-loop] LOCKED on red cube pixel=(237, 144) world=(0.231,0.045,0.025)
18:38:23 [v4][sorting-loop] LOCKED on green cube pixel=(611, 357) world=(0.146,-0.114,0.025)
18:38:23 [v4][sorting-loop] LOCKED on green cube pixel=(433, 261) world=(0.184,-0.039,0.025)
18:38:23 [v4][sorting-loop] LOCKED on green cube pixel=(360, 260) world=(0.183,-0.009,0.025)
18:38:23 [v4][heartbeat] enter=True sorting=True cam=LIVE ai=LIVE cam_fps=39.2 pub_fps=30.0 frames=33840 result_subs=1 roi=ok intrinsic=ok inference_age_ms=140 target=green cube transport=False sorting_thread=alive
18:38:24 [v4][sorting-loop] LOCKED on green cube pixel=(347, 263) world=(0.182,-0.003,0.025)
18:38:24 [v4][sorting-loop] LOCKED on green cube pixel=(347, 264) world=(0.181,-0.003,0.025)
18:38:25 [v4][sorting-loop] LOCKED on green cube pixel=(346, 263) world=(0.182,-0.003,0.025)
18:38:25 [v4][sorting-loop] LOCKED on green cube pixel=(347, 262) world=(0.182,-0.003,0.025)
18:38:25 [v4][sorting-loop] LOCKED on green cube pixel=(347, 264) world=(0.181,-0.003,0.025)
18:38:25 [v4][sorting-loop] LOCKED on green cube pixel=(347, 262) world=(0.182,-0.003,0.025)
18:38:26 [v4][sorting-loop] LOCKED on green cube pixel=(347, 263) world=(0.182,-0.003,0.025)
18:38:26 [v4][sorting-loop] TRACK green cube e_dist=0.0013 (thresh=0.005) still=2/10 move=0/10
18:38:26 [v4][sorting-loop] LOCKED on green cube pixel=(347, 262) world=(0.182,-0.003,0.025)
18:38:26 [v4][sorting-loop] LOCKED on green cube pixel=(346, 263) world=(0.182,-0.003,0.025)
18:38:27 [v4][sorting-loop] LOCKED on green cube pixel=(347, 264) world=(0.181,-0.003,0.025)
18:38:27 [v4][sorting-loop] LOCKED on green cube pixel=(347, 263) world=(0.182,-0.003,0.025)
18:38:27 [v4][sorting-loop] LOCKED on green cube pixel=(346, 265) world=(0.181,-0.003,0.025)
18:38:28 [v4][heartbeat] enter=True sorting=True cam=LIVE ai=LIVE cam_fps=33.2 pub_fps=30.0 frames=34006 result_subs=1 roi=ok intrinsic=ok inference_age_ms=80 target=none transport=False sorting_thread=alive
18:38:28 [v4][sorting-loop] LOCKED on green cube pixel=(347, 266) world=(0.180,-0.003,0.025)
18:38:28 [v4][sorting-loop] LOCKED on green cube pixel=(280, 271) world=(0.177,0.025,0.025)
18:38:29 [v4][sorting-loop] TRACK green cube e_dist=0.0000 (thresh=0.005) still=9/10 move=0/10
18:38:29 [v4][sorting-loop] FIRING TRANSPORT label=green cube pos=(0.177,0.026,0.025) yaw=534
18:38:29 [v4][transport] BEGIN pick green cube at (0.177,0.028,0.080) yaw_pulse=534
18:38:30 [v4][motion] base reached 537 after 1 extra wait(s)
18:38:31 [v4][pick] descend obj_top_z=0.080 grab_depth=0.020 -> z=0.060 (worldpos=legacy/table)
18:38:33 [v4][heartbeat] enter=True sorting=True cam=LIVE ai=LIVE cam_fps=37.6 pub_fps=30.2 frames=34194 result_subs=1 roi=ok intrinsic=ok inference_age_ms=60 target=green cube transport=True sorting_thread=alive
18:38:33 [v4][motion] base reached 500 after 1 extra wait(s)
18:38:33 [v4][pick] pick green cube complete (standard)
18:38:33 [v4][transport] pick OK in 4.22s
18:38:35 [v4][motion] base reached 881 after 1 extra wait(s)
18:38:37 [v4][transport] place OK in 3.27s
18:38:38 [v4][sorting-loop] LOCKED on green cube pixel=(25, 193) world=(0.207,0.134,0.025)
18:38:38 [v4][sorting-loop] LOCKED on red cube pixel=(339, 237) world=(0.192,0.000,0.025)
18:38:38 [v4][heartbeat] enter=True sorting=True cam=LIVE ai=LIVE cam_fps=35.6 pub_fps=30.4 frames=34372 result_subs=1 roi=ok intrinsic=ok inference_age_ms=138 target=red cube transport=False sorting_thread=alive
18:38:39 [v4][sorting-loop] LOCKED on red cube pixel=(340, 237) world=(0.192,0.000,0.025)
18:38:40 [v4][sorting-loop] FIRING TRANSPORT label=red cube pos=(0.192,0.000,0.025) yaw=426
18:38:40 [v4][transport] BEGIN pick red cube at (0.192,0.000,0.080) yaw_pulse=426
18:38:41 [v4][pick] descend obj_top_z=0.080 grab_depth=0.020 -> z=0.060 (worldpos=legacy/table)
18:38:43 [v4][heartbeat] enter=True sorting=True cam=LIVE ai=LIVE cam_fps=39.2 pub_fps=30.2 frames=34568 result_subs=1 roi=ok intrinsic=ok inference_age_ms=74 target=red cube transport=True sorting_thread=alive
18:38:43 [v4][pick] pick red cube complete (standard)
18:38:43 [v4][transport] pick OK in 3.66s
18:38:43 [v4][place] 'red cube': replaying taught posture [817, 373, 167, 289, 465] (base first, verified)
18:38:44 [v4][motion] base reached 817 after 1 extra wait(s)
18:38:45 [v4][place] 'red cube': at taught posture - releasing
18:38:46 [v4][transport] place OK in 3.01s
18:38:47 [v4][sorting-loop] LOCKED on red cube pixel=(115, 196) world=(0.207,0.096,0.025)
18:38:48 [v4][heartbeat] enter=True sorting=True cam=LIVE ai=LIVE cam_fps=33.6 pub_fps=30.4 frames=34736 result_subs=1 roi=ok intrinsic=ok inference_age_ms=77 target=none transport=False sorting_thread=alive
18:38:53 [v4][heartbeat] enter=True sorting=True cam=LIVE ai=LIVE cam_fps=37.8 pub_fps=30.2 frames=34925 result_subs=1 roi=ok intrinsic=ok inference_age_ms=82 target=none transport=False sorting_thread=alive
18:38:58 [v4][heartbeat] enter=True sorting=True cam=LIVE ai=LIVE cam_fps=37.2 pub_fps=30.4 frames=35111 result_subs=1 roi=ok intrinsic=ok inference_age_ms=98 target=none transport=False sorting_thread=alive
18:39:03 [v4][heartbeat] enter=True sorting=True cam=LIVE ai=LIVE cam_fps=36.6 pub_fps=30.2 frames=35294 result_subs=1 roi=ok intrinsic=ok inference_age_ms=131 target=none transport=False sorting_thread=alive
18:39:03 [v4][sorting-loop] LOCKED on scaff pixel=(595, 309) world=(0.166,-0.108,0.025)
18:39:03 [v4][sorting-loop] LOCKED on scaff pixel=(550, 244) world=(0.192,-0.089,0.025)
18:39:04 [v4][sorting-loop] LOCKED on scaff pixel=(501, 207) world=(0.207,-0.068,0.025)
18:39:04 [v4][sorting-loop] LOCKED on scaff pixel=(377, 241) world=(0.191,-0.016,0.025)
18:39:04 [v4][sorting-loop] LOCKED on scaff pixel=(348, 271) world=(0.178,-0.004,0.025)
18:39:05 [v4][sorting-loop] FIRING TRANSPORT label=scaff pos=(0.179,-0.003,0.025) yaw=662
18:39:05 [v4][transport] BEGIN pick scaff at (0.179,-0.004,0.080) yaw_pulse=662
18:39:06 [v4][pick] descend obj_top_z=0.080 grab_depth=0.020 -> z=0.060 (worldpos=legacy/table)
18:39:08 [v4][heartbeat] enter=True sorting=True cam=LIVE ai=LIVE cam_fps=38.6 pub_fps=30.4 frames=35487 result_subs=1 roi=ok intrinsic=ok inference_age_ms=106 target=scaff transport=True sorting_thread=alive
18:39:08 [v4][pick] pick scaff complete (standard)
18:39:08 [v4][transport] pick OK in 3.63s
18:39:10 [v4][motion] base reached 987 after 1 extra wait(s)
18:39:12 [v4][transport] place OK in 3.40s
18:39:13 [v4][sorting-loop] LOCKED on green cube pixel=(37, 184) world=(0.211,0.129,0.025)
18:39:13 [v4][heartbeat] enter=True sorting=True cam=LIVE ai=LIVE cam_fps=42.4 pub_fps=30.2 frames=35699 result_subs=1 roi=ok intrinsic=ok inference_age_ms=116 target=green cube transport=False sorting_thread=alive
18:39:13 [v4][sorting-loop] LOCKED on scaff pixel=(349, 269) world=(0.179,-0.004,0.025)
18:39:13 [v4][sorting-loop] LOCKED on scaff pixel=(352, 267) world=(0.180,-0.005,0.025)
18:39:14 [v4][sorting-loop] FIRING TRANSPORT label=scaff pos=(0.180,-0.005,0.025) yaw=668
18:39:14 [v4][transport] BEGIN pick scaff at (0.180,-0.005,0.080) yaw_pulse=668
18:39:16 [v4][pick] descend obj_top_z=0.080 grab_depth=0.020 -> z=0.060 (worldpos=legacy/table)
18:39:18 [v4][pick] pick scaff complete (standard)
18:39:18 [v4][transport] pick OK in 3.64s
18:39:18 [v4][heartbeat] enter=True sorting=True cam=LIVE ai=LIVE cam_fps=41.3 pub_fps=30.3 frames=35906 result_subs=1 roi=ok intrinsic=ok inference_age_ms=96 target=scaff transport=True sorting_thread=alive
18:39:19 [v4][motion] base reached 987 after 1 extra wait(s)
18:39:21 [v4][transport] place OK in 3.45s
18:39:22 [v4][sorting-loop] LOCKED on green cube pixel=(99, 143) world=(0.229,0.104,0.025)
18:39:22 [v4][sorting-loop] LOCKED on green cube pixel=(14, 356) world=(0.139,0.133,0.025)
18:39:22 [v4][sorting-loop] LOCKED on scaff pixel=(469, 306) world=(0.165,-0.055,0.025)
18:39:23 [v4][sorting-loop] LOCKED on scaff pixel=(374, 286) world=(0.172,-0.015,0.025)
18:39:23 [v4][sorting-loop] TRACK scaff e_dist=0.0175 (thresh=0.005) still=0/10 move=1/10
18:39:23 [v4][heartbeat] enter=True sorting=True cam=LIVE ai=LIVE cam_fps=41.6 pub_fps=30.3 frames=36113 result_subs=1 roi=ok intrinsic=ok inference_age_ms=66 target=scaff transport=False sorting_thread=alive
18:39:23 [v4][sorting-loop] TRACK scaff e_dist=0.0012 (thresh=0.005) still=9/10 move=0/10
18:39:23 [v4][sorting-loop] FIRING TRANSPORT label=scaff pos=(0.173,-0.015,0.025) yaw=550
18:39:23 [v4][transport] BEGIN pick scaff at (0.173,-0.016,0.080) yaw_pulse=550
18:39:24 [v4][motion] base reached 478 after 1 extra wait(s)
18:39:25 [v4][pick] descend obj_top_z=0.080 grab_depth=0.020 -> z=0.060 (worldpos=legacy/table)
18:39:27 [v4][motion] base reached 500 after 1 extra wait(s)
18:39:28 [v4][pick] pick scaff complete (standard)
18:39:28 [v4][transport] pick OK in 4.21s
18:39:28 [v4][heartbeat] enter=True sorting=True cam=LIVE ai=LIVE cam_fps=39.4 pub_fps=30.4 frames=36310 result_subs=1 roi=ok intrinsic=ok inference_age_ms=162 target=scaff transport=True sorting_thread=alive
18:39:29 [v4][motion] base reached 987 after 1 extra wait(s)
18:39:31 [v4][transport] place OK in 3.38s
18:39:32 [v4][sorting-loop] LOCKED on green cube pixel=(218, 179) world=(0.215,0.052,0.025)
18:39:32 [v4][sorting-loop] LOCKED on green cube pixel=(17, 345) world=(0.143,0.132,0.025)
18:39:32 [v4][sorting-loop] LOCKED on scaff pixel=(489, 321) world=(0.159,-0.063,0.025)
18:39:32 [v4][sorting-loop] LOCKED on scaff pixel=(386, 297) world=(0.168,-0.020,0.025)
18:39:33 [v4][heartbeat] enter=True sorting=True cam=LIVE ai=LIVE cam_fps=50.6 pub_fps=30.2 frames=36563 result_subs=1 roi=ok intrinsic=ok inference_age_ms=66 target=scaff transport=False sorting_thread=alive
18:39:33 [v4][sorting-loop] FIRING TRANSPORT label=scaff pos=(0.167,-0.020,0.025) yaw=339
18:39:33 [v4][transport] BEGIN pick scaff at (0.167,-0.021,0.080) yaw_pulse=339
18:39:34 [v4][motion] base reached 469 after 1 extra wait(s)
18:39:34 [v4][svc] enable_sorting -> False
18:39:34 [v4][pick] descend obj_top_z=0.080 grab_depth=0.020 -> z=0.060 (worldpos=legacy/table)
18:39:34 [v4][pick] descend IK failed
18:39:34 [v4][transport] pick FAIL in 1.16s
18:39:38 [v4][heartbeat] enter=True sorting=False cam=LIVE ai=LIVE cam_fps=37.0 pub_fps=30.2 frames=36748 result_subs=1 roi=ok intrinsic=ok inference_age_ms=65 target=none transport=False sorting_thread=alive
18:39:38 [v4][enter] enter requested (camera subs were already alive)
18:39:39 [v4][roi] reading transform.yaml from /home/ubuntu/ros2_ws/src/stepper/config/transform.yaml
18:39:39 [v4][svc] enable_sorting -> True
18:39:39 [v4][roi]   loaded plane: [-0.0034594295448868296, -0.08463774716902761, -0.9964057828522352, 0.21475674481696266]
18:39:39 [v4][roi]   yaml loaded: extristric.shape=(4, 3) corners.shape=(5, 3) white_area_center.shape=(4, 4)
18:39:39 [v4][roi]   intrinsic ready after 0.00s (shape=(3, 3)) distortion.shape=(8,)
18:39:39 [v4][roi]   extrinsic plane shift done
18:39:39 [v4][roi]   projected 4 corners to image pixels
18:39:39 [v4][roi]   computed roi (y=79..403 x=164..572) on intrinsic shape=(3, 3)
18:39:39 [v4][sorting-loop] ROI built - detection branch is now live
18:39:39 [v4][sorting-loop] LOCKED on scaff pixel=(477, 427) world=(0.116,-0.059,0.025)
18:39:39 [v4][sorting-loop] LOCKED on scaff pixel=(407, 370) world=(0.138,-0.029,0.025)
18:39:39 [v4][sorting-loop] LOCKED on scaff pixel=(394, 328) world=(0.155,-0.024,0.025)
18:39:40 [v4][sorting-loop] TRACK scaff e_dist=0.0022 (thresh=0.005) still=1/10 move=0/10
18:39:40 [v4][svc] enable_sorting -> False
18:39:43 [v4][heartbeat] enter=True sorting=False cam=LIVE ai=LIVE cam_fps=40.2 pub_fps=30.2 frames=36949 result_subs=1 roi=ok intrinsic=ok inference_age_ms=129 target=scaff transport=False sorting_thread=alive
18:39:48 [v4][heartbeat] enter=True sorting=False cam=LIVE ai=LIVE cam_fps=41.2 pub_fps=30.4 frames=37155 result_subs=1 roi=ok intrinsic=ok inference_age_ms=64 target=scaff transport=False sorting_thread=alive
18:39:53 [v4][heartbeat] enter=True sorting=False cam=LIVE ai=LIVE cam_fps=39.5 pub_fps=29.9 frames=37353 result_subs=1 roi=ok intrinsic=ok inference_age_ms=93 target=scaff transport=False sorting_thread=alive
18:39:58 [v4][heartbeat] enter=True sorting=False cam=LIVE ai=LIVE cam_fps=41.8 pub_fps=30.2 frames=37562 result_subs=1 roi=ok intrinsic=ok inference_age_ms=114 target=scaff transport=False sorting_thread=alive
18:40:03 [v4][heartbeat] enter=True sorting=False cam=LIVE ai=LIVE cam_fps=40.4 pub_fps=30.0 frames=37764 result_subs=1 roi=ok intrinsic=ok inference_age_ms=94 target=scaff transport=False sorting_thread=alive
18:40:08 [v4][heartbeat] enter=True sorting=False cam=LIVE ai=LIVE cam_fps=39.4 pub_fps=30.4 frames=37961 result_subs=1 roi=ok intrinsic=ok inference_age_ms=124 target=scaff transport=False sorting_thread=alive
18:40:13 [v4][heartbeat] enter=True sorting=False cam=LIVE ai=LIVE cam_fps=40.2 pub_fps=30.2 frames=38162 result_subs=1 roi=ok intrinsic=ok inference_age_ms=115 target=scaff transport=False sorting_thread=alive
18:40:18 [v4][heartbeat] enter=True sorting=False cam=LIVE ai=LIVE cam_fps=39.0 pub_fps=30.4 frames=38357 result_subs=1 roi=ok intrinsic=ok inference_age_ms=45 target=scaff transport=False sorting_thread=alive
18:40:23 [v4][heartbeat] enter=True sorting=False cam=LIVE ai=LIVE cam_fps=38.0 pub_fps=30.2 frames=38547 result_subs=1 roi=ok intrinsic=ok inference_age_ms=76 target=scaff transport=False sorting_thread=alive
18:40:28 [v4][heartbeat] enter=True sorting=False cam=LIVE ai=LIVE cam_fps=37.6 pub_fps=30.2 frames=38735 result_subs=1 roi=ok intrinsic=ok inference_age_ms=105 target=scaff transport=False sorting_thread=alive
18:40:33 [v4][heartbeat] enter=True sorting=False cam=LIVE ai=LIVE cam_fps=40.4 pub_fps=30.2 frames=38937 result_subs=1 roi=ok intrinsic=ok inference_age_ms=47 target=scaff transport=False sorting_thread=alive
18:40:38 [v4][heartbeat] enter=True sorting=False cam=LIVE ai=LIVE cam_fps=41.6 pub_fps=30.4 frames=39145 result_subs=1 roi=ok intrinsic=ok inference_age_ms=79 target=scaff transport=False sorting_thread=alive
18:40:40 [v4][enter] enter requested (camera subs were already alive)
18:40:40 [v4][roi] reading transform.yaml from /home/ubuntu/ros2_ws/src/stepper/config/transform.yaml
18:40:40 [v4][svc] enable_sorting -> True
18:40:40 [v4][roi]   loaded plane: [-0.0034594295448868296, -0.08463774716902761, -0.9964057828522352, 0.21475674481696266]
18:40:40 [v4][roi]   yaml loaded: extristric.shape=(4, 3) corners.shape=(5, 3) white_area_center.shape=(4, 4)
18:40:40 [v4][roi]   intrinsic ready after 0.00s (shape=(3, 3)) distortion.shape=(8,)
18:40:40 [v4][roi]   extrinsic plane shift done
18:40:40 [v4][roi]   projected 4 corners to image pixels
18:40:40 [v4][roi]   computed roi (y=79..403 x=164..572) on intrinsic shape=(3, 3)
18:40:40 [v4][sorting-loop] ROI built - detection branch is now live
18:40:40 [v4][sorting-loop] LOCKED on scaff pixel=(444, 230) world=(0.197,-0.044,0.025)
18:40:41 [v4][sorting-loop] FIRING TRANSPORT label=scaff pos=(0.197,-0.044,0.025) yaw=510
18:40:41 [v4][transport] BEGIN pick scaff at (0.197,-0.047,0.080) yaw_pulse=510
18:40:42 [v4][motion] base reached 444 after 1 extra wait(s)
18:40:43 [v4][heartbeat] enter=True sorting=True cam=LIVE ai=LIVE cam_fps=38.7 pub_fps=30.3 frames=39339 result_subs=1 roi=ok intrinsic=ok inference_age_ms=64 target=scaff transport=True sorting_thread=alive
18:40:43 [v4][pick] descend obj_top_z=0.080 grab_depth=0.020 -> z=0.060 (worldpos=legacy/table)
18:40:45 [v4][motion] base reached 500 after 1 extra wait(s)
18:40:45 [v4][pick] pick scaff complete (standard)
18:40:45 [v4][transport] pick OK in 4.12s
18:40:47 [v4][motion] base reached 987 after 1 extra wait(s)
18:40:48 [v4][heartbeat] enter=True sorting=True cam=LIVE ai=LIVE cam_fps=43.5 pub_fps=30.1 frames=39556 result_subs=1 roi=ok intrinsic=ok inference_age_ms=38 target=scaff transport=True sorting_thread=alive
18:40:49 [v4][transport] place OK in 3.40s
18:40:50 [v4][sorting-loop] LOCKED on scaff pixel=(61, 399) world=(0.122,0.113,0.025)
18:40:50 [v4][sorting-loop] LOCKED on green cube pixel=(16, 347) world=(0.142,0.133,0.025)
18:40:50 [v4][sorting-loop] LOCKED on red cube pixel=(345, 226) world=(0.197,-0.002,0.025)
18:40:51 [v4][sorting-loop] LOCKED on red cube pixel=(336, 228) world=(0.196,0.002,0.025)
18:40:51 [v4][sorting-loop] LOCKED on red cube pixel=(336, 225) world=(0.197,0.002,0.025)
18:40:51 [v4][sorting-loop] TRACK red cube e_dist=0.0017 (thresh=0.005) still=1/10 move=0/10
18:40:51 [v4][sorting-loop] LOCKED on red cube pixel=(336, 228) world=(0.196,0.002,0.025)
18:40:51 [v4][sorting-loop] LOCKED on red cube pixel=(336, 226) world=(0.197,0.002,0.025)
18:40:52 [v4][sorting-loop] LOCKED on red cube pixel=(336, 226) world=(0.197,0.002,0.025)
18:40:52 [v4][sorting-loop] LOCKED on red cube pixel=(335, 226) world=(0.197,0.002,0.025)
18:40:52 [v4][sorting-loop] LOCKED on red cube pixel=(336, 228) world=(0.196,0.002,0.025)
18:40:53 [v4][sorting-loop] LOCKED on red cube pixel=(336, 229) world=(0.196,0.002,0.025)
18:40:53 [v4][heartbeat] enter=True sorting=True cam=LIVE ai=LIVE cam_fps=37.7 pub_fps=29.9 frames=39745 result_subs=1 roi=ok intrinsic=ok inference_age_ms=46 target=none transport=False sorting_thread=alive
18:40:53 [v4][sorting-loop] LOCKED on red cube pixel=(336, 229) world=(0.196,0.002,0.025)
18:40:53 [v4][sorting-loop] LOCKED on red cube pixel=(337, 229) world=(0.196,0.001,0.025)
18:40:54 [v4][sorting-loop] TRACK red cube e_dist=0.0030 (thresh=0.005) still=1/10 move=0/10
18:40:54 [v4][sorting-loop] LOCKED on red cube pixel=(336, 225) world=(0.197,0.002,0.025)
18:40:54 [v4][sorting-loop] LOCKED on red cube pixel=(336, 226) world=(0.197,0.002,0.025)
18:40:55 [v4][sorting-loop] LOCKED on red cube pixel=(336, 228) world=(0.196,0.002,0.025)
18:40:55 [v4][sorting-loop] LOCKED on red cube pixel=(337, 230) world=(0.195,0.001,0.025)
18:40:55 [v4][sorting-loop] LOCKED on red cube pixel=(337, 231) world=(0.195,0.001,0.025)
18:40:56 [v4][sorting-loop] FIRING TRANSPORT label=red cube pos=(0.195,0.001,0.025) yaw=390
18:40:56 [v4][transport] BEGIN pick red cube at (0.195,0.002,0.080) yaw_pulse=390
18:40:57 [v4][pick] descend obj_top_z=0.080 grab_depth=0.020 -> z=0.060 (worldpos=legacy/table)
18:40:58 [v4][heartbeat] enter=True sorting=True cam=LIVE ai=LIVE cam_fps=37.6 pub_fps=30.0 frames=39933 result_subs=1 roi=ok intrinsic=ok inference_age_ms=60 target=red cube transport=True sorting_thread=alive
18:41:00 [v4][pick] pick red cube complete (standard)
18:41:00 [v4][transport] pick OK in 3.70s
18:41:00 [v4][place] 'red cube': replaying taught posture [817, 373, 167, 289, 465] (base first, verified)
18:41:01 [v4][motion] base reached 817 after 1 extra wait(s)
18:41:02 [v4][place] 'red cube': at taught posture - releasing
18:41:03 [v4][heartbeat] enter=True sorting=True cam=LIVE ai=LIVE cam_fps=42.9 pub_fps=30.3 frames=40147 result_subs=1 roi=ok intrinsic=ok inference_age_ms=106 target=red cube transport=True sorting_thread=alive
18:41:04 [v4][transport] place OK in 3.88s
18:41:08 [v4][svc] enable_sorting -> False
18:41:08 [v4][heartbeat] enter=True sorting=False cam=LIVE ai=LIVE cam_fps=38.2 pub_fps=30.2 frames=40338 result_subs=1 roi=ok intrinsic=ok inference_age_ms=96 target=none transport=False sorting_thread=alive
18:41:13 [v4][heartbeat] enter=True sorting=False cam=LIVE ai=LIVE cam_fps=43.2 pub_fps=30.4 frames=40554 result_subs=1 roi=ok intrinsic=ok inference_age_ms=144 target=none transport=False sorting_thread=alive
18:41:18 [v4][heartbeat] enter=True sorting=False cam=LIVE ai=LIVE cam_fps=40.8 pub_fps=30.2 frames=40758 result_subs=1 roi=ok intrinsic=ok inference_age_ms=62 target=none transport=False sorting_thread=alive
18:41:23 [v4][heartbeat] enter=True sorting=False cam=LIVE ai=LIVE cam_fps=41.0 pub_fps=30.4 frames=40963 result_subs=1 roi=ok intrinsic=ok inference_age_ms=78 target=none transport=False sorting_thread=alive
18:41:28 [v4][heartbeat] enter=True sorting=False cam=LIVE ai=LIVE cam_fps=42.6 pub_fps=30.2 frames=41176 result_subs=1 roi=ok intrinsic=ok inference_age_ms=86 target=none transport=False sorting_thread=alive
18:41:33 [v4][heartbeat] enter=True sorting=False cam=LIVE ai=LIVE cam_fps=40.7 pub_fps=30.3 frames=41380 result_subs=1 roi=ok intrinsic=ok inference_age_ms=62 target=none transport=False sorting_thread=alive
18:41:38 [v4][heartbeat] enter=True sorting=False cam=LIVE ai=LIVE cam_fps=43.1 pub_fps=30.3 frames=41595 result_subs=1 roi=ok intrinsic=ok inference_age_ms=51 target=none transport=False sorting_thread=alive
18:41:43 [v4][heartbeat] enter=True sorting=False cam=LIVE ai=LIVE cam_fps=39.6 pub_fps=30.0 frames=41793 result_subs=1 roi=ok intrinsic=ok inference_age_ms=50 target=none transport=False sorting_thread=alive
18:41:48 [v4][heartbeat] enter=True sorting=False cam=LIVE ai=LIVE cam_fps=40.8 pub_fps=30.4 frames=41997 result_subs=1 roi=ok intrinsic=ok inference_age_ms=54 target=none transport=False sorting_thread=alive
18:41:53 [v4][heartbeat] enter=True sorting=False cam=LIVE ai=LIVE cam_fps=43.4 pub_fps=30.4 frames=42214 result_subs=1 roi=ok intrinsic=ok inference_age_ms=85 target=none transport=False sorting_thread=alive
18:41:58 [v4][heartbeat] enter=True sorting=False cam=LIVE ai=LIVE cam_fps=43.2 pub_fps=30.2 frames=42430 result_subs=1 roi=ok intrinsic=ok inference_age_ms=91 target=none transport=False sorting_thread=alive
18:42:03 [v4][heartbeat] enter=True sorting=False cam=LIVE ai=LIVE cam_fps=43.9 pub_fps=30.3 frames=42650 result_subs=1 roi=ok intrinsic=ok inference_age_ms=84 target=none transport=False sorting_thread=alive
18:42:08 [v4][heartbeat] enter=True sorting=False cam=LIVE ai=LIVE cam_fps=44.9 pub_fps=29.8 frames=42874 result_subs=1 roi=ok intrinsic=ok inference_age_ms=99 target=none transport=False sorting_thread=alive
18:42:13 [v4][heartbeat] enter=True sorting=False cam=LIVE ai=LIVE cam_fps=41.2 pub_fps=30.4 frames=43080 result_subs=1 roi=ok intrinsic=ok inference_age_ms=72 target=none transport=False sorting_thread=alive
18:42:18 [v4][heartbeat] enter=True sorting=False cam=LIVE ai=LIVE cam_fps=43.6 pub_fps=30.2 frames=43298 result_subs=1 roi=ok intrinsic=ok inference_age_ms=30 target=none transport=False sorting_thread=alive
18:42:23 [v4][heartbeat] enter=True sorting=False cam=LIVE ai=LIVE cam_fps=41.4 pub_fps=30.4 frames=43505 result_subs=1 roi=ok intrinsic=ok inference_age_ms=93 target=none transport=False sorting_thread=alive
18:42:27 [v4][enter] enter requested (camera subs were already alive)
18:42:27 [v4][roi] reading transform.yaml from /home/ubuntu/ros2_ws/src/stepper/config/transform.yaml
18:42:27 [v4][roi]   loaded plane: [-0.0034594295448868296, -0.08463774716902761, -0.9964057828522352, 0.21475674481696266]
18:42:27 [v4][roi]   yaml loaded: extristric.shape=(4, 3) corners.shape=(5, 3) white_area_center.shape=(4, 4)
18:42:27 [v4][roi]   intrinsic ready after 0.00s (shape=(3, 3)) distortion.shape=(8,)
18:42:27 [v4][roi]   extrinsic plane shift done
18:42:27 [v4][roi]   projected 4 corners to image pixels
18:42:27 [v4][roi]   computed roi (y=79..403 x=164..572) on intrinsic shape=(3, 3)
18:42:27 [v4][sorting-loop] ROI built - detection branch is now live
18:42:27 [v4][svc] enable_sorting -> True
18:42:27 [v4][sorting-loop] LOCKED on scaff pixel=(410, 247) world=(0.189,-0.030,0.025)
18:42:28 [v4][heartbeat] enter=True sorting=True cam=LIVE ai=LIVE cam_fps=40.6 pub_fps=30.2 frames=43708 result_subs=1 roi=ok intrinsic=ok inference_age_ms=55 target=scaff transport=False sorting_thread=alive
18:42:28 [v4][sorting-loop] TRACK scaff e_dist=0.0004 (thresh=0.005) still=8/10 move=0/10
18:42:28 [v4][sorting-loop] FIRING TRANSPORT label=scaff pos=(0.189,-0.030,0.025) yaw=538
18:42:28 [v4][transport] BEGIN pick scaff at (0.189,-0.032,0.080) yaw_pulse=538
18:42:29 [v4][motion] base reached 460 after 1 extra wait(s)
18:42:30 [v4][pick] descend obj_top_z=0.080 grab_depth=0.020 -> z=0.060 (worldpos=legacy/table)
18:42:32 [v4][motion] base reached 500 after 1 extra wait(s)
18:42:33 [v4][pick] pick scaff complete (standard)
18:42:33 [v4][transport] pick OK in 4.20s
18:42:33 [v4][heartbeat] enter=True sorting=True cam=LIVE ai=LIVE cam_fps=42.8 pub_fps=30.4 frames=43922 result_subs=1 roi=ok intrinsic=ok inference_age_ms=131 target=scaff transport=True sorting_thread=alive
18:42:34 [v4][motion] base reached 987 after 1 extra wait(s)
18:42:36 [v4][transport] place OK in 3.42s
18:42:37 [v4][sorting-loop] LOCKED on red cube pixel=(181, 162) world=(0.222,0.068,0.025)
18:42:37 [v4][sorting-loop] LOCKED on red cube pixel=(482, 255) world=(0.187,-0.060,0.025)
18:42:37 [v4][sorting-loop] LOCKED on red cube pixel=(409, 240) world=(0.192,-0.029,0.025)
18:42:37 [v4][sorting-loop] TRACK red cube e_dist=0.0004 (thresh=0.005) still=3/10 move=0/10
18:42:38 [v4][heartbeat] enter=True sorting=True cam=LIVE ai=LIVE cam_fps=38.6 pub_fps=29.8 frames=44115 result_subs=1 roi=ok intrinsic=ok inference_age_ms=44 target=red cube transport=False sorting_thread=alive
18:42:38 [v4][sorting-loop] FIRING TRANSPORT label=red cube pos=(0.192,-0.028,0.025) yaw=852
18:42:38 [v4][transport] BEGIN pick red cube at (0.192,-0.030,0.080) yaw_pulse=852
18:42:39 [v4][motion] base reached 462 after 1 extra wait(s)
18:42:40 [v4][pick] descend obj_top_z=0.080 grab_depth=0.020 -> z=0.060 (worldpos=legacy/table)
18:42:42 [v4][motion] base reached 500 after 1 extra wait(s)
18:42:42 [v4][pick] pick red cube complete (standard)
18:42:42 [v4][transport] pick OK in 4.22s
18:42:42 [v4][place] 'red cube': replaying taught posture [817, 373, 167, 289, 465] (base first, verified)
18:42:43 [v4][heartbeat] enter=True sorting=True cam=LIVE ai=LIVE cam_fps=43.2 pub_fps=30.2 frames=44331 result_subs=1 roi=ok intrinsic=ok inference_age_ms=99 target=red cube transport=True sorting_thread=alive
18:42:43 [v4][motion] base reached 817 after 1 extra wait(s)
18:42:44 [v4][place] 'red cube': at taught posture - releasing
18:42:45 [v4][transport] place OK in 3.08s
18:42:46 [v4][sorting-loop] LOCKED on light blue cube pixel=(604, 306) world=(0.167,-0.111,0.025)
18:42:46 [v4][sorting-loop] LOCKED on light blue cube pixel=(371, 230) world=(0.196,-0.013,0.025)
18:42:47 [v4][sorting-loop] TRACK light blue cube e_dist=0.0000 (thresh=0.005) still=6/10 move=0/10
18:42:47 [v4][sorting-loop] TRACK light blue cube e_dist=0.0004 (thresh=0.005) still=10/10 move=0/10
18:42:47 [v4][sorting-loop] FIRING TRANSPORT label=light blue cube pos=(0.196,-0.010,0.025) yaw=493
18:42:47 [v4][transport] BEGIN pick light blue cube at (0.196,-0.010,0.080) yaw_pulse=493
18:42:48 [v4][heartbeat] enter=True sorting=True cam=LIVE ai=LIVE cam_fps=41.2 pub_fps=30.0 frames=44537 result_subs=1 roi=ok intrinsic=ok inference_age_ms=76 target=light blue cube transport=True sorting_thread=alive
18:42:49 [v4][pick] descend obj_top_z=0.080 grab_depth=0.020 -> z=0.060 (worldpos=legacy/table)
18:42:51 [v4][pick] pick light blue cube complete (standard)
18:42:51 [v4][transport] pick OK in 3.66s
18:42:52 [v4][motion] base reached 956 after 1 extra wait(s)
18:42:53 [v4][heartbeat] enter=True sorting=True cam=LIVE ai=LIVE cam_fps=43.0 pub_fps=30.4 frames=44752 result_subs=1 roi=ok intrinsic=ok inference_age_ms=107 target=light blue cube transport=True sorting_thread=alive
18:42:54 [v4][transport] place OK in 3.37s
18:42:55 [v4][sorting-loop] LOCKED on green cube pixel=(629, 362) world=(0.144,-0.122,0.025)
18:42:55 [v4][sorting-loop] LOCKED on green cube pixel=(447, 249) world=(0.189,-0.045,0.025)
18:42:56 [v4][sorting-loop] LOCKED on green cube pixel=(277, 247) world=(0.187,0.026,0.025)
18:42:56 [v4][sorting-loop] FIRING TRANSPORT label=green cube pos=(0.187,0.026,0.025) yaw=520
18:42:57 [v4][transport] BEGIN pick green cube at (0.187,0.028,0.080) yaw_pulse=520
18:42:57 [v4][motion] base reached 535 after 1 extra wait(s)
18:42:58 [v4][heartbeat] enter=True sorting=True cam=LIVE ai=LIVE cam_fps=42.8 pub_fps=30.4 frames=44966 result_subs=1 roi=ok intrinsic=ok inference_age_ms=96 target=green cube transport=True sorting_thread=alive
18:42:58 [v4][pick] descend obj_top_z=0.080 grab_depth=0.020 -> z=0.060 (worldpos=legacy/table)
18:43:00 [v4][motion] base reached 500 after 1 extra wait(s)
18:43:01 [v4][pick] pick green cube complete (standard)
18:43:01 [v4][transport] pick OK in 4.20s
18:43:02 [v4][motion] base reached 881 after 1 extra wait(s)
18:43:03 [v4][heartbeat] enter=True sorting=True cam=LIVE ai=LIVE cam_fps=40.8 pub_fps=30.2 frames=45170 result_subs=1 roi=ok intrinsic=ok inference_age_ms=104 target=green cube transport=True sorting_thread=alive
18:43:04 [v4][transport] place OK in 3.21s
18:43:05 [v4][sorting-loop] LOCKED on green cube pixel=(24, 324) world=(0.152,0.130,0.025)
18:43:08 [v4][heartbeat] enter=True sorting=True cam=LIVE ai=LIVE cam_fps=42.6 pub_fps=30.2 frames=45383 result_subs=1 roi=ok intrinsic=ok inference_age_ms=98 target=none transport=False sorting_thread=alive
18:43:10 [v4][svc] enable_sorting -> False
18:43:13 [v4][heartbeat] enter=True sorting=False cam=LIVE ai=LIVE cam_fps=41.8 pub_fps=30.4 frames=45592 result_subs=1 roi=ok intrinsic=ok inference_age_ms=116 target=none transport=False sorting_thread=alive
18:43:13 [v4][svc] enable_sorting -> False
18:43:18 [v4][heartbeat] enter=True sorting=False cam=LIVE ai=LIVE cam_fps=40.2 pub_fps=30.2 frames=45793 result_subs=1 roi=ok intrinsic=ok inference_age_ms=138 target=none transport=False sorting_thread=alive
18:43:23 [v4][heartbeat] enter=True sorting=False cam=LIVE ai=LIVE cam_fps=42.2 pub_fps=30.0 frames=46004 result_subs=1 roi=ok intrinsic=ok inference_age_ms=57 target=none transport=False sorting_thread=alive
18:43:28 [v4][heartbeat] enter=True sorting=False cam=LIVE ai=LIVE cam_fps=39.8 pub_fps=30.4 frames=46203 result_subs=1 roi=ok intrinsic=ok inference_age_ms=66 target=none transport=False sorting_thread=alive
18:43:33 [v4][heartbeat] enter=True sorting=False cam=LIVE ai=LIVE cam_fps=41.8 pub_fps=30.2 frames=46412 result_subs=1 roi=ok intrinsic=ok inference_age_ms=74 target=none transport=False sorting_thread=alive
18:43:38 [v4][heartbeat] enter=True sorting=False cam=LIVE ai=LIVE cam_fps=44.4 pub_fps=30.4 frames=46634 result_subs=1 roi=ok intrinsic=ok inference_age_ms=90 target=none transport=False sorting_thread=alive
18:43:43 [v4][heartbeat] enter=True sorting=False cam=LIVE ai=LIVE cam_fps=41.2 pub_fps=30.2 frames=46840 result_subs=1 roi=ok intrinsic=ok inference_age_ms=47 target=none transport=False sorting_thread=alive
18:43:48 [v4][heartbeat] enter=True sorting=False cam=LIVE ai=LIVE cam_fps=47.2 pub_fps=30.4 frames=47076 result_subs=1 roi=ok intrinsic=ok inference_age_ms=107 target=none transport=False sorting_thread=alive
18:43:53 [v4][heartbeat] enter=True sorting=False cam=LIVE ai=LIVE cam_fps=42.7 pub_fps=30.2 frames=47290 result_subs=1 roi=ok intrinsic=ok inference_age_ms=95 target=none transport=False sorting_thread=alive
18:43:58 [v4][heartbeat] enter=True sorting=False cam=LIVE ai=LIVE cam_fps=38.4 pub_fps=30.4 frames=47482 result_subs=1 roi=ok intrinsic=ok inference_age_ms=104 target=none transport=False sorting_thread=alive
18:44:03 [v4][heartbeat] enter=True sorting=False cam=LIVE ai=LIVE cam_fps=42.3 pub_fps=30.3 frames=47693 result_subs=1 roi=ok intrinsic=ok inference_age_ms=93 target=none transport=False sorting_thread=alive
18:44:08 [v4][heartbeat] enter=True sorting=False cam=LIVE ai=LIVE cam_fps=39.0 pub_fps=30.4 frames=47888 result_subs=1 roi=ok intrinsic=ok inference_age_ms=73 target=none transport=False sorting_thread=alive
18:44:13 [v4][heartbeat] enter=True sorting=False cam=LIVE ai=LIVE cam_fps=42.6 pub_fps=30.2 frames=48101 result_subs=1 roi=ok intrinsic=ok inference_age_ms=106 target=none transport=False sorting_thread=alive
18:44:18 [v4][heartbeat] enter=True sorting=False cam=LIVE ai=LIVE cam_fps=37.4 pub_fps=30.4 frames=48288 result_subs=1 roi=ok intrinsic=ok inference_age_ms=89 target=none transport=False sorting_thread=alive
18:44:23 [v4][heartbeat] enter=True sorting=False cam=LIVE ai=LIVE cam_fps=37.8 pub_fps=30.2 frames=48477 result_subs=1 roi=ok intrinsic=ok inference_age_ms=103 target=none transport=False sorting_thread=alive
18:44:28 [v4][heartbeat] enter=True sorting=False cam=LIVE ai=LIVE cam_fps=38.0 pub_fps=30.4 frames=48667 result_subs=1 roi=ok intrinsic=ok inference_age_ms=38 target=none transport=False sorting_thread=alive
18:44:33 [v4][heartbeat] enter=True sorting=False cam=LIVE ai=LIVE cam_fps=35.9 pub_fps=30.1 frames=48847 result_subs=1 roi=ok intrinsic=ok inference_age_ms=78 target=none transport=False sorting_thread=alive
18:44:38 [v4][heartbeat] enter=True sorting=False cam=LIVE ai=LIVE cam_fps=38.4 pub_fps=30.2 frames=49039 result_subs=1 roi=ok intrinsic=ok inference_age_ms=123 target=none transport=False sorting_thread=alive
18:44:43 [v4][heartbeat] enter=True sorting=False cam=LIVE ai=LIVE cam_fps=34.0 pub_fps=30.2 frames=49209 result_subs=1 roi=ok intrinsic=ok inference_age_ms=92 target=none transport=False sorting_thread=alive
18:44:48 [v4][heartbeat] enter=True sorting=False cam=LIVE ai=LIVE cam_fps=37.3 pub_fps=30.1 frames=49396 result_subs=1 roi=ok intrinsic=ok inference_age_ms=108 target=none transport=False sorting_thread=alive
18:44:53 [v4][heartbeat] enter=True sorting=False cam=LIVE ai=LIVE cam_fps=35.1 pub_fps=30.3 frames=49571 result_subs=1 roi=ok intrinsic=ok inference_age_ms=102 target=none transport=False sorting_thread=alive
18:44:58 [v4][heartbeat] enter=True sorting=False cam=LIVE ai=LIVE cam_fps=34.2 pub_fps=30.4 frames=49742 result_subs=1 roi=ok intrinsic=ok inference_age_ms=89 target=none transport=False sorting_thread=alive
18:45:03 [v4][heartbeat] enter=True sorting=False cam=LIVE ai=LIVE cam_fps=33.8 pub_fps=30.2 frames=49911 result_subs=1 roi=ok intrinsic=ok inference_age_ms=67 target=none transport=False sorting_thread=alive
18:45:08 [v4][heartbeat] enter=True sorting=False cam=LIVE ai=LIVE cam_fps=34.2 pub_fps=30.4 frames=50082 result_subs=1 roi=ok intrinsic=ok inference_age_ms=92 target=none transport=False sorting_thread=alive
18:45:13 [v4][heartbeat] enter=True sorting=False cam=LIVE ai=LIVE cam_fps=38.6 pub_fps=30.2 frames=50275 result_subs=1 roi=ok intrinsic=ok inference_age_ms=95 target=none transport=False sorting_thread=alive
18:45:18 [v4][heartbeat] enter=True sorting=False cam=LIVE ai=LIVE cam_fps=37.1 pub_fps=30.3 frames=50461 result_subs=1 roi=ok intrinsic=ok inference_age_ms=123 target=none transport=False sorting_thread=alive
18:45:23 [v4][heartbeat] enter=True sorting=False cam=LIVE ai=LIVE cam_fps=37.3 pub_fps=30.1 frames=50647 result_subs=1 roi=ok intrinsic=ok inference_age_ms=66 target=none transport=False sorting_thread=alive
18:45:28 [v4][publish] result_subs changed: 1 -> 0
18:45:28 [v4][heartbeat] enter=True sorting=False cam=LIVE ai=LIVE cam_fps=50.4 pub_fps=7.2 frames=50899 result_subs=0 roi=ok intrinsic=ok inference_age_ms=61 target=none transport=False sorting_thread=alive
18:45:33 [v4][heartbeat] enter=True sorting=False cam=LIVE ai=LIVE cam_fps=53.5 pub_fps=0.0 frames=51167 result_subs=0 roi=ok intrinsic=ok inference_age_ms=89 target=none transport=False sorting_thread=alive
18:45:36 [v4][main] KeyboardInterrupt - shutting down
