# v5 session 2026-08-18_19-18-23 pid=5633
19:18:30 [v4][main] starting custom_sortingv5
19:18:30 [v4][init] constructing node 'custom_sortingv5'
19:18:30 [v4][init] config_path=/home/ubuntu/ros2_ws/src/stepper/config/ (CHASSIS_TYPE='Slide_Rails')
19:18:30 [v4][init] waiting for kinematics/set_pose_target service...
19:18:31 [v4][init] kinematics/set_pose_target ready
19:18:31 [v4][init] bus_servo/get_state ready (full feedback enabled)
19:18:31 [v4][inference] worker thread starting
19:18:31 [v4][init] inference worker started (engine=/home/ubuntu/third_party_ros2/data/scaff_cube_best.engine)
19:18:31 [v4][engine-load] starting load: /home/ubuntu/third_party_ros2/data/scaff_cube_best.engine
19:18:31 [v4][init] camera subscriptions created (always-on) - topic /depth_cam/rgb/image_raw + camera_info
19:18:31 [v4][init] depth subscribed (candidate): /depth_cam/depth_to_color
19:18:31 [v4][init] depth subscribed (candidate): /depth_cam/depth/image_raw
19:18:31 [v4][main] spinning executor (4 threads)
19:18:31 [v4][startup] spawning sorting + transport threads
19:18:31 [v4][sorting-loop] thread started, waiting for enter+frames
19:18:31 [v4][svc] set_target red=True
19:18:31 [v4][svc] set_target green=True
19:18:31 [v4][svc] set_target blue=True
19:18:31 [v4][svc] set_target scaff=True
19:18:31 [v4][startup] v4 init finish
19:18:31 [v4][init] captured endpoint pose t=[0.1271, 0.0000, 0.1821]
19:18:31 [v4][engine-load] YOLO() constructed in 0.05s task=obb (raw='obb', override='obb')
19:18:32 [v4][svc] enable_sorting -> False
19:18:32 [v4][camera] FIRST FRAME received: (480, 640, 3) enc=rgb8
19:18:32 [v4][camera] depth source = /depth_cam/depth/image_raw (colour-aligned=False)
19:18:32 [v4][camera] FIRST DEPTH FRAME on /depth_cam/depth/image_raw: shape=(400, 640) dtype=uint16
19:18:32 [v4][init] depth->color TF resolved + composed into hand2cam
19:18:32 [v4][camera] first camera_info received: fx=453.0 fy=453.0 cx=328.3 cy=243.4
19:18:34 [v4][engine-load] warmup pass done in 2.64s
19:18:34 [v4][engine-load] engine active: /home/ubuntu/third_party_ros2/data/scaff_cube_best.engine (total load 2.69s, swap #1)
19:18:34 [v4][engine-load] class names from model.names: ['scaff', 'light blue cube', 'dark blue cube', 'red cube', 'green cube']
19:18:34 [v4][inference] first inference complete (60 ms)
19:18:34 [v4][sorting-loop] first inference result reached the loop
19:18:34 [v4][roi] reading transform.yaml from /home/ubuntu/ros2_ws/src/stepper/config/transform.yaml
19:18:34 [v4][roi]   loaded plane: [-0.0034594295448868296, -0.08463774716902761, -0.9964057828522352, 0.21475674481696266]
19:18:34 [v4][roi]   yaml loaded: extristric.shape=(4, 3) corners.shape=(5, 3) white_area_center.shape=(4, 4)
19:18:34 [v4][roi]   intrinsic ready after 0.00s (shape=(3, 3)) distortion.shape=(8,)
19:18:34 [v4][roi]   extrinsic plane shift done
19:18:34 [v4][roi]   projected 4 corners to image pixels
19:18:34 [v4][roi]   computed roi (y=79..403 x=164..572) on intrinsic shape=(3, 3)
19:18:34 [v4][sorting-loop] ROI built - detection branch is now live
19:18:35 [v4][publish] first frame published: shape=(480, 640, 3) step=1920 contig=True qos=reliable/depth10 topic=/custom_sortingv5/image_result
19:18:36 [v4][heartbeat] enter=False sorting=False cam=LIVE ai=LIVE cam_fps=44.8 pub_fps=5.6 frames=224 result_subs=1 roi=ok intrinsic=ok inference_age_ms=127 target=none transport=False sorting_thread=alive
19:18:41 [v4][heartbeat] enter=False sorting=False cam=LIVE ai=LIVE cam_fps=48.1 pub_fps=30.4 frames=465 result_subs=1 roi=ok intrinsic=ok inference_age_ms=78 target=none transport=False sorting_thread=alive
19:18:46 [v4][heartbeat] enter=False sorting=False cam=LIVE ai=LIVE cam_fps=52.1 pub_fps=30.2 frames=725 result_subs=1 roi=ok intrinsic=ok inference_age_ms=101 target=none transport=False sorting_thread=alive
19:18:51 [v4][heartbeat] enter=False sorting=False cam=LIVE ai=LIVE cam_fps=50.8 pub_fps=30.4 frames=979 result_subs=1 roi=ok intrinsic=ok inference_age_ms=145 target=none transport=False sorting_thread=alive
19:18:56 [v4][heartbeat] enter=False sorting=False cam=LIVE ai=LIVE cam_fps=48.7 pub_fps=30.2 frames=1222 result_subs=1 roi=ok intrinsic=ok inference_age_ms=95 target=none transport=False sorting_thread=alive
19:19:01 [v4][heartbeat] enter=False sorting=False cam=LIVE ai=LIVE cam_fps=52.2 pub_fps=30.4 frames=1483 result_subs=1 roi=ok intrinsic=ok inference_age_ms=63 target=none transport=False sorting_thread=alive
19:19:06 [v4][heartbeat] enter=False sorting=False cam=LIVE ai=LIVE cam_fps=47.8 pub_fps=30.2 frames=1722 result_subs=1 roi=ok intrinsic=ok inference_age_ms=108 target=none transport=False sorting_thread=alive
19:19:11 [v4][heartbeat] enter=False sorting=False cam=LIVE ai=LIVE cam_fps=50.8 pub_fps=30.4 frames=1976 result_subs=1 roi=ok intrinsic=ok inference_age_ms=139 target=none transport=False sorting_thread=alive
19:19:16 [v4][heartbeat] enter=False sorting=False cam=LIVE ai=LIVE cam_fps=48.2 pub_fps=30.2 frames=2217 result_subs=1 roi=ok intrinsic=ok inference_age_ms=91 target=none transport=False sorting_thread=alive
19:19:18 [v4][teach] read: no joint state - live read failed and nothing tracked; press Home (or jog) first
19:19:20 [v4][teach] home -> joints=[500, 520, 210, 50, 500] world=[0.127, 0.0, 0.182]
19:19:21 [v4][heartbeat] enter=False sorting=False cam=LIVE ai=LIVE cam_fps=47.6 pub_fps=30.2 frames=2455 result_subs=1 roi=ok intrinsic=ok inference_age_ms=78 target=none transport=False sorting_thread=alive
19:19:26 [v4][heartbeat] enter=False sorting=False cam=LIVE ai=LIVE cam_fps=53.6 pub_fps=30.4 frames=2723 result_subs=1 roi=ok intrinsic=ok inference_age_ms=54 target=none transport=False sorting_thread=alive
19:19:31 [v4][heartbeat] enter=False sorting=False cam=LIVE ai=LIVE cam_fps=46.9 pub_fps=30.4 frames=2958 result_subs=1 roi=ok intrinsic=ok inference_age_ms=89 target=none transport=False sorting_thread=alive
19:19:36 [v4][heartbeat] enter=False sorting=False cam=LIVE ai=LIVE cam_fps=52.6 pub_fps=30.2 frames=3221 result_subs=1 roi=ok intrinsic=ok inference_age_ms=93 target=none transport=False sorting_thread=alive
19:19:41 [v4][heartbeat] enter=False sorting=False cam=LIVE ai=LIVE cam_fps=55.2 pub_fps=30.4 frames=3497 result_subs=1 roi=ok intrinsic=ok inference_age_ms=88 target=none transport=False sorting_thread=alive
19:19:46 [v4][heartbeat] enter=False sorting=False cam=LIVE ai=LIVE cam_fps=51.6 pub_fps=30.2 frames=3755 result_subs=1 roi=ok intrinsic=ok inference_age_ms=92 target=none transport=False sorting_thread=alive
19:19:51 [v4][heartbeat] enter=False sorting=False cam=LIVE ai=LIVE cam_fps=53.0 pub_fps=30.4 frames=4020 result_subs=1 roi=ok intrinsic=ok inference_age_ms=104 target=none transport=False sorting_thread=alive
19:19:56 [v4][heartbeat] enter=False sorting=False cam=LIVE ai=LIVE cam_fps=46.6 pub_fps=30.2 frames=4253 result_subs=1 roi=ok intrinsic=ok inference_age_ms=132 target=none transport=False sorting_thread=alive
19:19:59 [v4][motion] base reached 816 after 1 extra wait(s)
19:20:00 [v4][teach] goto -> [0.058, 0.234, 0.072]
19:20:01 [v4][heartbeat] enter=False sorting=False cam=LIVE ai=LIVE cam_fps=48.2 pub_fps=30.4 frames=4494 result_subs=1 roi=ok intrinsic=ok inference_age_ms=91 target=none transport=False sorting_thread=alive
19:20:06 [v4][heartbeat] enter=False sorting=False cam=LIVE ai=LIVE cam_fps=49.2 pub_fps=30.2 frames=4740 result_subs=1 roi=ok intrinsic=ok inference_age_ms=98 target=none transport=False sorting_thread=alive
19:20:09 [v4][motion] base reached 881 after 1 extra wait(s)
19:20:09 [v4][teach] goto -> [-0.006, 0.23, 0.015]
19:20:11 [v4][heartbeat] enter=False sorting=False cam=LIVE ai=LIVE cam_fps=50.8 pub_fps=30.4 frames=4994 result_subs=1 roi=ok intrinsic=ok inference_age_ms=101 target=none transport=False sorting_thread=alive
19:20:16 [v4][heartbeat] enter=False sorting=False cam=LIVE ai=LIVE cam_fps=48.8 pub_fps=30.2 frames=5238 result_subs=1 roi=ok intrinsic=ok inference_age_ms=96 target=none transport=False sorting_thread=alive
19:20:18 [v4][teach] joint_jog servo2 -10 -> 295 pulse; joints=[881, 295, 176, 309, 504]; world=[-0.006, 0.222, 0.005]
19:20:18 [v4][teach] joint_jog servo2 -10 -> 285 pulse; joints=[881, 285, 176, 309, 504]; world=[-0.005, 0.215, -0.004]
19:20:20 [v4][teach] joint_jog servo2 +10 -> 295 pulse; joints=[881, 295, 176, 309, 504]; world=[-0.006, 0.222, 0.005]
19:20:21 [v4][teach] joint_jog servo2 +10 -> 305 pulse; joints=[881, 305, 176, 309, 504]; world=[-0.006, 0.229, 0.014]
19:20:21 [v4][heartbeat] enter=False sorting=False cam=LIVE ai=LIVE cam_fps=49.6 pub_fps=30.4 frames=5486 result_subs=1 roi=ok intrinsic=ok inference_age_ms=90 target=none transport=False sorting_thread=alive
19:20:21 [v4][teach] joint_jog servo2 +10 -> 315 pulse; joints=[881, 315, 176, 309, 504]; world=[-0.006, 0.235, 0.024]
19:20:22 [v4][teach] joint_jog servo2 +10 -> 325 pulse; joints=[881, 325, 176, 309, 504]; world=[-0.006, 0.24, 0.034]
19:20:22 [v4][teach] joint_jog servo2 +10 -> 335 pulse; joints=[881, 335, 176, 309, 504]; world=[-0.006, 0.245, 0.044]
19:20:23 [v4][teach] joint_jog servo2 +10 -> 345 pulse; joints=[881, 345, 176, 309, 504]; world=[-0.006, 0.25, 0.054]
19:20:23 [v4][teach] joint_jog servo2 +10 -> 355 pulse; joints=[881, 355, 176, 309, 504]; world=[-0.006, 0.255, 0.065]
19:20:26 [v4][heartbeat] enter=False sorting=False cam=LIVE ai=LIVE cam_fps=48.4 pub_fps=30.2 frames=5728 result_subs=1 roi=ok intrinsic=ok inference_age_ms=83 target=none transport=False sorting_thread=alive
19:20:28 [v4][teach] joint_jog servo3 -10 -> 166 pulse; joints=[881, 355, 166, 309, 504]; world=[-0.006, 0.246, 0.058]
19:20:29 [v4][teach] joint_jog servo3 -10 -> 156 pulse; joints=[881, 355, 156, 309, 504]; world=[-0.006, 0.237, 0.051]
19:20:31 [v4][teach] joint_jog servo2 +10 -> 365 pulse; joints=[881, 365, 156, 309, 504]; world=[-0.006, 0.241, 0.061]
19:20:31 [v4][heartbeat] enter=False sorting=False cam=LIVE ai=LIVE cam_fps=48.9 pub_fps=30.2 frames=5973 result_subs=1 roi=ok intrinsic=ok inference_age_ms=90 target=none transport=False sorting_thread=alive
19:20:31 [v4][teach] joint_jog servo2 +10 -> 375 pulse; joints=[881, 375, 156, 309, 504]; world=[-0.006, 0.245, 0.071]
19:20:32 [v4][teach] joint_jog servo2 +10 -> 385 pulse; joints=[881, 385, 156, 309, 504]; world=[-0.006, 0.249, 0.081]
19:20:34 [v4][teach] joint_jog servo3 -10 -> 146 pulse; joints=[881, 385, 146, 309, 504]; world=[-0.006, 0.241, 0.073]
19:20:34 [v4][teach] joint_jog servo3 -10 -> 136 pulse; joints=[881, 385, 136, 309, 504]; world=[-0.006, 0.232, 0.066]
19:20:36 [v4][heartbeat] enter=False sorting=False cam=LIVE ai=LIVE cam_fps=46.5 pub_fps=30.5 frames=6205 result_subs=1 roi=ok intrinsic=ok inference_age_ms=44 target=none transport=False sorting_thread=alive
19:20:39 [v4][teach] joint_jog servo1 -10 -> 871 pulse; joints=[871, 385, 136, 309, 504]; world=[0.004, 0.232, 0.066]
19:20:40 [v4][teach] joint_jog servo1 -10 -> 861 pulse; joints=[861, 385, 136, 309, 504]; world=[0.014, 0.232, 0.066]
19:20:41 [v4][heartbeat] enter=False sorting=False cam=LIVE ai=LIVE cam_fps=46.7 pub_fps=30.3 frames=6439 result_subs=1 roi=ok intrinsic=ok inference_age_ms=101 target=none transport=False sorting_thread=alive
19:20:42 [v4][teach] joint_jog servo1 +10 -> 871 pulse; joints=[871, 385, 136, 309, 504]; world=[0.004, 0.232, 0.066]
19:20:43 [v4][teach] joint_jog servo1 +10 -> 881 pulse; joints=[881, 385, 136, 309, 504]; world=[-0.006, 0.232, 0.066]
19:20:43 [v4][teach] joint_jog servo1 +10 -> 891 pulse; joints=[891, 385, 136, 309, 504]; world=[-0.016, 0.232, 0.066]
19:20:46 [v4][heartbeat] enter=False sorting=False cam=LIVE ai=LIVE cam_fps=47.1 pub_fps=30.3 frames=6674 result_subs=1 roi=ok intrinsic=ok inference_age_ms=80 target=none transport=False sorting_thread=alive
19:20:51 [v4][heartbeat] enter=False sorting=False cam=LIVE ai=LIVE cam_fps=47.0 pub_fps=30.2 frames=6909 result_subs=1 roi=ok intrinsic=ok inference_age_ms=114 target=none transport=False sorting_thread=alive
19:20:51 [v4][teach] joint_jog servo3 +10 -> 146 pulse; joints=[891, 385, 146, 309, 504]; world=[-0.016, 0.24, 0.073]
19:20:56 [v4][teach] joint_jog servo4 -10 -> 299 pulse; joints=[891, 385, 146, 299, 504]; world=[-0.016, 0.234, 0.071]
19:20:56 [v4][heartbeat] enter=False sorting=False cam=LIVE ai=LIVE cam_fps=49.8 pub_fps=30.4 frames=7158 result_subs=1 roi=ok intrinsic=ok inference_age_ms=61 target=none transport=False sorting_thread=alive
19:20:56 [v4][teach] busy - previous teach move still running
19:20:56 [v4][teach] joint_jog servo4 -10 -> 289 pulse; joints=[891, 385, 146, 289, 504]; world=[-0.015, 0.227, 0.069]
19:20:57 [v4][teach] joint_jog servo4 -10 -> 279 pulse; joints=[891, 385, 146, 279, 504]; world=[-0.015, 0.22, 0.067]
19:20:57 [v4][teach] joint_jog servo4 -10 -> 269 pulse; joints=[891, 385, 146, 269, 504]; world=[-0.014, 0.214, 0.065]
19:20:58 [v4][teach] joint_jog servo4 -10 -> 259 pulse; joints=[891, 385, 146, 259, 504]; world=[-0.014, 0.207, 0.064]
19:21:01 [v4][heartbeat] enter=False sorting=False cam=LIVE ai=LIVE cam_fps=46.2 pub_fps=30.4 frames=7389 result_subs=1 roi=ok intrinsic=ok inference_age_ms=113 target=none transport=False sorting_thread=alive
19:21:04 [v4][teach] joint_jog servo2 -10 -> 375 pulse; joints=[891, 375, 146, 259, 504]; world=[-0.014, 0.202, 0.055]
19:21:06 [v4][heartbeat] enter=False sorting=False cam=LIVE ai=LIVE cam_fps=47.8 pub_fps=30.2 frames=7628 result_subs=1 roi=ok intrinsic=ok inference_age_ms=70 target=none transport=False sorting_thread=alive
19:21:07 [v4][teach] busy - previous teach move still running
19:21:07 [v4][teach] joint_jog servo3 +10 -> 156 pulse; joints=[891, 375, 156, 259, 504]; world=[-0.014, 0.212, 0.061]
19:21:07 [v4][teach] busy - previous teach move still running
19:21:07 [v4][teach] joint_jog servo3 +10 -> 166 pulse; joints=[891, 375, 166, 259, 504]; world=[-0.015, 0.22, 0.068]
19:21:08 [v4][teach] busy - previous teach move still running
19:21:08 [v4][teach] joint_jog servo3 +10 -> 176 pulse; joints=[891, 375, 176, 259, 504]; world=[-0.015, 0.229, 0.075]
19:21:08 [v4][teach] busy - previous teach move still running
19:21:08 [v4][teach] joint_jog servo3 +10 -> 186 pulse; joints=[891, 375, 186, 259, 504]; world=[-0.016, 0.237, 0.082]
19:21:09 [v4][teach] busy - previous teach move still running
19:21:09 [v4][teach] joint_jog servo3 +10 -> 196 pulse; joints=[891, 375, 196, 259, 504]; world=[-0.016, 0.245, 0.089]
19:21:09 [v4][teach] busy - previous teach move still running
19:21:09 [v4][teach] joint_jog servo3 +10 -> 206 pulse; joints=[891, 375, 206, 259, 504]; world=[-0.017, 0.253, 0.097]
19:21:10 [v4][teach] joint_jog servo3 +10 -> 216 pulse; joints=[891, 375, 216, 259, 504]; world=[-0.017, 0.26, 0.105]
19:21:11 [v4][heartbeat] enter=False sorting=False cam=LIVE ai=LIVE cam_fps=48.0 pub_fps=30.4 frames=7868 result_subs=1 roi=ok intrinsic=ok inference_age_ms=87 target=none transport=False sorting_thread=alive
19:21:12 [v4][teach] busy - previous teach move still running
19:21:12 [v4][teach] joint_jog servo2 -10 -> 365 pulse; joints=[891, 365, 216, 259, 504]; world=[-0.017, 0.257, 0.094]
19:21:13 [v4][teach] busy - previous teach move still running
19:21:13 [v4][teach] joint_jog servo2 -10 -> 355 pulse; joints=[891, 355, 216, 259, 504]; world=[-0.017, 0.254, 0.083]
19:21:13 [v4][teach] joint_jog servo2 -10 -> 345 pulse; joints=[891, 345, 216, 259, 504]; world=[-0.017, 0.251, 0.073]
19:21:14 [v4][teach] joint_jog servo2 -10 -> 335 pulse; joints=[891, 335, 216, 259, 504]; world=[-0.017, 0.247, 0.062]
19:21:16 [v4][heartbeat] enter=False sorting=False cam=LIVE ai=LIVE cam_fps=42.0 pub_fps=30.2 frames=8078 result_subs=1 roi=ok intrinsic=ok inference_age_ms=94 target=none transport=False sorting_thread=alive
19:21:17 [v4][teach] joint_jog servo4 -10 -> 249 pulse; joints=[891, 335, 216, 249, 504]; world=[-0.016, 0.24, 0.061]
19:21:17 [v4][teach] joint_jog servo4 -10 -> 239 pulse; joints=[891, 335, 216, 239, 504]; world=[-0.016, 0.233, 0.059]
19:21:18 [v4][teach] joint_jog servo4 -10 -> 229 pulse; joints=[891, 335, 216, 229, 504]; world=[-0.015, 0.226, 0.058]
19:21:21 [v4][heartbeat] enter=False sorting=False cam=LIVE ai=LIVE cam_fps=48.0 pub_fps=30.4 frames=8318 result_subs=1 roi=ok intrinsic=ok inference_age_ms=65 target=none transport=False sorting_thread=alive
19:21:22 [v4][teach] joint_jog servo2 +10 -> 345 pulse; joints=[891, 345, 216, 229, 504]; world=[-0.015, 0.23, 0.068]
19:21:24 [v4][teach] joint_jog servo2 +10 -> 355 pulse; joints=[891, 355, 216, 229, 504]; world=[-0.016, 0.234, 0.078]
19:21:26 [v4][heartbeat] enter=False sorting=False cam=LIVE ai=LIVE cam_fps=47.0 pub_fps=30.2 frames=8553 result_subs=1 roi=ok intrinsic=ok inference_age_ms=129 target=none transport=False sorting_thread=alive
19:21:31 [v4][heartbeat] enter=False sorting=False cam=LIVE ai=LIVE cam_fps=48.6 pub_fps=30.4 frames=8796 result_subs=1 roi=ok intrinsic=ok inference_age_ms=119 target=none transport=False sorting_thread=alive
19:21:33 [v4][teach] read[live] joints=[884, 347, 210, 230, 500]; world=[-0.009, 0.227, 0.066]
19:21:36 [v4][heartbeat] enter=False sorting=False cam=LIVE ai=LIVE cam_fps=46.6 pub_fps=30.2 frames=9029 result_subs=1 roi=ok intrinsic=ok inference_age_ms=77 target=none transport=False sorting_thread=alive
19:21:41 [v4][heartbeat] enter=False sorting=False cam=LIVE ai=LIVE cam_fps=47.0 pub_fps=30.4 frames=9264 result_subs=1 roi=ok intrinsic=ok inference_age_ms=113 target=none transport=False sorting_thread=alive
19:21:45 [v4][svc] merged ['place_positions'] into /home/ubuntu/jetarm_v5_profiles/default.yaml
19:21:45 [v4][teach] SAVE green cube = [-0.0095, 0.2264, 0.066, 'taught', [885, 347, 210, 229, 500]] (src=live, persist=True)
19:21:46 [v4][heartbeat] enter=False sorting=False cam=LIVE ai=LIVE cam_fps=48.2 pub_fps=30.2 frames=9505 result_subs=1 roi=ok intrinsic=ok inference_age_ms=100 target=none transport=False sorting_thread=alive
19:21:51 [v4][teach] home -> joints=[500, 520, 210, 50, 500] world=[0.127, 0.0, 0.182]
19:21:51 [v4][heartbeat] enter=False sorting=False cam=LIVE ai=LIVE cam_fps=46.8 pub_fps=30.4 frames=9739 result_subs=1 roi=ok intrinsic=ok inference_age_ms=46 target=none transport=False sorting_thread=alive
19:21:56 [v4][heartbeat] enter=False sorting=False cam=LIVE ai=LIVE cam_fps=48.9 pub_fps=30.4 frames=9984 result_subs=1 roi=ok intrinsic=ok inference_age_ms=123 target=none transport=False sorting_thread=alive
19:21:59 [v4][motion] base reached 885 after 1 extra wait(s)
19:22:00 [v4][teach] goto -> [-0.009, 0.226, 0.066]
19:22:01 [v4][heartbeat] enter=False sorting=False cam=LIVE ai=LIVE cam_fps=49.0 pub_fps=30.2 frames=10229 result_subs=1 roi=ok intrinsic=ok inference_age_ms=100 target=none transport=False sorting_thread=alive
19:22:06 [v4][heartbeat] enter=False sorting=False cam=LIVE ai=LIVE cam_fps=45.2 pub_fps=30.4 frames=10455 result_subs=1 roi=ok intrinsic=ok inference_age_ms=103 target=none transport=False sorting_thread=alive
19:22:11 [v4][heartbeat] enter=False sorting=False cam=LIVE ai=LIVE cam_fps=52.4 pub_fps=30.2 frames=10717 result_subs=1 roi=ok intrinsic=ok inference_age_ms=88 target=none transport=False sorting_thread=alive
19:22:16 [v4][heartbeat] enter=False sorting=False cam=LIVE ai=LIVE cam_fps=47.4 pub_fps=30.4 frames=10954 result_subs=1 roi=ok intrinsic=ok inference_age_ms=145 target=none transport=False sorting_thread=alive
19:22:21 [v4][heartbeat] enter=False sorting=False cam=LIVE ai=LIVE cam_fps=47.0 pub_fps=30.2 frames=11189 result_subs=1 roi=ok intrinsic=ok inference_age_ms=73 target=none transport=False sorting_thread=alive
19:22:24 [v4][teach] goto -> [-0.006, 0.16, 0.015]
19:22:26 [v4][heartbeat] enter=False sorting=False cam=LIVE ai=LIVE cam_fps=49.9 pub_fps=30.4 frames=11439 result_subs=1 roi=ok intrinsic=ok inference_age_ms=93 target=none transport=False sorting_thread=alive
19:22:31 [v4][heartbeat] enter=False sorting=False cam=LIVE ai=LIVE cam_fps=46.2 pub_fps=30.2 frames=11670 result_subs=1 roi=ok intrinsic=ok inference_age_ms=103 target=none transport=False sorting_thread=alive
19:22:36 [v4][heartbeat] enter=False sorting=False cam=LIVE ai=LIVE cam_fps=47.7 pub_fps=30.3 frames=11908 result_subs=1 roi=ok intrinsic=ok inference_age_ms=106 target=none transport=False sorting_thread=alive
19:22:41 [v4][heartbeat] enter=False sorting=False cam=LIVE ai=LIVE cam_fps=46.4 pub_fps=30.4 frames=12140 result_subs=1 roi=ok intrinsic=ok inference_age_ms=79 target=none transport=False sorting_thread=alive
19:22:46 [v4][teach] joint_jog servo2 -10 -> 390 pulse; joints=[883, 390, 5, 385, 504]; world=[-0.005, 0.152, 0.008]
19:22:46 [v4][teach] busy - previous teach move still running
19:22:46 [v4][teach] joint_jog servo2 -10 -> 380 pulse; joints=[883, 380, 5, 385, 504]; world=[-0.005, 0.146, 0.001]
19:22:46 [v4][heartbeat] enter=False sorting=False cam=LIVE ai=LIVE cam_fps=46.8 pub_fps=30.4 frames=12374 result_subs=1 roi=ok intrinsic=ok inference_age_ms=133 target=none transport=False sorting_thread=alive
19:22:47 [v4][teach] joint_jog servo2 -10 -> 370 pulse; joints=[883, 370, 5, 385, 504]; world=[-0.005, 0.139, -0.005]
19:22:48 [v4][teach] busy - previous teach move still running
19:22:48 [v4][teach] joint_jog servo2 +10 -> 380 pulse; joints=[883, 380, 5, 385, 504]; world=[-0.005, 0.146, 0.001]
19:22:48 [v4][teach] busy - previous teach move still running
19:22:48 [v4][teach] joint_jog servo2 +10 -> 390 pulse; joints=[883, 390, 5, 385, 504]; world=[-0.005, 0.152, 0.008]
19:22:49 [v4][teach] busy - previous teach move still running
19:22:49 [v4][teach] joint_jog servo2 +10 -> 400 pulse; joints=[883, 400, 5, 385, 504]; world=[-0.005, 0.159, 0.014]
19:22:50 [v4][teach] busy - previous teach move still running
19:22:50 [v4][teach] joint_jog servo2 +10 -> 410 pulse; joints=[883, 410, 5, 385, 504]; world=[-0.006, 0.165, 0.021]
19:22:50 [v4][teach] busy - previous teach move still running
19:22:50 [v4][teach] joint_jog servo2 +10 -> 420 pulse; joints=[883, 420, 5, 385, 504]; world=[-0.006, 0.17, 0.028]
19:22:50 [v4][teach] busy - previous teach move still running
19:22:51 [v4][teach] joint_jog servo2 +10 -> 430 pulse; joints=[883, 430, 5, 385, 504]; world=[-0.006, 0.176, 0.035]
19:22:51 [v4][teach] busy - previous teach move still running
19:22:51 [v4][teach] joint_jog servo2 +10 -> 440 pulse; joints=[883, 440, 5, 385, 504]; world=[-0.006, 0.181, 0.043]
19:22:51 [v4][heartbeat] enter=False sorting=False cam=LIVE ai=LIVE cam_fps=51.4 pub_fps=30.2 frames=12631 result_subs=1 roi=ok intrinsic=ok inference_age_ms=77 target=none transport=False sorting_thread=alive
19:22:51 [v4][teach] busy - previous teach move still running
19:22:51 [v4][teach] joint_jog servo2 +10 -> 450 pulse; joints=[883, 450, 5, 385, 504]; world=[-0.006, 0.186, 0.05]
19:22:52 [v4][teach] busy - previous teach move still running
19:22:52 [v4][teach] joint_jog servo2 +10 -> 460 pulse; joints=[883, 460, 5, 385, 504]; world=[-0.006, 0.191, 0.058]
19:22:52 [v4][teach] busy - previous teach move still running
19:22:52 [v4][teach] joint_jog servo2 +10 -> 470 pulse; joints=[883, 470, 5, 385, 504]; world=[-0.007, 0.195, 0.066]
19:22:53 [v4][teach] busy - previous teach move still running
19:22:53 [v4][teach] joint_jog servo2 +10 -> 480 pulse; joints=[883, 480, 5, 385, 504]; world=[-0.007, 0.199, 0.075]
19:22:53 [v4][teach] busy - previous teach move still running
19:22:53 [v4][teach] joint_jog servo2 +10 -> 490 pulse; joints=[883, 490, 5, 385, 504]; world=[-0.007, 0.202, 0.083]
19:22:53 [v4][teach] busy - previous teach move still running
19:22:53 [v4][teach] joint_jog servo2 +10 -> 500 pulse; joints=[883, 500, 5, 385, 504]; world=[-0.007, 0.205, 0.092]
19:22:54 [v4][teach] busy - previous teach move still running
19:22:54 [v4][teach] joint_jog servo2 +10 -> 510 pulse; joints=[883, 510, 5, 385, 504]; world=[-0.007, 0.208, 0.1]
19:22:54 [v4][teach] busy - previous teach move still running
19:22:54 [v4][teach] joint_jog servo2 +10 -> 520 pulse; joints=[883, 520, 5, 385, 504]; world=[-0.007, 0.211, 0.109]
19:22:55 [v4][teach] joint_jog servo1 -10 -> 873 pulse; joints=[873, 520, 5, 385, 504]; world=[0.002, 0.211, 0.109]
19:22:55 [v4][teach] busy - previous teach move still running
19:22:56 [v4][teach] joint_jog servo1 -10 -> 863 pulse; joints=[863, 520, 5, 385, 504]; world=[0.011, 0.211, 0.109]
19:22:56 [v4][heartbeat] enter=False sorting=False cam=LIVE ai=LIVE cam_fps=47.1 pub_fps=30.4 frames=12867 result_subs=1 roi=ok intrinsic=ok inference_age_ms=96 target=none transport=False sorting_thread=alive
19:22:57 [v4][teach] busy - previous teach move still running
19:22:57 [v4][teach] joint_jog servo1 +10 -> 873 pulse; joints=[873, 520, 5, 385, 504]; world=[0.002, 0.211, 0.109]
19:22:57 [v4][teach] joint_jog servo1 +10 -> 883 pulse; joints=[883, 520, 5, 385, 504]; world=[-0.007, 0.211, 0.109]
19:22:58 [v4][teach] busy - previous teach move still running
19:22:58 [v4][teach] joint_jog servo1 +10 -> 893 pulse; joints=[893, 520, 5, 385, 504]; world=[-0.016, 0.21, 0.109]
19:22:58 [v4][teach] busy - previous teach move still running
19:22:58 [v4][teach] joint_jog servo1 +10 -> 903 pulse; joints=[903, 520, 5, 385, 504]; world=[-0.025, 0.209, 0.109]
19:22:59 [v4][teach] busy - previous teach move still running
19:22:59 [v4][teach] joint_jog servo1 +10 -> 913 pulse; joints=[913, 520, 5, 385, 504]; world=[-0.033, 0.208, 0.109]
19:22:59 [v4][teach] joint_jog servo1 +10 -> 923 pulse; joints=[923, 520, 5, 385, 504]; world=[-0.042, 0.207, 0.109]
19:23:00 [v4][teach] joint_jog servo1 +10 -> 933 pulse; joints=[933, 520, 5, 385, 504]; world=[-0.051, 0.205, 0.109]
19:23:00 [v4][teach] busy - previous teach move still running
19:23:00 [v4][teach] busy - previous teach move still running
19:23:00 [v4][teach] joint_jog servo1 +10 -> 943 pulse; joints=[943, 520, 5, 385, 504]; world=[-0.059, 0.202, 0.109]
19:23:01 [v4][teach] joint_jog servo1 +10 -> 953 pulse; joints=[953, 520, 5, 385, 504]; world=[-0.068, 0.2, 0.109]
19:23:01 [v4][teach] joint_jog servo1 +10 -> 963 pulse; joints=[963, 520, 5, 385, 504]; world=[-0.076, 0.197, 0.109]
19:23:01 [v4][heartbeat] enter=False sorting=False cam=LIVE ai=LIVE cam_fps=50.9 pub_fps=30.3 frames=13121 result_subs=1 roi=ok intrinsic=ok inference_age_ms=121 target=none transport=False sorting_thread=alive
19:23:02 [v4][teach] joint_jog servo2 +10 -> 530 pulse; joints=[963, 530, 5, 385, 504]; world=[-0.077, 0.199, 0.118]
19:23:05 [v4][teach] joint_jog servo3 -10 -> 0 pulse; joints=[963, 530, 0, 385, 504]; world=[-0.075, 0.195, 0.113]
19:23:05 [v4][teach] joint_jog servo3 -10 -> 0 pulse; joints=[963, 530, 0, 385, 504]; world=[-0.075, 0.195, 0.113]
19:23:06 [v4][heartbeat] enter=False sorting=False cam=LIVE ai=LIVE cam_fps=48.8 pub_fps=30.4 frames=13365 result_subs=1 roi=ok intrinsic=ok inference_age_ms=80 target=none transport=False sorting_thread=alive
19:23:06 [v4][teach] busy - previous teach move still running
19:23:06 [v4][teach] joint_jog servo3 +10 -> 10 pulse; joints=[963, 530, 10, 385, 504]; world=[-0.078, 0.202, 0.123]
19:23:07 [v4][teach] joint_jog servo3 +10 -> 20 pulse; joints=[963, 530, 20, 385, 504]; world=[-0.08, 0.208, 0.133]
19:23:08 [v4][teach] joint_jog servo3 +10 -> 30 pulse; joints=[963, 530, 30, 385, 504]; world=[-0.083, 0.214, 0.143]
19:23:08 [v4][teach] joint_jog servo3 +10 -> 40 pulse; joints=[963, 530, 40, 385, 504]; world=[-0.085, 0.22, 0.153]
19:23:09 [v4][teach] joint_jog servo3 +10 -> 50 pulse; joints=[963, 530, 50, 385, 504]; world=[-0.087, 0.225, 0.164]
19:23:10 [v4][teach] joint_jog servo2 +10 -> 540 pulse; joints=[963, 540, 50, 385, 504]; world=[-0.087, 0.225, 0.174]
19:23:10 [v4][teach] joint_jog servo2 +10 -> 550 pulse; joints=[963, 550, 50, 385, 504]; world=[-0.087, 0.224, 0.184]
19:23:10 [v4][teach] joint_jog servo2 +10 -> 560 pulse; joints=[963, 560, 50, 385, 504]; world=[-0.086, 0.223, 0.194]
19:23:11 [v4][heartbeat] enter=False sorting=False cam=LIVE ai=LIVE cam_fps=46.8 pub_fps=30.2 frames=13599 result_subs=1 roi=ok intrinsic=ok inference_age_ms=74 target=none transport=False sorting_thread=alive
19:23:12 [v4][teach] busy - previous teach move still running
19:23:12 [v4][teach] joint_jog servo2 -10 -> 550 pulse; joints=[963, 550, 50, 385, 504]; world=[-0.087, 0.224, 0.184]
19:23:13 [v4][teach] busy - previous teach move still running
19:23:13 [v4][teach] joint_jog servo2 -10 -> 540 pulse; joints=[963, 540, 50, 385, 504]; world=[-0.087, 0.225, 0.174]
19:23:13 [v4][teach] busy - previous teach move still running
19:23:13 [v4][teach] joint_jog servo2 -10 -> 530 pulse; joints=[963, 530, 50, 385, 504]; world=[-0.087, 0.225, 0.164]
19:23:14 [v4][teach] joint_jog servo2 -10 -> 520 pulse; joints=[963, 520, 50, 385, 504]; world=[-0.087, 0.225, 0.154]
19:23:14 [v4][teach] busy - previous teach move still running
19:23:14 [v4][teach] joint_jog servo2 -10 -> 510 pulse; joints=[963, 510, 50, 385, 504]; world=[-0.087, 0.224, 0.144]
19:23:14 [v4][teach] joint_jog servo2 -10 -> 500 pulse; joints=[963, 500, 50, 385, 504]; world=[-0.086, 0.223, 0.134]
19:23:15 [v4][teach] busy - previous teach move still running
19:23:15 [v4][teach] joint_jog servo2 -10 -> 490 pulse; joints=[963, 490, 50, 385, 504]; world=[-0.086, 0.222, 0.124]
19:23:15 [v4][teach] busy - previous teach move still running
19:23:15 [v4][teach] joint_jog servo2 -10 -> 480 pulse; joints=[963, 480, 50, 385, 504]; world=[-0.085, 0.22, 0.114]
19:23:16 [v4][teach] joint_jog servo2 -10 -> 470 pulse; joints=[963, 470, 50, 385, 504]; world=[-0.084, 0.218, 0.104]
19:23:16 [v4][heartbeat] enter=False sorting=False cam=LIVE ai=LIVE cam_fps=47.4 pub_fps=30.4 frames=13836 result_subs=1 roi=ok intrinsic=ok inference_age_ms=100 target=none transport=False sorting_thread=alive
19:23:16 [v4][teach] busy - previous teach move still running
19:23:16 [v4][teach] joint_jog servo2 -10 -> 460 pulse; joints=[963, 460, 50, 385, 504]; world=[-0.083, 0.216, 0.094]
19:23:20 [v4][teach] joint_jog servo4 -10 -> 375 pulse; joints=[963, 460, 50, 375, 504]; world=[-0.081, 0.21, 0.09]
19:23:21 [v4][teach] busy - previous teach move still running
19:23:21 [v4][teach] joint_jog servo4 -10 -> 365 pulse; joints=[963, 460, 50, 365, 504]; world=[-0.079, 0.205, 0.087]
19:23:21 [v4][heartbeat] enter=False sorting=False cam=LIVE ai=LIVE cam_fps=48.8 pub_fps=30.2 frames=14080 result_subs=1 roi=ok intrinsic=ok inference_age_ms=55 target=none transport=False sorting_thread=alive
19:23:21 [v4][teach] busy - previous teach move still running
19:23:22 [v4][teach] joint_jog servo4 -10 -> 355 pulse; joints=[963, 460, 50, 355, 504]; world=[-0.077, 0.199, 0.083]
19:23:22 [v4][teach] joint_jog servo4 -10 -> 345 pulse; joints=[963, 460, 50, 345, 504]; world=[-0.075, 0.193, 0.08]
19:23:23 [v4][teach] busy - previous teach move still running
19:23:23 [v4][teach] joint_jog servo4 -10 -> 335 pulse; joints=[963, 460, 50, 335, 504]; world=[-0.072, 0.187, 0.077]
19:23:23 [v4][teach] busy - previous teach move still running
19:23:23 [v4][teach] joint_jog servo4 -10 -> 325 pulse; joints=[963, 460, 50, 325, 504]; world=[-0.07, 0.181, 0.075]
19:23:24 [v4][teach] busy - previous teach move still running
19:23:24 [v4][teach] joint_jog servo4 -10 -> 315 pulse; joints=[963, 460, 50, 315, 504]; world=[-0.068, 0.175, 0.072]
19:23:24 [v4][teach] busy - previous teach move still running
19:23:24 [v4][teach] joint_jog servo4 -10 -> 305 pulse; joints=[963, 460, 50, 305, 504]; world=[-0.065, 0.169, 0.07]
19:23:25 [v4][teach] busy - previous teach move still running
19:23:25 [v4][teach] joint_jog servo4 -10 -> 295 pulse; joints=[963, 460, 50, 295, 504]; world=[-0.063, 0.163, 0.069]
19:23:25 [v4][teach] joint_jog servo4 -10 -> 285 pulse; joints=[963, 460, 50, 285, 504]; world=[-0.06, 0.156, 0.067]
19:23:25 [v4][teach] busy - previous teach move still running
19:23:26 [v4][teach] busy - previous teach move still running
19:23:26 [v4][teach] joint_jog servo4 -10 -> 275 pulse; joints=[963, 460, 50, 275, 504]; world=[-0.058, 0.15, 0.066]
19:23:26 [v4][teach] joint_jog servo4 -10 -> 265 pulse; joints=[963, 460, 50, 265, 504]; world=[-0.055, 0.143, 0.065]
19:23:26 [v4][heartbeat] enter=False sorting=False cam=LIVE ai=LIVE cam_fps=47.0 pub_fps=30.4 frames=14315 result_subs=1 roi=ok intrinsic=ok inference_age_ms=110 target=none transport=False sorting_thread=alive
19:23:26 [v4][teach] joint_jog servo4 -10 -> 255 pulse; joints=[963, 460, 50, 255, 504]; world=[-0.053, 0.137, 0.065]
19:23:27 [v4][teach] joint_jog servo3 +10 -> 60 pulse; joints=[963, 460, 60, 255, 504]; world=[-0.056, 0.146, 0.07]
19:23:28 [v4][teach] busy - previous teach move still running
19:23:28 [v4][teach] joint_jog servo3 +10 -> 70 pulse; joints=[963, 460, 70, 255, 504]; world=[-0.06, 0.154, 0.076]
19:23:28 [v4][teach] busy - previous teach move still running
19:23:28 [v4][teach] joint_jog servo3 +10 -> 80 pulse; joints=[963, 460, 80, 255, 504]; world=[-0.063, 0.162, 0.082]
19:23:29 [v4][teach] busy - previous teach move still running
19:23:29 [v4][teach] joint_jog servo3 +10 -> 90 pulse; joints=[963, 460, 90, 255, 504]; world=[-0.066, 0.17, 0.089]
19:23:29 [v4][teach] busy - previous teach move still running
19:23:29 [v4][teach] joint_jog servo3 +10 -> 100 pulse; joints=[963, 460, 100, 255, 504]; world=[-0.069, 0.178, 0.096]
19:23:29 [v4][teach] busy - previous teach move still running
19:23:29 [v4][teach] joint_jog servo3 +10 -> 110 pulse; joints=[963, 460, 110, 255, 504]; world=[-0.072, 0.186, 0.103]
19:23:30 [v4][teach] busy - previous teach move still running
19:23:30 [v4][teach] joint_jog servo2 +10 -> 470 pulse; joints=[963, 470, 110, 255, 504]; world=[-0.073, 0.188, 0.111]
19:23:31 [v4][teach] busy - previous teach move still running
19:23:31 [v4][teach] joint_jog servo2 +10 -> 480 pulse; joints=[963, 480, 110, 255, 504]; world=[-0.073, 0.19, 0.12]
19:23:31 [v4][teach] joint_jog servo2 +10 -> 490 pulse; joints=[963, 490, 110, 255, 504]; world=[-0.074, 0.191, 0.128]
19:23:31 [v4][heartbeat] enter=False sorting=False cam=LIVE ai=LIVE cam_fps=45.3 pub_fps=30.2 frames=14541 result_subs=1 roi=ok intrinsic=ok inference_age_ms=80 target=none transport=False sorting_thread=alive
19:23:32 [v4][teach] busy - previous teach move still running
19:23:32 [v4][teach] joint_jog servo2 -10 -> 480 pulse; joints=[963, 480, 110, 255, 504]; world=[-0.073, 0.19, 0.12]
19:23:33 [v4][teach] joint_jog servo2 -10 -> 470 pulse; joints=[963, 470, 110, 255, 504]; world=[-0.073, 0.188, 0.111]
19:23:33 [v4][teach] busy - previous teach move still running
19:23:33 [v4][teach] joint_jog servo2 -10 -> 460 pulse; joints=[963, 460, 110, 255, 504]; world=[-0.072, 0.186, 0.103]
19:23:36 [v4][teach] busy - previous teach move still running
19:23:36 [v4][teach] joint_jog servo4 +10 -> 265 pulse; joints=[963, 460, 110, 265, 504]; world=[-0.074, 0.192, 0.105]
19:23:36 [v4][heartbeat] enter=False sorting=False cam=LIVE ai=LIVE cam_fps=48.2 pub_fps=30.4 frames=14782 result_subs=1 roi=ok intrinsic=ok inference_age_ms=85 target=none transport=False sorting_thread=alive
19:23:37 [v4][teach] joint_jog servo4 +10 -> 275 pulse; joints=[963, 460, 110, 275, 504]; world=[-0.076, 0.198, 0.108]
19:23:37 [v4][teach] joint_jog servo4 +10 -> 285 pulse; joints=[963, 460, 110, 285, 504]; world=[-0.079, 0.204, 0.111]
19:23:37 [v4][teach] joint_jog servo4 +10 -> 295 pulse; joints=[963, 460, 110, 295, 504]; world=[-0.081, 0.21, 0.114]
19:23:39 [v4][teach] busy - previous teach move still running
19:23:39 [v4][teach] joint_jog servo4 -10 -> 285 pulse; joints=[963, 460, 110, 285, 504]; world=[-0.079, 0.204, 0.111]
19:23:39 [v4][teach] busy - previous teach move still running
19:23:39 [v4][teach] joint_jog servo4 -10 -> 275 pulse; joints=[963, 460, 110, 275, 504]; world=[-0.076, 0.198, 0.108]
19:23:40 [v4][teach] joint_jog servo4 -10 -> 265 pulse; joints=[963, 460, 110, 265, 504]; world=[-0.074, 0.192, 0.105]
19:23:40 [v4][teach] joint_jog servo3 +10 -> 120 pulse; joints=[963, 460, 120, 265, 504]; world=[-0.077, 0.199, 0.113]
19:23:40 [v4][teach] joint_jog servo3 +10 -> 130 pulse; joints=[963, 460, 130, 265, 504]; world=[-0.079, 0.206, 0.121]
19:23:41 [v4][heartbeat] enter=False sorting=False cam=LIVE ai=LIVE cam_fps=51.6 pub_fps=30.2 frames=15040 result_subs=1 roi=ok intrinsic=ok inference_age_ms=103 target=none transport=False sorting_thread=alive
19:23:41 [v4][teach] busy - previous teach move still running
19:23:41 [v4][teach] joint_jog servo2 +10 -> 470 pulse; joints=[963, 470, 130, 265, 504]; world=[-0.08, 0.207, 0.131]
19:23:42 [v4][teach] joint_jog servo2 +10 -> 480 pulse; joints=[963, 480, 130, 265, 504]; world=[-0.08, 0.208, 0.14]
19:23:42 [v4][teach] joint_jog servo2 +10 -> 490 pulse; joints=[963, 490, 130, 265, 504]; world=[-0.081, 0.209, 0.149]
19:23:43 [v4][teach] joint_jog servo2 +10 -> 500 pulse; joints=[963, 500, 130, 265, 504]; world=[-0.081, 0.209, 0.159]
19:23:44 [v4][teach] busy - previous teach move still running
19:23:44 [v4][teach] joint_jog servo2 -10 -> 490 pulse; joints=[963, 490, 130, 265, 504]; world=[-0.081, 0.209, 0.149]
19:23:44 [v4][teach] busy - previous teach move still running
19:23:44 [v4][teach] joint_jog servo2 -10 -> 480 pulse; joints=[963, 480, 130, 265, 504]; world=[-0.08, 0.208, 0.14]
19:23:45 [v4][teach] joint_jog servo2 -10 -> 470 pulse; joints=[963, 470, 130, 265, 504]; world=[-0.08, 0.207, 0.131]
19:23:45 [v4][teach] busy - previous teach move still running
19:23:45 [v4][teach] joint_jog servo2 -10 -> 460 pulse; joints=[963, 460, 130, 265, 504]; world=[-0.079, 0.206, 0.121]
19:23:46 [v4][teach] busy - previous teach move still running
19:23:46 [v4][teach] joint_jog servo2 -10 -> 450 pulse; joints=[963, 450, 130, 265, 504]; world=[-0.079, 0.204, 0.112]
19:23:46 [v4][heartbeat] enter=False sorting=False cam=LIVE ai=LIVE cam_fps=48.6 pub_fps=30.4 frames=15283 result_subs=1 roi=ok intrinsic=ok inference_age_ms=137 target=none transport=False sorting_thread=alive
19:23:46 [v4][teach] busy - previous teach move still running
19:23:46 [v4][teach] joint_jog servo2 -10 -> 440 pulse; joints=[963, 440, 130, 265, 504]; world=[-0.078, 0.202, 0.103]
19:23:47 [v4][teach] busy - previous teach move still running
19:23:47 [v4][teach] joint_jog servo2 -10 -> 430 pulse; joints=[963, 430, 130, 265, 504]; world=[-0.077, 0.199, 0.094]
19:23:47 [v4][teach] busy - previous teach move still running
19:23:47 [v4][teach] joint_jog servo2 -10 -> 420 pulse; joints=[963, 420, 130, 265, 504]; world=[-0.076, 0.196, 0.085]
19:23:48 [v4][teach] busy - previous teach move still running
19:23:48 [v4][teach] joint_jog servo2 -10 -> 410 pulse; joints=[963, 410, 130, 265, 504]; world=[-0.075, 0.193, 0.076]
19:23:48 [v4][teach] joint_jog servo2 -10 -> 400 pulse; joints=[963, 400, 130, 265, 504]; world=[-0.073, 0.189, 0.068]
19:23:49 [v4][teach] joint_jog servo2 -10 -> 390 pulse; joints=[963, 390, 130, 265, 504]; world=[-0.072, 0.186, 0.059]
19:23:51 [v4][teach] joint_jog servo3 +10 -> 140 pulse; joints=[963, 390, 140, 265, 504]; world=[-0.075, 0.194, 0.065]
19:23:51 [v4][heartbeat] enter=False sorting=False cam=LIVE ai=LIVE cam_fps=47.2 pub_fps=30.2 frames=15519 result_subs=1 roi=ok intrinsic=ok inference_age_ms=81 target=none transport=False sorting_thread=alive
19:23:51 [v4][teach] joint_jog servo3 +10 -> 150 pulse; joints=[963, 390, 150, 265, 504]; world=[-0.078, 0.202, 0.072]
19:23:52 [v4][teach] joint_jog servo3 +10 -> 160 pulse; joints=[963, 390, 160, 265, 504]; world=[-0.081, 0.21, 0.079]
19:23:53 [v4][teach] joint_jog servo3 +10 -> 170 pulse; joints=[963, 390, 170, 265, 504]; world=[-0.084, 0.218, 0.086]
19:23:55 [v4][teach] busy - previous teach move still running
19:23:55 [v4][teach] joint_jog servo4 -10 -> 255 pulse; joints=[963, 390, 170, 255, 504]; world=[-0.082, 0.212, 0.084]
19:23:56 [v4][teach] busy - previous teach move still running
19:23:56 [v4][teach] joint_jog servo4 -10 -> 245 pulse; joints=[963, 390, 170, 245, 504]; world=[-0.079, 0.205, 0.082]
19:23:56 [v4][heartbeat] enter=False sorting=False cam=LIVE ai=LIVE cam_fps=49.8 pub_fps=30.4 frames=15768 result_subs=1 roi=ok intrinsic=ok inference_age_ms=110 target=none transport=False sorting_thread=alive
19:23:56 [v4][teach] busy - previous teach move still running
19:23:57 [v4][teach] joint_jog servo4 -10 -> 235 pulse; joints=[963, 390, 170, 235, 504]; world=[-0.077, 0.199, 0.081]
19:23:57 [v4][teach] busy - previous teach move still running
19:23:57 [v4][teach] joint_jog servo4 -10 -> 225 pulse; joints=[963, 390, 170, 225, 504]; world=[-0.074, 0.193, 0.08]
19:23:58 [v4][teach] joint_jog servo4 -10 -> 215 pulse; joints=[963, 390, 170, 215, 504]; world=[-0.072, 0.186, 0.079]
19:23:59 [v4][teach] joint_jog servo2 +10 -> 400 pulse; joints=[963, 400, 170, 215, 504]; world=[-0.073, 0.189, 0.087]
19:24:00 [v4][teach] joint_jog servo2 +10 -> 410 pulse; joints=[963, 410, 170, 215, 504]; world=[-0.074, 0.192, 0.096]
19:24:01 [v4][teach] joint_jog servo2 -10 -> 400 pulse; joints=[963, 400, 170, 215, 504]; world=[-0.073, 0.189, 0.087]
19:24:01 [v4][heartbeat] enter=False sorting=False cam=LIVE ai=LIVE cam_fps=47.0 pub_fps=30.2 frames=16003 result_subs=1 roi=ok intrinsic=ok inference_age_ms=57 target=none transport=False sorting_thread=alive
19:24:01 [v4][teach] joint_jog servo2 -10 -> 390 pulse; joints=[963, 390, 170, 215, 504]; world=[-0.072, 0.186, 0.079]
19:24:02 [v4][teach] joint_jog servo2 -10 -> 380 pulse; joints=[963, 380, 170, 215, 504]; world=[-0.071, 0.183, 0.07]
19:24:06 [v4][heartbeat] enter=False sorting=False cam=LIVE ai=LIVE cam_fps=51.2 pub_fps=30.4 frames=16259 result_subs=1 roi=ok intrinsic=ok inference_age_ms=87 target=none transport=False sorting_thread=alive
19:24:09 [v4][teach] joint_jog servo3 +10 -> 180 pulse; joints=[963, 380, 180, 215, 504]; world=[-0.074, 0.191, 0.076]
19:24:09 [v4][teach] joint_jog servo3 +10 -> 190 pulse; joints=[963, 380, 190, 215, 504]; world=[-0.077, 0.198, 0.082]
19:24:10 [v4][teach] joint_jog servo3 +10 -> 200 pulse; joints=[963, 380, 200, 215, 504]; world=[-0.08, 0.206, 0.089]
19:24:10 [v4][teach] joint_jog servo3 +10 -> 210 pulse; joints=[963, 380, 210, 215, 504]; world=[-0.082, 0.213, 0.096]
19:24:11 [v4][teach] joint_jog servo3 +10 -> 220 pulse; joints=[963, 380, 220, 215, 504]; world=[-0.085, 0.22, 0.103]
19:24:11 [v4][teach] joint_jog servo3 +10 -> 230 pulse; joints=[963, 380, 230, 215, 504]; world=[-0.088, 0.227, 0.11]
19:24:11 [v4][heartbeat] enter=False sorting=False cam=LIVE ai=LIVE cam_fps=46.0 pub_fps=30.4 frames=16489 result_subs=1 roi=ok intrinsic=ok inference_age_ms=123 target=none transport=False sorting_thread=alive
19:24:12 [v4][teach] joint_jog servo3 +10 -> 240 pulse; joints=[963, 380, 240, 215, 504]; world=[-0.09, 0.233, 0.118]
19:24:13 [v4][teach] joint_jog servo2 +10 -> 390 pulse; joints=[963, 390, 240, 215, 504]; world=[-0.091, 0.235, 0.128]
19:24:14 [v4][teach] joint_jog servo2 +10 -> 400 pulse; joints=[963, 400, 240, 215, 504]; world=[-0.091, 0.236, 0.139]
19:24:14 [v4][teach] joint_jog servo2 +10 -> 410 pulse; joints=[963, 410, 240, 215, 504]; world=[-0.091, 0.236, 0.149]
19:24:16 [v4][heartbeat] enter=False sorting=False cam=LIVE ai=LIVE cam_fps=48.3 pub_fps=30.2 frames=16730 result_subs=1 roi=ok intrinsic=ok inference_age_ms=66 target=none transport=False sorting_thread=alive
19:24:17 [v4][teach] busy - previous teach move still running
19:24:17 [v4][teach] joint_jog servo2 -10 -> 400 pulse; joints=[963, 400, 240, 215, 504]; world=[-0.091, 0.236, 0.139]
19:24:17 [v4][teach] busy - previous teach move still running
19:24:17 [v4][teach] joint_jog servo2 -10 -> 390 pulse; joints=[963, 390, 240, 215, 504]; world=[-0.091, 0.235, 0.128]
19:24:18 [v4][teach] busy - previous teach move still running
19:24:18 [v4][teach] joint_jog servo2 -10 -> 380 pulse; joints=[963, 380, 240, 215, 504]; world=[-0.09, 0.233, 0.118]
19:24:18 [v4][teach] busy - previous teach move still running
19:24:18 [v4][teach] joint_jog servo2 -10 -> 370 pulse; joints=[963, 370, 240, 215, 504]; world=[-0.089, 0.231, 0.107]
19:24:19 [v4][teach] busy - previous teach move still running
19:24:19 [v4][teach] joint_jog servo2 -10 -> 360 pulse; joints=[963, 360, 240, 215, 504]; world=[-0.088, 0.229, 0.097]
19:24:19 [v4][teach] joint_jog servo2 -10 -> 350 pulse; joints=[963, 350, 240, 215, 504]; world=[-0.087, 0.226, 0.087]
19:24:20 [v4][teach] joint_jog servo2 -10 -> 340 pulse; joints=[963, 340, 240, 215, 504]; world=[-0.086, 0.223, 0.077]
19:24:21 [v4][heartbeat] enter=False sorting=False cam=LIVE ai=LIVE cam_fps=50.8 pub_fps=30.4 frames=16984 result_subs=1 roi=ok intrinsic=ok inference_age_ms=87 target=none transport=False sorting_thread=alive
19:24:21 [v4][teach] joint_jog servo2 -10 -> 330 pulse; joints=[963, 330, 240, 215, 504]; world=[-0.085, 0.219, 0.067]
19:24:22 [v4][teach] joint_jog servo5 -10 -> 494 pulse; joints=[963, 330, 240, 215, 494]; world=[-0.085, 0.219, 0.067]
19:24:23 [v4][teach] busy - previous teach move still running
19:24:23 [v4][teach] joint_jog servo5 -10 -> 484 pulse; joints=[963, 330, 240, 215, 484]; world=[-0.085, 0.219, 0.067]
19:24:23 [v4][teach] joint_jog servo5 -10 -> 474 pulse; joints=[963, 330, 240, 215, 474]; world=[-0.085, 0.219, 0.067]
19:24:24 [v4][teach] joint_jog servo5 -10 -> 464 pulse; joints=[963, 330, 240, 215, 464]; world=[-0.085, 0.219, 0.067]
19:24:25 [v4][teach] joint_jog servo5 -10 -> 454 pulse; joints=[963, 330, 240, 215, 454]; world=[-0.085, 0.219, 0.067]
19:24:25 [v4][teach] busy - previous teach move still running
19:24:25 [v4][teach] joint_jog servo5 +10 -> 464 pulse; joints=[963, 330, 240, 215, 464]; world=[-0.085, 0.219, 0.067]
19:24:26 [v4][teach] busy - previous teach move still running
19:24:26 [v4][teach] joint_jog servo5 +10 -> 474 pulse; joints=[963, 330, 240, 215, 474]; world=[-0.085, 0.219, 0.067]
19:24:26 [v4][heartbeat] enter=False sorting=False cam=LIVE ai=LIVE cam_fps=45.0 pub_fps=30.2 frames=17209 result_subs=1 roi=ok intrinsic=ok inference_age_ms=97 target=none transport=False sorting_thread=alive
19:24:26 [v4][teach] busy - previous teach move still running
19:24:26 [v4][teach] joint_jog servo5 +10 -> 484 pulse; joints=[963, 330, 240, 215, 484]; world=[-0.085, 0.219, 0.067]
19:24:27 [v4][teach] busy - previous teach move still running
19:24:27 [v4][teach] joint_jog servo5 +10 -> 494 pulse; joints=[963, 330, 240, 215, 494]; world=[-0.085, 0.219, 0.067]
19:24:27 [v4][teach] busy - previous teach move still running
19:24:27 [v4][teach] joint_jog servo5 +10 -> 504 pulse; joints=[963, 330, 240, 215, 504]; world=[-0.085, 0.219, 0.067]
19:24:28 [v4][teach] busy - previous teach move still running
19:24:28 [v4][teach] joint_jog servo5 +10 -> 514 pulse; joints=[963, 330, 240, 215, 514]; world=[-0.085, 0.219, 0.067]
19:24:28 [v4][teach] busy - previous teach move still running
19:24:28 [v4][teach] joint_jog servo5 +10 -> 524 pulse; joints=[963, 330, 240, 215, 524]; world=[-0.085, 0.219, 0.067]
19:24:29 [v4][teach] busy - previous teach move still running
19:24:29 [v4][teach] joint_jog servo5 +10 -> 534 pulse; joints=[963, 330, 240, 215, 534]; world=[-0.085, 0.219, 0.067]
19:24:29 [v4][teach] joint_jog servo5 +10 -> 544 pulse; joints=[963, 330, 240, 215, 544]; world=[-0.085, 0.219, 0.067]
19:24:29 [v4][teach] joint_jog servo5 +10 -> 554 pulse; joints=[963, 330, 240, 215, 554]; world=[-0.085, 0.219, 0.067]
19:24:31 [v4][heartbeat] enter=False sorting=False cam=LIVE ai=LIVE cam_fps=48.3 pub_fps=30.2 frames=17451 result_subs=1 roi=ok intrinsic=ok inference_age_ms=73 target=none transport=False sorting_thread=alive
19:24:36 [v4][heartbeat] enter=False sorting=False cam=LIVE ai=LIVE cam_fps=46.6 pub_fps=30.4 frames=17684 result_subs=1 roi=ok intrinsic=ok inference_age_ms=110 target=none transport=False sorting_thread=alive
19:24:37 [v4][teach] joint_jog servo5 -10 -> 544 pulse; joints=[963, 330, 240, 215, 544]; world=[-0.085, 0.219, 0.067]
19:24:38 [v4][teach] joint_jog servo2 +10 -> 340 pulse; joints=[963, 340, 240, 215, 544]; world=[-0.086, 0.223, 0.077]
19:24:39 [v4][teach] joint_jog servo2 +10 -> 350 pulse; joints=[963, 350, 240, 215, 544]; world=[-0.087, 0.226, 0.087]
19:24:41 [v4][heartbeat] enter=False sorting=False cam=LIVE ai=LIVE cam_fps=44.8 pub_fps=30.2 frames=17908 result_subs=1 roi=ok intrinsic=ok inference_age_ms=68 target=none transport=False sorting_thread=alive
19:24:41 [v4][teach] busy - previous teach move still running
19:24:41 [v4][teach] joint_jog servo5 -10 -> 534 pulse; joints=[963, 350, 240, 215, 534]; world=[-0.087, 0.226, 0.087]
19:24:42 [v4][teach] busy - previous teach move still running
19:24:42 [v4][teach] joint_jog servo5 +10 -> 544 pulse; joints=[963, 350, 240, 215, 544]; world=[-0.087, 0.226, 0.087]
19:24:42 [v4][teach] busy - previous teach move still running
19:24:42 [v4][teach] joint_jog servo5 +10 -> 554 pulse; joints=[963, 350, 240, 215, 554]; world=[-0.087, 0.226, 0.087]
19:24:43 [v4][teach] joint_jog servo5 +10 -> 564 pulse; joints=[963, 350, 240, 215, 564]; world=[-0.087, 0.226, 0.087]
19:24:43 [v4][teach] joint_jog servo5 +10 -> 574 pulse; joints=[963, 350, 240, 215, 574]; world=[-0.087, 0.226, 0.087]
19:24:45 [v4][teach] joint_jog servo2 +10 -> 360 pulse; joints=[963, 360, 240, 215, 574]; world=[-0.088, 0.229, 0.097]
19:24:46 [v4][teach] joint_jog servo2 +10 -> 370 pulse; joints=[963, 370, 240, 215, 574]; world=[-0.089, 0.231, 0.107]
19:24:46 [v4][heartbeat] enter=False sorting=False cam=LIVE ai=LIVE cam_fps=48.0 pub_fps=30.4 frames=18148 result_subs=1 roi=ok intrinsic=ok inference_age_ms=86 target=none transport=False sorting_thread=alive
19:24:46 [v4][teach] joint_jog servo2 -10 -> 360 pulse; joints=[963, 360, 240, 215, 574]; world=[-0.088, 0.229, 0.097]
19:24:47 [v4][teach] joint_jog servo2 -10 -> 350 pulse; joints=[963, 350, 240, 215, 574]; world=[-0.087, 0.226, 0.087]
19:24:47 [v4][teach] joint_jog servo2 -10 -> 340 pulse; joints=[963, 340, 240, 215, 574]; world=[-0.086, 0.223, 0.077]
19:24:48 [v4][teach] joint_jog servo2 -10 -> 330 pulse; joints=[963, 330, 240, 215, 574]; world=[-0.085, 0.219, 0.067]
19:24:51 [v4][heartbeat] enter=False sorting=False cam=LIVE ai=LIVE cam_fps=44.8 pub_fps=30.4 frames=18372 result_subs=1 roi=ok intrinsic=ok inference_age_ms=112 target=none transport=False sorting_thread=alive
19:24:52 [v4][teach] joint_jog servo2 +10 -> 340 pulse; joints=[963, 340, 240, 215, 574]; world=[-0.086, 0.223, 0.077]
19:24:55 [v4][teach] joint_jog servo2 +10 -> 350 pulse; joints=[963, 350, 240, 215, 574]; world=[-0.087, 0.226, 0.087]
19:24:56 [v4][heartbeat] enter=False sorting=False cam=LIVE ai=LIVE cam_fps=48.2 pub_fps=30.2 frames=18613 result_subs=1 roi=ok intrinsic=ok inference_age_ms=156 target=none transport=False sorting_thread=alive
19:25:01 [v4][heartbeat] enter=False sorting=False cam=LIVE ai=LIVE cam_fps=48.2 pub_fps=30.2 frames=18854 result_subs=1 roi=ok intrinsic=ok inference_age_ms=81 target=none transport=False sorting_thread=alive
19:25:03 [v4][teach] read[live] joints=[958, 342, 233, 216, 572]; world=[-0.08, 0.221, 0.074]
19:25:06 [v4][heartbeat] enter=False sorting=False cam=LIVE ai=LIVE cam_fps=43.5 pub_fps=30.4 frames=19072 result_subs=1 roi=ok intrinsic=ok inference_age_ms=110 target=none transport=False sorting_thread=alive
19:25:11 [v4][heartbeat] enter=False sorting=False cam=LIVE ai=LIVE cam_fps=43.6 pub_fps=30.4 frames=19290 result_subs=1 roi=ok intrinsic=ok inference_age_ms=50 target=none transport=False sorting_thread=alive
19:25:13 [v4][svc] merged ['place_positions'] into /home/ubuntu/jetarm_v5_profiles/default.yaml
19:25:13 [v4][teach] SAVE dark blue cube = [-0.0805, 0.222, 0.0756, 'taught', [958, 342, 235, 216, 572]] (src=live, persist=True)
19:25:16 [v4][heartbeat] enter=False sorting=False cam=LIVE ai=LIVE cam_fps=40.2 pub_fps=30.2 frames=19491 result_subs=1 roi=ok intrinsic=ok inference_age_ms=65 target=none transport=False sorting_thread=alive
19:25:21 [v4][heartbeat] enter=False sorting=False cam=LIVE ai=LIVE cam_fps=43.0 pub_fps=30.4 frames=19706 result_subs=1 roi=ok intrinsic=ok inference_age_ms=93 target=none transport=False sorting_thread=alive
19:25:24 [v4][svc] merged ['place_positions'] into /home/ubuntu/jetarm_v5_profiles/default.yaml
19:25:24 [v4][teach] SAVE light blue cube = [-0.0807, 0.2228, 0.0763, 'taught', [958, 342, 236, 216, 572]] (src=live, persist=True)
19:25:26 [v4][heartbeat] enter=False sorting=False cam=LIVE ai=LIVE cam_fps=37.4 pub_fps=30.2 frames=19893 result_subs=1 roi=ok intrinsic=ok inference_age_ms=87 target=none transport=False sorting_thread=alive
19:25:31 [v4][heartbeat] enter=False sorting=False cam=LIVE ai=LIVE cam_fps=41.2 pub_fps=30.4 frames=20099 result_subs=1 roi=ok intrinsic=ok inference_age_ms=114 target=none transport=False sorting_thread=alive
19:25:36 [v4][heartbeat] enter=False sorting=False cam=LIVE ai=LIVE cam_fps=41.8 pub_fps=30.2 frames=20308 result_subs=1 roi=ok intrinsic=ok inference_age_ms=57 target=none transport=False sorting_thread=alive
19:25:41 [v4][heartbeat] enter=False sorting=False cam=LIVE ai=LIVE cam_fps=40.8 pub_fps=30.4 frames=20512 result_subs=1 roi=ok intrinsic=ok inference_age_ms=97 target=none transport=False sorting_thread=alive
19:25:46 [v4][heartbeat] enter=False sorting=False cam=LIVE ai=LIVE cam_fps=45.0 pub_fps=30.2 frames=20737 result_subs=1 roi=ok intrinsic=ok inference_age_ms=104 target=none transport=False sorting_thread=alive
19:25:51 [v4][heartbeat] enter=False sorting=False cam=LIVE ai=LIVE cam_fps=44.5 pub_fps=30.4 frames=20960 result_subs=1 roi=ok intrinsic=ok inference_age_ms=99 target=none transport=False sorting_thread=alive
19:25:56 [v4][heartbeat] enter=False sorting=False cam=LIVE ai=LIVE cam_fps=47.2 pub_fps=30.2 frames=21196 result_subs=1 roi=ok intrinsic=ok inference_age_ms=100 target=none transport=False sorting_thread=alive
19:26:01 [v4][heartbeat] enter=False sorting=False cam=LIVE ai=LIVE cam_fps=45.9 pub_fps=30.3 frames=21426 result_subs=1 roi=ok intrinsic=ok inference_age_ms=92 target=none transport=False sorting_thread=alive
19:26:06 [v4][heartbeat] enter=False sorting=False cam=LIVE ai=LIVE cam_fps=45.5 pub_fps=30.3 frames=21653 result_subs=1 roi=ok intrinsic=ok inference_age_ms=73 target=none transport=False sorting_thread=alive
19:26:11 [v4][heartbeat] enter=False sorting=False cam=LIVE ai=LIVE cam_fps=43.2 pub_fps=30.4 frames=21869 result_subs=1 roi=ok intrinsic=ok inference_age_ms=70 target=none transport=False sorting_thread=alive
19:26:16 [v4][heartbeat] enter=False sorting=False cam=LIVE ai=LIVE cam_fps=45.0 pub_fps=30.2 frames=22094 result_subs=1 roi=ok intrinsic=ok inference_age_ms=105 target=none transport=False sorting_thread=alive
19:26:21 [v4][heartbeat] enter=False sorting=False cam=LIVE ai=LIVE cam_fps=44.4 pub_fps=30.4 frames=22316 result_subs=1 roi=ok intrinsic=ok inference_age_ms=116 target=none transport=False sorting_thread=alive
19:26:26 [v4][heartbeat] enter=False sorting=False cam=LIVE ai=LIVE cam_fps=45.2 pub_fps=30.2 frames=22542 result_subs=1 roi=ok intrinsic=ok inference_age_ms=52 target=none transport=False sorting_thread=alive
19:26:31 [v4][heartbeat] enter=False sorting=False cam=LIVE ai=LIVE cam_fps=43.4 pub_fps=30.4 frames=22759 result_subs=1 roi=ok intrinsic=ok inference_age_ms=133 target=none transport=False sorting_thread=alive
19:26:36 [v4][heartbeat] enter=False sorting=False cam=LIVE ai=LIVE cam_fps=42.2 pub_fps=30.2 frames=22970 result_subs=1 roi=ok intrinsic=ok inference_age_ms=157 target=none transport=False sorting_thread=alive
19:26:41 [v4][heartbeat] enter=False sorting=False cam=LIVE ai=LIVE cam_fps=43.6 pub_fps=30.4 frames=23188 result_subs=1 roi=ok intrinsic=ok inference_age_ms=113 target=none transport=False sorting_thread=alive
19:26:46 [v4][heartbeat] enter=False sorting=False cam=LIVE ai=LIVE cam_fps=39.8 pub_fps=30.2 frames=23387 result_subs=1 roi=ok intrinsic=ok inference_age_ms=103 target=none transport=False sorting_thread=alive
19:26:51 [v4][heartbeat] enter=False sorting=False cam=LIVE ai=LIVE cam_fps=46.0 pub_fps=30.4 frames=23617 result_subs=1 roi=ok intrinsic=ok inference_age_ms=92 target=none transport=False sorting_thread=alive
19:26:56 [v4][heartbeat] enter=False sorting=False cam=LIVE ai=LIVE cam_fps=45.8 pub_fps=30.2 frames=23846 result_subs=1 roi=ok intrinsic=ok inference_age_ms=146 target=none transport=False sorting_thread=alive
19:27:01 [v4][heartbeat] enter=False sorting=False cam=LIVE ai=LIVE cam_fps=44.4 pub_fps=30.4 frames=24068 result_subs=1 roi=ok intrinsic=ok inference_age_ms=162 target=none transport=False sorting_thread=alive
19:27:06 [v4][heartbeat] enter=False sorting=False cam=LIVE ai=LIVE cam_fps=44.2 pub_fps=30.4 frames=24289 result_subs=1 roi=ok intrinsic=ok inference_age_ms=77 target=none transport=False sorting_thread=alive
19:27:11 [v4][heartbeat] enter=False sorting=False cam=LIVE ai=LIVE cam_fps=37.2 pub_fps=30.2 frames=24475 result_subs=1 roi=ok intrinsic=ok inference_age_ms=127 target=none transport=False sorting_thread=alive
19:27:16 [v4][heartbeat] enter=False sorting=False cam=LIVE ai=LIVE cam_fps=44.1 pub_fps=30.3 frames=24696 result_subs=1 roi=ok intrinsic=ok inference_age_ms=121 target=none transport=False sorting_thread=alive
19:27:21 [v4][heartbeat] enter=False sorting=False cam=LIVE ai=LIVE cam_fps=39.1 pub_fps=30.3 frames=24891 result_subs=1 roi=ok intrinsic=ok inference_age_ms=143 target=none transport=False sorting_thread=alive
19:27:26 [v4][heartbeat] enter=False sorting=False cam=LIVE ai=LIVE cam_fps=41.6 pub_fps=30.2 frames=25099 result_subs=1 roi=ok intrinsic=ok inference_age_ms=63 target=none transport=False sorting_thread=alive
19:27:28 [v4][teach] joint_jog servo1 -10 -> 948 pulse; joints=[948, 342, 236, 216, 572]; world=[-0.071, 0.226, 0.076]
19:27:28 [v4][teach] joint_jog servo1 -10 -> 938 pulse; joints=[938, 342, 236, 216, 572]; world=[-0.062, 0.229, 0.076]
19:27:29 [v4][teach] joint_jog servo1 -10 -> 928 pulse; joints=[928, 342, 236, 216, 572]; world=[-0.052, 0.231, 0.076]
19:27:31 [v4][teach] joint_jog servo1 -10 -> 918 pulse; joints=[918, 342, 236, 216, 572]; world=[-0.042, 0.233, 0.076]
19:27:31 [v4][heartbeat] enter=False sorting=False cam=LIVE ai=LIVE cam_fps=47.6 pub_fps=30.4 frames=25337 result_subs=1 roi=ok intrinsic=ok inference_age_ms=115 target=none transport=False sorting_thread=alive
19:27:31 [v4][teach] busy - previous teach move still running
19:27:32 [v4][teach] joint_jog servo1 -10 -> 908 pulse; joints=[908, 342, 236, 216, 572]; world=[-0.033, 0.235, 0.076]
19:27:32 [v4][teach] busy - previous teach move still running
19:27:32 [v4][teach] joint_jog servo1 -10 -> 898 pulse; joints=[898, 342, 236, 216, 572]; world=[-0.023, 0.236, 0.076]
19:27:32 [v4][teach] busy - previous teach move still running
19:27:32 [v4][teach] joint_jog servo1 -10 -> 888 pulse; joints=[888, 342, 236, 216, 572]; world=[-0.013, 0.237, 0.076]
19:27:33 [v4][teach] busy - previous teach move still running
19:27:33 [v4][teach] joint_jog servo1 -10 -> 878 pulse; joints=[878, 342, 236, 216, 572]; world=[-0.003, 0.237, 0.076]
19:27:33 [v4][teach] busy - previous teach move still running
19:27:33 [v4][teach] joint_jog servo1 -10 -> 868 pulse; joints=[868, 342, 236, 216, 572]; world=[0.007, 0.237, 0.076]
19:27:34 [v4][teach] busy - previous teach move still running
19:27:34 [v4][teach] joint_jog servo1 -10 -> 858 pulse; joints=[858, 342, 236, 216, 572]; world=[0.017, 0.236, 0.076]
19:27:34 [v4][teach] busy - previous teach move still running
19:27:34 [v4][teach] joint_jog servo1 -10 -> 848 pulse; joints=[848, 342, 236, 216, 572]; world=[0.027, 0.235, 0.076]
19:27:35 [v4][teach] busy - previous teach move still running
19:27:35 [v4][teach] joint_jog servo1 -10 -> 838 pulse; joints=[838, 342, 236, 216, 572]; world=[0.037, 0.234, 0.076]
19:27:35 [v4][teach] busy - previous teach move still running
19:27:35 [v4][teach] joint_jog servo1 -10 -> 828 pulse; joints=[828, 342, 236, 216, 572]; world=[0.046, 0.232, 0.076]
19:27:35 [v4][teach] busy - previous teach move still running
19:27:35 [v4][teach] joint_jog servo1 -10 -> 818 pulse; joints=[818, 342, 236, 216, 572]; world=[0.056, 0.23, 0.076]
19:27:36 [v4][teach] busy - previous teach move still running
19:27:36 [v4][teach] joint_jog servo1 -10 -> 808 pulse; joints=[808, 342, 236, 216, 572]; world=[0.066, 0.228, 0.076]
19:27:36 [v4][heartbeat] enter=False sorting=False cam=LIVE ai=LIVE cam_fps=43.6 pub_fps=30.4 frames=25555 result_subs=1 roi=ok intrinsic=ok inference_age_ms=86 target=none transport=False sorting_thread=alive
19:27:36 [v4][teach] busy - previous teach move still running
19:27:36 [v4][teach] joint_jog servo1 -10 -> 798 pulse; joints=[798, 342, 236, 216, 572]; world=[0.075, 0.225, 0.076]
19:27:37 [v4][teach] busy - previous teach move still running
19:27:37 [v4][teach] joint_jog servo1 -10 -> 788 pulse; joints=[788, 342, 236, 216, 572]; world=[0.084, 0.221, 0.076]
19:27:38 [v4][teach] joint_jog servo1 -10 -> 778 pulse; joints=[778, 342, 236, 216, 572]; world=[0.094, 0.218, 0.076]
19:27:41 [v4][teach] busy - previous teach move still running
19:27:41 [v4][teach] joint_jog servo2 -10 -> 332 pulse; joints=[778, 332, 236, 216, 572]; world=[0.092, 0.214, 0.066]
19:27:41 [v4][heartbeat] enter=False sorting=False cam=LIVE ai=LIVE cam_fps=42.0 pub_fps=30.2 frames=25765 result_subs=1 roi=ok intrinsic=ok inference_age_ms=120 target=none transport=False sorting_thread=alive
19:27:42 [v4][teach] joint_jog servo2 +10 -> 342 pulse; joints=[778, 342, 236, 216, 572]; world=[0.094, 0.218, 0.076]
19:27:43 [v4][teach] busy - previous teach move still running
19:27:43 [v4][teach] joint_jog servo2 +10 -> 352 pulse; joints=[778, 352, 236, 216, 572]; world=[0.095, 0.221, 0.086]
19:27:43 [v4][teach] busy - previous teach move still running
19:27:43 [v4][teach] joint_jog servo2 +10 -> 362 pulse; joints=[778, 362, 236, 216, 572]; world=[0.096, 0.224, 0.096]
19:27:44 [v4][teach] joint_jog servo2 +10 -> 372 pulse; joints=[778, 372, 236, 216, 572]; world=[0.097, 0.226, 0.107]
19:27:44 [v4][teach] joint_jog servo2 +10 -> 382 pulse; joints=[778, 382, 236, 216, 572]; world=[0.098, 0.228, 0.117]
19:27:44 [v4][teach] joint_jog servo2 +10 -> 392 pulse; joints=[778, 392, 236, 216, 572]; world=[0.099, 0.229, 0.127]
19:27:45 [v4][teach] joint_jog servo2 +10 -> 402 pulse; joints=[778, 402, 236, 216, 572]; world=[0.099, 0.231, 0.138]
19:27:46 [v4][heartbeat] enter=False sorting=False cam=LIVE ai=LIVE cam_fps=46.4 pub_fps=30.3 frames=25998 result_subs=1 roi=ok intrinsic=ok inference_age_ms=108 target=none transport=False sorting_thread=alive
19:27:47 [v4][teach] joint_jog servo3 +10 -> 246 pulse; joints=[778, 402, 246, 216, 572]; world=[0.102, 0.236, 0.146]
19:27:48 [v4][teach] busy - previous teach move still running
19:27:48 [v4][teach] joint_jog servo3 -10 -> 236 pulse; joints=[778, 402, 236, 216, 572]; world=[0.099, 0.231, 0.138]
19:27:49 [v4][teach] busy - previous teach move still running
19:27:49 [v4][teach] joint_jog servo3 -10 -> 226 pulse; joints=[778, 402, 226, 216, 572]; world=[0.097, 0.225, 0.13]
19:27:49 [v4][teach] busy - previous teach move still running
19:27:49 [v4][teach] joint_jog servo3 -10 -> 216 pulse; joints=[778, 402, 216, 216, 572]; world=[0.094, 0.219, 0.122]
19:27:50 [v4][teach] busy - previous teach move still running
19:27:50 [v4][teach] joint_jog servo3 -10 -> 206 pulse; joints=[778, 402, 206, 216, 572]; world=[0.091, 0.213, 0.114]
19:27:50 [v4][teach] busy - previous teach move still running
19:27:50 [v4][teach] joint_jog servo3 -10 -> 196 pulse; joints=[778, 402, 196, 216, 572]; world=[0.089, 0.206, 0.107]
19:27:51 [v4][teach] busy - previous teach move still running
19:27:51 [v4][teach] joint_jog servo3 -10 -> 186 pulse; joints=[778, 402, 186, 216, 572]; world=[0.086, 0.199, 0.1]
19:27:51 [v4][heartbeat] enter=False sorting=False cam=LIVE ai=LIVE cam_fps=41.3 pub_fps=30.3 frames=26204 result_subs=1 roi=ok intrinsic=ok inference_age_ms=76 target=none transport=False sorting_thread=alive
19:27:51 [v4][teach] joint_jog servo3 -10 -> 176 pulse; joints=[778, 402, 176, 216, 572]; world=[0.083, 0.192, 0.093]
19:27:52 [v4][teach] joint_jog servo3 -10 -> 166 pulse; joints=[778, 402, 166, 216, 572]; world=[0.079, 0.185, 0.086]
19:27:53 [v4][teach] busy - previous teach move still running
19:27:53 [v4][teach] joint_jog servo2 +10 -> 412 pulse; joints=[778, 412, 166, 216, 572]; world=[0.081, 0.187, 0.095]
19:27:53 [v4][teach] joint_jog servo2 +10 -> 422 pulse; joints=[778, 422, 166, 216, 572]; world=[0.082, 0.19, 0.104]
19:27:54 [v4][teach] joint_jog servo2 +10 -> 432 pulse; joints=[778, 432, 166, 216, 572]; world=[0.083, 0.192, 0.112]
19:27:55 [v4][teach] busy - previous teach move still running
19:27:55 [v4][teach] joint_jog servo3 -10 -> 156 pulse; joints=[778, 432, 156, 216, 572]; world=[0.08, 0.185, 0.105]
19:27:56 [v4][teach] joint_jog servo3 -10 -> 146 pulse; joints=[778, 432, 146, 216, 572]; world=[0.077, 0.178, 0.098]
19:27:56 [v4][teach] busy - previous teach move still running
19:27:56 [v4][heartbeat] enter=False sorting=False cam=LIVE ai=LIVE cam_fps=51.2 pub_fps=30.4 frames=26460 result_subs=1 roi=ok intrinsic=ok inference_age_ms=98 target=none transport=False sorting_thread=alive
19:27:56 [v4][teach] joint_jog servo3 -10 -> 136 pulse; joints=[778, 432, 136, 216, 572]; world=[0.073, 0.171, 0.092]
19:27:57 [v4][teach] joint_jog servo3 -10 -> 126 pulse; joints=[778, 432, 126, 216, 572]; world=[0.07, 0.163, 0.086]
19:27:57 [v4][teach] joint_jog servo3 -10 -> 116 pulse; joints=[778, 432, 116, 216, 572]; world=[0.067, 0.155, 0.08]
19:27:59 [v4][teach] busy - previous teach move still running
19:27:59 [v4][teach] joint_jog servo5 -10 -> 562 pulse; joints=[778, 432, 116, 216, 562]; world=[0.067, 0.155, 0.08]
19:28:00 [v4][teach] joint_jog servo5 -10 -> 552 pulse; joints=[778, 432, 116, 216, 552]; world=[0.067, 0.155, 0.08]
19:28:00 [v4][teach] joint_jog servo5 -10 -> 542 pulse; joints=[778, 432, 116, 216, 542]; world=[0.067, 0.155, 0.08]
19:28:00 [v4][teach] busy - previous teach move still running
19:28:01 [v4][teach] joint_jog servo5 -10 -> 532 pulse; joints=[778, 432, 116, 216, 532]; world=[0.067, 0.155, 0.08]
19:28:01 [v4][heartbeat] enter=False sorting=False cam=LIVE ai=LIVE cam_fps=44.8 pub_fps=30.2 frames=26684 result_subs=1 roi=ok intrinsic=ok inference_age_ms=29 target=none transport=False sorting_thread=alive
19:28:02 [v4][teach] joint_jog servo5 -10 -> 522 pulse; joints=[778, 432, 116, 216, 522]; world=[0.067, 0.155, 0.08]
19:28:03 [v4][teach] busy - previous teach move still running
19:28:03 [v4][teach] joint_jog servo5 -10 -> 512 pulse; joints=[778, 432, 116, 216, 512]; world=[0.067, 0.155, 0.08]
19:28:04 [v4][teach] busy - previous teach move still running
19:28:04 [v4][teach] joint_jog servo5 -10 -> 502 pulse; joints=[778, 432, 116, 216, 502]; world=[0.067, 0.155, 0.08]
19:28:05 [v4][teach] busy - previous teach move still running
19:28:05 [v4][teach] joint_jog servo5 -10 -> 492 pulse; joints=[778, 432, 116, 216, 492]; world=[0.067, 0.155, 0.08]
19:28:06 [v4][teach] busy - previous teach move still running
19:28:06 [v4][teach] joint_jog servo5 -10 -> 482 pulse; joints=[778, 432, 116, 216, 482]; world=[0.067, 0.155, 0.08]
19:28:06 [v4][teach] busy - previous teach move still running
19:28:06 [v4][teach] joint_jog servo5 -10 -> 472 pulse; joints=[778, 432, 116, 216, 472]; world=[0.067, 0.155, 0.08]
19:28:06 [v4][heartbeat] enter=False sorting=False cam=LIVE ai=LIVE cam_fps=45.6 pub_fps=30.4 frames=26912 result_subs=1 roi=ok intrinsic=ok inference_age_ms=72 target=none transport=False sorting_thread=alive
19:28:06 [v4][teach] busy - previous teach move still running
19:28:06 [v4][teach] joint_jog servo5 -10 -> 462 pulse; joints=[778, 432, 116, 216, 462]; world=[0.067, 0.155, 0.08]
19:28:07 [v4][teach] busy - previous teach move still running
19:28:07 [v4][teach] joint_jog servo5 -10 -> 452 pulse; joints=[778, 432, 116, 216, 452]; world=[0.067, 0.155, 0.08]
19:28:07 [v4][teach] busy - previous teach move still running
19:28:07 [v4][teach] joint_jog servo5 -10 -> 442 pulse; joints=[778, 432, 116, 216, 442]; world=[0.067, 0.155, 0.08]
19:28:08 [v4][teach] busy - previous teach move still running
19:28:08 [v4][teach] joint_jog servo5 -10 -> 432 pulse; joints=[778, 432, 116, 216, 432]; world=[0.067, 0.155, 0.08]
19:28:08 [v4][teach] joint_jog servo5 -10 -> 422 pulse; joints=[778, 432, 116, 216, 422]; world=[0.067, 0.155, 0.08]
19:28:09 [v4][teach] joint_jog servo5 -10 -> 412 pulse; joints=[778, 432, 116, 216, 412]; world=[0.067, 0.155, 0.08]
19:28:10 [v4][teach] joint_jog servo5 -10 -> 402 pulse; joints=[778, 432, 116, 216, 402]; world=[0.067, 0.155, 0.08]
19:28:11 [v4][heartbeat] enter=False sorting=False cam=LIVE ai=LIVE cam_fps=46.4 pub_fps=30.2 frames=27144 result_subs=1 roi=ok intrinsic=ok inference_age_ms=98 target=none transport=False sorting_thread=alive
19:28:16 [v4][heartbeat] enter=False sorting=False cam=LIVE ai=LIVE cam_fps=47.8 pub_fps=30.4 frames=27383 result_subs=1 roi=ok intrinsic=ok inference_age_ms=56 target=none transport=False sorting_thread=alive
19:28:16 [v4][teach] joint_jog servo1 -10 -> 768 pulse; joints=[768, 432, 116, 216, 402]; world=[0.073, 0.152, 0.08]
19:28:17 [v4][teach] joint_jog servo1 +10 -> 778 pulse; joints=[778, 432, 116, 216, 402]; world=[0.067, 0.155, 0.08]
19:28:18 [v4][teach] joint_jog servo1 +10 -> 788 pulse; joints=[788, 432, 116, 216, 402]; world=[0.06, 0.158, 0.08]
19:28:19 [v4][teach] joint_jog servo1 +10 -> 798 pulse; joints=[798, 432, 116, 216, 402]; world=[0.054, 0.16, 0.08]
19:28:21 [v4][heartbeat] enter=False sorting=False cam=LIVE ai=LIVE cam_fps=47.8 pub_fps=30.2 frames=27622 result_subs=1 roi=ok intrinsic=ok inference_age_ms=72 target=none transport=False sorting_thread=alive
19:28:24 [v4][teach] joint_jog servo1 +10 -> 808 pulse; joints=[808, 432, 116, 216, 402]; world=[0.047, 0.162, 0.08]
19:28:26 [v4][teach] joint_jog servo1 -10 -> 798 pulse; joints=[798, 432, 116, 216, 402]; world=[0.054, 0.16, 0.08]
19:28:26 [v4][heartbeat] enter=False sorting=False cam=LIVE ai=LIVE cam_fps=47.5 pub_fps=30.3 frames=27860 result_subs=1 roi=ok intrinsic=ok inference_age_ms=75 target=none transport=False sorting_thread=alive
19:28:28 [v4][teach] joint_jog servo1 -10 -> 788 pulse; joints=[788, 432, 116, 216, 402]; world=[0.06, 0.158, 0.08]
19:28:31 [v4][heartbeat] enter=False sorting=False cam=LIVE ai=LIVE cam_fps=45.0 pub_fps=30.3 frames=28084 result_subs=1 roi=ok intrinsic=ok inference_age_ms=32 target=none transport=False sorting_thread=alive
19:28:36 [v4][heartbeat] enter=False sorting=False cam=LIVE ai=LIVE cam_fps=47.5 pub_fps=30.4 frames=28322 result_subs=1 roi=ok intrinsic=ok inference_age_ms=117 target=none transport=False sorting_thread=alive
19:28:40 [v4][teach] joint_jog servo1 -10 -> 778 pulse; joints=[778, 432, 116, 216, 402]; world=[0.067, 0.155, 0.08]
19:28:41 [v4][teach] joint_jog servo1 +10 -> 788 pulse; joints=[788, 432, 116, 216, 402]; world=[0.06, 0.158, 0.08]
19:28:41 [v4][heartbeat] enter=False sorting=False cam=LIVE ai=LIVE cam_fps=43.0 pub_fps=30.2 frames=28537 result_subs=1 roi=ok intrinsic=ok inference_age_ms=128 target=none transport=False sorting_thread=alive
19:28:43 [v4][teach] joint_jog servo1 +10 -> 798 pulse; joints=[798, 432, 116, 216, 402]; world=[0.054, 0.16, 0.08]
19:28:46 [v4][heartbeat] enter=False sorting=False cam=LIVE ai=LIVE cam_fps=45.8 pub_fps=30.4 frames=28766 result_subs=1 roi=ok intrinsic=ok inference_age_ms=48 target=none transport=False sorting_thread=alive
19:28:47 [v4][teach] read[live] joints=[791, 427, 116, 216, 403]; world=[0.058, 0.157, 0.077]
19:28:51 [v4][heartbeat] enter=False sorting=False cam=LIVE ai=LIVE cam_fps=49.4 pub_fps=30.2 frames=29013 result_subs=1 roi=ok intrinsic=ok inference_age_ms=108 target=none transport=False sorting_thread=alive
19:28:56 [v4][heartbeat] enter=False sorting=False cam=LIVE ai=LIVE cam_fps=43.2 pub_fps=30.4 frames=29229 result_subs=1 roi=ok intrinsic=ok inference_age_ms=107 target=none transport=False sorting_thread=alive
19:29:01 [v4][heartbeat] enter=False sorting=False cam=LIVE ai=LIVE cam_fps=42.8 pub_fps=30.2 frames=29443 result_subs=1 roi=ok intrinsic=ok inference_age_ms=121 target=none transport=False sorting_thread=alive
19:29:01 [v4][svc] merged ['place_positions'] into /home/ubuntu/jetarm_v5_profiles/default.yaml
19:29:01 [v4][teach] SAVE scaff = [0.0575, 0.1565, 0.0759, 'taught', [791, 426, 116, 216, 403]] (src=live, persist=True)
19:29:06 [v4][heartbeat] enter=False sorting=False cam=LIVE ai=LIVE cam_fps=43.0 pub_fps=30.4 frames=29658 result_subs=1 roi=ok intrinsic=ok inference_age_ms=100 target=none transport=False sorting_thread=alive
19:29:11 [v4][heartbeat] enter=False sorting=False cam=LIVE ai=LIVE cam_fps=43.8 pub_fps=30.2 frames=29877 result_subs=1 roi=ok intrinsic=ok inference_age_ms=100 target=none transport=False sorting_thread=alive
19:29:15 [v4][teach] home -> joints=[500, 520, 210, 50, 500] world=[0.127, 0.0, 0.182]
19:29:16 [v4][heartbeat] enter=False sorting=False cam=LIVE ai=LIVE cam_fps=40.4 pub_fps=30.4 frames=30079 result_subs=1 roi=ok intrinsic=ok inference_age_ms=105 target=none transport=False sorting_thread=alive
19:29:21 [v4][heartbeat] enter=False sorting=False cam=LIVE ai=LIVE cam_fps=44.8 pub_fps=30.2 frames=30303 result_subs=1 roi=ok intrinsic=ok inference_age_ms=85 target=none transport=False sorting_thread=alive
19:29:25 [v4][motion] base reached 885 after 1 extra wait(s)
19:29:26 [v4][teach] goto -> [-0.009, 0.226, 0.066]
19:29:26 [v4][heartbeat] enter=False sorting=False cam=LIVE ai=LIVE cam_fps=45.0 pub_fps=30.4 frames=30528 result_subs=1 roi=ok intrinsic=ok inference_age_ms=128 target=none transport=False sorting_thread=alive
19:29:28 [v4][motion] base reached 957 after 1 extra wait(s)
19:29:28 [v4][teach] goto -> [-0.081, 0.223, 0.076]
19:29:31 [v4][heartbeat] enter=False sorting=False cam=LIVE ai=LIVE cam_fps=42.6 pub_fps=30.2 frames=30741 result_subs=1 roi=ok intrinsic=ok inference_age_ms=64 target=none transport=False sorting_thread=alive
19:29:32 [v4][motion] base reached 816 after 1 extra wait(s)
19:29:33 [v4][teach] goto -> [0.058, 0.234, 0.072]
19:29:35 [v4][motion] base reached 790 after 1 extra wait(s)
19:29:35 [v4][teach] goto -> [0.058, 0.157, 0.076]
19:29:36 [v4][heartbeat] enter=False sorting=False cam=LIVE ai=LIVE cam_fps=46.4 pub_fps=30.4 frames=30973 result_subs=1 roi=ok intrinsic=ok inference_age_ms=67 target=none transport=False sorting_thread=alive
19:29:38 [v4][motion] base reached 958 after 1 extra wait(s)
19:29:39 [v4][teach] goto -> [-0.081, 0.222, 0.076]
19:29:41 [v4][heartbeat] enter=False sorting=False cam=LIVE ai=LIVE cam_fps=47.0 pub_fps=30.2 frames=31208 result_subs=1 roi=ok intrinsic=ok inference_age_ms=101 target=none transport=False sorting_thread=alive
19:29:46 [v4][heartbeat] enter=False sorting=False cam=LIVE ai=LIVE cam_fps=46.4 pub_fps=30.4 frames=31440 result_subs=1 roi=ok intrinsic=ok inference_age_ms=81 target=none transport=False sorting_thread=alive
19:29:51 [v4][heartbeat] enter=False sorting=False cam=LIVE ai=LIVE cam_fps=47.1 pub_fps=30.2 frames=31676 result_subs=1 roi=ok intrinsic=ok inference_age_ms=53 target=none transport=False sorting_thread=alive
19:29:56 [v4][heartbeat] enter=False sorting=False cam=LIVE ai=LIVE cam_fps=44.3 pub_fps=30.4 frames=31897 result_subs=1 roi=ok intrinsic=ok inference_age_ms=64 target=none transport=False sorting_thread=alive
19:30:01 [v4][heartbeat] enter=False sorting=False cam=LIVE ai=LIVE cam_fps=48.3 pub_fps=30.3 frames=32139 result_subs=1 roi=ok intrinsic=ok inference_age_ms=129 target=none transport=False sorting_thread=alive
19:30:02 [v4][teach] home -> joints=[500, 520, 210, 50, 500] world=[0.127, 0.0, 0.182]
19:30:06 [v4][heartbeat] enter=False sorting=False cam=LIVE ai=LIVE cam_fps=42.6 pub_fps=30.2 frames=32352 result_subs=1 roi=ok intrinsic=ok inference_age_ms=198 target=none transport=False sorting_thread=alive
19:30:11 [v4][heartbeat] enter=False sorting=False cam=LIVE ai=LIVE cam_fps=38.6 pub_fps=30.4 frames=32545 result_subs=1 roi=ok intrinsic=ok inference_age_ms=159 target=none transport=False sorting_thread=alive
19:30:16 [v4][heartbeat] enter=False sorting=False cam=LIVE ai=LIVE cam_fps=41.2 pub_fps=30.2 frames=32751 result_subs=1 roi=ok intrinsic=ok inference_age_ms=111 target=none transport=False sorting_thread=alive
19:30:21 [v4][heartbeat] enter=False sorting=False cam=LIVE ai=LIVE cam_fps=44.2 pub_fps=30.4 frames=32972 result_subs=1 roi=ok intrinsic=ok inference_age_ms=89 target=none transport=False sorting_thread=alive
19:30:26 [v4][heartbeat] enter=False sorting=False cam=LIVE ai=LIVE cam_fps=41.8 pub_fps=30.0 frames=33181 result_subs=1 roi=ok intrinsic=ok inference_age_ms=94 target=none transport=False sorting_thread=alive
19:30:31 [v4][heartbeat] enter=False sorting=False cam=LIVE ai=LIVE cam_fps=48.2 pub_fps=30.4 frames=33422 result_subs=1 roi=ok intrinsic=ok inference_age_ms=160 target=none transport=False sorting_thread=alive
19:30:36 [v4][heartbeat] enter=False sorting=False cam=LIVE ai=LIVE cam_fps=38.8 pub_fps=30.2 frames=33616 result_subs=1 roi=ok intrinsic=ok inference_age_ms=110 target=none transport=False sorting_thread=alive
19:30:39 [v4][svc] apply_and_persist (persist=True)
19:30:39 [v4][svc] merged ['grab_depth', 'grasp_stall_pulse', 'grasp_step_dwell', 'grasp_step_pulse', 'grasp_timeout', 'gripper_close_pulse', 'gripper_open_pulse', 'gripper_settle'] into /home/ubuntu/jetarm_v5_profiles/default.yaml
19:30:39 [v4][svc] apply_and_persist applied ['grab_depth', 'grasp_stall_pulse', 'grasp_step_dwell', 'grasp_step_pulse', 'grasp_timeout', 'gripper_close_pulse', 'gripper_open_pulse', 'gripper_settle']
19:30:40 [v4][svc] apply_and_persist (persist=True)
19:30:40 [v4][svc] merged ['grab_depth', 'grasp_stall_pulse', 'grasp_step_dwell', 'grasp_step_pulse', 'grasp_timeout', 'gripper_close_pulse', 'gripper_open_pulse', 'gripper_settle'] into /home/ubuntu/jetarm_v5_profiles/default.yaml
19:30:40 [v4][svc] apply_and_persist applied ['grab_depth', 'grasp_stall_pulse', 'grasp_step_dwell', 'grasp_step_pulse', 'grasp_timeout', 'gripper_close_pulse', 'gripper_open_pulse', 'gripper_settle']
19:30:41 [v4][heartbeat] enter=False sorting=False cam=LIVE ai=LIVE cam_fps=41.7 pub_fps=30.4 frames=33825 result_subs=1 roi=ok intrinsic=ok inference_age_ms=88 target=none transport=False sorting_thread=alive
19:30:45 [v4][svc] apply_and_persist (persist=True)
19:30:45 [v4][svc] merged ['grab_depth', 'grasp_stall_pulse', 'grasp_step_dwell', 'grasp_step_pulse', 'grasp_timeout', 'gripper_close_pulse', 'gripper_open_pulse', 'gripper_settle'] into /home/ubuntu/jetarm_v5_profiles/default.yaml
19:30:45 [v4][svc] apply_and_persist applied ['grab_depth', 'grasp_stall_pulse', 'grasp_step_dwell', 'grasp_step_pulse', 'grasp_timeout', 'gripper_close_pulse', 'gripper_open_pulse', 'gripper_settle']
19:30:45 [v4][svc] apply_and_persist (persist=True)
19:30:45 [v4][svc] merged ['grab_depth', 'grasp_stall_pulse', 'grasp_step_dwell', 'grasp_step_pulse', 'grasp_timeout', 'gripper_close_pulse', 'gripper_open_pulse', 'gripper_settle'] into /home/ubuntu/jetarm_v5_profiles/default.yaml
19:30:45 [v4][svc] apply_and_persist applied ['grab_depth', 'grasp_stall_pulse', 'grasp_step_dwell', 'grasp_step_pulse', 'grasp_timeout', 'gripper_close_pulse', 'gripper_open_pulse', 'gripper_settle']
19:30:46 [v4][heartbeat] enter=False sorting=False cam=LIVE ai=LIVE cam_fps=37.9 pub_fps=30.2 frames=34014 result_subs=1 roi=ok intrinsic=ok inference_age_ms=72 target=none transport=False sorting_thread=alive
19:30:47 [v4][enter] enter requested (camera subs were already alive)
19:30:47 [v4][svc] enable_sorting -> True
19:30:47 [v4][roi] reading transform.yaml from /home/ubuntu/ros2_ws/src/stepper/config/transform.yaml
19:30:47 [v4][roi]   loaded plane: [-0.0034594295448868296, -0.08463774716902761, -0.9964057828522352, 0.21475674481696266]
19:30:47 [v4][roi]   yaml loaded: extristric.shape=(4, 3) corners.shape=(5, 3) white_area_center.shape=(4, 4)
19:30:47 [v4][roi]   intrinsic ready after 0.00s (shape=(3, 3)) distortion.shape=(8,)
19:30:47 [v4][roi]   extrinsic plane shift done
19:30:47 [v4][roi]   projected 4 corners to image pixels
19:30:47 [v4][roi]   computed roi (y=79..403 x=164..572) on intrinsic shape=(3, 3)
19:30:47 [v4][sorting-loop] ROI built - detection branch is now live
19:30:47 [v4][sorting-loop] LOCKED on red cube pixel=(243, 208) world=(0.203,0.041,0.025)
19:30:50 [v4][sorting-loop] FIRING TRANSPORT label=red cube pos=(0.203,0.041,0.025) yaw=240
19:30:50 [v4][transport] BEGIN pick red cube at (0.203,0.044,0.080) yaw_pulse=240
19:30:50 [v4][motion] base reached 550 after 1 extra wait(s)
19:30:51 [v4][heartbeat] enter=True sorting=True cam=LIVE ai=LIVE cam_fps=39.8 pub_fps=30.4 frames=34213 result_subs=1 roi=ok intrinsic=ok inference_age_ms=29 target=red cube transport=True sorting_thread=alive
19:30:52 [v4][pick] descend obj_top_z=0.080 grab_depth=0.015 -> z=0.065 (worldpos=legacy/table)
19:30:54 [v4][motion] base reached 500 after 1 extra wait(s)
19:30:54 [v4][pick] pick red cube complete (standard)
19:30:54 [v4][transport] pick OK in 4.17s
19:30:54 [v4][place] 'red cube': replaying taught posture [817, 373, 167, 289, 465] (base first, verified)
19:30:55 [v4][motion] base reached 817 after 1 extra wait(s)
19:30:56 [v4][place] 'red cube': at taught posture - releasing
19:30:56 [v4][heartbeat] enter=True sorting=True cam=LIVE ai=LIVE cam_fps=47.4 pub_fps=30.2 frames=34450 result_subs=1 roi=ok intrinsic=ok inference_age_ms=95 target=red cube transport=True sorting_thread=alive
19:30:57 [v4][transport] place OK in 2.99s
19:30:58 [v4][sorting-loop] LOCKED on red cube pixel=(244, 141) world=(0.232,0.042,0.025)
19:31:00 [v4][sorting-loop] FIRING TRANSPORT label=red cube pos=(0.232,0.039,0.025) yaw=236
19:31:00 [v4][transport] BEGIN pick red cube at (0.232,0.041,0.090) yaw_pulse=236
19:31:01 [v4][motion] base reached 542 after 1 extra wait(s)
19:31:01 [v4][heartbeat] enter=True sorting=True cam=LIVE ai=LIVE cam_fps=43.2 pub_fps=30.4 frames=34666 result_subs=1 roi=ok intrinsic=ok inference_age_ms=83 target=red cube transport=True sorting_thread=alive
19:31:02 [v4][pick] descend obj_top_z=0.090 grab_depth=0.015 -> z=0.075 (worldpos=legacy/table)
19:31:04 [v4][motion] base reached 500 after 1 extra wait(s)
19:31:04 [v4][pick] pick red cube complete (standard)
19:31:04 [v4][transport] pick OK in 4.13s
19:31:04 [v4][place] 'red cube': replaying taught posture [817, 373, 167, 289, 465] (base first, verified)
19:31:05 [v4][motion] base reached 817 after 1 extra wait(s)
19:31:06 [v4][heartbeat] enter=True sorting=True cam=LIVE ai=LIVE cam_fps=51.0 pub_fps=30.2 frames=34921 result_subs=1 roi=ok intrinsic=ok inference_age_ms=73 target=red cube transport=True sorting_thread=alive
19:31:06 [v4][place] 'red cube': at taught posture - releasing
19:31:08 [v4][transport] place OK in 3.00s
19:31:09 [v4][sorting-loop] LOCKED on dark blue cube pixel=(496, 129) world=(0.241,-0.065,0.025)
19:31:09 [v4][sorting-loop] LOCKED on red cube pixel=(252, 82) world=(0.258,0.040,0.025)
19:31:10 [v4][sorting-loop] TRACK red cube e_dist=0.0005 (thresh=0.005) still=5/10 move=0/10
19:31:11 [v4][heartbeat] enter=True sorting=True cam=LIVE ai=LIVE cam_fps=44.3 pub_fps=30.4 frames=35143 result_subs=1 roi=ok intrinsic=ok inference_age_ms=91 target=red cube transport=False sorting_thread=alive
19:31:11 [v4][sorting-loop] FIRING TRANSPORT label=red cube pos=(0.257,0.040,0.025) yaw=233
19:31:12 [v4][transport] BEGIN pick red cube at (0.257,0.043,0.090) yaw_pulse=233
19:31:12 [v4][motion] base reached 539 after 1 extra wait(s)
19:31:13 [v4][pick] descend obj_top_z=0.090 grab_depth=0.015 -> z=0.075 (worldpos=legacy/table)
19:31:15 [v4][motion] base reached 500 after 1 extra wait(s)
19:31:16 [v4][pick] pick red cube complete (standard)
19:31:16 [v4][transport] pick OK in 4.16s
19:31:16 [v4][place] 'red cube': replaying taught posture [817, 373, 167, 289, 465] (base first, verified)
19:31:16 [v4][heartbeat] enter=True sorting=True cam=LIVE ai=LIVE cam_fps=43.3 pub_fps=30.2 frames=35359 result_subs=1 roi=ok intrinsic=ok inference_age_ms=73 target=red cube transport=True sorting_thread=alive
19:31:17 [v4][motion] base reached 817 after 1 extra wait(s)
19:31:18 [v4][place] 'red cube': at taught posture - releasing
19:31:19 [v4][transport] place OK in 3.00s
19:31:20 [v4][sorting-loop] LOCKED on dark blue cube pixel=(436, 119) world=(0.244,-0.039,0.025)
19:31:20 [v4][sorting-loop] LOCKED on red cube pixel=(255, 65) world=(0.265,0.039,0.025)
19:31:21 [v4][heartbeat] enter=True sorting=True cam=LIVE ai=LIVE cam_fps=47.4 pub_fps=30.4 frames=35596 result_subs=1 roi=ok intrinsic=ok inference_age_ms=114 target=red cube transport=False sorting_thread=alive
19:31:22 [v4][sorting-loop] FIRING TRANSPORT label=red cube pos=(0.265,0.039,0.025) yaw=202
19:31:23 [v4][transport] BEGIN pick red cube at (0.265,0.042,0.090) yaw_pulse=202
19:31:23 [v4][motion] base reached 537 after 1 extra wait(s)
19:31:24 [v4][pick] descend obj_top_z=0.090 grab_depth=0.015 -> z=0.075 (worldpos=legacy/table)
19:31:26 [v4][heartbeat] enter=True sorting=True cam=LIVE ai=LIVE cam_fps=44.4 pub_fps=30.2 frames=35818 result_subs=1 roi=ok intrinsic=ok inference_age_ms=56 target=red cube transport=True sorting_thread=alive
19:31:26 [v4][motion] base reached 500 after 1 extra wait(s)
19:31:27 [v4][pick] pick red cube complete (standard)
19:31:27 [v4][transport] pick OK in 4.14s
19:31:27 [v4][place] 'red cube': replaying taught posture [817, 373, 167, 289, 465] (base first, verified)
19:31:28 [v4][motion] base reached 817 after 1 extra wait(s)
19:31:28 [v4][place] 'red cube': at taught posture - releasing
19:31:30 [v4][transport] place OK in 2.98s
19:31:31 [v4][sorting-loop] LOCKED on dark blue cube pixel=(595, 177) world=(0.222,-0.108,0.025)
19:31:31 [v4][heartbeat] enter=True sorting=True cam=LIVE ai=LIVE cam_fps=48.2 pub_fps=30.4 frames=36059 result_subs=1 roi=ok intrinsic=ok inference_age_ms=117 target=none transport=False sorting_thread=alive
19:31:31 [v4][sorting-loop] LOCKED on red cube pixel=(259, 46) world=(0.274,0.037,0.025)
19:31:32 [v4][sorting-loop] TRACK red cube e_dist=0.0000 (thresh=0.005) still=2/10 move=0/10
19:31:34 [v4][sorting-loop] FIRING TRANSPORT label=red cube pos=(0.273,0.037,0.025) yaw=561
19:31:34 [v4][transport] BEGIN pick red cube at (0.273,0.040,0.090) yaw_pulse=561
19:31:34 [v4][motion] base reached 534 after 1 extra wait(s)
19:31:35 [v4][pick] descend obj_top_z=0.090 grab_depth=0.015 -> z=0.075 (worldpos=legacy/table)
19:31:36 [v4][heartbeat] enter=True sorting=True cam=LIVE ai=LIVE cam_fps=42.2 pub_fps=30.2 frames=36270 result_subs=1 roi=ok intrinsic=ok inference_age_ms=112 target=red cube transport=True sorting_thread=alive
19:31:38 [v4][motion] base reached 500 after 1 extra wait(s)
19:31:38 [v4][pick] pick red cube complete (standard)
19:31:38 [v4][transport] pick OK in 4.12s
19:31:38 [v4][place] 'red cube': replaying taught posture [817, 373, 167, 289, 465] (base first, verified)
19:31:39 [v4][motion] base reached 817 after 1 extra wait(s)
19:31:40 [v4][place] 'red cube': at taught posture - releasing
19:31:41 [v4][transport] place OK in 2.99s
19:31:41 [v4][heartbeat] enter=True sorting=True cam=LIVE ai=LIVE cam_fps=47.4 pub_fps=30.4 frames=36507 result_subs=1 roi=ok intrinsic=ok inference_age_ms=115 target=red cube transport=True sorting_thread=alive
19:31:42 [v4][sorting-loop] LOCKED on dark blue cube pixel=(592, 175) world=(0.222,-0.106,0.025)
19:31:42 [v4][sorting-loop] LOCKED on dark blue cube pixel=(398, 123) world=(0.242,-0.023,0.025)
19:31:43 [v4][sorting-loop] TRACK dark blue cube e_dist=0.0009 (thresh=0.005) still=3/10 move=0/10
19:31:44 [v4][sorting-loop] FIRING TRANSPORT label=dark blue cube pos=(0.242,-0.024,0.025) yaw=456
19:31:44 [v4][transport] BEGIN pick dark blue cube at (0.242,-0.025,0.090) yaw_pulse=456
19:31:45 [v4][motion] base reached 475 after 1 extra wait(s)
19:31:46 [v4][pick] descend obj_top_z=0.090 grab_depth=0.015 -> z=0.075 (worldpos=legacy/table)
19:31:46 [v4][heartbeat] enter=True sorting=True cam=LIVE ai=LIVE cam_fps=42.6 pub_fps=30.2 frames=36720 result_subs=1 roi=ok intrinsic=ok inference_age_ms=103 target=dark blue cube transport=True sorting_thread=alive
19:31:48 [v4][motion] base reached 500 after 1 extra wait(s)
19:31:48 [v4][pick] pick dark blue cube complete (standard)
19:31:48 [v4][transport] pick OK in 4.15s
19:31:48 [v4][place] 'dark blue cube': replaying taught posture [958, 342, 235, 216, 572] (base first, verified)
19:31:50 [v4][motion] base reached 958 after 1 extra wait(s)
19:31:51 [v4][place] 'dark blue cube': at taught posture - releasing
19:31:51 [v4][heartbeat] enter=True sorting=True cam=LIVE ai=LIVE cam_fps=43.4 pub_fps=30.4 frames=36937 result_subs=1 roi=ok intrinsic=ok inference_age_ms=87 target=dark blue cube transport=True sorting_thread=alive
19:31:52 [v4][transport] place OK in 3.29s
19:31:53 [v4][sorting-loop] LOCKED on green cube pixel=(605, 448) world=(0.109,-0.112,0.025)
19:31:53 [v4][sorting-loop] LOCKED on dark blue cube pixel=(624, 195) world=(0.214,-0.120,0.025)
19:31:53 [v4][sorting-loop] LOCKED on dark blue cube pixel=(372, 120) world=(0.243,-0.012,0.025)
19:31:56 [v4][sorting-loop] FIRING TRANSPORT label=dark blue cube pos=(0.243,-0.012,0.025) yaw=464
19:31:56 [v4][transport] BEGIN pick dark blue cube at (0.243,-0.013,0.090) yaw_pulse=464
19:31:56 [v4][heartbeat] enter=True sorting=True cam=LIVE ai=LIVE cam_fps=43.0 pub_fps=30.2 frames=37152 result_subs=1 roi=ok intrinsic=ok inference_age_ms=79 target=dark blue cube transport=True sorting_thread=alive
19:31:57 [v4][pick] descend obj_top_z=0.090 grab_depth=0.015 -> z=0.075 (worldpos=legacy/table)
19:31:59 [v4][pick] pick dark blue cube complete (standard)
19:31:59 [v4][transport] pick OK in 3.59s
19:31:59 [v4][place] 'dark blue cube': replaying taught posture [958, 342, 235, 216, 572] (base first, verified)
19:32:00 [v4][motion] base reached 958 after 1 extra wait(s)
19:32:01 [v4][heartbeat] enter=True sorting=True cam=LIVE ai=LIVE cam_fps=49.2 pub_fps=30.4 frames=37398 result_subs=1 roi=ok intrinsic=ok inference_age_ms=136 target=dark blue cube transport=True sorting_thread=alive
19:32:01 [v4][place] 'dark blue cube': at taught posture - releasing
19:32:03 [v4][transport] place OK in 3.33s
19:32:03 [v4][sorting-loop] LOCKED on green cube pixel=(606, 451) world=(0.108,-0.112,0.025)
19:32:04 [v4][sorting-loop] LOCKED on dark blue cube pixel=(602, 133) world=(0.241,-0.111,0.025)
19:32:04 [v4][sorting-loop] LOCKED on dark blue cube pixel=(345, 80) world=(0.260,0.000,0.025)
19:32:06 [v4][sorting-loop] FIRING TRANSPORT label=dark blue cube pos=(0.260,0.000,0.025) yaw=845
19:32:06 [v4][transport] BEGIN pick dark blue cube at (0.260,0.000,0.090) yaw_pulse=845
19:32:06 [v4][heartbeat] enter=True sorting=True cam=LIVE ai=LIVE cam_fps=40.4 pub_fps=30.2 frames=37600 result_subs=1 roi=ok intrinsic=ok inference_age_ms=55 target=dark blue cube transport=True sorting_thread=alive
19:32:07 [v4][pick] descend obj_top_z=0.090 grab_depth=0.015 -> z=0.075 (worldpos=legacy/table)
19:32:10 [v4][pick] pick dark blue cube complete (standard)
19:32:10 [v4][transport] pick OK in 3.58s
19:32:10 [v4][place] 'dark blue cube': replaying taught posture [958, 342, 235, 216, 572] (base first, verified)
19:32:11 [v4][motion] base reached 958 after 1 extra wait(s)
19:32:11 [v4][heartbeat] enter=True sorting=True cam=LIVE ai=LIVE cam_fps=45.0 pub_fps=30.4 frames=37825 result_subs=1 roi=ok intrinsic=ok inference_age_ms=132 target=dark blue cube transport=True sorting_thread=alive
19:32:12 [v4][place] 'dark blue cube': at taught posture - releasing
19:32:13 [v4][transport] place OK in 3.29s
19:32:14 [v4][sorting-loop] LOCKED on green cube pixel=(594, 426) world=(0.118,-0.107,0.025)
19:32:14 [v4][sorting-loop] LOCKED on dark blue cube pixel=(568, 78) world=(0.264,-0.096,0.025)
19:32:15 [v4][sorting-loop] LOCKED on dark blue cube pixel=(340, 59) world=(0.269,0.002,0.025)
19:32:16 [v4][heartbeat] enter=True sorting=True cam=LIVE ai=LIVE cam_fps=42.1 pub_fps=30.1 frames=38036 result_subs=1 roi=ok intrinsic=ok inference_age_ms=154 target=dark blue cube transport=False sorting_thread=alive
19:32:17 [v4][sorting-loop] FIRING TRANSPORT label=dark blue cube pos=(0.269,0.002,0.025) yaw=843
19:32:17 [v4][transport] BEGIN pick dark blue cube at (0.269,0.003,0.090) yaw_pulse=843
19:32:18 [v4][pick] descend obj_top_z=0.090 grab_depth=0.015 -> z=0.075 (worldpos=legacy/table)
19:32:21 [v4][pick] pick dark blue cube complete (standard)
19:32:21 [v4][transport] pick OK in 3.59s
19:32:21 [v4][place] 'dark blue cube': replaying taught posture [958, 342, 235, 216, 572] (base first, verified)
19:32:21 [v4][heartbeat] enter=True sorting=True cam=LIVE ai=LIVE cam_fps=44.9 pub_fps=30.5 frames=38260 result_subs=1 roi=ok intrinsic=ok inference_age_ms=77 target=dark blue cube transport=True sorting_thread=alive
19:32:22 [v4][motion] base reached 958 after 1 extra wait(s)
19:32:23 [v4][place] 'dark blue cube': at taught posture - releasing
19:32:24 [v4][transport] place OK in 3.32s
19:32:25 [v4][sorting-loop] LOCKED on light blue cube pixel=(627, 427) world=(0.118,-0.121,0.025)
19:32:25 [v4][sorting-loop] LOCKED on dark blue cube pixel=(401, 54) world=(0.272,-0.024,0.025)
19:32:26 [v4][sorting-loop] LOCKED on dark blue cube pixel=(344, 54) world=(0.271,0.001,0.025)
19:32:26 [v4][sorting-loop] LOCKED on dark blue cube pixel=(344, 54) world=(0.271,0.001,0.025)
19:32:26 [v4][heartbeat] enter=True sorting=True cam=LIVE ai=LIVE cam_fps=43.0 pub_fps=30.2 frames=38475 result_subs=1 roi=ok intrinsic=ok inference_age_ms=118 target=dark blue cube transport=False sorting_thread=alive
19:32:27 [v4][sorting-loop] TRACK dark blue cube e_dist=0.0000 (thresh=0.005) still=2/10 move=0/10
19:32:28 [v4][sorting-loop] FIRING TRANSPORT label=dark blue cube pos=(0.271,0.001,0.025) yaw=850
19:32:28 [v4][transport] BEGIN pick dark blue cube at (0.271,0.001,0.090) yaw_pulse=850
19:32:30 [v4][pick] descend obj_top_z=0.090 grab_depth=0.015 -> z=0.075 (worldpos=legacy/table)
19:32:31 [v4][heartbeat] enter=True sorting=True cam=LIVE ai=LIVE cam_fps=41.1 pub_fps=30.5 frames=38680 result_subs=1 roi=ok intrinsic=ok inference_age_ms=99 target=dark blue cube transport=True sorting_thread=alive
19:32:32 [v4][pick] pick dark blue cube complete (standard)
19:32:32 [v4][transport] pick OK in 3.60s
19:32:32 [v4][place] 'dark blue cube': replaying taught posture [958, 342, 235, 216, 572] (base first, verified)
19:32:33 [v4][motion] base reached 958 after 1 extra wait(s)
19:32:34 [v4][place] 'dark blue cube': at taught posture - releasing
19:32:35 [v4][transport] place OK in 3.30s
19:32:36 [v4][sorting-loop] LOCKED on red cube pixel=(283, 118) world=(0.242,0.026,0.025)
19:32:36 [v4][heartbeat] enter=True sorting=True cam=LIVE ai=LIVE cam_fps=45.8 pub_fps=30.2 frames=38909 result_subs=1 roi=ok intrinsic=ok inference_age_ms=82 target=none transport=False sorting_thread=alive
19:32:36 [v4][sorting-loop] LOCKED on red cube pixel=(17, 263) world=(0.177,0.135,0.025)
19:32:37 [v4][sorting-loop] LOCKED on dark blue cube pixel=(345, 49) world=(0.274,0.000,0.025)
19:32:39 [v4][sorting-loop] FIRING TRANSPORT label=dark blue cube pos=(0.274,0.000,0.025) yaw=862
19:32:39 [v4][transport] BEGIN pick dark blue cube at (0.274,0.000,0.090) yaw_pulse=862
19:32:40 [v4][pick] descend obj_top_z=0.090 grab_depth=0.015 -> z=0.075 (worldpos=legacy/table)
19:32:41 [v4][heartbeat] enter=True sorting=True cam=LIVE ai=LIVE cam_fps=40.6 pub_fps=30.4 frames=39112 result_subs=1 roi=ok intrinsic=ok inference_age_ms=95 target=dark blue cube transport=True sorting_thread=alive
19:32:42 [v4][pick] pick dark blue cube complete (standard)
19:32:42 [v4][transport] pick OK in 3.63s
19:32:42 [v4][place] 'dark blue cube': replaying taught posture [958, 342, 235, 216, 572] (base first, verified)
19:32:44 [v4][motion] base reached 958 after 1 extra wait(s)
19:32:44 [v4][place] 'dark blue cube': at taught posture - releasing
19:32:46 [v4][transport] place OK in 3.32s
19:32:46 [v4][heartbeat] enter=True sorting=True cam=LIVE ai=LIVE cam_fps=44.2 pub_fps=30.4 frames=39333 result_subs=1 roi=ok intrinsic=ok inference_age_ms=108 target=dark blue cube transport=True sorting_thread=alive
19:32:47 [v4][sorting-loop] LOCKED on dark blue cube pixel=(625, 71) world=(0.268,-0.120,0.025)
19:32:48 [v4][sorting-loop] LOCKED on dark blue cube pixel=(346, 43) world=(0.276,0.000,0.025)
19:32:49 [v4][sorting-loop] TRACK dark blue cube e_dist=0.0000 (thresh=0.005) still=6/10 move=0/10
19:32:50 [v4][sorting-loop] FIRING TRANSPORT label=dark blue cube pos=(0.276,0.000,0.025) yaw=492
19:32:50 [v4][transport] BEGIN pick dark blue cube at (0.276,0.000,0.090) yaw_pulse=492
19:32:51 [v4][heartbeat] enter=True sorting=True cam=LIVE ai=LIVE cam_fps=46.2 pub_fps=30.2 frames=39564 result_subs=1 roi=ok intrinsic=ok inference_age_ms=36 target=dark blue cube transport=True sorting_thread=alive
19:32:51 [v4][pick] descend obj_top_z=0.090 grab_depth=0.015 -> z=0.075 (worldpos=legacy/table)
19:32:53 [v4][pick] pick dark blue cube complete (standard)
19:32:53 [v4][transport] pick OK in 3.63s
19:32:53 [v4][place] 'dark blue cube': replaying taught posture [958, 342, 235, 216, 572] (base first, verified)
19:32:55 [v4][motion] base reached 958 after 1 extra wait(s)
19:32:56 [v4][place] 'dark blue cube': at taught posture - releasing
19:32:56 [v4][heartbeat] enter=True sorting=True cam=LIVE ai=LIVE cam_fps=44.2 pub_fps=30.4 frames=39785 result_subs=1 roi=ok intrinsic=ok inference_age_ms=113 target=dark blue cube transport=True sorting_thread=alive
19:32:57 [v4][transport] place OK in 3.31s
19:32:58 [v4][sorting-loop] LOCKED on green cube pixel=(587, 420) world=(0.120,-0.104,0.025)
19:32:58 [v4][sorting-loop] LOCKED on scaff pixel=(493, 293) world=(0.171,-0.065,0.025)
19:32:59 [v4][sorting-loop] TRACK scaff e_dist=0.0008 (thresh=0.005) still=3/10 move=0/10
19:33:00 [v4][sorting-loop] FIRING TRANSPORT label=scaff pos=(0.172,-0.065,0.025) yaw=181
19:33:00 [v4][transport] BEGIN pick scaff at (0.172,-0.070,0.080) yaw_pulse=181
19:33:01 [v4][motion] base reached 408 after 1 extra wait(s)
19:33:01 [v4][heartbeat] enter=True sorting=True cam=LIVE ai=LIVE cam_fps=43.6 pub_fps=30.2 frames=40003 result_subs=1 roi=ok intrinsic=ok inference_age_ms=151 target=scaff transport=True sorting_thread=alive
19:33:02 [v4][pick] descend obj_top_z=0.080 grab_depth=0.015 -> z=0.065 (worldpos=legacy/table)
19:33:04 [v4][motion] base reached 500 after 1 extra wait(s)
19:33:04 [v4][pick] pick scaff complete (standard)
19:33:04 [v4][transport] pick OK in 4.13s
19:33:04 [v4][place] 'scaff': replaying taught posture [791, 426, 116, 216, 403] (base first, verified)
19:33:05 [v4][motion] base reached 791 after 1 extra wait(s)
19:33:06 [v4][place] 'scaff': at taught posture - releasing
19:33:06 [v4][heartbeat] enter=True sorting=True cam=LIVE ai=LIVE cam_fps=49.6 pub_fps=30.4 frames=40251 result_subs=1 roi=ok intrinsic=ok inference_age_ms=107 target=scaff transport=True sorting_thread=alive
19:33:07 [v4][transport] place OK in 2.96s
19:33:08 [v4][sorting-loop] LOCKED on red cube pixel=(477, 224) world=(0.200,-0.058,0.025)
19:33:08 [v4][sorting-loop] LOCKED on red cube pixel=(422, 212) world=(0.204,-0.034,0.025)
19:33:10 [v4][sorting-loop] FIRING TRANSPORT label=red cube pos=(0.204,-0.034,0.025) yaw=510
19:33:10 [v4][transport] BEGIN pick red cube at (0.204,-0.037,0.080) yaw_pulse=510
19:33:10 [v4][motion] base reached 457 after 1 extra wait(s)
19:33:11 [v4][heartbeat] enter=True sorting=True cam=LIVE ai=LIVE cam_fps=43.6 pub_fps=30.2 frames=40469 result_subs=1 roi=ok intrinsic=ok inference_age_ms=95 target=red cube transport=True sorting_thread=alive
19:33:11 [v4][pick] descend obj_top_z=0.080 grab_depth=0.015 -> z=0.065 (worldpos=legacy/table)
19:33:13 [v4][motion] base reached 500 after 1 extra wait(s)
19:33:14 [v4][pick] pick red cube complete (standard)
19:33:14 [v4][transport] pick OK in 4.14s
19:33:14 [v4][place] 'red cube': replaying taught posture [817, 373, 167, 289, 465] (base first, verified)
19:33:15 [v4][motion] base reached 817 after 1 extra wait(s)
19:33:16 [v4][place] 'red cube': at taught posture - releasing
19:33:16 [v4][heartbeat] enter=True sorting=True cam=LIVE ai=LIVE cam_fps=48.0 pub_fps=30.4 frames=40709 result_subs=1 roi=ok intrinsic=ok inference_age_ms=53 target=red cube transport=True sorting_thread=alive
19:33:17 [v4][transport] place OK in 3.05s
19:33:18 [v4][sorting-loop] LOCKED on light blue cube pixel=(502, 333) world=(0.154,-0.069,0.025)
19:33:18 [v4][sorting-loop] LOCKED on light blue cube pixel=(367, 305) world=(0.164,-0.012,0.025)
19:33:19 [v4][sorting-loop] TRACK light blue cube e_dist=0.0004 (thresh=0.005) still=8/10 move=0/10
19:33:19 [v4][sorting-loop] FIRING TRANSPORT label=light blue cube pos=(0.164,-0.012,0.025) yaw=849
19:33:19 [v4][transport] BEGIN pick light blue cube at (0.164,-0.013,0.080) yaw_pulse=849
19:33:20 [v4][motion] base reached 481 after 1 extra wait(s)
19:33:21 [v4][pick] descend obj_top_z=0.080 grab_depth=0.015 -> z=0.065 (worldpos=legacy/table)
19:33:21 [v4][heartbeat] enter=True sorting=True cam=LIVE ai=LIVE cam_fps=45.0 pub_fps=30.2 frames=40934 result_subs=1 roi=ok intrinsic=ok inference_age_ms=37 target=light blue cube transport=True sorting_thread=alive
19:33:23 [v4][motion] base reached 500 after 1 extra wait(s)
19:33:23 [v4][pick] pick light blue cube complete (standard)
19:33:23 [v4][transport] pick OK in 4.12s
19:33:23 [v4][place] 'light blue cube': replaying taught posture [958, 342, 236, 216, 572] (base first, verified)
19:33:24 [v4][motion] base reached 958 after 1 extra wait(s)
19:33:25 [v4][place] 'light blue cube': at taught posture - releasing
19:33:26 [v4][heartbeat] enter=True sorting=True cam=LIVE ai=LIVE cam_fps=49.4 pub_fps=30.4 frames=41181 result_subs=1 roi=ok intrinsic=ok inference_age_ms=88 target=light blue cube transport=True sorting_thread=alive
19:33:26 [v4][transport] place OK in 3.28s
19:33:27 [v4][sorting-loop] LOCKED on green cube pixel=(599, 433) world=(0.115,-0.109,0.025)
19:33:28 [v4][sorting-loop] LOCKED on green cube pixel=(303, 336) world=(0.151,0.014,0.025)
19:33:28 [v4][sorting-loop] LOCKED on green cube pixel=(281, 339) world=(0.149,0.023,0.025)
19:33:28 [v4][sorting-loop] TRACK green cube e_dist=0.0000 (thresh=0.005) still=9/10 move=0/10
19:33:29 [v4][sorting-loop] FIRING TRANSPORT label=green cube pos=(0.149,0.023,0.025) yaw=628
19:33:29 [v4][transport] BEGIN pick green cube at (0.149,0.025,0.080) yaw_pulse=628
19:33:29 [v4][motion] base reached 539 after 1 extra wait(s)
19:33:30 [v4][pick] descend obj_top_z=0.080 grab_depth=0.015 -> z=0.065 (worldpos=legacy/table)
19:33:31 [v4][heartbeat] enter=True sorting=True cam=LIVE ai=LIVE cam_fps=46.2 pub_fps=30.2 frames=41412 result_subs=1 roi=ok intrinsic=ok inference_age_ms=105 target=green cube transport=True sorting_thread=alive
19:33:32 [v4][motion] base reached 500 after 1 extra wait(s)
19:33:33 [v4][pick] pick green cube complete (standard)
19:33:33 [v4][transport] pick OK in 4.18s
19:33:33 [v4][place] 'green cube': replaying taught posture [885, 347, 210, 229, 500] (base first, verified)
19:33:34 [v4][motion] base reached 885 after 1 extra wait(s)
19:33:35 [v4][place] 'green cube': at taught posture - releasing
19:33:36 [v4][transport] place OK in 3.13s
19:33:36 [v4][heartbeat] enter=True sorting=True cam=LIVE ai=LIVE cam_fps=43.4 pub_fps=30.4 frames=41629 result_subs=1 roi=ok intrinsic=ok inference_age_ms=99 target=green cube transport=True sorting_thread=alive
19:33:37 [v4][sorting-loop] LOCKED on red cube pixel=(73, 231) world=(0.191,0.112,0.025)
19:33:41 [v4][heartbeat] enter=True sorting=True cam=LIVE ai=LIVE cam_fps=45.4 pub_fps=30.2 frames=41856 result_subs=1 roi=ok intrinsic=ok inference_age_ms=93 target=none transport=False sorting_thread=alive
19:33:46 [v4][heartbeat] enter=True sorting=True cam=LIVE ai=LIVE cam_fps=44.8 pub_fps=30.4 frames=42080 result_subs=1 roi=ok intrinsic=ok inference_age_ms=59 target=none transport=False sorting_thread=alive
19:33:51 [v4][heartbeat] enter=True sorting=True cam=LIVE ai=LIVE cam_fps=44.2 pub_fps=30.2 frames=42301 result_subs=1 roi=ok intrinsic=ok inference_age_ms=69 target=none transport=False sorting_thread=alive
19:33:56 [v4][heartbeat] enter=True sorting=True cam=LIVE ai=LIVE cam_fps=44.6 pub_fps=30.4 frames=42524 result_subs=1 roi=ok intrinsic=ok inference_age_ms=158 target=none transport=False sorting_thread=alive
19:34:01 [v4][heartbeat] enter=True sorting=True cam=LIVE ai=LIVE cam_fps=44.8 pub_fps=30.2 frames=42748 result_subs=1 roi=ok intrinsic=ok inference_age_ms=74 target=none transport=False sorting_thread=alive
19:34:06 [v4][heartbeat] enter=True sorting=True cam=LIVE ai=LIVE cam_fps=48.8 pub_fps=30.4 frames=42992 result_subs=1 roi=ok intrinsic=ok inference_age_ms=97 target=none transport=False sorting_thread=alive
19:34:11 [v4][heartbeat] enter=True sorting=True cam=LIVE ai=LIVE cam_fps=46.0 pub_fps=30.2 frames=43222 result_subs=1 roi=ok intrinsic=ok inference_age_ms=62 target=none transport=False sorting_thread=alive
19:34:16 [v4][heartbeat] enter=True sorting=True cam=LIVE ai=LIVE cam_fps=46.8 pub_fps=30.4 frames=43456 result_subs=1 roi=ok intrinsic=ok inference_age_ms=67 target=none transport=False sorting_thread=alive
19:34:17 [v4][svc] enable_sorting -> False
19:34:21 [v4][heartbeat] enter=True sorting=False cam=LIVE ai=LIVE cam_fps=47.0 pub_fps=30.2 frames=43691 result_subs=1 roi=ok intrinsic=ok inference_age_ms=106 target=none transport=False sorting_thread=alive
19:34:26 [v4][heartbeat] enter=True sorting=False cam=LIVE ai=LIVE cam_fps=43.8 pub_fps=30.4 frames=43910 result_subs=1 roi=ok intrinsic=ok inference_age_ms=129 target=none transport=False sorting_thread=alive
19:34:29 [v4][enter] enter requested (camera subs were already alive)
19:34:30 [v4][svc] enable_sorting -> True
19:34:30 [v4][roi] reading transform.yaml from /home/ubuntu/ros2_ws/src/stepper/config/transform.yaml
19:34:30 [v4][roi]   loaded plane: [-0.0034594295448868296, -0.08463774716902761, -0.9964057828522352, 0.21475674481696266]
19:34:30 [v4][roi]   yaml loaded: extristric.shape=(4, 3) corners.shape=(5, 3) white_area_center.shape=(4, 4)
19:34:30 [v4][roi]   intrinsic ready after 0.00s (shape=(3, 3)) distortion.shape=(8,)
19:34:30 [v4][roi]   extrinsic plane shift done
19:34:30 [v4][roi]   projected 4 corners to image pixels
19:34:30 [v4][roi]   computed roi (y=79..403 x=164..572) on intrinsic shape=(3, 3)
19:34:30 [v4][sorting-loop] ROI built - detection branch is now live
19:34:30 [v4][sorting-loop] LOCKED on light blue cube pixel=(243, 290) world=(0.169,0.040,0.025)
19:34:31 [v4][sorting-loop] TRACK light blue cube e_dist=0.0000 (thresh=0.005) still=6/10 move=0/10
19:34:31 [v4][heartbeat] enter=True sorting=True cam=LIVE ai=LIVE cam_fps=39.1 pub_fps=29.9 frames=44106 result_subs=1 roi=ok intrinsic=ok inference_age_ms=85 target=light blue cube transport=False sorting_thread=alive
19:34:31 [v4][sorting-loop] FIRING TRANSPORT label=light blue cube pos=(0.169,0.039,0.025) yaw=335
19:34:31 [v4][transport] BEGIN pick light blue cube at (0.169,0.042,0.080) yaw_pulse=335
19:34:32 [v4][motion] base reached 558 after 1 extra wait(s)
19:34:33 [v4][pick] descend obj_top_z=0.080 grab_depth=0.015 -> z=0.065 (worldpos=legacy/table)
19:34:35 [v4][motion] base reached 500 after 1 extra wait(s)
19:34:35 [v4][pick] pick light blue cube complete (standard)
19:34:35 [v4][transport] pick OK in 4.12s
19:34:35 [v4][place] 'light blue cube': replaying taught posture [958, 342, 236, 216, 572] (base first, verified)
19:34:36 [v4][heartbeat] enter=True sorting=True cam=LIVE ai=LIVE cam_fps=45.1 pub_fps=30.5 frames=44331 result_subs=1 roi=ok intrinsic=ok inference_age_ms=115 target=light blue cube transport=True sorting_thread=alive
19:34:37 [v4][motion] base reached 958 after 1 extra wait(s)
19:34:38 [v4][place] 'light blue cube': at taught posture - releasing
19:34:39 [v4][transport] place OK in 3.28s
19:34:40 [v4][sorting-loop] LOCKED on red cube pixel=(247, 147) world=(0.229,0.041,0.025)
19:34:40 [v4][sorting-loop] LOCKED on red cube pixel=(421, 140) world=(0.235,-0.033,0.025)
19:34:40 [v4][sorting-loop] LOCKED on red cube pixel=(248, 148) world=(0.229,0.040,0.025)
19:34:41 [v4][sorting-loop] FIRING TRANSPORT label=red cube pos=(0.229,0.037,0.025) yaw=538
19:34:41 [v4][transport] BEGIN pick red cube at (0.229,0.040,0.090) yaw_pulse=538
19:34:41 [v4][heartbeat] enter=True sorting=True cam=LIVE ai=LIVE cam_fps=44.4 pub_fps=30.2 frames=44553 result_subs=1 roi=ok intrinsic=ok inference_age_ms=106 target=red cube transport=True sorting_thread=alive
19:34:42 [v4][motion] base reached 541 after 1 extra wait(s)
19:34:43 [v4][pick] descend obj_top_z=0.090 grab_depth=0.015 -> z=0.075 (worldpos=legacy/table)
19:34:45 [v4][motion] base reached 500 after 1 extra wait(s)
19:34:45 [v4][pick] pick red cube complete (standard)
19:34:45 [v4][transport] pick OK in 4.13s
19:34:45 [v4][place] 'red cube': replaying taught posture [817, 373, 167, 289, 465] (base first, verified)
19:34:46 [v4][heartbeat] enter=True sorting=True cam=LIVE ai=LIVE cam_fps=49.4 pub_fps=30.4 frames=44800 result_subs=1 roi=ok intrinsic=ok inference_age_ms=84 target=red cube transport=True sorting_thread=alive
19:34:46 [v4][motion] base reached 817 after 1 extra wait(s)
19:34:47 [v4][place] 'red cube': at taught posture - releasing
19:34:48 [v4][transport] place OK in 3.02s
19:34:49 [v4][sorting-loop] LOCKED on green cube pixel=(535, 183) world=(0.218,-0.082,0.025)
19:34:49 [v4][sorting-loop] LOCKED on scaff pixel=(423, 275) world=(0.178,-0.035,0.025)
19:34:50 [v4][sorting-loop] TRACK scaff e_dist=0.0008 (thresh=0.005) still=4/10 move=0/10
19:34:50 [v4][sorting-loop] FIRING TRANSPORT label=scaff pos=(0.177,-0.037,0.025) yaw=272
19:34:50 [v4][transport] BEGIN pick scaff at (0.177,-0.040,0.080) yaw_pulse=272
19:34:51 [v4][motion] base reached 447 after 1 extra wait(s)
19:34:51 [v4][heartbeat] enter=True sorting=True cam=LIVE ai=LIVE cam_fps=41.8 pub_fps=30.2 frames=45009 result_subs=1 roi=ok intrinsic=ok inference_age_ms=76 target=scaff transport=True sorting_thread=alive
19:34:52 [v4][pick] descend obj_top_z=0.080 grab_depth=0.015 -> z=0.065 (worldpos=legacy/table)
19:34:54 [v4][motion] base reached 500 after 1 extra wait(s)
19:34:54 [v4][pick] pick scaff complete (standard)
19:34:54 [v4][transport] pick OK in 4.14s
19:34:54 [v4][place] 'scaff': replaying taught posture [791, 426, 116, 216, 403] (base first, verified)
19:34:55 [v4][motion] base reached 791 after 1 extra wait(s)
19:34:56 [v4][heartbeat] enter=True sorting=True cam=LIVE ai=LIVE cam_fps=47.2 pub_fps=30.4 frames=45245 result_subs=1 roi=ok intrinsic=ok inference_age_ms=119 target=scaff transport=True sorting_thread=alive
19:34:56 [v4][place] 'scaff': at taught posture - releasing
19:34:57 [v4][transport] place OK in 2.95s
19:34:58 [v4][sorting-loop] LOCKED on red cube pixel=(57, 211) world=(0.199,0.120,0.025)
19:34:58 [v4][sorting-loop] LOCKED on green cube pixel=(416, 152) world=(0.230,-0.031,0.025)
19:34:59 [v4][sorting-loop] FIRING TRANSPORT label=green cube pos=(0.229,-0.025,0.025) yaw=391
19:34:59 [v4][transport] BEGIN pick green cube at (0.229,-0.027,0.090) yaw_pulse=391
19:35:00 [v4][motion] base reached 472 after 1 extra wait(s)
19:35:01 [v4][pick] descend obj_top_z=0.090 grab_depth=0.015 -> z=0.075 (worldpos=legacy/table)
19:35:01 [v4][heartbeat] enter=True sorting=True cam=LIVE ai=LIVE cam_fps=46.0 pub_fps=30.2 frames=45475 result_subs=1 roi=ok intrinsic=ok inference_age_ms=105 target=green cube transport=True sorting_thread=alive
19:35:03 [v4][motion] base reached 500 after 1 extra wait(s)
19:35:04 [v4][pick] pick green cube complete (standard)
19:35:04 [v4][transport] pick OK in 4.12s
19:35:04 [v4][place] 'green cube': replaying taught posture [885, 347, 210, 229, 500] (base first, verified)
19:35:05 [v4][motion] base reached 885 after 1 extra wait(s)
19:35:06 [v4][place] 'green cube': at taught posture - releasing
19:35:06 [v4][heartbeat] enter=True sorting=True cam=LIVE ai=LIVE cam_fps=41.2 pub_fps=30.4 frames=45681 result_subs=1 roi=ok intrinsic=ok inference_age_ms=34 target=green cube transport=True sorting_thread=alive
19:35:07 [v4][transport] place OK in 3.17s
19:35:08 [v4][sorting-loop] LOCKED on red cube pixel=(73, 206) world=(0.202,0.113,0.025)
19:35:08 [v4][sorting-loop] LOCKED on scaff pixel=(476, 333) world=(0.154,-0.058,0.025)
19:35:08 [v4][sorting-loop] LOCKED on scaff pixel=(439, 328) world=(0.156,-0.042,0.025)
19:35:08 [v4][sorting-loop] LOCKED on scaff pixel=(444, 330) world=(0.155,-0.045,0.025)
19:35:09 [v4][sorting-loop] FIRING TRANSPORT label=scaff pos=(0.155,-0.044,0.025) yaw=538
19:35:09 [v4][transport] BEGIN pick scaff at (0.155,-0.047,0.080) yaw_pulse=538
19:35:09 [v4][motion] base reached 429 after 1 extra wait(s)
19:35:11 [v4][pick] descend obj_top_z=0.080 grab_depth=0.015 -> z=0.065 (worldpos=legacy/table)
19:35:11 [v4][heartbeat] enter=True sorting=True cam=LIVE ai=LIVE cam_fps=43.6 pub_fps=30.4 frames=45899 result_subs=1 roi=ok intrinsic=ok inference_age_ms=91 target=scaff transport=True sorting_thread=alive
19:35:13 [v4][motion] base reached 500 after 1 extra wait(s)
19:35:13 [v4][pick] pick scaff complete (standard)
19:35:13 [v4][transport] pick OK in 4.17s
19:35:13 [v4][place] 'scaff': replaying taught posture [791, 426, 116, 216, 403] (base first, verified)
19:35:14 [v4][motion] base reached 791 after 1 extra wait(s)
19:35:15 [v4][place] 'scaff': at taught posture - releasing
19:35:16 [v4][transport] place OK in 2.94s
19:35:16 [v4][heartbeat] enter=True sorting=True cam=LIVE ai=LIVE cam_fps=45.6 pub_fps=30.2 frames=46127 result_subs=1 roi=ok intrinsic=ok inference_age_ms=86 target=scaff transport=True sorting_thread=alive
19:35:17 [v4][sorting-loop] LOCKED on scaff pixel=(507, 292) world=(0.172,-0.071,0.025)
19:35:17 [v4][sorting-loop] LOCKED on scaff pixel=(426, 265) world=(0.182,-0.036,0.025)
19:35:18 [v4][sorting-loop] FIRING TRANSPORT label=scaff pos=(0.182,-0.035,0.025) yaw=608
19:35:18 [v4][transport] BEGIN pick scaff at (0.182,-0.038,0.080) yaw_pulse=608
19:35:19 [v4][motion] base reached 451 after 1 extra wait(s)
19:35:20 [v4][pick] descend obj_top_z=0.080 grab_depth=0.015 -> z=0.065 (worldpos=legacy/table)
19:35:21 [v4][heartbeat] enter=True sorting=True cam=LIVE ai=LIVE cam_fps=44.3 pub_fps=30.3 frames=46349 result_subs=1 roi=ok intrinsic=ok inference_age_ms=92 target=scaff transport=True sorting_thread=alive
19:35:22 [v4][motion] base reached 500 after 1 extra wait(s)
19:35:22 [v4][pick] pick scaff complete (standard)
19:35:22 [v4][transport] pick OK in 4.13s
19:35:22 [v4][place] 'scaff': replaying taught posture [791, 426, 116, 216, 403] (base first, verified)
19:35:23 [v4][motion] base reached 791 after 1 extra wait(s)
19:35:24 [v4][place] 'scaff': at taught posture - releasing
19:35:25 [v4][transport] place OK in 2.96s
19:35:26 [v4][sorting-loop] LOCKED on scaff pixel=(383, 294) world=(0.169,-0.019,0.025)
19:35:26 [v4][sorting-loop] LOCKED on scaff pixel=(266, 303) world=(0.164,0.030,0.025)
19:35:26 [v4][heartbeat] enter=True sorting=True cam=LIVE ai=LIVE cam_fps=46.3 pub_fps=30.3 frames=46580 result_subs=1 roi=ok intrinsic=ok inference_age_ms=46 target=scaff transport=False sorting_thread=alive
19:35:27 [v4][sorting-loop] TRACK scaff e_dist=0.0008 (thresh=0.005) still=6/10 move=0/10
19:35:27 [v4][sorting-loop] FIRING TRANSPORT label=scaff pos=(0.163,0.030,0.025) yaw=647
19:35:27 [v4][transport] BEGIN pick scaff at (0.163,0.032,0.080) yaw_pulse=647
19:35:28 [v4][motion] base reached 545 after 1 extra wait(s)
19:35:29 [v4][pick] descend obj_top_z=0.080 grab_depth=0.015 -> z=0.065 (worldpos=legacy/table)
19:35:31 [v4][motion] base reached 500 after 1 extra wait(s)
19:35:31 [v4][pick] pick scaff complete (standard)
19:35:31 [v4][transport] pick OK in 4.13s
19:35:31 [v4][place] 'scaff': replaying taught posture [791, 426, 116, 216, 403] (base first, verified)
19:35:31 [v4][heartbeat] enter=True sorting=True cam=LIVE ai=LIVE cam_fps=46.2 pub_fps=30.4 frames=46811 result_subs=1 roi=ok intrinsic=ok inference_age_ms=53 target=scaff transport=True sorting_thread=alive
19:35:32 [v4][motion] base reached 791 after 1 extra wait(s)
19:35:33 [v4][place] 'scaff': at taught posture - releasing
19:35:34 [v4][transport] place OK in 2.98s
19:35:35 [v4][sorting-loop] LOCKED on scaff pixel=(452, 297) world=(0.169,-0.048,0.025)
19:35:35 [v4][sorting-loop] LOCKED on scaff pixel=(318, 287) world=(0.171,0.009,0.025)
19:35:35 [v4][sorting-loop] TRACK scaff e_dist=0.0021 (thresh=0.005) still=3/10 move=0/10
19:35:36 [v4][sorting-loop] TRACK scaff e_dist=0.0004 (thresh=0.005) still=7/10 move=0/10
19:35:36 [v4][sorting-loop] FIRING TRANSPORT label=scaff pos=(0.172,0.009,0.025) yaw=661
19:35:36 [v4][transport] BEGIN pick scaff at (0.172,0.009,0.080) yaw_pulse=661
19:35:36 [v4][heartbeat] enter=True sorting=True cam=LIVE ai=LIVE cam_fps=46.6 pub_fps=30.2 frames=47044 result_subs=1 roi=ok intrinsic=ok inference_age_ms=86 target=scaff transport=True sorting_thread=alive
19:35:37 [v4][pick] descend obj_top_z=0.080 grab_depth=0.015 -> z=0.065 (worldpos=legacy/table)
19:35:40 [v4][pick] pick scaff complete (standard)
19:35:40 [v4][transport] pick OK in 3.60s
19:35:40 [v4][place] 'scaff': replaying taught posture [791, 426, 116, 216, 403] (base first, verified)
19:35:41 [v4][motion] base reached 791 after 1 extra wait(s)
19:35:41 [v4][svc] enable_sorting -> False
19:35:41 [v4][place] taught place aborted before release for 'scaff' - object retained
19:35:41 [v4][transport] place FAIL in 1.35s
19:35:41 [v4][transport] place FAILED for scaff - releasing object AT HOME (see [place] log above for the refused coordinate)
19:35:41 [v4][heartbeat] enter=True sorting=False cam=LIVE ai=LIVE cam_fps=45.0 pub_fps=30.4 frames=47269 result_subs=1 roi=ok intrinsic=ok inference_age_ms=76 target=none transport=False sorting_thread=alive
19:35:43 [v4][enter] enter requested (camera subs were already alive)
19:35:43 [v4][roi] reading transform.yaml from /home/ubuntu/ros2_ws/src/stepper/config/transform.yaml
19:35:43 [v4][svc] enable_sorting -> True
19:35:43 [v4][roi]   loaded plane: [-0.0034594295448868296, -0.08463774716902761, -0.9964057828522352, 0.21475674481696266]
19:35:43 [v4][roi]   yaml loaded: extristric.shape=(4, 3) corners.shape=(5, 3) white_area_center.shape=(4, 4)
19:35:43 [v4][roi]   intrinsic ready after 0.00s (shape=(3, 3)) distortion.shape=(8,)
19:35:43 [v4][roi]   extrinsic plane shift done
19:35:43 [v4][roi]   projected 4 corners to image pixels
19:35:43 [v4][roi]   computed roi (y=79..403 x=164..572) on intrinsic shape=(3, 3)
19:35:43 [v4][sorting-loop] ROI built - detection branch is now live
19:35:43 [v4][sorting-loop] LOCKED on green cube pixel=(32, 272) world=(0.173,0.128,0.025)
19:35:43 [v4][sorting-loop] LOCKED on green cube pixel=(28, 264) world=(0.177,0.130,0.025)
19:35:44 [v4][sorting-loop] LOCKED on scaff pixel=(583, 406) world=(0.126,-0.103,0.025)
19:35:44 [v4][sorting-loop] LOCKED on scaff pixel=(580, 400) world=(0.128,-0.101,0.025)
19:35:44 [v4][sorting-loop] LOCKED on scaff pixel=(475, 368) world=(0.140,-0.058,0.025)
19:35:44 [v4][sorting-loop] LOCKED on scaff pixel=(403, 331) world=(0.154,-0.027,0.025)
19:35:44 [v4][sorting-loop] LOCKED on scaff pixel=(358, 312) world=(0.161,-0.008,0.025)
19:35:45 [v4][svc] enable_sorting -> False
19:35:46 [v4][heartbeat] enter=True sorting=False cam=LIVE ai=LIVE cam_fps=41.2 pub_fps=30.2 frames=47475 result_subs=1 roi=ok intrinsic=ok inference_age_ms=74 target=scaff transport=False sorting_thread=alive
19:35:51 [v4][heartbeat] enter=True sorting=False cam=LIVE ai=LIVE cam_fps=43.1 pub_fps=30.3 frames=47690 result_subs=1 roi=ok intrinsic=ok inference_age_ms=78 target=scaff transport=False sorting_thread=alive
19:35:56 [v4][heartbeat] enter=True sorting=False cam=LIVE ai=LIVE cam_fps=41.8 pub_fps=30.4 frames=47899 result_subs=1 roi=ok intrinsic=ok inference_age_ms=92 target=scaff transport=False sorting_thread=alive
19:36:01 [v4][heartbeat] enter=True sorting=False cam=LIVE ai=LIVE cam_fps=46.8 pub_fps=30.4 frames=48133 result_subs=1 roi=ok intrinsic=ok inference_age_ms=68 target=scaff transport=False sorting_thread=alive
19:36:06 [v4][heartbeat] enter=True sorting=False cam=LIVE ai=LIVE cam_fps=49.0 pub_fps=30.2 frames=48378 result_subs=1 roi=ok intrinsic=ok inference_age_ms=198 target=scaff transport=False sorting_thread=alive
19:36:11 [v4][heartbeat] enter=True sorting=False cam=LIVE ai=LIVE cam_fps=47.2 pub_fps=30.4 frames=48614 result_subs=1 roi=ok intrinsic=ok inference_age_ms=126 target=scaff transport=False sorting_thread=alive
19:36:16 [v4][heartbeat] enter=True sorting=False cam=LIVE ai=LIVE cam_fps=47.2 pub_fps=30.2 frames=48850 result_subs=1 roi=ok intrinsic=ok inference_age_ms=79 target=scaff transport=False sorting_thread=alive
19:36:21 [v4][heartbeat] enter=True sorting=False cam=LIVE ai=LIVE cam_fps=42.4 pub_fps=30.4 frames=49062 result_subs=1 roi=ok intrinsic=ok inference_age_ms=80 target=scaff transport=False sorting_thread=alive
19:36:26 [v4][heartbeat] enter=True sorting=False cam=LIVE ai=LIVE cam_fps=46.6 pub_fps=30.2 frames=49295 result_subs=1 roi=ok intrinsic=ok inference_age_ms=49 target=scaff transport=False sorting_thread=alive
19:36:27 [v4][svc] apply_and_persist (persist=True)
19:36:27 [v4][svc] merged ['grab_depth', 'grasp_stall_pulse', 'grasp_step_dwell', 'grasp_step_pulse', 'grasp_timeout', 'gripper_close_pulse', 'gripper_open_pulse', 'gripper_settle'] into /home/ubuntu/jetarm_v5_profiles/default.yaml
19:36:27 [v4][svc] apply_and_persist applied ['grab_depth', 'grasp_stall_pulse', 'grasp_step_dwell', 'grasp_step_pulse', 'grasp_timeout', 'gripper_close_pulse', 'gripper_open_pulse', 'gripper_settle']
19:36:31 [v4][heartbeat] enter=True sorting=False cam=LIVE ai=LIVE cam_fps=41.8 pub_fps=30.4 frames=49504 result_subs=1 roi=ok intrinsic=ok inference_age_ms=131 target=scaff transport=False sorting_thread=alive
19:36:36 [v4][heartbeat] enter=True sorting=False cam=LIVE ai=LIVE cam_fps=44.0 pub_fps=30.2 frames=49724 result_subs=1 roi=ok intrinsic=ok inference_age_ms=92 target=scaff transport=False sorting_thread=alive
19:36:41 [v4][heartbeat] enter=True sorting=False cam=LIVE ai=LIVE cam_fps=47.6 pub_fps=30.4 frames=49962 result_subs=1 roi=ok intrinsic=ok inference_age_ms=142 target=scaff transport=False sorting_thread=alive
19:36:46 [v4][heartbeat] enter=True sorting=False cam=LIVE ai=LIVE cam_fps=44.8 pub_fps=30.2 frames=50186 result_subs=1 roi=ok intrinsic=ok inference_age_ms=63 target=scaff transport=False sorting_thread=alive
19:36:50 [v4][svc] load_profile -> fast.yaml
19:36:50 [v4][param] inference_max_hz -> 20.0 APPLIED
19:36:50 [v4][svc]   applied 13/13 params from /home/ubuntu/jetarm_v5_profiles/fast.yaml
19:36:51 [v4][heartbeat] enter=True sorting=False cam=LIVE ai=LIVE cam_fps=44.1 pub_fps=30.3 frames=50407 result_subs=1 roi=ok intrinsic=ok inference_age_ms=88 target=scaff transport=False sorting_thread=alive
19:36:52 [v4][svc] apply_and_persist (persist=True)
19:36:52 [v4][svc] merged ['grab_depth', 'grasp_stall_pulse', 'grasp_step_dwell', 'grasp_step_pulse', 'grasp_timeout', 'gripper_close_pulse', 'gripper_open_pulse', 'gripper_settle'] into /home/ubuntu/jetarm_v5_profiles/default.yaml
19:36:52 [v4][svc] apply_and_persist applied ['grab_depth', 'grasp_stall_pulse', 'grasp_step_dwell', 'grasp_step_pulse', 'grasp_timeout', 'gripper_close_pulse', 'gripper_open_pulse', 'gripper_settle']
19:36:56 [v4][heartbeat] enter=True sorting=False cam=LIVE ai=LIVE cam_fps=40.5 pub_fps=30.2 frames=50609 result_subs=1 roi=ok intrinsic=ok inference_age_ms=65 target=scaff transport=False sorting_thread=alive
19:36:57 [v4][svc] load_profile -> fast.yaml
19:36:57 [v4][param] inference_max_hz -> 20.0 APPLIED
19:36:57 [v4][svc]   applied 13/13 params from /home/ubuntu/jetarm_v5_profiles/fast.yaml
19:37:01 [v4][heartbeat] enter=True sorting=False cam=LIVE ai=LIVE cam_fps=38.6 pub_fps=30.4 frames=50802 result_subs=1 roi=ok intrinsic=ok inference_age_ms=145 target=scaff transport=False sorting_thread=alive
19:37:06 [v4][heartbeat] enter=True sorting=False cam=LIVE ai=LIVE cam_fps=47.4 pub_fps=30.2 frames=51039 result_subs=1 roi=ok intrinsic=ok inference_age_ms=100 target=scaff transport=False sorting_thread=alive
19:37:11 [v4][heartbeat] enter=True sorting=False cam=LIVE ai=LIVE cam_fps=43.0 pub_fps=30.4 frames=51254 result_subs=1 roi=ok intrinsic=ok inference_age_ms=67 target=scaff transport=False sorting_thread=alive
19:37:16 [v4][heartbeat] enter=True sorting=False cam=LIVE ai=LIVE cam_fps=42.8 pub_fps=30.2 frames=51468 result_subs=1 roi=ok intrinsic=ok inference_age_ms=77 target=scaff transport=False sorting_thread=alive
19:37:21 [v4][heartbeat] enter=True sorting=False cam=LIVE ai=LIVE cam_fps=43.8 pub_fps=30.4 frames=51687 result_subs=1 roi=ok intrinsic=ok inference_age_ms=105 target=scaff transport=False sorting_thread=alive
19:37:26 [v4][heartbeat] enter=True sorting=False cam=LIVE ai=LIVE cam_fps=41.2 pub_fps=30.2 frames=51893 result_subs=1 roi=ok intrinsic=ok inference_age_ms=79 target=scaff transport=False sorting_thread=alive
19:37:31 [v4][heartbeat] enter=True sorting=False cam=LIVE ai=LIVE cam_fps=45.0 pub_fps=30.4 frames=52118 result_subs=1 roi=ok intrinsic=ok inference_age_ms=72 target=scaff transport=False sorting_thread=alive
19:37:36 [v4][heartbeat] enter=True sorting=False cam=LIVE ai=LIVE cam_fps=43.6 pub_fps=30.2 frames=52336 result_subs=1 roi=ok intrinsic=ok inference_age_ms=80 target=scaff transport=False sorting_thread=alive
19:37:41 [v4][heartbeat] enter=True sorting=False cam=LIVE ai=LIVE cam_fps=40.0 pub_fps=30.4 frames=52536 result_subs=1 roi=ok intrinsic=ok inference_age_ms=134 target=scaff transport=False sorting_thread=alive
19:37:46 [v4][heartbeat] enter=True sorting=False cam=LIVE ai=LIVE cam_fps=43.0 pub_fps=30.2 frames=52751 result_subs=1 roi=ok intrinsic=ok inference_age_ms=76 target=scaff transport=False sorting_thread=alive
19:37:51 [v4][heartbeat] enter=True sorting=False cam=LIVE ai=LIVE cam_fps=37.0 pub_fps=30.4 frames=52936 result_subs=1 roi=ok intrinsic=ok inference_age_ms=157 target=scaff transport=False sorting_thread=alive
19:37:54 [v4][test-grip] class='scaff' max_strength=540 dwell=3.0s starting
19:37:54 [v4][test-grip] test-pose IK failed
19:37:56 [v4][heartbeat] enter=True sorting=False cam=LIVE ai=LIVE cam_fps=42.4 pub_fps=30.2 frames=53148 result_subs=1 roi=ok intrinsic=ok inference_age_ms=119 target=scaff transport=False sorting_thread=alive
19:38:01 [v4][test-grip] class='scaff' max_strength=540 dwell=3.0s starting
19:38:01 [v4][test-grip] test-pose IK failed
19:38:01 [v4][heartbeat] enter=True sorting=False cam=LIVE ai=LIVE cam_fps=37.0 pub_fps=30.2 frames=53333 result_subs=1 roi=ok intrinsic=ok inference_age_ms=118 target=scaff transport=False sorting_thread=alive
19:38:06 [v4][heartbeat] enter=True sorting=False cam=LIVE ai=LIVE cam_fps=44.1 pub_fps=30.6 frames=53554 result_subs=1 roi=ok intrinsic=ok inference_age_ms=107 target=scaff transport=False sorting_thread=alive
19:38:11 [v4][heartbeat] enter=True sorting=False cam=LIVE ai=LIVE cam_fps=45.7 pub_fps=30.2 frames=53782 result_subs=1 roi=ok intrinsic=ok inference_age_ms=163 target=scaff transport=False sorting_thread=alive
19:38:16 [v4][heartbeat] enter=True sorting=False cam=LIVE ai=LIVE cam_fps=40.5 pub_fps=30.1 frames=53985 result_subs=1 roi=ok intrinsic=ok inference_age_ms=106 target=scaff transport=False sorting_thread=alive
19:38:21 [v4][heartbeat] enter=True sorting=False cam=LIVE ai=LIVE cam_fps=46.3 pub_fps=30.5 frames=54216 result_subs=1 roi=ok intrinsic=ok inference_age_ms=101 target=scaff transport=False sorting_thread=alive
19:38:26 [v4][heartbeat] enter=True sorting=False cam=LIVE ai=LIVE cam_fps=41.8 pub_fps=30.4 frames=54425 result_subs=1 roi=ok intrinsic=ok inference_age_ms=111 target=scaff transport=False sorting_thread=alive
19:38:31 [v4][heartbeat] enter=True sorting=False cam=LIVE ai=LIVE cam_fps=41.6 pub_fps=30.0 frames=54633 result_subs=1 roi=ok intrinsic=ok inference_age_ms=178 target=scaff transport=False sorting_thread=alive
19:38:36 [v4][heartbeat] enter=True sorting=False cam=LIVE ai=LIVE cam_fps=43.9 pub_fps=30.6 frames=54853 result_subs=1 roi=ok intrinsic=ok inference_age_ms=100 target=scaff transport=False sorting_thread=alive
19:38:41 [v4][heartbeat] enter=True sorting=False cam=LIVE ai=LIVE cam_fps=42.2 pub_fps=30.2 frames=55064 result_subs=1 roi=ok intrinsic=ok inference_age_ms=85 target=scaff transport=False sorting_thread=alive
19:38:46 [v4][heartbeat] enter=True sorting=False cam=LIVE ai=LIVE cam_fps=44.8 pub_fps=30.4 frames=55288 result_subs=1 roi=ok intrinsic=ok inference_age_ms=92 target=scaff transport=False sorting_thread=alive
19:38:51 [v4][heartbeat] enter=True sorting=False cam=LIVE ai=LIVE cam_fps=42.6 pub_fps=30.2 frames=55501 result_subs=1 roi=ok intrinsic=ok inference_age_ms=108 target=scaff transport=False sorting_thread=alive
19:38:56 [v4][heartbeat] enter=True sorting=False cam=LIVE ai=LIVE cam_fps=43.5 pub_fps=30.3 frames=55719 result_subs=1 roi=ok intrinsic=ok inference_age_ms=160 target=scaff transport=False sorting_thread=alive
19:39:01 [v4][heartbeat] enter=True sorting=False cam=LIVE ai=LIVE cam_fps=48.5 pub_fps=30.2 frames=55961 result_subs=1 roi=ok intrinsic=ok inference_age_ms=106 target=scaff transport=False sorting_thread=alive
19:39:06 [v4][heartbeat] enter=True sorting=False cam=LIVE ai=LIVE cam_fps=42.4 pub_fps=30.4 frames=56173 result_subs=1 roi=ok intrinsic=ok inference_age_ms=71 target=scaff transport=False sorting_thread=alive
19:39:11 [v4][heartbeat] enter=True sorting=False cam=LIVE ai=LIVE cam_fps=47.0 pub_fps=30.2 frames=56408 result_subs=1 roi=ok intrinsic=ok inference_age_ms=107 target=scaff transport=False sorting_thread=alive
19:39:16 [v4][heartbeat] enter=True sorting=False cam=LIVE ai=LIVE cam_fps=48.9 pub_fps=30.3 frames=56653 result_subs=1 roi=ok intrinsic=ok inference_age_ms=91 target=scaff transport=False sorting_thread=alive
19:39:21 [v4][heartbeat] enter=True sorting=False cam=LIVE ai=LIVE cam_fps=46.1 pub_fps=30.3 frames=56883 result_subs=1 roi=ok intrinsic=ok inference_age_ms=97 target=scaff transport=False sorting_thread=alive
19:39:26 [v4][heartbeat] enter=True sorting=False cam=LIVE ai=LIVE cam_fps=49.0 pub_fps=30.4 frames=57128 result_subs=1 roi=ok intrinsic=ok inference_age_ms=119 target=scaff transport=False sorting_thread=alive
19:39:31 [v4][heartbeat] enter=True sorting=False cam=LIVE ai=LIVE cam_fps=47.2 pub_fps=30.2 frames=57364 result_subs=1 roi=ok intrinsic=ok inference_age_ms=94 target=scaff transport=False sorting_thread=alive
19:39:36 [v4][heartbeat] enter=True sorting=False cam=LIVE ai=LIVE cam_fps=46.5 pub_fps=30.4 frames=57597 result_subs=1 roi=ok intrinsic=ok inference_age_ms=112 target=scaff transport=False sorting_thread=alive
19:39:41 [v4][heartbeat] enter=True sorting=False cam=LIVE ai=LIVE cam_fps=51.1 pub_fps=30.2 frames=57852 result_subs=1 roi=ok intrinsic=ok inference_age_ms=102 target=scaff transport=False sorting_thread=alive
19:39:46 [v4][heartbeat] enter=True sorting=False cam=LIVE ai=LIVE cam_fps=44.4 pub_fps=30.4 frames=58074 result_subs=1 roi=ok intrinsic=ok inference_age_ms=112 target=scaff transport=False sorting_thread=alive
19:39:51 [v4][heartbeat] enter=True sorting=False cam=LIVE ai=LIVE cam_fps=48.2 pub_fps=30.2 frames=58315 result_subs=1 roi=ok intrinsic=ok inference_age_ms=88 target=scaff transport=False sorting_thread=alive
19:39:56 [v4][heartbeat] enter=True sorting=False cam=LIVE ai=LIVE cam_fps=44.0 pub_fps=30.4 frames=58535 result_subs=1 roi=ok intrinsic=ok inference_age_ms=168 target=scaff transport=False sorting_thread=alive
19:40:01 [v4][heartbeat] enter=True sorting=False cam=LIVE ai=LIVE cam_fps=45.6 pub_fps=30.2 frames=58763 result_subs=1 roi=ok intrinsic=ok inference_age_ms=46 target=scaff transport=False sorting_thread=alive
19:40:06 [v4][heartbeat] enter=True sorting=False cam=LIVE ai=LIVE cam_fps=45.8 pub_fps=30.4 frames=58992 result_subs=1 roi=ok intrinsic=ok inference_age_ms=132 target=scaff transport=False sorting_thread=alive
19:40:11 [v4][heartbeat] enter=True sorting=False cam=LIVE ai=LIVE cam_fps=43.2 pub_fps=30.2 frames=59208 result_subs=1 roi=ok intrinsic=ok inference_age_ms=98 target=scaff transport=False sorting_thread=alive
19:40:16 [v4][heartbeat] enter=True sorting=False cam=LIVE ai=LIVE cam_fps=47.0 pub_fps=30.4 frames=59443 result_subs=1 roi=ok intrinsic=ok inference_age_ms=74 target=scaff transport=False sorting_thread=alive
19:40:21 [v4][heartbeat] enter=True sorting=False cam=LIVE ai=LIVE cam_fps=48.2 pub_fps=30.2 frames=59684 result_subs=1 roi=ok intrinsic=ok inference_age_ms=100 target=scaff transport=False sorting_thread=alive
19:40:26 [v4][heartbeat] enter=True sorting=False cam=LIVE ai=LIVE cam_fps=45.2 pub_fps=30.4 frames=59910 result_subs=1 roi=ok intrinsic=ok inference_age_ms=178 target=scaff transport=False sorting_thread=alive
19:40:31 [v4][heartbeat] enter=True sorting=False cam=LIVE ai=LIVE cam_fps=47.2 pub_fps=30.2 frames=60146 result_subs=1 roi=ok intrinsic=ok inference_age_ms=133 target=scaff transport=False sorting_thread=alive
19:40:36 [v4][heartbeat] enter=True sorting=False cam=LIVE ai=LIVE cam_fps=45.8 pub_fps=30.4 frames=60375 result_subs=1 roi=ok intrinsic=ok inference_age_ms=116 target=scaff transport=False sorting_thread=alive
19:40:41 [v4][heartbeat] enter=True sorting=False cam=LIVE ai=LIVE cam_fps=46.9 pub_fps=30.1 frames=60610 result_subs=1 roi=ok intrinsic=ok inference_age_ms=80 target=scaff transport=False sorting_thread=alive
19:40:46 [v4][heartbeat] enter=True sorting=False cam=LIVE ai=LIVE cam_fps=47.9 pub_fps=30.5 frames=60849 result_subs=1 roi=ok intrinsic=ok inference_age_ms=64 target=scaff transport=False sorting_thread=alive
19:40:51 [v4][heartbeat] enter=True sorting=False cam=LIVE ai=LIVE cam_fps=46.6 pub_fps=30.4 frames=61082 result_subs=1 roi=ok intrinsic=ok inference_age_ms=99 target=scaff transport=False sorting_thread=alive
19:40:56 [v4][heartbeat] enter=True sorting=False cam=LIVE ai=LIVE cam_fps=51.2 pub_fps=30.2 frames=61338 result_subs=1 roi=ok intrinsic=ok inference_age_ms=132 target=scaff transport=False sorting_thread=alive
19:41:01 [v4][heartbeat] enter=True sorting=False cam=LIVE ai=LIVE cam_fps=45.4 pub_fps=30.2 frames=61565 result_subs=1 roi=ok intrinsic=ok inference_age_ms=101 target=scaff transport=False sorting_thread=alive
19:41:06 [v4][heartbeat] enter=True sorting=False cam=LIVE ai=LIVE cam_fps=46.8 pub_fps=30.4 frames=61799 result_subs=1 roi=ok intrinsic=ok inference_age_ms=101 target=scaff transport=False sorting_thread=alive
19:41:11 [v4][heartbeat] enter=True sorting=False cam=LIVE ai=LIVE cam_fps=48.8 pub_fps=30.2 frames=62043 result_subs=1 roi=ok intrinsic=ok inference_age_ms=85 target=scaff transport=False sorting_thread=alive
19:41:16 [v4][heartbeat] enter=True sorting=False cam=LIVE ai=LIVE cam_fps=47.2 pub_fps=30.4 frames=62279 result_subs=1 roi=ok intrinsic=ok inference_age_ms=73 target=scaff transport=False sorting_thread=alive
19:41:21 [v4][heartbeat] enter=True sorting=False cam=LIVE ai=LIVE cam_fps=50.3 pub_fps=30.0 frames=62532 result_subs=1 roi=ok intrinsic=ok inference_age_ms=57 target=scaff transport=False sorting_thread=alive
19:41:26 [v4][heartbeat] enter=True sorting=False cam=LIVE ai=LIVE cam_fps=46.0 pub_fps=30.3 frames=62761 result_subs=1 roi=ok intrinsic=ok inference_age_ms=102 target=scaff transport=False sorting_thread=alive
19:41:31 [v4][heartbeat] enter=True sorting=False cam=LIVE ai=LIVE cam_fps=45.8 pub_fps=30.2 frames=62990 result_subs=1 roi=ok intrinsic=ok inference_age_ms=148 target=scaff transport=False sorting_thread=alive
19:41:36 [v4][heartbeat] enter=True sorting=False cam=LIVE ai=LIVE cam_fps=48.4 pub_fps=30.4 frames=63232 result_subs=1 roi=ok intrinsic=ok inference_age_ms=78 target=scaff transport=False sorting_thread=alive
19:41:41 [v4][heartbeat] enter=True sorting=False cam=LIVE ai=LIVE cam_fps=45.2 pub_fps=30.4 frames=63458 result_subs=1 roi=ok intrinsic=ok inference_age_ms=75 target=scaff transport=False sorting_thread=alive
19:41:46 [v4][heartbeat] enter=True sorting=False cam=LIVE ai=LIVE cam_fps=48.0 pub_fps=30.2 frames=63698 result_subs=1 roi=ok intrinsic=ok inference_age_ms=52 target=scaff transport=False sorting_thread=alive
19:41:51 [v4][heartbeat] enter=True sorting=False cam=LIVE ai=LIVE cam_fps=46.6 pub_fps=30.2 frames=63931 result_subs=1 roi=ok intrinsic=ok inference_age_ms=76 target=scaff transport=False sorting_thread=alive
19:41:56 [v4][heartbeat] enter=True sorting=False cam=LIVE ai=LIVE cam_fps=47.6 pub_fps=30.4 frames=64169 result_subs=1 roi=ok intrinsic=ok inference_age_ms=95 target=scaff transport=False sorting_thread=alive
19:42:01 [v4][heartbeat] enter=True sorting=False cam=LIVE ai=LIVE cam_fps=47.8 pub_fps=30.4 frames=64408 result_subs=1 roi=ok intrinsic=ok inference_age_ms=93 target=scaff transport=False sorting_thread=alive
19:42:06 [v4][heartbeat] enter=True sorting=False cam=LIVE ai=LIVE cam_fps=44.2 pub_fps=30.2 frames=64629 result_subs=1 roi=ok intrinsic=ok inference_age_ms=137 target=scaff transport=False sorting_thread=alive
19:42:11 [v4][heartbeat] enter=True sorting=False cam=LIVE ai=LIVE cam_fps=49.2 pub_fps=30.2 frames=64875 result_subs=1 roi=ok intrinsic=ok inference_age_ms=71 target=scaff transport=False sorting_thread=alive
19:42:16 [v4][heartbeat] enter=True sorting=False cam=LIVE ai=LIVE cam_fps=46.8 pub_fps=30.4 frames=65109 result_subs=1 roi=ok intrinsic=ok inference_age_ms=99 target=scaff transport=False sorting_thread=alive
19:42:21 [v4][heartbeat] enter=True sorting=False cam=LIVE ai=LIVE cam_fps=46.6 pub_fps=30.2 frames=65342 result_subs=1 roi=ok intrinsic=ok inference_age_ms=108 target=scaff transport=False sorting_thread=alive
19:42:26 [v4][heartbeat] enter=True sorting=False cam=LIVE ai=LIVE cam_fps=48.8 pub_fps=30.4 frames=65586 result_subs=1 roi=ok intrinsic=ok inference_age_ms=106 target=scaff transport=False sorting_thread=alive
19:42:31 [v4][heartbeat] enter=True sorting=False cam=LIVE ai=LIVE cam_fps=45.6 pub_fps=30.2 frames=65814 result_subs=1 roi=ok intrinsic=ok inference_age_ms=149 target=scaff transport=False sorting_thread=alive
19:42:36 [v4][heartbeat] enter=True sorting=False cam=LIVE ai=LIVE cam_fps=46.8 pub_fps=30.4 frames=66048 result_subs=1 roi=ok intrinsic=ok inference_age_ms=137 target=scaff transport=False sorting_thread=alive
19:42:41 [v4][heartbeat] enter=True sorting=False cam=LIVE ai=LIVE cam_fps=47.2 pub_fps=30.4 frames=66284 result_subs=1 roi=ok intrinsic=ok inference_age_ms=74 target=scaff transport=False sorting_thread=alive
19:42:46 [v4][heartbeat] enter=True sorting=False cam=LIVE ai=LIVE cam_fps=45.4 pub_fps=30.2 frames=66511 result_subs=1 roi=ok intrinsic=ok inference_age_ms=117 target=scaff transport=False sorting_thread=alive
19:42:51 [v4][heartbeat] enter=True sorting=False cam=LIVE ai=LIVE cam_fps=46.6 pub_fps=30.4 frames=66744 result_subs=1 roi=ok intrinsic=ok inference_age_ms=102 target=scaff transport=False sorting_thread=alive
19:42:56 [v4][heartbeat] enter=True sorting=False cam=LIVE ai=LIVE cam_fps=45.8 pub_fps=30.2 frames=66973 result_subs=1 roi=ok intrinsic=ok inference_age_ms=83 target=scaff transport=False sorting_thread=alive
19:43:01 [v4][heartbeat] enter=True sorting=False cam=LIVE ai=LIVE cam_fps=47.8 pub_fps=30.4 frames=67212 result_subs=1 roi=ok intrinsic=ok inference_age_ms=64 target=scaff transport=False sorting_thread=alive
19:43:06 [v4][heartbeat] enter=True sorting=False cam=LIVE ai=LIVE cam_fps=48.2 pub_fps=30.2 frames=67453 result_subs=1 roi=ok intrinsic=ok inference_age_ms=66 target=scaff transport=False sorting_thread=alive
19:43:11 [v4][heartbeat] enter=True sorting=False cam=LIVE ai=LIVE cam_fps=45.0 pub_fps=30.4 frames=67678 result_subs=1 roi=ok intrinsic=ok inference_age_ms=122 target=scaff transport=False sorting_thread=alive
19:43:16 [v4][heartbeat] enter=True sorting=False cam=LIVE ai=LIVE cam_fps=52.1 pub_fps=30.2 frames=67938 result_subs=1 roi=ok intrinsic=ok inference_age_ms=139 target=scaff transport=False sorting_thread=alive
19:43:21 [v4][heartbeat] enter=True sorting=False cam=LIVE ai=LIVE cam_fps=46.2 pub_fps=30.4 frames=68169 result_subs=1 roi=ok intrinsic=ok inference_age_ms=84 target=scaff transport=False sorting_thread=alive
19:43:26 [v4][heartbeat] enter=True sorting=False cam=LIVE ai=LIVE cam_fps=48.6 pub_fps=30.2 frames=68412 result_subs=1 roi=ok intrinsic=ok inference_age_ms=50 target=scaff transport=False sorting_thread=alive
19:43:31 [v4][heartbeat] enter=True sorting=False cam=LIVE ai=LIVE cam_fps=48.8 pub_fps=30.4 frames=68656 result_subs=1 roi=ok intrinsic=ok inference_age_ms=128 target=scaff transport=False sorting_thread=alive
19:43:36 [v4][heartbeat] enter=True sorting=False cam=LIVE ai=LIVE cam_fps=43.0 pub_fps=30.4 frames=68871 result_subs=1 roi=ok intrinsic=ok inference_age_ms=141 target=scaff transport=False sorting_thread=alive
19:43:41 [v4][heartbeat] enter=True sorting=False cam=LIVE ai=LIVE cam_fps=49.4 pub_fps=30.2 frames=69118 result_subs=1 roi=ok intrinsic=ok inference_age_ms=180 target=scaff transport=False sorting_thread=alive
19:43:46 [v4][heartbeat] enter=True sorting=False cam=LIVE ai=LIVE cam_fps=45.4 pub_fps=30.2 frames=69345 result_subs=1 roi=ok intrinsic=ok inference_age_ms=69 target=scaff transport=False sorting_thread=alive
19:43:51 [v4][heartbeat] enter=True sorting=False cam=LIVE ai=LIVE cam_fps=45.4 pub_fps=30.4 frames=69572 result_subs=1 roi=ok intrinsic=ok inference_age_ms=117 target=scaff transport=False sorting_thread=alive
19:43:56 [v4][heartbeat] enter=True sorting=False cam=LIVE ai=LIVE cam_fps=47.5 pub_fps=30.3 frames=69810 result_subs=1 roi=ok intrinsic=ok inference_age_ms=133 target=scaff transport=False sorting_thread=alive
19:44:01 [v4][heartbeat] enter=True sorting=False cam=LIVE ai=LIVE cam_fps=44.5 pub_fps=30.3 frames=70032 result_subs=1 roi=ok intrinsic=ok inference_age_ms=132 target=scaff transport=False sorting_thread=alive
19:44:06 [v4][heartbeat] enter=True sorting=False cam=LIVE ai=LIVE cam_fps=47.0 pub_fps=30.2 frames=70267 result_subs=1 roi=ok intrinsic=ok inference_age_ms=120 target=scaff transport=False sorting_thread=alive
19:44:11 [v4][heartbeat] enter=True sorting=False cam=LIVE ai=LIVE cam_fps=46.2 pub_fps=30.4 frames=70498 result_subs=1 roi=ok intrinsic=ok inference_age_ms=69 target=scaff transport=False sorting_thread=alive
19:44:16 [v4][heartbeat] enter=True sorting=False cam=LIVE ai=LIVE cam_fps=44.0 pub_fps=30.2 frames=70718 result_subs=1 roi=ok intrinsic=ok inference_age_ms=118 target=scaff transport=False sorting_thread=alive
19:44:21 [v4][heartbeat] enter=True sorting=False cam=LIVE ai=LIVE cam_fps=49.4 pub_fps=30.4 frames=70965 result_subs=1 roi=ok intrinsic=ok inference_age_ms=92 target=scaff transport=False sorting_thread=alive
19:44:26 [v4][heartbeat] enter=True sorting=False cam=LIVE ai=LIVE cam_fps=42.9 pub_fps=30.4 frames=71180 result_subs=1 roi=ok intrinsic=ok inference_age_ms=120 target=scaff transport=False sorting_thread=alive
19:44:31 [v4][heartbeat] enter=True sorting=False cam=LIVE ai=LIVE cam_fps=48.9 pub_fps=30.2 frames=71424 result_subs=1 roi=ok intrinsic=ok inference_age_ms=75 target=scaff transport=False sorting_thread=alive
19:44:36 [v4][heartbeat] enter=True sorting=False cam=LIVE ai=LIVE cam_fps=45.8 pub_fps=30.2 frames=71653 result_subs=1 roi=ok intrinsic=ok inference_age_ms=85 target=scaff transport=False sorting_thread=alive
19:44:41 [v4][heartbeat] enter=True sorting=False cam=LIVE ai=LIVE cam_fps=44.4 pub_fps=30.4 frames=71875 result_subs=1 roi=ok intrinsic=ok inference_age_ms=85 target=scaff transport=False sorting_thread=alive
19:44:46 [v4][heartbeat] enter=True sorting=False cam=LIVE ai=LIVE cam_fps=49.0 pub_fps=30.4 frames=72120 result_subs=1 roi=ok intrinsic=ok inference_age_ms=99 target=scaff transport=False sorting_thread=alive
19:44:51 [v4][heartbeat] enter=True sorting=False cam=LIVE ai=LIVE cam_fps=46.4 pub_fps=30.2 frames=72352 result_subs=1 roi=ok intrinsic=ok inference_age_ms=89 target=scaff transport=False sorting_thread=alive
19:44:56 [v4][heartbeat] enter=True sorting=False cam=LIVE ai=LIVE cam_fps=45.9 pub_fps=30.1 frames=72582 result_subs=1 roi=ok intrinsic=ok inference_age_ms=95 target=scaff transport=False sorting_thread=alive
19:45:01 [v4][heartbeat] enter=True sorting=False cam=LIVE ai=LIVE cam_fps=47.1 pub_fps=30.5 frames=72817 result_subs=1 roi=ok intrinsic=ok inference_age_ms=77 target=scaff transport=False sorting_thread=alive
19:45:06 [v4][heartbeat] enter=True sorting=False cam=LIVE ai=LIVE cam_fps=46.8 pub_fps=30.2 frames=73051 result_subs=1 roi=ok intrinsic=ok inference_age_ms=104 target=scaff transport=False sorting_thread=alive
19:45:11 [v4][heartbeat] enter=True sorting=False cam=LIVE ai=LIVE cam_fps=50.3 pub_fps=30.4 frames=73303 result_subs=1 roi=ok intrinsic=ok inference_age_ms=62 target=scaff transport=False sorting_thread=alive
19:45:16 [v4][heartbeat] enter=True sorting=False cam=LIVE ai=LIVE cam_fps=46.1 pub_fps=30.5 frames=73533 result_subs=1 roi=ok intrinsic=ok inference_age_ms=97 target=scaff transport=False sorting_thread=alive
19:45:21 [v4][heartbeat] enter=True sorting=False cam=LIVE ai=LIVE cam_fps=50.4 pub_fps=30.2 frames=73785 result_subs=1 roi=ok intrinsic=ok inference_age_ms=96 target=scaff transport=False sorting_thread=alive
19:45:26 [v4][heartbeat] enter=True sorting=False cam=LIVE ai=LIVE cam_fps=46.5 pub_fps=30.4 frames=74018 result_subs=1 roi=ok intrinsic=ok inference_age_ms=105 target=scaff transport=False sorting_thread=alive
19:45:31 [v4][heartbeat] enter=True sorting=False cam=LIVE ai=LIVE cam_fps=48.5 pub_fps=30.2 frames=74260 result_subs=1 roi=ok intrinsic=ok inference_age_ms=85 target=scaff transport=False sorting_thread=alive
19:45:36 [v4][heartbeat] enter=True sorting=False cam=LIVE ai=LIVE cam_fps=51.4 pub_fps=30.2 frames=74517 result_subs=1 roi=ok intrinsic=ok inference_age_ms=107 target=scaff transport=False sorting_thread=alive
19:45:41 [v4][heartbeat] enter=True sorting=False cam=LIVE ai=LIVE cam_fps=45.4 pub_fps=30.4 frames=74744 result_subs=1 roi=ok intrinsic=ok inference_age_ms=103 target=scaff transport=False sorting_thread=alive
19:45:46 [v4][heartbeat] enter=True sorting=False cam=LIVE ai=LIVE cam_fps=49.0 pub_fps=30.2 frames=74989 result_subs=1 roi=ok intrinsic=ok inference_age_ms=80 target=scaff transport=False sorting_thread=alive
19:45:51 [v4][heartbeat] enter=True sorting=False cam=LIVE ai=LIVE cam_fps=49.6 pub_fps=30.4 frames=75237 result_subs=1 roi=ok intrinsic=ok inference_age_ms=61 target=scaff transport=False sorting_thread=alive
19:45:56 [v4][heartbeat] enter=True sorting=False cam=LIVE ai=LIVE cam_fps=46.3 pub_fps=30.3 frames=75469 result_subs=1 roi=ok intrinsic=ok inference_age_ms=120 target=scaff transport=False sorting_thread=alive
19:46:01 [v4][heartbeat] enter=True sorting=False cam=LIVE ai=LIVE cam_fps=47.3 pub_fps=30.3 frames=75705 result_subs=1 roi=ok intrinsic=ok inference_age_ms=148 target=scaff transport=False sorting_thread=alive
19:46:06 [v4][heartbeat] enter=True sorting=False cam=LIVE ai=LIVE cam_fps=44.3 pub_fps=30.4 frames=75927 result_subs=1 roi=ok intrinsic=ok inference_age_ms=74 target=scaff transport=False sorting_thread=alive
19:46:11 [v4][heartbeat] enter=True sorting=False cam=LIVE ai=LIVE cam_fps=46.8 pub_fps=30.2 frames=76161 result_subs=1 roi=ok intrinsic=ok inference_age_ms=91 target=scaff transport=False sorting_thread=alive
19:46:16 [v4][heartbeat] enter=True sorting=False cam=LIVE ai=LIVE cam_fps=46.6 pub_fps=30.4 frames=76394 result_subs=1 roi=ok intrinsic=ok inference_age_ms=84 target=scaff transport=False sorting_thread=alive
19:46:21 [v4][heartbeat] enter=True sorting=False cam=LIVE ai=LIVE cam_fps=43.2 pub_fps=30.2 frames=76610 result_subs=1 roi=ok intrinsic=ok inference_age_ms=171 target=scaff transport=False sorting_thread=alive
19:46:26 [v4][heartbeat] enter=True sorting=False cam=LIVE ai=LIVE cam_fps=48.8 pub_fps=30.4 frames=76854 result_subs=1 roi=ok intrinsic=ok inference_age_ms=117 target=scaff transport=False sorting_thread=alive
19:46:31 [v4][heartbeat] enter=True sorting=False cam=LIVE ai=LIVE cam_fps=44.4 pub_fps=30.2 frames=77076 result_subs=1 roi=ok intrinsic=ok inference_age_ms=133 target=scaff transport=False sorting_thread=alive
19:46:36 [v4][heartbeat] enter=True sorting=False cam=LIVE ai=LIVE cam_fps=41.4 pub_fps=30.4 frames=77283 result_subs=1 roi=ok intrinsic=ok inference_age_ms=136 target=scaff transport=False sorting_thread=alive
19:46:41 [v4][heartbeat] enter=True sorting=False cam=LIVE ai=LIVE cam_fps=49.4 pub_fps=30.4 frames=77530 result_subs=1 roi=ok intrinsic=ok inference_age_ms=123 target=scaff transport=False sorting_thread=alive
19:46:46 [v4][heartbeat] enter=True sorting=False cam=LIVE ai=LIVE cam_fps=41.6 pub_fps=30.2 frames=77738 result_subs=1 roi=ok intrinsic=ok inference_age_ms=107 target=scaff transport=False sorting_thread=alive
19:46:51 [v4][heartbeat] enter=True sorting=False cam=LIVE ai=LIVE cam_fps=47.1 pub_fps=30.3 frames=77974 result_subs=1 roi=ok intrinsic=ok inference_age_ms=103 target=scaff transport=False sorting_thread=alive
19:46:56 [v4][heartbeat] enter=True sorting=False cam=LIVE ai=LIVE cam_fps=44.7 pub_fps=30.3 frames=78197 result_subs=1 roi=ok intrinsic=ok inference_age_ms=110 target=scaff transport=False sorting_thread=alive
19:47:01 [v4][heartbeat] enter=True sorting=False cam=LIVE ai=LIVE cam_fps=44.4 pub_fps=30.2 frames=78419 result_subs=1 roi=ok intrinsic=ok inference_age_ms=56 target=scaff transport=False sorting_thread=alive
19:47:06 [v4][heartbeat] enter=True sorting=False cam=LIVE ai=LIVE cam_fps=47.0 pub_fps=30.4 frames=78654 result_subs=1 roi=ok intrinsic=ok inference_age_ms=49 target=scaff transport=False sorting_thread=alive
19:47:11 [v4][heartbeat] enter=True sorting=False cam=LIVE ai=LIVE cam_fps=41.4 pub_fps=30.2 frames=78861 result_subs=1 roi=ok intrinsic=ok inference_age_ms=113 target=scaff transport=False sorting_thread=alive
19:47:16 [v4][heartbeat] enter=True sorting=False cam=LIVE ai=LIVE cam_fps=45.0 pub_fps=30.4 frames=79086 result_subs=1 roi=ok intrinsic=ok inference_age_ms=62 target=scaff transport=False sorting_thread=alive
19:47:21 [v4][heartbeat] enter=True sorting=False cam=LIVE ai=LIVE cam_fps=48.0 pub_fps=30.4 frames=79326 result_subs=1 roi=ok intrinsic=ok inference_age_ms=60 target=scaff transport=False sorting_thread=alive
19:47:26 [v4][heartbeat] enter=True sorting=False cam=LIVE ai=LIVE cam_fps=42.2 pub_fps=30.2 frames=79537 result_subs=1 roi=ok intrinsic=ok inference_age_ms=111 target=scaff transport=False sorting_thread=alive
19:47:31 [v4][heartbeat] enter=True sorting=False cam=LIVE ai=LIVE cam_fps=46.0 pub_fps=30.4 frames=79767 result_subs=1 roi=ok intrinsic=ok inference_age_ms=110 target=scaff transport=False sorting_thread=alive
19:47:36 [v4][heartbeat] enter=True sorting=False cam=LIVE ai=LIVE cam_fps=42.4 pub_fps=30.2 frames=79979 result_subs=1 roi=ok intrinsic=ok inference_age_ms=61 target=scaff transport=False sorting_thread=alive
19:47:41 [v4][heartbeat] enter=True sorting=False cam=LIVE ai=LIVE cam_fps=45.8 pub_fps=30.4 frames=80208 result_subs=1 roi=ok intrinsic=ok inference_age_ms=73 target=scaff transport=False sorting_thread=alive
19:47:46 [v4][heartbeat] enter=True sorting=False cam=LIVE ai=LIVE cam_fps=43.4 pub_fps=30.2 frames=80425 result_subs=1 roi=ok intrinsic=ok inference_age_ms=122 target=scaff transport=False sorting_thread=alive
19:47:51 [v4][heartbeat] enter=True sorting=False cam=LIVE ai=LIVE cam_fps=39.6 pub_fps=30.4 frames=80623 result_subs=1 roi=ok intrinsic=ok inference_age_ms=92 target=scaff transport=False sorting_thread=alive
19:47:56 [v4][heartbeat] enter=True sorting=False cam=LIVE ai=LIVE cam_fps=48.8 pub_fps=30.2 frames=80867 result_subs=1 roi=ok intrinsic=ok inference_age_ms=89 target=scaff transport=False sorting_thread=alive
19:48:01 [v4][heartbeat] enter=True sorting=False cam=LIVE ai=LIVE cam_fps=39.8 pub_fps=30.4 frames=81066 result_subs=1 roi=ok intrinsic=ok inference_age_ms=96 target=scaff transport=False sorting_thread=alive
19:48:06 [v4][heartbeat] enter=True sorting=False cam=LIVE ai=LIVE cam_fps=44.0 pub_fps=30.2 frames=81286 result_subs=1 roi=ok intrinsic=ok inference_age_ms=96 target=scaff transport=False sorting_thread=alive
19:48:11 [v4][heartbeat] enter=True sorting=False cam=LIVE ai=LIVE cam_fps=43.4 pub_fps=30.4 frames=81503 result_subs=1 roi=ok intrinsic=ok inference_age_ms=109 target=scaff transport=False sorting_thread=alive
19:48:16 [v4][heartbeat] enter=True sorting=False cam=LIVE ai=LIVE cam_fps=40.4 pub_fps=30.2 frames=81705 result_subs=1 roi=ok intrinsic=ok inference_age_ms=133 target=scaff transport=False sorting_thread=alive
19:48:21 [v4][heartbeat] enter=True sorting=False cam=LIVE ai=LIVE cam_fps=45.4 pub_fps=30.4 frames=81932 result_subs=1 roi=ok intrinsic=ok inference_age_ms=119 target=scaff transport=False sorting_thread=alive
19:48:26 [v4][heartbeat] enter=True sorting=False cam=LIVE ai=LIVE cam_fps=43.6 pub_fps=30.2 frames=82150 result_subs=1 roi=ok intrinsic=ok inference_age_ms=97 target=scaff transport=False sorting_thread=alive
19:48:31 [v4][heartbeat] enter=True sorting=False cam=LIVE ai=LIVE cam_fps=40.2 pub_fps=30.2 frames=82351 result_subs=1 roi=ok intrinsic=ok inference_age_ms=154 target=scaff transport=False sorting_thread=alive
19:48:36 [v4][heartbeat] enter=True sorting=False cam=LIVE ai=LIVE cam_fps=44.4 pub_fps=30.4 frames=82573 result_subs=1 roi=ok intrinsic=ok inference_age_ms=96 target=scaff transport=False sorting_thread=alive
19:48:41 [v4][heartbeat] enter=True sorting=False cam=LIVE ai=LIVE cam_fps=41.4 pub_fps=30.4 frames=82780 result_subs=1 roi=ok intrinsic=ok inference_age_ms=79 target=scaff transport=False sorting_thread=alive
19:48:46 [v4][heartbeat] enter=True sorting=False cam=LIVE ai=LIVE cam_fps=49.2 pub_fps=30.2 frames=83026 result_subs=1 roi=ok intrinsic=ok inference_age_ms=69 target=scaff transport=False sorting_thread=alive
19:48:51 [v4][heartbeat] enter=True sorting=False cam=LIVE ai=LIVE cam_fps=44.2 pub_fps=30.4 frames=83247 result_subs=1 roi=ok intrinsic=ok inference_age_ms=124 target=scaff transport=False sorting_thread=alive
19:48:56 [v4][heartbeat] enter=True sorting=False cam=LIVE ai=LIVE cam_fps=40.0 pub_fps=30.2 frames=83447 result_subs=1 roi=ok intrinsic=ok inference_age_ms=77 target=scaff transport=False sorting_thread=alive
19:49:01 [v4][heartbeat] enter=True sorting=False cam=LIVE ai=LIVE cam_fps=48.6 pub_fps=30.4 frames=83690 result_subs=1 roi=ok intrinsic=ok inference_age_ms=53 target=scaff transport=False sorting_thread=alive
19:49:06 [v4][heartbeat] enter=True sorting=False cam=LIVE ai=LIVE cam_fps=40.8 pub_fps=30.2 frames=83894 result_subs=1 roi=ok intrinsic=ok inference_age_ms=100 target=scaff transport=False sorting_thread=alive
19:49:11 [v4][heartbeat] enter=True sorting=False cam=LIVE ai=LIVE cam_fps=43.5 pub_fps=30.4 frames=84112 result_subs=1 roi=ok intrinsic=ok inference_age_ms=117 target=scaff transport=False sorting_thread=alive
19:49:16 [v4][heartbeat] enter=True sorting=False cam=LIVE ai=LIVE cam_fps=45.1 pub_fps=30.2 frames=84337 result_subs=1 roi=ok intrinsic=ok inference_age_ms=134 target=scaff transport=False sorting_thread=alive
19:49:21 [v4][heartbeat] enter=True sorting=False cam=LIVE ai=LIVE cam_fps=42.0 pub_fps=30.4 frames=84547 result_subs=1 roi=ok intrinsic=ok inference_age_ms=68 target=scaff transport=False sorting_thread=alive
19:49:26 [v4][heartbeat] enter=True sorting=False cam=LIVE ai=LIVE cam_fps=49.4 pub_fps=30.2 frames=84794 result_subs=1 roi=ok intrinsic=ok inference_age_ms=118 target=scaff transport=False sorting_thread=alive
19:49:31 [v4][heartbeat] enter=True sorting=False cam=LIVE ai=LIVE cam_fps=42.5 pub_fps=30.4 frames=85006 result_subs=1 roi=ok intrinsic=ok inference_age_ms=111 target=scaff transport=False sorting_thread=alive
19:49:36 [v4][heartbeat] enter=True sorting=False cam=LIVE ai=LIVE cam_fps=46.4 pub_fps=30.4 frames=85238 result_subs=1 roi=ok intrinsic=ok inference_age_ms=148 target=scaff transport=False sorting_thread=alive
19:49:41 [v4][heartbeat] enter=True sorting=False cam=LIVE ai=LIVE cam_fps=44.7 pub_fps=30.1 frames=85462 result_subs=1 roi=ok intrinsic=ok inference_age_ms=149 target=scaff transport=False sorting_thread=alive
19:49:46 [v4][heartbeat] enter=True sorting=False cam=LIVE ai=LIVE cam_fps=40.3 pub_fps=30.5 frames=85663 result_subs=1 roi=ok intrinsic=ok inference_age_ms=100 target=scaff transport=False sorting_thread=alive
19:49:51 [v4][heartbeat] enter=True sorting=False cam=LIVE ai=LIVE cam_fps=46.2 pub_fps=30.2 frames=85894 result_subs=1 roi=ok intrinsic=ok inference_age_ms=129 target=scaff transport=False sorting_thread=alive
19:49:56 [v4][heartbeat] enter=True sorting=False cam=LIVE ai=LIVE cam_fps=44.0 pub_fps=30.4 frames=86114 result_subs=1 roi=ok intrinsic=ok inference_age_ms=153 target=scaff transport=False sorting_thread=alive
19:50:01 [v4][heartbeat] enter=True sorting=False cam=LIVE ai=LIVE cam_fps=45.1 pub_fps=30.2 frames=86339 result_subs=1 roi=ok intrinsic=ok inference_age_ms=78 target=scaff transport=False sorting_thread=alive
19:50:06 [v4][heartbeat] enter=True sorting=False cam=LIVE ai=LIVE cam_fps=46.6 pub_fps=30.2 frames=86572 result_subs=1 roi=ok intrinsic=ok inference_age_ms=92 target=scaff transport=False sorting_thread=alive
19:50:11 [v4][heartbeat] enter=True sorting=False cam=LIVE ai=LIVE cam_fps=41.2 pub_fps=30.4 frames=86778 result_subs=1 roi=ok intrinsic=ok inference_age_ms=132 target=scaff transport=False sorting_thread=alive
19:50:16 [v4][heartbeat] enter=True sorting=False cam=LIVE ai=LIVE cam_fps=47.0 pub_fps=30.2 frames=87013 result_subs=1 roi=ok intrinsic=ok inference_age_ms=146 target=scaff transport=False sorting_thread=alive
19:50:21 [v4][heartbeat] enter=True sorting=False cam=LIVE ai=LIVE cam_fps=45.2 pub_fps=30.4 frames=87239 result_subs=1 roi=ok intrinsic=ok inference_age_ms=127 target=scaff transport=False sorting_thread=alive
19:50:26 [v4][heartbeat] enter=True sorting=False cam=LIVE ai=LIVE cam_fps=47.7 pub_fps=30.4 frames=87478 result_subs=1 roi=ok intrinsic=ok inference_age_ms=120 target=scaff transport=False sorting_thread=alive
19:50:31 [v4][heartbeat] enter=True sorting=False cam=LIVE ai=LIVE cam_fps=50.7 pub_fps=30.2 frames=87731 result_subs=1 roi=ok intrinsic=ok inference_age_ms=155 target=scaff transport=False sorting_thread=alive
19:50:36 [v4][heartbeat] enter=True sorting=False cam=LIVE ai=LIVE cam_fps=41.8 pub_fps=30.2 frames=87940 result_subs=1 roi=ok intrinsic=ok inference_age_ms=83 target=scaff transport=False sorting_thread=alive
19:50:41 [v4][heartbeat] enter=True sorting=False cam=LIVE ai=LIVE cam_fps=50.8 pub_fps=30.3 frames=88195 result_subs=1 roi=ok intrinsic=ok inference_age_ms=141 target=scaff transport=False sorting_thread=alive
19:50:46 [v4][heartbeat] enter=True sorting=False cam=LIVE ai=LIVE cam_fps=44.5 pub_fps=30.5 frames=88417 result_subs=1 roi=ok intrinsic=ok inference_age_ms=84 target=scaff transport=False sorting_thread=alive
19:50:51 [v4][heartbeat] enter=True sorting=False cam=LIVE ai=LIVE cam_fps=42.0 pub_fps=30.2 frames=88627 result_subs=1 roi=ok intrinsic=ok inference_age_ms=63 target=scaff transport=False sorting_thread=alive
19:50:56 [v4][heartbeat] enter=True sorting=False cam=LIVE ai=LIVE cam_fps=50.0 pub_fps=30.2 frames=88877 result_subs=1 roi=ok intrinsic=ok inference_age_ms=64 target=scaff transport=False sorting_thread=alive
19:51:01 [v4][heartbeat] enter=True sorting=False cam=LIVE ai=LIVE cam_fps=43.0 pub_fps=30.4 frames=89092 result_subs=1 roi=ok intrinsic=ok inference_age_ms=68 target=scaff transport=False sorting_thread=alive
19:51:06 [v4][heartbeat] enter=True sorting=False cam=LIVE ai=LIVE cam_fps=48.5 pub_fps=30.4 frames=89335 result_subs=1 roi=ok intrinsic=ok inference_age_ms=91 target=scaff transport=False sorting_thread=alive
19:51:11 [v4][heartbeat] enter=True sorting=False cam=LIVE ai=LIVE cam_fps=45.3 pub_fps=30.3 frames=89561 result_subs=1 roi=ok intrinsic=ok inference_age_ms=143 target=scaff transport=False sorting_thread=alive
19:51:16 [v4][heartbeat] enter=True sorting=False cam=LIVE ai=LIVE cam_fps=44.8 pub_fps=30.2 frames=89785 result_subs=1 roi=ok intrinsic=ok inference_age_ms=92 target=scaff transport=False sorting_thread=alive
19:51:21 [v4][heartbeat] enter=True sorting=False cam=LIVE ai=LIVE cam_fps=48.2 pub_fps=30.4 frames=90026 result_subs=1 roi=ok intrinsic=ok inference_age_ms=94 target=scaff transport=False sorting_thread=alive
19:51:26 [v4][heartbeat] enter=True sorting=False cam=LIVE ai=LIVE cam_fps=44.4 pub_fps=30.4 frames=90248 result_subs=1 roi=ok intrinsic=ok inference_age_ms=75 target=scaff transport=False sorting_thread=alive
19:51:31 [v4][heartbeat] enter=True sorting=False cam=LIVE ai=LIVE cam_fps=47.4 pub_fps=30.2 frames=90485 result_subs=1 roi=ok intrinsic=ok inference_age_ms=133 target=scaff transport=False sorting_thread=alive
19:51:36 [v4][heartbeat] enter=True sorting=False cam=LIVE ai=LIVE cam_fps=45.4 pub_fps=30.4 frames=90712 result_subs=1 roi=ok intrinsic=ok inference_age_ms=107 target=scaff transport=False sorting_thread=alive
19:51:41 [v4][heartbeat] enter=True sorting=False cam=LIVE ai=LIVE cam_fps=46.6 pub_fps=30.2 frames=90945 result_subs=1 roi=ok intrinsic=ok inference_age_ms=98 target=scaff transport=False sorting_thread=alive
19:51:46 [v4][heartbeat] enter=True sorting=False cam=LIVE ai=LIVE cam_fps=49.2 pub_fps=30.4 frames=91191 result_subs=1 roi=ok intrinsic=ok inference_age_ms=76 target=scaff transport=False sorting_thread=alive
19:51:51 [v4][heartbeat] enter=True sorting=False cam=LIVE ai=LIVE cam_fps=43.8 pub_fps=30.2 frames=91410 result_subs=1 roi=ok intrinsic=ok inference_age_ms=115 target=scaff transport=False sorting_thread=alive
19:51:56 [v4][heartbeat] enter=True sorting=False cam=LIVE ai=LIVE cam_fps=45.6 pub_fps=30.4 frames=91638 result_subs=1 roi=ok intrinsic=ok inference_age_ms=160 target=scaff transport=False sorting_thread=alive
19:52:01 [v4][heartbeat] enter=True sorting=False cam=LIVE ai=LIVE cam_fps=50.8 pub_fps=30.2 frames=91892 result_subs=1 roi=ok intrinsic=ok inference_age_ms=121 target=scaff transport=False sorting_thread=alive
19:52:06 [v4][heartbeat] enter=True sorting=False cam=LIVE ai=LIVE cam_fps=47.4 pub_fps=30.4 frames=92129 result_subs=1 roi=ok intrinsic=ok inference_age_ms=96 target=scaff transport=False sorting_thread=alive
19:52:11 [v4][heartbeat] enter=True sorting=False cam=LIVE ai=LIVE cam_fps=51.0 pub_fps=30.2 frames=92384 result_subs=1 roi=ok intrinsic=ok inference_age_ms=96 target=scaff transport=False sorting_thread=alive
19:52:16 [v4][heartbeat] enter=True sorting=False cam=LIVE ai=LIVE cam_fps=47.7 pub_fps=30.4 frames=92622 result_subs=1 roi=ok intrinsic=ok inference_age_ms=87 target=scaff transport=False sorting_thread=alive
19:52:21 [v4][heartbeat] enter=True sorting=False cam=LIVE ai=LIVE cam_fps=45.3 pub_fps=30.4 frames=92849 result_subs=1 roi=ok intrinsic=ok inference_age_ms=169 target=scaff transport=False sorting_thread=alive
19:52:26 [v4][heartbeat] enter=True sorting=False cam=LIVE ai=LIVE cam_fps=48.7 pub_fps=30.2 frames=93092 result_subs=1 roi=ok intrinsic=ok inference_age_ms=155 target=scaff transport=False sorting_thread=alive
19:52:31 [v4][heartbeat] enter=True sorting=False cam=LIVE ai=LIVE cam_fps=44.0 pub_fps=30.2 frames=93312 result_subs=1 roi=ok intrinsic=ok inference_age_ms=119 target=scaff transport=False sorting_thread=alive
19:52:36 [v4][heartbeat] enter=True sorting=False cam=LIVE ai=LIVE cam_fps=51.0 pub_fps=30.4 frames=93567 result_subs=1 roi=ok intrinsic=ok inference_age_ms=125 target=scaff transport=False sorting_thread=alive
19:52:41 [v4][heartbeat] enter=True sorting=False cam=LIVE ai=LIVE cam_fps=46.6 pub_fps=30.4 frames=93800 result_subs=1 roi=ok intrinsic=ok inference_age_ms=137 target=scaff transport=False sorting_thread=alive
19:52:46 [v4][heartbeat] enter=True sorting=False cam=LIVE ai=LIVE cam_fps=48.6 pub_fps=30.0 frames=94043 result_subs=1 roi=ok intrinsic=ok inference_age_ms=95 target=scaff transport=False sorting_thread=alive
19:52:51 [v4][heartbeat] enter=True sorting=False cam=LIVE ai=LIVE cam_fps=48.2 pub_fps=30.6 frames=94284 result_subs=1 roi=ok intrinsic=ok inference_age_ms=129 target=scaff transport=False sorting_thread=alive
19:52:56 [v4][heartbeat] enter=True sorting=False cam=LIVE ai=LIVE cam_fps=42.2 pub_fps=30.2 frames=94495 result_subs=1 roi=ok intrinsic=ok inference_age_ms=97 target=scaff transport=False sorting_thread=alive
19:53:01 [v4][heartbeat] enter=True sorting=False cam=LIVE ai=LIVE cam_fps=43.8 pub_fps=30.2 frames=94714 result_subs=1 roi=ok intrinsic=ok inference_age_ms=136 target=scaff transport=False sorting_thread=alive
19:53:06 [v4][heartbeat] enter=True sorting=False cam=LIVE ai=LIVE cam_fps=45.0 pub_fps=30.4 frames=94939 result_subs=1 roi=ok intrinsic=ok inference_age_ms=84 target=scaff transport=False sorting_thread=alive
19:53:11 [v4][heartbeat] enter=True sorting=False cam=LIVE ai=LIVE cam_fps=47.0 pub_fps=30.4 frames=95174 result_subs=1 roi=ok intrinsic=ok inference_age_ms=98 target=scaff transport=False sorting_thread=alive
19:53:16 [v4][heartbeat] enter=True sorting=False cam=LIVE ai=LIVE cam_fps=49.8 pub_fps=30.2 frames=95423 result_subs=1 roi=ok intrinsic=ok inference_age_ms=98 target=scaff transport=False sorting_thread=alive
19:53:21 [v4][heartbeat] enter=True sorting=False cam=LIVE ai=LIVE cam_fps=41.4 pub_fps=30.2 frames=95630 result_subs=1 roi=ok intrinsic=ok inference_age_ms=117 target=scaff transport=False sorting_thread=alive
19:53:26 [v4][heartbeat] enter=True sorting=False cam=LIVE ai=LIVE cam_fps=41.7 pub_fps=30.3 frames=95839 result_subs=1 roi=ok intrinsic=ok inference_age_ms=58 target=scaff transport=False sorting_thread=alive
19:53:31 [v4][heartbeat] enter=True sorting=False cam=LIVE ai=LIVE cam_fps=44.1 pub_fps=30.5 frames=96059 result_subs=1 roi=ok intrinsic=ok inference_age_ms=74 target=scaff transport=False sorting_thread=alive
19:53:36 [v4][heartbeat] enter=True sorting=False cam=LIVE ai=LIVE cam_fps=43.8 pub_fps=30.2 frames=96278 result_subs=1 roi=ok intrinsic=ok inference_age_ms=122 target=scaff transport=False sorting_thread=alive
19:53:41 [v4][heartbeat] enter=True sorting=False cam=LIVE ai=LIVE cam_fps=50.8 pub_fps=30.2 frames=96532 result_subs=1 roi=ok intrinsic=ok inference_age_ms=148 target=scaff transport=False sorting_thread=alive
19:53:46 [v4][heartbeat] enter=True sorting=False cam=LIVE ai=LIVE cam_fps=43.6 pub_fps=30.4 frames=96750 result_subs=1 roi=ok intrinsic=ok inference_age_ms=127 target=scaff transport=False sorting_thread=alive
19:53:51 [v4][heartbeat] enter=True sorting=False cam=LIVE ai=LIVE cam_fps=44.2 pub_fps=30.4 frames=96971 result_subs=1 roi=ok intrinsic=ok inference_age_ms=95 target=scaff transport=False sorting_thread=alive
19:53:56 [v4][heartbeat] enter=True sorting=False cam=LIVE ai=LIVE cam_fps=46.8 pub_fps=30.2 frames=97205 result_subs=1 roi=ok intrinsic=ok inference_age_ms=136 target=scaff transport=False sorting_thread=alive
19:54:01 [v4][heartbeat] enter=True sorting=False cam=LIVE ai=LIVE cam_fps=42.4 pub_fps=30.4 frames=97417 result_subs=1 roi=ok intrinsic=ok inference_age_ms=88 target=scaff transport=False sorting_thread=alive
19:54:06 [v4][heartbeat] enter=True sorting=False cam=LIVE ai=LIVE cam_fps=46.0 pub_fps=30.2 frames=97647 result_subs=1 roi=ok intrinsic=ok inference_age_ms=87 target=scaff transport=False sorting_thread=alive
19:54:11 [v4][heartbeat] enter=True sorting=False cam=LIVE ai=LIVE cam_fps=43.2 pub_fps=30.4 frames=97863 result_subs=1 roi=ok intrinsic=ok inference_age_ms=98 target=scaff transport=False sorting_thread=alive
19:54:16 [v4][heartbeat] enter=True sorting=False cam=LIVE ai=LIVE cam_fps=49.4 pub_fps=30.2 frames=98110 result_subs=1 roi=ok intrinsic=ok inference_age_ms=97 target=scaff transport=False sorting_thread=alive
19:54:21 [v4][heartbeat] enter=True sorting=False cam=LIVE ai=LIVE cam_fps=51.6 pub_fps=30.4 frames=98368 result_subs=1 roi=ok intrinsic=ok inference_age_ms=91 target=scaff transport=False sorting_thread=alive
19:54:26 [v4][heartbeat] enter=True sorting=False cam=LIVE ai=LIVE cam_fps=44.2 pub_fps=30.2 frames=98589 result_subs=1 roi=ok intrinsic=ok inference_age_ms=139 target=scaff transport=False sorting_thread=alive
19:54:31 [v4][heartbeat] enter=True sorting=False cam=LIVE ai=LIVE cam_fps=49.4 pub_fps=30.4 frames=98836 result_subs=1 roi=ok intrinsic=ok inference_age_ms=104 target=scaff transport=False sorting_thread=alive
19:54:36 [v4][heartbeat] enter=True sorting=False cam=LIVE ai=LIVE cam_fps=41.4 pub_fps=30.2 frames=99043 result_subs=1 roi=ok intrinsic=ok inference_age_ms=116 target=scaff transport=False sorting_thread=alive
19:54:41 [v4][heartbeat] enter=True sorting=False cam=LIVE ai=LIVE cam_fps=47.2 pub_fps=30.2 frames=99279 result_subs=1 roi=ok intrinsic=ok inference_age_ms=159 target=scaff transport=False sorting_thread=alive
19:54:46 [v4][heartbeat] enter=True sorting=False cam=LIVE ai=LIVE cam_fps=53.6 pub_fps=30.4 frames=99547 result_subs=1 roi=ok intrinsic=ok inference_age_ms=83 target=scaff transport=False sorting_thread=alive
19:54:51 [v4][heartbeat] enter=True sorting=False cam=LIVE ai=LIVE cam_fps=51.4 pub_fps=30.4 frames=99804 result_subs=1 roi=ok intrinsic=ok inference_age_ms=89 target=scaff transport=False sorting_thread=alive
19:54:56 [v4][heartbeat] enter=True sorting=False cam=LIVE ai=LIVE cam_fps=57.0 pub_fps=30.2 frames=100089 result_subs=1 roi=ok intrinsic=ok inference_age_ms=109 target=scaff transport=False sorting_thread=alive
19:55:01 [v4][heartbeat] enter=True sorting=False cam=LIVE ai=LIVE cam_fps=53.6 pub_fps=30.4 frames=100357 result_subs=1 roi=ok intrinsic=ok inference_age_ms=140 target=scaff transport=False sorting_thread=alive
19:55:06 [v4][heartbeat] enter=True sorting=False cam=LIVE ai=LIVE cam_fps=51.8 pub_fps=30.2 frames=100616 result_subs=1 roi=ok intrinsic=ok inference_age_ms=59 target=scaff transport=False sorting_thread=alive
19:55:11 [v4][heartbeat] enter=True sorting=False cam=LIVE ai=LIVE cam_fps=55.6 pub_fps=30.4 frames=100894 result_subs=1 roi=ok intrinsic=ok inference_age_ms=107 target=scaff transport=False sorting_thread=alive
19:55:16 [v4][heartbeat] enter=True sorting=False cam=LIVE ai=LIVE cam_fps=46.4 pub_fps=30.2 frames=101126 result_subs=1 roi=ok intrinsic=ok inference_age_ms=150 target=scaff transport=False sorting_thread=alive
19:55:21 [v4][heartbeat] enter=True sorting=False cam=LIVE ai=LIVE cam_fps=55.6 pub_fps=30.4 frames=101404 result_subs=1 roi=ok intrinsic=ok inference_age_ms=140 target=scaff transport=False sorting_thread=alive
19:55:26 [v4][heartbeat] enter=True sorting=False cam=LIVE ai=LIVE cam_fps=51.2 pub_fps=30.2 frames=101660 result_subs=1 roi=ok intrinsic=ok inference_age_ms=121 target=scaff transport=False sorting_thread=alive
19:55:31 [v4][heartbeat] enter=True sorting=False cam=LIVE ai=LIVE cam_fps=49.8 pub_fps=30.4 frames=101909 result_subs=1 roi=ok intrinsic=ok inference_age_ms=85 target=scaff transport=False sorting_thread=alive
19:55:36 [v4][heartbeat] enter=True sorting=False cam=LIVE ai=LIVE cam_fps=55.2 pub_fps=30.4 frames=102185 result_subs=1 roi=ok intrinsic=ok inference_age_ms=100 target=scaff transport=False sorting_thread=alive
19:55:41 [v4][heartbeat] enter=True sorting=False cam=LIVE ai=LIVE cam_fps=53.3 pub_fps=30.2 frames=102451 result_subs=1 roi=ok intrinsic=ok inference_age_ms=105 target=scaff transport=False sorting_thread=alive
19:55:46 [v4][heartbeat] enter=True sorting=False cam=LIVE ai=LIVE cam_fps=55.4 pub_fps=30.2 frames=102728 result_subs=1 roi=ok intrinsic=ok inference_age_ms=154 target=scaff transport=False sorting_thread=alive
19:55:51 [v4][heartbeat] enter=True sorting=False cam=LIVE ai=LIVE cam_fps=53.2 pub_fps=30.4 frames=102994 result_subs=1 roi=ok intrinsic=ok inference_age_ms=92 target=scaff transport=False sorting_thread=alive
19:55:56 [v4][heartbeat] enter=True sorting=False cam=LIVE ai=LIVE cam_fps=52.4 pub_fps=30.2 frames=103256 result_subs=1 roi=ok intrinsic=ok inference_age_ms=130 target=scaff transport=False sorting_thread=alive
19:56:01 [v4][heartbeat] enter=True sorting=False cam=LIVE ai=LIVE cam_fps=55.0 pub_fps=30.4 frames=103531 result_subs=1 roi=ok intrinsic=ok inference_age_ms=74 target=scaff transport=False sorting_thread=alive
19:56:06 [v4][heartbeat] enter=True sorting=False cam=LIVE ai=LIVE cam_fps=53.6 pub_fps=30.4 frames=103799 result_subs=1 roi=ok intrinsic=ok inference_age_ms=80 target=scaff transport=False sorting_thread=alive
19:56:11 [v4][heartbeat] enter=True sorting=False cam=LIVE ai=LIVE cam_fps=53.7 pub_fps=30.2 frames=104068 result_subs=1 roi=ok intrinsic=ok inference_age_ms=141 target=scaff transport=False sorting_thread=alive
19:56:16 [v4][heartbeat] enter=True sorting=False cam=LIVE ai=LIVE cam_fps=55.3 pub_fps=30.2 frames=104344 result_subs=1 roi=ok intrinsic=ok inference_age_ms=82 target=scaff transport=False sorting_thread=alive
19:56:21 [v4][heartbeat] enter=True sorting=False cam=LIVE ai=LIVE cam_fps=51.8 pub_fps=30.4 frames=104603 result_subs=1 roi=ok intrinsic=ok inference_age_ms=101 target=scaff transport=False sorting_thread=alive
19:56:26 [v4][heartbeat] enter=True sorting=False cam=LIVE ai=LIVE cam_fps=55.4 pub_fps=30.2 frames=104880 result_subs=1 roi=ok intrinsic=ok inference_age_ms=134 target=scaff transport=False sorting_thread=alive
19:56:31 [v4][heartbeat] enter=True sorting=False cam=LIVE ai=LIVE cam_fps=53.0 pub_fps=30.4 frames=105145 result_subs=1 roi=ok intrinsic=ok inference_age_ms=80 target=scaff transport=False sorting_thread=alive
19:56:36 [v4][heartbeat] enter=True sorting=False cam=LIVE ai=LIVE cam_fps=55.2 pub_fps=30.2 frames=105421 result_subs=1 roi=ok intrinsic=ok inference_age_ms=143 target=scaff transport=False sorting_thread=alive
19:56:41 [v4][heartbeat] enter=True sorting=False cam=LIVE ai=LIVE cam_fps=54.0 pub_fps=30.4 frames=105691 result_subs=1 roi=ok intrinsic=ok inference_age_ms=134 target=scaff transport=False sorting_thread=alive
19:56:46 [v4][heartbeat] enter=True sorting=False cam=LIVE ai=LIVE cam_fps=51.1 pub_fps=30.2 frames=105946 result_subs=1 roi=ok intrinsic=ok inference_age_ms=146 target=scaff transport=False sorting_thread=alive
19:56:51 [v4][heartbeat] enter=True sorting=False cam=LIVE ai=LIVE cam_fps=55.8 pub_fps=30.4 frames=106225 result_subs=1 roi=ok intrinsic=ok inference_age_ms=100 target=scaff transport=False sorting_thread=alive
19:56:56 [v4][heartbeat] enter=True sorting=False cam=LIVE ai=LIVE cam_fps=53.2 pub_fps=30.4 frames=106491 result_subs=1 roi=ok intrinsic=ok inference_age_ms=106 target=scaff transport=False sorting_thread=alive
19:57:01 [v4][heartbeat] enter=True sorting=False cam=LIVE ai=LIVE cam_fps=54.6 pub_fps=30.2 frames=106764 result_subs=1 roi=ok intrinsic=ok inference_age_ms=93 target=scaff transport=False sorting_thread=alive
19:57:06 [v4][heartbeat] enter=True sorting=False cam=LIVE ai=LIVE cam_fps=56.1 pub_fps=30.2 frames=107045 result_subs=1 roi=ok intrinsic=ok inference_age_ms=93 target=scaff transport=False sorting_thread=alive
19:57:11 [v4][heartbeat] enter=True sorting=False cam=LIVE ai=LIVE cam_fps=52.0 pub_fps=30.4 frames=107305 result_subs=1 roi=ok intrinsic=ok inference_age_ms=93 target=scaff transport=False sorting_thread=alive
19:57:16 [v4][heartbeat] enter=True sorting=False cam=LIVE ai=LIVE cam_fps=53.1 pub_fps=30.4 frames=107570 result_subs=1 roi=ok intrinsic=ok inference_age_ms=75 target=scaff transport=False sorting_thread=alive
19:57:21 [v4][heartbeat] enter=True sorting=False cam=LIVE ai=LIVE cam_fps=51.4 pub_fps=30.2 frames=107827 result_subs=1 roi=ok intrinsic=ok inference_age_ms=85 target=scaff transport=False sorting_thread=alive
19:57:26 [v4][heartbeat] enter=True sorting=False cam=LIVE ai=LIVE cam_fps=50.6 pub_fps=30.4 frames=108080 result_subs=1 roi=ok intrinsic=ok inference_age_ms=108 target=scaff transport=False sorting_thread=alive
19:57:31 [v4][heartbeat] enter=True sorting=False cam=LIVE ai=LIVE cam_fps=54.6 pub_fps=30.2 frames=108353 result_subs=1 roi=ok intrinsic=ok inference_age_ms=77 target=scaff transport=False sorting_thread=alive
19:57:36 [v4][heartbeat] enter=True sorting=False cam=LIVE ai=LIVE cam_fps=49.4 pub_fps=30.2 frames=108600 result_subs=1 roi=ok intrinsic=ok inference_age_ms=74 target=scaff transport=False sorting_thread=alive
19:57:41 [v4][heartbeat] enter=True sorting=False cam=LIVE ai=LIVE cam_fps=53.6 pub_fps=30.4 frames=108868 result_subs=1 roi=ok intrinsic=ok inference_age_ms=107 target=scaff transport=False sorting_thread=alive
19:57:46 [v4][heartbeat] enter=True sorting=False cam=LIVE ai=LIVE cam_fps=54.7 pub_fps=30.4 frames=109142 result_subs=1 roi=ok intrinsic=ok inference_age_ms=118 target=scaff transport=False sorting_thread=alive
19:57:51 [v4][heartbeat] enter=True sorting=False cam=LIVE ai=LIVE cam_fps=51.3 pub_fps=30.2 frames=109398 result_subs=1 roi=ok intrinsic=ok inference_age_ms=107 target=scaff transport=False sorting_thread=alive
19:57:56 [v4][heartbeat] enter=True sorting=False cam=LIVE ai=LIVE cam_fps=56.3 pub_fps=30.4 frames=109680 result_subs=1 roi=ok intrinsic=ok inference_age_ms=104 target=scaff transport=False sorting_thread=alive
19:58:01 [v4][heartbeat] enter=True sorting=False cam=LIVE ai=LIVE cam_fps=50.4 pub_fps=30.2 frames=109932 result_subs=1 roi=ok intrinsic=ok inference_age_ms=136 target=scaff transport=False sorting_thread=alive
19:58:06 [v4][heartbeat] enter=True sorting=False cam=LIVE ai=LIVE cam_fps=52.9 pub_fps=30.4 frames=110196 result_subs=1 roi=ok intrinsic=ok inference_age_ms=115 target=scaff transport=False sorting_thread=alive
19:58:11 [v4][heartbeat] enter=True sorting=False cam=LIVE ai=LIVE cam_fps=53.4 pub_fps=30.2 frames=110463 result_subs=1 roi=ok intrinsic=ok inference_age_ms=59 target=scaff transport=False sorting_thread=alive
19:58:16 [v4][heartbeat] enter=True sorting=False cam=LIVE ai=LIVE cam_fps=52.3 pub_fps=30.4 frames=110725 result_subs=1 roi=ok intrinsic=ok inference_age_ms=83 target=scaff transport=False sorting_thread=alive
19:58:21 [v4][heartbeat] enter=True sorting=False cam=LIVE ai=LIVE cam_fps=55.3 pub_fps=30.2 frames=111001 result_subs=1 roi=ok intrinsic=ok inference_age_ms=131 target=scaff transport=False sorting_thread=alive
19:58:26 [v4][heartbeat] enter=True sorting=False cam=LIVE ai=LIVE cam_fps=50.6 pub_fps=30.4 frames=111254 result_subs=1 roi=ok intrinsic=ok inference_age_ms=171 target=scaff transport=False sorting_thread=alive
19:58:31 [v4][heartbeat] enter=True sorting=False cam=LIVE ai=LIVE cam_fps=54.7 pub_fps=30.2 frames=111528 result_subs=1 roi=ok intrinsic=ok inference_age_ms=122 target=scaff transport=False sorting_thread=alive
19:58:36 [v4][heartbeat] enter=True sorting=False cam=LIVE ai=LIVE cam_fps=54.4 pub_fps=30.4 frames=111800 result_subs=1 roi=ok intrinsic=ok inference_age_ms=109 target=scaff transport=False sorting_thread=alive
19:58:41 [v4][heartbeat] enter=True sorting=False cam=LIVE ai=LIVE cam_fps=50.0 pub_fps=30.4 frames=112050 result_subs=1 roi=ok intrinsic=ok inference_age_ms=94 target=scaff transport=False sorting_thread=alive
19:58:46 [v4][heartbeat] enter=True sorting=False cam=LIVE ai=LIVE cam_fps=55.5 pub_fps=30.1 frames=112328 result_subs=1 roi=ok intrinsic=ok inference_age_ms=124 target=scaff transport=False sorting_thread=alive
19:58:51 [v4][heartbeat] enter=True sorting=False cam=LIVE ai=LIVE cam_fps=53.2 pub_fps=30.2 frames=112594 result_subs=1 roi=ok intrinsic=ok inference_age_ms=152 target=scaff transport=False sorting_thread=alive
19:58:56 [v4][heartbeat] enter=True sorting=False cam=LIVE ai=LIVE cam_fps=52.2 pub_fps=30.4 frames=112855 result_subs=1 roi=ok intrinsic=ok inference_age_ms=143 target=scaff transport=False sorting_thread=alive
19:59:01 [v4][heartbeat] enter=True sorting=False cam=LIVE ai=LIVE cam_fps=56.2 pub_fps=30.4 frames=113136 result_subs=1 roi=ok intrinsic=ok inference_age_ms=154 target=scaff transport=False sorting_thread=alive
19:59:06 [v4][heartbeat] enter=True sorting=False cam=LIVE ai=LIVE cam_fps=50.6 pub_fps=30.2 frames=113389 result_subs=1 roi=ok intrinsic=ok inference_age_ms=128 target=scaff transport=False sorting_thread=alive
19:59:11 [v4][heartbeat] enter=True sorting=False cam=LIVE ai=LIVE cam_fps=55.2 pub_fps=30.2 frames=113665 result_subs=1 roi=ok intrinsic=ok inference_age_ms=144 target=scaff transport=False sorting_thread=alive
19:59:16 [v4][heartbeat] enter=True sorting=False cam=LIVE ai=LIVE cam_fps=53.8 pub_fps=30.4 frames=113934 result_subs=1 roi=ok intrinsic=ok inference_age_ms=100 target=scaff transport=False sorting_thread=alive
19:59:21 [v4][heartbeat] enter=True sorting=False cam=LIVE ai=LIVE cam_fps=53.6 pub_fps=30.4 frames=114202 result_subs=1 roi=ok intrinsic=ok inference_age_ms=99 target=scaff transport=False sorting_thread=alive
19:59:26 [v4][heartbeat] enter=True sorting=False cam=LIVE ai=LIVE cam_fps=55.2 pub_fps=30.2 frames=114478 result_subs=1 roi=ok intrinsic=ok inference_age_ms=72 target=scaff transport=False sorting_thread=alive
19:59:31 [v4][heartbeat] enter=True sorting=False cam=LIVE ai=LIVE cam_fps=52.2 pub_fps=30.4 frames=114739 result_subs=1 roi=ok intrinsic=ok inference_age_ms=148 target=scaff transport=False sorting_thread=alive
19:59:36 [v4][heartbeat] enter=True sorting=False cam=LIVE ai=LIVE cam_fps=55.6 pub_fps=30.2 frames=115017 result_subs=1 roi=ok intrinsic=ok inference_age_ms=125 target=scaff transport=False sorting_thread=alive
19:59:41 [v4][heartbeat] enter=True sorting=False cam=LIVE ai=LIVE cam_fps=54.9 pub_fps=30.4 frames=115292 result_subs=1 roi=ok intrinsic=ok inference_age_ms=74 target=scaff transport=False sorting_thread=alive
19:59:46 [v4][heartbeat] enter=True sorting=False cam=LIVE ai=LIVE cam_fps=53.8 pub_fps=30.2 frames=115561 result_subs=1 roi=ok intrinsic=ok inference_age_ms=85 target=scaff transport=False sorting_thread=alive
19:59:51 [v4][heartbeat] enter=True sorting=False cam=LIVE ai=LIVE cam_fps=54.8 pub_fps=30.4 frames=115835 result_subs=1 roi=ok intrinsic=ok inference_age_ms=93 target=scaff transport=False sorting_thread=alive
19:59:56 [v4][heartbeat] enter=True sorting=False cam=LIVE ai=LIVE cam_fps=51.2 pub_fps=30.2 frames=116091 result_subs=1 roi=ok intrinsic=ok inference_age_ms=124 target=scaff transport=False sorting_thread=alive
20:00:01 [v4][heartbeat] enter=True sorting=False cam=LIVE ai=LIVE cam_fps=54.0 pub_fps=30.2 frames=116361 result_subs=1 roi=ok intrinsic=ok inference_age_ms=193 target=scaff transport=False sorting_thread=alive
20:00:06 [v4][heartbeat] enter=True sorting=False cam=LIVE ai=LIVE cam_fps=53.0 pub_fps=30.4 frames=116626 result_subs=1 roi=ok intrinsic=ok inference_age_ms=128 target=scaff transport=False sorting_thread=alive
20:00:11 [v4][heartbeat] enter=True sorting=False cam=LIVE ai=LIVE cam_fps=51.4 pub_fps=30.4 frames=116883 result_subs=1 roi=ok intrinsic=ok inference_age_ms=77 target=scaff transport=False sorting_thread=alive
20:00:16 [v4][heartbeat] enter=True sorting=False cam=LIVE ai=LIVE cam_fps=55.8 pub_fps=30.2 frames=117162 result_subs=1 roi=ok intrinsic=ok inference_age_ms=90 target=scaff transport=False sorting_thread=alive
20:00:21 [v4][heartbeat] enter=True sorting=False cam=LIVE ai=LIVE cam_fps=51.0 pub_fps=30.4 frames=117417 result_subs=1 roi=ok intrinsic=ok inference_age_ms=93 target=scaff transport=False sorting_thread=alive
20:00:26 [v4][heartbeat] enter=True sorting=False cam=LIVE ai=LIVE cam_fps=53.6 pub_fps=30.2 frames=117685 result_subs=1 roi=ok intrinsic=ok inference_age_ms=87 target=scaff transport=False sorting_thread=alive
20:00:31 [v4][heartbeat] enter=True sorting=False cam=LIVE ai=LIVE cam_fps=52.2 pub_fps=30.4 frames=117946 result_subs=1 roi=ok intrinsic=ok inference_age_ms=77 target=scaff transport=False sorting_thread=alive
20:00:36 [v4][heartbeat] enter=True sorting=False cam=LIVE ai=LIVE cam_fps=52.4 pub_fps=30.2 frames=118208 result_subs=1 roi=ok intrinsic=ok inference_age_ms=130 target=scaff transport=False sorting_thread=alive
20:00:41 [v4][heartbeat] enter=True sorting=False cam=LIVE ai=LIVE cam_fps=56.2 pub_fps=30.4 frames=118489 result_subs=1 roi=ok intrinsic=ok inference_age_ms=113 target=scaff transport=False sorting_thread=alive
20:00:46 [v4][heartbeat] enter=True sorting=False cam=LIVE ai=LIVE cam_fps=52.8 pub_fps=30.2 frames=118753 result_subs=1 roi=ok intrinsic=ok inference_age_ms=83 target=scaff transport=False sorting_thread=alive
20:00:51 [v4][heartbeat] enter=True sorting=False cam=LIVE ai=LIVE cam_fps=53.8 pub_fps=30.4 frames=119022 result_subs=1 roi=ok intrinsic=ok inference_age_ms=117 target=scaff transport=False sorting_thread=alive
20:00:56 [v4][heartbeat] enter=True sorting=False cam=LIVE ai=LIVE cam_fps=54.2 pub_fps=30.2 frames=119293 result_subs=1 roi=ok intrinsic=ok inference_age_ms=91 target=scaff transport=False sorting_thread=alive
20:01:01 [v4][heartbeat] enter=True sorting=False cam=LIVE ai=LIVE cam_fps=48.4 pub_fps=30.4 frames=119535 result_subs=1 roi=ok intrinsic=ok inference_age_ms=101 target=scaff transport=False sorting_thread=alive
20:01:06 [v4][heartbeat] enter=True sorting=False cam=LIVE ai=LIVE cam_fps=54.1 pub_fps=30.4 frames=119805 result_subs=1 roi=ok intrinsic=ok inference_age_ms=81 target=scaff transport=False sorting_thread=alive
20:01:11 [v4][heartbeat] enter=True sorting=False cam=LIVE ai=LIVE cam_fps=50.8 pub_fps=30.2 frames=120059 result_subs=1 roi=ok intrinsic=ok inference_age_ms=94 target=scaff transport=False sorting_thread=alive
20:01:16 [v4][heartbeat] enter=True sorting=False cam=LIVE ai=LIVE cam_fps=52.8 pub_fps=30.2 frames=120323 result_subs=1 roi=ok intrinsic=ok inference_age_ms=127 target=scaff transport=False sorting_thread=alive
20:01:21 [v4][heartbeat] enter=True sorting=False cam=LIVE ai=LIVE cam_fps=56.8 pub_fps=30.4 frames=120607 result_subs=1 roi=ok intrinsic=ok inference_age_ms=117 target=scaff transport=False sorting_thread=alive
20:01:26 [v4][heartbeat] enter=True sorting=False cam=LIVE ai=LIVE cam_fps=54.4 pub_fps=30.4 frames=120879 result_subs=1 roi=ok intrinsic=ok inference_age_ms=51 target=scaff transport=False sorting_thread=alive
20:01:31 [v4][heartbeat] enter=True sorting=False cam=LIVE ai=LIVE cam_fps=55.1 pub_fps=30.2 frames=121155 result_subs=1 roi=ok intrinsic=ok inference_age_ms=138 target=scaff transport=False sorting_thread=alive
20:01:36 [v4][heartbeat] enter=True sorting=False cam=LIVE ai=LIVE cam_fps=50.7 pub_fps=30.3 frames=121408 result_subs=1 roi=ok intrinsic=ok inference_age_ms=129 target=scaff transport=False sorting_thread=alive
20:01:41 [v4][heartbeat] enter=True sorting=False cam=LIVE ai=LIVE cam_fps=52.8 pub_fps=30.4 frames=121672 result_subs=1 roi=ok intrinsic=ok inference_age_ms=66 target=scaff transport=False sorting_thread=alive
20:01:46 [v4][heartbeat] enter=True sorting=False cam=LIVE ai=LIVE cam_fps=56.8 pub_fps=30.2 frames=121956 result_subs=1 roi=ok intrinsic=ok inference_age_ms=92 target=scaff transport=False sorting_thread=alive
20:01:51 [v4][heartbeat] enter=True sorting=False cam=LIVE ai=LIVE cam_fps=53.0 pub_fps=30.4 frames=122221 result_subs=1 roi=ok intrinsic=ok inference_age_ms=166 target=scaff transport=False sorting_thread=alive
20:01:56 [v4][heartbeat] enter=True sorting=False cam=LIVE ai=LIVE cam_fps=54.1 pub_fps=30.4 frames=122492 result_subs=1 roi=ok intrinsic=ok inference_age_ms=80 target=scaff transport=False sorting_thread=alive
20:02:01 [v4][heartbeat] enter=True sorting=False cam=LIVE ai=LIVE cam_fps=53.0 pub_fps=30.2 frames=122757 result_subs=1 roi=ok intrinsic=ok inference_age_ms=179 target=scaff transport=False sorting_thread=alive
20:02:06 [v4][heartbeat] enter=True sorting=False cam=LIVE ai=LIVE cam_fps=50.3 pub_fps=30.2 frames=123008 result_subs=1 roi=ok intrinsic=ok inference_age_ms=110 target=scaff transport=False sorting_thread=alive
20:02:11 [v4][heartbeat] enter=True sorting=False cam=LIVE ai=LIVE cam_fps=55.0 pub_fps=30.4 frames=123283 result_subs=1 roi=ok intrinsic=ok inference_age_ms=107 target=scaff transport=False sorting_thread=alive
20:02:16 [v4][heartbeat] enter=True sorting=False cam=LIVE ai=LIVE cam_fps=53.0 pub_fps=30.2 frames=123548 result_subs=1 roi=ok intrinsic=ok inference_age_ms=148 target=scaff transport=False sorting_thread=alive
20:02:21 [v4][heartbeat] enter=True sorting=False cam=LIVE ai=LIVE cam_fps=52.8 pub_fps=30.4 frames=123812 result_subs=1 roi=ok intrinsic=ok inference_age_ms=109 target=scaff transport=False sorting_thread=alive
20:02:26 [v4][heartbeat] enter=True sorting=False cam=LIVE ai=LIVE cam_fps=54.2 pub_fps=30.2 frames=124083 result_subs=1 roi=ok intrinsic=ok inference_age_ms=127 target=scaff transport=False sorting_thread=alive
20:02:31 [v4][heartbeat] enter=True sorting=False cam=LIVE ai=LIVE cam_fps=53.8 pub_fps=30.4 frames=124352 result_subs=1 roi=ok intrinsic=ok inference_age_ms=136 target=scaff transport=False sorting_thread=alive
20:02:36 [v4][heartbeat] enter=True sorting=False cam=LIVE ai=LIVE cam_fps=55.6 pub_fps=30.4 frames=124630 result_subs=1 roi=ok intrinsic=ok inference_age_ms=109 target=scaff transport=False sorting_thread=alive
20:02:41 [v4][heartbeat] enter=True sorting=False cam=LIVE ai=LIVE cam_fps=51.4 pub_fps=30.2 frames=124887 result_subs=1 roi=ok intrinsic=ok inference_age_ms=130 target=scaff transport=False sorting_thread=alive
20:02:46 [v4][heartbeat] enter=True sorting=False cam=LIVE ai=LIVE cam_fps=56.4 pub_fps=30.4 frames=125169 result_subs=1 roi=ok intrinsic=ok inference_age_ms=103 target=scaff transport=False sorting_thread=alive
20:02:51 [v4][heartbeat] enter=True sorting=False cam=LIVE ai=LIVE cam_fps=54.4 pub_fps=30.2 frames=125441 result_subs=1 roi=ok intrinsic=ok inference_age_ms=69 target=scaff transport=False sorting_thread=alive
20:02:56 [v4][heartbeat] enter=True sorting=False cam=LIVE ai=LIVE cam_fps=51.3 pub_fps=30.4 frames=125698 result_subs=1 roi=ok intrinsic=ok inference_age_ms=114 target=scaff transport=False sorting_thread=alive
20:03:01 [v4][heartbeat] enter=True sorting=False cam=LIVE ai=LIVE cam_fps=56.5 pub_fps=30.2 frames=125980 result_subs=1 roi=ok intrinsic=ok inference_age_ms=114 target=scaff transport=False sorting_thread=alive
20:03:06 [v4][heartbeat] enter=True sorting=False cam=LIVE ai=LIVE cam_fps=49.0 pub_fps=30.4 frames=126225 result_subs=1 roi=ok intrinsic=ok inference_age_ms=99 target=scaff transport=False sorting_thread=alive
20:03:11 [v4][heartbeat] enter=True sorting=False cam=LIVE ai=LIVE cam_fps=53.4 pub_fps=30.2 frames=126492 result_subs=1 roi=ok intrinsic=ok inference_age_ms=98 target=scaff transport=False sorting_thread=alive
20:03:16 [v4][heartbeat] enter=True sorting=False cam=LIVE ai=LIVE cam_fps=53.4 pub_fps=30.4 frames=126759 result_subs=1 roi=ok intrinsic=ok inference_age_ms=128 target=scaff transport=False sorting_thread=alive
20:03:21 [v4][heartbeat] enter=True sorting=False cam=LIVE ai=LIVE cam_fps=54.4 pub_fps=30.2 frames=127031 result_subs=1 roi=ok intrinsic=ok inference_age_ms=71 target=scaff transport=False sorting_thread=alive
20:03:26 [v4][heartbeat] enter=True sorting=False cam=LIVE ai=LIVE cam_fps=56.7 pub_fps=30.4 frames=127315 result_subs=1 roi=ok intrinsic=ok inference_age_ms=131 target=scaff transport=False sorting_thread=alive
20:03:31 [v4][heartbeat] enter=True sorting=False cam=LIVE ai=LIVE cam_fps=51.9 pub_fps=30.2 frames=127574 result_subs=1 roi=ok intrinsic=ok inference_age_ms=116 target=scaff transport=False sorting_thread=alive
20:03:36 [v4][heartbeat] enter=True sorting=False cam=LIVE ai=LIVE cam_fps=52.2 pub_fps=30.4 frames=127835 result_subs=1 roi=ok intrinsic=ok inference_age_ms=99 target=scaff transport=False sorting_thread=alive
20:03:41 [v4][heartbeat] enter=True sorting=False cam=LIVE ai=LIVE cam_fps=54.6 pub_fps=30.2 frames=128108 result_subs=1 roi=ok intrinsic=ok inference_age_ms=123 target=scaff transport=False sorting_thread=alive
20:03:46 [v4][heartbeat] enter=True sorting=False cam=LIVE ai=LIVE cam_fps=51.8 pub_fps=30.4 frames=128367 result_subs=1 roi=ok intrinsic=ok inference_age_ms=77 target=scaff transport=False sorting_thread=alive
20:03:51 [v4][heartbeat] enter=True sorting=False cam=LIVE ai=LIVE cam_fps=54.8 pub_fps=30.2 frames=128641 result_subs=1 roi=ok intrinsic=ok inference_age_ms=72 target=scaff transport=False sorting_thread=alive
20:03:56 [v4][heartbeat] enter=True sorting=False cam=LIVE ai=LIVE cam_fps=54.6 pub_fps=30.4 frames=128914 result_subs=1 roi=ok intrinsic=ok inference_age_ms=68 target=scaff transport=False sorting_thread=alive
20:04:01 [v4][heartbeat] enter=True sorting=False cam=LIVE ai=LIVE cam_fps=52.0 pub_fps=30.2 frames=129174 result_subs=1 roi=ok intrinsic=ok inference_age_ms=94 target=scaff transport=False sorting_thread=alive
20:04:06 [v4][heartbeat] enter=True sorting=False cam=LIVE ai=LIVE cam_fps=55.8 pub_fps=30.4 frames=129453 result_subs=1 roi=ok intrinsic=ok inference_age_ms=105 target=scaff transport=False sorting_thread=alive
20:04:11 [v4][heartbeat] enter=True sorting=False cam=LIVE ai=LIVE cam_fps=47.6 pub_fps=30.2 frames=129691 result_subs=1 roi=ok intrinsic=ok inference_age_ms=61 target=scaff transport=False sorting_thread=alive
20:04:16 [v4][heartbeat] enter=True sorting=False cam=LIVE ai=LIVE cam_fps=55.0 pub_fps=30.4 frames=129966 result_subs=1 roi=ok intrinsic=ok inference_age_ms=83 target=scaff transport=False sorting_thread=alive
20:04:21 [v4][heartbeat] enter=True sorting=False cam=LIVE ai=LIVE cam_fps=53.4 pub_fps=30.2 frames=130233 result_subs=1 roi=ok intrinsic=ok inference_age_ms=79 target=scaff transport=False sorting_thread=alive
20:04:26 [v4][heartbeat] enter=True sorting=False cam=LIVE ai=LIVE cam_fps=51.4 pub_fps=30.4 frames=130490 result_subs=1 roi=ok intrinsic=ok inference_age_ms=92 target=scaff transport=False sorting_thread=alive
20:04:31 [v4][heartbeat] enter=True sorting=False cam=LIVE ai=LIVE cam_fps=45.8 pub_fps=30.2 frames=130719 result_subs=1 roi=ok intrinsic=ok inference_age_ms=145 target=scaff transport=False sorting_thread=alive
20:04:36 [v4][heartbeat] enter=True sorting=False cam=LIVE ai=LIVE cam_fps=43.7 pub_fps=30.4 frames=130937 result_subs=1 roi=ok intrinsic=ok inference_age_ms=74 target=scaff transport=False sorting_thread=alive
20:04:41 [v4][heartbeat] enter=True sorting=False cam=LIVE ai=LIVE cam_fps=42.9 pub_fps=30.3 frames=131152 result_subs=1 roi=ok intrinsic=ok inference_age_ms=98 target=scaff transport=False sorting_thread=alive
20:04:46 [v4][heartbeat] enter=True sorting=False cam=LIVE ai=LIVE cam_fps=42.7 pub_fps=30.3 frames=131365 result_subs=1 roi=ok intrinsic=ok inference_age_ms=116 target=scaff transport=False sorting_thread=alive
20:04:51 [v4][heartbeat] enter=True sorting=False cam=LIVE ai=LIVE cam_fps=39.0 pub_fps=30.4 frames=131560 result_subs=1 roi=ok intrinsic=ok inference_age_ms=124 target=scaff transport=False sorting_thread=alive
20:04:56 [v4][heartbeat] enter=True sorting=False cam=LIVE ai=LIVE cam_fps=52.8 pub_fps=30.2 frames=131824 result_subs=1 roi=ok intrinsic=ok inference_age_ms=171 target=scaff transport=False sorting_thread=alive
20:05:01 [v4][heartbeat] enter=True sorting=False cam=LIVE ai=LIVE cam_fps=44.8 pub_fps=30.2 frames=132048 result_subs=1 roi=ok intrinsic=ok inference_age_ms=84 target=scaff transport=False sorting_thread=alive
20:05:06 [v4][heartbeat] enter=True sorting=False cam=LIVE ai=LIVE cam_fps=45.0 pub_fps=30.4 frames=132273 result_subs=1 roi=ok intrinsic=ok inference_age_ms=149 target=scaff transport=False sorting_thread=alive
20:05:11 [v4][heartbeat] enter=True sorting=False cam=LIVE ai=LIVE cam_fps=43.4 pub_fps=30.4 frames=132490 result_subs=1 roi=ok intrinsic=ok inference_age_ms=133 target=scaff transport=False sorting_thread=alive
20:05:13 [v4][enter] enter requested (camera subs were already alive)
20:05:13 [v4][roi] reading transform.yaml from /home/ubuntu/ros2_ws/src/stepper/config/transform.yaml
20:05:13 [v4][roi]   loaded plane: [-0.0034594295448868296, -0.08463774716902761, -0.9964057828522352, 0.21475674481696266]
20:05:13 [v4][roi]   yaml loaded: extristric.shape=(4, 3) corners.shape=(5, 3) white_area_center.shape=(4, 4)
20:05:13 [v4][svc] enable_sorting -> True
20:05:13 [v4][roi]   intrinsic ready after 0.00s (shape=(3, 3)) distortion.shape=(8,)
20:05:13 [v4][roi]   extrinsic plane shift done
20:05:13 [v4][roi]   projected 4 corners to image pixels
20:05:13 [v4][roi]   computed roi (y=79..403 x=164..572) on intrinsic shape=(3, 3)
20:05:13 [v4][sorting-loop] ROI built - detection branch is now live
20:05:13 [v4][sorting-loop] LOCKED on light blue cube pixel=(233, 247) world=(0.187,0.045,0.025)
20:05:14 [v4][sorting-loop] FIRING TRANSPORT label=light blue cube pos=(0.187,0.045,0.025) yaw=323
20:05:14 [v4][transport] BEGIN pick light blue cube at (0.187,0.048,0.080) yaw_pulse=323
20:05:15 [v4][motion] base reached 560 after 1 extra wait(s)
20:05:16 [v4][pick] descend obj_top_z=0.080 grab_depth=0.015 -> z=0.065 (worldpos=legacy/table)
20:05:16 [v4][heartbeat] enter=True sorting=True cam=LIVE ai=LIVE cam_fps=43.7 pub_fps=30.3 frames=132708 result_subs=1 roi=ok intrinsic=ok inference_age_ms=94 target=light blue cube transport=True sorting_thread=alive
20:05:17 [v4][motion] base reached 500 after 1 extra wait(s)
20:05:18 [v4][pick] pick light blue cube complete (standard)
20:05:18 [v4][transport] pick OK in 3.43s
20:05:18 [v4][place] 'light blue cube': replaying taught posture [958, 342, 236, 216, 572] (base first, verified)
20:05:19 [v4][motion] base reached 958 after 1 extra wait(s)
20:05:20 [v4][place] 'light blue cube': at taught posture - releasing
20:05:21 [v4][transport] place OK in 3.03s
20:05:21 [v4][heartbeat] enter=True sorting=True cam=LIVE ai=LIVE cam_fps=50.0 pub_fps=30.4 frames=132958 result_subs=1 roi=ok intrinsic=ok inference_age_ms=74 target=light blue cube transport=True sorting_thread=alive
20:05:21 [v4][sorting-loop] LOCKED on dark blue cube pixel=(99, 199) world=(0.205,0.102,0.025)
20:05:22 [v4][sorting-loop] LOCKED on red cube pixel=(510, 392) world=(0.130,-0.072,0.025)
20:05:22 [v4][sorting-loop] LOCKED on light blue cube pixel=(219, 228) world=(0.195,0.051,0.025)
20:05:22 [v4][sorting-loop] TRACK light blue cube e_dist=0.0008 (thresh=0.008) still=1/5 move=0/5
20:05:23 [v4][sorting-loop] FIRING TRANSPORT label=light blue cube pos=(0.195,0.049,0.025) yaw=579
20:05:23 [v4][transport] BEGIN pick light blue cube at (0.195,0.052,0.080) yaw_pulse=579
20:05:24 [v4][motion] base reached 562 after 1 extra wait(s)
20:05:24 [v4][pick] descend obj_top_z=0.080 grab_depth=0.015 -> z=0.065 (worldpos=legacy/table)
20:05:26 [v4][motion] base reached 500 after 1 extra wait(s)
20:05:26 [v4][heartbeat] enter=True sorting=True cam=LIVE ai=LIVE cam_fps=44.0 pub_fps=30.2 frames=133178 result_subs=1 roi=ok intrinsic=ok inference_age_ms=62 target=light blue cube transport=True sorting_thread=alive
20:05:26 [v4][pick] pick light blue cube complete (standard)
20:05:26 [v4][transport] pick OK in 3.41s
20:05:26 [v4][place] 'light blue cube': replaying taught posture [958, 342, 236, 216, 572] (base first, verified)
20:05:28 [v4][motion] base reached 958 after 1 extra wait(s)
20:05:29 [v4][place] 'light blue cube': at taught posture - releasing
20:05:30 [v4][transport] place OK in 3.11s
20:05:30 [v4][sorting-loop] LOCKED on light blue cube pixel=(92, 208) world=(0.201,0.105,0.025)
20:05:30 [v4][sorting-loop] LOCKED on red cube pixel=(572, 441) world=(0.111,-0.098,0.025)
20:05:31 [v4][sorting-loop] LOCKED on red cube pixel=(310, 361) world=(0.140,0.011,0.025)
20:05:31 [v4][sorting-loop] LOCKED on green cube pixel=(293, 140) world=(0.233,0.021,0.025)
20:05:31 [v4][heartbeat] enter=True sorting=True cam=LIVE ai=LIVE cam_fps=44.7 pub_fps=30.2 frames=133402 result_subs=1 roi=ok intrinsic=ok inference_age_ms=77 target=green cube transport=False sorting_thread=alive
20:05:32 [v4][sorting-loop] FIRING TRANSPORT label=green cube pos=(0.233,0.021,0.025) yaw=625
20:05:32 [v4][transport] BEGIN pick green cube at (0.233,0.023,0.090) yaw_pulse=625
20:05:32 [v4][motion] base reached 523 after 1 extra wait(s)
20:05:33 [v4][pick] descend obj_top_z=0.090 grab_depth=0.015 -> z=0.075 (worldpos=legacy/table)
20:05:35 [v4][motion] base reached 500 after 1 extra wait(s)
20:05:35 [v4][pick] pick green cube complete (standard)
20:05:35 [v4][transport] pick OK in 3.46s
20:05:35 [v4][place] 'green cube': replaying taught posture [885, 347, 210, 229, 500] (base first, verified)
20:05:36 [v4][heartbeat] enter=True sorting=True cam=LIVE ai=LIVE cam_fps=48.9 pub_fps=30.4 frames=133646 result_subs=1 roi=ok intrinsic=ok inference_age_ms=113 target=green cube transport=True sorting_thread=alive
20:05:36 [v4][motion] base reached 885 after 1 extra wait(s)
20:05:37 [v4][place] 'green cube': at taught posture - releasing
20:05:38 [v4][transport] place OK in 2.91s
20:05:39 [v4][sorting-loop] LOCKED on red cube pixel=(179, 167) world=(0.220,0.069,0.025)
20:05:39 [v4][sorting-loop] LOCKED on red cube pixel=(310, 354) world=(0.143,0.011,0.025)
20:05:39 [v4][sorting-loop] LOCKED on red cube pixel=(286, 360) world=(0.141,0.021,0.025)
20:05:40 [v4][sorting-loop] FIRING TRANSPORT label=red cube pos=(0.141,0.021,0.025) yaw=544
20:05:40 [v4][transport] BEGIN pick red cube at (0.141,0.023,0.080) yaw_pulse=544
20:05:41 [v4][motion] base reached 538 after 1 extra wait(s)
20:05:41 [v4][heartbeat] enter=True sorting=True cam=LIVE ai=LIVE cam_fps=45.4 pub_fps=30.2 frames=133873 result_subs=1 roi=ok intrinsic=ok inference_age_ms=98 target=red cube transport=True sorting_thread=alive
20:05:41 [v4][pick] descend obj_top_z=0.080 grab_depth=0.015 -> z=0.065 (worldpos=legacy/table)
20:05:43 [v4][motion] base reached 500 after 1 extra wait(s)
20:05:43 [v4][pick] pick red cube complete (standard)
20:05:43 [v4][transport] pick OK in 3.43s
20:05:43 [v4][place] 'red cube': replaying taught posture [817, 373, 167, 289, 465] (base first, verified)
20:05:44 [v4][motion] base reached 817 after 1 extra wait(s)
20:05:45 [v4][place] 'red cube': at taught posture - releasing
20:05:46 [v4][heartbeat] enter=True sorting=True cam=LIVE ai=LIVE cam_fps=50.2 pub_fps=30.2 frames=134124 result_subs=1 roi=ok intrinsic=ok inference_age_ms=96 target=red cube transport=True sorting_thread=alive
20:05:46 [v4][transport] place OK in 2.77s
20:05:47 [v4][sorting-loop] LOCKED on scaff pixel=(612, 357) world=(0.146,-0.115,0.025)
20:05:47 [v4][sorting-loop] LOCKED on scaff pixel=(457, 221) world=(0.201,-0.049,0.025)
20:05:48 [v4][sorting-loop] FIRING TRANSPORT label=scaff pos=(0.200,-0.051,0.025) yaw=519
20:05:48 [v4][transport] BEGIN pick scaff at (0.200,-0.054,0.080) yaw_pulse=519
20:05:48 [v4][motion] base reached 436 after 1 extra wait(s)
20:05:49 [v4][pick] descend obj_top_z=0.080 grab_depth=0.015 -> z=0.065 (worldpos=legacy/table)
20:05:51 [v4][motion] base reached 500 after 1 extra wait(s)
20:05:51 [v4][pick] pick scaff complete (standard)
20:05:51 [v4][transport] pick OK in 3.42s
20:05:51 [v4][place] 'scaff': replaying taught posture [791, 426, 116, 216, 403] (base first, verified)
20:05:51 [v4][heartbeat] enter=True sorting=True cam=LIVE ai=LIVE cam_fps=46.8 pub_fps=30.2 frames=134358 result_subs=1 roi=ok intrinsic=ok inference_age_ms=94 target=scaff transport=True sorting_thread=alive
20:05:52 [v4][motion] base reached 791 after 1 extra wait(s)
20:05:53 [v4][place] 'scaff': at taught posture - releasing
20:05:54 [v4][transport] place OK in 2.73s
20:05:55 [v4][sorting-loop] LOCKED on scaff pixel=(144, 370) world=(0.135,0.079,0.025)
20:05:56 [v4][heartbeat] enter=True sorting=True cam=LIVE ai=LIVE cam_fps=46.7 pub_fps=30.3 frames=134592 result_subs=1 roi=ok intrinsic=ok inference_age_ms=72 target=none transport=False sorting_thread=alive
20:06:01 [v4][heartbeat] enter=True sorting=True cam=LIVE ai=LIVE cam_fps=51.7 pub_fps=30.3 frames=134850 result_subs=1 roi=ok intrinsic=ok inference_age_ms=82 target=none transport=False sorting_thread=alive
20:06:06 [v4][heartbeat] enter=True sorting=True cam=LIVE ai=LIVE cam_fps=47.5 pub_fps=30.3 frames=135088 result_subs=1 roi=ok intrinsic=ok inference_age_ms=137 target=none transport=False sorting_thread=alive
20:06:11 [v4][heartbeat] enter=True sorting=True cam=LIVE ai=LIVE cam_fps=51.4 pub_fps=30.2 frames=135345 result_subs=1 roi=ok intrinsic=ok inference_age_ms=129 target=none transport=False sorting_thread=alive
20:06:16 [v4][heartbeat] enter=True sorting=True cam=LIVE ai=LIVE cam_fps=49.7 pub_fps=30.4 frames=135593 result_subs=1 roi=ok intrinsic=ok inference_age_ms=98 target=none transport=False sorting_thread=alive
20:06:21 [v4][heartbeat] enter=True sorting=True cam=LIVE ai=LIVE cam_fps=48.2 pub_fps=30.2 frames=135834 result_subs=1 roi=ok intrinsic=ok inference_age_ms=102 target=none transport=False sorting_thread=alive
20:06:26 [v4][heartbeat] enter=True sorting=True cam=LIVE ai=LIVE cam_fps=51.1 pub_fps=30.3 frames=136090 result_subs=1 roi=ok intrinsic=ok inference_age_ms=64 target=none transport=False sorting_thread=alive
20:06:31 [v4][heartbeat] enter=True sorting=True cam=LIVE ai=LIVE cam_fps=47.1 pub_fps=30.2 frames=136325 result_subs=1 roi=ok intrinsic=ok inference_age_ms=98 target=none transport=False sorting_thread=alive
20:06:36 [v4][heartbeat] enter=True sorting=True cam=LIVE ai=LIVE cam_fps=49.0 pub_fps=30.4 frames=136570 result_subs=1 roi=ok intrinsic=ok inference_age_ms=78 target=none transport=False sorting_thread=alive
20:06:41 [v4][heartbeat] enter=True sorting=True cam=LIVE ai=LIVE cam_fps=50.3 pub_fps=30.2 frames=136822 result_subs=1 roi=ok intrinsic=ok inference_age_ms=92 target=none transport=False sorting_thread=alive
20:06:46 [v4][heartbeat] enter=True sorting=True cam=LIVE ai=LIVE cam_fps=46.7 pub_fps=30.3 frames=137056 result_subs=1 roi=ok intrinsic=ok inference_age_ms=76 target=none transport=False sorting_thread=alive
20:06:51 [v4][heartbeat] enter=True sorting=True cam=LIVE ai=LIVE cam_fps=52.5 pub_fps=30.3 frames=137318 result_subs=1 roi=ok intrinsic=ok inference_age_ms=157 target=none transport=False sorting_thread=alive
20:06:56 [v4][heartbeat] enter=True sorting=True cam=LIVE ai=LIVE cam_fps=47.7 pub_fps=30.4 frames=137557 result_subs=1 roi=ok intrinsic=ok inference_age_ms=80 target=none transport=False sorting_thread=alive
20:07:01 [v4][heartbeat] enter=True sorting=True cam=LIVE ai=LIVE cam_fps=51.1 pub_fps=30.3 frames=137812 result_subs=1 roi=ok intrinsic=ok inference_age_ms=49 target=none transport=False sorting_thread=alive
20:07:06 [v4][heartbeat] enter=True sorting=True cam=LIVE ai=LIVE cam_fps=50.2 pub_fps=30.4 frames=138063 result_subs=1 roi=ok intrinsic=ok inference_age_ms=112 target=none transport=False sorting_thread=alive
20:07:11 [v4][heartbeat] enter=True sorting=True cam=LIVE ai=LIVE cam_fps=47.6 pub_fps=30.2 frames=138301 result_subs=1 roi=ok intrinsic=ok inference_age_ms=131 target=none transport=False sorting_thread=alive
20:07:13 [v4][svc] enable_sorting -> False
20:07:16 [v4][heartbeat] enter=True sorting=False cam=LIVE ai=LIVE cam_fps=48.6 pub_fps=30.4 frames=138544 result_subs=1 roi=ok intrinsic=ok inference_age_ms=60 target=none transport=False sorting_thread=alive
20:07:18 [v4][teach] busy - previous teach move still running
20:07:18 [v4][teach] joint_jog servo4 -10 -> 41 pulse; joints=[496, 515, 205, 41, 500]; world=[0.119, -0.002, 0.176]
20:07:20 [v4][teach] joint_jog servo4 +10 -> 51 pulse; joints=[496, 515, 205, 51, 500]; world=[0.126, -0.002, 0.177]
20:07:20 [v4][teach] busy - previous teach move still running
20:07:20 [v4][teach] joint_jog servo4 +10 -> 61 pulse; joints=[496, 515, 205, 61, 500]; world=[0.133, -0.002, 0.177]
20:07:20 [v4][teach] busy - previous teach move still running
20:07:21 [v4][teach] joint_jog servo4 +10 -> 71 pulse; joints=[496, 515, 205, 71, 500]; world=[0.14, -0.002, 0.178]
20:07:21 [v4][teach] busy - previous teach move still running
20:07:21 [v4][teach] joint_jog servo4 +10 -> 81 pulse; joints=[496, 515, 205, 81, 500]; world=[0.146, -0.002, 0.18]
20:07:21 [v4][heartbeat] enter=True sorting=False cam=LIVE ai=LIVE cam_fps=46.2 pub_fps=30.2 frames=138775 result_subs=1 roi=ok intrinsic=ok inference_age_ms=84 target=none transport=False sorting_thread=alive
20:07:21 [v4][teach] busy - previous teach move still running
20:07:21 [v4][teach] joint_jog servo4 +10 -> 91 pulse; joints=[496, 515, 205, 91, 500]; world=[0.153, -0.003, 0.181]
20:07:22 [v4][teach] joint_jog servo4 +10 -> 101 pulse; joints=[496, 515, 205, 101, 500]; world=[0.16, -0.003, 0.183]
20:07:22 [v4][teach] busy - previous teach move still running
20:07:22 [v4][teach] joint_jog servo4 +10 -> 111 pulse; joints=[496, 515, 205, 111, 500]; world=[0.167, -0.003, 0.185]
20:07:22 [v4][teach] busy - previous teach move still running
20:07:22 [v4][teach] joint_jog servo4 +10 -> 121 pulse; joints=[496, 515, 205, 121, 500]; world=[0.173, -0.003, 0.188]
20:07:22 [v4][teach] busy - previous teach move still running
20:07:22 [v4][teach] joint_jog servo4 +10 -> 131 pulse; joints=[496, 515, 205, 131, 500]; world=[0.179, -0.003, 0.191]
20:07:23 [v4][teach] busy - previous teach move still running
20:07:23 [v4][teach] joint_jog servo4 +10 -> 141 pulse; joints=[496, 515, 205, 141, 500]; world=[0.186, -0.003, 0.194]
20:07:23 [v4][teach] busy - previous teach move still running
20:07:23 [v4][teach] joint_jog servo4 +10 -> 151 pulse; joints=[496, 515, 205, 151, 500]; world=[0.192, -0.003, 0.197]
20:07:24 [v4][teach] busy - previous teach move still running
20:07:24 [v4][teach] joint_jog servo4 +10 -> 161 pulse; joints=[496, 515, 205, 161, 500]; world=[0.198, -0.003, 0.2]
20:07:24 [v4][teach] busy - previous teach move still running
20:07:24 [v4][teach] joint_jog servo4 +10 -> 171 pulse; joints=[496, 515, 205, 171, 500]; world=[0.204, -0.003, 0.204]
20:07:24 [v4][teach] busy - previous teach move still running
20:07:24 [v4][teach] joint_jog servo4 +10 -> 181 pulse; joints=[496, 515, 205, 181, 500]; world=[0.21, -0.004, 0.208]
20:07:25 [v4][teach] busy - previous teach move still running
20:07:25 [v4][teach] joint_jog servo4 +10 -> 191 pulse; joints=[496, 515, 205, 191, 500]; world=[0.215, -0.004, 0.212]
20:07:25 [v4][teach] joint_jog servo4 +10 -> 201 pulse; joints=[496, 515, 205, 201, 500]; world=[0.22, -0.004, 0.217]
20:07:25 [v4][teach] busy - previous teach move still running
20:07:25 [v4][teach] joint_jog servo4 +10 -> 211 pulse; joints=[496, 515, 205, 211, 500]; world=[0.226, -0.004, 0.222]
20:07:25 [v4][teach] busy - previous teach move still running
20:07:26 [v4][teach] joint_jog servo4 +10 -> 221 pulse; joints=[496, 515, 205, 221, 500]; world=[0.231, -0.004, 0.226]
20:07:26 [v4][teach] busy - previous teach move still running
20:07:26 [v4][teach] joint_jog servo4 +10 -> 231 pulse; joints=[496, 515, 205, 231, 500]; world=[0.235, -0.004, 0.232]
20:07:26 [v4][heartbeat] enter=True sorting=False cam=LIVE ai=LIVE cam_fps=49.6 pub_fps=30.4 frames=139023 result_subs=1 roi=ok intrinsic=ok inference_age_ms=39 target=none transport=False sorting_thread=alive
20:07:26 [v4][teach] busy - previous teach move still running
20:07:26 [v4][teach] joint_jog servo4 +10 -> 241 pulse; joints=[496, 515, 205, 241, 500]; world=[0.24, -0.004, 0.237]
20:07:27 [v4][teach] busy - previous teach move still running
20:07:27 [v4][teach] joint_jog servo4 +10 -> 251 pulse; joints=[496, 515, 205, 251, 500]; world=[0.244, -0.004, 0.242]
20:07:27 [v4][teach] busy - previous teach move still running
20:07:27 [v4][teach] joint_jog servo4 +10 -> 261 pulse; joints=[496, 515, 205, 261, 500]; world=[0.248, -0.004, 0.248]
20:07:27 [v4][teach] busy - previous teach move still running
20:07:27 [v4][teach] joint_jog servo4 +10 -> 271 pulse; joints=[496, 515, 205, 271, 500]; world=[0.252, -0.004, 0.254]
20:07:28 [v4][teach] busy - previous teach move still running
20:07:28 [v4][teach] joint_jog servo4 +10 -> 281 pulse; joints=[496, 515, 205, 281, 500]; world=[0.256, -0.004, 0.26]
20:07:28 [v4][teach] busy - previous teach move still running
20:07:28 [v4][teach] joint_jog servo4 +10 -> 291 pulse; joints=[496, 515, 205, 291, 500]; world=[0.259, -0.004, 0.266]
20:07:28 [v4][teach] busy - previous teach move still running
20:07:28 [v4][teach] joint_jog servo4 +10 -> 301 pulse; joints=[496, 515, 205, 301, 500]; world=[0.262, -0.004, 0.272]
20:07:29 [v4][teach] joint_jog servo4 +10 -> 311 pulse; joints=[496, 515, 205, 311, 500]; world=[0.265, -0.004, 0.279]
20:07:29 [v4][teach] busy - previous teach move still running
20:07:29 [v4][teach] joint_jog servo4 +10 -> 321 pulse; joints=[496, 515, 205, 321, 500]; world=[0.267, -0.004, 0.285]
20:07:29 [v4][teach] busy - previous teach move still running
20:07:29 [v4][teach] joint_jog servo4 +10 -> 331 pulse; joints=[496, 515, 205, 331, 500]; world=[0.27, -0.005, 0.292]
20:07:30 [v4][teach] busy - previous teach move still running
20:07:30 [v4][teach] joint_jog servo4 +10 -> 341 pulse; joints=[496, 515, 205, 341, 500]; world=[0.272, -0.005, 0.298]
20:07:30 [v4][teach] busy - previous teach move still running
20:07:30 [v4][teach] joint_jog servo4 +10 -> 351 pulse; joints=[496, 515, 205, 351, 500]; world=[0.273, -0.005, 0.305]
20:07:31 [v4][teach] busy - previous teach move still running
20:07:31 [v4][teach] joint_jog servo4 +10 -> 361 pulse; joints=[496, 515, 205, 361, 500]; world=[0.275, -0.005, 0.312]
20:07:31 [v4][teach] busy - previous teach move still running
20:07:31 [v4][teach] joint_jog servo4 +10 -> 371 pulse; joints=[496, 515, 205, 371, 500]; world=[0.276, -0.005, 0.319]
20:07:31 [v4][heartbeat] enter=True sorting=False cam=LIVE ai=LIVE cam_fps=47.0 pub_fps=30.2 frames=139258 result_subs=1 roi=ok intrinsic=ok inference_age_ms=104 target=none transport=False sorting_thread=alive
20:07:31 [v4][teach] busy - previous teach move still running
20:07:31 [v4][teach] joint_jog servo4 +10 -> 381 pulse; joints=[496, 515, 205, 381, 500]; world=[0.277, -0.005, 0.326]
20:07:32 [v4][teach] busy - previous teach move still running
20:07:32 [v4][teach] joint_jog servo4 +10 -> 391 pulse; joints=[496, 515, 205, 391, 500]; world=[0.277, -0.005, 0.333]
20:07:32 [v4][teach] busy - previous teach move still running
20:07:32 [v4][teach] joint_jog servo4 +10 -> 401 pulse; joints=[496, 515, 205, 401, 500]; world=[0.278, -0.005, 0.34]
20:07:32 [v4][teach] busy - previous teach move still running
20:07:32 [v4][teach] joint_jog servo4 +10 -> 411 pulse; joints=[496, 515, 205, 411, 500]; world=[0.278, -0.005, 0.347]
20:07:33 [v4][teach] busy - previous teach move still running
20:07:33 [v4][teach] joint_jog servo4 +10 -> 421 pulse; joints=[496, 515, 205, 421, 500]; world=[0.277, -0.005, 0.354]
20:07:33 [v4][teach] joint_jog servo4 +10 -> 431 pulse; joints=[496, 515, 205, 431, 500]; world=[0.277, -0.005, 0.361]
20:07:33 [v4][teach] busy - previous teach move still running
20:07:34 [v4][teach] joint_jog servo4 +10 -> 441 pulse; joints=[496, 515, 205, 441, 500]; world=[0.276, -0.005, 0.367]
20:07:34 [v4][teach] busy - previous teach move still running
20:07:34 [v4][teach] joint_jog servo4 +10 -> 451 pulse; joints=[496, 515, 205, 451, 500]; world=[0.275, -0.005, 0.374]
20:07:34 [v4][teach] busy - previous teach move still running
20:07:34 [v4][teach] joint_jog servo4 +10 -> 461 pulse; joints=[496, 515, 205, 461, 500]; world=[0.273, -0.005, 0.381]
20:07:35 [v4][teach] joint_jog servo4 +10 -> 471 pulse; joints=[496, 515, 205, 471, 500]; world=[0.271, -0.005, 0.388]
20:07:36 [v4][heartbeat] enter=True sorting=False cam=LIVE ai=LIVE cam_fps=44.4 pub_fps=30.4 frames=139480 result_subs=1 roi=ok intrinsic=ok inference_age_ms=76 target=none transport=False sorting_thread=alive
20:07:41 [v4][heartbeat] enter=True sorting=False cam=LIVE ai=LIVE cam_fps=52.0 pub_fps=30.2 frames=139740 result_subs=1 roi=ok intrinsic=ok inference_age_ms=57 target=none transport=False sorting_thread=alive
20:07:46 [v4][heartbeat] enter=True sorting=False cam=LIVE ai=LIVE cam_fps=48.2 pub_fps=30.4 frames=139981 result_subs=1 roi=ok intrinsic=ok inference_age_ms=72 target=none transport=False sorting_thread=alive
20:07:51 [v4][heartbeat] enter=True sorting=False cam=LIVE ai=LIVE cam_fps=51.0 pub_fps=30.2 frames=140236 result_subs=1 roi=ok intrinsic=ok inference_age_ms=82 target=none transport=False sorting_thread=alive
20:07:56 [v4][heartbeat] enter=True sorting=False cam=LIVE ai=LIVE cam_fps=49.0 pub_fps=30.4 frames=140481 result_subs=1 roi=ok intrinsic=ok inference_age_ms=103 target=none transport=False sorting_thread=alive
20:08:01 [v4][heartbeat] enter=True sorting=False cam=LIVE ai=LIVE cam_fps=47.8 pub_fps=30.2 frames=140720 result_subs=1 roi=ok intrinsic=ok inference_age_ms=57 target=none transport=False sorting_thread=alive
20:08:06 [v4][heartbeat] enter=True sorting=False cam=LIVE ai=LIVE cam_fps=51.0 pub_fps=30.4 frames=140975 result_subs=1 roi=ok intrinsic=ok inference_age_ms=46 target=none transport=False sorting_thread=alive
20:08:11 [v4][heartbeat] enter=True sorting=False cam=LIVE ai=LIVE cam_fps=46.4 pub_fps=30.2 frames=141207 result_subs=1 roi=ok intrinsic=ok inference_age_ms=105 target=none transport=False sorting_thread=alive
20:08:16 [v4][heartbeat] enter=True sorting=False cam=LIVE ai=LIVE cam_fps=45.8 pub_fps=30.4 frames=141436 result_subs=1 roi=ok intrinsic=ok inference_age_ms=66 target=none transport=False sorting_thread=alive
20:08:21 [v4][heartbeat] enter=True sorting=False cam=LIVE ai=LIVE cam_fps=50.8 pub_fps=30.4 frames=141690 result_subs=1 roi=ok intrinsic=ok inference_age_ms=76 target=none transport=False sorting_thread=alive
20:08:26 [v4][heartbeat] enter=True sorting=False cam=LIVE ai=LIVE cam_fps=46.6 pub_fps=30.2 frames=141923 result_subs=1 roi=ok intrinsic=ok inference_age_ms=68 target=none transport=False sorting_thread=alive
20:08:31 [v4][heartbeat] enter=True sorting=False cam=LIVE ai=LIVE cam_fps=51.3 pub_fps=30.4 frames=142180 result_subs=1 roi=ok intrinsic=ok inference_age_ms=90 target=none transport=False sorting_thread=alive
20:08:36 [v4][heartbeat] enter=True sorting=False cam=LIVE ai=LIVE cam_fps=46.2 pub_fps=30.2 frames=142411 result_subs=1 roi=ok intrinsic=ok inference_age_ms=107 target=none transport=False sorting_thread=alive
20:08:41 [v4][heartbeat] enter=True sorting=False cam=LIVE ai=LIVE cam_fps=47.8 pub_fps=30.4 frames=142650 result_subs=1 roi=ok intrinsic=ok inference_age_ms=56 target=none transport=False sorting_thread=alive
20:08:46 [v4][heartbeat] enter=True sorting=False cam=LIVE ai=LIVE cam_fps=52.0 pub_fps=30.2 frames=142910 result_subs=1 roi=ok intrinsic=ok inference_age_ms=85 target=none transport=False sorting_thread=alive
20:08:51 [v4][heartbeat] enter=True sorting=False cam=LIVE ai=LIVE cam_fps=47.8 pub_fps=30.4 frames=143149 result_subs=1 roi=ok intrinsic=ok inference_age_ms=83 target=none transport=False sorting_thread=alive
20:08:56 [v4][heartbeat] enter=True sorting=False cam=LIVE ai=LIVE cam_fps=51.2 pub_fps=30.2 frames=143405 result_subs=1 roi=ok intrinsic=ok inference_age_ms=106 target=none transport=False sorting_thread=alive
20:09:01 [v4][heartbeat] enter=True sorting=False cam=LIVE ai=LIVE cam_fps=47.8 pub_fps=30.4 frames=143644 result_subs=1 roi=ok intrinsic=ok inference_age_ms=77 target=none transport=False sorting_thread=alive
20:09:06 [v4][heartbeat] enter=True sorting=False cam=LIVE ai=LIVE cam_fps=47.0 pub_fps=30.2 frames=143879 result_subs=1 roi=ok intrinsic=ok inference_age_ms=47 target=none transport=False sorting_thread=alive
20:09:11 [v4][heartbeat] enter=True sorting=False cam=LIVE ai=LIVE cam_fps=51.0 pub_fps=30.4 frames=144134 result_subs=1 roi=ok intrinsic=ok inference_age_ms=64 target=none transport=False sorting_thread=alive
20:09:16 [v4][heartbeat] enter=True sorting=False cam=LIVE ai=LIVE cam_fps=47.2 pub_fps=30.2 frames=144370 result_subs=1 roi=ok intrinsic=ok inference_age_ms=82 target=none transport=False sorting_thread=alive
20:09:21 [v4][heartbeat] enter=True sorting=False cam=LIVE ai=LIVE cam_fps=49.0 pub_fps=30.4 frames=144615 result_subs=1 roi=ok intrinsic=ok inference_age_ms=58 target=none transport=False sorting_thread=alive
20:09:26 [v4][heartbeat] enter=True sorting=False cam=LIVE ai=LIVE cam_fps=51.2 pub_fps=30.2 frames=144871 result_subs=1 roi=ok intrinsic=ok inference_age_ms=84 target=none transport=False sorting_thread=alive
20:09:31 [v4][heartbeat] enter=True sorting=False cam=LIVE ai=LIVE cam_fps=46.0 pub_fps=30.4 frames=145101 result_subs=1 roi=ok intrinsic=ok inference_age_ms=99 target=none transport=False sorting_thread=alive
20:09:36 [v4][heartbeat] enter=True sorting=False cam=LIVE ai=LIVE cam_fps=52.2 pub_fps=30.2 frames=145362 result_subs=1 roi=ok intrinsic=ok inference_age_ms=87 target=none transport=False sorting_thread=alive
20:09:41 [v4][heartbeat] enter=True sorting=False cam=LIVE ai=LIVE cam_fps=48.0 pub_fps=30.4 frames=145602 result_subs=1 roi=ok intrinsic=ok inference_age_ms=92 target=none transport=False sorting_thread=alive
20:09:41 [v4][teach] joint_jog servo4 -10 -> 461 pulse; joints=[496, 515, 205, 461, 500]; world=[0.273, -0.005, 0.381]
20:09:43 [v4][teach] joint_jog servo4 +10 -> 471 pulse; joints=[496, 515, 205, 471, 500]; world=[0.271, -0.005, 0.388]
20:09:43 [v4][teach] joint_jog servo4 +10 -> 481 pulse; joints=[496, 515, 205, 481, 500]; world=[0.269, -0.005, 0.395]
20:09:44 [v4][teach] joint_jog servo4 +10 -> 491 pulse; joints=[496, 515, 205, 491, 500]; world=[0.267, -0.004, 0.401]
20:09:44 [v4][teach] joint_jog servo4 +10 -> 501 pulse; joints=[496, 515, 205, 501, 500]; world=[0.264, -0.004, 0.408]
20:09:44 [v4][teach] joint_jog servo4 +10 -> 511 pulse; joints=[496, 515, 205, 511, 500]; world=[0.261, -0.004, 0.414]
20:09:46 [v4][teach] joint_jog servo4 +10 -> 521 pulse; joints=[496, 515, 205, 521, 500]; world=[0.258, -0.004, 0.42]
20:09:46 [v4][heartbeat] enter=True sorting=False cam=LIVE ai=LIVE cam_fps=47.6 pub_fps=30.2 frames=145840 result_subs=1 roi=ok intrinsic=ok inference_age_ms=66 target=none transport=False sorting_thread=alive
20:09:47 [v4][teach] joint_jog servo4 +10 -> 531 pulse; joints=[496, 515, 205, 531, 500]; world=[0.255, -0.004, 0.426]
20:09:51 [v4][heartbeat] enter=True sorting=False cam=LIVE ai=LIVE cam_fps=46.9 pub_fps=30.3 frames=146075 result_subs=1 roi=ok intrinsic=ok inference_age_ms=79 target=none transport=False sorting_thread=alive
20:09:56 [v4][heartbeat] enter=True sorting=False cam=LIVE ai=LIVE cam_fps=45.1 pub_fps=30.3 frames=146300 result_subs=1 roi=ok intrinsic=ok inference_age_ms=97 target=none transport=False sorting_thread=alive
20:10:01 [v4][heartbeat] enter=True sorting=False cam=LIVE ai=LIVE cam_fps=50.9 pub_fps=30.4 frames=146554 result_subs=1 roi=ok intrinsic=ok inference_age_ms=68 target=none transport=False sorting_thread=alive
20:10:06 [v4][heartbeat] enter=True sorting=False cam=LIVE ai=LIVE cam_fps=47.5 pub_fps=30.1 frames=146792 result_subs=1 roi=ok intrinsic=ok inference_age_ms=50 target=none transport=False sorting_thread=alive
20:10:11 [v4][heartbeat] enter=True sorting=False cam=LIVE ai=LIVE cam_fps=48.9 pub_fps=30.5 frames=147036 result_subs=1 roi=ok intrinsic=ok inference_age_ms=114 target=none transport=False sorting_thread=alive
20:10:16 [v4][heartbeat] enter=True sorting=False cam=LIVE ai=LIVE cam_fps=52.6 pub_fps=30.2 frames=147299 result_subs=1 roi=ok intrinsic=ok inference_age_ms=113 target=none transport=False sorting_thread=alive
20:10:21 [v4][heartbeat] enter=True sorting=False cam=LIVE ai=LIVE cam_fps=46.7 pub_fps=30.3 frames=147533 result_subs=1 roi=ok intrinsic=ok inference_age_ms=58 target=none transport=False sorting_thread=alive
20:10:26 [v4][heartbeat] enter=True sorting=False cam=LIVE ai=LIVE cam_fps=50.5 pub_fps=30.2 frames=147785 result_subs=1 roi=ok intrinsic=ok inference_age_ms=130 target=none transport=False sorting_thread=alive
20:10:31 [v4][heartbeat] enter=True sorting=False cam=LIVE ai=LIVE cam_fps=48.8 pub_fps=30.4 frames=148029 result_subs=1 roi=ok intrinsic=ok inference_age_ms=71 target=none transport=False sorting_thread=alive
20:10:36 [v4][heartbeat] enter=True sorting=False cam=LIVE ai=LIVE cam_fps=47.4 pub_fps=30.2 frames=148266 result_subs=1 roi=ok intrinsic=ok inference_age_ms=83 target=none transport=False sorting_thread=alive
20:10:41 [v4][heartbeat] enter=True sorting=False cam=LIVE ai=LIVE cam_fps=51.2 pub_fps=30.4 frames=148522 result_subs=1 roi=ok intrinsic=ok inference_age_ms=85 target=none transport=False sorting_thread=alive
20:10:46 [v4][heartbeat] enter=True sorting=False cam=LIVE ai=LIVE cam_fps=47.8 pub_fps=30.2 frames=148761 result_subs=1 roi=ok intrinsic=ok inference_age_ms=68 target=none transport=False sorting_thread=alive
20:10:51 [v4][heartbeat] enter=True sorting=False cam=LIVE ai=LIVE cam_fps=48.5 pub_fps=30.4 frames=149004 result_subs=1 roi=ok intrinsic=ok inference_age_ms=94 target=none transport=False sorting_thread=alive
20:10:55 [v4][enter] enter requested (camera subs were already alive)
20:10:55 [v4][roi] reading transform.yaml from /home/ubuntu/ros2_ws/src/stepper/config/transform.yaml
20:10:55 [v4][svc] enable_sorting -> True
20:10:55 [v4][roi]   loaded plane: [-0.0034594295448868296, -0.08463774716902761, -0.9964057828522352, 0.21475674481696266]
20:10:55 [v4][roi]   yaml loaded: extristric.shape=(4, 3) corners.shape=(5, 3) white_area_center.shape=(4, 4)
20:10:55 [v4][roi]   intrinsic ready after 0.00s (shape=(3, 3)) distortion.shape=(8,)
20:10:55 [v4][roi]   extrinsic plane shift done
20:10:55 [v4][roi]   projected 4 corners to image pixels
20:10:55 [v4][roi]   computed roi (y=79..403 x=164..572) on intrinsic shape=(3, 3)
20:10:55 [v4][sorting-loop] ROI built - detection branch is now live
20:10:56 [v4][sorting-loop] LOCKED on scaff pixel=(147, 352) world=(0.142,0.079,0.025)
20:10:56 [v4][heartbeat] enter=True sorting=True cam=LIVE ai=LIVE cam_fps=48.5 pub_fps=30.2 frames=149246 result_subs=1 roi=ok intrinsic=ok inference_age_ms=71 target=none transport=False sorting_thread=alive
20:10:56 [v4][sorting-loop] LOCKED on red cube pixel=(211, 251) world=(0.185,0.054,0.025)
20:10:57 [v4][sorting-loop] LOCKED on red cube pixel=(211, 245) world=(0.187,0.054,0.025)
20:10:57 [v4][sorting-loop] FIRING TRANSPORT label=red cube pos=(0.188,0.054,0.025) yaw=662
20:10:57 [v4][transport] BEGIN pick red cube at (0.188,0.058,0.080) yaw_pulse=662
20:10:58 [v4][motion] base reached 571 after 1 extra wait(s)
20:10:58 [v4][pick] descend obj_top_z=0.080 grab_depth=0.015 -> z=0.065 (worldpos=legacy/table)
20:11:00 [v4][motion] base reached 500 after 1 extra wait(s)
20:11:00 [v4][pick] pick red cube complete (standard)
20:11:00 [v4][transport] pick OK in 3.44s
20:11:00 [v4][place] 'red cube': replaying taught posture [817, 373, 167, 289, 465] (base first, verified)
20:11:01 [v4][heartbeat] enter=True sorting=True cam=LIVE ai=LIVE cam_fps=49.4 pub_fps=30.4 frames=149493 result_subs=1 roi=ok intrinsic=ok inference_age_ms=121 target=red cube transport=True sorting_thread=alive
20:11:01 [v4][motion] base reached 817 after 1 extra wait(s)
20:11:02 [v4][place] 'red cube': at taught posture - releasing
20:11:03 [v4][transport] place OK in 2.76s
20:11:05 [v4][sorting-loop] LOCKED on red cube pixel=(224, 191) world=(0.210,0.050,0.025)
20:11:05 [v4][sorting-loop] LOCKED on red cube pixel=(223, 190) world=(0.211,0.050,0.025)
20:11:05 [v4][sorting-loop] TRACK red cube e_dist=0.0008 (thresh=0.008) still=1/5 move=0/5
20:11:06 [v4][sorting-loop] FIRING TRANSPORT label=red cube pos=(0.207,0.047,0.025) yaw=395
20:11:06 [v4][transport] BEGIN pick red cube at (0.207,0.050,0.080) yaw_pulse=395
20:11:06 [v4][heartbeat] enter=True sorting=True cam=LIVE ai=LIVE cam_fps=51.2 pub_fps=30.2 frames=149749 result_subs=1 roi=ok intrinsic=ok inference_age_ms=138 target=red cube transport=True sorting_thread=alive
20:11:06 [v4][motion] base reached 556 after 1 extra wait(s)
20:11:07 [v4][pick] descend obj_top_z=0.080 grab_depth=0.015 -> z=0.065 (worldpos=legacy/table)
20:11:09 [v4][motion] base reached 500 after 1 extra wait(s)
20:11:09 [v4][pick] pick red cube complete (standard)
20:11:09 [v4][transport] pick OK in 3.42s
20:11:09 [v4][place] 'red cube': replaying taught posture [817, 373, 167, 289, 465] (base first, verified)
20:11:10 [v4][motion] base reached 817 after 1 extra wait(s)
20:11:11 [v4][place] 'red cube': at taught posture - releasing
20:11:11 [v4][heartbeat] enter=True sorting=True cam=LIVE ai=LIVE cam_fps=48.4 pub_fps=30.4 frames=149991 result_subs=1 roi=ok intrinsic=ok inference_age_ms=87 target=red cube transport=True sorting_thread=alive
20:11:12 [v4][transport] place OK in 2.76s
20:11:13 [v4][sorting-loop] LOCKED on red cube pixel=(241, 224) world=(0.197,0.042,0.025)
20:11:13 [v4][sorting-loop] FIRING TRANSPORT label=red cube pos=(0.197,0.040,0.025) yaw=469
20:11:13 [v4][transport] BEGIN pick red cube at (0.197,0.043,0.080) yaw_pulse=469
20:11:14 [v4][motion] base reached 550 after 1 extra wait(s)
20:11:15 [v4][pick] descend obj_top_z=0.080 grab_depth=0.015 -> z=0.065 (worldpos=legacy/table)
20:11:16 [v4][heartbeat] enter=True sorting=True cam=LIVE ai=LIVE cam_fps=49.8 pub_fps=30.4 frames=150240 result_subs=1 roi=ok intrinsic=ok inference_age_ms=86 target=red cube transport=True sorting_thread=alive
20:11:16 [v4][motion] base reached 500 after 1 extra wait(s)
20:11:17 [v4][pick] pick red cube complete (standard)
20:11:17 [v4][transport] pick OK in 3.40s
20:11:17 [v4][place] 'red cube': replaying taught posture [817, 373, 167, 289, 465] (base first, verified)
20:11:18 [v4][motion] base reached 817 after 1 extra wait(s)
20:11:19 [v4][place] 'red cube': at taught posture - releasing
20:11:19 [v4][transport] place OK in 2.74s
20:11:20 [v4][sorting-loop] LOCKED on red cube pixel=(52, 233) world=(0.190,0.121,0.025)
20:11:21 [v4][heartbeat] enter=True sorting=True cam=LIVE ai=LIVE cam_fps=51.0 pub_fps=30.2 frames=150495 result_subs=1 roi=ok intrinsic=ok inference_age_ms=75 target=none transport=False sorting_thread=alive
20:11:26 [v4][svc] enable_sorting -> False
20:11:26 [v4][heartbeat] enter=True sorting=False cam=LIVE ai=LIVE cam_fps=48.4 pub_fps=30.4 frames=150737 result_subs=1 roi=ok intrinsic=ok inference_age_ms=90 target=none transport=False sorting_thread=alive
20:11:31 [v4][heartbeat] enter=True sorting=False cam=LIVE ai=LIVE cam_fps=49.8 pub_fps=30.2 frames=150986 result_subs=1 roi=ok intrinsic=ok inference_age_ms=103 target=none transport=False sorting_thread=alive
20:11:36 [v4][heartbeat] enter=True sorting=False cam=LIVE ai=LIVE cam_fps=46.8 pub_fps=30.4 frames=151220 result_subs=1 roi=ok intrinsic=ok inference_age_ms=76 target=none transport=False sorting_thread=alive
20:11:41 [v4][heartbeat] enter=True sorting=False cam=LIVE ai=LIVE cam_fps=49.2 pub_fps=30.2 frames=151466 result_subs=1 roi=ok intrinsic=ok inference_age_ms=165 target=none transport=False sorting_thread=alive
20:11:46 [v4][heartbeat] enter=True sorting=False cam=LIVE ai=LIVE cam_fps=52.0 pub_fps=30.4 frames=151726 result_subs=1 roi=ok intrinsic=ok inference_age_ms=54 target=none transport=False sorting_thread=alive
20:11:51 [v4][heartbeat] enter=True sorting=False cam=LIVE ai=LIVE cam_fps=47.5 pub_fps=30.2 frames=151964 result_subs=1 roi=ok intrinsic=ok inference_age_ms=94 target=none transport=False sorting_thread=alive
20:11:56 [v4][heartbeat] enter=True sorting=False cam=LIVE ai=LIVE cam_fps=53.8 pub_fps=30.4 frames=152233 result_subs=1 roi=ok intrinsic=ok inference_age_ms=58 target=none transport=False sorting_thread=alive
20:12:01 [v4][heartbeat] enter=True sorting=False cam=LIVE ai=LIVE cam_fps=41.5 pub_fps=30.2 frames=152441 result_subs=1 roi=ok intrinsic=ok inference_age_ms=86 target=none transport=False sorting_thread=alive
20:12:06 [v4][heartbeat] enter=True sorting=False cam=LIVE ai=LIVE cam_fps=44.8 pub_fps=30.4 frames=152665 result_subs=1 roi=ok intrinsic=ok inference_age_ms=90 target=none transport=False sorting_thread=alive
20:12:11 [v4][heartbeat] enter=True sorting=False cam=LIVE ai=LIVE cam_fps=44.3 pub_fps=30.2 frames=152886 result_subs=1 roi=ok intrinsic=ok inference_age_ms=142 target=none transport=False sorting_thread=alive
20:12:16 [v4][heartbeat] enter=True sorting=False cam=LIVE ai=LIVE cam_fps=42.4 pub_fps=30.4 frames=153098 result_subs=1 roi=ok intrinsic=ok inference_age_ms=113 target=none transport=False sorting_thread=alive
20:12:21 [v4][heartbeat] enter=True sorting=False cam=LIVE ai=LIVE cam_fps=46.8 pub_fps=30.2 frames=153332 result_subs=1 roi=ok intrinsic=ok inference_age_ms=92 target=none transport=False sorting_thread=alive
20:12:26 [v4][heartbeat] enter=True sorting=False cam=LIVE ai=LIVE cam_fps=44.2 pub_fps=30.4 frames=153553 result_subs=1 roi=ok intrinsic=ok inference_age_ms=40 target=none transport=False sorting_thread=alive
20:12:31 [v4][heartbeat] enter=True sorting=False cam=LIVE ai=LIVE cam_fps=42.1 pub_fps=30.2 frames=153763 result_subs=1 roi=ok intrinsic=ok inference_age_ms=110 target=none transport=False sorting_thread=alive
20:12:36 [v4][heartbeat] enter=True sorting=False cam=LIVE ai=LIVE cam_fps=47.6 pub_fps=30.4 frames=154001 result_subs=1 roi=ok intrinsic=ok inference_age_ms=58 target=none transport=False sorting_thread=alive
20:12:41 [v4][heartbeat] enter=True sorting=False cam=LIVE ai=LIVE cam_fps=43.0 pub_fps=30.2 frames=154216 result_subs=1 roi=ok intrinsic=ok inference_age_ms=120 target=none transport=False sorting_thread=alive
20:12:46 [v4][heartbeat] enter=True sorting=False cam=LIVE ai=LIVE cam_fps=45.0 pub_fps=30.4 frames=154441 result_subs=1 roi=ok intrinsic=ok inference_age_ms=85 target=none transport=False sorting_thread=alive
20:12:51 [v4][heartbeat] enter=True sorting=False cam=LIVE ai=LIVE cam_fps=44.6 pub_fps=30.2 frames=154664 result_subs=1 roi=ok intrinsic=ok inference_age_ms=94 target=none transport=False sorting_thread=alive
20:12:56 [v4][heartbeat] enter=True sorting=False cam=LIVE ai=LIVE cam_fps=42.9 pub_fps=30.3 frames=154879 result_subs=1 roi=ok intrinsic=ok inference_age_ms=106 target=none transport=False sorting_thread=alive
20:12:58 [v4][enter] enter requested (camera subs were already alive)
20:12:58 [v4][svc] enable_sorting -> True
20:12:58 [v4][roi] reading transform.yaml from /home/ubuntu/ros2_ws/src/stepper/config/transform.yaml
20:12:58 [v4][roi]   loaded plane: [-0.0034594295448868296, -0.08463774716902761, -0.9964057828522352, 0.21475674481696266]
20:12:58 [v4][roi]   yaml loaded: extristric.shape=(4, 3) corners.shape=(5, 3) white_area_center.shape=(4, 4)
20:12:58 [v4][roi]   intrinsic ready after 0.00s (shape=(3, 3)) distortion.shape=(8,)
20:12:58 [v4][roi]   extrinsic plane shift done
20:12:58 [v4][roi]   projected 4 corners to image pixels
20:12:58 [v4][roi]   computed roi (y=79..403 x=164..572) on intrinsic shape=(3, 3)
20:12:58 [v4][sorting-loop] ROI built - detection branch is now live
20:12:58 [v4][sorting-loop] LOCKED on light blue cube pixel=(213, 234) world=(0.192,0.054,0.025)
20:12:59 [v4][sorting-loop] TRACK light blue cube e_dist=0.0000 (thresh=0.008) still=4/5 move=0/5
20:12:59 [v4][sorting-loop] FIRING TRANSPORT label=light blue cube pos=(0.192,0.054,0.025) yaw=864
20:12:59 [v4][transport] BEGIN pick light blue cube at (0.192,0.057,0.080) yaw_pulse=864
20:13:00 [v4][motion] base reached 569 after 1 extra wait(s)
20:13:01 [v4][pick] descend obj_top_z=0.080 grab_depth=0.015 -> z=0.065 (worldpos=legacy/table)
20:13:01 [v4][heartbeat] enter=True sorting=True cam=LIVE ai=LIVE cam_fps=47.5 pub_fps=30.3 frames=155116 result_subs=1 roi=ok intrinsic=ok inference_age_ms=69 target=light blue cube transport=True sorting_thread=alive
20:13:02 [v4][motion] base reached 500 after 1 extra wait(s)
20:13:03 [v4][pick] pick light blue cube complete (standard)
20:13:03 [v4][transport] pick OK in 3.43s
20:13:03 [v4][place] 'light blue cube': replaying taught posture [958, 342, 236, 216, 572] (base first, verified)
20:13:04 [v4][motion] base reached 958 after 1 extra wait(s)
20:13:05 [v4][place] 'light blue cube': at taught posture - releasing
20:13:06 [v4][transport] place OK in 3.03s
20:13:06 [v4][heartbeat] enter=True sorting=True cam=LIVE ai=LIVE cam_fps=44.4 pub_fps=30.4 frames=155338 result_subs=1 roi=ok intrinsic=ok inference_age_ms=65 target=light blue cube transport=True sorting_thread=alive
20:13:06 [v4][sorting-loop] LOCKED on light blue cube pixel=(9, 282) world=(0.169,0.138,0.025)
20:13:07 [v4][sorting-loop] LOCKED on red cube pixel=(586, 225) world=(0.201,-0.104,0.025)
20:13:07 [v4][sorting-loop] LOCKED on red cube pixel=(295, 176) world=(0.218,0.020,0.025)
20:13:07 [v4][sorting-loop] TRACK red cube e_dist=0.0008 (thresh=0.008) still=1/5 move=0/5
20:13:07 [v4][sorting-loop] FIRING TRANSPORT label=red cube pos=(0.218,0.019,0.025) yaw=376
20:13:08 [v4][transport] BEGIN pick red cube at (0.218,0.020,0.080) yaw_pulse=376
20:13:08 [v4][motion] base reached 522 after 1 extra wait(s)
20:13:09 [v4][pick] descend obj_top_z=0.080 grab_depth=0.015 -> z=0.065 (worldpos=legacy/table)
20:13:11 [v4][motion] base reached 500 after 1 extra wait(s)
20:13:11 [v4][pick] pick red cube complete (standard)
20:13:11 [v4][transport] pick OK in 3.42s
20:13:11 [v4][place] 'red cube': replaying taught posture [817, 373, 167, 289, 465] (base first, verified)
20:13:11 [v4][heartbeat] enter=True sorting=True cam=LIVE ai=LIVE cam_fps=47.0 pub_fps=30.2 frames=155573 result_subs=1 roi=ok intrinsic=ok inference_age_ms=114 target=red cube transport=True sorting_thread=alive
20:13:12 [v4][motion] base reached 817 after 1 extra wait(s)
20:13:13 [v4][place] 'red cube': at taught posture - releasing
20:13:14 [v4][transport] place OK in 2.79s
20:13:14 [v4][sorting-loop] LOCKED on green cube pixel=(612, 427) world=(0.117,-0.115,0.025)
20:13:15 [v4][sorting-loop] LOCKED on green cube pixel=(376, 321) world=(0.158,-0.016,0.025)
20:13:15 [v4][sorting-loop] LOCKED on green cube pixel=(330, 322) world=(0.157,0.003,0.025)
20:13:15 [v4][sorting-loop] TRACK green cube e_dist=0.0000 (thresh=0.008) still=1/5 move=0/5
20:13:15 [v4][sorting-loop] FIRING TRANSPORT label=green cube pos=(0.157,0.003,0.025) yaw=521
20:13:15 [v4][transport] BEGIN pick green cube at (0.157,0.003,0.080) yaw_pulse=521
20:13:16 [v4][heartbeat] enter=True sorting=True cam=LIVE ai=LIVE cam_fps=42.6 pub_fps=30.4 frames=155786 result_subs=1 roi=ok intrinsic=ok inference_age_ms=108 target=green cube transport=True sorting_thread=alive
20:13:17 [v4][pick] descend obj_top_z=0.080 grab_depth=0.015 -> z=0.065 (worldpos=legacy/table)
20:13:18 [v4][pick] pick green cube complete (standard)
20:13:18 [v4][transport] pick OK in 2.93s
20:13:18 [v4][place] 'green cube': replaying taught posture [885, 347, 210, 229, 500] (base first, verified)
20:13:19 [v4][motion] base reached 885 after 1 extra wait(s)
20:13:20 [v4][place] 'green cube': at taught posture - releasing
20:13:21 [v4][heartbeat] enter=True sorting=True cam=LIVE ai=LIVE cam_fps=43.3 pub_fps=30.1 frames=156003 result_subs=1 roi=ok intrinsic=ok inference_age_ms=85 target=green cube transport=True sorting_thread=alive
20:13:21 [v4][transport] place OK in 2.88s
20:13:22 [v4][sorting-loop] LOCKED on red cube pixel=(182, 158) world=(0.224,0.068,0.025)
20:13:22 [v4][sorting-loop] LOCKED on scaff pixel=(595, 290) world=(0.174,-0.108,0.025)
20:13:22 [v4][sorting-loop] LOCKED on scaff pixel=(481, 240) world=(0.193,-0.059,0.025)
20:13:23 [v4][sorting-loop] TRACK scaff e_dist=0.0008 (thresh=0.008) still=2/5 move=0/5
20:13:23 [v4][sorting-loop] FIRING TRANSPORT label=scaff pos=(0.193,-0.059,0.025) yaw=754
20:13:23 [v4][transport] BEGIN pick scaff at (0.193,-0.063,0.080) yaw_pulse=754
20:13:23 [v4][motion] base reached 424 after 1 extra wait(s)
20:13:24 [v4][pick] descend obj_top_z=0.080 grab_depth=0.015 -> z=0.065 (worldpos=legacy/table)
20:13:26 [v4][motion] base reached 500 after 1 extra wait(s)
20:13:26 [v4][heartbeat] enter=True sorting=True cam=LIVE ai=LIVE cam_fps=47.3 pub_fps=30.5 frames=156239 result_subs=1 roi=ok intrinsic=ok inference_age_ms=120 target=scaff transport=True sorting_thread=alive
20:13:26 [v4][pick] pick scaff complete (standard)
20:13:26 [v4][transport] pick OK in 3.42s
20:13:26 [v4][place] 'scaff': replaying taught posture [791, 426, 116, 216, 403] (base first, verified)
20:13:27 [v4][motion] base reached 791 after 1 extra wait(s)
20:13:28 [v4][place] 'scaff': at taught posture - releasing
20:13:29 [v4][transport] place OK in 2.70s
20:13:30 [v4][sorting-loop] LOCKED on scaff pixel=(583, 283) world=(0.176,-0.103,0.025)
20:13:30 [v4][sorting-loop] LOCKED on scaff pixel=(388, 222) world=(0.199,-0.020,0.025)
20:13:30 [v4][sorting-loop] TRACK scaff e_dist=0.0021 (thresh=0.008) still=1/5 move=0/5
20:13:30 [v4][sorting-loop] FIRING TRANSPORT label=scaff pos=(0.201,-0.014,0.025) yaw=342
20:13:30 [v4][transport] BEGIN pick scaff at (0.201,-0.015,0.080) yaw_pulse=342
20:13:31 [v4][motion] base reached 482 after 1 extra wait(s)
20:13:31 [v4][heartbeat] enter=True sorting=True cam=LIVE ai=LIVE cam_fps=43.7 pub_fps=30.2 frames=156457 result_subs=1 roi=ok intrinsic=ok inference_age_ms=104 target=scaff transport=True sorting_thread=alive
20:13:32 [v4][pick] descend obj_top_z=0.080 grab_depth=0.015 -> z=0.065 (worldpos=legacy/table)
20:13:33 [v4][motion] base reached 500 after 1 extra wait(s)
20:13:34 [v4][pick] pick scaff complete (standard)
20:13:34 [v4][transport] pick OK in 3.42s
20:13:34 [v4][place] 'scaff': replaying taught posture [791, 426, 116, 216, 403] (base first, verified)
20:13:35 [v4][motion] base reached 791 after 1 extra wait(s)
20:13:35 [v4][place] 'scaff': at taught posture - releasing
20:13:36 [v4][heartbeat] enter=True sorting=True cam=LIVE ai=LIVE cam_fps=43.0 pub_fps=30.4 frames=156672 result_subs=1 roi=ok intrinsic=ok inference_age_ms=74 target=scaff transport=True sorting_thread=alive
20:13:36 [v4][transport] place OK in 2.72s
20:13:37 [v4][sorting-loop] LOCKED on red cube pixel=(57, 213) world=(0.199,0.120,0.025)
20:13:38 [v4][svc] enable_sorting -> False
20:13:41 [v4][svc] enable_sorting -> False
20:13:41 [v4][heartbeat] enter=True sorting=False cam=LIVE ai=LIVE cam_fps=42.4 pub_fps=30.2 frames=156884 result_subs=1 roi=ok intrinsic=ok inference_age_ms=120 target=none transport=False sorting_thread=alive
20:13:46 [v4][heartbeat] enter=True sorting=False cam=LIVE ai=LIVE cam_fps=42.4 pub_fps=30.4 frames=157096 result_subs=1 roi=ok intrinsic=ok inference_age_ms=102 target=none transport=False sorting_thread=alive
20:13:51 [v4][heartbeat] enter=True sorting=False cam=LIVE ai=LIVE cam_fps=45.0 pub_fps=30.2 frames=157321 result_subs=1 roi=ok intrinsic=ok inference_age_ms=71 target=none transport=False sorting_thread=alive
20:13:56 [v4][heartbeat] enter=True sorting=False cam=LIVE ai=LIVE cam_fps=45.4 pub_fps=30.4 frames=157548 result_subs=1 roi=ok intrinsic=ok inference_age_ms=90 target=none transport=False sorting_thread=alive
20:14:01 [v4][heartbeat] enter=True sorting=False cam=LIVE ai=LIVE cam_fps=45.4 pub_fps=30.2 frames=157775 result_subs=1 roi=ok intrinsic=ok inference_age_ms=47 target=none transport=False sorting_thread=alive
20:14:06 [v4][heartbeat] enter=True sorting=False cam=LIVE ai=LIVE cam_fps=46.8 pub_fps=30.4 frames=158009 result_subs=1 roi=ok intrinsic=ok inference_age_ms=77 target=none transport=False sorting_thread=alive
20:14:11 [v4][heartbeat] enter=True sorting=False cam=LIVE ai=LIVE cam_fps=43.8 pub_fps=30.4 frames=158228 result_subs=1 roi=ok intrinsic=ok inference_age_ms=63 target=none transport=False sorting_thread=alive
20:14:16 [v4][heartbeat] enter=True sorting=False cam=LIVE ai=LIVE cam_fps=46.6 pub_fps=30.2 frames=158461 result_subs=1 roi=ok intrinsic=ok inference_age_ms=99 target=none transport=False sorting_thread=alive
20:14:21 [v4][heartbeat] enter=True sorting=False cam=LIVE ai=LIVE cam_fps=41.3 pub_fps=30.3 frames=158668 result_subs=1 roi=ok intrinsic=ok inference_age_ms=70 target=none transport=False sorting_thread=alive
20:14:26 [v4][heartbeat] enter=True sorting=False cam=LIVE ai=LIVE cam_fps=42.1 pub_fps=30.3 frames=158878 result_subs=1 roi=ok intrinsic=ok inference_age_ms=183 target=none transport=False sorting_thread=alive
20:14:31 [v4][heartbeat] enter=True sorting=False cam=LIVE ai=LIVE cam_fps=47.4 pub_fps=30.2 frames=159115 result_subs=1 roi=ok intrinsic=ok inference_age_ms=116 target=none transport=False sorting_thread=alive
20:14:36 [v4][heartbeat] enter=True sorting=False cam=LIVE ai=LIVE cam_fps=40.0 pub_fps=30.4 frames=159315 result_subs=1 roi=ok intrinsic=ok inference_age_ms=58 target=none transport=False sorting_thread=alive
20:14:41 [v4][heartbeat] enter=True sorting=False cam=LIVE ai=LIVE cam_fps=44.7 pub_fps=30.4 frames=159539 result_subs=1 roi=ok intrinsic=ok inference_age_ms=76 target=none transport=False sorting_thread=alive
20:14:46 [v4][heartbeat] enter=True sorting=False cam=LIVE ai=LIVE cam_fps=44.6 pub_fps=30.2 frames=159762 result_subs=1 roi=ok intrinsic=ok inference_age_ms=88 target=none transport=False sorting_thread=alive
20:14:51 [v4][heartbeat] enter=True sorting=False cam=LIVE ai=LIVE cam_fps=45.5 pub_fps=30.3 frames=159989 result_subs=1 roi=ok intrinsic=ok inference_age_ms=103 target=none transport=False sorting_thread=alive
20:14:56 [v4][heartbeat] enter=True sorting=False cam=LIVE ai=LIVE cam_fps=44.5 pub_fps=30.3 frames=160212 result_subs=1 roi=ok intrinsic=ok inference_age_ms=121 target=none transport=False sorting_thread=alive
20:15:01 [v4][heartbeat] enter=True sorting=False cam=LIVE ai=LIVE cam_fps=45.7 pub_fps=30.5 frames=160440 result_subs=1 roi=ok intrinsic=ok inference_age_ms=78 target=none transport=False sorting_thread=alive
20:15:06 [v4][heartbeat] enter=True sorting=False cam=LIVE ai=LIVE cam_fps=46.8 pub_fps=30.2 frames=160674 result_subs=1 roi=ok intrinsic=ok inference_age_ms=152 target=none transport=False sorting_thread=alive
20:15:10 [v4][enter] enter requested (camera subs were already alive)
20:15:10 [v4][svc] enable_sorting -> True
20:15:10 [v4][roi] reading transform.yaml from /home/ubuntu/ros2_ws/src/stepper/config/transform.yaml
20:15:10 [v4][roi]   loaded plane: [-0.0034594295448868296, -0.08463774716902761, -0.9964057828522352, 0.21475674481696266]
20:15:10 [v4][roi]   yaml loaded: extristric.shape=(4, 3) corners.shape=(5, 3) white_area_center.shape=(4, 4)
20:15:10 [v4][roi]   intrinsic ready after 0.00s (shape=(3, 3)) distortion.shape=(8,)
20:15:10 [v4][roi]   extrinsic plane shift done
20:15:10 [v4][roi]   projected 4 corners to image pixels
20:15:10 [v4][roi]   computed roi (y=79..403 x=164..572) on intrinsic shape=(3, 3)
20:15:10 [v4][sorting-loop] ROI built - detection branch is now live
20:15:10 [v4][sorting-loop] LOCKED on green cube pixel=(289, 175) world=(0.218,0.022,0.025)
20:15:11 [v4][heartbeat] enter=True sorting=True cam=LIVE ai=LIVE cam_fps=41.2 pub_fps=30.0 frames=160880 result_subs=1 roi=ok intrinsic=ok inference_age_ms=85 target=green cube transport=False sorting_thread=alive
20:15:12 [v4][sorting-loop] FIRING TRANSPORT label=green cube pos=(0.218,0.023,0.025) yaw=450
20:15:12 [v4][transport] BEGIN pick green cube at (0.218,0.024,0.080) yaw_pulse=450
20:15:13 [v4][pick] descend obj_top_z=0.080 grab_depth=0.015 -> z=0.065 (worldpos=legacy/table)
20:15:14 [v4][motion] base reached 500 after 1 extra wait(s)
20:15:15 [v4][pick] pick green cube complete (standard)
20:15:15 [v4][transport] pick OK in 3.16s
20:15:15 [v4][place] 'green cube': replaying taught posture [885, 347, 210, 229, 500] (base first, verified)
20:15:16 [v4][motion] base reached 885 after 1 extra wait(s)
20:15:16 [v4][heartbeat] enter=True sorting=True cam=LIVE ai=LIVE cam_fps=45.8 pub_fps=30.4 frames=161109 result_subs=1 roi=ok intrinsic=ok inference_age_ms=66 target=green cube transport=True sorting_thread=alive
20:15:17 [v4][place] 'green cube': at taught posture - releasing
20:15:18 [v4][transport] place OK in 2.88s
20:15:19 [v4][sorting-loop] LOCKED on light blue cube pixel=(487, 238) world=(0.194,-0.062,0.025)
20:15:19 [v4][sorting-loop] LOCKED on red cube pixel=(284, 340) world=(0.149,0.022,0.025)
20:15:20 [v4][sorting-loop] FIRING TRANSPORT label=red cube pos=(0.149,0.022,0.025) yaw=461
20:15:20 [v4][transport] BEGIN pick red cube at (0.149,0.024,0.080) yaw_pulse=461
20:15:20 [v4][motion] base reached 537 after 1 extra wait(s)
20:15:21 [v4][heartbeat] enter=True sorting=True cam=LIVE ai=LIVE cam_fps=45.4 pub_fps=30.4 frames=161336 result_subs=1 roi=ok intrinsic=ok inference_age_ms=92 target=red cube transport=True sorting_thread=alive
20:15:21 [v4][pick] descend obj_top_z=0.080 grab_depth=0.015 -> z=0.065 (worldpos=legacy/table)
20:15:23 [v4][motion] base reached 500 after 1 extra wait(s)
20:15:23 [v4][pick] pick red cube complete (standard)
20:15:23 [v4][transport] pick OK in 3.43s
20:15:23 [v4][place] 'red cube': replaying taught posture [817, 373, 167, 289, 465] (base first, verified)
20:15:24 [v4][motion] base reached 817 after 1 extra wait(s)
20:15:25 [v4][place] 'red cube': at taught posture - releasing
20:15:26 [v4][transport] place OK in 2.75s
20:15:26 [v4][heartbeat] enter=True sorting=True cam=LIVE ai=LIVE cam_fps=45.4 pub_fps=30.2 frames=161563 result_subs=1 roi=ok intrinsic=ok inference_age_ms=67 target=red cube transport=True sorting_thread=alive
20:15:27 [v4][sorting-loop] LOCKED on light blue cube pixel=(232, 235) world=(0.192,0.046,0.025)
20:15:27 [v4][sorting-loop] LOCKED on light blue cube pixel=(202, 246) world=(0.187,0.058,0.025)
20:15:28 [v4][sorting-loop] TRACK light blue cube e_dist=0.0004 (thresh=0.008) still=4/5 move=0/5
20:15:28 [v4][sorting-loop] FIRING TRANSPORT label=light blue cube pos=(0.187,0.057,0.025) yaw=537
20:15:28 [v4][transport] BEGIN pick light blue cube at (0.187,0.061,0.080) yaw_pulse=537
20:15:28 [v4][motion] base reached 575 after 1 extra wait(s)
20:15:29 [v4][pick] descend obj_top_z=0.080 grab_depth=0.015 -> z=0.065 (worldpos=legacy/table)
20:15:31 [v4][motion] base reached 500 after 1 extra wait(s)
20:15:31 [v4][heartbeat] enter=True sorting=True cam=LIVE ai=LIVE cam_fps=46.6 pub_fps=30.4 frames=161796 result_subs=1 roi=ok intrinsic=ok inference_age_ms=64 target=light blue cube transport=True sorting_thread=alive
20:15:31 [v4][pick] pick light blue cube complete (standard)
20:15:31 [v4][transport] pick OK in 3.43s
20:15:31 [v4][place] 'light blue cube': replaying taught posture [958, 342, 236, 216, 572] (base first, verified)
20:15:32 [v4][motion] base reached 958 after 1 extra wait(s)
20:15:33 [v4][place] 'light blue cube': at taught posture - releasing
20:15:34 [v4][transport] place OK in 3.03s
20:15:35 [v4][sorting-loop] LOCKED on red cube pixel=(203, 171) world=(0.218,0.059,0.025)
20:15:35 [v4][sorting-loop] LOCKED on scaff pixel=(437, 275) world=(0.178,-0.041,0.025)
20:15:36 [v4][sorting-loop] FIRING TRANSPORT label=scaff pos=(0.177,-0.042,0.025) yaw=643
20:15:36 [v4][transport] BEGIN pick scaff at (0.177,-0.045,0.080) yaw_pulse=643
20:15:36 [v4][heartbeat] enter=True sorting=True cam=LIVE ai=LIVE cam_fps=45.6 pub_fps=30.2 frames=162024 result_subs=1 roi=ok intrinsic=ok inference_age_ms=77 target=scaff transport=True sorting_thread=alive
20:15:36 [v4][motion] base reached 440 after 1 extra wait(s)
20:15:37 [v4][pick] descend obj_top_z=0.080 grab_depth=0.015 -> z=0.065 (worldpos=legacy/table)
20:15:39 [v4][motion] base reached 500 after 1 extra wait(s)
20:15:39 [v4][pick] pick scaff complete (standard)
20:15:39 [v4][transport] pick OK in 3.41s
20:15:39 [v4][place] 'scaff': replaying taught posture [791, 426, 116, 216, 403] (base first, verified)
20:15:40 [v4][motion] base reached 791 after 1 extra wait(s)
20:15:41 [v4][place] 'scaff': at taught posture - releasing
20:15:41 [v4][heartbeat] enter=True sorting=True cam=LIVE ai=LIVE cam_fps=45.0 pub_fps=30.4 frames=162249 result_subs=1 roi=ok intrinsic=ok inference_age_ms=128 target=scaff transport=True sorting_thread=alive
20:15:42 [v4][transport] place OK in 2.71s
20:15:43 [v4][sorting-loop] LOCKED on red cube pixel=(100, 196) world=(0.206,0.102,0.025)
20:15:43 [v4][sorting-loop] LOCKED on scaff pixel=(408, 253) world=(0.187,-0.029,0.025)
20:15:43 [v4][sorting-loop] FIRING TRANSPORT label=scaff pos=(0.187,-0.024,0.025) yaw=586
20:15:43 [v4][transport] BEGIN pick scaff at (0.187,-0.026,0.080) yaw_pulse=586
20:15:44 [v4][motion] base reached 467 after 1 extra wait(s)
20:15:45 [v4][pick] descend obj_top_z=0.080 grab_depth=0.015 -> z=0.065 (worldpos=legacy/table)
20:15:46 [v4][heartbeat] enter=True sorting=True cam=LIVE ai=LIVE cam_fps=45.2 pub_fps=30.2 frames=162475 result_subs=1 roi=ok intrinsic=ok inference_age_ms=90 target=scaff transport=True sorting_thread=alive
20:15:46 [v4][motion] base reached 500 after 1 extra wait(s)
20:15:47 [v4][pick] pick scaff complete (standard)
20:15:47 [v4][transport] pick OK in 3.45s
20:15:47 [v4][place] 'scaff': replaying taught posture [791, 426, 116, 216, 403] (base first, verified)
20:15:48 [v4][motion] base reached 791 after 1 extra wait(s)
20:15:49 [v4][place] 'scaff': at taught posture - releasing
20:15:49 [v4][transport] place OK in 2.73s
20:15:50 [v4][sorting-loop] LOCKED on scaff pixel=(565, 353) world=(0.147,-0.095,0.025)
20:15:50 [v4][sorting-loop] LOCKED on scaff pixel=(379, 293) world=(0.169,-0.017,0.025)
20:15:50 [v4][sorting-loop] LOCKED on scaff pixel=(376, 292) world=(0.170,-0.016,0.025)
20:15:51 [v4][sorting-loop] FIRING TRANSPORT label=scaff pos=(0.169,-0.017,0.025) yaw=601
20:15:51 [v4][transport] BEGIN pick scaff at (0.169,-0.018,0.080) yaw_pulse=601
20:15:51 [v4][heartbeat] enter=True sorting=True cam=LIVE ai=LIVE cam_fps=45.9 pub_fps=30.4 frames=162705 result_subs=1 roi=ok intrinsic=ok inference_age_ms=57 target=scaff transport=True sorting_thread=alive
20:15:51 [v4][motion] base reached 475 after 1 extra wait(s)
20:15:52 [v4][pick] descend obj_top_z=0.080 grab_depth=0.015 -> z=0.065 (worldpos=legacy/table)
20:15:54 [v4][motion] base reached 500 after 1 extra wait(s)
20:15:54 [v4][pick] pick scaff complete (standard)
20:15:54 [v4][transport] pick OK in 3.41s
20:15:54 [v4][place] 'scaff': replaying taught posture [791, 426, 116, 216, 403] (base first, verified)
20:15:55 [v4][motion] base reached 791 after 1 extra wait(s)
20:15:56 [v4][place] 'scaff': at taught posture - releasing
20:15:56 [v4][heartbeat] enter=True sorting=True cam=LIVE ai=LIVE cam_fps=47.3 pub_fps=30.3 frames=162941 result_subs=1 roi=ok intrinsic=ok inference_age_ms=88 target=scaff transport=True sorting_thread=alive
20:15:57 [v4][transport] place OK in 2.74s
20:15:58 [v4][sorting-loop] LOCKED on scaff pixel=(105, 384) world=(0.128,0.095,0.025)
20:16:00 [v4][svc] enable_sorting -> False
20:16:01 [v4][heartbeat] enter=True sorting=False cam=LIVE ai=LIVE cam_fps=47.1 pub_fps=30.4 frames=163177 result_subs=1 roi=ok intrinsic=ok inference_age_ms=114 target=none transport=False sorting_thread=alive
20:16:06 [v4][heartbeat] enter=True sorting=False cam=LIVE ai=LIVE cam_fps=45.2 pub_fps=30.2 frames=163403 result_subs=1 roi=ok intrinsic=ok inference_age_ms=143 target=none transport=False sorting_thread=alive
20:16:11 [v4][heartbeat] enter=True sorting=False cam=LIVE ai=LIVE cam_fps=49.6 pub_fps=30.4 frames=163651 result_subs=1 roi=ok intrinsic=ok inference_age_ms=65 target=none transport=False sorting_thread=alive
20:16:16 [v4][heartbeat] enter=True sorting=False cam=LIVE ai=LIVE cam_fps=43.8 pub_fps=30.2 frames=163870 result_subs=1 roi=ok intrinsic=ok inference_age_ms=102 target=none transport=False sorting_thread=alive
20:16:21 [v4][heartbeat] enter=True sorting=False cam=LIVE ai=LIVE cam_fps=44.4 pub_fps=30.4 frames=164092 result_subs=1 roi=ok intrinsic=ok inference_age_ms=127 target=none transport=False sorting_thread=alive
20:16:26 [v4][heartbeat] enter=True sorting=False cam=LIVE ai=LIVE cam_fps=48.2 pub_fps=30.2 frames=164333 result_subs=1 roi=ok intrinsic=ok inference_age_ms=131 target=none transport=False sorting_thread=alive
20:16:31 [v4][heartbeat] enter=True sorting=False cam=LIVE ai=LIVE cam_fps=42.3 pub_fps=30.4 frames=164545 result_subs=1 roi=ok intrinsic=ok inference_age_ms=97 target=none transport=False sorting_thread=alive
20:16:36 [v4][heartbeat] enter=True sorting=False cam=LIVE ai=LIVE cam_fps=45.2 pub_fps=30.4 frames=164771 result_subs=1 roi=ok intrinsic=ok inference_age_ms=119 target=none transport=False sorting_thread=alive
20:16:41 [v4][heartbeat] enter=True sorting=False cam=LIVE ai=LIVE cam_fps=44.2 pub_fps=30.2 frames=164992 result_subs=1 roi=ok intrinsic=ok inference_age_ms=126 target=none transport=False sorting_thread=alive
20:16:46 [v4][heartbeat] enter=True sorting=False cam=LIVE ai=LIVE cam_fps=44.2 pub_fps=30.2 frames=165213 result_subs=1 roi=ok intrinsic=ok inference_age_ms=64 target=none transport=False sorting_thread=alive
20:16:49 [v4][enter] enter requested (camera subs were already alive)
20:16:49 [v4][roi] reading transform.yaml from /home/ubuntu/ros2_ws/src/stepper/config/transform.yaml
20:16:49 [v4][svc] enable_sorting -> True
20:16:49 [v4][roi]   loaded plane: [-0.0034594295448868296, -0.08463774716902761, -0.9964057828522352, 0.21475674481696266]
20:16:49 [v4][roi]   yaml loaded: extristric.shape=(4, 3) corners.shape=(5, 3) white_area_center.shape=(4, 4)
20:16:49 [v4][roi]   intrinsic ready after 0.00s (shape=(3, 3)) distortion.shape=(8,)
20:16:49 [v4][roi]   extrinsic plane shift done
20:16:49 [v4][roi]   projected 4 corners to image pixels
20:16:49 [v4][roi]   computed roi (y=79..403 x=164..572) on intrinsic shape=(3, 3)
20:16:49 [v4][sorting-loop] ROI built - detection branch is now live
20:16:49 [v4][sorting-loop] LOCKED on red cube pixel=(321, 354) world=(0.143,0.006,0.025)
20:16:50 [v4][sorting-loop] FIRING TRANSPORT label=red cube pos=(0.143,0.006,0.025) yaw=831
20:16:50 [v4][transport] BEGIN pick red cube at (0.143,0.007,0.080) yaw_pulse=831
20:16:51 [v4][motion] base reached 511 after 1 extra wait(s)
20:16:51 [v4][heartbeat] enter=True sorting=True cam=LIVE ai=LIVE cam_fps=44.4 pub_fps=30.4 frames=165435 result_subs=1 roi=ok intrinsic=ok inference_age_ms=113 target=red cube transport=True sorting_thread=alive
20:16:51 [v4][pick] descend obj_top_z=0.080 grab_depth=0.015 -> z=0.065 (worldpos=legacy/table)
20:16:53 [v4][pick] pick red cube complete (standard)
20:16:53 [v4][transport] pick OK in 3.15s
20:16:53 [v4][place] 'red cube': replaying taught posture [817, 373, 167, 289, 465] (base first, verified)
20:16:54 [v4][motion] base reached 817 after 1 extra wait(s)
20:16:55 [v4][place] 'red cube': at taught posture - releasing
20:16:56 [v4][transport] place OK in 2.76s
20:16:56 [v4][heartbeat] enter=True sorting=True cam=LIVE ai=LIVE cam_fps=44.2 pub_fps=30.4 frames=165656 result_subs=1 roi=ok intrinsic=ok inference_age_ms=94 target=red cube transport=True sorting_thread=alive
20:16:57 [v4][sorting-loop] LOCKED on red cube pixel=(602, 385) world=(0.134,-0.111,0.025)
20:16:57 [v4][sorting-loop] LOCKED on red cube pixel=(362, 297) world=(0.168,-0.010,0.025)
20:16:57 [v4][sorting-loop] LOCKED on red cube pixel=(306, 301) world=(0.165,0.013,0.025)
20:16:58 [v4][sorting-loop] FIRING TRANSPORT label=red cube pos=(0.166,0.013,0.025) yaw=818
20:16:58 [v4][transport] BEGIN pick red cube at (0.166,0.014,0.080) yaw_pulse=818
20:16:58 [v4][motion] base reached 520 after 1 extra wait(s)
20:16:59 [v4][pick] descend obj_top_z=0.080 grab_depth=0.015 -> z=0.065 (worldpos=legacy/table)
20:17:01 [v4][motion] base reached 500 after 1 extra wait(s)
20:17:01 [v4][pick] pick red cube complete (standard)
20:17:01 [v4][transport] pick OK in 3.44s
20:17:01 [v4][place] 'red cube': replaying taught posture [817, 373, 167, 289, 465] (base first, verified)
20:17:01 [v4][heartbeat] enter=True sorting=True cam=LIVE ai=LIVE cam_fps=45.4 pub_fps=30.2 frames=165883 result_subs=1 roi=ok intrinsic=ok inference_age_ms=119 target=red cube transport=True sorting_thread=alive
20:17:02 [v4][motion] base reached 817 after 1 extra wait(s)
20:17:03 [v4][place] 'red cube': at taught posture - releasing
20:17:04 [v4][transport] place OK in 2.72s
20:17:04 [v4][svc] enable_sorting -> False
20:17:06 [v4][heartbeat] enter=True sorting=False cam=LIVE ai=LIVE cam_fps=47.0 pub_fps=30.4 frames=166118 result_subs=1 roi=ok intrinsic=ok inference_age_ms=117 target=none transport=False sorting_thread=alive
20:17:11 [v4][heartbeat] enter=True sorting=False cam=LIVE ai=LIVE cam_fps=45.0 pub_fps=30.2 frames=166343 result_subs=1 roi=ok intrinsic=ok inference_age_ms=102 target=none transport=False sorting_thread=alive
20:17:16 [v4][heartbeat] enter=True sorting=False cam=LIVE ai=LIVE cam_fps=47.2 pub_fps=30.4 frames=166579 result_subs=1 roi=ok intrinsic=ok inference_age_ms=101 target=none transport=False sorting_thread=alive
20:17:21 [v4][heartbeat] enter=True sorting=False cam=LIVE ai=LIVE cam_fps=42.2 pub_fps=30.2 frames=166790 result_subs=1 roi=ok intrinsic=ok inference_age_ms=91 target=none transport=False sorting_thread=alive
20:17:26 [v4][heartbeat] enter=True sorting=False cam=LIVE ai=LIVE cam_fps=45.4 pub_fps=30.4 frames=167017 result_subs=1 roi=ok intrinsic=ok inference_age_ms=105 target=none transport=False sorting_thread=alive
20:17:31 [v4][heartbeat] enter=True sorting=False cam=LIVE ai=LIVE cam_fps=45.0 pub_fps=30.2 frames=167242 result_subs=1 roi=ok intrinsic=ok inference_age_ms=76 target=none transport=False sorting_thread=alive
20:17:36 [v4][heartbeat] enter=True sorting=False cam=LIVE ai=LIVE cam_fps=45.2 pub_fps=30.4 frames=167468 result_subs=1 roi=ok intrinsic=ok inference_age_ms=73 target=none transport=False sorting_thread=alive
20:17:41 [v4][heartbeat] enter=True sorting=False cam=LIVE ai=LIVE cam_fps=48.0 pub_fps=30.2 frames=167708 result_subs=1 roi=ok intrinsic=ok inference_age_ms=105 target=none transport=False sorting_thread=alive
20:17:46 [v4][heartbeat] enter=True sorting=False cam=LIVE ai=LIVE cam_fps=43.6 pub_fps=30.4 frames=167926 result_subs=1 roi=ok intrinsic=ok inference_age_ms=113 target=none transport=False sorting_thread=alive
20:17:51 [v4][heartbeat] enter=True sorting=False cam=LIVE ai=LIVE cam_fps=46.4 pub_fps=30.2 frames=168158 result_subs=1 roi=ok intrinsic=ok inference_age_ms=76 target=none transport=False sorting_thread=alive
20:17:56 [v4][heartbeat] enter=True sorting=False cam=LIVE ai=LIVE cam_fps=45.4 pub_fps=30.4 frames=168385 result_subs=1 roi=ok intrinsic=ok inference_age_ms=108 target=none transport=False sorting_thread=alive
20:18:01 [v4][heartbeat] enter=True sorting=False cam=LIVE ai=LIVE cam_fps=43.0 pub_fps=30.2 frames=168600 result_subs=1 roi=ok intrinsic=ok inference_age_ms=130 target=none transport=False sorting_thread=alive
20:18:06 [v4][heartbeat] enter=True sorting=False cam=LIVE ai=LIVE cam_fps=44.8 pub_fps=30.4 frames=168824 result_subs=1 roi=ok intrinsic=ok inference_age_ms=85 target=none transport=False sorting_thread=alive
20:18:11 [v4][heartbeat] enter=True sorting=False cam=LIVE ai=LIVE cam_fps=41.8 pub_fps=30.2 frames=169033 result_subs=1 roi=ok intrinsic=ok inference_age_ms=77 target=none transport=False sorting_thread=alive
20:18:16 [v4][heartbeat] enter=True sorting=False cam=LIVE ai=LIVE cam_fps=43.0 pub_fps=30.4 frames=169248 result_subs=1 roi=ok intrinsic=ok inference_age_ms=104 target=none transport=False sorting_thread=alive
20:18:21 [v4][heartbeat] enter=True sorting=False cam=LIVE ai=LIVE cam_fps=44.2 pub_fps=30.2 frames=169469 result_subs=1 roi=ok intrinsic=ok inference_age_ms=108 target=none transport=False sorting_thread=alive
20:18:26 [v4][heartbeat] enter=True sorting=False cam=LIVE ai=LIVE cam_fps=43.4 pub_fps=30.4 frames=169686 result_subs=1 roi=ok intrinsic=ok inference_age_ms=181 target=none transport=False sorting_thread=alive
20:18:31 [v4][heartbeat] enter=True sorting=False cam=LIVE ai=LIVE cam_fps=48.0 pub_fps=30.2 frames=169926 result_subs=1 roi=ok intrinsic=ok inference_age_ms=62 target=none transport=False sorting_thread=alive
20:18:36 [v4][heartbeat] enter=True sorting=False cam=LIVE ai=LIVE cam_fps=43.4 pub_fps=30.4 frames=170143 result_subs=1 roi=ok intrinsic=ok inference_age_ms=83 target=none transport=False sorting_thread=alive
20:18:41 [v4][heartbeat] enter=True sorting=False cam=LIVE ai=LIVE cam_fps=45.5 pub_fps=30.2 frames=170371 result_subs=1 roi=ok intrinsic=ok inference_age_ms=141 target=none transport=False sorting_thread=alive
20:18:44 [v4][enter] enter requested (camera subs were already alive)
20:18:44 [v4][svc] enable_sorting -> True
20:18:44 [v4][roi] reading transform.yaml from /home/ubuntu/ros2_ws/src/stepper/config/transform.yaml
20:18:44 [v4][roi]   loaded plane: [-0.0034594295448868296, -0.08463774716902761, -0.9964057828522352, 0.21475674481696266]
20:18:44 [v4][roi]   yaml loaded: extristric.shape=(4, 3) corners.shape=(5, 3) white_area_center.shape=(4, 4)
20:18:44 [v4][roi]   intrinsic ready after 0.00s (shape=(3, 3)) distortion.shape=(8,)
20:18:44 [v4][roi]   extrinsic plane shift done
20:18:44 [v4][roi]   projected 4 corners to image pixels
20:18:44 [v4][roi]   computed roi (y=79..403 x=164..572) on intrinsic shape=(3, 3)
20:18:44 [v4][sorting-loop] ROI built - detection branch is now live
20:18:44 [v4][sorting-loop] LOCKED on scaff pixel=(224, 228) world=(0.195,0.049,0.025)
20:18:44 [v4][sorting-loop] TRACK scaff e_dist=0.0008 (thresh=0.008) still=4/5 move=0/5
20:18:45 [v4][sorting-loop] FIRING TRANSPORT label=scaff pos=(0.195,0.049,0.025) yaw=418
20:18:45 [v4][transport] BEGIN pick scaff at (0.195,0.053,0.080) yaw_pulse=418
20:18:45 [v4][motion] base reached 563 after 1 extra wait(s)
20:18:46 [v4][pick] descend obj_top_z=0.080 grab_depth=0.015 -> z=0.065 (worldpos=legacy/table)
20:18:46 [v4][heartbeat] enter=True sorting=True cam=LIVE ai=LIVE cam_fps=42.4 pub_fps=30.4 frames=170583 result_subs=1 roi=ok intrinsic=ok inference_age_ms=82 target=scaff transport=True sorting_thread=alive
20:18:48 [v4][motion] base reached 500 after 1 extra wait(s)
20:18:48 [v4][pick] pick scaff complete (standard)
20:18:48 [v4][transport] pick OK in 3.42s
20:18:48 [v4][place] 'scaff': replaying taught posture [791, 426, 116, 216, 403] (base first, verified)
20:18:49 [v4][motion] base reached 791 after 1 extra wait(s)
20:18:50 [v4][place] 'scaff': at taught posture - releasing
20:18:51 [v4][transport] place OK in 2.71s
20:18:51 [v4][heartbeat] enter=True sorting=True cam=LIVE ai=LIVE cam_fps=46.2 pub_fps=30.2 frames=170814 result_subs=1 roi=ok intrinsic=ok inference_age_ms=57 target=scaff transport=True sorting_thread=alive
20:18:52 [v4][sorting-loop] LOCKED on scaff pixel=(599, 313) world=(0.164,-0.109,0.025)
20:18:52 [v4][sorting-loop] LOCKED on scaff pixel=(339, 229) world=(0.196,0.001,0.025)
20:18:52 [v4][sorting-loop] FIRING TRANSPORT label=scaff pos=(0.198,-0.007,0.025) yaw=346
20:18:52 [v4][transport] BEGIN pick scaff at (0.198,-0.008,0.080) yaw_pulse=346
20:18:54 [v4][pick] descend obj_top_z=0.080 grab_depth=0.015 -> z=0.065 (worldpos=legacy/table)
20:18:55 [v4][pick] pick scaff complete (standard)
20:18:55 [v4][transport] pick OK in 2.88s
20:18:55 [v4][place] 'scaff': replaying taught posture [791, 426, 116, 216, 403] (base first, verified)
20:18:56 [v4][heartbeat] enter=True sorting=True cam=LIVE ai=LIVE cam_fps=48.2 pub_fps=30.4 frames=171055 result_subs=1 roi=ok intrinsic=ok inference_age_ms=93 target=scaff transport=True sorting_thread=alive
20:18:56 [v4][motion] base reached 791 after 1 extra wait(s)
20:18:57 [v4][place] 'scaff': at taught posture - releasing
20:18:58 [v4][transport] place OK in 2.69s
20:18:59 [v4][sorting-loop] LOCKED on scaff pixel=(589, 286) world=(0.175,-0.105,0.025)
20:18:59 [v4][sorting-loop] LOCKED on scaff pixel=(516, 250) world=(0.189,-0.074,0.025)
20:18:59 [v4][sorting-loop] LOCKED on scaff pixel=(314, 209) world=(0.204,0.011,0.025)
20:19:00 [v4][sorting-loop] FIRING TRANSPORT label=scaff pos=(0.203,0.011,0.025) yaw=517
20:19:00 [v4][transport] BEGIN pick scaff at (0.203,0.012,0.080) yaw_pulse=517
20:19:00 [v4][motion] base reached 514 after 1 extra wait(s)
20:19:01 [v4][heartbeat] enter=True sorting=True cam=LIVE ai=LIVE cam_fps=44.2 pub_fps=30.2 frames=171276 result_subs=1 roi=ok intrinsic=ok inference_age_ms=136 target=scaff transport=True sorting_thread=alive
20:19:01 [v4][pick] descend obj_top_z=0.080 grab_depth=0.015 -> z=0.065 (worldpos=legacy/table)
20:19:03 [v4][pick] pick scaff complete (standard)
20:19:03 [v4][transport] pick OK in 3.14s
20:19:03 [v4][place] 'scaff': replaying taught posture [791, 426, 116, 216, 403] (base first, verified)
20:19:04 [v4][motion] base reached 791 after 1 extra wait(s)
20:19:05 [v4][place] 'scaff': at taught posture - releasing
20:19:06 [v4][transport] place OK in 2.70s
20:19:06 [v4][heartbeat] enter=True sorting=True cam=LIVE ai=LIVE cam_fps=46.4 pub_fps=30.4 frames=171508 result_subs=1 roi=ok intrinsic=ok inference_age_ms=58 target=scaff transport=True sorting_thread=alive
20:19:06 [v4][sorting-loop] LOCKED on scaff pixel=(135, 394) world=(0.125,0.083,0.025)
20:19:07 [v4][sorting-loop] LOCKED on scaff pixel=(394, 324) world=(0.157,-0.024,0.025)
20:19:07 [v4][sorting-loop] TRACK scaff e_dist=0.0000 (thresh=0.008) still=5/5 move=0/5
20:19:07 [v4][sorting-loop] FIRING TRANSPORT label=scaff pos=(0.157,-0.019,0.025) yaw=352
20:19:07 [v4][transport] BEGIN pick scaff at (0.157,-0.020,0.080) yaw_pulse=352
20:19:08 [v4][motion] base reached 469 after 1 extra wait(s)
20:19:08 [v4][pick] descend obj_top_z=0.080 grab_depth=0.015 -> z=0.065 (worldpos=legacy/table)
20:19:10 [v4][motion] base reached 500 after 1 extra wait(s)
20:19:11 [v4][pick] pick scaff complete (standard)
20:19:11 [v4][transport] pick OK in 3.46s
20:19:11 [v4][place] 'scaff': replaying taught posture [791, 426, 116, 216, 403] (base first, verified)
20:19:11 [v4][heartbeat] enter=True sorting=True cam=LIVE ai=LIVE cam_fps=42.3 pub_fps=30.3 frames=171720 result_subs=1 roi=ok intrinsic=ok inference_age_ms=64 target=scaff transport=True sorting_thread=alive
20:19:11 [v4][motion] base reached 791 after 1 extra wait(s)
20:19:12 [v4][place] 'scaff': at taught posture - releasing
20:19:13 [v4][transport] place OK in 2.76s
20:19:14 [v4][sorting-loop] LOCKED on scaff pixel=(160, 363) world=(0.138,0.073,0.025)
20:19:14 [v4][sorting-loop] LOCKED on scaff pixel=(374, 327) world=(0.155,-0.015,0.025)
20:19:15 [v4][sorting-loop] FIRING TRANSPORT label=scaff pos=(0.153,-0.022,0.025) yaw=674
20:19:15 [v4][transport] BEGIN pick scaff at (0.153,-0.024,0.080) yaw_pulse=674
20:19:15 [v4][motion] base reached 463 after 1 extra wait(s)
20:19:16 [v4][pick] descend obj_top_z=0.080 grab_depth=0.015 -> z=0.065 (worldpos=legacy/table)
20:19:16 [v4][heartbeat] enter=True sorting=True cam=LIVE ai=LIVE cam_fps=44.1 pub_fps=30.3 frames=171940 result_subs=1 roi=ok intrinsic=ok inference_age_ms=85 target=scaff transport=True sorting_thread=alive
20:19:18 [v4][motion] base reached 500 after 1 extra wait(s)
20:19:18 [v4][pick] pick scaff complete (standard)
20:19:18 [v4][transport] pick OK in 3.40s
20:19:18 [v4][place] 'scaff': replaying taught posture [791, 426, 116, 216, 403] (base first, verified)
20:19:19 [v4][motion] base reached 791 after 1 extra wait(s)
20:19:20 [v4][place] 'scaff': at taught posture - releasing
20:19:21 [v4][transport] place OK in 2.74s
20:19:21 [v4][heartbeat] enter=True sorting=True cam=LIVE ai=LIVE cam_fps=47.0 pub_fps=30.2 frames=172175 result_subs=1 roi=ok intrinsic=ok inference_age_ms=187 target=scaff transport=True sorting_thread=alive
20:19:22 [v4][sorting-loop] LOCKED on scaff pixel=(111, 366) world=(0.136,0.093,0.025)
20:19:22 [v4][sorting-loop] LOCKED on scaff pixel=(43, 435) world=(0.107,0.119,0.025)
20:19:22 [v4][sorting-loop] LOCKED on scaff pixel=(45, 448) world=(0.102,0.118,0.025)
20:19:22 [v4][sorting-loop] FIRING TRANSPORT label=scaff pos=(0.101,0.117,0.025) yaw=318
20:19:22 [v4][transport] BEGIN pick scaff at (0.101,0.126,0.080) yaw_pulse=318
20:19:22 [v4][svc] enable_sorting -> False
20:19:22 [v4][pick] hover IK failed
20:19:22 [v4][transport] pick FAIL in 0.13s
20:19:25 [v4][svc] enable_sorting -> False
20:19:26 [v4][heartbeat] enter=True sorting=False cam=LIVE ai=LIVE cam_fps=46.0 pub_fps=30.4 frames=172405 result_subs=1 roi=ok intrinsic=ok inference_age_ms=105 target=none transport=False sorting_thread=alive
20:19:31 [v4][heartbeat] enter=True sorting=False cam=LIVE ai=LIVE cam_fps=44.5 pub_fps=30.3 frames=172628 result_subs=1 roi=ok intrinsic=ok inference_age_ms=61 target=none transport=False sorting_thread=alive
20:19:36 [v4][heartbeat] enter=True sorting=False cam=LIVE ai=LIVE cam_fps=46.9 pub_fps=30.2 frames=172862 result_subs=1 roi=ok intrinsic=ok inference_age_ms=45 target=none transport=False sorting_thread=alive
20:19:41 [v4][heartbeat] enter=True sorting=False cam=LIVE ai=LIVE cam_fps=41.8 pub_fps=30.2 frames=173071 result_subs=1 roi=ok intrinsic=ok inference_age_ms=128 target=none transport=False sorting_thread=alive
20:19:46 [v4][heartbeat] enter=True sorting=False cam=LIVE ai=LIVE cam_fps=44.7 pub_fps=30.3 frames=173295 result_subs=1 roi=ok intrinsic=ok inference_age_ms=84 target=none transport=False sorting_thread=alive
20:19:51 [v4][heartbeat] enter=True sorting=False cam=LIVE ai=LIVE cam_fps=48.9 pub_fps=30.4 frames=173539 result_subs=1 roi=ok intrinsic=ok inference_age_ms=86 target=none transport=False sorting_thread=alive
20:19:56 [v4][heartbeat] enter=True sorting=False cam=LIVE ai=LIVE cam_fps=41.2 pub_fps=30.2 frames=173745 result_subs=1 roi=ok intrinsic=ok inference_age_ms=79 target=none transport=False sorting_thread=alive
20:20:01 [v4][heartbeat] enter=True sorting=False cam=LIVE ai=LIVE cam_fps=47.0 pub_fps=30.4 frames=173980 result_subs=1 roi=ok intrinsic=ok inference_age_ms=92 target=none transport=False sorting_thread=alive
20:20:06 [v4][heartbeat] enter=True sorting=False cam=LIVE ai=LIVE cam_fps=44.2 pub_fps=30.2 frames=174201 result_subs=1 roi=ok intrinsic=ok inference_age_ms=100 target=none transport=False sorting_thread=alive
20:20:11 [v4][heartbeat] enter=True sorting=False cam=LIVE ai=LIVE cam_fps=44.8 pub_fps=30.4 frames=174425 result_subs=1 roi=ok intrinsic=ok inference_age_ms=90 target=none transport=False sorting_thread=alive
20:20:16 [v4][heartbeat] enter=True sorting=False cam=LIVE ai=LIVE cam_fps=47.2 pub_fps=30.2 frames=174661 result_subs=1 roi=ok intrinsic=ok inference_age_ms=99 target=none transport=False sorting_thread=alive
20:20:21 [v4][heartbeat] enter=True sorting=False cam=LIVE ai=LIVE cam_fps=42.6 pub_fps=30.4 frames=174874 result_subs=1 roi=ok intrinsic=ok inference_age_ms=102 target=none transport=False sorting_thread=alive
20:20:26 [v4][heartbeat] enter=True sorting=False cam=LIVE ai=LIVE cam_fps=44.6 pub_fps=30.2 frames=175097 result_subs=1 roi=ok intrinsic=ok inference_age_ms=82 target=none transport=False sorting_thread=alive
20:20:31 [v4][heartbeat] enter=True sorting=False cam=LIVE ai=LIVE cam_fps=42.2 pub_fps=30.4 frames=175308 result_subs=1 roi=ok intrinsic=ok inference_age_ms=79 target=none transport=False sorting_thread=alive
20:20:36 [v4][heartbeat] enter=True sorting=False cam=LIVE ai=LIVE cam_fps=45.9 pub_fps=30.2 frames=175537 result_subs=1 roi=ok intrinsic=ok inference_age_ms=94 target=none transport=False sorting_thread=alive
20:20:41 [v4][enter] enter requested (camera subs were already alive)
20:20:41 [v4][svc] enable_sorting -> True
20:20:41 [v4][roi] reading transform.yaml from /home/ubuntu/ros2_ws/src/stepper/config/transform.yaml
20:20:41 [v4][roi]   loaded plane: [-0.0034594295448868296, -0.08463774716902761, -0.9964057828522352, 0.21475674481696266]
20:20:41 [v4][roi]   yaml loaded: extristric.shape=(4, 3) corners.shape=(5, 3) white_area_center.shape=(4, 4)
20:20:41 [v4][roi]   intrinsic ready after 0.00s (shape=(3, 3)) distortion.shape=(8,)
20:20:41 [v4][roi]   extrinsic plane shift done
20:20:41 [v4][roi]   projected 4 corners to image pixels
20:20:41 [v4][roi]   computed roi (y=79..403 x=164..572) on intrinsic shape=(3, 3)
20:20:41 [v4][sorting-loop] ROI built - detection branch is now live
20:20:41 [v4][sorting-loop] LOCKED on scaff pixel=(482, 313) world=(0.163,-0.060,0.025)
20:20:41 [v4][heartbeat] enter=True sorting=True cam=LIVE ai=LIVE cam_fps=44.2 pub_fps=30.4 frames=175758 result_subs=1 roi=ok intrinsic=ok inference_age_ms=83 target=scaff transport=False sorting_thread=alive
20:20:41 [v4][sorting-loop] FIRING TRANSPORT label=scaff pos=(0.163,-0.061,0.025) yaw=323
20:20:41 [v4][transport] BEGIN pick scaff at (0.163,-0.065,0.080) yaw_pulse=323
20:20:42 [v4][motion] base reached 409 after 1 extra wait(s)
20:20:43 [v4][pick] descend obj_top_z=0.080 grab_depth=0.015 -> z=0.065 (worldpos=legacy/table)
20:20:44 [v4][motion] base reached 500 after 1 extra wait(s)
20:20:45 [v4][pick] pick scaff complete (standard)
20:20:45 [v4][transport] pick OK in 3.42s
20:20:45 [v4][place] 'scaff': replaying taught posture [791, 426, 116, 216, 403] (base first, verified)
20:20:45 [v4][motion] base reached 791 after 1 extra wait(s)
20:20:46 [v4][heartbeat] enter=True sorting=True cam=LIVE ai=LIVE cam_fps=48.3 pub_fps=30.2 frames=175999 result_subs=1 roi=ok intrinsic=ok inference_age_ms=74 target=scaff transport=True sorting_thread=alive
20:20:46 [v4][place] 'scaff': at taught posture - releasing
20:20:47 [v4][transport] place OK in 2.71s
20:20:48 [v4][sorting-loop] LOCKED on scaff pixel=(580, 374) world=(0.139,-0.101,0.025)
20:20:48 [v4][sorting-loop] LOCKED on scaff pixel=(462, 303) world=(0.166,-0.052,0.025)
20:20:49 [v4][sorting-loop] FIRING TRANSPORT label=scaff pos=(0.165,-0.054,0.025) yaw=333
20:20:49 [v4][transport] BEGIN pick scaff at (0.165,-0.058,0.080) yaw_pulse=333
20:20:49 [v4][motion] base reached 419 after 1 extra wait(s)
20:20:50 [v4][pick] descend obj_top_z=0.080 grab_depth=0.015 -> z=0.065 (worldpos=legacy/table)
20:20:51 [v4][heartbeat] enter=True sorting=True cam=LIVE ai=LIVE cam_fps=48.6 pub_fps=30.4 frames=176242 result_subs=1 roi=ok intrinsic=ok inference_age_ms=150 target=scaff transport=True sorting_thread=alive
20:20:52 [v4][motion] base reached 500 after 1 extra wait(s)
20:20:52 [v4][pick] pick scaff complete (standard)
20:20:52 [v4][transport] pick OK in 3.43s
20:20:52 [v4][place] 'scaff': replaying taught posture [791, 426, 116, 216, 403] (base first, verified)
20:20:53 [v4][motion] base reached 791 after 1 extra wait(s)
20:20:54 [v4][place] 'scaff': at taught posture - releasing
20:20:55 [v4][transport] place OK in 2.72s
20:20:55 [v4][sorting-loop] LOCKED on scaff pixel=(47, 361) world=(0.137,0.120,0.025)
20:20:56 [v4][sorting-loop] LOCKED on scaff pixel=(83, 427) world=(0.111,0.103,0.025)
20:20:56 [v4][heartbeat] enter=True sorting=True cam=LIVE ai=LIVE cam_fps=46.0 pub_fps=30.2 frames=176472 result_subs=1 roi=ok intrinsic=ok inference_age_ms=137 target=none transport=False sorting_thread=alive
20:20:58 [v4][svc] enable_sorting -> False
20:21:01 [v4][heartbeat] enter=True sorting=False cam=LIVE ai=LIVE cam_fps=45.9 pub_fps=30.3 frames=176702 result_subs=1 roi=ok intrinsic=ok inference_age_ms=142 target=none transport=False sorting_thread=alive
20:21:06 [v4][heartbeat] enter=True sorting=False cam=LIVE ai=LIVE cam_fps=49.5 pub_fps=30.3 frames=176949 result_subs=1 roi=ok intrinsic=ok inference_age_ms=53 target=none transport=False sorting_thread=alive
20:21:11 [v4][heartbeat] enter=True sorting=False cam=LIVE ai=LIVE cam_fps=41.6 pub_fps=30.4 frames=177157 result_subs=1 roi=ok intrinsic=ok inference_age_ms=155 target=none transport=False sorting_thread=alive
20:21:16 [v4][heartbeat] enter=True sorting=False cam=LIVE ai=LIVE cam_fps=48.0 pub_fps=30.2 frames=177397 result_subs=1 roi=ok intrinsic=ok inference_age_ms=103 target=none transport=False sorting_thread=alive
20:21:21 [v4][heartbeat] enter=True sorting=False cam=LIVE ai=LIVE cam_fps=46.8 pub_fps=30.4 frames=177631 result_subs=1 roi=ok intrinsic=ok inference_age_ms=60 target=none transport=False sorting_thread=alive
20:21:26 [v4][heartbeat] enter=True sorting=False cam=LIVE ai=LIVE cam_fps=46.8 pub_fps=30.2 frames=177865 result_subs=1 roi=ok intrinsic=ok inference_age_ms=98 target=none transport=False sorting_thread=alive
20:21:31 [v4][heartbeat] enter=True sorting=False cam=LIVE ai=LIVE cam_fps=47.8 pub_fps=30.4 frames=178104 result_subs=1 roi=ok intrinsic=ok inference_age_ms=64 target=none transport=False sorting_thread=alive
20:21:36 [v4][heartbeat] enter=True sorting=False cam=LIVE ai=LIVE cam_fps=44.0 pub_fps=30.2 frames=178324 result_subs=1 roi=ok intrinsic=ok inference_age_ms=86 target=none transport=False sorting_thread=alive
20:21:41 [v4][heartbeat] enter=True sorting=False cam=LIVE ai=LIVE cam_fps=46.0 pub_fps=30.4 frames=178554 result_subs=1 roi=ok intrinsic=ok inference_age_ms=121 target=none transport=False sorting_thread=alive
20:21:46 [v4][heartbeat] enter=True sorting=False cam=LIVE ai=LIVE cam_fps=43.8 pub_fps=30.2 frames=178773 result_subs=1 roi=ok intrinsic=ok inference_age_ms=142 target=none transport=False sorting_thread=alive
20:21:51 [v4][heartbeat] enter=True sorting=False cam=LIVE ai=LIVE cam_fps=45.3 pub_fps=30.4 frames=179000 result_subs=1 roi=ok intrinsic=ok inference_age_ms=129 target=none transport=False sorting_thread=alive
20:21:56 [v4][heartbeat] enter=True sorting=False cam=LIVE ai=LIVE cam_fps=46.5 pub_fps=30.3 frames=179232 result_subs=1 roi=ok intrinsic=ok inference_age_ms=117 target=none transport=False sorting_thread=alive
20:22:01 [v4][heartbeat] enter=True sorting=False cam=LIVE ai=LIVE cam_fps=42.4 pub_fps=30.4 frames=179444 result_subs=1 roi=ok intrinsic=ok inference_age_ms=72 target=none transport=False sorting_thread=alive
20:22:03 [v4][enter] enter requested (camera subs were already alive)
20:22:03 [v4][roi] reading transform.yaml from /home/ubuntu/ros2_ws/src/stepper/config/transform.yaml
20:22:03 [v4][svc] enable_sorting -> True
20:22:03 [v4][roi]   loaded plane: [-0.0034594295448868296, -0.08463774716902761, -0.9964057828522352, 0.21475674481696266]
20:22:03 [v4][roi]   yaml loaded: extristric.shape=(4, 3) corners.shape=(5, 3) white_area_center.shape=(4, 4)
20:22:03 [v4][roi]   intrinsic ready after 0.00s (shape=(3, 3)) distortion.shape=(8,)
20:22:03 [v4][roi]   extrinsic plane shift done
20:22:03 [v4][roi]   projected 4 corners to image pixels
20:22:03 [v4][roi]   computed roi (y=79..403 x=164..572) on intrinsic shape=(3, 3)
20:22:03 [v4][sorting-loop] ROI built - detection branch is now live
20:22:03 [v4][sorting-loop] LOCKED on scaff pixel=(470, 287) world=(0.173,-0.055,0.025)
20:22:04 [v4][sorting-loop] FIRING TRANSPORT label=scaff pos=(0.173,-0.055,0.025) yaw=651
20:22:04 [v4][transport] BEGIN pick scaff at (0.173,-0.059,0.080) yaw_pulse=651
20:22:04 [v4][motion] base reached 421 after 1 extra wait(s)
20:22:05 [v4][pick] descend obj_top_z=0.080 grab_depth=0.015 -> z=0.065 (worldpos=legacy/table)
20:22:06 [v4][heartbeat] enter=True sorting=True cam=LIVE ai=LIVE cam_fps=44.7 pub_fps=30.4 frames=179668 result_subs=1 roi=ok intrinsic=ok inference_age_ms=107 target=scaff transport=True sorting_thread=alive
20:22:07 [v4][motion] base reached 500 after 1 extra wait(s)
20:22:07 [v4][pick] pick scaff complete (standard)
20:22:07 [v4][transport] pick OK in 3.39s
20:22:07 [v4][place] 'scaff': replaying taught posture [791, 426, 116, 216, 403] (base first, verified)
20:22:08 [v4][motion] base reached 791 after 1 extra wait(s)
20:22:09 [v4][place] 'scaff': at taught posture - releasing
20:22:10 [v4][transport] place OK in 2.71s
20:22:10 [v4][sorting-loop] LOCKED on scaff pixel=(608, 402) world=(0.128,-0.113,0.025)
20:22:11 [v4][sorting-loop] LOCKED on scaff pixel=(458, 335) world=(0.153,-0.050,0.025)
20:22:11 [v4][sorting-loop] TRACK scaff e_dist=0.0004 (thresh=0.008) still=3/5 move=0/5
20:22:11 [v4][sorting-loop] FIRING TRANSPORT label=scaff pos=(0.153,-0.045,0.025) yaw=482
20:22:11 [v4][heartbeat] enter=True sorting=True cam=LIVE ai=LIVE cam_fps=47.3 pub_fps=30.3 frames=179904 result_subs=1 roi=ok intrinsic=ok inference_age_ms=66 target=scaff transport=True sorting_thread=alive
20:22:11 [v4][transport] BEGIN pick scaff at (0.153,-0.049,0.080) yaw_pulse=482
20:22:12 [v4][motion] base reached 426 after 1 extra wait(s)
20:22:12 [v4][pick] descend obj_top_z=0.080 grab_depth=0.015 -> z=0.065 (worldpos=legacy/table)
20:22:14 [v4][motion] base reached 500 after 1 extra wait(s)
20:22:15 [v4][pick] pick scaff complete (standard)
20:22:15 [v4][transport] pick OK in 3.44s
20:22:15 [v4][place] 'scaff': replaying taught posture [791, 426, 116, 216, 403] (base first, verified)
20:22:15 [v4][motion] base reached 791 after 1 extra wait(s)
20:22:16 [v4][heartbeat] enter=True sorting=True cam=LIVE ai=LIVE cam_fps=47.0 pub_fps=30.4 frames=180139 result_subs=1 roi=ok intrinsic=ok inference_age_ms=111 target=scaff transport=True sorting_thread=alive
20:22:16 [v4][place] 'scaff': at taught posture - releasing
20:22:17 [v4][transport] place OK in 2.70s
20:22:18 [v4][sorting-loop] LOCKED on scaff pixel=(116, 335) world=(0.149,0.092,0.025)
20:22:18 [v4][sorting-loop] LOCKED on scaff pixel=(450, 300) world=(0.167,-0.047,0.025)
20:22:19 [v4][sorting-loop] FIRING TRANSPORT label=scaff pos=(0.168,-0.049,0.025) yaw=523
20:22:19 [v4][transport] BEGIN pick scaff at (0.168,-0.053,0.080) yaw_pulse=523
20:22:19 [v4][motion] base reached 427 after 1 extra wait(s)
20:22:20 [v4][pick] descend obj_top_z=0.080 grab_depth=0.015 -> z=0.065 (worldpos=legacy/table)
20:22:21 [v4][heartbeat] enter=True sorting=True cam=LIVE ai=LIVE cam_fps=45.4 pub_fps=30.2 frames=180366 result_subs=1 roi=ok intrinsic=ok inference_age_ms=125 target=scaff transport=True sorting_thread=alive
20:22:22 [v4][motion] base reached 500 after 1 extra wait(s)
20:22:22 [v4][pick] pick scaff complete (standard)
20:22:22 [v4][transport] pick OK in 3.43s
20:22:22 [v4][place] 'scaff': replaying taught posture [791, 426, 116, 216, 403] (base first, verified)
20:22:23 [v4][motion] base reached 791 after 1 extra wait(s)
20:22:24 [v4][place] 'scaff': at taught posture - releasing
20:22:25 [v4][transport] place OK in 2.73s
20:22:26 [v4][sorting-loop] LOCKED on scaff pixel=(155, 358) world=(0.140,0.075,0.025)
20:22:26 [v4][heartbeat] enter=True sorting=True cam=LIVE ai=LIVE cam_fps=45.8 pub_fps=30.4 frames=180595 result_subs=1 roi=ok intrinsic=ok inference_age_ms=75 target=none transport=False sorting_thread=alive
20:22:27 [v4][svc] enable_sorting -> False
20:22:31 [v4][heartbeat] enter=True sorting=False cam=LIVE ai=LIVE cam_fps=45.6 pub_fps=30.2 frames=180823 result_subs=1 roi=ok intrinsic=ok inference_age_ms=39 target=none transport=False sorting_thread=alive
20:22:36 [v4][heartbeat] enter=True sorting=False cam=LIVE ai=LIVE cam_fps=48.7 pub_fps=30.3 frames=181067 result_subs=1 roi=ok intrinsic=ok inference_age_ms=58 target=none transport=False sorting_thread=alive
20:22:41 [v4][heartbeat] enter=True sorting=False cam=LIVE ai=LIVE cam_fps=45.1 pub_fps=30.3 frames=181292 result_subs=1 roi=ok intrinsic=ok inference_age_ms=125 target=none transport=False sorting_thread=alive
20:22:46 [v4][heartbeat] enter=True sorting=False cam=LIVE ai=LIVE cam_fps=46.1 pub_fps=30.3 frames=181523 result_subs=1 roi=ok intrinsic=ok inference_age_ms=85 target=none transport=False sorting_thread=alive
20:22:51 [v4][heartbeat] enter=True sorting=False cam=LIVE ai=LIVE cam_fps=41.8 pub_fps=30.2 frames=181732 result_subs=1 roi=ok intrinsic=ok inference_age_ms=142 target=none transport=False sorting_thread=alive
20:22:56 [v4][heartbeat] enter=True sorting=False cam=LIVE ai=LIVE cam_fps=43.6 pub_fps=30.2 frames=181950 result_subs=1 roi=ok intrinsic=ok inference_age_ms=106 target=none transport=False sorting_thread=alive
20:23:01 [v4][heartbeat] enter=True sorting=False cam=LIVE ai=LIVE cam_fps=43.4 pub_fps=30.4 frames=182167 result_subs=1 roi=ok intrinsic=ok inference_age_ms=110 target=none transport=False sorting_thread=alive
20:23:01 [v4][enter] enter requested (camera subs were already alive)
20:23:01 [v4][svc] enable_sorting -> True
20:23:01 [v4][roi] reading transform.yaml from /home/ubuntu/ros2_ws/src/stepper/config/transform.yaml
20:23:01 [v4][roi]   loaded plane: [-0.0034594295448868296, -0.08463774716902761, -0.9964057828522352, 0.21475674481696266]
20:23:01 [v4][roi]   yaml loaded: extristric.shape=(4, 3) corners.shape=(5, 3) white_area_center.shape=(4, 4)
20:23:01 [v4][roi]   intrinsic ready after 0.00s (shape=(3, 3)) distortion.shape=(8,)
20:23:01 [v4][roi]   extrinsic plane shift done
20:23:01 [v4][roi]   projected 4 corners to image pixels
20:23:01 [v4][roi]   computed roi (y=79..403 x=164..572) on intrinsic shape=(3, 3)
20:23:01 [v4][sorting-loop] ROI built - detection branch is now live
20:23:02 [v4][sorting-loop] LOCKED on light blue cube pixel=(240, 214) world=(0.201,0.043,0.025)
20:23:02 [v4][sorting-loop] FIRING TRANSPORT label=light blue cube pos=(0.201,0.043,0.025) yaw=666
20:23:02 [v4][transport] BEGIN pick light blue cube at (0.201,0.046,0.080) yaw_pulse=666
20:23:03 [v4][motion] base reached 553 after 1 extra wait(s)
20:23:04 [v4][pick] descend obj_top_z=0.080 grab_depth=0.015 -> z=0.065 (worldpos=legacy/table)
20:23:06 [v4][motion] base reached 500 after 1 extra wait(s)
20:23:06 [v4][pick] pick light blue cube complete (standard)
20:23:06 [v4][transport] pick OK in 3.45s
20:23:06 [v4][place] 'light blue cube': replaying taught posture [958, 342, 236, 216, 572] (base first, verified)
20:23:06 [v4][heartbeat] enter=True sorting=True cam=LIVE ai=LIVE cam_fps=43.0 pub_fps=30.4 frames=182382 result_subs=1 roi=ok intrinsic=ok inference_age_ms=114 target=light blue cube transport=True sorting_thread=alive
20:23:07 [v4][motion] base reached 958 after 1 extra wait(s)
20:23:08 [v4][place] 'light blue cube': at taught posture - releasing
20:23:09 [v4][transport] place OK in 3.03s
20:23:10 [v4][sorting-loop] LOCKED on light blue cube pixel=(124, 195) world=(0.207,0.092,0.025)
20:23:10 [v4][sorting-loop] LOCKED on red cube pixel=(557, 221) world=(0.202,-0.092,0.025)
20:23:10 [v4][sorting-loop] LOCKED on red cube pixel=(405, 180) world=(0.218,-0.027,0.025)
20:23:10 [v4][sorting-loop] TRACK red cube e_dist=0.0004 (thresh=0.008) still=1/5 move=0/5
20:23:11 [v4][sorting-loop] FIRING TRANSPORT label=red cube pos=(0.217,-0.028,0.025) yaw=470
20:23:11 [v4][transport] BEGIN pick red cube at (0.217,-0.030,0.080) yaw_pulse=470
20:23:11 [v4][heartbeat] enter=True sorting=True cam=LIVE ai=LIVE cam_fps=46.4 pub_fps=30.2 frames=182614 result_subs=1 roi=ok intrinsic=ok inference_age_ms=80 target=red cube transport=True sorting_thread=alive
20:23:11 [v4][motion] base reached 467 after 1 extra wait(s)
20:23:12 [v4][pick] descend obj_top_z=0.080 grab_depth=0.015 -> z=0.065 (worldpos=legacy/table)
20:23:14 [v4][motion] base reached 500 after 1 extra wait(s)
20:23:14 [v4][pick] pick red cube complete (standard)
20:23:14 [v4][transport] pick OK in 3.41s
20:23:14 [v4][place] 'red cube': replaying taught posture [817, 373, 167, 289, 465] (base first, verified)
20:23:15 [v4][motion] base reached 817 after 1 extra wait(s)
20:23:16 [v4][place] 'red cube': at taught posture - releasing
20:23:16 [v4][heartbeat] enter=True sorting=True cam=LIVE ai=LIVE cam_fps=45.0 pub_fps=30.4 frames=182839 result_subs=1 roi=ok intrinsic=ok inference_age_ms=82 target=red cube transport=True sorting_thread=alive
20:23:17 [v4][transport] place OK in 2.75s
20:23:18 [v4][sorting-loop] LOCKED on green cube pixel=(568, 419) world=(0.120,-0.097,0.025)
20:23:18 [v4][sorting-loop] LOCKED on green cube pixel=(401, 349) world=(0.147,-0.027,0.025)
20:23:18 [v4][sorting-loop] FIRING TRANSPORT label=green cube pos=(0.146,-0.028,0.025) yaw=477
20:23:18 [v4][transport] BEGIN pick green cube at (0.146,-0.030,0.080) yaw_pulse=477
20:23:19 [v4][motion] base reached 452 after 1 extra wait(s)
20:23:20 [v4][pick] descend obj_top_z=0.080 grab_depth=0.015 -> z=0.065 (worldpos=legacy/table)
20:23:21 [v4][heartbeat] enter=True sorting=True cam=LIVE ai=LIVE cam_fps=43.8 pub_fps=30.2 frames=183058 result_subs=1 roi=ok intrinsic=ok inference_age_ms=81 target=green cube transport=True sorting_thread=alive
20:23:21 [v4][motion] base reached 500 after 1 extra wait(s)
20:23:22 [v4][pick] pick green cube complete (standard)
20:23:22 [v4][transport] pick OK in 3.44s
20:23:22 [v4][place] 'green cube': replaying taught posture [885, 347, 210, 229, 500] (base first, verified)
20:23:23 [v4][motion] base reached 885 after 1 extra wait(s)
20:23:24 [v4][place] 'green cube': at taught posture - releasing
20:23:25 [v4][transport] place OK in 2.90s
20:23:26 [v4][sorting-loop] LOCKED on red cube pixel=(211, 154) world=(0.226,0.056,0.025)
20:23:26 [v4][heartbeat] enter=True sorting=True cam=LIVE ai=LIVE cam_fps=46.8 pub_fps=30.4 frames=183292 result_subs=1 roi=ok intrinsic=ok inference_age_ms=81 target=none transport=False sorting_thread=alive
20:23:28 [v4][svc] enable_sorting -> False
20:23:31 [v4][heartbeat] enter=True sorting=False cam=LIVE ai=LIVE cam_fps=42.8 pub_fps=30.2 frames=183506 result_subs=1 roi=ok intrinsic=ok inference_age_ms=91 target=none transport=False sorting_thread=alive
20:23:36 [v4][heartbeat] enter=True sorting=False cam=LIVE ai=LIVE cam_fps=49.6 pub_fps=30.4 frames=183754 result_subs=1 roi=ok intrinsic=ok inference_age_ms=102 target=none transport=False sorting_thread=alive
20:23:41 [v4][heartbeat] enter=True sorting=False cam=LIVE ai=LIVE cam_fps=45.4 pub_fps=30.2 frames=183981 result_subs=1 roi=ok intrinsic=ok inference_age_ms=42 target=none transport=False sorting_thread=alive
20:23:46 [v4][heartbeat] enter=True sorting=False cam=LIVE ai=LIVE cam_fps=44.0 pub_fps=30.4 frames=184201 result_subs=1 roi=ok intrinsic=ok inference_age_ms=74 target=none transport=False sorting_thread=alive
20:23:51 [v4][heartbeat] enter=True sorting=False cam=LIVE ai=LIVE cam_fps=49.6 pub_fps=30.2 frames=184449 result_subs=1 roi=ok intrinsic=ok inference_age_ms=67 target=none transport=False sorting_thread=alive
20:23:56 [v4][heartbeat] enter=True sorting=False cam=LIVE ai=LIVE cam_fps=42.8 pub_fps=30.4 frames=184663 result_subs=1 roi=ok intrinsic=ok inference_age_ms=68 target=none transport=False sorting_thread=alive
20:24:01 [v4][heartbeat] enter=True sorting=False cam=LIVE ai=LIVE cam_fps=48.4 pub_fps=30.2 frames=184905 result_subs=1 roi=ok intrinsic=ok inference_age_ms=138 target=none transport=False sorting_thread=alive
20:24:06 [v4][heartbeat] enter=True sorting=False cam=LIVE ai=LIVE cam_fps=42.6 pub_fps=30.4 frames=185118 result_subs=1 roi=ok intrinsic=ok inference_age_ms=71 target=none transport=False sorting_thread=alive
20:24:11 [v4][heartbeat] enter=True sorting=False cam=LIVE ai=LIVE cam_fps=44.0 pub_fps=30.2 frames=185338 result_subs=1 roi=ok intrinsic=ok inference_age_ms=99 target=none transport=False sorting_thread=alive
20:24:16 [v4][heartbeat] enter=True sorting=False cam=LIVE ai=LIVE cam_fps=45.4 pub_fps=30.4 frames=185565 result_subs=1 roi=ok intrinsic=ok inference_age_ms=93 target=none transport=False sorting_thread=alive
20:24:21 [v4][heartbeat] enter=True sorting=False cam=LIVE ai=LIVE cam_fps=44.8 pub_fps=30.2 frames=185789 result_subs=1 roi=ok intrinsic=ok inference_age_ms=108 target=none transport=False sorting_thread=alive
20:24:26 [v4][heartbeat] enter=True sorting=False cam=LIVE ai=LIVE cam_fps=46.0 pub_fps=30.4 frames=186019 result_subs=1 roi=ok intrinsic=ok inference_age_ms=128 target=none transport=False sorting_thread=alive
20:24:31 [v4][heartbeat] enter=True sorting=False cam=LIVE ai=LIVE cam_fps=48.4 pub_fps=30.2 frames=186261 result_subs=1 roi=ok intrinsic=ok inference_age_ms=43 target=none transport=False sorting_thread=alive
20:24:36 [v4][heartbeat] enter=True sorting=False cam=LIVE ai=LIVE cam_fps=43.6 pub_fps=30.4 frames=186479 result_subs=1 roi=ok intrinsic=ok inference_age_ms=101 target=none transport=False sorting_thread=alive
20:24:41 [v4][heartbeat] enter=True sorting=False cam=LIVE ai=LIVE cam_fps=41.6 pub_fps=30.4 frames=186687 result_subs=1 roi=ok intrinsic=ok inference_age_ms=101 target=none transport=False sorting_thread=alive
20:24:42 [v4][motion] base reached 980 after 1 extra wait(s)
20:24:43 [v4][teach] goto -> [-0.076, 0.16, 0.005]
20:24:46 [v4][heartbeat] enter=True sorting=False cam=LIVE ai=LIVE cam_fps=42.4 pub_fps=30.2 frames=186899 result_subs=1 roi=ok intrinsic=ok inference_age_ms=71 target=none transport=False sorting_thread=alive
20:24:50 [v4][teach] joint_jog servo2 -10 -> 353 pulse; joints=[980, 353, 41, 386, 504]; world=[-0.072, 0.153, -0.003]
20:24:51 [v4][teach] joint_jog servo2 -10 -> 343 pulse; joints=[980, 343, 41, 386, 504]; world=[-0.069, 0.147, -0.01]
20:24:51 [v4][heartbeat] enter=True sorting=False cam=LIVE ai=LIVE cam_fps=46.0 pub_fps=30.4 frames=187129 result_subs=1 roi=ok intrinsic=ok inference_age_ms=130 target=none transport=False sorting_thread=alive
20:24:52 [v4][teach] busy - previous teach move still running
20:24:52 [v4][teach] joint_jog servo2 +10 -> 353 pulse; joints=[980, 353, 41, 386, 504]; world=[-0.072, 0.153, -0.003]
20:24:53 [v4][teach] busy - previous teach move still running
20:24:53 [v4][teach] joint_jog servo2 +10 -> 363 pulse; joints=[980, 363, 41, 386, 504]; world=[-0.075, 0.159, 0.004]
20:24:53 [v4][teach] busy - previous teach move still running
20:24:53 [v4][teach] joint_jog servo2 +10 -> 373 pulse; joints=[980, 373, 41, 386, 504]; world=[-0.078, 0.165, 0.012]
20:24:53 [v4][teach] busy - previous teach move still running
20:24:54 [v4][teach] joint_jog servo2 +10 -> 383 pulse; joints=[980, 383, 41, 386, 504]; world=[-0.08, 0.171, 0.02]
20:24:54 [v4][teach] busy - previous teach move still running
20:24:54 [v4][teach] joint_jog servo2 +10 -> 393 pulse; joints=[980, 393, 41, 386, 504]; world=[-0.083, 0.176, 0.028]
20:24:54 [v4][teach] busy - previous teach move still running
20:24:54 [v4][teach] joint_jog servo2 +10 -> 403 pulse; joints=[980, 403, 41, 386, 504]; world=[-0.085, 0.181, 0.036]
20:24:55 [v4][teach] busy - previous teach move still running
20:24:55 [v4][teach] joint_jog servo2 +10 -> 413 pulse; joints=[980, 413, 41, 386, 504]; world=[-0.087, 0.186, 0.044]
20:24:55 [v4][teach] joint_jog servo2 +10 -> 423 pulse; joints=[980, 423, 41, 386, 504]; world=[-0.089, 0.19, 0.053]
20:24:55 [v4][teach] joint_jog servo2 +10 -> 433 pulse; joints=[980, 433, 41, 386, 504]; world=[-0.091, 0.194, 0.062]
20:24:56 [v4][heartbeat] enter=True sorting=False cam=LIVE ai=LIVE cam_fps=44.0 pub_fps=30.2 frames=187349 result_subs=1 roi=ok intrinsic=ok inference_age_ms=81 target=none transport=False sorting_thread=alive
20:24:57 [v4][teach] joint_jog servo1 -10 -> 970 pulse; joints=[970, 433, 41, 386, 504]; world=[-0.083, 0.197, 0.062]
20:24:58 [v4][teach] busy - previous teach move still running
20:24:58 [v4][teach] joint_jog servo1 -10 -> 960 pulse; joints=[960, 433, 41, 386, 504]; world=[-0.075, 0.201, 0.062]
20:24:58 [v4][teach] busy - previous teach move still running
20:24:58 [v4][teach] joint_jog servo1 -10 -> 950 pulse; joints=[950, 433, 41, 386, 504]; world=[-0.066, 0.204, 0.062]
20:24:59 [v4][teach] busy - previous teach move still running
20:24:59 [v4][teach] joint_jog servo1 -10 -> 940 pulse; joints=[940, 433, 41, 386, 504]; world=[-0.058, 0.206, 0.062]
20:24:59 [v4][teach] busy - previous teach move still running
20:24:59 [v4][teach] joint_jog servo1 -10 -> 930 pulse; joints=[930, 433, 41, 386, 504]; world=[-0.049, 0.209, 0.062]
20:24:59 [v4][teach] busy - previous teach move still running
20:25:00 [v4][teach] joint_jog servo1 -10 -> 920 pulse; joints=[920, 433, 41, 386, 504]; world=[-0.04, 0.21, 0.062]
20:25:00 [v4][teach] busy - previous teach move still running
20:25:00 [v4][teach] joint_jog servo1 -10 -> 910 pulse; joints=[910, 433, 41, 386, 504]; world=[-0.031, 0.212, 0.062]
20:25:00 [v4][teach] busy - previous teach move still running
20:25:00 [v4][teach] joint_jog servo1 -10 -> 900 pulse; joints=[900, 433, 41, 386, 504]; world=[-0.022, 0.213, 0.062]
20:25:01 [v4][teach] busy - previous teach move still running
20:25:01 [v4][teach] joint_jog servo1 -10 -> 890 pulse; joints=[890, 433, 41, 386, 504]; world=[-0.013, 0.214, 0.062]
20:25:01 [v4][teach] busy - previous teach move still running
20:25:01 [v4][teach] joint_jog servo1 -10 -> 880 pulse; joints=[880, 433, 41, 386, 504]; world=[-0.004, 0.214, 0.062]
20:25:01 [v4][heartbeat] enter=True sorting=False cam=LIVE ai=LIVE cam_fps=40.5 pub_fps=30.4 frames=187552 result_subs=1 roi=ok intrinsic=ok inference_age_ms=151 target=none transport=False sorting_thread=alive
20:25:01 [v4][teach] busy - previous teach move still running
20:25:01 [v4][teach] joint_jog servo1 -10 -> 870 pulse; joints=[870, 433, 41, 386, 504]; world=[0.004, 0.214, 0.062]
20:25:02 [v4][teach] busy - previous teach move still running
20:25:02 [v4][teach] joint_jog servo1 -10 -> 860 pulse; joints=[860, 433, 41, 386, 504]; world=[0.013, 0.214, 0.062]
20:25:02 [v4][teach] busy - previous teach move still running
20:25:02 [v4][teach] joint_jog servo1 -10 -> 850 pulse; joints=[850, 433, 41, 386, 504]; world=[0.022, 0.213, 0.062]
20:25:02 [v4][teach] busy - previous teach move still running
20:25:02 [v4][teach] joint_jog servo1 -10 -> 840 pulse; joints=[840, 433, 41, 386, 504]; world=[0.031, 0.212, 0.062]
20:25:03 [v4][teach] busy - previous teach move still running
20:25:03 [v4][teach] joint_jog servo1 -10 -> 830 pulse; joints=[830, 433, 41, 386, 504]; world=[0.04, 0.21, 0.062]
20:25:03 [v4][teach] joint_jog servo1 -10 -> 820 pulse; joints=[820, 433, 41, 386, 504]; world=[0.049, 0.209, 0.062]
20:25:03 [v4][teach] busy - previous teach move still running
20:25:03 [v4][teach] joint_jog servo1 -10 -> 810 pulse; joints=[810, 433, 41, 386, 504]; world=[0.058, 0.206, 0.062]
20:25:04 [v4][teach] joint_jog servo1 -10 -> 800 pulse; joints=[800, 433, 41, 386, 504]; world=[0.066, 0.204, 0.062]
20:25:06 [v4][heartbeat] enter=True sorting=False cam=LIVE ai=LIVE cam_fps=47.1 pub_fps=30.2 frames=187787 result_subs=1 roi=ok intrinsic=ok inference_age_ms=99 target=none transport=False sorting_thread=alive
20:25:07 [v4][teach] joint_jog servo2 +10 -> 443 pulse; joints=[800, 443, 41, 386, 504]; world=[0.067, 0.208, 0.071]
20:25:07 [v4][teach] joint_jog servo2 +10 -> 453 pulse; joints=[800, 453, 41, 386, 504]; world=[0.069, 0.211, 0.08]
20:25:09 [v4][teach] busy - previous teach move still running
20:25:09 [v4][teach] joint_jog servo2 -10 -> 443 pulse; joints=[800, 443, 41, 386, 504]; world=[0.067, 0.208, 0.071]
20:25:10 [v4][teach] joint_jog servo2 -10 -> 433 pulse; joints=[800, 433, 41, 386, 504]; world=[0.066, 0.204, 0.062]
20:25:10 [v4][teach] busy - previous teach move still running
20:25:10 [v4][teach] joint_jog servo3 +10 -> 51 pulse; joints=[800, 433, 51, 386, 504]; world=[0.069, 0.213, 0.07]
20:25:11 [v4][teach] joint_jog servo3 +10 -> 61 pulse; joints=[800, 433, 61, 386, 504]; world=[0.072, 0.221, 0.078]
20:25:11 [v4][heartbeat] enter=True sorting=False cam=LIVE ai=LIVE cam_fps=40.4 pub_fps=30.2 frames=187989 result_subs=1 roi=ok intrinsic=ok inference_age_ms=71 target=none transport=False sorting_thread=alive
20:25:11 [v4][teach] joint_jog servo3 +10 -> 71 pulse; joints=[800, 433, 71, 386, 504]; world=[0.075, 0.229, 0.086]
20:25:11 [v4][teach] joint_jog servo3 +10 -> 81 pulse; joints=[800, 433, 81, 386, 504]; world=[0.077, 0.237, 0.095]
20:25:12 [v4][teach] joint_jog servo3 +10 -> 91 pulse; joints=[800, 433, 91, 386, 504]; world=[0.079, 0.245, 0.104]
20:25:13 [v4][teach] busy - previous teach move still running
20:25:13 [v4][teach] joint_jog servo4 -10 -> 376 pulse; joints=[800, 433, 91, 376, 504]; world=[0.078, 0.239, 0.1]
20:25:14 [v4][teach] busy - previous teach move still running
20:25:14 [v4][teach] joint_jog servo4 -10 -> 366 pulse; joints=[800, 433, 91, 366, 504]; world=[0.076, 0.234, 0.096]
20:25:14 [v4][teach] busy - previous teach move still running
20:25:14 [v4][teach] joint_jog servo4 -10 -> 356 pulse; joints=[800, 433, 91, 356, 504]; world=[0.074, 0.228, 0.092]
20:25:15 [v4][teach] busy - previous teach move still running
20:25:15 [v4][teach] joint_jog servo4 -10 -> 346 pulse; joints=[800, 433, 91, 346, 504]; world=[0.072, 0.223, 0.089]
20:25:15 [v4][teach] busy - previous teach move still running
20:25:15 [v4][teach] joint_jog servo4 -10 -> 336 pulse; joints=[800, 433, 91, 336, 504]; world=[0.07, 0.217, 0.085]
20:25:15 [v4][teach] busy - previous teach move still running
20:25:15 [v4][teach] joint_jog servo4 -10 -> 326 pulse; joints=[800, 433, 91, 326, 504]; world=[0.068, 0.211, 0.082]
20:25:16 [v4][teach] busy - previous teach move still running
20:25:16 [v4][teach] joint_jog servo4 -10 -> 316 pulse; joints=[800, 433, 91, 316, 504]; world=[0.066, 0.205, 0.08]
20:25:16 [v4][heartbeat] enter=True sorting=False cam=LIVE ai=LIVE cam_fps=38.8 pub_fps=30.4 frames=188183 result_subs=1 roi=ok intrinsic=ok inference_age_ms=108 target=none transport=False sorting_thread=alive
20:25:16 [v4][teach] busy - previous teach move still running
20:25:16 [v4][teach] joint_jog servo4 -10 -> 306 pulse; joints=[800, 433, 91, 306, 504]; world=[0.064, 0.198, 0.077]
20:25:17 [v4][teach] busy - previous teach move still running
20:25:17 [v4][teach] joint_jog servo4 -10 -> 296 pulse; joints=[800, 433, 91, 296, 504]; world=[0.062, 0.192, 0.075]
20:25:17 [v4][teach] busy - previous teach move still running
20:25:17 [v4][teach] joint_jog servo4 -10 -> 286 pulse; joints=[800, 433, 91, 286, 504]; world=[0.06, 0.186, 0.073]
20:25:18 [v4][teach] joint_jog servo4 -10 -> 276 pulse; joints=[800, 433, 91, 276, 504]; world=[0.058, 0.179, 0.072]
20:25:18 [v4][teach] busy - previous teach move still running
20:25:18 [v4][teach] joint_jog servo4 -10 -> 266 pulse; joints=[800, 433, 91, 266, 504]; world=[0.056, 0.173, 0.07]
20:25:18 [v4][teach] joint_jog servo4 -10 -> 256 pulse; joints=[800, 433, 91, 256, 504]; world=[0.054, 0.166, 0.069]
20:25:18 [v4][teach] joint_jog servo4 -10 -> 246 pulse; joints=[800, 433, 91, 246, 504]; world=[0.052, 0.16, 0.068]
20:25:20 [v4][teach] joint_jog servo1 -10 -> 790 pulse; joints=[790, 433, 91, 246, 504]; world=[0.058, 0.157, 0.068]
20:25:21 [v4][heartbeat] enter=True sorting=False cam=LIVE ai=LIVE cam_fps=43.9 pub_fps=30.4 frames=188403 result_subs=1 roi=ok intrinsic=ok inference_age_ms=122 target=none transport=False sorting_thread=alive
20:25:21 [v4][teach] joint_jog servo1 -10 -> 780 pulse; joints=[780, 433, 91, 246, 504]; world=[0.065, 0.155, 0.068]
20:25:23 [v4][teach] joint_jog servo5 -10 -> 494 pulse; joints=[780, 433, 91, 246, 494]; world=[0.065, 0.155, 0.068]
20:25:24 [v4][teach] joint_jog servo5 -10 -> 484 pulse; joints=[780, 433, 91, 246, 484]; world=[0.065, 0.155, 0.068]
20:25:24 [v4][teach] busy - previous teach move still running
20:25:24 [v4][teach] joint_jog servo5 -10 -> 474 pulse; joints=[780, 433, 91, 246, 474]; world=[0.065, 0.155, 0.068]
20:25:24 [v4][teach] busy - previous teach move still running
20:25:25 [v4][teach] joint_jog servo5 -10 -> 464 pulse; joints=[780, 433, 91, 246, 464]; world=[0.065, 0.155, 0.068]
20:25:25 [v4][teach] busy - previous teach move still running
20:25:25 [v4][teach] joint_jog servo5 -10 -> 454 pulse; joints=[780, 433, 91, 246, 454]; world=[0.065, 0.155, 0.068]
20:25:25 [v4][teach] busy - previous teach move still running
20:25:25 [v4][teach] joint_jog servo5 -10 -> 444 pulse; joints=[780, 433, 91, 246, 444]; world=[0.065, 0.155, 0.068]
20:25:26 [v4][teach] busy - previous teach move still running
20:25:26 [v4][teach] joint_jog servo5 -10 -> 434 pulse; joints=[780, 433, 91, 246, 434]; world=[0.065, 0.155, 0.068]
20:25:26 [v4][teach] joint_jog servo5 -10 -> 424 pulse; joints=[780, 433, 91, 246, 424]; world=[0.065, 0.155, 0.068]
20:25:26 [v4][heartbeat] enter=True sorting=False cam=LIVE ai=LIVE cam_fps=40.5 pub_fps=30.3 frames=188605 result_subs=1 roi=ok intrinsic=ok inference_age_ms=129 target=none transport=False sorting_thread=alive
20:25:26 [v4][teach] joint_jog servo5 -10 -> 414 pulse; joints=[780, 433, 91, 246, 414]; world=[0.065, 0.155, 0.068]
20:25:27 [v4][teach] joint_jog servo5 -10 -> 404 pulse; joints=[780, 433, 91, 246, 404]; world=[0.065, 0.155, 0.068]
20:25:30 [v4][teach] joint_jog servo1 +10 -> 790 pulse; joints=[790, 433, 91, 246, 404]; world=[0.058, 0.157, 0.068]
20:25:31 [v4][teach] joint_jog servo1 +10 -> 800 pulse; joints=[800, 433, 91, 246, 404]; world=[0.052, 0.16, 0.068]
20:25:31 [v4][heartbeat] enter=True sorting=False cam=LIVE ai=LIVE cam_fps=42.8 pub_fps=30.4 frames=188819 result_subs=1 roi=ok intrinsic=ok inference_age_ms=101 target=none transport=False sorting_thread=alive
20:25:33 [v4][teach] joint_jog servo2 -10 -> 423 pulse; joints=[800, 423, 91, 246, 404]; world=[0.051, 0.156, 0.062]
20:25:35 [v4][teach] joint_jog servo2 +10 -> 433 pulse; joints=[800, 433, 91, 246, 404]; world=[0.052, 0.16, 0.068]
20:25:35 [v4][teach] joint_jog servo2 +10 -> 443 pulse; joints=[800, 443, 91, 246, 404]; world=[0.053, 0.163, 0.076]
20:25:36 [v4][heartbeat] enter=True sorting=False cam=LIVE ai=LIVE cam_fps=46.6 pub_fps=30.2 frames=189052 result_subs=1 roi=ok intrinsic=ok inference_age_ms=77 target=none transport=False sorting_thread=alive
20:25:37 [v4][teach] joint_jog servo2 +10 -> 453 pulse; joints=[800, 453, 91, 246, 404]; world=[0.054, 0.167, 0.083]
20:25:41 [v4][heartbeat] enter=True sorting=False cam=LIVE ai=LIVE cam_fps=48.3 pub_fps=30.4 frames=189294 result_subs=1 roi=ok intrinsic=ok inference_age_ms=78 target=none transport=False sorting_thread=alive
20:25:41 [v4][teach] read[live] joints=[794, 447, 87, 248, 404]; world=[0.057, 0.161, 0.076]
20:25:46 [v4][heartbeat] enter=True sorting=False cam=LIVE ai=LIVE cam_fps=45.2 pub_fps=30.2 frames=189520 result_subs=1 roi=ok intrinsic=ok inference_age_ms=105 target=none transport=False sorting_thread=alive
20:25:51 [v4][heartbeat] enter=True sorting=False cam=LIVE ai=LIVE cam_fps=42.8 pub_fps=30.4 frames=189734 result_subs=1 roi=ok intrinsic=ok inference_age_ms=82 target=none transport=False sorting_thread=alive
20:25:52 [v4][svc] merged ['place_positions'] into /home/ubuntu/jetarm_v5_profiles/default.yaml
20:25:52 [v4][teach] SAVE scaff = [0.0569, 0.1611, 0.0763, 'taught', [794, 447, 87, 248, 404]] (src=tracked, persist=True)
20:25:56 [v4][heartbeat] enter=True sorting=False cam=LIVE ai=LIVE cam_fps=43.2 pub_fps=30.2 frames=189950 result_subs=1 roi=ok intrinsic=ok inference_age_ms=96 target=none transport=False sorting_thread=alive
20:25:57 [v4][teach] home -> joints=[500, 520, 210, 50, 500] world=[0.127, 0.0, 0.182]
20:26:01 [v4][heartbeat] enter=True sorting=False cam=LIVE ai=LIVE cam_fps=40.8 pub_fps=30.4 frames=190154 result_subs=1 roi=ok intrinsic=ok inference_age_ms=91 target=none transport=False sorting_thread=alive
20:26:02 [v4][motion] base reached 793 after 1 extra wait(s)
20:26:03 [v4][teach] goto -> [0.057, 0.161, 0.076]
20:26:06 [v4][heartbeat] enter=True sorting=False cam=LIVE ai=LIVE cam_fps=44.6 pub_fps=30.2 frames=190377 result_subs=1 roi=ok intrinsic=ok inference_age_ms=101 target=none transport=False sorting_thread=alive
20:26:07 [v4][teach] home -> joints=[500, 520, 210, 50, 500] world=[0.127, 0.0, 0.182]
20:26:11 [v4][heartbeat] enter=True sorting=False cam=LIVE ai=LIVE cam_fps=47.0 pub_fps=30.4 frames=190612 result_subs=1 roi=ok intrinsic=ok inference_age_ms=124 target=none transport=False sorting_thread=alive
20:26:16 [v4][heartbeat] enter=True sorting=False cam=LIVE ai=LIVE cam_fps=46.6 pub_fps=30.2 frames=190845 result_subs=1 roi=ok intrinsic=ok inference_age_ms=171 target=none transport=False sorting_thread=alive
20:26:17 [v4][enter] enter requested (camera subs were already alive)
20:26:17 [v4][roi] reading transform.yaml from /home/ubuntu/ros2_ws/src/stepper/config/transform.yaml
20:26:17 [v4][svc] enable_sorting -> True
20:26:17 [v4][roi]   loaded plane: [-0.0034594295448868296, -0.08463774716902761, -0.9964057828522352, 0.21475674481696266]
20:26:17 [v4][roi]   yaml loaded: extristric.shape=(4, 3) corners.shape=(5, 3) white_area_center.shape=(4, 4)
20:26:17 [v4][roi]   intrinsic ready after 0.00s (shape=(3, 3)) distortion.shape=(8,)
20:26:17 [v4][roi]   extrinsic plane shift done
20:26:17 [v4][roi]   projected 4 corners to image pixels
20:26:17 [v4][roi]   computed roi (y=79..403 x=164..572) on intrinsic shape=(3, 3)
20:26:17 [v4][sorting-loop] ROI built - detection branch is now live
20:26:17 [v4][sorting-loop] LOCKED on scaff pixel=(351, 265) world=(0.181,-0.005,0.025)
20:26:18 [v4][sorting-loop] FIRING TRANSPORT label=scaff pos=(0.181,-0.005,0.025) yaw=423
20:26:18 [v4][transport] BEGIN pick scaff at (0.181,-0.005,0.080) yaw_pulse=423
20:26:19 [v4][pick] descend obj_top_z=0.080 grab_depth=0.015 -> z=0.065 (worldpos=legacy/table)
20:26:21 [v4][pick] pick scaff complete (standard)
20:26:21 [v4][transport] pick OK in 2.92s
20:26:21 [v4][place] 'scaff': replaying taught posture [794, 447, 87, 248, 404] (base first, verified)
20:26:21 [v4][heartbeat] enter=True sorting=True cam=LIVE ai=LIVE cam_fps=49.9 pub_fps=30.4 frames=191095 result_subs=1 roi=ok intrinsic=ok inference_age_ms=90 target=scaff transport=True sorting_thread=alive
20:26:22 [v4][motion] base reached 794 after 1 extra wait(s)
20:26:22 [v4][place] 'scaff': at taught posture - releasing
20:26:23 [v4][transport] place OK in 2.73s
20:26:24 [v4][sorting-loop] LOCKED on scaff pixel=(89, 387) world=(0.127,0.102,0.025)
20:26:25 [v4][svc] enable_sorting -> False
20:26:26 [v4][heartbeat] enter=True sorting=False cam=LIVE ai=LIVE cam_fps=49.8 pub_fps=30.2 frames=191344 result_subs=1 roi=ok intrinsic=ok inference_age_ms=99 target=none transport=False sorting_thread=alive
20:26:27 [v4][svc] enable_sorting -> False
20:26:31 [v4][heartbeat] enter=True sorting=False cam=LIVE ai=LIVE cam_fps=47.2 pub_fps=30.4 frames=191580 result_subs=1 roi=ok intrinsic=ok inference_age_ms=63 target=none transport=False sorting_thread=alive
20:26:36 [v4][heartbeat] enter=True sorting=False cam=LIVE ai=LIVE cam_fps=52.0 pub_fps=30.2 frames=191840 result_subs=1 roi=ok intrinsic=ok inference_age_ms=126 target=none transport=False sorting_thread=alive
20:26:41 [v4][heartbeat] enter=True sorting=False cam=LIVE ai=LIVE cam_fps=44.4 pub_fps=30.4 frames=192062 result_subs=1 roi=ok intrinsic=ok inference_age_ms=71 target=none transport=False sorting_thread=alive
20:26:46 [v4][enter] enter requested (camera subs were already alive)
20:26:46 [v4][roi] reading transform.yaml from /home/ubuntu/ros2_ws/src/stepper/config/transform.yaml
20:26:46 [v4][svc] enable_sorting -> True
20:26:46 [v4][roi]   loaded plane: [-0.0034594295448868296, -0.08463774716902761, -0.9964057828522352, 0.21475674481696266]
20:26:46 [v4][roi]   yaml loaded: extristric.shape=(4, 3) corners.shape=(5, 3) white_area_center.shape=(4, 4)
20:26:46 [v4][roi]   intrinsic ready after 0.00s (shape=(3, 3)) distortion.shape=(8,)
20:26:46 [v4][roi]   extrinsic plane shift done
20:26:46 [v4][roi]   projected 4 corners to image pixels
20:26:46 [v4][roi]   computed roi (y=79..403 x=164..572) on intrinsic shape=(3, 3)
20:26:46 [v4][sorting-loop] ROI built - detection branch is now live
20:26:46 [v4][heartbeat] enter=True sorting=True cam=LIVE ai=LIVE cam_fps=46.2 pub_fps=30.2 frames=192293 result_subs=1 roi=ok intrinsic=ok inference_age_ms=182 target=none transport=False sorting_thread=alive
20:26:46 [v4][sorting-loop] LOCKED on scaff pixel=(355, 283) world=(0.173,-0.007,0.025)
20:26:46 [v4][sorting-loop] FIRING TRANSPORT label=scaff pos=(0.174,-0.007,0.025) yaw=532
20:26:46 [v4][transport] BEGIN pick scaff at (0.174,-0.007,0.080) yaw_pulse=532
20:26:48 [v4][pick] descend obj_top_z=0.080 grab_depth=0.015 -> z=0.065 (worldpos=legacy/table)
20:26:49 [v4][pick] pick scaff complete (standard)
20:26:49 [v4][transport] pick OK in 2.89s
20:26:49 [v4][place] 'scaff': replaying taught posture [794, 447, 87, 248, 404] (base first, verified)
20:26:50 [v4][motion] base reached 794 after 1 extra wait(s)
20:26:51 [v4][heartbeat] enter=True sorting=True cam=LIVE ai=LIVE cam_fps=49.8 pub_fps=30.4 frames=192542 result_subs=1 roi=ok intrinsic=ok inference_age_ms=107 target=scaff transport=True sorting_thread=alive
20:26:51 [v4][place] 'scaff': at taught posture - releasing
20:26:52 [v4][transport] place OK in 2.73s
20:26:53 [v4][sorting-loop] LOCKED on red cube pixel=(45, 227) world=(0.193,0.124,0.025)
20:26:55 [v4][svc] enable_sorting -> False
20:26:56 [v4][heartbeat] enter=True sorting=False cam=LIVE ai=LIVE cam_fps=45.8 pub_fps=30.2 frames=192771 result_subs=1 roi=ok intrinsic=ok inference_age_ms=90 target=none transport=False sorting_thread=alive
20:27:01 [v4][heartbeat] enter=True sorting=False cam=LIVE ai=LIVE cam_fps=49.0 pub_fps=30.4 frames=193016 result_subs=1 roi=ok intrinsic=ok inference_age_ms=77 target=none transport=False sorting_thread=alive
20:27:06 [v4][heartbeat] enter=True sorting=False cam=LIVE ai=LIVE cam_fps=44.8 pub_fps=30.2 frames=193240 result_subs=1 roi=ok intrinsic=ok inference_age_ms=71 target=none transport=False sorting_thread=alive
20:27:07 [v4][enter] enter requested (camera subs were already alive)
20:27:07 [v4][roi] reading transform.yaml from /home/ubuntu/ros2_ws/src/stepper/config/transform.yaml
20:27:07 [v4][roi]   loaded plane: [-0.0034594295448868296, -0.08463774716902761, -0.9964057828522352, 0.21475674481696266]
20:27:07 [v4][svc] enable_sorting -> True
20:27:07 [v4][roi]   yaml loaded: extristric.shape=(4, 3) corners.shape=(5, 3) white_area_center.shape=(4, 4)
20:27:07 [v4][roi]   intrinsic ready after 0.00s (shape=(3, 3)) distortion.shape=(8,)
20:27:07 [v4][roi]   extrinsic plane shift done
20:27:07 [v4][roi]   projected 4 corners to image pixels
20:27:07 [v4][roi]   computed roi (y=79..403 x=164..572) on intrinsic shape=(3, 3)
20:27:07 [v4][sorting-loop] ROI built - detection branch is now live
20:27:07 [v4][sorting-loop] LOCKED on scaff pixel=(384, 194) world=(0.211,-0.018,0.025)
20:27:07 [v4][sorting-loop] FIRING TRANSPORT label=scaff pos=(0.211,-0.018,0.025) yaw=359
20:27:07 [v4][transport] BEGIN pick scaff at (0.211,-0.020,0.080) yaw_pulse=359
20:27:08 [v4][motion] base reached 477 after 1 extra wait(s)
20:27:08 [v4][pick] descend obj_top_z=0.080 grab_depth=0.015 -> z=0.065 (worldpos=legacy/table)
20:27:10 [v4][motion] base reached 500 after 1 extra wait(s)
20:27:11 [v4][pick] pick scaff complete (standard)
20:27:11 [v4][transport] pick OK in 3.45s
20:27:11 [v4][place] 'scaff': replaying taught posture [794, 447, 87, 248, 404] (base first, verified)
20:27:11 [v4][heartbeat] enter=True sorting=True cam=LIVE ai=LIVE cam_fps=49.4 pub_fps=30.4 frames=193487 result_subs=1 roi=ok intrinsic=ok inference_age_ms=65 target=scaff transport=True sorting_thread=alive
20:27:11 [v4][motion] base reached 794 after 1 extra wait(s)
20:27:12 [v4][place] 'scaff': at taught posture - releasing
20:27:13 [v4][transport] place OK in 2.72s
20:27:14 [v4][sorting-loop] LOCKED on red cube pixel=(93, 197) world=(0.206,0.105,0.025)
20:27:14 [v4][sorting-loop] LOCKED on scaff pixel=(404, 217) world=(0.202,-0.027,0.025)
20:27:14 [v4][sorting-loop] TRACK scaff e_dist=0.0170 (thresh=0.008) still=0/5 move=1/5
20:27:15 [v4][sorting-loop] FIRING TRANSPORT label=scaff pos=(0.203,-0.026,0.025) yaw=391
20:27:15 [v4][transport] BEGIN pick scaff at (0.203,-0.028,0.080) yaw_pulse=391
20:27:15 [v4][motion] base reached 467 after 1 extra wait(s)
20:27:16 [v4][pick] descend obj_top_z=0.080 grab_depth=0.015 -> z=0.065 (worldpos=legacy/table)
20:27:16 [v4][heartbeat] enter=True sorting=True cam=LIVE ai=LIVE cam_fps=45.4 pub_fps=30.0 frames=193714 result_subs=1 roi=ok intrinsic=ok inference_age_ms=62 target=scaff transport=True sorting_thread=alive
20:27:18 [v4][motion] base reached 500 after 1 extra wait(s)
20:27:18 [v4][pick] pick scaff complete (standard)
20:27:18 [v4][transport] pick OK in 3.43s
20:27:18 [v4][place] 'scaff': replaying taught posture [794, 447, 87, 248, 404] (base first, verified)
20:27:19 [v4][motion] base reached 794 after 1 extra wait(s)
20:27:20 [v4][place] 'scaff': at taught posture - releasing
20:27:21 [v4][transport] place OK in 2.73s
20:27:21 [v4][heartbeat] enter=True sorting=True cam=LIVE ai=LIVE cam_fps=48.8 pub_fps=30.4 frames=193958 result_subs=1 roi=ok intrinsic=ok inference_age_ms=75 target=scaff transport=True sorting_thread=alive
20:27:22 [v4][sorting-loop] LOCKED on red cube pixel=(26, 242) world=(0.186,0.132,0.025)
20:27:24 [v4][svc] enable_sorting -> False
20:27:26 [v4][heartbeat] enter=True sorting=False cam=LIVE ai=LIVE cam_fps=49.2 pub_fps=30.2 frames=194204 result_subs=1 roi=ok intrinsic=ok inference_age_ms=69 target=none transport=False sorting_thread=alive
20:27:31 [v4][heartbeat] enter=True sorting=False cam=LIVE ai=LIVE cam_fps=50.5 pub_fps=30.4 frames=194456 result_subs=1 roi=ok intrinsic=ok inference_age_ms=69 target=none transport=False sorting_thread=alive
20:27:36 [v4][heartbeat] enter=True sorting=False cam=LIVE ai=LIVE cam_fps=46.1 pub_fps=30.4 frames=194687 result_subs=1 roi=ok intrinsic=ok inference_age_ms=74 target=none transport=False sorting_thread=alive
20:27:41 [v4][heartbeat] enter=True sorting=False cam=LIVE ai=LIVE cam_fps=49.1 pub_fps=30.2 frames=194932 result_subs=1 roi=ok intrinsic=ok inference_age_ms=57 target=none transport=False sorting_thread=alive
20:27:46 [v4][heartbeat] enter=True sorting=False cam=LIVE ai=LIVE cam_fps=45.0 pub_fps=30.4 frames=195157 result_subs=1 roi=ok intrinsic=ok inference_age_ms=116 target=none transport=False sorting_thread=alive
20:27:51 [v4][heartbeat] enter=True sorting=False cam=LIVE ai=LIVE cam_fps=51.6 pub_fps=30.2 frames=195415 result_subs=1 roi=ok intrinsic=ok inference_age_ms=114 target=none transport=False sorting_thread=alive
20:27:56 [v4][heartbeat] enter=True sorting=False cam=LIVE ai=LIVE cam_fps=48.6 pub_fps=30.4 frames=195658 result_subs=1 roi=ok intrinsic=ok inference_age_ms=134 target=none transport=False sorting_thread=alive
20:28:01 [v4][heartbeat] enter=True sorting=False cam=LIVE ai=LIVE cam_fps=47.4 pub_fps=30.2 frames=195895 result_subs=1 roi=ok intrinsic=ok inference_age_ms=70 target=none transport=False sorting_thread=alive
20:28:06 [v4][heartbeat] enter=True sorting=False cam=LIVE ai=LIVE cam_fps=49.4 pub_fps=30.4 frames=196142 result_subs=1 roi=ok intrinsic=ok inference_age_ms=87 target=none transport=False sorting_thread=alive
20:28:11 [v4][heartbeat] enter=True sorting=False cam=LIVE ai=LIVE cam_fps=45.4 pub_fps=30.2 frames=196369 result_subs=1 roi=ok intrinsic=ok inference_age_ms=109 target=none transport=False sorting_thread=alive
20:28:16 [v4][heartbeat] enter=True sorting=False cam=LIVE ai=LIVE cam_fps=50.8 pub_fps=30.4 frames=196623 result_subs=1 roi=ok intrinsic=ok inference_age_ms=91 target=none transport=False sorting_thread=alive
20:28:21 [v4][heartbeat] enter=True sorting=False cam=LIVE ai=LIVE cam_fps=46.4 pub_fps=30.2 frames=196855 result_subs=1 roi=ok intrinsic=ok inference_age_ms=51 target=none transport=False sorting_thread=alive
20:28:26 [v4][heartbeat] enter=True sorting=False cam=LIVE ai=LIVE cam_fps=49.5 pub_fps=30.4 frames=197103 result_subs=1 roi=ok intrinsic=ok inference_age_ms=57 target=none transport=False sorting_thread=alive
20:28:31 [v4][heartbeat] enter=True sorting=False cam=LIVE ai=LIVE cam_fps=52.7 pub_fps=30.2 frames=197366 result_subs=1 roi=ok intrinsic=ok inference_age_ms=101 target=none transport=False sorting_thread=alive
20:28:36 [v4][heartbeat] enter=True sorting=False cam=LIVE ai=LIVE cam_fps=45.3 pub_fps=30.4 frames=197593 result_subs=1 roi=ok intrinsic=ok inference_age_ms=108 target=none transport=False sorting_thread=alive
20:28:41 [v4][heartbeat] enter=True sorting=False cam=LIVE ai=LIVE cam_fps=50.5 pub_fps=30.2 frames=197845 result_subs=1 roi=ok intrinsic=ok inference_age_ms=84 target=none transport=False sorting_thread=alive
20:28:46 [v4][heartbeat] enter=True sorting=False cam=LIVE ai=LIVE cam_fps=46.0 pub_fps=30.4 frames=198075 result_subs=1 roi=ok intrinsic=ok inference_age_ms=126 target=none transport=False sorting_thread=alive
20:28:51 [v4][heartbeat] enter=True sorting=False cam=LIVE ai=LIVE cam_fps=45.4 pub_fps=30.2 frames=198302 result_subs=1 roi=ok intrinsic=ok inference_age_ms=86 target=none transport=False sorting_thread=alive
20:28:56 [v4][heartbeat] enter=True sorting=False cam=LIVE ai=LIVE cam_fps=50.0 pub_fps=30.4 frames=198552 result_subs=1 roi=ok intrinsic=ok inference_age_ms=58 target=none transport=False sorting_thread=alive
20:29:01 [v4][heartbeat] enter=True sorting=False cam=LIVE ai=LIVE cam_fps=48.8 pub_fps=30.2 frames=198796 result_subs=1 roi=ok intrinsic=ok inference_age_ms=116 target=none transport=False sorting_thread=alive
20:29:06 [v4][heartbeat] enter=True sorting=False cam=LIVE ai=LIVE cam_fps=50.4 pub_fps=30.4 frames=199048 result_subs=1 roi=ok intrinsic=ok inference_age_ms=106 target=none transport=False sorting_thread=alive
20:29:11 [v4][heartbeat] enter=True sorting=False cam=LIVE ai=LIVE cam_fps=49.2 pub_fps=30.2 frames=199294 result_subs=1 roi=ok intrinsic=ok inference_age_ms=83 target=none transport=False sorting_thread=alive
20:29:16 [v4][heartbeat] enter=True sorting=False cam=LIVE ai=LIVE cam_fps=46.6 pub_fps=30.4 frames=199527 result_subs=1 roi=ok intrinsic=ok inference_age_ms=110 target=none transport=False sorting_thread=alive
20:29:21 [v4][heartbeat] enter=True sorting=False cam=LIVE ai=LIVE cam_fps=52.6 pub_fps=30.2 frames=199790 result_subs=1 roi=ok intrinsic=ok inference_age_ms=124 target=none transport=False sorting_thread=alive
20:29:26 [v4][heartbeat] enter=True sorting=False cam=LIVE ai=LIVE cam_fps=47.4 pub_fps=30.4 frames=200027 result_subs=1 roi=ok intrinsic=ok inference_age_ms=53 target=none transport=False sorting_thread=alive
20:29:27 [v4][main] KeyboardInterrupt - shutting down
20:29:27 [v4][inference] worker thread stopped
